"simulator","regime_id","method","arm","fdr_05","tpr_05","fdr_10","tpr_10","pauc10","fpr05","ks_null","shadow","est_bias","est_rmse","ci_cover","runtime_s","n_pos","n_tested","n_rej_05","tp_05","fp_05","fdr_05_se","tpr_05_se","fdr_10_se","tpr_10_se","pauc10_se","fpr05_se","ks_null_se","shadow_se","est_bias_se","est_rmse_se","ci_cover_se","runtime_s_se","n_pos_se","n_tested_se","n_rej_05_se","tp_05_se","fp_05_se","n_cells"
"house","R00","adapt","single",0.040705488955489,0.178985580367079,0.0830781545595787,0.262269198357657,0.485061305857326,0.0484580896438783,0.0648977830840417,NA,0.0214755417568547,1.6581955191431,NA,0.35949,27.2,238.92,5.33,5.07,0.26,0.00965445027320717,0.0112713049802081,0.0101358957590364,0.0126479602270695,0.00951361661568788,0.00164911151531694,0.00287608132567463,NA,0.0253866861750938,0.0477692898156865,NA,0.0102335800483537,0.835451852580266,8.29022401032772,0.381134669590207,0.362442611270593,0.0579445921340012,100
"house","R00","fastancom","single",0.0101785714285714,0.0594210367545059,0.0230079365079365,0.0932458840868382,0.392123998835033,0.036593660184473,0.0973398538814447,NA,-0.0945784006292157,0.477916824507967,NA,0.0312200000000002,27.2,238.92,1.85,1.8,0.05,0.00478910506518789,0.00624849522497478,0.00638430748432088,0.00809502290510692,0.0121299540317604,0.00238655763667224,0.00506641350700079,NA,0.013713278026604,0.00804346444153244,NA,0.00039043617153165,0.835451852580266,8.29022401032772,0.211476292340825,0.203504647156131,0.021904291355759,100
"house","R00","ldm","single",0.0442680097680098,0.126337050968013,0.0855063963813964,0.185646212380155,0.407784923526388,0.0524515663612646,0.0675936012124975,NA,NA,NA,NA,13.06908,27.2,238.92,3.91,3.67,0.24,0.0108928336685627,0.0103931217937727,0.0138104387417545,0.0119450559192131,0.00989885412129606,0.00205638541713372,0.0026689962857299,NA,NA,NA,NA,1.15984096904304,0.835451852580266,8.29022401032772,0.344976942576009,0.32785036005144,0.0588097428882822,100
"house","R00","limma_logtss","single",0.0493322510822511,0.111851167469686,0.0918066748066748,0.162126594126216,0.411970746592831,0.0552810299116264,0.0894743114861651,NA,-0.0414465682167702,0.481173321818244,0.920166647502623,0.0355899999999985,27.2,238.92,3.56,3.22,0.34,0.0140163145084184,0.00948874519874702,0.0169066524576657,0.0116034504040698,0.0117496207168588,0.00433449107978413,0.00591975973387375,NA,0.0175113993066856,0.00887364751647742,0.0042446705783232,0.00030980443489221,0.835451852580266,8.29022401032772,0.335845082131508,0.29732137494637,0.111210056953842,100
"house","R00","linda","single",0.0425684856079593,0.179881019000191,0.0905183135428458,0.248851763829167,0.4705610185675,0.0507019353547102,0.0656336026861589,NA,-0.00128783698117754,0.441950113264935,0.913476790332356,0.164529999999999,27.2,238.92,5.45,5.11,0.34,0.00974314340284662,0.0117801351482609,0.0113454980031053,0.0128077809544313,0.00949515259641346,0.00170089752727445,0.00253323792557334,NA,0.00695110108597227,0.00717007867956523,0.00244849671273684,0.00405862232186188,0.835451852580266,8.29022401032772,0.407350393929285,0.374137391714311,0.0781348226148272,100
"house","R00","lm_logtss","single",0.0489897602397602,0.110836072538638,0.0876711482961483,0.169494582782577,0.415106680899707,0.0562058166586889,0.0889796018311778,NA,-0.0414465682167702,0.481173321818244,0.919616741789686,0.0364900000000002,27.2,238.92,3.55,3.21,0.34,0.0139820711926291,0.0100090724184548,0.016820083384595,0.0113757863798507,0.0117753550580641,0.00439307584024765,0.00595350945865727,NA,0.0175113993066856,0.00887364751647742,0.00438458175970985,0.000353480529659696,0.835451852580266,8.29022401032772,0.347101999388938,0.310195441812435,0.109378409037782,100
"house","R00","logistic_presence","single",0.0596745182921654,0.184831496023324,0.101136868663336,0.267995235681765,0.474251596252295,0.0566992860210728,0.115064618893647,NA,-0.00507252237593219,0.896061250563236,NA,0.260920000000002,27.07,237.29,5.57,5.19,0.38,0.0115580581256522,0.0109040440718906,0.0116697000718056,0.0118927507788673,0.0108590519152124,0.00189696219456567,0.00203291219385029,NA,0.0102490515595441,0.0531801076049944,NA,0.00777442946687122,0.840665320932285,8.31178176816597,0.389315638867316,0.36423297017933,0.0693111852736656,100
"house","R00","pursue","abundance",0.03,0.00586796667384903,0.0783333333333333,0.00827814813773893,0.127106994604919,0.0500410991112263,0.0602031627435698,0.048675342631225,-0.0239242191349517,0.898156726432192,0.948314336929032,9.60803,17.7,238.5,0.15,0.11,0.04,0.0156023826204315,0.00204443894021802,0.0251209196897846,0.00234156735706154,0.00821815977500701,0.00168398281746552,0.00236921402699728,0.00924921825003004,0.0091121994604665,0.0185202124736557,0.00176797316237841,0.329112176833985,0.588526665805073,8.29298717975835,0.0435194139889245,0.034509550720186,0.0196946385566932,100
"house","R00","pursue","combined",0.0225119047619048,0.0402408389235666,0.0674603174603175,0.0662934877364376,0.292193081940244,0.044713557724471,0.0892769197004048,NA,NA,NA,NA,9.60803,27.2,238.92,1.35,1.25,0.1,0.00787507055460143,0.00438989306431015,0.0163168351920204,0.00682515537016098,0.0124524665535982,0.00144048519987876,0.00403879603588267,NA,NA,NA,NA,0.329112176833985,0.835451852580266,8.29022401032772,0.179435140641318,0.1585126576216,0.0333333333333333,100
"house","R00","pursue","presence",0.0280238095238095,0.0771700010217351,0.0541717171717172,0.118001567624076,0.431496700225989,0.0398144352244306,0.113305934954881,0.0361974136974137,NA,NA,NA,9.60803,18.72,237.29,1.77,1.69,0.08,0.0125632167689814,0.00858559378457103,0.011941775780935,0.0115093330969922,0.0175611449000685,0.00133567145422971,0.00680208101431098,0.00658879723272178,NA,NA,NA,0.329112176833985,0.622812130176468,8.31178176816597,0.233486962411527,0.224145966150217,0.0272659924344291,100
"house","R00","pursue03_epermcs1","single",0.0456971223221223,0.176804909953955,0.0756396804949437,0.252130433680127,0.478197796871484,0.049566247260338,0.0640483496465829,NA,-0.0165546947495491,0.347364069832718,NA,21.67383,27.2,238.92,5.46,5.13,0.33,0.00969867122734156,0.0107485604357891,0.0107305767626061,0.0112934233430209,0.00930332792507854,0.00165455771456487,0.00242434777816937,NA,0.00300353142654441,0.00535701564185846,NA,0.963106567737544,0.835451852580266,8.29022401032772,0.394000461467196,0.367809513721217,0.0667499479816693,100
"house","R00","wilcoxon_tss","single",0.0386987734487735,0.158438081618443,0.0664139359092919,0.232473323588612,0.480552707859226,0.0499348002662666,0.0665264775195996,NA,-0.0600907851369952,1.70448470646171,NA,0.15091,27.2,238.92,4.7,4.51,0.19,0.0130718953711133,0.011022628097392,0.0139054917314091,0.0127085400152621,0.0103259845443901,0.00196222122720352,0.00290850931204863,NA,0.0281793590264267,0.062447899403495,NA,0.00442723652319642,0.835451852580266,8.29022401032772,0.362232137188463,0.348878433865095,0.0506423386569623,100
"house","R00","zicoseq","single",0.043536075036075,0.144495528378971,0.108104700854701,0.20797298267939,0.437304608846154,0.0513466177151123,0.0631368564303252,NA,NA,NA,NA,57.16367,27.2,238.92,4.48,4.23,0.25,0.0107048280154319,0.0103760574295108,0.0186368439073426,0.0113773765320291,0.00970010975304291,0.00168202006101878,0.00290557891465272,NA,NA,NA,NA,1.80655449842198,0.835451852580266,8.29022401032772,0.342739999227851,0.327480433527614,0.0575159178669767,100
"house","R01","adapt","single",0.0236666666666667,0.0146281573456171,0.0320238095238095,0.0251518188597607,0.251137695101117,0.0561816158801308,0.0658774921949905,NA,0.0677233633141368,2.52803105242193,NA,0.355549999999999,27.97,257.34,0.51,0.43,0.08,0.0121281503711557,0.00279111571826381,0.0133477287351839,0.00392083458044318,0.008250364872402,0.00165721686012564,0.00248047517780676,NA,0.0345179843983725,0.0754012987556103,NA,0.00954471004792661,0.718226632024666,7.87348471873551,0.0937382989330865,0.0755518418576331,0.0442216638714053,100
"house","R01","fastancom","single",0.005,0.00545569304797179,0.005,0.00804749198977073,0.207111856931784,0.0365556406684329,0.0921059233014267,NA,-0.134574346003198,0.709398411009421,NA,0.0297699999999998,27.97,257.34,0.18,0.17,0.01,0.005,0.00157617711520841,0.005,0.00195361103690047,0.00890595038157737,0.00312012522907892,0.00484806635126587,NA,0.0218857877305761,0.0140109201110201,NA,0.000285987567717491,0.718226632024666,7.87348471873551,0.0519906751545919,0.0493493012650994,0.01,100
"house","R01","ldm","single",0.005,0.00736546377346398,0.03,0.0130670461900107,0.233068437493796,0.0359903078607149,0.0633160322192841,NA,NA,NA,NA,8.2128,27.97,257.34,0.21,0.2,0.01,0.005,0.00174314126085441,0.0140904565294256,0.0026463326291169,0.00819822918609327,0.00131791941599724,0.0023181710425396,NA,NA,NA,NA,0.899703676582777,0.718226632024666,7.87348471873551,0.0498381217928443,0.0471404520791032,0.01,100
"house","R01","limma_logtss","single",0.015,0.00837830522920466,0.0253333333333333,0.0147656300413207,0.217175593335473,0.0469281951642955,0.0809671918166713,NA,-0.00641535962052312,0.698912868840062,0.940465832101019,0.0349400000000004,27.97,257.34,0.28,0.25,0.03,0.0111350751676807,0.00186294656264717,0.0134349661889532,0.00301153580476373,0.00863566957559466,0.00336090617757148,0.00434270508747469,NA,0.0220221728115168,0.0129976464797313,0.00323726336825716,0.000318715857747543,0.718226632024666,7.87348471873551,0.0604361253930565,0.0557320429022713,0.0222701503353614,100
"house","R01","linda","single",0.00333333333333333,0.0132914136947387,0.0333333333333333,0.0210310188321448,0.246168287658785,0.0535811647460786,0.0617976005986111,NA,0.00788065788936534,0.652756489727312,0.919520463575494,0.17378,27.97,257.34,0.38,0.37,0.00999999999999999,0.00333333333333333,0.00254859629029964,0.014213381090374,0.00343804001266223,0.00854289649015354,0.00184998355940813,0.00226641407490753,NA,0.0115688812248595,0.0124904892538781,0.00203234617037969,0.00405396875003534,0.718226632024666,7.87348471873551,0.0721670340812258,0.069128777501037,0.00999999999999999,100
"house","R01","lm_logtss","single",0.01,0.0110862218807627,0.0130769230769231,0.0183079364667928,0.229391215775313,0.0460173969251006,0.0805928346232857,NA,-0.00641535962052312,0.698912868840062,0.941496047833623,0.0356500000000006,27.97,257.34,0.38,0.34,0.04,0.01,0.00214469796262723,0.0104329216904806,0.00350270624687463,0.00895641363910098,0.00321785578746333,0.00436212401571,NA,0.0220221728115168,0.0129976464797313,0.00311172753900383,0.00037453675090398,0.718226632024666,7.87348471873551,0.0762505174680239,0.0669991708074726,0.04,100
"house","R01","logistic_presence","single",0.0308333333333333,0.0171305174991175,0.0971226708074534,0.0420759898767728,0.244978194120319,0.0593832473984521,0.190592523954229,NA,0.0592218975233128,3.7183696644725,NA,0.245179999999999,27.72,254.56,0.56,0.49,0.07,0.0153364346885523,0.00292579977028887,0.0228113199523454,0.00635246819590833,0.00830785949213949,0.00155239556758665,0.00327896167135007,NA,0.0300766415173572,0.0714839998655157,NA,0.00649083860980881,0.723777966958476,7.90700137264884,0.0902521719708426,0.0797660721273542,0.0355476632654857,100
"house","R01","pursue","abundance",0.03,0.00142857142857143,0.0966666666666667,0.00316468253968254,0.0827021169688263,0.0507866391909136,0.0888071077993694,0.0385937086968015,-0.0264392632013193,1.17793667238997,0.949539637894446,8.14643,9.48,131.11,0.04,0.01,0.03,0.0171446607997765,0.00142857142857143,0.0293188669562103,0.00189786085641136,0.00874019794974853,0.00241431928248638,0.00397415971784432,0.008565377648722,0.0159682917066153,0.0266656696585945,0.00241259082547908,0.252637532203309,0.436348484585429,5.64936565671159,0.0196946385566932,0.01,0.0171446607997765,100
"house","R01","pursue","combined",0,0.00293176223725423,0.01,0.00498206705526164,0.137938663327893,0.0270542419745167,0.105280638064322,NA,NA,NA,NA,8.14643,27.97,257.33,0.09,0.09,0,0,0.0010350867285485,0.01,0.00130116483926005,0.00741173512142334,0.00124734614701574,0.00339552309410858,NA,NA,NA,NA,0.252637532203309,0.718226632024666,7.87493216260664,0.0320825954263823,0.0320825954263823,0,100
"house","R01","pursue","presence",0,0.00671816170494775,0.01,0.00915899864578469,0.200412604977125,0.0240833718110578,0.112969462732596,0.0193158508158508,NA,NA,NA,8.14643,19.3,254.55,0.15,0.15,0,0,0.00188212820188332,0.01,0.00249004523345747,0.0109279489996012,0.00113619292066062,0.00375932834728471,0.00581299501432496,NA,NA,NA,0.252637532203309,0.508811250749125,7.90840717467203,0.0411329453348431,0.0411329453348431,0,100
"house","R01","pursue03_epermcs1","single",0.016,0.0129839014358425,0.025,0.020941712810395,0.249929679001054,0.0477146030786936,0.0614918336245815,NA,-0.0214965373911949,0.486289896712108,NA,8.21427,27.97,257.34,0.45,0.37,0.08,0.00918056797169044,0.00251157950325075,0.010154529930749,0.00352778070884718,0.00867564107333054,0.00172414500813826,0.00229603738226407,NA,0.00404698158683527,0.00913184727315589,NA,0.326540314418303,0.718226632024666,7.87348471873551,0.107661084384791,0.0705748402818461,0.050612411142092,100
"house","R01","wilcoxon_tss","single",0,0.00690703845551854,0.0133333333333333,0.0119760542176145,0.255661656564513,0.0562899570663345,0.0956957448386401,NA,0.0761375055975036,5.67159701866762,NA,0.13704,27.97,257.34,0.2,0.2,0,0,0.00169384528957075,0.00774161868943827,0.00239904508341326,0.00821992312936502,0.0016557725359671,0.00336636720052233,NA,0.0546710447497116,0.114990248159988,NA,0.00351214113519594,0.718226632024666,7.87348471873551,0.0492365963917331,0.0492365963917331,0,100
"house","R01","zicoseq","single",0.015,0.0196096467908302,0.0480128205128205,0.0321578448818996,0.239535209479045,0.0443017141338493,0.0665661611857682,NA,NA,NA,NA,34.99917,27.97,257.34,0.57,0.54,0.03,0.00857233039988826,0.00311296939343688,0.0157381609277713,0.00534518297130716,0.00816593031978795,0.00179840798631201,0.00241700626533906,NA,NA,NA,NA,0.978389067129114,0.718226632024666,7.87348471873551,0.0867540352160211,0.083387860948314,0.0171446607997765,100
"house","R02","adapt","single",0.0437947437715812,0.517435990431036,0.0850877644321177,0.57998849899301,0.655743296200415,0.0499398953685639,0.0667182692384731,NA,0.0596732747333866,1.24104934769219,NA,0.361929999999999,25.85,231.41,14.29,13.55,0.74,0.00501564892145738,0.0119684706963696,0.00778781458475425,0.0110923281580211,0.00842602530579267,0.00183854838318292,0.00248430089174914,NA,0.0195426038464986,0.0376241859542865,NA,0.0113138446965733,0.836343049812514,8.70630904411951,0.604410556833781,0.558926640892157,0.0871779788708135,100
"house","R02","fastancom","single",0.033483944976592,0.265465171681877,0.0597996154258538,0.329698278242921,0.544021970416997,0.0472852484772321,0.113480955921144,NA,-0.0998435372086847,0.379263642069274,NA,0.0326199999999996,25.85,231.41,8.42,7.77,0.65,0.00866060113220608,0.014406595712848,0.0106371721917136,0.0159549811203748,0.0142694469867063,0.00379074749722552,0.00720380715215245,NA,0.0114267380183885,0.00684313230563015,NA,0.000496814092417065,0.836343049812514,8.70630904411951,0.685223549749506,0.516173762928099,0.342709052914415,100
"house","R02","ldm","single",0.0532091853365073,0.402285029584081,0.10602718608401,0.476310340448461,0.606443623349661,0.0509272841156748,0.067439872019967,NA,NA,NA,NA,26.15122,25.85,231.41,11.49,10.79,0.7,0.00750071432148591,0.013123074984727,0.00969865965266889,0.0147226389459117,0.0105815358152187,0.00198147854484161,0.00278895653557155,NA,NA,NA,NA,1.61247232049409,0.836343049812514,8.70630904411951,0.533427075095035,0.495493835899238,0.098984745279158,100
"house","R02","limma_logtss","single",0.0573433161206728,0.382498641765556,0.104773583274077,0.45252567964842,0.596433820683838,0.0572731439784396,0.102039020445512,NA,-0.0266845333826459,0.369705654743938,0.905944720677645,0.0367899999999989,25.85,231.41,11.08,10.34,0.74,0.00958332007419824,0.0140272913489196,0.013309654967005,0.0139744527251899,0.0116517443239261,0.00393208271202962,0.00636941553077057,NA,0.0125080924629,0.00717762408118857,0.00382544500939754,0.000376398402727574,0.836343049812514,8.70630904411951,0.576944231676378,0.524205989275131,0.152169496140178,100
"house","R02","linda","single",0.0571971533222913,0.49973809376014,0.0994168219619914,0.568407902583349,0.650469765633285,0.0530931709584821,0.0666713698385808,NA,-0.00593555495397043,0.344747412824448,0.901697033185061,0.167670000000001,25.85,231.41,13.96,13.12,0.84,0.00650366174130922,0.0124463297359457,0.00865151116845749,0.011984623359011,0.00867689237395357,0.00191811884054372,0.00276971844289904,NA,0.00453532785173603,0.00607355329634903,0.00237657004498504,0.00499116502260022,0.836343049812514,8.70630904411951,0.576986248807657,0.542400202616094,0.0872937685072767,100
"house","R02","lm_logtss","single",0.0557626878289148,0.387459642549323,0.110502557215937,0.4527905605751,0.598649596739472,0.0582042305006294,0.101860583446985,NA,-0.0266845333826459,0.369705654743938,0.905159580171524,0.0368199999999999,25.85,231.41,11.1,10.36,0.74,0.0101031922134574,0.0141084090310132,0.0130037935507936,0.0141547545813141,0.011685353678336,0.00409350477368444,0.00637739743193066,NA,0.0125080924629,0.00717762408118857,0.00396456723582813,0.000432605449280909,0.836343049812514,8.70630904411951,0.577087777578336,0.525418544081427,0.153491354673792,100
"house","R02","logistic_presence","single",0.045168909397463,0.527556831486417,0.0984145739260813,0.580522821761202,0.648195876239741,0.0519062717245341,0.085322336182336,NA,-0.00600894062834404,0.563507068564207,NA,0.35237,25.75,230.4,14.31,13.59,0.72,0.00577629893889757,0.0126130927523353,0.00819272142644206,0.0118223439842711,0.00955287713291777,0.00173902666304404,0.00210342913200957,NA,0.00617464528241275,0.0318397239649959,NA,0.0131113310159609,0.84152038932908,8.74196889733773,0.572376756616786,0.538440509079863,0.0865500380757229,100
"house","R02","pursue","abundance",0.0616666666666667,0.0274154937801862,0.1065,0.0408322471745611,0.249225056750152,0.0455389151241266,0.0671227549708694,0.051273199023199,-0.0038367688184797,0.584697228244229,0.950099432572331,13.07288,17.34,231.39,0.58,0.5,0.08,0.0228024010786034,0.00513651255186508,0.0251269448158749,0.00612015071034638,0.0120031086410281,0.00157633723795022,0.00248761554245481,0.00743161187328142,0.00513751471535755,0.011107235720587,0.00169028773063216,0.494383016216407,0.647016462719692,8.70713042293615,0.0996762435856886,0.0926599081904281,0.0272659924344291,100
"house","R02","pursue","combined",0.0387180171610445,0.250513883809491,0.0648002300536693,0.310739651553116,0.494849742717465,0.0425312989067737,0.100512681982986,NA,NA,NA,NA,13.07288,25.85,231.41,7.84,7.43,0.41,0.00813782406811708,0.017873024462511,0.00954436791423649,0.0197862543588212,0.0170261554884336,0.00163801433264187,0.00585801606908015,NA,NA,NA,NA,0.494383016216407,0.836343049812514,8.70630904411951,0.675205916963877,0.635841127479136,0.0726065917924617,100
"house","R02","pursue","presence",0.0240711234414021,0.384829069532117,0.0568290510177199,0.450731139263589,0.641889987315866,0.0402789728652994,0.146129238284273,0.0363749787546579,NA,NA,NA,13.07288,17.86,230.4,8.02,7.73,0.29,0.00618852354299774,0.0261654185159939,0.00821488406278855,0.0276349620688909,0.022637889371447,0.00153119813402711,0.0105872602081868,0.00684070274491613,NA,NA,NA,0.494383016216407,0.555053914935161,8.74196889733773,0.670139439733902,0.637522825893594,0.0591095541679971,100
"house","R02","pursue03_epermcs1","single",0.0420552093437341,0.51516189218076,0.0921656711228898,0.576510020261323,0.660706745968594,0.0496071177768152,0.0631624315616465,NA,-0.0193338380489669,0.28554099993657,NA,38.8687,25.85,231.41,14.16,13.47,0.69,0.0051124841818658,0.0122702036307534,0.00759788347991963,0.0115344183296747,0.00866746427660151,0.00174616292516354,0.00229931862109642,NA,0.00282417195575138,0.00412810485699304,NA,1.90171654806701,0.836343049812514,8.70630904411951,0.591816242296935,0.548359352795208,0.0872648355017731,100
"house","R02","wilcoxon_tss","single",0.0429532704953522,0.513832589383285,0.0878199919641386,0.577692494789491,0.6562738294262,0.050023737896631,0.0659100879258508,NA,-0.0338237833491001,1.06257313149517,NA,0.18139,25.85,231.41,14.11,13.41,0.7,0.00573417555798783,0.0123535815055228,0.00818169451281348,0.0118840272664844,0.0094218955577252,0.00171820257936071,0.00283372233628552,NA,0.0207503865860248,0.0212464178264392,NA,0.00597964383588527,0.836343049812514,8.70630904411951,0.576981872165912,0.537501703074586,0.0881917103688197,100
"house","R02","zicoseq","single",0.0474866279429579,0.423572117972655,0.09019635654899,0.493563442576785,0.627915733144536,0.0507234522461516,0.0673530940855911,NA,NA,NA,NA,73.81449,25.85,231.41,12.13,11.51,0.62,0.00610979763708685,0.0149668642826448,0.00833535701603851,0.0146476181726107,0.0101978974593053,0.00171267835295738,0.00288285614054478,NA,NA,NA,NA,2.87136611172709,0.836343049812514,8.70630904411951,0.607138511146486,0.576386339290941,0.0735533888417183,100
"house","R03","adapt","single",0.0392386440632063,0.731814285764409,0.0794400496646111,0.752396911631923,0.762046861295274,0.0502784090894475,0.0692565422402781,NA,0.0842472478612738,0.989940802660417,NA,0.47245,26.17,230.28,19.88,19.07,0.81,0.00458131771955702,0.00930280323704119,0.00607934582365921,0.00880315287360925,0.00769821381343328,0.00199815229542554,0.00259588964820764,NA,0.0141105546506148,0.0286196437637559,NA,0.0145195818664226,0.871438494963959,8.29251920392559,0.693152657111409,0.674088235689475,0.096079722789531,100
"house","R03","fastancom","single",0.0342121302947861,0.53437026214687,0.0784661594031694,0.587678352452327,0.6983677339614,0.0506877093297249,0.115594959046058,NA,-0.0852006473323881,0.298353867384629,NA,0.0390299999999998,26.17,230.28,15.7,15.05,0.65,0.00804200938016607,0.0174898896361865,0.0120097570541604,0.0157396066368441,0.0115476296080524,0.00459756341295782,0.00766846745612328,NA,0.00879795230456886,0.00510804100169371,NA,0.000719350857764269,0.871438494963959,8.29251920392559,0.807602762639048,0.771771542058473,0.165373773157913,100
"house","R03","ldm","single",0.0528143097261845,0.668812285486636,0.0976033927342926,0.716193449225232,0.765742729672379,0.0518810846096457,0.0690046643196035,NA,NA,NA,NA,51.43141,26.17,230.28,18.73,17.69,1.04,0.00614471632195421,0.0101180197225585,0.00738068301839253,0.00952534358209786,0.00825804375277525,0.00193946708501909,0.00296955641329661,NA,NA,NA,NA,1.69450232967433,0.871438494963959,8.29251920392559,0.68811776652406,0.656081880822382,0.126267313044328,100
"house","R03","limma_logtss","single",0.0388194927135801,0.666141476920307,0.07381694114067,0.701864151739778,0.753282241252341,0.0523844133354801,0.085183551914774,NA,-0.00338762622665719,0.283591265773466,0.903950840996944,0.0415900000000006,26.17,230.28,18.29,17.49,0.8,0.00609591583334749,0.0105670166522949,0.0094511809060716,0.00973183518772476,0.00776277887653269,0.00328474133085693,0.0044390000167554,NA,0.00789033087041118,0.0049512250939892,0.00340104155061057,0.000723361261854385,0.871438494963959,8.29251920392559,0.698236595599474,0.665983741118613,0.139985569241832,100
"house","R03","linda","single",0.0437701162969541,0.728326949706625,0.0916140957166327,0.7510020604465,0.76872272139852,0.0531184680132189,0.067617909381376,NA,-6.12544849488211e-05,0.27156544461477,0.898462904152389,0.194839999999999,26.17,230.28,19.9,18.97,0.93,0.00451665324463248,0.00903609117189108,0.00683617577547737,0.00880010901253867,0.00758826392241524,0.001690325679709,0.00239521329258422,NA,0.00354030494623957,0.00445064404507819,0.00198691991496033,0.00596675503574319,0.871438494963959,8.29251920392559,0.705032415616975,0.668551124492814,0.104692913134586,100
"house","R03","lm_logtss","single",0.039268780945477,0.664724763326174,0.0762621630109987,0.702028581363617,0.753545554542739,0.0526103597995849,0.0856870887167594,NA,-0.00338762622665719,0.283591265773466,0.903783458952608,0.0401100000000015,26.17,230.28,18.3,17.51,0.79,0.00574659370337668,0.010313099642265,0.00929862221153802,0.00960934030608282,0.00779670696493547,0.00337412635843247,0.00442603312650765,NA,0.00789033087041118,0.0049512250939892,0.00348382097185638,0.000486773545756625,0.871438494963959,8.29251920392559,0.701729465267237,0.674274020369652,0.124960599851119,100
"house","R03","logistic_presence","single",0.0383299364884844,0.71479523852161,0.0930675568518374,0.732251207402577,0.737146972070919,0.0513572989741339,0.073050197546534,NA,0.00744251102317529,0.475037053604784,NA,0.514639999999998,26.15,229.91,19.43,18.65,0.78,0.00453814843408386,0.00978395100527884,0.00755305235982409,0.00956828761055236,0.00822712472212358,0.001803247084491,0.00196979046024421,NA,0.00569609951855273,0.0416513910335353,NA,0.0203279502064513,0.871127795655515,8.30734243809886,0.703275884484154,0.674405836513321,0.103064165558269,100
"house","R03","pursue","abundance",0.0913055555555556,0.12531538003921,0.129677461427461,0.165537740859173,0.406401100922581,0.0471279879751495,0.0671466847857865,0.0504102882411706,-0.00071047067397595,0.416672008072324,0.944352238005189,20.42082,16.5,230.28,2.61,2.36,0.25,0.0230440303228491,0.0117383048742008,0.0224994174649495,0.0138062205809018,0.0160950124747004,0.00183142584280221,0.00233019077560341,0.0128121292554033,0.00484333202817234,0.00742411100891216,0.00207546102100039,0.778772529823748,0.615375388431215,8.29251920392559,0.251016116831352,0.235496466764548,0.0479372485441102,100
"house","R03","pursue","combined",0.0388006419270196,0.547894740686579,0.0902316447383472,0.590566469188303,0.676037513980771,0.0439148717143665,0.0915849036489216,NA,NA,NA,NA,20.42082,26.17,230.28,16.25,15.56,0.69,0.00516194475427569,0.0223393404333719,0.0116511002180359,0.021907691831392,0.0179184707226102,0.00148490261273705,0.00471933007186111,NA,NA,NA,NA,0.778772529823748,0.871438494963959,8.29251920392559,0.943384729299106,0.903228776236797,0.0837203135988566,100
"house","R03","pursue","presence",0.0328263394247606,0.680041691136672,0.0732858049408588,0.710061955586289,0.771013650274461,0.0418752904363579,0.143885302893678,0.0410035110792687,NA,NA,NA,20.42082,19.2,229.91,14.65,14.14,0.51,0.00534403325817237,0.0283115841790987,0.00773288400078412,0.0276231684971043,0.021863999558564,0.00173122213327351,0.0105851278593763,0.00829111666525206,NA,NA,NA,0.778772529823748,0.663020331208598,8.30734243809886,0.870431798104547,0.844473417897422,0.0758720347464443,100
"house","R03","pursue03_epermcs1","single",0.0355516416864486,0.730980951510942,0.0745065667401663,0.758448927307888,0.78031299867065,0.0499124431216439,0.0683099067068049,NA,-0.0128990467136854,0.233981973181559,NA,76.08519,26.17,230.28,19.91,19.16,0.75,0.00412836508866827,0.00936267067500172,0.00640172055326814,0.00894017251095599,0.00718105137121212,0.00170850979011973,0.00263853789994058,NA,0.00233428741243886,0.00254977658102328,NA,3.5592428976091,0.871438494963959,8.29251920392559,0.722662725025592,0.692633679618176,0.0903137069140983,100
"house","R03","wilcoxon_tss","single",0.035677962104155,0.728680583886759,0.0893764610930982,0.750110410160139,0.75887646588277,0.0493486997669765,0.0675100064308979,NA,-0.0167489367315258,0.779150693915611,NA,0.260109999999995,26.17,230.28,19.75,19.01,0.74,0.00396126486916147,0.00950412201249731,0.00691045842244591,0.00933139138370521,0.00791839101914978,0.00168834960012019,0.00239631353135872,NA,0.0129224654854156,0.0134158465666692,NA,0.00884409173323353,0.871438494963959,8.29251920392559,0.703293119631646,0.677412635538989,0.0860115096831802,100
"house","R03","zicoseq","single",0.0398172863145575,0.685727772090289,0.0855920270073509,0.724521170555662,0.772597489242492,0.049731807379441,0.0702249766483526,NA,NA,NA,NA,129.30759,26.17,230.28,19.01,18.18,0.83,0.00516376490585575,0.012052682103765,0.00670254099111161,0.0105333634564541,0.00773276559478566,0.0018765600621326,0.00279118695960093,NA,NA,NA,NA,5.07509141779821,0.871438494963959,8.29251920392559,0.754848971448574,0.707446682147007,0.111965903900981,100
"house","R04","adapt","single",0.0638730158730159,0.235504424497072,0.119562132312132,0.304392433546845,0.482516061049319,0.0478357643218842,0.0878793577313511,NA,0.0640602096055323,2.15638276601965,NA,0.243810000000001,11.66,108.18,3.1,2.88,0.22,0.0170516968752045,0.0168978093291945,0.021471077618272,0.0185795991622633,0.0154022483724406,0.00227434659486885,0.00315651198161289,NA,0.029104022068025,0.0620570430821918,NA,0.00411910294735507,0.342073298306286,3.16522710500568,0.229844040227896,0.215218939499273,0.0462317395019237,100
"house","R04","fastancom","single",0.0225,0.0616312437562438,0.0392619047619048,0.0819192057942058,0.363546636973266,0.036383733494727,0.119848027464329,NA,-0.16740778498411,0.60968816348889,NA,0.031379999999999,11.66,108.18,0.84,0.81,0.03,0.014255514616095,0.00880651882562975,0.0164868501899325,0.0107241869845611,0.0171302099783959,0.00289103052124335,0.00441151457149388,NA,0.0217196821817577,0.0130855698198346,NA,0.000439416509347203,0.342073298306286,3.16522710500568,0.123680918887958,0.122015895636096,0.0171446607997765,100
"house","R04","ldm","single",0.0721785714285714,0.153653152403152,0.119174603174603,0.212579174910057,0.416240637785037,0.047549396147011,0.0970774346032957,NA,NA,NA,NA,8.22841,11.66,108.18,2.15,1.96,0.19,0.0196940763491595,0.013609838739082,0.0215816588792345,0.0157449435638213,0.0158205003755079,0.00213221495885402,0.00421592326528554,NA,NA,NA,NA,0.6297657855629,0.342073298306286,3.16522710500568,0.197650339148853,0.184730215517799,0.0419114024647906,100
"house","R04","limma_logtss","single",0.0468690476190476,0.152753746253746,0.112362914862915,0.207373584748585,0.418244295531059,0.0560198330305266,0.107740346452984,NA,-0.0131519561700536,0.576525934930476,0.926497619004871,0.0382500000000001,11.66,108.18,2.08,1.92,0.16,0.0142742925219589,0.0151772654795503,0.020002393215558,0.0174596494117131,0.0163585627090733,0.00356244112797693,0.00464677090534969,NA,0.0183136770358889,0.0122837098415249,0.00409458633311526,0.000538680580378432,0.342073298306286,3.16522710500568,0.219586388053044,0.199332218503014,0.0394917201397452,100
"house","R04","linda","single",0.0593293650793651,0.205254142915908,0.113835137085137,0.281997947314124,0.450693374889446,0.0563168523108086,0.0911013648643779,NA,-0.00168668924086983,0.545064458622146,0.915399972052158,0.115739999999999,11.66,108.18,2.75,2.55,0.2,0.016867290874441,0.0161854933840683,0.0194215870192226,0.0180489306868299,0.0156174891861113,0.00275580869210273,0.00349518951098065,NA,0.0107319485067019,0.0115686439540563,0.00310730295353657,0.00239328268706436,0.342073298306286,3.16522710500568,0.226691175145591,0.210038476513618,0.0449466574975495,100
"house","R04","lm_logtss","single",0.0520010822510823,0.167524905649906,0.108622294372294,0.227761145717028,0.42419861104446,0.0565529438415611,0.108318190838868,NA,-0.0131519561700536,0.576525934930476,0.92551520238621,0.0423599999999998,11.66,108.18,2.29,2.09,0.2,0.0127067380194785,0.0152359381153913,0.0185023343447046,0.0180911522124686,0.0163707052093961,0.00348097012980949,0.00463014821384904,NA,0.0183136770358889,0.0122837098415249,0.00407041342180868,0.000665532368358869,0.342073298306286,3.16522710500568,0.223061797842135,0.198527406957154,0.0471404520791032,100
"house","R04","logistic_presence","single",0.075547619047619,0.22601762779704,0.123941919191919,0.319806971623148,0.480025792846109,0.0565080135536231,0.128650664588379,NA,0.0203623981723839,0.798835785222591,NA,0.15697,11.6,107.41,3,2.74,0.26,0.0177141979508757,0.0165106982304433,0.018563197410601,0.0199424156738394,0.0150495569413379,0.00227307292317613,0.00298516739734592,NA,0.0107056775794716,0.0506192566921998,NA,0.00396585056539838,0.344069525508782,3.15633385977204,0.221564683762799,0.206275289236241,0.0504925236990087,100
"house","R04","pursue","abundance",0.085,0.00892857142857144,0.145,0.0147380952380953,0.162923916674771,0.0520746159952856,0.0913111975246346,0.0470197602850664,-0.0481640362283123,0.994207294833278,0.948021382269986,4.84554,7.61,107.97,0.14,0.0500000000000001,0.09,0.0275745087962331,0.00399835266360264,0.0343820712551395,0.00490112678585688,0.0130123121065907,0.00247391599772364,0.00318519082712244,0.014531840956463,0.0140124515502788,0.0201602791589774,0.00235246578062636,0.15612475807779,0.279933253227669,3.1645911858781,0.0376587548676509,0.0219042913557591,0.0287623491264661,100
"house","R04","pursue","combined",0.0583333333333333,0.0973254107004107,0.0967142857142857,0.15776805792247,0.379031316376692,0.0491796552762728,0.0960006737923921,NA,NA,NA,NA,4.84554,11.66,108.18,1.32,1.2,0.12,0.01821510701195,0.0108851167008124,0.0209532767966254,0.0141315958008795,0.0161530395605373,0.00229817211509156,0.00376522195161635,NA,NA,NA,NA,0.15612475807779,0.342073298306286,3.16522710500568,0.142757829837099,0.134839972492648,0.032659863237109,100
"house","R04","pursue","presence",0.0373333333333333,0.186698495948496,0.0664801587301587,0.270797702297702,0.511506468991917,0.0455833517173501,0.0993746920503799,0.0552207341269841,NA,NA,NA,4.84554,8.38,107.41,1.81,1.7,0.11,0.015293829950928,0.0180467131159157,0.0152039469168854,0.0219458033722438,0.0204622897474673,0.00215798420138951,0.00427758922990413,0.0148291429954213,NA,NA,NA,0.15612475807779,0.274425018737525,3.15633385977204,0.181294447702286,0.171446607997765,0.0373219679669935,100
"house","R04","pursue03_epermcs1","single",0.0613888888888889,0.216848802341449,0.0830338827838828,0.283236676721971,0.478599762659678,0.0473819195140434,0.0909125567484013,NA,-0.0187307907560432,0.419982622272945,NA,12.4726,11.66,108.17,2.88,2.67,0.21,0.0174106532184165,0.0159197577259647,0.0169729322060139,0.0181315205897014,0.0153358938194047,0.00212085847471022,0.00362402965788087,NA,0.00449570844401857,0.00910866076600065,NA,0.478967115338577,0.342073298306286,3.16473800916706,0.217552965802107,0.199015252448325,0.0498381217928443,100
"house","R04","wilcoxon_tss","single",0.0497857142857143,0.201475788100788,0.0823899711399712,0.279589196750961,0.489602331897466,0.0470760060937124,0.090818944572969,NA,-0.00495716803445292,1.66703103555251,NA,0.0981300000000006,11.66,108.18,2.63,2.47,0.16,0.0160483853116192,0.016346491842837,0.0174472240148089,0.0192805928790284,0.0148542059171211,0.00221626202489173,0.00305243817974267,NA,0.0269755609588772,0.068997928684034,NA,0.00224574367336626,0.342073298306286,3.16522710500568,0.214925404019463,0.202736331726753,0.0394917201397452,100
"house","R04","zicoseq","single",0.0320952380952381,0.166502283664048,0.0645952380952381,0.229151448224978,0.436304850893656,0.0458335797166274,0.0926092192371211,NA,NA,NA,NA,32.14104,11.66,108.18,2.25,2.13,0.12,0.00989653523009225,0.0143101689736108,0.0120953881439434,0.0169938339761972,0.0159961576827904,0.00211098365403678,0.00352519375522674,NA,NA,NA,NA,0.886937169254993,0.342073298306286,3.16522710500568,0.204185991664265,0.191567167849764,0.0356186309210063,100
"house","R05","adapt","single",0.0580719682364419,0.154959841917766,0.118244629500508,0.22381466499474,0.471424033493706,0.050589661149458,0.0519858371944594,NA,-0.0193481524030996,1.35257257486624,NA,0.512919999999999,44.71,402.33,8.09,7.54,0.55,0.00953971029846814,0.00857377302794008,0.0121630538539888,0.0103089311246688,0.00831128277388173,0.00156621275009115,0.00229326352438371,NA,0.0205938785369831,0.0396734663722943,NA,0.0190349157119651,1.65872623638524,16.9728485195823,0.579462481681746,0.546137955709605,0.0868936421753919,100
"house","R05","fastancom","single",0.0320833333333333,0.0542562969975091,0.050001353145316,0.0858069047808736,0.38585481332513,0.0414827827729307,0.0841837047930035,NA,-0.0890298438529855,0.429140131701352,NA,0.0381299999999993,44.71,402.33,3.05,2.94,0.11,0.0151987485106935,0.0054385373267877,0.0163072367404966,0.00736205196472511,0.0102121882912667,0.00232734071848922,0.00423837959465034,NA,0.0115199500220569,0.00681598569895151,NA,0.00090739442717296,1.65872623638524,16.9728485195823,0.351152503633508,0.334186786215147,0.0490207130000197,100
"house","R05","ldm","single",0.0518594687476267,0.121067650756221,0.113462722698549,0.186131282516744,0.424634518735679,0.0500697757205222,0.0511045694697885,NA,NA,NA,NA,20.71866,44.71,402.33,6.01,5.6,0.41,0.0104597368931255,0.00774948324307592,0.0118789723809034,0.00935742851246674,0.00840102609227529,0.00146294365377322,0.00203313069561969,NA,NA,NA,NA,2.07173454786373,1.65872623638524,16.9728485195823,0.421276319502696,0.392093577781343,0.0739847104051734,100
"house","R05","limma_logtss","single",0.0330325091575092,0.07426378250388,0.0896412071592278,0.120015072789011,0.400264965676813,0.0486582743532704,0.0806405732624122,NA,-0.0323162235497606,0.428623826681072,0.920560694068291,0.0380300000000015,44.71,402.33,3.97,3.71,0.26,0.0100131791723778,0.00637339179628992,0.0164876614116977,0.00899189326680979,0.0110529908888425,0.00315330101941379,0.00460938753849584,NA,0.0139281700355409,0.00653458863986965,0.00327453390534942,0.000616843545476865,1.65872623638524,16.9728485195823,0.40238054253418,0.364399325859514,0.0883290450645777,100
"house","R05","linda","single",0.0599000664368311,0.137290476242838,0.112058743832408,0.211147901811383,0.460299834199176,0.0529441422025089,0.051919037027984,NA,-0.0136549987103585,0.397844446825085,0.904136646292685,0.248900000000001,44.71,402.33,6.95,6.55,0.4,0.0120250959999344,0.00725672969484475,0.011196680661436,0.0092307996709242,0.00813282846184936,0.00138215244249964,0.0019393563410234,NA,0.00543154441548785,0.00562704029062304,0.00212570872973506,0.00926623609202413,1.65872623638524,16.9728485195823,0.469552763786774,0.452685588929273,0.0666666666666667,100
"house","R05","lm_logtss","single",0.0473189865689866,0.0810868809131293,0.0906080200329426,0.128689324434663,0.401765971287038,0.048763335540953,0.0801674218828384,NA,-0.0323162235497606,0.428623826681072,0.919942519877639,0.0372300000000004,44.71,402.33,4.31,4,0.31,0.0145905760277026,0.00653156011562415,0.0168101434370182,0.00915723472038724,0.0109928713165582,0.00309263267531576,0.00451219619288914,NA,0.0139281700355409,0.00653458863986965,0.00323671937982259,0.000401475812824206,1.65872623638524,16.9728485195823,0.405192309997127,0.365977313421739,0.100196776092816,100
"house","R05","logistic_presence","single",0.0420048829739232,0.167351288227077,0.119047678588219,0.238442082172754,0.472235350699613,0.0566471365787119,0.110141845571909,NA,0.0183769478419334,0.963074015851835,NA,0.446919999999999,44.45,399.77,8.09,7.67,0.42,0.00696827990745685,0.00837436069173978,0.0101801940281947,0.0102872368851029,0.00787665376797627,0.00146260235802775,0.0015288499013536,NA,0.00952586018030757,0.0456119247703799,NA,0.0203942737061167,1.66995886963201,17.0757897905103,0.524181902269304,0.490527442369101,0.0698916911002194,100
"house","R05","pursue","abundance",0.045,0.00279668174962293,0.12,0.00437622692348859,0.131568811192152,0.0503453013756181,0.0466696587682126,0.0454350674484762,-0.00892785400974239,0.813210439437097,0.945804848461038,17.27059,28.93,401.67,0.12,0.07,0.05,0.0202197523189179,0.00111634880625505,0.0318772899751785,0.00128255265453554,0.00656231262737367,0.00121820101793282,0.0016364351461068,0.00529917224036097,0.00579824713141155,0.0155646874167167,0.00128367105371227,0.711128144285507,1.12207014671161,16.9674260412311,0.0356186309210063,0.0256432399976243,0.021904291355759,100
"house","R05","pursue","combined",0.0322063492063492,0.0224047987709998,0.053989898989899,0.0383761842920408,0.237424726473872,0.0435039158236926,0.0985921638167359,NA,NA,NA,NA,17.27059,44.71,402.33,1.32,1.24,0.08,0.0150983534025473,0.00362750984998517,0.0152856651796072,0.0048585266115547,0.0110760450893018,0.00117723444123377,0.0046439648276406,NA,NA,NA,NA,0.711128144285507,1.65872623638524,16.9728485195823,0.229130988958303,0.217013708080733,0.0272659924344291,100
"house","R05","pursue","presence",0.00507575757575758,0.0445349592186731,0.0328498527616175,0.0694362713348947,0.337909753979999,0.0363155150859907,0.155255607128954,0.0385310567959882,NA,NA,NA,17.27059,31.46,399.76,1.74,1.7,0.04,0.00311344281636887,0.00643445075600775,0.0086875484449882,0.00813011816401043,0.0159411547382376,0.00107056062938526,0.00922917112746747,0.00601943172262804,NA,NA,NA,0.711128144285507,1.10164431738207,17.0752589639768,0.27947280816754,0.270987718235243,0.0242878362539562,100
"house","R05","pursue03_epermcs1","single",0.0630745653125684,0.157351462339318,0.103925445773635,0.21659326526114,0.474415524208025,0.0507046802519578,0.0486382826870938,NA,-0.0271458012493584,0.322767175398209,NA,28.12285,44.71,402.33,7.93,7.42,0.51,0.0104764440447316,0.00805430756425554,0.010655156883834,0.00935391812186821,0.00772933388382043,0.00137872317213188,0.00176244023519603,NA,0.00237580893230996,0.0038379524559847,NA,1.20874686653099,1.65872623638524,16.9728485195823,0.524982924205227,0.499935349355647,0.0717670192393766,100
"house","R05","wilcoxon_tss","single",0.0245417401226225,0.13188089109167,0.0674851433642859,0.207496044924681,0.482148020734664,0.0510829604012787,0.051418712645839,NA,0.00685182693331225,1.68578764440004,NA,0.233719999999999,44.71,402.33,6.55,6.31,0.24,0.00614867994689982,0.00747300145957021,0.0089697488277802,0.009878918827335,0.0081445990676943,0.00142734070645486,0.00188634523081061,NA,0.021627959974971,0.0499762470335437,NA,0.00870779379218818,1.65872623638524,16.9728485195823,0.481448781588373,0.458080095329816,0.0570663268185859,100
"house","R05","zicoseq","single",0.054717855673738,0.118833005964484,0.120065128726187,0.17379579658427,0.442854657206618,0.0507930843559145,0.0520684955598481,NA,NA,NA,NA,102.86567,44.71,402.33,6.22,5.9,0.32,0.0140008524180232,0.00766795089304019,0.0149482612558908,0.00971747645201554,0.00808991833174498,0.00149759420042977,0.00219378344412328,NA,NA,NA,NA,4.59351663288343,1.65872623638524,16.9728485195823,0.486915668968322,0.465040456586979,0.0633731931983991,100
"house","R06","adapt","single",0.06,NA,0.12,NA,NA,0.0503116327095983,0.0610917760445247,NA,0.00236028454390815,1.46065447981313,NA,0.32944,0,236.116,0.06,NA,0.06,0.0150501170791587,NA,0.02059360059684,NA,NA,0.00105476980035947,0.00157639721512013,NA,0.011770617497213,0.0234566063556615,NA,0.00546229367654607,0,5.32472242012723,0.0150501170791587,NA,0.0150501170791587,250
"house","R06","fastancom","single",0.008,NA,0.024,NA,NA,0.0374928890948977,0.0851865227003426,NA,-0.00049232342311681,0.432708696304928,NA,0.0330079999999998,0,236.116,0.008,NA,0.008,0.00564548367669017,NA,0.00969908702696427,NA,NA,0.00190123642784149,0.00304119778804953,NA,0.00879471305959281,0.00521285971412529,NA,0.000309319346034673,0,5.32472242012723,0.00564548367669017,NA,0.00564548367669017,250
"house","R06","ldm","single",0.056,NA,0.104,NA,NA,0.0480560031829278,0.0598038054997481,NA,NA,NA,NA,6.116312,0,236.116,0.06,NA,0.06,0.0145706973368996,NA,0.0193451009748439,NA,NA,0.00107016507644856,0.00151077210269553,NA,NA,NA,NA,0.213830540782437,0,5.32472242012723,0.0160821185840862,NA,0.0160821185840862,250
"house","R06","limma_logtss","single",0.044,NA,0.064,NA,NA,0.0478420170161973,0.0821729356279364,NA,0.00994263771979835,0.43345806176271,0.952157982983803,0.0386959999999997,0,236.116,0.164,NA,0.164,0.012997373846575,NA,0.0155105871343741,NA,NA,0.00214288211049896,0.00291315094642479,NA,0.00886954157426791,0.00512689052251144,0.00214288211049896,0.000340490928350744,0,5.32472242012723,0.08874637839774,NA,0.08874637839774,250
"house","R06","linda","single",0.028,NA,0.072,NA,NA,0.0541543823803207,0.0603477168084536,NA,-0.00236128364157723,0.401581460677933,0.942397166310529,0.178980000000001,0,236.116,0.032,NA,0.032,0.0104547216519273,NA,0.0163810057504901,NA,NA,0.0011037354042991,0.00150418485300729,NA,0.0043088526983735,0.00453094645167493,0.00110478192776566,0.00316260504690848,0,5.32472242012723,0.0125111998018546,NA,0.0125111998018546,250
"house","R06","lm_logtss","single",0.048,NA,0.084,NA,NA,0.0479400266586156,0.0815849944906875,NA,0.00994263771979835,0.43345806176271,0.952059973341384,0.0395439999999994,0,236.116,0.192,NA,0.192,0.0135468842280857,NA,0.0175787385267763,NA,NA,0.00207453731896434,0.00294001296965473,NA,0.00886954157426791,0.00512689052251144,0.00207453731896434,0.000385688056735612,0,5.32472242012723,0.0960909876713034,NA,0.0960909876713034,250
"house","R06","logistic_presence","single",0.072,NA,0.14,NA,NA,0.0565203557792001,0.111401009764227,NA,-0.00160022612075911,0.686770935059053,NA,0.272991999999999,0,234.536,0.072,NA,0.072,0.0163810057504901,NA,0.0219894096452402,NA,NA,0.00114082312482447,0.00131927447861461,NA,0.00450545686695995,0.0211448007053094,NA,0.00553646108533214,0,5.34058669821252,0.0163810057504901,NA,0.0163810057504901,250
"house","R06","pursue","abundance",0.044,NA,0.1,NA,NA,0.0483540228572518,0.0626621307533988,NA,-0.00113986421826938,0.878460304040864,0.951645977142748,10.3779,0,236.072,0.044,NA,0.044,0.012997373846575,NA,0.0190117275157343,NA,NA,0.000951734912402498,0.00158321843002983,NA,0.00426817488747156,0.0110042116529524,0.000951734912402497,0.232422747039453,0,5.32374947738828,0.012997373846575,NA,0.012997373846575,250
"house","R06","pursue","combined",0.036,NA,0.06,NA,NA,0.0434229849195954,0.0851425099379487,NA,NA,NA,NA,10.3779,0,236.116,0.036,NA,0.036,0.0118056551692781,NA,0.0150501170791587,NA,NA,0.000955422890826954,0.00288364136950357,NA,NA,NA,NA,0.232422747039453,0,5.32472242012723,0.0118056551692781,NA,0.0118056551692781,250
"house","R06","pursue","presence",0.016,NA,0.052,NA,NA,0.0401690142588614,0.108262712995928,NA,NA,NA,NA,10.3779,0,234.536,0.016,NA,0.016,0.00795166118887435,NA,0.0140703910256417,NA,NA,0.000939699749670033,0.00426677684462093,NA,NA,NA,NA,0.232422747039453,0,5.34058669821252,0.00795166118887435,NA,0.00795166118887435,250
"house","R06","pursue03_epermcs1","single",0.04,NA,0.072,NA,NA,0.0503537465229247,0.0616589986267962,NA,0.00049454123651176,0.29095676821519,NA,21.17622,0,236.116,0.04,NA,0.04,0.0124184084113013,NA,0.0163810057504901,NA,NA,0.00104091913534601,0.00145323784188038,NA,0.00121801412953492,0.00366948784542704,NA,0.636683676497264,0,5.32472242012723,0.0124184084113013,NA,0.0124184084113013,250
"house","R06","wilcoxon_tss","single",0.024,NA,0.052,NA,NA,0.049456548521288,0.0617972349541594,NA,0.00928314276684673,1.42148998300459,NA,0.16022,0,236.116,0.024,NA,0.024,0.00969908702696427,NA,0.0140703910256417,NA,NA,0.00105664229371244,0.00143899833740091,NA,0.0138704904609211,0.0194428181359535,NA,0.00294321873909923,0,5.32472242012723,0.00969908702696427,NA,0.00969908702696427,250
"house","R06","zicoseq","single",0.056,NA,0.1,NA,NA,0.0499227757014349,0.059737807787999,NA,NA,NA,NA,62.347984,0,236.116,0.104,NA,0.104,0.0145706973368996,NA,0.0190117275157343,NA,NA,0.00122548195537979,0.00157683975415149,NA,NA,NA,NA,1.2792851356316,0,5.32472242012723,0.0437767244826027,NA,0.0437767244826027,250
"house","R07","adapt","single",0.0352857142857143,0.1492081885263,0.0826626984126984,0.211691965327414,0.504598052333471,0.0501818819849041,0.0624392064130884,NA,-7.14152788439087e-06,1.56394956262625,NA,0.35058,13.37,237.27,2.32,2.13,0.19,0.00938958932225356,0.0132405533224929,0.0149414410560799,0.0155893122979097,0.0120002197607172,0.00156703222142606,0.00250366706783647,NA,0.023238621023384,0.0450631955637182,NA,0.0102245118428336,0.455195595654253,8.45202569706448,0.233064780520764,0.206292427530837,0.0525991127935316,100
"house","R07","fastancom","single",0.00766666666666667,0.0487463221762757,0.0234444444444444,0.0742777788087386,0.426681682776475,0.0373968007619489,0.0938388200788192,NA,-0.069334102687262,0.460796466879197,NA,0.0304199999999979,13.37,237.27,0.84,0.8,0.04,0.00473435755030621,0.00738739730409573,0.0106199621276688,0.00944847441536471,0.0148102409518642,0.00282707158090014,0.00461778242635411,NA,0.0157083089718693,0.00859923814967526,NA,0.000415891399965941,0.455195595654253,8.45202569706448,0.138330595080602,0.127128345232746,0.0242878362539562,100
"house","R07","ldm","single",0.0318571428571429,0.113283745193575,0.094255772005772,0.162440082492327,0.444613410644179,0.0506174413339768,0.0617353823757436,NA,NA,NA,NA,9.03212,13.37,237.27,1.81,1.64,0.17,0.01031017502806,0.0116573055635789,0.01617556584826,0.0143361700484054,0.0125022434136875,0.00169794969781841,0.0025973107339766,NA,NA,NA,NA,0.77613527370354,0.455195595654253,8.45202569706448,0.2072888971187,0.175533817858899,0.0586979943903925,100
"house","R07","limma_logtss","single",0.0312119547119547,0.0968220413917008,0.0572386314886315,0.128117649808052,0.454358702384879,0.0505028892649684,0.0907395134204941,NA,-0.0163916088058707,0.453145206710271,0.938309273571519,0.0348400000000002,13.37,237.27,1.66,1.37,0.29,0.011658127345864,0.0114148832404999,0.0141683417933197,0.0127549631996451,0.0138257779717444,0.00400721448567799,0.00587225732605233,NA,0.0149197719866745,0.00863632758352675,0.00397323679366804,0.00036145609007247,0.455195595654253,8.45202569706448,0.288577143372041,0.173877351409933,0.162862648953781,100
"house","R07","linda","single",0.0279285714285714,0.132849611302011,0.0748968253968254,0.196634285477165,0.489454250234921,0.0535489788664406,0.0612587272830659,NA,0.00120714154723647,0.420476141462617,0.928672069212523,0.161079999999999,13.37,237.27,2.01,1.88,0.13,0.00895127656600255,0.0122756101293347,0.0136582112776407,0.0150615823769366,0.012206230011486,0.00177905540450853,0.00233600080798997,NA,0.00612671733256073,0.00713330893718277,0.00199121115934796,0.0046590994924778,0.455195595654253,8.45202569706448,0.202257461687031,0.182175406649412,0.0418148878808116,100
"house","R07","lm_logtss","single",0.0321515151515151,0.100497531493275,0.0602994987468672,0.14075280318237,0.453723335860357,0.051330758426203,0.0893685915100566,NA,-0.0163916088058707,0.453145206710271,0.937430272525092,0.0354800000000028,13.37,237.27,1.81,1.49,0.32,0.0114618251359471,0.0116512795199413,0.0150395547457784,0.0132396009526344,0.0138470279301952,0.00384028342778515,0.00587278798398341,NA,0.0149197719866745,0.00863632758352675,0.00381890340608936,0.000393759399438839,0.455195595654253,8.45202569706448,0.304410342409151,0.189360966826788,0.166896810798006,100
"house","R07","logistic_presence","single",0.0494523809523809,0.151750840576692,0.0840894383394383,0.2114624525801,0.497898506932946,0.0540080204142618,0.114246939817602,NA,-0.00472335993918639,0.766736895047604,NA,0.25051,13.31,235.61,2.27,2.07,0.2,0.0127914433570546,0.0138648456019104,0.0148221078962508,0.0161607907002677,0.0125150111057646,0.00161339440964898,0.00223568484307235,NA,0.00826357348271803,0.0414471186682393,NA,0.00785298624278012,0.45564805663489,8.50620563726473,0.221042068302837,0.200128746439674,0.0512470743190538,100
"house","R07","pursue","abundance",0.0866666666666667,0.0051025641025641,0.156666666666667,0.00941941391941392,0.146938719065957,0.0514985053637568,0.06563311349369,0.0528142209264658,-0.00262104361170796,0.887580399320206,0.948145861654723,9.62153,8.71,237.15,0.14,0.04,0.1,0.0278765919205411,0.00289126144511494,0.0348010216963685,0.00368525198038356,0.0117970775892612,0.00211322899766135,0.00275633863008929,0.0119133096688069,0.0136221879252693,0.0185123654033465,0.00210240298888568,0.348163059573406,0.366610188487759,8.45497134259132,0.042687494916219,0.0196946385566932,0.0333333333333333,100
"house","R07","pursue","combined",0.0467619047619048,0.0469199405255907,0.08125,0.0630958462761868,0.318597887271914,0.0466640390107722,0.0856896434690173,NA,NA,NA,NA,9.62153,13.37,237.27,0.77,0.68,0.09,0.0172704327841998,0.0073876680758101,0.021470680227408,0.00899600761445331,0.0155679546838281,0.00175889252228847,0.00407565884773413,NA,NA,NA,NA,0.348163059573406,0.455195595654253,8.45202569706448,0.127805881845647,0.116237305161085,0.0287623491264661,100
"house","R07","pursue","presence",0.00833333333333333,0.0783640150698974,0.0414285714285714,0.11915865507042,0.44527961583936,0.0408949886277628,0.111961666526202,0.0470820556758057,NA,NA,NA,9.62153,9.52,235.61,0.84,0.82,0.02,0.00598117135471061,0.0124400256301554,0.0144634605175964,0.0149761698998591,0.0203201811210404,0.00140776907940041,0.00748782780738134,0.0106713278458947,NA,NA,NA,0.348163059573406,0.326437767670373,8.50620563726473,0.144053861980563,0.142403609079222,0.014070529413629,100
"house","R07","pursue03_epermcs1","single",0.0468730158730159,0.151630229763357,0.0743308913308913,0.20158297301254,0.503834787303103,0.0501558584807421,0.0613105294645509,NA,-0.00907103901205098,0.319656842505598,NA,21.87158,13.37,237.27,2.34,2.17,0.17,0.0113100438687884,0.012609224461985,0.012431766582698,0.0153577816210774,0.0118786793650687,0.00155974273394516,0.00223488791669268,NA,0.00205268978168495,0.0055405512192375,NA,0.978722535889813,0.455195595654253,8.45202569706448,0.208030689266674,0.195430113577538,0.0377525168068637,100
"house","R07","wilcoxon_tss","single",0.0110952380952381,0.126641939287063,0.0553134920634921,0.190170665763545,0.511907924856723,0.0491574867619745,0.066469629747825,NA,-0.0161402172752004,1.51923451591398,NA,0.146649999999999,13.37,237.27,1.89,1.83,0.06,0.00527884581626774,0.0121799277819598,0.0149011453982587,0.0161369542346807,0.0120603346566678,0.00138156186439232,0.00261463936161789,NA,0.0222984323881791,0.0517240687656261,NA,0.0043809591450164,0.455195595654253,8.45202569706448,0.200451510547584,0.191250536409098,0.0277797979063414,100
"house","R07","zicoseq","single",0.0267222222222222,0.122884704906377,0.0758261183261183,0.184617315261278,0.476539290044086,0.051392727025464,0.0605444927892179,NA,NA,NA,NA,57.18703,13.37,237.27,1.85,1.76,0.09,0.00989522836180201,0.0118623332262023,0.0142978557548037,0.0151130985053883,0.0112994196234355,0.00164925726008792,0.00233403367049113,NA,NA,NA,NA,1.92654016610271,0.455195595654253,8.45202569706448,0.192996048528136,0.182086670449969,0.0320825954263823,100
"house","R08","adapt","single",0.0378865557724274,0.276965267129533,0.0772954715382014,0.362025719679551,0.484775319546571,0.0501609127994949,0.0689283235791441,NA,0.101828968386188,1.82203425285337,NA,0.362640000000001,67.07,243.67,19.95,19.16,0.79,0.00511010951599315,0.00926015895313213,0.00633299286217308,0.010635734269326,0.0079654381657945,0.00188364043615872,0.00281179555310335,NA,0.0278800157807575,0.0509187392676391,NA,0.0100319844054461,1.88557817406361,8.08309190517309,0.925330953625444,0.882457541829245,0.101796985528189,100
"house","R08","fastancom","single",0.0290972708450969,0.10659639368514,0.0527882954756666,0.156050920372896,0.366931925700495,0.0466306634127357,0.107383908211511,NA,-0.153859159016037,0.541599113788471,NA,0.0309299999999988,67.07,243.67,8.3,7.99,0.31,0.0088427591309701,0.00699108881935918,0.0100420394440312,0.00968794160338666,0.0116883112028863,0.00381620567475101,0.00618376692908326,NA,0.013717631056649,0.00857684999708706,NA,0.00039035208142745,1.88557817406361,8.08309190517309,0.646591685749831,0.617668310190948,0.0662029325848053,100
"house","R08","ldm","single",0.055802895020719,0.230229794473145,0.0977059419191251,0.313935481894851,0.423596030063607,0.0513207139399851,0.0706901267326006,NA,NA,NA,NA,23.27,67.07,243.67,16.85,15.86,0.99,0.00630830884741702,0.0081589001524894,0.00654914916600363,0.00984884367053807,0.00752105025592223,0.00187720048713424,0.0028130125451202,NA,NA,NA,NA,1.50225516380265,1.88557817406361,8.08309190517309,0.771771542058473,0.727389132098459,0.110549591230416,100
"house","R08","limma_logtss","single",0.0315306628852069,0.173680880595105,0.0687594980971174,0.256611338861163,0.41901973906319,0.0532910417025896,0.0919014347849096,NA,-0.0349783567403281,0.524290629668808,0.885399402762362,0.0350300000000006,67.07,243.67,12.67,12.11,0.56,0.00588663034827886,0.00922299126660674,0.00770115654336217,0.0111134224207057,0.00898532587273953,0.0038194146960199,0.00540923787937725,NA,0.0149513109601295,0.0082779462519388,0.00412241661046228,0.000295575111375686,1.88557817406361,8.08309190517309,0.808796961698377,0.757307164507336,0.104755607839091,100
"house","R08","linda","single",0.0472109995076927,0.256724947941867,0.0894390300454846,0.337855832216218,0.458239661764941,0.055478242048089,0.072360074767571,NA,-0.0228163310938735,0.501510193233222,0.861145546661382,0.164509999999999,67.07,243.67,18.83,18.05,0.78,0.00747748537990092,0.00949487428098836,0.00877779944771212,0.0105797083630859,0.00992300279116854,0.00265293736705978,0.00373352040498893,NA,0.00842512468113063,0.0076379941685466,0.00394561094734582,0.00447106285242146,1.88557817406361,8.08309190517309,0.913761788466013,0.892094912738176,0.0949002666279743,100
"house","R08","lm_logtss","single",0.0322913991016632,0.180292975660009,0.0730507130334066,0.265040883172788,0.42258556461389,0.0525673864153723,0.0909184724138818,NA,-0.0349783567403281,0.524290629668808,0.886698267822318,0.0359299999999985,67.07,243.67,13.22,12.65,0.57,0.00571865978206774,0.00942207440027758,0.00842477752227203,0.0112976605882537,0.00920135969118635,0.00381488950560754,0.00550665418618862,NA,0.0149513109601295,0.0082779462519388,0.00416586744516334,0.000474662027556589,1.88557817406361,8.08309190517309,0.836609318329142,0.781008801150632,0.105653330579903,100
"house","R08","logistic_presence","single",0.0450882181788989,0.296223911133529,0.0850185238634328,0.390205707352359,0.487529635299748,0.0558562232659912,0.115979117779857,NA,0.0311756754678498,1.02606886287491,NA,0.275130000000002,66.7,241.99,21.22,20.19,1.03,0.00494550027003005,0.00807186404194208,0.00485231986028963,0.00849715712015988,0.00690679626226099,0.00189203990218166,0.00265629153678089,NA,0.0119825989515298,0.0483118657242004,NA,0.00884062769150462,1.88618047060104,8.11269730581374,0.92360514542009,0.862893300753256,0.11759801413839,100
"house","R08","pursue","abundance",0.0326666666666667,0.00815453747297878,0.092,0.012161353005925,0.147736104208158,0.0520274827087029,0.068111527438432,0.0560268606118563,-0.0231409244479555,0.906976577783014,0.943989454284327,9.84694,43.62,242.81,0.53,0.41,0.12,0.0148994384455679,0.00175657082707467,0.0260282157181013,0.00204946398631556,0.00700204329924716,0.00205130646712993,0.00274694846043034,0.00490334520539833,0.0145662795642297,0.016052624557831,0.00214554152982597,0.334156411335117,1.38190177843887,8.08067522681194,0.132157695824559,0.0877266185143347,0.0670895677509559,100
"house","R08","pursue","combined",0.0215955294705295,0.0733618278860603,0.0749517613572356,0.121583631642875,0.310673027479685,0.0455537030413073,0.0876949623284985,NA,NA,NA,NA,9.84694,67.07,243.67,5.89,5.62,0.27,0.00578636792664746,0.00692640408391023,0.0112218606376821,0.00969434957430473,0.0107967319122566,0.00170434855249073,0.00416761062599107,NA,NA,NA,NA,0.334156411335117,1.88557817406361,8.08309190517309,0.648525133271524,0.610642979559127,0.0694203998777875,100
"house","R08","pursue","presence",0.024062644197235,0.135504019570182,0.0596876730460153,0.206561484296516,0.44050039868872,0.0398520692036115,0.111719774254743,0.0394549155697642,NA,NA,NA,9.84694,47.72,241.99,7.62,7.31,0.31,0.00499284741603611,0.0121685589538647,0.00994742471268673,0.0156137743591092,0.0162053667946624,0.00166716121106472,0.00640439607891622,0.0045539099835049,NA,NA,NA,0.334156411335117,1.27009742726591,8.11269730581374,0.775089437654543,0.737686117587154,0.059789191955967,100
"house","R08","pursue03_epermcs1","single",0.0430700627637425,0.272151113184537,0.0761931567227174,0.360972908027198,0.478152877183291,0.0531757619439859,0.070523074005529,NA,-0.0537629488489014,0.423544648211641,NA,22.58945,67.07,243.67,19.74,18.92,0.82,0.00493035373058811,0.00927639660309377,0.00560971044469122,0.00965382981372818,0.00819247757490032,0.00172458606348855,0.0027949394522157,NA,0.00527246946693103,0.00453945290210029,NA,0.99246536915131,1.88557817406361,8.08309190517309,0.94212525706511,0.90405148686847,0.0914308260905257,100
"house","R08","wilcoxon_tss","single",0.0284110296752852,0.260681629232327,0.0762744224840841,0.365372442618658,0.489799800901703,0.0526259475866208,0.0716637531212386,NA,0.00132607731999931,1.93207904676079,NA,0.152669999999999,67.07,243.67,18.48,17.94,0.54,0.00468383853451232,0.00912104846996576,0.00515341478074998,0.00856749979916031,0.00709005891986856,0.00198485584472289,0.00276752313954667,NA,0.0320416989461516,0.0658777013821644,NA,0.00438281895818226,1.88557817406361,8.08309190517309,0.882430069910828,0.845047365835224,0.0821676040268618,100
"house","R08","zicoseq","single",0.038470029338534,0.227189659885547,0.0894288510404895,0.305549768194951,0.44055193629271,0.0526244250248066,0.0734514298107581,NA,NA,NA,NA,58.71329,67.07,243.67,16.92,16.18,0.74,0.00474941587825352,0.00979794940284829,0.00681385715408461,0.0103410310892186,0.00984673430108093,0.00197600003617503,0.00310164739402913,NA,NA,NA,NA,1.83157004164005,1.88557817406361,8.08309190517309,0.931890659906087,0.890849101257963,0.0894653027941022,100
"house","R09","adapt","single",0.0285191940495255,0.318698948374217,0.0563493720524368,0.41073662205465,0.472463940953466,0.0539116732533936,0.075710932243483,NA,0.0903401095966411,2.00997612283874,NA,0.37102,106.06,247.51,36.39,35.35,1.04,0.00360227687591867,0.00850602679857376,0.00428938881871872,0.00835341336786015,0.00886510979822581,0.00269793055920032,0.00307187334141549,NA,0.0251019354193183,0.0569220388130274,NA,0.00984285599515795,2.99176715455443,8.03961774808688,1.59740287955042,1.55449007521418,0.12053751668793,100
"house","R09","fastancom","single",0.0149826462485064,0.133039294870608,0.0364858710309224,0.196053315280882,0.362593058810418,0.0450514750944742,0.108456501986653,NA,-0.169854651477236,0.594048741321738,NA,0.0307999999999991,106.06,247.51,16.36,15.98,0.38,0.00310148207226791,0.008842932176477,0.00458090865313234,0.0116284245858192,0.00987593666577247,0.00269603403587184,0.0055661712771725,NA,0.0125269748583933,0.00852015468659568,NA,0.000350180328725386,2.99176715455443,8.03961774808688,1.25629887713349,1.21155880892128,0.0775639195513069,100
"house","R09","ldm","single",0.0398245298002924,0.27688857409141,0.0805055681316285,0.380168456657356,0.418293577249492,0.0518091726600724,0.0823208982587034,NA,NA,NA,NA,30.8569,106.06,247.51,31.98,30.68,1.3,0.0042193796982886,0.00867767043934903,0.00538142978200105,0.00912115433934472,0.00937270289970297,0.00265409095793937,0.00298472275266798,NA,NA,NA,NA,1.44319763988782,2.99176715455443,8.03961774808688,1.43484627691744,1.37722308808102,0.130654915983698,100
"house","R09","limma_logtss","single",0.0311810870753412,0.213411921213001,0.0680164076729944,0.311841081839269,0.406907614996611,0.0621048574637209,0.105574120883813,NA,-0.0515952486496152,0.588079006086036,0.836221880001577,0.034919999999999,106.06,247.51,24.94,24.06,0.88,0.00568604003694657,0.0107603050561029,0.00790102906482252,0.0117255549209296,0.0111749704355751,0.00503601274204243,0.00678605465633729,NA,0.0188570509188109,0.0088322360833446,0.00580895603086254,0.000263879372502509,2.99176715455443,8.03961774808688,1.49874155965138,1.44129711501043,0.178817665726174,100
"house","R09","linda","single",0.032300849275106,0.30334153625023,0.0683201575439373,0.401752264411538,0.456779887254579,0.0610121672009706,0.0825028284732578,NA,-0.0353070542156277,0.560566417416339,0.80624980150726,0.166340000000001,106.06,247.51,34.73,33.67,1.06,0.00423385727217226,0.00885819601218415,0.00623040305660336,0.00931364082940067,0.0108022227930525,0.00322973073935074,0.00391900587418826,NA,0.0103463256872049,0.00825113155979132,0.00516798021330244,0.00417419247619026,2.99176715455443,8.03961774808688,1.59195293316547,1.54612941295875,0.118764685429005,100
"house","R09","lm_logtss","single",0.0330359883167198,0.219252504463304,0.0697424948463181,0.316662882287658,0.410968156842776,0.0618090616439547,0.105916114842986,NA,-0.0515952486496152,0.588079006086036,0.836334208130473,0.0356800000000003,106.06,247.51,25.58,24.63,0.95,0.00603751102847884,0.0106976569772582,0.00831538072925824,0.0115530742615479,0.0111474814029423,0.00495387211559601,0.00677207601893671,NA,0.0188570509188109,0.0088322360833446,0.00576699314046527,0.000349857113690718,2.99176715455443,8.03961774808688,1.51412074028514,1.44506509587393,0.189829801494269,100
"house","R09","logistic_presence","single",0.0351308469927935,0.338130029104464,0.0640205563416575,0.434595779718014,0.47485293190125,0.0578035758463039,0.118721459992142,NA,0.0318817625622383,1.18867721244072,NA,0.285579999999999,105.43,245.99,37.83,36.5,1.33,0.00352260730583977,0.00741561104984801,0.00355115647800166,0.00757604764716651,0.00770067518263327,0.00210183100090435,0.00282581144140947,NA,0.00980952331916751,0.0571530058573817,NA,0.00874966296609196,3.00270097267662,8.0644812341376,1.49632917838991,1.44826611762989,0.131851615404774,100
"house","R09","pursue","abundance",0.0433333333333333,0.00969140272561916,0.115560606060606,0.0154852079367606,0.133299811115052,0.0593617989666625,0.0720171552139205,0.0557712174220117,-0.0722699053615658,0.940981737711956,0.936261253087392,10.12718,68.71,246.43,0.84,0.75,0.0899999999999999,0.0166868564580384,0.00152756319937965,0.0252103716069127,0.0023303547707624,0.00592466064139665,0.00214426832034057,0.00275395323540848,0.00388517160314067,0.0184168818704703,0.016792020967389,0.00246625020856768,0.334973169551222,2.05545811944882,8.03686273531299,0.133877676717339,0.122577536788975,0.0320825954263823,100
"house","R09","pursue","combined",0.0257722642779681,0.106298497625611,0.0656344928449054,0.170876688686676,0.298637089287756,0.0517065694565098,0.0910803996559202,NA,NA,NA,NA,10.12718,106.06,247.51,13.38,12.92,0.46,0.00552160953295556,0.00875503640523283,0.00839068696891115,0.0126294575001767,0.0119952981401984,0.00231013289103344,0.00369016853457397,NA,NA,NA,NA,0.334973169551222,2.99176715455443,8.03961774808688,1.24914354497776,1.20585105534505,0.0892392086676946,100
"house","R09","pursue","presence",0.0311425644658101,0.190948830542976,0.0561577662124466,0.275051543860504,0.440446154786541,0.040922847500201,0.111862020126674,0.0423677496662905,NA,NA,NA,10.12718,75.08,245.99,16.61,16.17,0.44,0.00739586308316096,0.0151468160658419,0.00641695624728568,0.0187331450385889,0.0163343389371717,0.00141753167826469,0.00687090314004794,0.0041404347943715,NA,NA,NA,0.334973169551222,1.97124172525694,8.0644812341376,1.49989191529782,1.46777196643571,0.0700937323384289,100
"house","R09","pursue03_epermcs1","single",0.0271932517173868,0.310100449007571,0.063510298648975,0.403567425651529,0.458343792197405,0.0572029546432532,0.079901767096687,NA,-0.0992251621285919,0.499433042945291,NA,22.99067,106.06,247.51,35.44,34.49,0.95,0.00351254293616021,0.0084562018544609,0.00455074660638124,0.00844545665519724,0.00915949756398514,0.00245600166563957,0.00335378058554885,NA,0.00757231946875424,0.00502496526005941,NA,0.983199422423312,2.99176715455443,8.03961774808688,1.59261680351184,1.55612150599307,0.115797629116882,100
"house","R09","wilcoxon_tss","single",0.0220468238955861,0.31197823600826,0.0512274997063303,0.41313306931808,0.481396109895451,0.052524596465208,0.0753131826083818,NA,0.0257381769529259,2.12883012281729,NA,0.155219999999999,106.06,247.51,35.05,34.2,0.85,0.00258501064660032,0.00840323762191121,0.00348444488162836,0.00724256716233095,0.00814367198728931,0.00227233511396965,0.00289440971195299,NA,0.0302173158537002,0.0714473931150081,NA,0.00431215289922128,2.99176715455443,8.03961774808688,1.49884635771663,1.44976487121815,0.106718737290547,100
"house","R09","zicoseq","single",0.0441128742522257,0.245883314861759,0.0740392019563208,0.338979352398151,0.426896422298596,0.0590586986231156,0.0896185029679421,NA,NA,NA,NA,60.28469,106.06,247.51,29.29,28.09,1.2,0.00787380415930985,0.00952970052064693,0.0077817234773063,0.0101908833453038,0.0117617599268449,0.00386614260750801,0.00488877708197575,NA,NA,NA,NA,1.87561063202592,2.99176715455443,8.03961774808688,1.51085600193594,1.48181536220838,0.192799681461659,100
"house","R10","adapt","single",0.0604150000326471,0.209044489451614,0.105321471109767,0.300584452674888,0.5053028554227,0.0512393790585545,0.0674917080841543,NA,0.0996692492753939,1.70430163335044,NA,0.366289999999999,32.03,243.74,7.56,7.05,0.51,0.012727729224433,0.011917109720924,0.0122629490061424,0.0126800287127428,0.0116134934401076,0.00224065326404548,0.00258426679480271,NA,0.0255363501849767,0.0480784691041192,NA,0.0103357308557853,0.832478955962979,8.2496356821916,0.47827974570487,0.45022441093528,0.12101840581273,100
"house","R10","fastancom","single",0.0516482683982684,0.0500966874444415,0.10503089067795,0.0746363738814262,0.294378190191226,0.063814572405953,0.120239646094313,NA,-0.224951134260145,0.52300912819724,NA,0.0304499999999979,32.03,243.74,2.02,1.83,0.19,0.0196116934745355,0.00564811828427302,0.0239800412378236,0.00802847152764799,0.0120161267684331,0.00483680763389738,0.00700914813124061,NA,0.0131827865549535,0.00963893473936009,NA,0.000358271664883779,0.832478955962979,8.2496356821916,0.23909763020088,0.209402709986034,0.0774531464757236,100
"house","R10","ldm","single",0.0707107337107337,0.148277175716717,0.12025310198917,0.220940354587249,0.424545700546504,0.0539508424678392,0.0637857491899908,NA,NA,NA,NA,13.08947,32.03,243.74,5.39,4.97,0.42,0.0169855478917334,0.0108912273482328,0.0148716139584242,0.0127073079690686,0.0119623792789459,0.00196992934716026,0.00288369094390648,NA,NA,NA,NA,1.05132787161155,0.832478955962979,8.2496356821916,0.414849370253831,0.384144070195892,0.0818720361480665,100
"house","R10","limma_logtss","single",0.0570006464124111,0.113081992318285,0.104006328218453,0.179698563194359,0.416234772980727,0.0544760716947273,0.0851000161956111,NA,-0.0539005803987385,0.483719470592441,0.92017538617031,0.0351200000000004,32.03,243.74,4.11,3.79,0.32,0.0171050190435667,0.0115905635605744,0.0201237094306891,0.0149764742765353,0.0140465594915864,0.00334372777080446,0.00483842768267924,NA,0.0152721894558016,0.0083727648731465,0.00333482747167277,0.000273872343631183,0.832478955962979,8.2496356821916,0.413874279452008,0.37316419328697,0.0941522515112967,100
"house","R10","linda","single",0.0505809966177613,0.193824182873691,0.112365696380789,0.275565821298447,0.482060801138046,0.0569242872955592,0.068798225536043,NA,-0.0354861398743463,0.451899085650014,0.906019325443048,0.16477,32.03,243.74,6.88,6.53,0.35,0.0129449771387236,0.0122070462148852,0.0126079041207443,0.013433738305161,0.0124472348523032,0.00237110987406088,0.00281602085872614,NA,0.00714082473653614,0.00755084788473419,0.00275425323488558,0.00427122992245847,0.832478955962979,8.2496356821916,0.481848293322471,0.457585891920685,0.0701729465267237,100
"house","R10","lm_logtss","single",0.0574788267288267,0.123424342562403,0.11373381295288,0.19398340138289,0.421205285738306,0.0554416992963112,0.0846835758422941,NA,-0.0539005803987385,0.483719470592441,0.919295022098862,0.03523,32.03,243.74,4.47,4.12,0.35,0.0169792744790113,0.0119410101359686,0.0186725540701869,0.01482315713026,0.0137804072897004,0.0033854854292419,0.00487613843695121,NA,0.0152721894558016,0.0083727648731465,0.00325904486172054,0.000260866853301641,0.832478955962979,8.2496356821916,0.424372382692276,0.377733806115932,0.107661084384791,100
"house","R10","logistic_presence","single",0.073182973072679,0.227915497354892,0.120119108385968,0.321673888843794,0.503519123601354,0.0566489715151279,0.114977503392256,NA,0.0171236387591963,0.918036001981323,NA,0.2632,31.88,242.17,8.21,7.6,0.61,0.013446334435165,0.0128990387391411,0.00983249253850998,0.013059310188307,0.00980982922385441,0.00164026001339752,0.00206774290602999,NA,0.00972998976073831,0.0473496868251235,NA,0.00786999159318287,0.837779653294795,8.28286603157202,0.522483386232413,0.481999203654148,0.0930895083543606,100
"house","R10","pursue","abundance",0.065,0.00403046547772714,0.105416666666667,0.0100757004441075,0.129621647981384,0.0511737869305428,0.0625198594680558,0.0509155315358876,-0.0559519374000492,0.895967205947454,0.948055998551796,9.94331,20.09,243.21,0.2,0.09,0.11,0.0242618293546955,0.00160220958578119,0.0282066326842635,0.00240899180457693,0.00781563955078011,0.00188095349129453,0.00258272815309344,0.00613540603552743,0.00894620715628901,0.0175511250272951,0.00178670503224139,0.347832897211906,0.643553110520496,8.24354409170711,0.065133894727893,0.0350900716914789,0.054855181241984,100
"house","R10","pursue","combined",0.0473154761904762,0.0573592681348846,0.0801814990564991,0.0889521257859152,0.326628039742051,0.0445383044691538,0.0842791594092957,NA,NA,NA,NA,9.94331,32.03,243.74,2.25,2.1,0.15,0.0180530211956007,0.0074107686523131,0.0198465303418299,0.00955189672054295,0.0127698847661357,0.00147973911133154,0.00424558995259768,NA,NA,NA,NA,0.347832897211906,0.832478955962979,8.2496356821916,0.300630650265052,0.276522415844804,0.0592461054424762,100
"house","R10","pursue","presence",0.0217777777777778,0.100665665004412,0.0855065294182941,0.155162045959628,0.463117079151205,0.0379104109283706,0.101195630887998,0.0441628937841059,NA,NA,NA,9.94331,24.13,242.17,2.87,2.77,0.1,0.0108125372353818,0.0112764259920658,0.0176633514122606,0.0150691337830288,0.0163048302427041,0.00136642289555729,0.00612648044132766,0.00844942229868337,NA,NA,NA,0.347832897211906,0.599436604174489,8.28286603157202,0.345433412431748,0.329938776077617,0.0301511344577764,100
"house","R10","pursue03_epermcs1","single",0.0585383227883228,0.189891428605213,0.112232911498546,0.261243005790903,0.488168672553197,0.0535518314852984,0.0650989429108347,NA,-0.06697214156322,0.358190903788604,NA,22.92957,32.03,243.74,6.9,6.48,0.42,0.0128221862925845,0.0114626734272027,0.0142450191476515,0.012647983866482,0.0101377996214527,0.00184591042814557,0.00225557207507394,NA,0.00315879231249519,0.00527656302732838,NA,1.00900731927699,0.832478955962979,8.2496356821916,0.460456514798305,0.433794626266598,0.0741006686265994,100
"house","R10","wilcoxon_tss","single",0.0471891164391164,0.18671177564234,0.0886019576398833,0.275751865184698,0.505748729669554,0.0520306971140804,0.0657479272990803,NA,-0.00912727524105588,1.73136998310587,NA,0.151540000000001,32.03,243.74,6.66,6.31,0.35,0.0096172842937376,0.0121967553346421,0.010316055900837,0.0139188546783071,0.0103846312151686,0.00188626140711548,0.00227144986697065,NA,0.0253585745630185,0.0602405476667447,NA,0.0042566269189668,0.832478955962979,8.2496356821916,0.482045305721025,0.456312625423856,0.0641573192719398,100
"house","R10","zicoseq","single",0.0488053041729512,0.162972415840125,0.0986437870097178,0.229646635521802,0.470454655569015,0.0511500631637687,0.0641815832851081,NA,NA,NA,NA,59.48403,32.03,243.74,5.95,5.61,0.34,0.0127019876799711,0.0109930791239733,0.0145182567046467,0.0128830667089594,0.011762177763086,0.0020194141841879,0.00269848767435847,NA,NA,NA,NA,1.90172248495644,0.832478955962979,8.2496356821916,0.440929917242176,0.412896885897482,0.0684902116430449,100
"house","R11","adapt","single",0.0350447632432927,0.211192440797029,0.0791302049452171,0.309080357183056,0.506786927863977,0.0515819053456155,0.0639491161835088,NA,0.0886050057975877,1.64366413570887,NA,0.368080000000001,35.07,246.38,8.42,8.03,0.39,0.006105753747243,0.0126908237744737,0.00743528630019559,0.0149100605073042,0.0107623237920849,0.0015595283763439,0.002689054932131,NA,0.024639154289209,0.0450381731292149,NA,0.0106821070066262,0.909684705063388,8.64943251481176,0.583126370211778,0.554951085295548,0.0649708559371979,100
"house","R11","fastancom","single",0.0481666666666666,0.0321844579301433,0.126474025974026,0.0547359063273097,0.234840712875676,0.074882468752891,0.136428868399222,NA,-0.276984816725815,0.543994362981071,NA,0.0303599999999999,35.07,246.38,1.43,1.29,0.14,0.0160229319935377,0.00471662428842951,0.0232710996180822,0.00630690590058905,0.0106945350824755,0.00503792629850329,0.00672653558692341,NA,0.0122160946867748,0.00996547384946996,NA,0.000328916187783311,0.909684705063388,8.64943251481176,0.213321495883703,0.195554120747721,0.0376587548676508,100
"house","R11","ldm","single",0.0382623014240661,0.149589683264258,0.0738269813093982,0.215719257339781,0.418404864128518,0.0514398354373831,0.0680585922715086,NA,NA,NA,NA,14.00728,35.07,246.38,5.97,5.67,0.3,0.0082481085043849,0.0106723118459271,0.00894992609884648,0.0118757804494379,0.0109801199433078,0.00175529050631747,0.00269353083112637,NA,NA,NA,NA,1.26930251889004,0.909684705063388,8.64943251481176,0.456259495542534,0.432062238315012,0.0577350269189626,100
"house","R11","limma_logtss","single",0.0368863358863359,0.11341477511921,0.0623565188681288,0.170989069196138,0.426490919706212,0.0475058834078525,0.0810984594802003,NA,-0.0824742080421548,0.483273240555199,0.919980656044894,0.034670000000001,35.07,246.38,4.45,4.18,0.27,0.00870625113406517,0.0106077150368881,0.0106194817311246,0.0138638007760139,0.0153912030077326,0.00276178169252641,0.00389225756674119,NA,0.0139253455672875,0.00823490363313052,0.00326825040215036,0.000280711577778602,0.909684705063388,8.64943251481176,0.431903234579696,0.394758588803769,0.0708605117199426,100
"house","R11","linda","single",0.0391599899778659,0.187711651318159,0.0765963324892092,0.276080574793287,0.484771569161286,0.0538887143196986,0.0692218791904383,NA,-0.0651371186342891,0.453819187230372,0.903517108751488,0.165480000000001,35.07,246.38,7.38,7.02,0.36,0.0077741845891355,0.0123334979817142,0.00886435331181521,0.0159690087625043,0.0119331880613193,0.00178783998834057,0.00271257308770989,NA,0.00688912425429224,0.00730261728988029,0.00276586595106719,0.0046627143436528,0.909684705063388,8.64943251481176,0.533291665038935,0.506519117271615,0.0627967701672175,100
"house","R11","lm_logtss","single",0.0369128926628927,0.12313318537008,0.0727249006583372,0.186008466462213,0.431656207221057,0.0486009196077009,0.0808544481369297,NA,-0.0824742080421548,0.483273240555199,0.919036556529956,0.0355500000000015,35.07,246.38,4.84,4.55,0.29,0.0087803911204035,0.0111197133296405,0.0114662598068079,0.0149293712410897,0.0154608602887324,0.00290332487819691,0.00387883397429155,NA,0.0139253455672875,0.00823490363313052,0.00342955606858084,0.000338855769204718,0.909684705063388,8.64943251481176,0.44692439421161,0.40883549827096,0.0756053015083044,100
"house","R11","logistic_presence","single",0.0345279692208451,0.233461202047096,0.094426937474141,0.317419302350078,0.511368043684561,0.0553919843030321,0.111952646142026,NA,-0.00150917308346557,0.820973431906046,NA,0.26502,34.87,244.76,8.97,8.55,0.42,0.00560489155050685,0.0129338660187842,0.00796967298456728,0.0131178417271077,0.00956926714693848,0.00167113452311975,0.0022523929072211,NA,0.00908501347128602,0.0431780000349861,NA,0.00851011258219393,0.9185688253303,8.69153913442565,0.569858213802683,0.538868061661468,0.0684311937849128,100
"house","R11","pursue","abundance",0.105,0.00453740746585771,0.193333333333333,0.00730556357539313,0.12131026356527,0.0506968323401844,0.0620033448649201,0.0485051593859643,-0.0806675627783272,0.89504103029869,0.947134823821006,9.98341,22.21,246.12,0.24,0.1,0.14,0.0303972021572693,0.00159820961690982,0.0381031737766272,0.00197294256950951,0.00869068051070463,0.00194727447053928,0.00249153639743519,0.00622305101905421,0.00942440378428964,0.0171819532733422,0.00184677845930444,0.357287970349641,0.653397492211504,8.66525955943174,0.0534090371802868,0.0333333333333333,0.042687494916219,100
"house","R11","pursue","combined",0.0498751803751804,0.0653625180694429,0.100270325434799,0.104591815438524,0.324823215772141,0.0441553661367305,0.0843874636872732,NA,NA,NA,NA,9.98341,35.07,246.38,2.96,2.66,0.3,0.0110907762362456,0.00801652387855683,0.0184220969276327,0.0107308948597321,0.0147965677132253,0.0017741764295742,0.00407000218691975,NA,NA,NA,NA,0.357287970349641,0.909684705063388,8.64943251481176,0.371978059524586,0.337016020360751,0.0659047368816107,100
"house","R11","pursue","presence",0.0464702319524301,0.118256619849626,0.0802595659414545,0.174890388008244,0.45195337888111,0.0391544407156582,0.111340909680184,0.0483698441586142,NA,NA,NA,9.98341,26.48,244.76,3.82,3.57,0.25,0.0150858094807965,0.0126799139265489,0.0149196582996097,0.0165792936692679,0.018923535607115,0.00155501574792661,0.00660522002527979,0.00924614263152702,NA,NA,NA,0.357287970349641,0.679494761799627,8.69153913442565,0.443215978999408,0.413473827540034,0.0538891492235719,100
"house","R11","pursue03_epermcs1","single",0.0390176335102806,0.197875181460863,0.0714104620993839,0.269952955214492,0.487730695352405,0.0527517103360209,0.0687211209754531,NA,-0.0986441484092764,0.366607815138631,NA,22.2429,35.07,246.38,7.84,7.44,0.4,0.00703926128387864,0.0115963039899667,0.00852102407931205,0.0139438990772951,0.00967809941084239,0.00178589772778157,0.00295542333188942,NA,0.00334207922082804,0.00474750793487002,NA,0.946967955843248,0.909684705063388,8.64943251481176,0.526609126124084,0.498749952532845,0.0666666666666667,100
"house","R11","wilcoxon_tss","single",0.0206731324231324,0.193565788889178,0.0592882712533574,0.278339536280354,0.507895242825139,0.0507415730214136,0.067831833464226,NA,-0.0311866224512287,1.63227004485907,NA,0.151839999999999,35.07,246.38,7.45,7.23,0.22,0.00466505534983902,0.0120762486096668,0.00653673959561933,0.0147724152807436,0.0096796615308213,0.00156412316938413,0.00268628087076352,NA,0.0222850672213587,0.0572604107800043,NA,0.00460133314015247,0.909684705063388,8.64943251481176,0.515688223090603,0.498453162850388,0.0483672817035849,100
"house","R11","zicoseq","single",0.0564480241980242,0.16455375917703,0.0980782225943991,0.233190224581072,0.462000024491126,0.0513274199794721,0.0703947478975609,NA,NA,NA,NA,59.64718,35.07,246.38,6.71,6.29,0.42,0.0131423898451773,0.0114365526487238,0.0145500048117017,0.0137489110432508,0.0128163126487682,0.00225548913263906,0.00353935085902387,NA,NA,NA,NA,1.9694733764849,0.909684705063388,8.64943251481176,0.504784182306727,0.482689225992138,0.0754515029202818,100
"house","R12","adapt","single",0.0583333333333333,0.00716584997134196,0.0933333333333333,0.0124026899816618,0.183980876595489,0.048796273131317,0.0674566083535646,NA,0.0323567259375982,1.5088435072403,NA,0.335459999999999,24.95,236.79,0.22,0.13,0.09,0.0225200995147642,0.00246287231439974,0.0260922992625809,0.00302961635360533,0.00776330719837366,0.00174770942052763,0.00243402571668272,NA,0.0203598365305776,0.0428673618493125,NA,0.00969025773390435,0.933049199174839,8.32658265964368,0.0561023595535406,0.0393251147037697,0.0350900716914789,100
"house","R12","fastancom","single",0,0.00160144927536232,0.005,0.00221697957839262,0.154335034890654,0.0344267326604352,0.093854344416896,NA,-0.0409585962913752,0.449968930317752,NA,0.0300400000000009,24.95,236.79,0.03,0.03,0,0,0.000989309051080431,0.005,0.00107069556473713,0.0073977722608948,0.00209330026764464,0.00469494335841747,NA,0.0141067509910456,0.00884564064811087,NA,0.000318430494453631,0.933049199174839,8.32658265964368,0.0171446607997765,0.0171446607997765,0,100
"house","R12","ldm","single",0.035,0.00674341219099283,0.1,0.0100274970780189,0.15930773811348,0.0490420468597798,0.0678737467661787,NA,NA,NA,NA,6.95479,24.95,236.79,0.19,0.15,0.04,0.0177738316327429,0.00199529971739652,0.0284267621807481,0.00276066397228362,0.00773772083115417,0.00155273433109326,0.00254812154980482,NA,NA,NA,NA,0.517058022122676,0.933049199174839,8.32658265964368,0.0464823198711732,0.0411329453348431,0.0196946385566932,100
"house","R12","limma_logtss","single",0.01,0.00375175175175175,0.055,0.00598848241239545,0.156912804658162,0.0456704890673795,0.0851964613141807,NA,0.00640642332204316,0.445883254636313,0.946423824593355,0.0350199999999998,24.95,236.79,0.07,0.0599999999999999,0.01,0.01,0.00168296027051395,0.0211953396821666,0.00201058300856341,0.00767654066834277,0.00243985908856889,0.00400578122794909,NA,0.0130818105601725,0.0084154071555689,0.00250373516663096,0.000344063653964908,0.933049199174839,8.32658265964368,0.0256432399976243,0.0238683256575942,0.01,100
"house","R12","linda","single",0.0266666666666667,0.00578040946790946,0.0725,0.010816582991956,0.166312728259653,0.0534539247910162,0.0649654981021488,NA,-0.0114602537179186,0.418578166781521,0.930202943821793,0.15877,24.95,236.79,0.17,0.12,0.05,0.0154832373788765,0.00187170803502007,0.0246938322974656,0.00279458570237476,0.00805938291648358,0.00199198676178489,0.00252922122119029,NA,0.0070592802054314,0.00798176331760158,0.0021262304070295,0.00422283008649333,0.933049199174839,8.32658265964368,0.0493493012650993,0.0356186309210063,0.0297294195005282,100
"house","R12","lm_logtss","single",0.015,0.00464761514761514,0.065,0.00770040288439657,0.159549802869615,0.0454707802202696,0.0851226789483909,NA,0.00640642332204316,0.445883254636313,0.94668919863728,0.0350700000000006,24.95,236.79,0.09,0.07,0.02,0.0111350751676807,0.00189246457768726,0.022208960689429,0.00218109485182361,0.00779425301174893,0.00240347804335357,0.00397507728047245,NA,0.0130818105601725,0.0084154071555689,0.00245164390275236,0.00029584837776519,0.933049199174839,8.32658265964368,0.0320825954263823,0.0256432399976243,0.014070529413629,100
"house","R12","logistic_presence","single",0.0766666666666667,0.0104550295550296,0.114,0.0152197796388586,0.177566204215745,0.0562363263957595,0.113178095380194,NA,-0.000419544728334847,0.721238535373646,NA,0.252740000000001,24.83,235.17,0.3,0.19,0.11,0.0248925863054482,0.00313214232054599,0.0288779310997442,0.00336218830902675,0.0074104419189678,0.00183355934987529,0.00226175063546155,NA,0.00864000993334535,0.0356764815325372,NA,0.00810351738070538,0.935501270048644,8.36719248619333,0.0659047368816107,0.0486068540704525,0.034509550720186,100
"house","R12","pursue","abundance",0.06,0.000476190476190476,0.09,0.000892857142857143,0.0681005968109982,0.0491848819943351,0.066829526057597,0.045456644662527,0.00556583024769208,0.881020845949038,0.950485662923011,9.48701,16.68,236.73,0.08,0.01,0.07,0.0238683256575942,0.000476190476190476,0.0287623491264661,0.000629571396573854,0.00565707154881742,0.00173340231973814,0.002762320926805,0.0076018720212501,0.00738799648867721,0.0177012391052138,0.0017142084576548,0.339078355264813,0.687534021196792,8.32749923052194,0.0307482445914323,0.01,0.0293188669562103,100
"house","R12","pursue","combined",0.03,0.00264747474747475,0.095,0.00450003885003885,0.11320681415275,0.0442350176183137,0.0895565627749522,NA,NA,NA,NA,9.48701,24.95,236.79,0.07,0.04,0.03,0.0171446607997765,0.00146016066808233,0.0290375931885172,0.00183319465990436,0.0065636336889905,0.00147076984427112,0.00510917960545649,NA,NA,NA,NA,0.339078355264813,0.933049199174839,8.32658265964368,0.0256432399976243,0.0196946385566932,0.0171446607997765,100
"house","R12","pursue","presence",0.02,0.00607759784075574,0.075,0.00643474069789859,0.171548399895558,0.0400411988609508,0.113966756612862,0.0324211066711067,NA,NA,NA,9.48701,17.08,235.17,0.09,0.07,0.02,0.014070529413629,0.00244467602536484,0.0259904799975886,0.00246173556198281,0.00949861447902632,0.00128358381079084,0.00763061877708002,0.00667418323911883,NA,NA,NA,0.339078355264813,0.684854920860077,8.36719248619333,0.0287623491264661,0.0256432399976243,0.014070529413629,100
"house","R12","pursue03_epermcs1","single",0.08,0.00829619857011161,0.133166666666667,0.00993219083768283,0.177723800255794,0.04937655821137,0.0646722427486944,NA,-0.00531997046785484,0.311515600673605,NA,21.33144,24.95,236.79,0.28,0.16,0.12,0.0264299255619011,0.00251290507687866,0.0324448033396505,0.002676240243949,0.00788730991067686,0.00174360913464374,0.00266561456537,NA,0.00237509043546058,0.00592870369084502,NA,1.00707660741175,0.933049199174839,8.32658265964368,0.0620849857416868,0.041971611377408,0.0408989886516436,100
"house","R12","wilcoxon_tss","single",0.0233333333333333,0.00568868868868869,0.0775,0.00922528864786929,0.180816725696699,0.0503787356530209,0.0666121764023214,NA,0.000541522789280881,1.45448780637772,NA,0.14634,24.95,236.79,0.12,0.09,0.03,0.014413330903858,0.00238219238981262,0.024539959167847,0.00263413521420136,0.00762079567910676,0.00164070441821921,0.00248226553615728,NA,0.0203380022020969,0.0427478742920673,NA,0.00419682949114898,0.933049199174839,8.32658265964368,0.0432983541805861,0.035090071691479,0.0171446607997765,100
"house","R12","zicoseq","single",0.01,0.00709064346213715,0.04,0.0124290386196113,0.161141379919263,0.0491494962273205,0.0614626589273125,NA,NA,NA,NA,56.61933,24.95,236.79,0.17,0.15,0.02,0.00703526470681448,0.0020028291230301,0.0153741222957161,0.00254264108611233,0.00755358974930412,0.00165139711724975,0.00227564751607071,NA,NA,NA,NA,1.87098156025093,0.933049199174839,8.32658265964368,0.0472581562625261,0.0411329453348431,0.014070529413629,100
"house","R13","adapt","single",0.0472975502963557,0.579281736451091,0.0871842141792972,0.634064904192704,0.7110585943551,0.0478436215108253,0.067248585774775,NA,0.105877638914303,1.80866868523281,NA,0.361419999999998,28.21,239.28,17.3,16.44,0.86,0.00563913646752999,0.0118459120556907,0.00653185428294892,0.0106773369038615,0.00833983161056455,0.00151282261111741,0.00256169191055435,NA,0.0313079695707793,0.0568804905216154,NA,0.0108831923049936,0.66913105116738,8.41292992357537,0.55075705472861,0.518217613507583,0.0995139703912486,100
"house","R13","fastancom","single",0.0192153406019505,0.327282083806318,0.0594438707584809,0.397364544852934,0.578384971089752,0.04819131276474,0.110413335895453,NA,-0.184629713356992,0.587157618123559,NA,0.0308199999999994,28.21,239.28,10.23,9.94,0.29,0.00391677041021229,0.016327421972762,0.00728952397133776,0.0178023664196742,0.0156011689332649,0.00386798738596999,0.00717532758412132,NA,0.0174886332202796,0.0103461091730042,NA,0.000379627675120153,0.66913105116738,8.41292992357537,0.624718926697229,0.598452549953173,0.0573752489486467,100
"house","R13","ldm","single",0.0647839977749824,0.53395746468517,0.117957276994912,0.606427861402737,0.694504039389415,0.0523333080940498,0.0663200544824055,NA,NA,NA,NA,24.6636,28.21,239.28,16.17,14.98,1.19,0.00827829457263328,0.0116306033474861,0.0113092662633095,0.0109585634184084,0.00958097561619336,0.0028239829470082,0.00331569391116063,NA,NA,NA,NA,1.59509795975423,0.66913105116738,8.41292992357537,0.514645116521663,0.452597441933165,0.19053089041418,100
"house","R13","limma_logtss","single",0.0405175097949866,0.439020986886702,0.0819697504813815,0.518776819857648,0.668127174776245,0.0470710752074454,0.0865333387410703,NA,-0.0393807002274992,0.555073549352941,0.905474120584,0.03468,28.21,239.28,13.13,12.58,0.55,0.00828336078537801,0.0135761049068634,0.0116852774993818,0.0138372050269729,0.0119235733273782,0.00406571175354633,0.00578735515874785,NA,0.0149171654630851,0.0080763848127723,0.00427319503705759,0.000301806011681109,0.66913105116738,8.41292992357537,0.501443371224962,0.491170525223659,0.122577536788975,100
"house","R13","linda","single",0.0429895965038885,0.552387684553679,0.085169277923866,0.624603831238714,0.710805191479496,0.0514553534421432,0.0650661962980165,NA,-0.0240423095415917,0.534275066010116,0.893190370638061,0.161369999999999,28.21,239.28,16.36,15.63,0.73,0.00518709856193967,0.0115215950109662,0.0071263928392158,0.0111077642877138,0.00910768421040416,0.00187044239833047,0.00254599627481504,NA,0.00723964865772945,0.0077913031545635,0.00304699982352322,0.00463335851312101,0.66913105116738,8.41292992357537,0.514540100625321,0.490032981780128,0.0885973755226133,100
"house","R13","lm_logtss","single",0.0440924005568473,0.446384874411531,0.0827916960039756,0.532062319336607,0.670463149754021,0.0487703003260806,0.0863321896238047,NA,-0.0393807002274992,0.555073549352941,0.903670884790371,0.0356200000000003,28.21,239.28,13.45,12.82,0.63,0.00842032192506111,0.0147151761584806,0.0111913935400555,0.0137218623088331,0.0118914059436106,0.00408839847248626,0.00570967219280249,NA,0.0149171654630851,0.0080763848127723,0.00430466796423568,0.000382120611346866,0.66913105116738,8.41292992357537,0.534350356068285,0.515297305573504,0.133071713027528,100
"house","R13","logistic_presence","single",0.059038218772473,0.592903674241496,0.0962630535783147,0.641148828241848,0.700112123761926,0.0576184060426476,0.113148263620133,NA,-0.00116909832548075,1.23911007367801,NA,0.27512,28.12,237.71,17.57,16.53,1.04,0.00549333879001383,0.0119329574699083,0.00705111754048458,0.0114789287944239,0.00868342808963317,0.00200493035696104,0.00208448696336208,NA,0.017123206472619,0.0631817255183008,NA,0.010135827842885,0.669883149768252,8.44386448699572,0.48016306152865,0.456038054410712,0.090921211313239,100
"house","R13","pursue","abundance",0.0115238095238095,0.0708287264957813,0.0451144688644689,0.106981655372068,0.348950005612402,0.0447727121870828,0.0636611032511931,0.0425046603723074,-0.011333313929103,0.89868610162986,0.949305409998687,9.65761,17.2,237.98,1.46,1.38,0.08,0.00481874090018555,0.00844106261059317,0.0121857901166883,0.0109134652341424,0.0165886476816359,0.00155834296235312,0.00247181602392886,0.00655140692828774,0.00787816038087214,0.016587335645436,0.00176217885157989,0.340266099046917,0.569600249687835,8.43263238193679,0.209578701979071,0.187907133736564,0.0338743966363203,100
"house","R13","pursue","combined",0.0169636078575707,0.2511903352841,0.0544986918365448,0.3104520597805,0.502086070994802,0.039460426182599,0.0887212657655094,NA,NA,NA,NA,9.65761,28.21,239.28,8.08,7.85,0.23,0.00381122168996257,0.0184405611160784,0.00760228582502577,0.0201791424694943,0.0192826320023035,0.00163238907410115,0.004542953618626,NA,NA,NA,NA,0.340266099046917,0.66913105116738,8.41292992357537,0.669641846079083,0.64625963447481,0.0509604719068583,100
"house","R13","pursue","presence",0.0211114707879279,0.318722979788206,0.0610030032660838,0.370703367330149,0.564026640852399,0.0387150249558837,0.118649961568454,0.0516053807303807,NA,NA,NA,9.65761,20.88,237.71,7.52,7.28,0.24,0.00502338136620329,0.0246094702592415,0.0128657624193184,0.0259720916489774,0.0224123453764072,0.00153408516604694,0.00656723849817031,0.00889344633414472,NA,NA,NA,0.340266099046917,0.455777723603659,8.44386448699572,0.646276045720965,0.621188173965625,0.0570663268185859,100
"house","R13","pursue03_epermcs1","single",0.0425294907182476,0.579102624572643,0.0738661250910395,0.63535023850468,0.722719968002475,0.0467036440953526,0.0637976504381015,NA,-0.0478769333104502,0.483220942137546,NA,21.87802,28.21,239.28,17.19,16.42,0.77,0.0052955850357497,0.0115336863113664,0.00642910716153109,0.0106550396617582,0.00834242887867604,0.00182231871921079,0.00251501889334476,NA,0.00645286025309198,0.00677042758188162,NA,0.975726267912753,0.66913105116738,8.41292992357537,0.542663651246183,0.517214763044435,0.0941254267432342,100
"house","R13","wilcoxon_tss","single",0.0445986220828124,0.568041970332738,0.0850888759365891,0.636117183753126,0.710102323534926,0.0520381740779124,0.0686593650128776,NA,-0.0387400085022807,2.22170605150568,NA,0.149310000000001,28.21,239.28,16.78,15.99,0.79,0.00595577259135994,0.0115848720208244,0.00777531844692053,0.0112439161762166,0.0090782522959087,0.00236249068145169,0.00275021066276709,NA,0.0416684254869943,0.0942025998237278,NA,0.00457511262763627,0.66913105116738,8.41292992357537,0.499611970645341,0.469793636191531,0.105691565750097,100
"house","R13","zicoseq","single",0.0371821793169215,0.509988278012694,0.0759931950220171,0.593436932976819,0.712472519352146,0.0504277156631285,0.0654829583884896,NA,NA,NA,NA,57.72866,28.21,239.28,15.23,14.6,0.63,0.0049940692227766,0.0119383147064433,0.00670732124893964,0.0112867490238175,0.00856858481836155,0.0018640258941164,0.00281071497685773,NA,NA,NA,NA,1.91976377225339,0.66913105116738,8.41292992357537,0.542693432442444,0.513258554175518,0.0824559876478955,100
"house","R14","adapt","single",0.0433487068487069,0.1904170302776,0.0754629814629815,0.246249062962259,0.444092421267538,0.0496495746441124,0.0624836172901926,NA,0.0377537111846338,1.63519749806537,NA,0.35892,26.21,236.47,5.58,5.23,0.35,0.00783307861044122,0.0108307389911536,0.0100896118487714,0.0122455006988722,0.00999234103144678,0.0017454437947032,0.0023409035066332,NA,0.0258097278350461,0.0476570150271394,NA,0.010597490459557,0.835487518721491,8.29235323790673,0.380371960431928,0.351002892157643,0.0657128740672771,100
"house","R14","fastancom","single",0.0196230158730159,0.0859889297496461,0.0417622655122655,0.115844847456844,0.359594745154725,0.0423851369840877,0.099986424339439,NA,-0.124285832994782,0.511153736818386,NA,0.0304499999999989,26.21,236.47,2.6,2.52,0.08,0.00760364457457099,0.00735755931621708,0.00962356132202037,0.00883912057115539,0.0108793300194501,0.00290414168993064,0.00496683236044351,NA,0.0160955895965073,0.00958772508051882,NA,0.000469552763786643,0.835487518721491,8.29235323790673,0.255445738372213,0.24842127789932,0.0272659924344291,100
"house","R14","ldm","single",0.0631666666666667,0.152847645480022,0.110393534312265,0.206470097123261,0.415879027448502,0.0493340738308497,0.0633312327876878,NA,NA,NA,NA,11.24005,26.21,236.47,4.56,4.21,0.35,0.0117046613436584,0.00968638972103298,0.0132090704251859,0.0118086047476985,0.009235901478602,0.00156267659737313,0.00258799057570494,NA,NA,NA,NA,0.965643342400403,0.835487518721491,8.29235323790673,0.316329964538054,0.300603769541611,0.0592461054424762,100
"house","R14","limma_logtss","single",0.0446686429512516,0.137814763334661,0.0755459262959263,0.181554205275057,0.405494792755995,0.0522604702159905,0.0894888636548248,NA,-0.0055942435795286,0.495477115710078,0.919601519789275,0.0344999999999981,26.05,235.35,4.15,3.78787878787879,0.4,0.0116407678348335,0.0108738011137746,0.0138948231021174,0.0132540225980894,0.0110772047636443,0.00451786699972515,0.00517721461104549,NA,0.0158280604578975,0.00904366620874224,0.00432250804970576,0.000324893144826852,0.869851374742498,8.53427285310899,0.382013538286725,0.310030463546214,0.170560573084488,100
"house","R14","linda","single",0.0474648684648685,0.179062906606618,0.0884427876045523,0.240147962093119,0.433020745274572,0.0541440594939886,0.0613550819779644,NA,-0.00640887448760246,0.467056814937837,0.908635007101792,0.16181,26.05,235.35,5.15,4.87878787878788,0.32,0.00936983731306667,0.0104088849788194,0.0142219786904531,0.0116570300702246,0.0101590794821405,0.00184676665138885,0.00246301789419329,NA,0.00724192804717239,0.00780227762038714,0.00209561548382636,0.00507968214626362,0.869851374742498,8.53427285310899,0.35287420140923,0.324963796811018,0.0566399223876658,100
"house","R14","lm_logtss","single",0.0489771062271062,0.139154586741499,0.0768631251789147,0.188287374659175,0.407192818659265,0.0527389396046218,0.0892421677930687,NA,-0.0055942435795286,0.495477115710078,0.918514398976625,0.0355400000000004,26.05,235.35,4.22,3.81818181818182,0.44,0.0115023104400494,0.0103650112353497,0.0139767372417189,0.01292708403836,0.0110368989355924,0.00451786838131171,0.00520098853271906,NA,0.0158280604578975,0.00904366620874224,0.00428667904624861,0.000333763358980724,0.869851374742498,8.53427285310899,0.377011105588912,0.302999379993024,0.171929043385915,100
"house","R14","logistic_presence","single",0.0501086691086691,0.204540160186782,0.0906410280895575,0.250658745755691,0.434056566107941,0.0550928806916898,0.113347592287114,NA,0.00154428869982841,0.875696990734036,NA,0.25501,26.07,234.84,5.74,5.36,0.38,0.00921886465084676,0.0106966433189718,0.0122210230649029,0.0118251580536584,0.0090377247560907,0.00181531042642415,0.00199654503240185,NA,0.00984478403922824,0.0447150850077797,NA,0.00807582118912913,0.836932228770977,8.32898941327606,0.366148394048979,0.331972981741076,0.0678381913233262,100
"house","R14","pursue","abundance",0.0409331409331409,0.018208142763285,0.0800598578376356,0.0248837415098219,0.180726227406901,0.0538007264270613,0.0664347943003711,0.0609385229283189,-0.0265222307740204,0.900598032913056,0.943011244423602,9.69093939393939,17.2525252525253,237.373737373737,0.686868686868687,0.303030303030303,0.383838383838384,0.0165156762705444,0.00435152336252932,0.0244045684143868,0.00480936675145211,0.0110428957815495,0.00365811784035226,0.00485666222147837,0.00939031966563614,0.0171787485939806,0.0182395516272321,0.00375063022909187,0.348229172751126,0.617437705864535,8.27402003355591,0.358265613150873,0.0695341056459265,0.313808857282422,99
"house","R14","pursue","combined",0.0246274966863202,0.0801389529035387,0.0848538387623645,0.117652782084745,0.305317009929118,0.0460607554484485,0.0931806680967502,NA,NA,NA,NA,9.69093939393939,26.3131313131313,237.727272727273,2.55555555555556,2.29292929292929,0.262626262626263,0.0111555654441864,0.00782857200387992,0.0193651069165448,0.0103329552565218,0.0123195019769886,0.00268838223371314,0.00531393368659954,NA,NA,NA,NA,0.348229172751126,0.837515352397333,8.27970148280515,0.314633882388501,0.252488144047324,0.158316396311745,99
"house","R14","pursue","presence",0.0291927208593875,0.127781638351168,0.0462491212491213,0.167620050162197,0.392179181641852,0.0379320593576531,0.114334515518914,0.0435461844552754,NA,NA,NA,9.69093939393939,18.2727272727273,236.080808080808,2.65656565656566,2.53535353535354,0.121212121212121,0.0116653154532156,0.0124198467302664,0.0124805416918931,0.0147590282784417,0.0160535521417001,0.00150032551824998,0.00708093210161352,0.00750971564908392,NA,NA,NA,0.348229172751126,0.584591924654365,8.31966320655323,0.280310226646421,0.270638757968258,0.035959410661983,99
"house","R14","pursue","single",0,NA,0,NA,NA,NA,NA,NA,NA,NA,NA,0.0240000000000009,0,0,0,NA,0,NA,NA,NA,NA,NA,NA,NA,NA,NA,NA,NA,NA,NA,NA,NA,NA,NA,1
"house","R14","pursue03_epermcs1","single",0.0457846736596737,0.20253138539089,0.0818912527101382,0.255842666974486,0.448418963446156,0.0488261963724228,0.0602138192774694,NA,-0.0186811655403348,0.379465907791773,NA,22.12294,26.21,236.47,5.82,5.48,0.34,0.00807324301217744,0.0110111327483851,0.0101426897108571,0.0117057556629422,0.00943752758940936,0.00178839650370213,0.00251738195504087,NA,0.00292090021497682,0.00516383695347106,NA,1.02138049725147,0.835487518721491,8.29235323790673,0.368282939100257,0.346258500971383,0.0572430578914831,100
"house","R14","wilcoxon_tss","single",0.030726911976912,0.183312856390851,0.0640211177711178,0.230357938869523,0.445847841316832,0.0476033672060533,0.0643892586770194,NA,-0.00715340967915727,1.60733216297182,NA,0.15019,26.21,236.47,5.17,4.95,0.22,0.00653314222867572,0.010487895417502,0.008847520871927,0.0117220395530496,0.00980891647399823,0.00158938845086173,0.00241376307814225,NA,0.0238227427069767,0.0460546755119277,NA,0.00474702873576536,0.835487518721491,8.29235323790673,0.33816348923937,0.320786596359699,0.0462317395019238,100
"house","R14","zicoseq","single",0.0653896103896104,0.161844011761839,0.111513181263181,0.21339298355359,0.42646460364242,0.0478943641570956,0.0624343938636886,NA,NA,NA,NA,57.46548,26.05,235.35,4.9,4.60606060606061,0.34,0.0134357252924669,0.0107774794408786,0.0141610726903455,0.0113992395680695,0.0103250718061242,0.00193239423514381,0.00241904433717776,NA,NA,NA,NA,2.01270485738104,0.869851374742498,8.53427285310899,0.356611437241877,0.34333125643114,0.0623123445460712,100
"house","R15","adapt","single",0.06,0.00318721552295406,0.111666666666667,0.00358721552295406,0.0918078253584447,0.0508502641317489,0.0642407348902144,NA,-0.0133732141146449,1.48760703434762,NA,0.32075,23.61,235.77,0.13,0.07,0.06,0.0238683256575942,0.00121312163963559,0.030891632027022,0.00126724458396909,0.00704526199349648,0.00148167703271749,0.00261684932048097,NA,0.0178286328176117,0.0422538985623967,NA,0.00826956663454829,0.861041769772483,8.21726262513893,0.0337997668989631,0.0256432399976243,0.0238683256575942,100
"house","R15","fastancom","single",0.01,0.00094758064516129,0.01,0.00197258064516129,0.0972840157045132,0.0399573333109322,0.0916608840914918,NA,-0.0076451446646881,0.502030230865689,NA,0.0298099999999998,23.61,235.77,0.03,0.02,0.01,0.01,0.000700435781987698,0.01,0.00100824756891262,0.00645168762339172,0.0025305319046378,0.00390859125913088,NA,0.0154526390168686,0.00797535713304672,NA,0.000341030820017782,0.861041769772483,8.21726262513893,0.0171446607997765,0.014070529413629,0.01,100
"house","R15","ldm","single",0.05,0.00277658812062837,0.101666666666667,0.00496675906079931,0.12488567127329,0.0494298232764129,0.0609607095878903,NA,NA,NA,NA,7.51408,23.61,235.77,0.11,0.06,0.05,0.021904291355759,0.00114413572385242,0.0295775531413883,0.0017824720431249,0.00721854737486812,0.00180814453609507,0.00254268640556434,NA,NA,NA,NA,0.569694140281175,0.861041769772483,8.21726262513893,0.031446603773522,0.0238683256575942,0.021904291355759,100
"house","R15","limma_logtss","single",0.02,0.0018692645074224,0.05,0.00257296821112611,0.101447422399139,0.0440873257084235,0.0802551652477992,NA,-0.0105139134265595,0.496748204251481,0.908001892576003,0.0342299999999987,23.61,235.77,0.06,0.04,0.02,0.014070529413629,0.000949072868941993,0.021904291355759,0.0010582800433484,0.00693037986294314,0.00258906627239841,0.00391113152769605,NA,0.0131422923498147,0.00716637631530251,0.00269496624880199,0.000271120011445191,0.861041769772483,8.21726262513893,0.0238683256575942,0.0196946385566932,0.014070529413629,100
"house","R15","linda","single",0.05,0.00165128434886499,0.095,0.00266555715825975,0.0943748071354693,0.0537315243203598,0.065980601023041,NA,-0.00754756882736646,0.474974901268227,0.887740855322722,0.15947,23.61,235.77,0.09,0.04,0.05,0.021904291355759,0.000850253197573431,0.0290375931885172,0.00101929826146281,0.00653185163591295,0.00169661357325313,0.00286021255892606,NA,0.00681190377754787,0.006597404454658,0.00213048369943921,0.00442932046684138,0.861041769772483,8.21726262513893,0.0287623491264661,0.0196946385566932,0.021904291355759,100
"house","R15","lm_logtss","single",0.02,0.00185851181925036,0.0605555555555556,0.0047256770614156,0.103310421575799,0.0458421526338101,0.0792921449742321,NA,-0.0105139134265595,0.496748204251481,0.906390766299206,0.0352999999999993,23.61,235.77,0.06,0.04,0.02,0.014070529413629,0.00094552636996804,0.0229006295278572,0.00193377073624704,0.00684558572769331,0.0025681905818156,0.00405074020778057,NA,0.0131422923498147,0.00716637631530251,0.00266403173434056,0.00036583928689848,0.861041769772483,8.21726262513893,0.0238683256575942,0.0196946385566932,0.014070529413629,100
"house","R15","logistic_presence","single",0.09,0.000715197956577267,0.11,0.000715197956577267,0.0550615873123385,0.0561095151686093,0.116465357892083,NA,-0.0140297197067315,0.71979119993566,NA,0.247839999999999,23.44,234.26,0.12,0.02,0.1,0.0278705521432152,0.000503488029896569,0.0306330514050402,0.000503488029896569,0.00444380927199526,0.00161000225762817,0.00216464433678106,NA,0.00670154892628147,0.0270019108839041,NA,0.00772743662333614,0.857565263882687,8.24280059301216,0.0383497988352882,0.014070529413629,0.0301511344577764,100
"house","R15","pursue","abundance",0.0483333333333333,0.00420585594050752,0.0733333333333333,0.0072883217984952,0.150728531808512,0.0535172681024707,0.0633971028771788,NA,0.0142797816928294,0.902818225942874,0.943243932315286,9.44569,23.61,235.73,0.16,0.1,0.06,0.0204185991664265,0.00141105461676016,0.0247682864459375,0.00194379024417109,0.0075876283340455,0.00191679019909598,0.00232179997880415,NA,0.0108488215386498,0.0188139441704207,0.00191551815089962,0.337987635209552,0.861041769772483,8.21844261340912,0.046536615322309,0.0333333333333333,0.0238683256575942,100
"house","R15","pursue","combined",0.035,0.00336091516303301,0.0583333333333333,0.00487326417187571,0.12955427651319,0.0456374229674991,0.0826326103310655,NA,NA,NA,NA,9.44569,23.61,235.77,0.12,0.08,0.04,0.0177738316327429,0.00118236540381004,0.0225200995147642,0.0015379543238764,0.00668044763307554,0.00147958348692299,0.00372124385010053,NA,NA,NA,NA,0.337987635209552,0.861041769772483,8.21726262513893,0.0356186309210063,0.0272659924344291,0.0196946385566932,100
"house","R15","pursue","presence",0.02,NA,0.02,NA,NA,0.0405073479761075,0.107250951997512,0.0456252900035046,NA,NA,NA,9.44569,0,234.26,0.02,NA,0.02,0.014070529413629,NA,0.014070529413629,NA,NA,0.00146007932959348,0.00655029822494389,0.00419521013623777,NA,NA,NA,0.337987635209552,0,8.24280059301216,0.014070529413629,NA,0.014070529413629,100
"house","R15","pursue03_epermcs1","single",0.075,0.00217760013833868,0.131666666666667,0.00296843531941776,0.0957087489057889,0.0503172225948316,0.0644398941433346,NA,-0.00142054047656362,0.393011270361357,NA,20.40015,23.61,235.77,0.14,0.05,0.09,0.0259904799975886,0.000991151499298705,0.0332739369800882,0.001074340289405,0.00626587116903133,0.001964842318602,0.00266384482035131,NA,0.00270780895386469,0.00496402057415787,NA,0.945626905453827,0.861041769772483,8.21726262513893,0.0402517331328978,0.021904291355759,0.0320825954263823,100
"house","R15","wilcoxon_tss","single",0.03,0.00152168615984405,0.045,0.00217760013833868,0.0863504889913168,0.0497921444531834,0.0686045920613065,NA,-0.0325774112492452,1.42778481555843,NA,0.14696,23.61,235.77,0.06,0.03,0.03,0.0171446607997765,0.000888564972816363,0.0202197523189179,0.000991151499298705,0.00640856150031344,0.00167766167771262,0.00234436384225805,NA,0.0194306620016872,0.0346412731108216,NA,0.00429246273875915,0.861041769772483,8.21726262513893,0.0238683256575942,0.0171446607997765,0.0171446607997765,100
"house","R15","zicoseq","single",0.035,0.00311423298923299,0.0783333333333333,0.00624474589820889,0.113876589930345,0.0504964239554949,0.0668739089703456,NA,NA,NA,NA,56.42185,23.61,235.77,0.12,0.08,0.04,0.0177738316327429,0.00109340615647596,0.0261068124550979,0.00180269893933615,0.00725505833288504,0.00163260382216389,0.00261718972708584,NA,NA,NA,NA,1.83110027487339,0.861041769772483,8.21726262513893,0.0356186309210063,0.0272659924344291,0.0196946385566932,100
"house","R16","adapt","single",0.0435155955155955,0.172801215416272,0.0919427864002835,0.25640368708165,0.553297057121095,0.0490815492336494,0.0634860174193282,NA,-0.0786563644319927,1.50778368071249,NA,0.355300000000001,26.99,240.53,5.39,5.06,0.33,0.0100092869640586,0.0119641977484953,0.0121876494965448,0.0150594446317441,0.0124710147079966,0.00174829445438634,0.00263927506286873,NA,0.0211756844275917,0.0428096646936419,NA,0.0103912016007328,0.792196154670513,8.40573944133147,0.441049024966888,0.415560957130129,0.0725509225553774,100
"house","R16","fastancom","single",0.0206666666666667,0.0487039427071353,0.0428816738816739,0.0746091387523898,0.410736417436936,0.0385910072426846,0.0896788643018984,NA,-0.0820082737093471,0.444011258489262,NA,0.029919999999998,26.99,240.53,1.59,1.53,0.06,0.0109639752922357,0.00634322689386512,0.0132917373770056,0.00860175748671521,0.0140326380903795,0.00250294727065483,0.00495631230486424,NA,0.0133701640518885,0.0082573700220459,NA,0.0003164448984219,0.792196154670513,8.40573944133147,0.211819915890071,0.205704014093409,0.0238683256575942,100
"house","R16","ldm","single",0.051768759018759,0.0937915833777885,0.107881784881785,0.146224594188401,0.404370470779805,0.0495794317842069,0.0618257751774265,NA,NA,NA,NA,10.00688,26.99,240.53,2.94,2.68,0.26,0.0136127350746865,0.00935840684347681,0.0172240880629345,0.0104712448123958,0.0118853205886888,0.00178645747341183,0.00260462581204499,NA,NA,NA,NA,0.871331480172382,0.792196154670513,8.40573944133147,0.319981060045558,0.28775691200046,0.0613320157961253,100
"house","R16","limma_logtss","single",0.0418560606060606,0.0826818805123044,0.0819517704517704,0.136566527728864,0.430665764124317,0.0583934942371887,0.0865740616573294,NA,-0.0380656414674794,0.447612679653356,0.941606505762811,0.0341000000000009,26.99,240.53,2.59,2.4,0.19,0.0142031496100212,0.00792898178238484,0.0173813286572009,0.0110084769012316,0.013937709017419,0.0038782153612904,0.00518008069472974,NA,0.0163647383638779,0.00845549770958001,0.0038782153612904,0.000287974465759165,0.792196154670513,8.40573944133147,0.263655345885763,0.236557806803318,0.0706320670013903,100
"house","R16","linda","single",0.060586038961039,0.152986912263966,0.110354538005854,0.229613749442329,0.506422081108284,0.0557000981835246,0.0645272333798519,NA,-0.0156167703287553,0.407496867529883,0.941378230515498,0.16009,26.99,240.53,4.86,4.47,0.39,0.0134522215982975,0.0118724293709071,0.0163070668422289,0.0145351857289969,0.0130426093994176,0.0020790741337288,0.00253448366538874,NA,0.00752853326146357,0.00779712889694038,0.00208363632689489,0.0042831380688897,0.792196154670513,8.40573944133147,0.409488471242852,0.378047883237298,0.0694785774701291,100
"house","R16","lm_logtss","single",0.0441254578754579,0.0972937946313086,0.0880626040626041,0.158117637425596,0.438613292316033,0.058315505789896,0.0872452456917595,NA,-0.0380656414674794,0.447612679653356,0.941684494210104,0.0345700000000014,26.99,240.53,3.09,2.85,0.24,0.0142672819126192,0.00895095298690344,0.0171101496914865,0.0122166283460902,0.014243441608601,0.00412492737340863,0.00518571136777257,NA,0.0163647383638779,0.00845549770958001,0.00412492737340863,0.000205605781469444,0.792196154670513,8.40573944133147,0.318486001785531,0.285817982625165,0.0865967083611721,100
"house","R16","logistic_presence","single",0.0522276222229783,0.254163531671534,0.0880611069689776,0.358860085808475,0.608370862256772,0.0519280600682791,0.115106599462534,NA,-0.0113344855760444,0.624587599424476,NA,0.253750000000001,26.81,239.15,7.7,7.27,0.43,0.0100069067286982,0.0147340798797387,0.0104775476459722,0.0174188536318311,0.0127337100543502,0.00178530755656595,0.00249068541792596,NA,0.00761646882526772,0.0223637497821944,NA,0.00806189910453588,0.79717873741962,8.42083005337828,0.539266242971021,0.510665044700328,0.0742028342185162,100
"house","R16","pursue","abundance",0.04,NA,0.09,NA,NA,0.0491064466823861,0.0590311690323953,0.0445264058565345,0.0119848396045276,0.88859600707972,0.9502749951678,9.60295,0,240.12,0.06,NA,0.06,0.0196946385566932,NA,0.0287623491264661,NA,NA,0.0015835023092758,0.0023324466009319,0.00397803517697468,0.0061439026306667,0.0182747243311358,0.00175915267148833,0.337674386036087,0,8.40416298958769,0.031204765240863,NA,0.031204765240863,100
"house","R16","pursue","combined",0.0319534632034632,0.0803723017173198,0.0702216282169842,0.118115441454385,0.362472327150828,0.0435169216355709,0.0837919782876161,NA,NA,NA,NA,9.60295,26.99,240.53,2.68,2.54,0.14,0.0130899229166495,0.00925467999653361,0.0153676061813966,0.0117143330225419,0.0172949118738758,0.00164596570140721,0.0048096672620954,NA,NA,NA,NA,0.337674386036087,0.792196154670513,8.40573944133147,0.342268132824946,0.324557196403613,0.0402517331328978,100
"house","R16","pursue","presence",0.0215220694338341,0.112393069189251,0.0566402347652348,0.176427430548653,0.455050176210604,0.0392374489501516,0.11433992754858,NA,NA,NA,NA,9.60295,26.81,239.15,3.64,3.51,0.13,0.0106418192110961,0.0115792541042055,0.0155259366677615,0.0154809390000285,0.0170511073725727,0.00161755949045738,0.0072490889287743,NA,NA,NA,NA,0.337674386036087,0.79717873741962,8.42083005337828,0.425338842939522,0.403393434039602,0.0393251147037698,100
"house","R16","pursue03_epermcs1","single",0.0544587495837496,0.187085524926294,0.0856448611158363,0.261006982543726,0.551524090223808,0.0509444101674872,0.0630038541545033,NA,-0.0204514085706999,0.294785909717953,NA,21.94405,26.99,240.53,5.81,5.41,0.4,0.0131967472134791,0.0129678464042476,0.0117683873229909,0.0151148586740788,0.0130668241497612,0.00163212859849727,0.0024342741547871,NA,0.00263780963950291,0.00627192418454763,NA,0.951805389387808,0.792196154670513,8.40573944133147,0.472195602339419,0.436490827422802,0.0765413996382732,100
"house","R16","wilcoxon_tss","single",0.0249462898212898,0.160341441565782,0.0572033391445156,0.252033324448025,0.570607224650715,0.0498702545450353,0.0653437507735424,NA,-0.0278413931649923,1.41183481972566,NA,0.146640000000002,26.99,240.53,4.9,4.7,0.2,0.00667378526665815,0.0122139164822869,0.00995465641650221,0.015167451322923,0.012667539967471,0.00174971005780099,0.00248396829450959,NA,0.0229172462793272,0.0258170338239423,NA,0.00418377143667577,0.792196154670513,8.40573944133147,0.430761599444003,0.410099766132362,0.0531816023478311,100
"house","R16","zicoseq","single",0.0596347818847819,0.0974845848598673,0.0998450520068167,0.15373692709381,0.452541105184535,0.0530714097009445,0.0654401402235156,NA,NA,NA,NA,57.45349,26.99,240.53,3.24,2.96,0.28,0.0155096637481809,0.00961926459401341,0.0180338992683329,0.0120010985680158,0.0127412030446565,0.00161400934301943,0.00306504057352971,NA,NA,NA,NA,1.87582350381739,0.792196154670513,8.40573944133147,0.340564000422591,0.311373626618465,0.0636911740868832,100
"house","R17","adapt","single",0.0734084526584527,0.1760628260469,0.139993183799046,0.236870219519623,0.434181810644408,0.0589962857379133,0.0634338186935808,NA,-0.300976793528728,1.86018054772889,NA,0.37334,28.24,253.66,5.76,5.19,0.57,0.0113250868701131,0.0109530722103364,0.0141472277540413,0.0126799874367811,0.0108497510064301,0.00191411930129618,0.00222866213270341,NA,0.0228920223821343,0.0487230806125327,NA,0.010100987250479,0.776695928698333,7.91459743292434,0.391350936571711,0.343097889262178,0.0855817879238476,100
"house","R17","fastancom","single",0.126835839598997,0.109801686464137,0.228593281846085,0.162316775814753,0.306785169180351,0.0929611649661475,0.142279844225888,NA,-0.199705776490702,0.568450367527627,NA,0.0302099999999993,28.24,253.66,4.64,3.46,1.18,0.0204632437320524,0.00887713656233663,0.0263983860092126,0.0115363383183248,0.0131441962977496,0.00577489061323361,0.00768769936363374,NA,0.0150108774078033,0.00915201002429061,NA,0.000322018570265576,0.776695928698333,7.91459743292434,0.478110760169544,0.304319077630866,0.273540202574032,100
"house","R17","ldm","single",0.0495205627705628,0.142058621205353,0.104892115194747,0.207209649981645,0.428745128236637,0.0506981134168937,0.0625689398058016,NA,NA,NA,NA,12.10719,28.24,253.66,4.45,4.19,0.26,0.0134409344609488,0.00923959126310793,0.0128470326461484,0.0117227973278598,0.00947831126501494,0.00179201081701006,0.00248524232278586,NA,NA,NA,NA,1.0817154481875,0.776695928698333,7.91459743292434,0.324231803847591,0.305734750026452,0.0579445921340012,100
"house","R17","limma_logtss","single",0.866714700310035,0.377883071269935,0.88204678910575,0.453860233223961,0.147860259241899,0.509451254922396,0.529855230202612,NA,-0.764260758178451,0.92569441383749,0.491912407446556,0.0343100000000008,28.24,253.66,95.92,10.91,85.01,0.00972716362127783,0.0135347796191754,0.0067347105748585,0.0136204608417925,0.00863407648863664,0.0131385959686639,0.0107719939489238,NA,0.0162112088936427,0.0150555066579313,0.0127501912305175,0.00029360008532177,0.776695928698333,7.91459743292434,4.74266429831004,0.524567161639677,4.39562443134239,100
"house","R17","linda","single",0.143216438754482,0.221666527131441,0.217350500158858,0.296189495479093,0.429845585105845,0.0774138393331428,0.0760132393216966,NA,0.0924732687819649,0.516882159148886,0.889340447775559,0.1654,28.24,253.66,8.03,6.53,1.5,0.0179222286241719,0.0105684078907217,0.0200578980323482,0.012218080344343,0.0114561852888749,0.00315577466809122,0.00350710893425034,NA,0.00840524732645112,0.00707801273143223,0.00342366479883848,0.00403394686042431,0.776695928698333,7.91459743292434,0.499586697868217,0.368851616712622,0.228079376577984,100
"house","R17","lm_logtss","single",0.86594944980106,0.379828267392263,0.879711431720994,0.459422510831637,0.146444537643836,0.505722484532318,0.52943395313788,NA,-0.764260758178451,0.92569441383749,0.495061025443201,0.0352200000000003,28.24,253.66,94.92,10.97,83.95,0.00915523280046324,0.0135482434585802,0.00685456272028907,0.013600428095521,0.0084170596794728,0.0131915592088239,0.0107985133458193,NA,0.0162112088936427,0.0150555066579313,0.0128293754343111,0.000356350752189424,0.776695928698333,7.91459743292434,4.66916989139906,0.519022974910406,4.33152351483816,100
"house","R17","logistic_presence","single",0.0727414084453558,0.248584276082284,0.146129941395034,0.332374376033037,0.482835248876554,0.068058678557918,0.112298766125501,NA,0.144269867796037,0.893400296386304,NA,0.269160000000001,28.06,252.06,7.65,6.99,0.66,0.0115309153420456,0.0113636633041266,0.0131574665738679,0.0126519670129796,0.00991521340670837,0.00240761324424683,0.00223052060761482,NA,0.0122651359366097,0.0462718314860257,NA,0.00804146727653569,0.779642497714449,7.92206763134193,0.405361791265755,0.35774123033107,0.111210056953842,100
"house","R17","pursue","abundance",0.04,0.001,0.08,0.00430252100840336,0.119389623857635,0.0509795418624385,0.0603583553276225,0.0515572148439795,-0.0180063592488799,1.11549158214623,0.949141073316093,9.96891,18.58,253.26,0.05,0.01,0.04,0.0196946385566932,0.001,0.0264299255619011,0.00192566608510249,0.00779230221736091,0.00161980711602274,0.00266168479229834,0.00740118224046545,0.0100800635522803,0.021633766427884,0.00160842068378295,0.318480366201051,0.618270641271754,7.9172439342963,0.021904291355759,0.01,0.0196946385566932,100
"house","R17","pursue","combined",0.0285634920634921,0.0518207571696265,0.0793419913419913,0.0744464449549872,0.315493242509509,0.0469048283273708,0.0749950708737631,NA,NA,NA,NA,9.96891,28.24,253.66,1.72,1.59,0.13,0.00922209607256719,0.0057352781691512,0.0168931127831719,0.00750367676167238,0.0118878780697789,0.00174108858344401,0.00391892060038626,NA,NA,NA,NA,0.318480366201051,0.776695928698333,7.91459743292434,0.213711785526038,0.18968075252589,0.0393251147037697,100
"house","R17","pursue","presence",0.0151230158730159,0.0976415972397873,0.0641684981684982,0.148573993780837,0.471400763297861,0.0440072252353859,0.0845041566841419,0.0444446686870929,NA,NA,NA,9.96891,19.74,252.05,2.22,2.11,0.11,0.0052218724708937,0.00968483817422845,0.0159569229271523,0.0126002997205194,0.0168075775414203,0.00157623272160545,0.00533670196808819,0.00716171279558256,NA,NA,NA,0.318480366201051,0.520803574907434,7.92148816495201,0.247239302553766,0.224686088540965,0.0373219679669936,100
"house","R17","pursue03_epermcs1","single",0.0335973748473749,0.143255253742607,0.0581084091347249,0.211249601845687,0.477750558343353,0.0449148884867631,0.0588790769369558,NA,-0.0254215729809338,0.335325112926848,NA,19.83488,28.23,253.61,4.45,4.23,0.22,0.00823428972781584,0.00925098793322863,0.00948105804745986,0.0106552615271923,0.010158863485743,0.00181662934835623,0.00211523954695439,NA,0.00283675190174073,0.00529117175580739,NA,0.796654133828134,0.776401307249666,7.91290845404016,0.305959329178097,0.283860472198522,0.0542720420239975,100
"house","R17","wilcoxon_tss","single",0.0369548784548785,0.192693877714126,0.0902255938076372,0.275105324314436,0.495601676048653,0.0551208541736957,0.0640741616715241,NA,-0.000823916227769147,1.70200888093378,NA,0.15381,28.24,253.66,5.83,5.54,0.29,0.00758795398404148,0.0101474108105687,0.0107476561006701,0.0114308242966412,0.00969761161071632,0.00181627244690522,0.0027150960862521,NA,0.024066376277613,0.055560970343662,NA,0.00405671148602011,0.776695928698333,7.91459743292434,0.352782589643474,0.331638113587444,0.0573752489486468,100
"house","R17","zicoseq","single",0.0538055555555556,0.145714900033392,0.0987879970906287,0.21203209599461,0.428572869004271,0.0523924024818909,0.0568058758527068,NA,NA,NA,NA,60.34632,28.24,253.66,4.86,4.45,0.41,0.00959528238079847,0.00901422336274228,0.0117881354688168,0.0110329891081774,0.0100491626271959,0.00190664572814655,0.00221910631809585,NA,NA,NA,NA,1.75900357490865,0.776695928698333,7.91459743292434,0.35018609771135,0.308916320270219,0.0779730593204985,100
"house","R18","adapt","single",0.143644716394716,0.154912934181294,0.236471849701726,0.219222775833561,0.367866784894394,0.0769896557342976,0.0860777173483417,NA,-0.624021697757897,2.05953081193289,NA,0.36791,27.93,255.9,5.54,4.51,1.03,0.016816100994583,0.00933243741175857,0.017721482064046,0.0111974017525831,0.00793903983448683,0.00247252486072526,0.00297239758160353,NA,0.0291027842679586,0.0468018581749059,NA,0.0102533768273499,0.756287450028564,8.44263470772488,0.392716516874784,0.319246271424087,0.135925558949587,100
"house","R18","fastancom","single",0.397209170735089,0.206108150501094,0.490252925179525,0.269591435983272,0.253220877603052,0.180885450595668,0.231662267869607,NA,-0.235838333711377,0.702807212062636,NA,0.0304599999999995,27.93,255.9,16.68,6.23,10.45,0.0300085633508332,0.0126987046853063,0.0302370518109974,0.0147156715295742,0.00985850154790267,0.00989098518374414,0.0108015855454999,NA,0.0129342333522481,0.00793939834664753,NA,0.000354030187607425,0.756287450028564,8.44263470772488,1.68102181527616,0.420402644899368,1.4211515461666,100
"house","R18","ldm","single",0.0540908242084713,0.155084064714756,0.12899853509064,0.220097281334231,0.436956007095939,0.0523335389483875,0.0622020822265531,NA,NA,NA,NA,12.14157,27.93,255.9,4.76,4.4,0.36,0.0112025640494126,0.010763663135619,0.0144634933545918,0.0113140551009186,0.00829032354675837,0.00157365606645868,0.00273621373371409,NA,NA,NA,NA,1.05376584611353,0.756287450028564,8.44263470772488,0.358763307921966,0.329063562678745,0.07180219742846,100
"house","R18","limma_logtss","single",0.90409011438102,0.634126189076968,0.901582662873787,0.692322012525247,0.0973139369905772,0.787501465762552,0.752445284497433,NA,-1.49071784559634,1.62907540320837,0.217419659455837,0.0343999999999998,27.93,255.9,188.55,17.31,171.24,0.00232079347899019,0.0113030200614015,0.00235326825522982,0.0111220560828827,0.00556508346621352,0.00623467310694198,0.00597152096988549,NA,0.0170639871338044,0.0159469750368238,0.00630594904943997,0.000274505984185361,0.756287450028564,8.44263470772488,5.42212778316499,0.424905218189239,5.11612858684882,100
"house","R18","linda","single",0.361278004251001,0.291117494357502,0.436400294423963,0.367866280462841,0.343291515876656,0.128974626651058,0.130747898778931,NA,0.220019635647342,0.683959409768387,0.838888158517722,0.164999999999999,27.93,255.9,17.05,8.4,8.65,0.0257053053894753,0.0121415422566623,0.0226599598883353,0.012306819129951,0.0122479544314564,0.0053763000355033,0.00524612869261499,NA,0.01053962378434,0.00791743265741177,0.00561009783701283,0.00419012788792552,0.756287450028564,8.44263470772488,1.19994738941911,0.415847679961417,0.957941290033745,100
"house","R18","lm_logtss","single",0.902939175980743,0.639920807117947,0.900833926444974,0.697365977596851,0.0958555675529748,0.78510267885926,0.751264803412279,NA,-1.49071784559634,1.62907540320837,0.219338709819848,0.0343699999999998,27.93,255.9,187.88,17.47,170.41,0.00233443205362229,0.0113521297119399,0.00237524577021971,0.0110783462163067,0.0053587885871209,0.00638261112081328,0.00601390986790123,NA,0.0170639871338044,0.0159469750368238,0.00643446866005111,0.000159326232883343,0.756287450028564,8.44263470772488,5.38023468377777,0.428635372815034,5.07005658127932,100
"house","R18","logistic_presence","single",0.135327381639688,0.2894553462465,0.232767655819126,0.383744646910105,0.478361852779746,0.0866012444004362,0.130661626118346,NA,0.249734268622136,0.963720541942164,NA,0.26817,27.78,254.03,9.57,7.88,1.69,0.0146689522314361,0.0127063361825284,0.0174601304129439,0.0130584399518042,0.00856954774853849,0.00388773341333435,0.00404016999131261,NA,0.017911664175931,0.0471977858278703,NA,0.0078980377949274,0.758997211903158,8.44445254518484,0.527286746591751,0.365502283429145,0.244410236357571,100
"house","R18","pursue","abundance",0.04,0.00382032967032967,0.075,0.00490856496444732,0.0927524889201735,0.0494672157489227,0.061980418447211,0.0549164842295647,0.0180818399067189,1.54250588340944,0.950421425816953,10.03861,18.13,255.51,0.12,0.06,0.06,0.01836773631599,0.00177336315054441,0.025,0.00191073483778325,0.00766415103788062,0.00170382938031356,0.00226728433802621,0.00787173074916714,0.0201505128221682,0.0406029884133227,0.00167286164689,0.340394863073858,0.558072983171067,8.45448294209539,0.0408989886516436,0.0238683256575942,0.0277797979063414,100
"house","R18","pursue","combined",0.0205277777777778,0.0548463050708184,0.067964590964591,0.0852806099704876,0.305931907881871,0.0454322125673889,0.0651545035534039,NA,NA,NA,NA,10.03861,27.93,255.9,1.75,1.66,0.09,0.0074195917257441,0.00556628655429259,0.0161745720735382,0.00734628329796347,0.0116538023996076,0.00170786106775439,0.00283644383070816,NA,NA,NA,NA,0.340394863073858,0.756287450028564,8.44263470772488,0.199684093942751,0.184894182130911,0.0287623491264661,100
"house","R18","pursue","presence",0.0297777777777778,0.115277095983739,0.066465367965368,0.171364621107618,0.470356691274011,0.0456475585033361,0.0818304927458426,0.0480638666888667,NA,NA,NA,10.03861,19.19,254.02,2.52,2.37,0.15,0.00889398002350108,0.0104911371417575,0.0144085176759446,0.0146557227566904,0.0176938261600516,0.00148756455033058,0.00453360505465889,0.0118140069235816,NA,NA,NA,0.340394863073858,0.494350916134307,8.44536786551293,0.260721609337925,0.238113375932516,0.0457816513022367,100
"house","R18","pursue03_epermcs1","single",0.0184562834825993,0.144640169980201,0.0525780330780331,0.195242311191613,0.466167976752095,0.0455952084003681,0.0602030883640427,NA,-0.0254272904651775,0.344989066379209,NA,23.20411,27.93,255.83,4.4,4.24,0.16,0.00576725318127798,0.0100181902322181,0.0086836396715064,0.0114643142947966,0.00961647868094458,0.00142414503918056,0.00248638459132945,NA,0.00321098055831118,0.00588222264473403,NA,0.920381166745604,0.756287450028564,8.43960187437653,0.351619629196613,0.322903494354995,0.0506921785850339,100
"house","R18","wilcoxon_tss","single",0.0603095048226627,0.234657338620517,0.12623674792755,0.317877017941344,0.494767369574125,0.066554496909936,0.0782537949353499,NA,0.0385930151401452,1.67484313290734,NA,0.153289999999999,27.93,255.9,6.96,6.47,0.49,0.0105322101201214,0.0110863916670969,0.01238609100367,0.0122558763704177,0.00810860137091312,0.00239483527320967,0.00399983900804491,NA,0.025374393717114,0.0555641810568487,NA,0.00412394571773539,0.756287450028564,8.44263470772488,0.366231146306882,0.334982285073601,0.0915577865767204,100
"house","R18","zicoseq","single",0.0553455613014436,0.151408009358541,0.127173991041638,0.207129360264876,0.432022337059817,0.053228119416926,0.0626585067047157,NA,NA,NA,NA,60.62377,27.93,255.9,4.79,4.48,0.31,0.0114926533673095,0.00941851867576853,0.0159550996441128,0.0106924146102053,0.00895176265113903,0.00176388497461223,0.00261477051459656,NA,NA,NA,NA,1.88531404172629,0.756287450028564,8.44263470772488,0.336738666168483,0.316061622939182,0.0580751863770343,100
"house","R19","adapt","single",0.158148863906991,0.140097866543504,0.293377832369392,0.211990907787933,0.329764896256344,0.0963369772593798,0.116914498531035,NA,-0.985891995400968,2.47353079892097,NA,0.373990000000001,29.73,263.17,5.74,4.45,1.29,0.017360353450059,0.0098779503871214,0.0175525972392297,0.0109943625091591,0.00934938558999578,0.00251188928866004,0.00366783629549439,NA,0.0338993834932296,0.0546450655355986,NA,0.01003452117201,0.743979879167482,8.26682618370044,0.469820511611949,0.338259060365265,0.171914354998486,100
"house","R19","fastancom","single",0.560589778227216,0.279185133407031,0.649367776567045,0.341011840088551,0.231091796918645,0.240737610373096,0.28775282348321,NA,-0.195723335588167,0.867895353893279,NA,0.0309700000000014,29.73,263.17,33.56,8.92,24.64,0.0289964152663646,0.0133311952167697,0.0263160308127539,0.0147264152366708,0.00945884281081643,0.0111728796385861,0.0112278079732801,NA,0.0158448006193078,0.00818630293962524,NA,0.000388328456205532,0.743979879167482,8.26682618370044,2.68122239572803,0.497606391852156,2.37429500434903,100
"house","R19","ldm","single",0.0616441336441336,0.162293243176088,0.108349174363648,0.233898496344286,0.443320871676378,0.0513985887248768,0.064680828624974,NA,NA,NA,NA,10.9902,29.73,263.17,5.43,4.9,0.53,0.0101802730933059,0.0110394400099287,0.0121683208367114,0.0119707968195902,0.00977332940897118,0.00186653428738926,0.00270049810835706,NA,NA,NA,NA,0.860381176038161,0.743979879167482,8.26682618370044,0.400316793744074,0.342155968924564,0.0926108399528245,100
"house","R19","limma_logtss","single",0.895339428779945,0.761783369563898,0.894152261995676,0.79696760640064,0.0880389260179893,0.874018032951411,0.835042201955763,NA,-2.29314272007408,2.4418749762688,0.13120154546878,0.035019999999999,29.73,263.17,222.71,22.32,200.39,0.00225752649950275,0.0101159470131653,0.0021405395344661,0.00914126246364776,0.00552460652576046,0.00411932409009682,0.0042551433433403,NA,0.0208034055501996,0.0188856392850005,0.00410013093357841,0.000282835569891617,0.743979879167482,8.26682618370044,6.51460356399064,0.526639815195827,6.1307783710018,100
"house","R19","linda","single",0.520112115163804,0.342280102090713,0.592365628711107,0.402431297961697,0.269063537271678,0.174542966589212,0.168399408542696,NA,0.369902977841514,0.904727945785018,0.798225779376521,0.16912,29.73,263.17,29.59,10.56,19.03,0.0239523984561119,0.0122747840938885,0.0181051172357714,0.0131403754872011,0.0116666177669946,0.00646638184899062,0.0061529370706276,NA,0.011688896198376,0.0118667700791805,0.00663594993280925,0.00427561278022983,0.743979879167482,8.26682618370044,1.88787171067305,0.488104972978626,1.58639767263999,100
"house","R19","lm_logtss","single",0.894642348231221,0.766542155919047,0.893688823154077,0.800648519737551,0.0911882157484686,0.873287174061739,0.833738194002033,NA,-2.29314272007408,2.4418749762688,0.1314545302637,0.0351800000000016,29.73,263.17,222.41,22.46,199.95,0.00224011117248147,0.0102907386151053,0.00212873119098485,0.00865546682957331,0.00570449730958408,0.00413514156155657,0.00429650767479774,NA,0.0208034055501996,0.0188856392850005,0.00408693207677699,0.000425305594231911,0.743979879167482,8.26682618370044,6.49396137526505,0.533223473533633,6.10390461222581,100
"house","R19","logistic_presence","single",0.187906485793338,0.340081856675704,0.283884340876544,0.421647632756579,0.480421350559639,0.106346931366423,0.145597864874243,NA,0.350014721127032,1.15562206691347,NA,0.27499,29.51,261.21,13.08,9.7,3.38,0.0182789452722051,0.0142195793641419,0.0194057772123923,0.0140572363618419,0.0102186128885047,0.00624394502266627,0.00658106920213639,NA,0.0243867348709795,0.0586600151123602,NA,0.00769985563291136,0.751092806542843,8.2817835267434,0.783372661810921,0.405143695670331,0.543980837452158,100
"house","R19","pursue","abundance",0.02,5e-04,0.065,5e-04,0.0756951555712069,0.0489914608578653,0.0599299962536461,0.0474521809889457,-0.0122707422269883,2.22414959850916,0.950941622282564,10.36826,18.97,262.5,0.04,0.01,0.03,0.014070529413629,5e-04,0.0242618293546955,5e-04,0.00594203870555625,0.00167227695439103,0.0023273363855427,0.00667261204522275,0.0160684989775721,0.0634237725100585,0.00170572860993436,0.344103446279479,0.618152182890363,8.28743115515991,0.0242878362539562,0.01,0.0222701503353614,100
"house","R19","pursue","combined",0.025452380952381,0.0641854416755553,0.0634785828206881,0.0959466957472255,0.309130202407468,0.0491099079508283,0.0616773774902456,NA,NA,NA,NA,10.36826,29.73,263.17,2.22,2.06,0.16,0.00838055711768527,0.00749261949267554,0.013750395134344,0.00949700412005215,0.012169277283322,0.00150421232401138,0.0026719854489419,NA,NA,NA,NA,0.344103446279479,0.743979879167482,8.26682618370044,0.27471932416688,0.248559486203641,0.0506921785850339,100
"house","R19","pursue","presence",0.031453081232493,0.12808939563496,0.0711720715644864,0.183603628770873,0.484915489231156,0.0474226520236079,0.0646489547483686,0.0346659174159174,NA,NA,NA,10.36826,20.7,261.21,3.1,2.89,0.21,0.0083454686392328,0.0129269127781271,0.0146105555373485,0.0161845662963645,0.0166641800689678,0.00135399002716874,0.00298370634372228,0.00649943946528214,NA,NA,NA,0.344103446279479,0.528672818948496,8.2817835267434,0.349747383583112,0.314592890683637,0.065589787330195,100
"house","R19","pursue03_epermcs1","single",0.0214613997113997,0.134735405407824,0.0539725522697491,0.195976776500164,0.485421994795223,0.0445050491095875,0.0590375396341956,NA,-0.0207641313582035,0.341187469861674,NA,29.64801,29.72,263.14,4.38,4.21,0.17,0.00578819865235022,0.0102132174722536,0.00917266176109537,0.0130515747134597,0.010689814513261,0.00134687826074735,0.0025559317361839,NA,0.002763946796569,0.00584108471435515,NA,1.13296121355196,0.744553286178764,8.26628811449971,0.348960939610349,0.326380517838063,0.0472581562625261,100
"house","R19","wilcoxon_tss","single",0.077646059701131,0.258863618055695,0.162869100064571,0.348512249683945,0.500356973965555,0.075245590451047,0.0845421637653022,NA,0.0411929176555577,1.88076998517565,NA,0.157279999999999,29.73,263.17,8.44,7.55,0.89,0.0106038403850972,0.0130428938155955,0.0143902642582196,0.0141644536858378,0.010130042935992,0.00354746982858576,0.00501227749460924,NA,0.0276740021139009,0.0718964642650662,NA,0.00406373664938498,0.743979879167482,8.26682618370044,0.472543087661823,0.387265732378618,0.155631655267211,100
"house","R19","zicoseq","single",0.0606150793650794,0.13772376198021,0.107303969078737,0.197193601857131,0.446246652614115,0.051805227578936,0.0566780581496668,NA,NA,NA,NA,62.53856,29.73,263.17,4.7,4.3,0.4,0.0141708146043576,0.0102003646021839,0.0157498193080717,0.0126460450912295,0.0113735524038252,0.00167239475000251,0.00231642794606551,NA,NA,NA,NA,1.85896242355403,0.743979879167482,8.26682618370044,0.378059906535053,0.336199796297236,0.0828775414010748,100
"house","R20","adapt","single",0.0448606116106116,0.15872688613014,0.0872927123615978,0.225335828706654,0.474769225368176,0.0489354696573323,0.0582201730038464,NA,0.0556471638401717,1.7184187941416,NA,0.394519999999999,26.99,241.31,4.72,4.45,0.27,0.0101704523423435,0.0107648228781694,0.0117221985421908,0.0122155452838657,0.0102391527885624,0.00170629295569333,0.00220861795829125,NA,0.0272626006317543,0.0461236762370402,NA,0.0107776562733961,0.790536833328141,7.99930167406676,0.33122972588995,0.312169016639216,0.0547814758929522,100
"house","R20","fastancom","single",0.0193888888888889,0.0539153738728512,0.041272582972583,0.0819867499313289,0.354695884219247,0.0427184908267403,0.0908277250343445,NA,-0.142450840007426,0.521530661856212,NA,0.0307400000000007,26.99,241.31,1.72,1.62,0.1,0.00867284270143049,0.00614947718562256,0.0137415927276183,0.00791610869483556,0.0129816688253907,0.00271156769895975,0.00441128057138188,NA,0.0143701771617901,0.00865637394748163,NA,0.000405422837008152,0.790536833328141,7.99930167406676,0.216995089084681,0.198875627344115,0.0541229427257326,100
"house","R20","ldm","single",0.046202380952381,0.0755058422606138,0.0842142857142857,0.122205754387764,0.385155801749559,0.0460962105941044,0.062391030136223,NA,NA,NA,NA,12.31691,26.99,241.31,2.28,2.12,0.16,0.0139071792059418,0.00723526959846306,0.0159055168503823,0.00932686619107407,0.00969328472600882,0.00177198343809673,0.00199358533655743,NA,NA,NA,NA,1.09987666618911,0.790536833328141,7.99930167406676,0.221144863166772,0.20610872878364,0.0394917201397453,100
"house","R20","limma_logtss","single",0.0484207459207459,0.0996355493878286,0.112902783017109,0.144685179975367,0.407253685410777,0.0539269756429482,0.0897689496792152,NA,-0.0245626090625569,0.508124996665012,0.924984016936034,0.0349500000000023,26.99,241.31,3.1,2.77,0.33,0.0143178097047122,0.00867424271697318,0.0205746074823595,0.011416473418394,0.0122544326172934,0.00426831725722473,0.00519461184605819,NA,0.0164778718157172,0.00897215426927076,0.00409719090875089,0.000319840553710737,0.790536833328141,7.99930167406676,0.342155968924564,0.248573709166695,0.155735465946378,100
"house","R20","linda","single",0.0548412698412698,0.133603291997075,0.0974664224664225,0.201714422734941,0.450945583699213,0.0541719822536649,0.0667335873422336,NA,-0.00923308697464857,0.474296520831972,0.91333731984084,0.173509999999999,26.99,241.31,4.08,3.77,0.31,0.0112520055805096,0.00968149031173809,0.0136128310625423,0.0114212131756437,0.011498362652079,0.00217310781822164,0.00289276416405351,NA,0.00784840081948066,0.00784533624287021,0.00244085934225298,0.00449211419033286,0.790536833328141,7.99930167406676,0.321197255230609,0.296394154715465,0.059789191955967,100
"house","R20","lm_logtss","single",0.0530837495837496,0.106415127025584,0.0956862479840421,0.155633255825334,0.412763780393866,0.0547941531346681,0.0893650201001314,NA,-0.0245626090625569,0.508124996665012,0.924166133479497,0.0354300000000025,26.99,241.31,3.31,2.96,0.35,0.0149673917584818,0.00892847143706993,0.0174704042540005,0.0113436980494597,0.0125012003388649,0.00419294270954468,0.00523319421774096,NA,0.0164778718157172,0.00897215426927076,0.00401100737879158,0.00026902555171332,0.790536833328141,7.99930167406676,0.344859801699593,0.253827269670307,0.147966007562343,100
"house","R20","logistic_presence","single",0.0679243060860708,0.177126887511157,0.0971487602954321,0.245305869300057,0.469234051260669,0.0525244491857868,0.0612000266005006,NA,0.0168074046790608,0.853234891145615,NA,0.26679,26.9,239.98,5.19,4.83,0.36,0.0140541661314834,0.0104341135919907,0.0112663538164307,0.0122392126565688,0.00981650082749158,0.00166431511932535,0.00247914417334862,NA,0.00941505939775535,0.0390993641677217,NA,0.00768299046102756,0.786694914747063,8.01682548825225,0.31930954551749,0.299513072850052,0.0611671001553461,100
"house","R20","pursue","abundance",0.045,0.00279558516196447,0.0671428571428571,0.00592697131966642,0.126012585135769,0.0484419113917987,0.061333582683999,0.0416687844319423,-0.0240526619966015,0.996424902330204,0.9494581788809,19.58147,17.16,240.93,0.11,0.05,0.06,0.0202197523189179,0.00130323431861904,0.0236971373523718,0.00201741148215767,0.0074600228895493,0.00179196744106793,0.00240080494444714,0.00597920832040773,0.00804620690433139,0.0181220268470845,0.00177106599375296,0.695619901646486,0.591816242296935,7.99060376222276,0.0373219679669936,0.021904291355759,0.0277797979063414,100
"house","R20","pursue","combined",0.0440833333333333,0.0442350380853994,0.0807738095238095,0.080340273780835,0.30316112839692,0.0486060696674614,0.0670235378770994,NA,NA,NA,NA,19.58147,26.99,241.31,1.35,1.25,0.1,0.0167720970883411,0.00559076318227002,0.0175052826412089,0.00769073113302539,0.0116056362741382,0.00162832694708588,0.00273027335093124,NA,NA,NA,NA,0.695619901646486,0.790536833328141,7.99930167406676,0.175450358457395,0.168400076777256,0.0333333333333333,100
"house","R20","pursue","presence",0.0258333333333333,0.094592737016429,0.0618055555555555,0.137419419090714,0.431079553215363,0.0459441279925361,0.0710439737470166,0.0341179278238102,NA,NA,NA,19.58147,19.44,239.84,2.05,1.98,0.07,0.012061326180217,0.00960824859376927,0.0144253507900894,0.0115496271790014,0.0151463094724388,0.00139693370042055,0.00362707100782414,0.00695121707472332,NA,NA,NA,0.695619901646486,0.582110406411469,8.02211236948766,0.228466561441647,0.225173333907526,0.0293188669562103,100
"house","R20","pursue03_epermcs1","single",0.0304325396825397,0.114798706967218,0.0628548520193257,0.193356130318385,0.474548696679256,0.0455268407805395,0.0579866386455524,NA,-0.0202337490101621,0.367377204315962,NA,13.6927,26.99,241.25,3.44,3.27,0.17,0.00796587019801576,0.00870491108575812,0.0106045967054832,0.0114324809417965,0.0104055959499585,0.00157836173777036,0.00225311400227504,NA,0.00311634300723005,0.00551411229691914,NA,0.526620721720533,0.790536833328141,7.9980726845076,0.27972569536327,0.264328766822109,0.0403394686042433,100
"house","R20","wilcoxon_tss","single",0,NA,0,NA,NA,NA,NA,NA,NA,NA,NA,0.0267400000000016,0,0,0,NA,0,0,NA,0,NA,NA,NA,NA,NA,NA,NA,NA,0.000310951618569228,0,0,0,NA,0,100
"house","R20","zicoseq","single",0.0414448051948052,0.108192423087798,0.114287379287379,0.163862956155203,0.425954453216262,0.0476338791113891,0.0668925586853894,NA,NA,NA,NA,58.41271,26.99,241.31,3.32,3.12,0.2,0.0129333397912011,0.00811355532432574,0.0173759695354567,0.010086400020645,0.00999493887489352,0.00173335729307489,0.00292825219724063,NA,NA,NA,NA,1.81403914457197,0.790536833328141,7.99930167406676,0.275930016013796,0.257132595594514,0.0471404520791032,100
"house","R21","adapt","single",0.0311309523809524,0.0822132815495199,0.0689233821733822,0.116181776687272,0.361498150943791,0.0481607339532021,0.0595867231688005,NA,0.00108783698669132,1.90088092430554,NA,0.38649,26.43,236.6,2.55,2.4,0.15,0.00870426724367923,0.0075332523716623,0.0126141330459022,0.0094746850564272,0.0101780852297607,0.00188237969280411,0.00193535084755392,NA,0.0268990698290575,0.0551961656556311,NA,0.0116577064726308,0.831726329310722,8.29584294095604,0.253211693284812,0.235702260395516,0.0385992097056273,100
"house","R21","fastancom","single",0.0075,0.0219660846707587,0.0295634920634921,0.0385115846961448,0.284445573131239,0.0401501808727003,0.107271490561158,NA,-0.115912993813681,0.573569762688262,NA,0.0302499999999992,26.43,236.6,0.71,0.69,0.02,0.00556753758384034,0.00353580450885531,0.0102439778804948,0.00540810359188027,0.012638825915041,0.00299263694338019,0.00563404369963949,NA,0.0193945507523853,0.0120322343682515,NA,0.000298945959779834,0.831726329310722,8.29584294095604,0.117460502710357,0.114322775376112,0.014070529413629,100
"house","R21","ldm","single",0.0154285714285714,0.0348877623278174,0.0632579365079365,0.0578310398852836,0.271662492883574,0.0468291302583865,0.068140053543952,NA,NA,NA,NA,9.91462,26.43,236.6,1.01,0.939999999999999,0.07,0.00574371928945222,0.00541029469193628,0.0152192988385137,0.00782551887773021,0.00975742408023025,0.00163717774060535,0.00264339175758534,NA,NA,NA,NA,0.72505037160855,0.831726329310722,8.29584294095604,0.153409072203516,0.137671839362795,0.0256432399976243,100
"house","R21","limma_logtss","single",0.04,0.0442480745837674,0.0610396825396825,0.0718927252115748,0.30321639399948,0.0482816428455918,0.085322082150619,NA,-0.0288179662567482,0.561272594649391,0.932200979187467,0.0348200000000011,26.43,236.6,1.66,1.33,0.33,0.0120697561013336,0.00683578417866342,0.0144731750090242,0.00847548260322038,0.0103954194429602,0.00305887468098703,0.00399543284487607,NA,0.01823486884876,0.0107132101956463,0.00327049925294387,0.00032423336152714,0.831726329310722,8.29584294095604,0.351682823124485,0.213699969039953,0.167002691564834,100
"house","R21","linda","single",0.0379722222222222,0.07603306946719,0.101925907425907,0.118753874083664,0.342574207636449,0.0529283998426062,0.0638330793223535,NA,-0.00777889445276887,0.522014304344279,0.918332818064181,0.17075,26.43,236.6,2.38,2.19,0.19,0.0109142246735381,0.00804821878982491,0.0171748201013695,0.0101292621882408,0.0103271706896872,0.00191214524175097,0.00215655496618387,NA,0.00831924354781904,0.00974835351562696,0.00227129179036847,0.00468661052166885,0.831726329310722,8.29584294095604,0.268094661406652,0.245235405356576,0.0506423386569623,100
"house","R21","lm_logtss","single",0.0321362637362637,0.0536718777117863,0.0579568764568765,0.0824564084046648,0.310351518558665,0.0485059017106326,0.0842626799248807,NA,-0.0288179662567482,0.561272594649391,0.932335687890264,0.0349900000000002,26.43,236.6,1.81,1.56,0.25,0.011272015698723,0.00769128658442351,0.0136132410851845,0.00958453803293457,0.0106566762696015,0.00305427357668579,0.00396951220199076,NA,0.01823486884876,0.0107132101956463,0.00323657118318025,0.000231593077477214,0.831726329310722,8.29584294095604,0.323395807772532,0.231080028989914,0.120079939703482,100
"house","R21","logistic_presence","single",0.0577983405483406,0.0886781237169078,0.124227605727606,0.133203771513868,0.357159467478076,0.056985590179381,0.0621939503599592,NA,0.00757639259845269,0.989667693786589,NA,0.259789999999999,26.29,234.94,2.68,2.45,0.23,0.0148481629904078,0.00788650463330636,0.0182665739168986,0.00971166081670802,0.00972087002793942,0.00182540096844578,0.00221629408388552,NA,0.0113658309522199,0.0478182239414057,NA,0.0078501791139573,0.835003780309594,8.32842061251651,0.251813623559372,0.230228257399153,0.0489382212074519,100
"house","R21","pursue","abundance",0.03,0.00272222222222222,0.08,0.00478571428571428,0.117021480378772,0.0486021822444603,0.0636206226749586,0.0492884045778783,-0.00988894338634448,1.15564059736036,0.950348962264657,19.18276,17,236.28,0.06,0.03,0.03,0.0171446607997765,0.00227284511479003,0.0272659924344291,0.00348722198157966,0.00806730144322236,0.00194757298824916,0.0025285231845891,0.00847614785998859,0.0104595248680938,0.0245806328398888,0.00178603610864799,0.720433131661752,0.59203467001946,8.29572215425553,0.0277797979063414,0.0222701503353613,0.0171446607997765,100
"house","R21","pursue","combined",0.0353333333333333,0.0201126288136702,0.0950238095238095,0.0358239659150165,0.223909062359431,0.0488925452562439,0.0745151645480481,NA,NA,NA,NA,19.18276,26.43,236.6,0.66,0.61,0.05,0.0174838068418609,0.00357674425991901,0.0257858040012527,0.00530442507357359,0.0110450350215806,0.0017072647513293,0.00300914865725714,NA,NA,NA,NA,0.720433131661752,0.831726329310722,8.29584294095604,0.113902315049947,0.109077861172558,0.021904291355759,100
"house","R21","pursue","presence",0.0579285714285714,0.0427520420636312,0.0741468253968254,0.0619429589051911,0.323109648028186,0.0489127273359785,0.0809245818019409,0.054500333000333,NA,NA,NA,19.18276,18.24,234.8,1.01,0.9,0.11,0.0220818866867266,0.00564795534821744,0.022925566570764,0.00786187179779079,0.0157955800713936,0.00175582212111452,0.00420706090774435,0.0100434302807571,NA,NA,NA,0.720433131661752,0.589147646600536,8.32568133530041,0.139620698300572,0.129099444873581,0.0373219679669936,100
"house","R21","pursue03_epermcs1","single",0.0177063492063492,0.0601429189732316,0.0468412698412698,0.100184931635181,0.363029044548563,0.047391657902677,0.0630147197406041,NA,-0.0215664964189913,0.400418576061768,NA,13.39948,26.42,236.58,1.85,1.77,0.08,0.00682893531664788,0.00625905691095123,0.0129060528896537,0.00841134141830035,0.0104084876513877,0.00166371681022965,0.00259053022895859,NA,0.00296695651165703,0.0070883780066443,NA,0.548689420250609,0.831231288237789,8.29540678552738,0.202197523189179,0.189552902985692,0.0272659924344291,100
"house","R21","wilcoxon_tss","single",0,NA,0,NA,NA,NA,NA,NA,NA,NA,NA,0.0263399999999997,0,0,0,NA,0,0,NA,0,NA,NA,NA,NA,NA,NA,NA,NA,0.000292402103102918,0,0,0,NA,0,100
"house","R21","zicoseq","single",0.0483644688644689,0.0603749460748718,0.0833506493506494,0.086165780206524,0.323917643356499,0.0516570774949623,0.0722808041942195,NA,NA,NA,NA,57.26582,26.43,236.6,1.93,1.79,0.14,0.0161725468300945,0.00650481343412498,0.0176884058306881,0.00868782760033805,0.0113203053507012,0.00202400005836222,0.0037229047315424,NA,NA,NA,NA,1.89558568958025,0.831726329310722,8.29584294095604,0.226637698683706,0.211438077474377,0.0348735088019777,100
"house","R22","adapt","single",0,NA,0,NA,NA,NA,NA,NA,NA,NA,NA,0.0235900000000002,0,0,0,NA,0,0,NA,0,NA,NA,NA,NA,NA,NA,NA,NA,0.000299526562454992,0,0,0,NA,0,100
"house","R22","fastancom","single",0.0166384966215714,0.478471633198139,0.0389631630154092,0.549118139314137,0.70789400468717,0.0320948277568859,0.115732559948902,NA,0.00631590190140739,0.279291170108042,NA,0.0313999999999993,31.13,239.74,16.45,16.07,0.38,0.00354937881514409,0.0185786246700739,0.00546442103067125,0.0181440324217198,0.0111152665838765,0.00249584280549224,0.00587557258369953,NA,0.00797425063930141,0.00415415129140063,NA,0.000648074069840788,0.910949665420265,8.58479534474242,0.858042757522825,0.830024339426504,0.0801261631441442,100
"house","R22","ldm","single",0.0489346438147421,0.571859845608386,0.0916679024083568,0.637318418529886,0.726239833124168,0.0466927893423995,0.0688527226476735,NA,NA,NA,NA,27.40994,31.13,239.74,19.26,18.25,1.01,0.0058828267638496,0.0133768696885619,0.00866356376053573,0.0132854127205725,0.0106111608896041,0.0022393547574004,0.00304906447500919,NA,NA,NA,NA,1.65607526922461,0.910949665420265,8.58479534474242,0.74638793498753,0.690099539006783,0.141774468787578,100
"house","R22","limma_logtss","single",0.0351814054581771,0.586181476368966,0.0744014358507386,0.638876431121069,0.726734843669557,0.0466762891066817,0.0874789256112622,NA,-0.0034771132228371,0.27725291378797,0.902308677051235,0.0354800000000004,31.13,239.74,19.43,18.59,0.84,0.00545638601301177,0.0124197893097882,0.00764918402973582,0.0115298400916312,0.00902913905943046,0.00289825457047667,0.00412183654264745,NA,0.00712021989741226,0.00394251172689084,0.0032309122068534,0.000325818317099488,0.910949665420265,8.58479534474242,0.769527600072101,0.708689928065451,0.15681166726331,100
"house","R22","linda","single",0.0423933357177021,0.681131088630867,0.0905817106822548,0.7272885430732,0.763770937457938,0.049972246917131,0.0629121488285495,NA,-0.00425666118127583,0.269120657193746,0.890593924350732,0.16692,31.13,239.74,22.49,21.42,1.07,0.00478847016409422,0.00997774153691266,0.00646721192250785,0.00897240031569591,0.00789032808092016,0.002100300251184,0.00250853716374618,NA,0.00344511155611438,0.00358543117715073,0.00276277906240172,0.00507982104194461,0.910949665420265,8.58479534474242,0.771394513170463,0.716780117870005,0.128907609229136,100
"house","R22","lm_logtss","single",0.0313709273125039,0.590394028622915,0.0741596059815192,0.64058743418784,0.726854833808731,0.0468421416941778,0.0864136070063761,NA,-0.0034771132228371,0.27725291378797,0.901106693828579,0.0358400000000002,31.13,239.74,19.47,18.7,0.77,0.00491972614366423,0.0120723098444659,0.00753147926360564,0.0118057422868125,0.00900574844720436,0.0029376602486772,0.00412996706311901,NA,0.00712021989741226,0.00394251172689084,0.00329855911867769,0.000412854072098666,0.910949665420265,8.58479534474242,0.755244959926877,0.700721129273337,0.13322343956108,100
"house","R22","logistic_presence","single",0.0491901041066088,0.708509628850308,0.0908070321381634,0.738844003560093,0.749161741431977,0.0539999720218697,0.0614056992955036,NA,-0.0012892401658451,0.343241029954563,NA,0.27332,30.95,238.02,23.2,22.04,1.16,0.00464482516065894,0.00902987860746182,0.00619341726513907,0.00772146710642327,0.00749460422987419,0.00208907897353052,0.0025617978331654,NA,0.00457766453697613,0.00268849346346307,NA,0.00946143560123743,0.916997185592103,8.61877185466864,0.745491499453599,0.70880750617363,0.112564235309032,100
"house","R22","pursue","abundance",0.0425,0.0536214794421114,0.0674285714285714,0.080505988212285,0.332132840038916,0.0504293805757897,0.0637600249263337,0.0514607655416479,-0.00651972522285853,0.492189301648014,0.942695120588537,10.18839,19.62,239.74,1.23,1.16,0.07,0.0170616085070689,0.00666411443171395,0.0185253102710724,0.00925939125177736,0.0152546734612465,0.00150744023243724,0.00236979685208587,0.00661110868219014,0.00444953161954495,0.0102403986142113,0.00157859044812799,0.366147915105854,0.659626463013023,8.58479534474242,0.146924704140824,0.14544949486181,0.0256432399976243,100
"house","R22","pursue","combined",0.0631821426174015,0.464155860653173,0.120096717882729,0.526982323240644,0.638633693685513,0.0544828003580941,0.0963154212660299,NA,NA,NA,NA,10.18839,31.13,239.74,16.81,15.87,0.94,0.00888790578659722,0.0230331175348638,0.0122402591116811,0.0220875797782995,0.0183601294404789,0.0015735329285737,0.00542046477938818,NA,NA,NA,NA,0.366147915105854,0.910949665420265,8.58479534474242,1.06569036760025,1.01011600493921,0.100322711609318,100
"house","R22","pursue","presence",0.0783895125356359,0.600807325284533,0.124802899158844,0.66551105215403,0.748323201062468,0.0534672164498498,0.107558376772736,0.0561839410589411,NA,NA,NA,10.18839,23.54,237.99,16.37,15.27,1.1,0.0112737124913701,0.0281864431139353,0.0114655005314924,0.0261729460509472,0.0206565820175743,0.00191170574211145,0.00682825628688566,0.00974041965407991,NA,NA,NA,0.366147915105854,0.66703323255542,8.61659773725434,0.977489569553486,0.931475965737965,0.112366643743874,100
"house","R22","pursue03_epermcs1","single",0.0225007567011482,0.562539927567127,0.0420208813851472,0.649973020849811,0.768023859651077,0.0362933812515897,0.0634261082647846,NA,0.00127570038250833,0.241943092812022,NA,1.02653,28.03,220.47,16.66,19.433734939759,0.53,0.00345324282886987,0.0153959289165204,0.00479478814770431,0.0144272671463377,0.00859232886193962,0.00127503322198538,0.0027795168032959,NA,0.00210236531103954,0.00284522995983068,NA,0.0539946470504346,1.43029664225589,11.8403389847051,1.00082995861465,0.750588518452695,0.080972622883081,100
"house","R22","wilcoxon_tss","single",0,NA,0,NA,NA,NA,NA,NA,NA,NA,NA,0.0285499999999992,0,0,0,NA,0,0,NA,0,NA,NA,NA,NA,NA,NA,NA,NA,0.000325785763403457,0,0,0,NA,0,100
"house","R22","zicoseq","single",0.067459333199304,0.629876793574401,0.119535819529224,0.68937568230047,0.753310002108518,0.0556276405683426,0.0879794554580977,NA,NA,NA,NA,59.15809,31.13,239.74,21.8,20.24,1.56,0.00809035548681046,0.0139610457222573,0.00958455996365071,0.0118562860724087,0.00806816131045413,0.00235484644813655,0.0063869756434203,NA,NA,NA,NA,1.99518251635146,0.910949665420265,8.58479534474242,0.863397096042456,0.785232385342008,0.203663418116234,100
"house","R23","adapt","single",0.112056366835779,0.170765926325884,0.162689607906713,0.230973216816152,0.415006274955091,0.065842213111266,0.0777860557913423,NA,0.0038976548044083,1.74121898487142,NA,0.32736,24.6,218.31,5.08,4.45,0.63,0.0189861290066165,0.0112164632488136,0.0190891862433971,0.0126970535734133,0.0112705458043174,0.00251516585964397,0.00367133334887515,NA,0.0316449823528355,0.0465680531481817,NA,0.00912249434257447,0.798483410958398,8.1621161719275,0.344855408142677,0.307277060515737,0.0939105527573548,100
"house","R23","fastancom","single",0.0477662337662338,0.049426028753117,0.0908968253968254,0.0739018762155117,0.329478699451048,0.0479600369568499,0.087603436318887,NA,-0.0723216289836171,0.517485234794816,NA,0.0300900000000005,24.6,218.31,1.58,1.43,0.15,0.0154717349631036,0.00633020418822277,0.0201216052974917,0.00781772873570237,0.0124200891478609,0.00333478301075429,0.00502855921391804,NA,0.0139927394379977,0.00752706021587621,NA,0.000329706021488958,0.798483410958398,8.1621161719275,0.211383131500194,0.196049365047055,0.0435194139889245,100
"house","R23","ldm","single",0.139477633477633,0.135070937484382,0.200831557331557,0.187125578876273,0.332701390618778,0.0736748322198714,0.0880411223792323,NA,NA,NA,NA,17.0811,24.6,218.31,4.08,3.35,0.73,0.0214768212035247,0.0106968299191814,0.0193671879563018,0.0116455483936791,0.00987005277294495,0.00224653589851772,0.00304419804989992,NA,NA,NA,NA,1.41156046357329,0.798483410958398,8.1621161719275,0.326190128606002,0.26944574611786,0.103333333333333,100
"house","R23","limma_logtss","single",0.112178571428571,0.0894965893173904,0.180350682033227,0.146839603129477,0.348611054966957,0.0702287407489045,0.0936278628950249,NA,-0.0263578158306893,0.524107227757938,0.906304244776649,0.0349299999999999,24.6,218.31,2.85,2.39,0.46,0.0242787613761883,0.00909624606168105,0.0251465333490969,0.0115028481370046,0.0125147041566825,0.00377702913406203,0.00551860523615044,NA,0.0177143819008516,0.00769242034043979,0.00384044438232866,0.000325438321360659,0.798483410958398,8.1621161719275,0.27938424357067,0.23948387263556,0.102907234876363,100
"house","R23","linda","single",0.132947552447552,0.155007684325372,0.178445484254308,0.220602096898142,0.390023897428004,0.07309169978295,0.0828970582973414,NA,-0.0134694936861985,0.483128479447624,0.892055351276238,0.151030000000001,24.6,218.31,4.84,4.08,0.76,0.0203249710925352,0.00990285498448721,0.0205490207722478,0.0132058958709169,0.0118212112064364,0.00235510688735553,0.00303774640464019,NA,0.00712072928825569,0.00642913999167315,0.00283839899164926,0.00398939136139131,0.798483410958398,8.1621161719275,0.340445341138677,0.281654563125281,0.113813599159043,100
"house","R23","lm_logtss","single",0.124005772005772,0.0987987859699435,0.183279349735232,0.155141119075836,0.353556273300715,0.0697716832001837,0.0938497636600545,NA,-0.0263578158306893,0.524107227757938,0.9068726453825,0.0356599999999992,24.6,218.31,3.09,2.57,0.52,0.0248729693583154,0.00947323360048097,0.0265486515094502,0.0117915068662113,0.0125907846533537,0.00378053005444379,0.00548478892170924,NA,0.0177143819008516,0.00769242034043979,0.00377941134627022,0.000286821663524021,0.798483410958398,8.1621161719275,0.284301376583499,0.243814385435836,0.110535884753241,100
"house","R23","logistic_presence","single",0.0561194083694084,0.172012808541805,0.11929568586728,0.251052141345483,0.44681174879772,0.0631861007956778,0.118703625495289,NA,0.0181234968092113,0.906198818746407,NA,0.24322,24.47,217.15,4.69,4.35,0.34,0.0134608544934351,0.0120020943432218,0.0144662305476381,0.0144369573532688,0.0111836482931033,0.00203760770558527,0.00282000292546531,NA,0.0139471664923525,0.0496990264560903,NA,0.00820360329798474,0.800562302385017,8.21190777425863,0.35751527480259,0.32640527575455,0.0669991708074726,100
"house","R23","pursue","abundance",0.283,0.00674375680443455,0.417547619047619,0.0124264385727941,0.0809560050657454,0.0736091843174655,0.082362492269773,0.0601264097030585,-0.0235445771156941,1.04102059784682,0.923965295660384,9.00498,15.95,217.95,0.55,0.12,0.43,0.0437354946291929,0.00209011058089559,0.0469579854808684,0.00320202762731191,0.00647011212536041,0.00277838118158628,0.00368822117103748,0.00920541699566626,0.0180184736839225,0.0190168504370515,0.00280061240953827,0.329336514823303,0.579511288357124,8.1616419297773,0.0903137069140983,0.0356186309210063,0.0755518418576332,100
"house","R23","pursue","combined",0.192857142857143,0.0295824950899764,0.265869047619048,0.0468301357855108,0.190318191659191,0.0611968130307026,0.0894775732027725,NA,NA,NA,NA,9.00498,24.6,218.31,1.23,0.85,0.38,0.0354195954949225,0.00473954603435245,0.0368012527136802,0.00650347346463666,0.010484608139568,0.00260131786801684,0.00480919400314423,NA,NA,NA,NA,0.329336514823303,0.798483410958398,8.1621161719275,0.171655633655457,0.141688946554619,0.0749140922131558,100
"house","R23","pursue","presence",0.0315833333333333,0.0455802939199643,0.0644848484848485,0.0706069531109394,0.329974063562148,0.0358206380284506,0.169622352969503,0.030488455988456,NA,NA,NA,9.00498,17.43,217.14,1.01,0.95,0.06,0.0152983309866283,0.00674072169970597,0.0183212351324371,0.00901106409217339,0.0160640422310071,0.00148128881641792,0.00891791716920463,0.00701573247945416,NA,NA,NA,0.329336514823303,0.598357178557518,8.21128836210595,0.16048852188417,0.153330039490313,0.0238683256575942,100
"house","R23","pursue03_epermcs1","single",0.0191349206349206,0.0867137706073627,0.0654764124764125,0.138911049002897,0.420284165114646,0.0464683530740518,0.0701621455262603,NA,-0.0274823015117479,0.389585256949009,NA,11.73043,24.59,218.29,2.41,2.32,0.09,0.00815036462641537,0.00894908270228748,0.0144157651823345,0.0110621696355747,0.0113889351170544,0.00189682972120893,0.00295929627726745,NA,0.00350139960955693,0.00528402903619733,NA,0.504967591170288,0.79786267520473,8.16199984159161,0.259795957231708,0.249799919935936,0.0350900716914789,100
"house","R23","wilcoxon_tss","single",0.0706237373737374,0.149588590363104,0.143271492396492,0.220656986123337,0.429376668685769,0.0654661741738947,0.0801498709001083,NA,0.0196225606616817,1.93221921637886,NA,0.137009999999998,24.6,218.31,4.14,3.72,0.42,0.0148479221752602,0.0114104003575809,0.0190132013260444,0.0135363555108684,0.0111134095717245,0.00212577872449054,0.00361680287632004,NA,0.0323286413041927,0.0585538503488448,NA,0.00389611292952282,0.798483410958398,8.1621161719275,0.322245906478925,0.28358455885362,0.0806288416201678,100
"house","R23","zicoseq","single",0.16597619047619,0.138600532827905,0.245101005719427,0.199471632253716,0.358701813125349,0.0735427169546782,0.0898226275234115,NA,NA,NA,NA,53.51606,24.6,218.31,4.42,3.56,0.86,0.0242137895214446,0.0102379057038368,0.0230433643268258,0.0124629586380304,0.0115310151088397,0.00254008073302863,0.00363786898785068,NA,NA,NA,NA,1.84573459629591,0.798483410958398,8.1621161719275,0.320094682962098,0.270920615306366,0.11978094484297,100
"house","R24","adapt","single",0.037987234987235,0.183258472473258,0.0764372832302231,0.252553873527033,0.478666208765875,0.0484225341193889,0.0641019259857912,NA,0.0366192345787028,1.66757565529963,NA,0.35999,26.67,238.54,5.31,5.05,0.26,0.00852230772259525,0.0121322345237375,0.0100373374031405,0.0138912446588408,0.0112256293665613,0.00168476526608407,0.00238555012697205,NA,0.0220594951525731,0.0496747635694072,NA,0.010208715775149,0.780579297960201,8.28880734923471,0.383681001759419,0.363032958962309,0.0543464382782842,100
"house","R24","fastancom","single",0.0146666666666667,0.0632573089662989,0.036023199023199,0.0983994753974693,0.370023128412242,0.0383049984290419,0.0902854889118512,NA,-0.125162401266275,0.515831683658168,NA,0.0308400000000009,26.67,238.54,2.03,1.98,0.05,0.00749590235985983,0.00720061383083022,0.0110639757443862,0.00960230299177659,0.0118986036382484,0.00211335136599871,0.00524966607661856,NA,0.0121155413256649,0.00899988429569576,NA,0.000338660462839924,0.780579297960201,8.28880734923471,0.244311028788876,0.23909763020088,0.021904291355759,100
"house","R24","ldm","single",0.0633891941391942,0.140594552032446,0.106013315116256,0.209230883426071,0.419895442108047,0.0519180930470997,0.0681948731116006,NA,NA,NA,NA,13.45449,26.67,238.54,4.22,3.84,0.38,0.0144522165422315,0.0105641564143509,0.013688327251862,0.0113304389117248,0.0106148151332145,0.00191316536797057,0.00270520003802369,NA,NA,NA,NA,1.24972385592162,0.780579297960201,8.28880734923471,0.332902752202865,0.29940007354776,0.0929646397423464,100
"house","R24","limma_logtss","single",0.0344150432900433,0.11962975635546,0.0648362777461243,0.160152890268701,0.418782288182561,0.050032458661533,0.0853983035259547,NA,-0.02819172797835,0.507735266400196,0.922607963721902,0.034579999999998,26.67,238.54,3.52,3.23,0.29,0.0111864568715839,0.0105236170069763,0.0138699367835087,0.0125221015359561,0.0128202278730284,0.00402507976638824,0.00496476079594617,NA,0.0146435704868928,0.0090633569355304,0.00397929648367529,0.00024543509088625,0.780579297960201,8.28880734923471,0.311879282525606,0.257358375292768,0.128938948829485,100
"house","R24","linda","single",0.0443069136745607,0.165173248366835,0.0835354718381034,0.234868132941892,0.452566746829221,0.0571225669999193,0.064194351150958,NA,-0.0121891366363337,0.482549362739465,0.905827123386949,0.16125,26.67,238.54,4.94,4.59,0.35,0.00968705486067941,0.0114831652799403,0.0121840349394992,0.0131075883378166,0.0126371209144194,0.0019174498524901,0.00233038486005904,NA,0.00720493357793979,0.0080874060356461,0.0026071946410835,0.00415923883382138,0.780579297960201,8.28880734923471,0.376002364058762,0.345269620892298,0.0821122660899347,100
"house","R24","lm_logtss","single",0.0320725108225108,0.122989270285176,0.072118857993858,0.177469545632865,0.421236094058201,0.0501657002511254,0.0847951253261963,NA,-0.02819172797835,0.507735266400196,0.922597139038379,0.0357100000000013,26.67,238.54,3.66,3.36,0.3,0.0114902356907368,0.0108657442455179,0.0142020769714117,0.013114774993071,0.0129606435957619,0.00388530179089042,0.004994349622036,NA,0.0146435704868928,0.0090633569355304,0.00388285803416393,0.000404093948472231,0.780579297960201,8.28880734923471,0.337016020360751,0.274697262197106,0.145990175399344,100
"house","R24","logistic_presence","single",0.0517028527028527,0.182873613974052,0.0952886059159279,0.267089846637032,0.478463481184531,0.0564706261006296,0.115031243451266,NA,0.000644619378779021,0.840843597619898,NA,0.25973,26.6,236.94,5.28,4.94,0.34,0.0101127500113619,0.0121974206800578,0.0113692821622252,0.014802997047556,0.011743923771356,0.00199289783828156,0.0023623340269646,NA,0.0104158459780539,0.0417047323900122,NA,0.00763737295518324,0.781735959970572,8.31918580903519,0.380079736450927,0.352142074174672,0.063912819409321,100
"house","R24","pursue","abundance",0.045,0.0154601874033695,0.0883333333333333,0.0205960417451062,0.160832296226216,0.0491557315639524,0.0608647880387334,0.0541784049284049,-0.0160019659463949,0.890937049167492,0.949280861217273,9.61715,17.43,238.23,0.35,0.29,0.06,0.0189296944860009,0.00265718759430129,0.0263208852647918,0.003409131358279,0.00861170153419414,0.00177483859561048,0.00240531198867973,0.00961410339673518,0.00771464078456869,0.0176290296006946,0.00177460577069475,0.335768963791257,0.552726026713109,8.28920260326527,0.0557320429022713,0.0477683805651624,0.0238683256575942,100
"house","R24","pursue","combined",0.0241753246753247,0.0539080049216003,0.0452197802197802,0.0804904545803153,0.312933596174552,0.0439987764396714,0.0848795014368406,NA,NA,NA,NA,9.61715,26.67,238.54,1.69,1.59,0.1,0.00897603296367918,0.00602111915776704,0.013727256083843,0.00800192598696055,0.0133084071026376,0.00169864590683942,0.00456955124048882,NA,NA,NA,NA,0.335768963791257,0.780579297960201,8.28880734923471,0.212105843599107,0.194933296024537,0.036237153766974,100
"house","R24","pursue","presence",0.0121154401154401,0.0845921614621466,0.0533193473193473,0.131139604541457,0.445126424400031,0.0398682946407258,0.107903927448863,0.0374359668109668,NA,NA,NA,9.61715,18.28,236.94,1.84,1.77,0.07,0.00470458291441576,0.0101073827017144,0.01409555496153,0.013588356347282,0.018177056401623,0.001720934911822,0.0067903452159957,0.00782893757454024,NA,NA,NA,0.335768963791257,0.577014258528725,8.31918580903519,0.2435926389228,0.230876677912777,0.0256432399976243,100
"house","R24","pursue03_epermcs1","single",0.0546258741258741,0.178491708287626,0.076114716982364,0.248026220230169,0.474208413816469,0.0507901242754218,0.0637174957013316,NA,-0.0286000153777893,0.395890633194944,NA,21.57534,26.67,238.54,5.23,4.91,0.32,0.0113977196754704,0.0120679226182878,0.0104653147253442,0.0132250823452312,0.011587343404988,0.00175714126968002,0.00250362051342039,NA,0.00330989313329185,0.00666958270539112,NA,0.976512538176629,0.780579297960201,8.28880734923471,0.377084777328559,0.357628270412142,0.0633731931983991,100
"house","R24","wilcoxon_tss","single",0.0229563492063492,0.154797889538688,0.0641895603966038,0.230377631882124,0.482094799716609,0.0503211212554815,0.0676598314303078,NA,-0.0133269491098134,1.59888884228734,NA,0.150329999999998,26.67,238.54,4.34,4.21,0.13,0.00721401891680011,0.0113610882742036,0.00915425829803045,0.0136556798409564,0.0116007745730255,0.00194677995581054,0.00247505239480558,NA,0.0286039544468263,0.0539297683033299,NA,0.004077408936612,0.780579297960201,8.28880734923471,0.326047650976158,0.318549426892809,0.0366666666666667,100
"house","R24","zicoseq","single",0.0503770951270951,0.148208145988316,0.0992006610090976,0.202363412704499,0.449342323740985,0.0498233833161976,0.0643083984068496,NA,NA,NA,NA,57.71999,26.67,238.54,4.55,4.25,0.3,0.013293891027151,0.0106319043000199,0.0131650067126249,0.0128707056971177,0.0118981799736351,0.00160427799146165,0.00227115794986326,NA,NA,NA,NA,1.84325163041547,0.780579297960201,8.28880734923471,0.352014405123059,0.332840544830146,0.0643538199442282,100
"house","R25","adapt","single",0.357311068779085,0.075548459302651,0.425927243324846,0.121104354677573,0.210497612984988,0.125169598895884,0.15834922173022,NA,-1.30558716746802,2.52618669207089,NA,0.346729999999998,22.27,212.22,4.44,1.77,2.67,0.0347873645496017,0.00710634073513342,0.0333276342424099,0.00953025928472902,0.00944322584219664,0.00529447121092713,0.00615963533504548,NA,0.0480805773637988,0.0621135574595722,NA,0.00966625761934957,0.849462694111324,8.05889407656992,0.549806210120319,0.181939605919163,0.438559395560446,100
"house","R25","fastancom","single",0.3703181150187,0.122445865424299,0.44080759986137,0.173049119590094,0.230364546367524,0.140906476648189,0.218727003434879,NA,0.161882443193873,0.679065160132592,NA,0.0302800000000005,22.27,212.22,8.45,2.91,5.54,0.0333759692792361,0.0126007652074743,0.0340980453639749,0.01557868677804,0.00814920451022665,0.0102542026347688,0.010634786791053,NA,0.0176666172003401,0.0109704714761507,NA,0.00038640534534242,0.849462694111324,8.05889407656992,1.1892935684343,0.280365922510298,0.999132957451943,100
"house","R25","ldm","single",0.380803913612034,0.0560059892002642,0.531543116088224,0.133965134295505,0.145973049090927,0.13491993215543,0.265137072076464,NA,NA,NA,NA,29.26141,22.27,212.22,5.65,1.33,4.32,0.0397150761940807,0.00819208107489401,0.0376089565059276,0.0138314687664313,0.00781241888994145,0.00641713186595242,0.00761160241591587,NA,NA,NA,NA,1.438734512758,0.849462694111324,8.05889407656992,0.920295846151902,0.196461114974362,0.766716730908192,100
"house","R25","limma_logtss","single",0.592941517121429,0.110286302176479,0.654021879342581,0.174693505094153,0.131909166507697,0.201210331852244,0.277311348523517,NA,-0.537104200620071,0.854445690561661,0.778894639329962,0.0357599999999999,22.27,212.22,16.13,2.58,13.55,0.0366272656072042,0.0118861274755731,0.0341303650449137,0.014743500704927,0.00915739256331407,0.0138854507773196,0.0165311829306502,NA,0.0253334297776754,0.0195607007814344,0.0132740686007749,0.000464957910553097,0.849462694111324,8.05889407656992,2.39939617825027,0.288912974908894,2.16124613324925,100
"house","R25","linda","single",0.478010896818442,0.106341914652481,0.525077692318338,0.160197993846652,0.203227610666092,0.112903256801479,0.115718286494493,NA,-0.235162353364205,0.675432053633772,0.852651472234711,0.148950000000002,22.27,212.22,7.07,2.28,4.79,0.03488491556021,0.0089795280248928,0.0316082837879863,0.0119858123315358,0.0114142681361399,0.00468474504575702,0.00422546274154657,NA,0.0109385101412578,0.0120431689950912,0.00499757370711468,0.00422241194416921,0.849462694111324,8.05889407656992,0.651998481748248,0.195959179422654,0.543333333333333,100
"house","R25","lm_logtss","single",0.63570490335201,0.1132265118969,0.675058302019227,0.172416998691357,0.125875738476558,0.203237428198597,0.275144127556451,NA,-0.537104200620071,0.854445690561661,0.777193248964669,0.0356499999999994,22.27,212.22,17.17,2.69,14.48,0.0349110762416132,0.0119783974590632,0.0335299001992438,0.0151621838498759,0.0090292745556864,0.0138052822853994,0.0162953503389615,NA,0.0253334297776754,0.0195607007814344,0.0132147239129856,0.000269820366731115,0.849462694111324,8.05889407656992,2.36122100754348,0.296680285693526,2.11509629171637,100
"house","R25","logistic_presence","single",0.589109533346515,0.169826672544411,0.690662004608529,0.256632093452615,0.173602916966333,0.216546322322826,0.284090187308051,NA,-1.16630401982181,3.01242674831119,NA,0.253589999999999,22.18,211.63,17.76,4.11,13.65,0.031469674293604,0.0126978503770753,0.0242582686689923,0.0127499615331166,0.0093257604224083,0.00883397863575864,0.00919675333440398,NA,0.0458864573208702,0.113797962249205,NA,0.0086707227687968,0.854858958181897,8.09141776292273,1.8473087167416,0.337517676304785,1.62097208645014,100
"house","R25","pursue","abundance",0.50922619047619,0.00785576351752822,0.645160561660562,0.0169532170638174,0.0652954835022174,0.0927439692435211,0.10244807157712,0.102825868575869,0.174170674314188,1.42302355203048,0.905059540810274,8.69947,13.58,205.56,1.46,0.1,1.36,0.0488478110224911,0.00280269166716035,0.0449223874841576,0.00398055553331051,0.00664758362842319,0.00297460595080657,0.00323392214311516,0.0146721621218393,0.0189977770344494,0.0330836044001798,0.00297664780332934,0.315432114534646,0.589500730373688,7.79246359560883,0.194063407319891,0.0333333333333333,0.182861652181051,100
"house","R25","pursue","combined",0.518268398268398,0.0249541411061232,0.649834392946235,0.0413486390657746,0.0967743762145149,0.10615412938319,0.127346907768366,NA,NA,NA,NA,8.69947,22.27,212.22,2.53,0.56,1.97,0.0449956813346658,0.00457351378365021,0.0386515188682513,0.00577541130851383,0.00760740071017945,0.00334523117278252,0.00413810577117295,NA,NA,NA,NA,0.315432114534646,0.849462694111324,8.05889407656992,0.321440884805033,0.0988008915021325,0.262641976996839,100
"house","R25","pursue","presence",0.356647058823529,0.030258131683941,0.460422209369578,0.040936817210117,0.125494273577673,0.0879601847655573,0.161904353118751,0.104426886245068,NA,NA,NA,8.69947,15.67,211.63,1.61,0.5,1.11,0.0435117492121858,0.0054196586423691,0.0435571280551581,0.00651621201430868,0.00951223640513731,0.00323908178914022,0.00827341489682382,0.013251148762403,NA,NA,NA,0.315432114534646,0.621671744231437,8.09141776292273,0.248589962985173,0.0926599081904282,0.196378834054606,100
"house","R25","pursue03_epermcs1","single",0.142535014005602,0.0290671253874377,0.209482600732601,0.0539887187476752,0.239559307784152,0.0763884103486346,0.101016859564237,NA,-0.0127279256574571,0.386447027787497,NA,18.08816,22.27,212.22,1.13,0.66,0.47,0.0300180751019115,0.00469306481289469,0.0305925225772024,0.00752209488304552,0.0110333358197983,0.00274647671306832,0.00342376385801133,NA,0.00702737412836267,0.006427717360997,NA,0.936974041415699,0.849462694111324,8.05889407656992,0.212562527936672,0.0966300871228715,0.147336624123403,100
"house","R25","wilcoxon_tss","single",0.621131572521725,0.121165434943346,0.665852238989587,0.204467951158164,0.142734683872874,0.213465655472965,0.290885662174405,NA,-1.76412393602001,5.00145434967704,NA,0.13647,22.27,212.22,14.86,2.9,11.96,0.0352008239552939,0.0116976584080103,0.0309801291585283,0.0136984974506988,0.00894315744835887,0.00919135577219145,0.00944095766055021,NA,0.097880986642391,0.166526735500854,NA,0.0040614087967283,0.849462694111324,8.05889407656992,1.61314173668226,0.291807325390428,1.39609267152104,100
"house","R25","zicoseq","single",0.167582053251408,0.0759902608803554,0.305722041847042,0.136618553879602,0.268893994215925,0.110959877086438,0.205517207951847,NA,NA,NA,NA,52.0493,22.27,212.22,2.45,1.58,0.87,0.0268910950578486,0.00923642911857691,0.0309175477008664,0.0146450164542708,0.0103612269446824,0.00816107067333689,0.0111490305109281,NA,NA,NA,NA,1.80968411192382,0.849462694111324,8.05889407656992,0.376688119528529,0.188122032175657,0.25411959325634,100
"mid","R00","adapt","single",0.0075,0.0156551021959407,0.0833571428571429,0.0270218255519498,0.210995243285728,0.0503953564752871,0.0703599180741639,NA,-0.0383309120038852,1.08876904918785,NA,0.33781,28.34,285.17,0.52,0.5,0.02,0.00556753758384034,0.00294920093132514,0.0222029264556755,0.00403330124703421,0.0103715827208353,0.00203386564416067,0.00303661081911246,NA,0.021200210790164,0.0293568290835902,NA,0.0142661688882291,1.72908687293074,17.2374155823777,0.0893070970066633,0.0846859915908007,0.014070529413629,100
"mid","R00","fastancom","single",0,0.00446775205470858,0,0.00637229750925403,0.203544009907193,0.0288752975434862,0.109074563521546,NA,-0.0256006897207225,0.473934424414627,NA,0.0326499999999989,28.34,285.17,0.14,0.14,0,0,0.00153852209710648,0,0.00186005438894242,0.0101049959103723,0.00212363813358468,0.00597482320007155,NA,0.0161588563038867,0.00740517965663481,NA,0.000707588735199802,1.72908687293074,17.2374155823777,0.0402517331328978,0.0402517331328978,0,100
"mid","R00","ldm","single",0.0704285714285714,0.0191753689719528,0.151575280454313,0.0458320150631049,0.213752801264345,0.0550511402681668,0.0724595082382246,NA,NA,NA,NA,11.25875,28.34,285.17,0.84,0.65,0.19,0.019023438836786,0.00337407432278156,0.0254331811433497,0.00645667087140358,0.0107106411761061,0.00221895541879643,0.0033505614025344,NA,NA,NA,NA,1.20871538957897,1.72908687293074,17.2374155823777,0.14544949486181,0.113150476371204,0.0486068540704525,100
"mid","R00","limma_logtss","single",0.0217207792207792,0.0143637571365832,0.0803231980437863,0.0250131999092783,0.194783084624196,0.0547206893006977,0.087616792854367,NA,-0.020396480371672,0.472163778246057,0.907027168714901,0.0353599999999992,28.34,285.17,0.57,0.45,0.12,0.0100599822567036,0.00315096027053144,0.0210283802566369,0.00509114331052789,0.0101804776988946,0.00333123358655526,0.00472002204125742,NA,0.0154912930019735,0.00694345037250934,0.00352233355504096,0.000346270169525093,1.72908687293074,17.2374155823777,0.149919170140972,0.0967919772950572,0.0742368581710669,100
"mid","R00","linda","single",0.0286666666666667,0.01907164785957,0.0697965367965368,0.0303519302755667,0.199256524943775,0.054097268058343,0.0680556895327624,NA,-0.00175220333775775,0.445713290204041,0.895667338441914,0.1865,28.34,285.17,0.64,0.58,0.06,0.0130269512563298,0.00318335445680848,0.0186589160081992,0.00457486445838307,0.00989834610400964,0.00206605302922107,0.00352765344890212,NA,0.0077918077552184,0.00607766638468939,0.00290453791542654,0.00888644979162047,1.72908687293074,17.2374155823777,0.107797040869414,0.098657657246325,0.0238683256575942,100
"mid","R00","lm_logtss","single",0.0178333333333333,0.0167760122727514,0.0899028912264206,0.0311948950460159,0.196140431233604,0.0558759981678206,0.0878920595002371,NA,-0.020396480371672,0.472163778246057,0.906381326292738,0.0358699999999985,28.34,285.17,0.64,0.52,0.12,0.00833624902228612,0.00345644050547382,0.0223785577198492,0.00514243557321815,0.0100612906841731,0.00332807278724501,0.00481027176830644,NA,0.0154912930019735,0.00694345037250934,0.00349889243774409,0.000329264561584179,1.72908687293074,17.2374155823777,0.152103101662502,0.100985047398017,0.0655666828426595,100
"mid","R00","logistic_presence","single",0.0526666666666667,0.011609724779053,0.0861428571428571,0.0168556076196167,0.158277645786592,0.055798307193162,0.115358263768036,NA,-0.00924678290338467,0.758290652695625,NA,0.29839,28.26,283.78,0.42,0.29,0.13,0.0196042781469009,0.00280145874816629,0.023445690062566,0.00345881113128777,0.0090383925688681,0.00288427116553357,0.00299750530214662,NA,0.0171537952539621,0.0416107768103027,NA,0.0159315194542521,1.73255343760053,17.3164928681453,0.102671389108233,0.068600733276406,0.048523658709391,100
"mid","R00","pursue","abundance",0.105833333333333,0.00398903318903319,0.119166666666667,0.00524809116004768,0.118836728123637,0.0533415734173505,0.0621489439300083,NA,0.00841910557921033,0.773266723048536,0.936934874990714,12.06176,28.33,285.14,0.24,0.09,0.15,0.0289610355908,0.00167534286443369,0.0303425773090443,0.00181850763439305,0.00666787233394791,0.0020023675656643,0.00277222438770626,NA,0.00733628726912348,0.0165037278348664,0.00206138006487046,0.755841846147644,1.72814228510726,17.2363371158642,0.0653197264742181,0.0320825954263823,0.0435194139889245,100
"mid","R00","pursue","combined",0.0883333333333333,0.00333448773448773,0.153,0.00619141414141414,0.11443047527317,0.0480941892861109,0.0871290758784957,NA,NA,NA,NA,12.06176,28.34,285.17,0.17,0.07,0.1,0.0276720209009162,0.00161433921164262,0.0342372228700591,0.00207017620434354,0.00724872758085064,0.00175319658895595,0.00373436789281851,NA,NA,NA,NA,0.755841846147644,1.72908687293074,17.2374155823777,0.0472581562625261,0.0293188669562103,0.0301511344577764,100
"mid","R00","pursue","presence",0.06,NA,0.1,NA,NA,0.0433312895978209,0.10988009357063,0.0608709853017605,NA,NA,NA,12.06176,0,283.78,0.08,NA,0.08,0.0238683256575942,NA,0.0301511344577764,NA,NA,0.00193789512075394,0.00442172769785962,0.00561054178347507,NA,NA,NA,0.755841846147644,0,17.3164928681453,0.0338743966363203,NA,0.0338743966363203,100
"mid","R00","pursue03_epermcs1","single",0.0345238095238095,0.0167879685054346,0.0741428571428571,0.0282183742180976,0.213419462837822,0.0509062889496511,0.0687797889137432,NA,-0.00120035573872678,0.372246199655813,NA,27.28766,28.34,285.17,0.65,0.57,0.08,0.0139792975823877,0.0026417121412803,0.0197984536584169,0.00386553896266794,0.0105147032103513,0.00181953865678988,0.00342702429846953,NA,0.00339102578219985,0.00453500229374867,NA,1.89850603860781,1.72908687293074,17.2374155823777,0.108595254467814,0.0912926253009708,0.0307482445914323,100
"mid","R00","wilcoxon_tss","single",0.0308333333333333,0.0133728041594105,0.0803571428571428,0.023243175858468,0.204115690665461,0.0530713806145984,0.0727900741401572,NA,-0.0302953048910809,1.2803945710045,NA,0.17402,28.34,285.17,0.5,0.4,0.1,0.0118240348538249,0.00287047414347566,0.0212767691060875,0.00448649446238468,0.0109468546659629,0.00249409745452025,0.00351491007557434,NA,0.0257073089180214,0.0366627364449001,NA,0.00901307669528846,1.72908687293074,17.2374155823777,0.10492902844352,0.0778498944161523,0.0389249472080761,100
"mid","R00","zicoseq","single",0.0575,0.0133992277218985,0.0954166666666667,0.0245214323016709,0.199860132090452,0.0582001525050785,0.0765836802919859,NA,NA,NA,NA,68.66535,28.34,285.17,0.54,0.42,0.12,0.0201945851217086,0.00299176790425766,0.0242379290076807,0.00396264880766925,0.00994497023394988,0.00287941578967049,0.0037930575194529,NA,NA,NA,NA,4.03384252601936,1.72908687293074,17.2374155823777,0.108637103247556,0.0854932214218818,0.0432983541805861,100
"mid","R01","adapt","single",0.05,0.000616666666666667,0.113333333333333,0.00212619047619048,0.105708402504982,0.05845904422973,0.0699064833929706,NA,-0.0113233109944974,1.8168814528011,NA,0.32134,28.94,291.59,0.1,0.03,0.07,0.021904291355759,0.00046035595947876,0.030693444610984,0.00106818361157623,0.00686499933727891,0.00231683297763088,0.00313050114547434,NA,0.039761203498243,0.0523193563864389,NA,0.011979605733719,1.68065763944062,16.5287389449743,0.0389249472080761,0.0222701503353614,0.0325824517434794,100
"mid","R01","fastancom","single",0.01,2e-04,0.01,0.000616666666666667,0.110010978429766,0.0296457964521557,0.108877260226755,NA,-0.0058279978584328,0.689300455371335,NA,0.0308900000000018,28.94,291.59,0.02,0.01,0.01,0.01,2e-04,0.01,0.00046035595947876,0.00591764175943938,0.00223013919182922,0.00602379455576952,NA,0.0194413639935992,0.0109042846017763,NA,0.00054825618873387,1.68065763944062,16.5287389449743,0.014070529413629,0.01,0.01,100
"mid","R01","ldm","single",0.055,0.00108452380952381,0.103333333333333,0.00253860544217687,0.106864922512907,0.0503844271891628,0.0703244587219875,NA,NA,NA,NA,6.64427,28.94,291.59,0.11,0.04,0.07,0.0223550324255519,0.000584650658412242,0.029088278500591,0.000971826964872633,0.0069630848929463,0.00221922121460501,0.00304645793954798,NA,NA,NA,NA,0.606766039789155,1.68065763944062,16.5287389449743,0.0373219679669936,0.0196946385566932,0.0293188669562103,100
"mid","R01","limma_logtss","single",0.03,0.000676190476190476,0.0385416666666667,0.00322406295851674,0.107540339901267,0.0473313909369454,0.0784572065403249,NA,-0.0160042324739359,0.685201861395969,0.932572813042132,0.0347200000000003,28.94,291.59,0.06,0.02,0.04,0.0171446607997765,0.000514619633992438,0.0173708937085092,0.00124265650152722,0.00621672958411023,0.00316862382874749,0.00379162517420852,NA,0.017840482143542,0.0108797079240298,0.00335889026736418,0.000286419907891219,1.68065763944062,16.5287389449743,0.0277797979063414,0.014070529413629,0.0242878362539562,100
"mid","R01","linda","single",0.04,0.00103333333333333,0.126904761904762,0.00297471655328798,0.109796836834728,0.05515888206421,0.069289464132507,NA,0.00275159663288783,0.654382504557784,0.90857942392392,0.186859999999999,28.94,291.59,0.1,0.04,0.06,0.0196946385566932,0.000540985715460409,0.0314033725703284,0.00101418300413008,0.00632254866575293,0.00193449246636932,0.00302672150274055,NA,0.0112234324797006,0.0107138903681475,0.00253904883667802,0.00840049325151132,1.68065763944062,16.5287389449743,0.0389249472080761,0.0196946385566932,0.0342893215995531,100
"mid","R01","lm_logtss","single",0.045,0.0010984126984127,0.095,0.00280674603174603,0.106501806451064,0.0488972983886352,0.0784078716628878,NA,-0.0160042324739359,0.685201861395969,0.932022492726642,0.0349799999999996,28.94,291.59,0.09,0.04,0.05,0.0202197523189179,0.000589534126207452,0.0281545159375324,0.00121424770718639,0.00629888622942923,0.00324271323311589,0.00363757125857182,NA,0.017840482143542,0.0108797079240298,0.00338697917461415,0.00025064764595785,1.68065763944062,16.5287389449743,0.0320825954263823,0.0196946385566932,0.021904291355759,100
"mid","R01","logistic_presence","single",0.0585714285714286,0.00153095238095238,0.118468671679198,0.00669957035445757,0.0914750616266943,0.0597792058459153,0.175069400924704,NA,-0.00679702798311093,2.78391860289915,NA,0.26212,28.61,288.06,0.18,0.05,0.13,0.023336866946852,0.000812510441431445,0.0303699049572765,0.00280627486992812,0.0060909578271741,0.0031077418993836,0.00351719003398661,NA,0.0605057234133953,0.124160133649852,NA,0.0127964663683046,1.68552332789816,16.5113234484763,0.0796203110983243,0.021904291355759,0.069128777501037,100
"mid","R01","pursue","abundance",0.04,0,0.116666666666667,0.000222222222222222,0.0760852819591671,0.051481552010612,0.0830548231321969,NA,-0.00150735233207006,1.0662254585979,0.943847035459659,9.22841,21.88,223.3,0.04,0,0.04,0.0196946385566932,0,0.0319142369252113,0.000222222222222222,0.00677980364268621,0.00218130595882155,0.00467596181767033,NA,0.0155055478016336,0.0171710773939416,0.00219608534527185,0.537438968129067,1.76596784349048,17.5206631256821,0.0196946385566932,0,0.0196946385566932,100
"mid","R01","pursue","combined",0.01,0.000204081632653061,0.0366666666666667,0.000204081632653061,0.0669026060958836,0.0344192645647103,0.0902768221701563,NA,NA,NA,NA,9.22841,28.94,291.59,0.02,0.00999999999999999,0.01,0.01,0.000204081632653061,0.0182850604139947,0.000204081632653061,0.00486104598457648,0.00181351263439596,0.00389554461805274,NA,NA,NA,NA,0.537438968129067,1.68065763944062,16.5287389449743,0.014070529413629,0.00999999999999999,0.01,100
"mid","R01","pursue","presence",0.02,NA,0.03,NA,NA,0.0291799738155634,0.105364785437326,0.0329247091629611,NA,NA,NA,9.22841,0,288.06,0.02,NA,0.02,0.014070529413629,NA,0.0171446607997765,NA,NA,0.00164031386840514,0.00466102044398091,0.00372405182593875,NA,NA,NA,0.537438968129067,0,16.5113234484763,0.014070529413629,NA,0.014070529413629,100
"mid","R01","pursue03_epermcs1","single",0.055,0.0017,0.0975,0.00512478632478632,0.114296061162495,0.0504837469733294,0.0698218326943572,NA,-0.0023708066498337,0.509590244254023,NA,8.54394,28.94,291.58,0.13,0.05,0.08,0.0223550324255519,0.000900486213595423,0.0282796828157094,0.00208690300040822,0.00694690505089227,0.00222486598329016,0.0033838870706886,NA,0.005227505560806,0.00806373912332568,NA,0.544128503245736,1.68065763944062,16.5294605679274,0.0441645225322889,0.0261116483933547,0.0338743966363203,100
"mid","R01","wilcoxon_tss","single",0.02,2e-04,0.04,0.00134285714285714,0.104440622377301,0.0603687344733136,0.09076298427998,NA,-0.0120981005531056,4.0992273027122,NA,0.14798,28.94,291.59,0.03,0.01,0.02,0.014070529413629,2e-04,0.01836773631599,0.000836762134477104,0.00711151613414631,0.00300529437191475,0.00404056167682438,NA,0.0748857898756549,0.187286552472431,NA,0.00683722697643371,1.68065763944062,16.5287389449743,0.0171446607997765,0.01,0.014070529413629,100
"mid","R01","zicoseq","single",0.0916666666666667,0.00149574829931973,0.156238095238095,0.0037493328100471,0.109105935860626,0.0497921520852837,0.0733791502123686,NA,NA,NA,NA,39.17634,28.94,291.59,0.18,0.04,0.14,0.0281664724158026,0.000829223207373602,0.0353168973802761,0.00132862930735764,0.00670691825606334,0.002130418424926,0.00308086980702154,NA,NA,NA,NA,2.14195091636696,1.68065763944062,16.5287389449743,0.0557411042864304,0.0196946385566932,0.0471832875737016,100
"mid","R02","adapt","single",0.0585440115440116,0.085920261142527,0.0986861257077975,0.123214887622789,0.351646442623602,0.0547678947581,0.0714274792427306,NA,-0.0203235619515731,0.789156099769868,NA,0.36458,27.96,281.18,2.99,2.78,0.21,0.0176925599764881,0.00937179064663735,0.0180465796975133,0.0106032496729293,0.0132510015094234,0.0021597851074788,0.00338677303453806,NA,0.0179032094838368,0.0221731845167627,NA,0.0154175498846103,1.72602889824468,17.5077263174885,0.345678954224783,0.327086928179435,0.0498381217928443,100
"mid","R02","fastancom","single",0.00333333333333334,0.0281118391247093,0.0148333333333333,0.0437754126216388,0.342914311171816,0.0284970030579344,0.112344925723963,NA,-0.0123641404178703,0.356868526491792,NA,0.0349899999999992,27.96,281.18,0.94,0.92,0.02,0.00234508823560483,0.00450898602080584,0.00564023843133334,0.00556911478960545,0.0129417855270928,0.00203448839973016,0.00631098566323449,NA,0.00880936933729829,0.00407639185760517,NA,0.000816434104177988,1.72602889824468,17.5077263174885,0.176852389513876,0.171552624667485,0.014070529413629,100
"mid","R02","ldm","single",0.0837921384171384,0.121949113181594,0.128759457389875,0.171321496053698,0.36591231806216,0.0617084468279517,0.0756207736971847,NA,NA,NA,NA,21.67673,27.96,281.18,4.63,3.89,0.74,0.0181671864681537,0.0107489633420811,0.0202221452801388,0.0131701815171303,0.0142557804700099,0.00318906539798121,0.00441250188071598,NA,NA,NA,NA,1.91295941398835,1.72602889824468,17.5077263174885,0.513190653134531,0.397948019548566,0.234249284465774,100
"mid","R02","limma_logtss","single",0.0430592740592741,0.0657696350218619,0.0908790931290931,0.0934611633535173,0.346813272667387,0.05195859882075,0.083491318806806,NA,-0.0246340853801595,0.356928698634355,0.896471142048881,0.0364700000000012,27.96,281.18,2.28,2.04,0.24,0.0146958384281241,0.00799476199407565,0.0214324401055716,0.00924365994110615,0.0131835069610151,0.00331759878290068,0.00458347399389449,NA,0.00864945448301552,0.00423989585766553,0.00355741172209618,0.000400619469816687,1.72602889824468,17.5077263174885,0.298169499622363,0.263588292378072,0.0817979773032872,100
"mid","R02","linda","single",0.0557814962814963,0.0956728782543071,0.105122548203431,0.130088176133774,0.346657600547678,0.0587232626828131,0.0735579673868331,NA,-0.0105395899713529,0.347125091292296,0.882676278967925,0.194560000000001,27.96,281.18,3.49,3.14,0.35,0.014926428924042,0.00908027291712887,0.0203118272827638,0.0105491084209944,0.0131619816879996,0.00230339662552837,0.00367302181584865,NA,0.00550489730614811,0.00372917572725693,0.00307303023194924,0.00992766077607665,1.72602889824468,17.5077263174885,0.39657498303816,0.347870868878297,0.0868936421753919,100
"mid","R02","lm_logtss","single",0.0480321067821068,0.0717724676964338,0.0888579476079476,0.0976886915189336,0.347074633906257,0.05228402852753,0.0832097891851947,NA,-0.0246340853801595,0.356928698634355,0.895897793002609,0.0365999999999974,27.96,281.18,2.51,2.26,0.25,0.0158413271333162,0.00805222657872396,0.0215200083244372,0.00956008448080837,0.0131546232780817,0.00336510466402418,0.00453931856486994,NA,0.00864945448301552,0.00423989585766553,0.00365028574932495,0.000333030165164053,1.72602889824468,17.5077263174885,0.30632886533491,0.276200776043205,0.0821122660899347,100
"mid","R02","logistic_presence","single",0.071047619047619,0.037093934985349,0.109653043035396,0.0565823211556146,0.256063695505146,0.058800609448202,0.0987035429270578,NA,-0.0246604423130752,0.478337576822991,NA,0.397670000000001,27.88,280.37,1.06,0.87,0.19,0.0221287903929427,0.00600883086739276,0.0247956513569948,0.00696321042106012,0.0117919986333535,0.00379213963217359,0.00394144653555609,NA,0.0127992241649997,0.0271154722570576,NA,0.0237044770736108,1.73078367256342,17.5658797765222,0.163805748471546,0.132310470508046,0.063077633744362,100
"mid","R02","pursue","abundance",0.079,0.0195106786622298,0.163,0.0288163642370799,0.187461342884286,0.0542666266594325,0.0689850584646646,NA,0.000205603508237016,0.537851556498129,0.924153143382199,16.87132,27.96,281.18,0.81,0.6,0.21,0.01987562336231,0.0031573470531921,0.0284421361121448,0.0037385899173404,0.00997934710806358,0.00222321785948452,0.00377333818256148,NA,0.00933010952349097,0.0112748208175728,0.00230003223843928,1.10090614521939,1.72602889824468,17.5077263174885,0.126885775404495,0.0953462589245592,0.0537389875963326,100
"mid","R02","pursue","combined",0.0533333333333333,0.0169353200559996,0.143040293040293,0.0241897602948828,0.183241101079981,0.0548585248372132,0.0876050377321615,NA,NA,NA,NA,16.87132,27.96,281.18,0.65,0.53,0.12,0.0194090587109446,0.00272235602986391,0.0287216634654633,0.00357635977331245,0.00955718426936458,0.0022850413378046,0.00428438102077615,NA,NA,NA,NA,1.10090614521939,1.72602889824468,17.5077263174885,0.107661084384791,0.0915136463853751,0.0455715665384423,100
"mid","R02","pursue","presence",0.11,NA,0.21,NA,NA,0.0504561811557917,0.125807786061516,0.0855933233506968,NA,NA,NA,16.87132,0,280.37,0.13,NA,0.13,0.031446603773522,NA,0.0409360180740332,NA,NA,0.00223608659061929,0.00555118677782118,0.00611259270028774,NA,NA,NA,1.10090614521939,0,17.5658797765222,0.0393251147037697,NA,0.0393251147037697,100
"mid","R02","pursue03_epermcs1","single",0.0562770505638153,0.106752030704323,0.0866795565545565,0.140231210793762,0.354620744198562,0.0570979810160137,0.0724850213896955,NA,-0.00818407679079921,0.310757461497172,NA,49.62359,27.96,281.18,3.91,3.61,0.3,0.0142505056041033,0.00948399910615139,0.0159377675965704,0.0111925572988539,0.0142808358153728,0.00208484857686025,0.00322762053260078,NA,0.00311683402630425,0.00283968541520964,NA,3.50827273823997,1.72602889824468,17.5077263174885,0.413923088547043,0.384259750111244,0.0577350269189626,100
"mid","R02","wilcoxon_tss","single",0.0786610275689223,0.0797712134403543,0.107843079922027,0.113591052759801,0.339893138021044,0.0579803854125547,0.0809954015540349,NA,-0.0552571695034774,0.910464638794421,NA,0.219649999999999,27.96,281.18,2.75,2.29,0.46,0.0193693115526147,0.00902180704898701,0.0225641207304368,0.0100782950287988,0.0130202996138799,0.00373820404284683,0.00479133512343218,NA,0.0183217911096199,0.0228910504871981,NA,0.012015288030865,1.72602889824468,17.5077263174885,0.348264093451907,0.271283890961018,0.147312627092894,100
"mid","R02","zicoseq","single",0.0771462148962149,0.0772004682113923,0.139243251846193,0.118294302673437,0.347382161026946,0.0636383617087182,0.0873054177863556,NA,NA,NA,NA,91.90652,27.96,281.18,2.8,2.47,0.33,0.0191438168678077,0.0090616532308308,0.0226871702951502,0.0111230976781866,0.0148574220115839,0.00384452320588149,0.00597430568049556,NA,NA,NA,NA,6.13733116830027,1.72602889824468,17.5077263174885,0.334543258666487,0.298634941496852,0.0766139476185438,100
"mid","R03","adapt","single",0.0309529432469835,0.239703893477849,0.0835270628684856,0.295631517494377,0.525527309634053,0.0486140188226296,0.0714799338415495,NA,0.0140923642906039,0.550538481952349,NA,0.481609999999999,28.24,281.75,8.45,8.06,0.39,0.00683840335804396,0.0153798065696772,0.0117748101358766,0.0164121462344947,0.016338428046613,0.00209611330628592,0.00301607769367308,NA,0.0111430764771243,0.0181856991929253,NA,0.0227527460658125,1.74437740333121,17.615221694703,0.740921484682855,0.694105048376554,0.094168342704312,100
"mid","R03","fastancom","single",0.0152911383851786,0.133856688913697,0.0320343852827599,0.175263373467671,0.492559386639325,0.030342611499821,0.10626299699503,NA,-0.0278589442420274,0.293481880198655,NA,0.0421499999999992,28.24,281.75,5.09,4.98,0.11,0.00634557178314454,0.0110241536822399,0.00836405633310832,0.0143610028654634,0.0163166209841072,0.00217772921641138,0.00544707145912262,NA,0.00765357367579141,0.00313560956427744,NA,0.00127306002143688,1.74437740333121,17.615221694703,0.523989166361907,0.509897989401762,0.031446603773522,100
"mid","R03","ldm","single",0.100353268890121,0.311889574039604,0.180043014736713,0.375645750091806,0.536456776941428,0.0645368082934101,0.0798625283447127,NA,NA,NA,NA,54.63688,28.24,281.75,12.79,11.06,1.73,0.0190727158511482,0.0181037901416157,0.0228505992011969,0.0198487713619987,0.0187525457987757,0.00387222579822908,0.00524280884274153,NA,NA,NA,NA,3.10143644342131,1.74437740333121,17.615221694703,1.14347467983963,0.980910729162373,0.396157044668404,100
"mid","R03","limma_logtss","single",0.0815956225969182,0.223176434906132,0.102945360283101,0.281082420748634,0.50770877426859,0.0552154930019532,0.0913468514203629,NA,-0.00766444126764805,0.291817602404689,0.879402862289424,0.0417200000000008,28.24,281.75,8.23,7.51,0.72,0.0186985578104831,0.0147081486352905,0.018071583088436,0.0163158190100535,0.0170357133317341,0.00378432554903366,0.0049956226291801,NA,0.00759431506167498,0.00339435538171042,0.00378183698265333,0.000721261521099421,1.74437740333121,17.615221694703,0.693819031509549,0.653119167123923,0.170607944443014,100
"mid","R03","linda","single",0.0704077784530571,0.241275408769569,0.118594596959001,0.300552275123052,0.52155202872809,0.0549230294456098,0.0749311826973843,NA,-0.00572817168519805,0.285591827634464,0.874114438744012,0.230899999999998,28.24,281.75,8.78,8.2,0.58,0.0168814658243828,0.0158200323782459,0.0187759086102412,0.0180198354632098,0.0158374039410122,0.00303492117666287,0.00356810895832082,NA,0.00394187478535937,0.00278110094164325,0.00320176982879007,0.0125043467189884,1.74437740333121,17.615221694703,0.754592672247817,0.711947109600627,0.117361566851067,100
"mid","R03","lm_logtss","single",0.0792548806673352,0.226797791327488,0.10748451055977,0.280211238802708,0.506039320709988,0.0559595421880501,0.0915803705663429,NA,-0.00766444126764805,0.291817602404689,0.878799873431131,0.0410399999999979,28.24,281.75,8.31,7.56,0.75,0.0185308457886006,0.0148842314557261,0.018754386202761,0.0161845450597469,0.0169589631261644,0.00383095693439736,0.00505360799153085,NA,0.00759431506167498,0.00339435538171042,0.00380773421879939,0.000602171155909795,1.74437740333121,17.615221694703,0.70420024126521,0.654791199659491,0.187689298382387,100
"mid","R03","logistic_presence","single",0.0439004884004884,0.118895525066722,0.125582270670506,0.164652003553325,0.398174130637265,0.0504351691387879,0.0879583736666005,NA,-0.0184131308483452,0.356423508226314,NA,0.578570000000005,28.18,281.14,3.91,3.65,0.26,0.0145044578093487,0.0103129413096599,0.0209575894635275,0.0126560527740556,0.0145328124813626,0.00310332130618026,0.00317626122435216,NA,0.00828769216607239,0.0215352983976071,NA,0.0338616145569592,1.74913427359671,17.6596499502011,0.379285612378819,0.352587835607217,0.0860115096831801,100
"mid","R03","pursue","abundance",0.0437380952380952,0.0816451874656367,0.0904516733266734,0.109683287141308,0.297852234391334,0.0515931495765074,0.0636423654717765,NA,-0.00566759247350305,0.39919245399988,0.906361746614409,28.01777,28.24,281.75,2.92,2.68,0.24,0.0126321619077801,0.00710350882183956,0.0183164954147763,0.00848563688094642,0.014391755601885,0.0018967155637187,0.00314811622461751,NA,0.00607687871385451,0.00774814104216973,0.00214514772221355,1.89615527839064,1.74437740333121,17.615221694703,0.328350637907316,0.295036378513675,0.0570663268185859,100
"mid","R03","pursue","combined",0.0338571428571429,0.0750271670005932,0.0825586219336219,0.103581581011405,0.321464345124995,0.0480630097586975,0.094985898800505,NA,NA,NA,NA,28.01777,28.24,281.75,2.59,2.43,0.16,0.00983977610504346,0.00705914615596251,0.0161789404329205,0.00893083336199923,0.0143681597649314,0.00204232142167966,0.00445612191440674,NA,NA,NA,NA,1.89615527839064,1.74437740333121,17.615221694703,0.296816441593117,0.276067258676452,0.0506921785850339,100
"mid","R03","pursue","presence",0.25,NA,0.33,NA,NA,0.0495549040944852,0.144857545438126,0.143729115803041,NA,NA,NA,28.01777,0,281.14,0.42,NA,0.42,0.0435194139889245,NA,0.0472581562625261,NA,NA,0.00214277317571216,0.00658151713648463,0.00857979715808753,NA,NA,NA,1.89615527839064,0,17.6596499502011,0.0878244346018311,NA,0.0878244346018311,100
"mid","R03","pursue03_epermcs1","single",0.0408830559428756,0.262000990052765,0.0920430389305405,0.326078508447922,0.535074678634724,0.0516786661742888,0.0672762496045784,NA,-0.0049832914077533,0.277995052140819,NA,97.00636,28.24,281.75,9.78,9.2,0.58,0.00721521717264297,0.016774992859114,0.0130918318050006,0.0192410750676447,0.0162209989830146,0.00201174413430672,0.00305750587300448,NA,0.00248048861068004,0.00232314036118808,NA,6.76210888618262,1.74437740333121,17.615221694703,0.864166557084824,0.810412041351606,0.0923104117703529,100
"mid","R03","wilcoxon_tss","single",0.0576586704098213,0.231441229570274,0.125779046003216,0.284950766048824,0.497001668366653,0.0562579212339042,0.0804851777603094,NA,-0.0462828137542829,0.667746016441568,NA,0.326690000000006,28.24,281.75,8.54,7.69,0.85,0.0153204409245405,0.0148588791392264,0.0200081113258607,0.0165963917440414,0.0169596944804896,0.00397697345993649,0.00408866872523965,NA,0.0166909677834579,0.0180159274829757,NA,0.0194739125939597,1.74437740333121,17.615221694703,0.742425726652814,0.655465753136923,0.282976602523526,100
"mid","R03","zicoseq","single",0.0914892249372799,0.225997727060391,0.167952141357832,0.291405432481916,0.493464506578287,0.0652968654833896,0.0901075698107033,NA,NA,NA,NA,150.59613,28.24,281.75,8.98,8.11,0.87,0.0215049233817688,0.0160431057952145,0.0235059447356381,0.0190128600029817,0.0196069697813928,0.00494284338421096,0.00644843509582556,NA,NA,NA,NA,9.95107309964487,1.74437740333121,17.615221694703,0.827675337705833,0.760899919088369,0.177897371390009,100
"mid","R04","adapt","single",0.0435,0.02963283586039,0.0901666666666666,0.0466753195205208,0.246409306449603,0.0515369714311175,0.0794027116901764,NA,-0.0291811420329885,1.03507322536864,NA,0.24683,16.01,162.4,0.65,0.53,0.12,0.0168872523795108,0.00537743539300694,0.0193672276325973,0.00678650357675841,0.0128241063899477,0.00197209640614815,0.00256859365228193,NA,0.0246707946997929,0.0311244690460712,NA,0.00460002316638885,0.484193591803355,4.43266114749197,0.116666666666667,0.0979125563289443,0.0455715665384423,100
"mid","R04","fastancom","single",0.005,0.00648464912280702,0.02,0.0100109649122807,0.237991753393327,0.0269441585824874,0.120790337694816,NA,-0.0305309515822186,0.501650741329522,NA,0.0302400000000003,16.01,162.4,0.12,0.11,0.01,0.005,0.00205764674163672,0.0121439181269781,0.00291060267982283,0.0118987456004531,0.00197840069031504,0.00548315909386129,NA,0.0140337107777284,0.0081530086500347,NA,0.000497695700303858,0.484193591803355,4.43266114749197,0.0383497988352882,0.034509550720186,0.01,100
"mid","R04","ldm","single",0.0695,0.0372930280074243,0.122028159748748,0.0763221387745382,0.262626690476089,0.056979553713833,0.0851996640745436,NA,NA,NA,NA,8.98944,16.01,162.4,0.94,0.68,0.26,0.0207397629339015,0.00595037165334626,0.0237711112366367,0.00937147622869481,0.0131253705226164,0.00232458061784484,0.00356918321958698,NA,NA,NA,NA,0.807951787155445,0.484193591803355,4.43266114749197,0.175130542940708,0.110900811083553,0.0980826285343232,100
"mid","R04","limma_logtss","single",0.0466666666666667,0.0194439383715699,0.128928571428571,0.0371257163459176,0.240711146982003,0.0542974243777367,0.0945057859074077,NA,-0.0143187272004572,0.503345371182326,0.919081591329828,0.0367299999999987,16.01,162.4,0.47,0.36,0.11,0.0169719515096862,0.00431122202912041,0.0270214362013607,0.0064203119852271,0.013459546495432,0.00285965628175518,0.004483711971927,NA,0.0151595630403969,0.00864819594050921,0.00339375616972984,0.000478603819627023,0.484193591803355,4.43266114749197,0.10096003809889,0.0822904439878481,0.0423906793643331,100
"mid","R04","linda","single",0.0593333333333333,0.0321377378211744,0.11225,0.0600661355758105,0.239797184702532,0.059868372311709,0.0813766080657425,NA,-0.000288825555313756,0.480811912961368,0.905389171645697,0.139340000000001,16.01,162.4,0.74,0.58,0.16,0.0174501373969938,0.00539490285146872,0.0216816088355161,0.00820421835918963,0.0124865688687954,0.00247556569697315,0.00311460015970281,NA,0.0093702619383121,0.00831019213696038,0.00341382404865224,0.00363932561185318,0.484193591803355,4.43266114749197,0.129972802127712,0.10168281044205,0.0486587789373795,100
"mid","R04","lm_logtss","single",0.0573333333333333,0.0275168227884946,0.111666666666667,0.0433142084094097,0.242059073810322,0.0553068561582066,0.0941115499860441,NA,-0.0143187272004572,0.503345371182326,0.918790293207703,0.0373700000000021,16.01,162.4,0.65,0.51,0.14,0.0189827140931805,0.00498754077520473,0.0243218920567685,0.0067734528467488,0.0136465843674581,0.00287118180156428,0.00453774049023001,NA,0.0151595630403969,0.00864819594050921,0.00349024553147701,0.000480667675365618,0.484193591803355,4.43266114749197,0.118385605185561,0.0948097510221859,0.0471832875737016,100
"mid","R04","logistic_presence","single",0.045,0.00929554655870445,0.1285,0.017553888491969,0.164244919041239,0.0531003847933772,0.121040611446033,NA,-0.0376594306566435,0.762696136988064,NA,0.19833,15.83,160.86,0.27,0.16,0.11,0.0202197523189179,0.00272022727857847,0.0306937142835592,0.00382750514619179,0.0100286164691335,0.00321785391509986,0.00319487817185808,NA,0.0188609869990777,0.04486200408821,NA,0.00536998871394329,0.485143944066755,4.43277554021168,0.0708605117199426,0.046536615322309,0.0490207130000197,100
"mid","R04","pursue","abundance",0.035,0.00693545751633987,0.0866666666666667,0.0156525727024953,0.160083717093218,0.0551093721725065,0.0798716467841342,NA,-0.0195737235607378,0.730869641526443,0.935643717353583,7.98434,15.99,162.38,0.16,0.12,0.04,0.0177738316327429,0.00217960493960747,0.0257850912648685,0.00404822772134472,0.0103430336080759,0.00220470344277551,0.00283763064561042,NA,0.0109315047087218,0.0206304759769486,0.00216836843468204,0.290266604104892,0.485443668776878,4.43368146274981,0.0443129367525598,0.0383497988352882,0.0196946385566932,100
"mid","R04","pursue","combined",0.04,0.00469035947712418,0.08,0.00913824389404885,0.152465720293371,0.0474271094659195,0.106561879847337,NA,NA,NA,NA,7.98434,16.01,162.4,0.12,0.0799999999999999,0.04,0.0196946385566932,0.00182789820917919,0.0263235501581624,0.00277875708189625,0.0103053433434206,0.002099063668039,0.00395419283352052,NA,NA,NA,NA,0.290266604104892,0.484193591803355,4.43266114749197,0.0356186309210063,0.0307482445914323,0.0196946385566932,100
"mid","R04","pursue","presence",0.05,NA,0.15,NA,NA,0.0385492178007999,0.135667136818832,0.0542398245888958,NA,NA,NA,7.98434,0,160.86,0.06,NA,0.06,0.021904291355759,NA,0.0358870281282637,NA,NA,0.00227860295076423,0.00468423951673256,0.00675278725482241,NA,NA,NA,0.290266604104892,0,4.43277554021168,0.0277797979063414,NA,0.0277797979063414,100
"mid","R04","pursue03_epermcs1","single",0.0483333333333333,0.036304404487841,0.0709444444444444,0.0508276857301625,0.254969887792195,0.0503518234527752,0.0810041578704129,NA,-0.00232428944532692,0.398156963097411,NA,21.9921,16.01,162.4,0.87,0.67,0.2,0.0161163349246322,0.00618508019975568,0.0175945604074006,0.00765190702839422,0.0125956088245271,0.00215841662917825,0.00314670432529141,NA,0.00389000071853076,0.00648654065893529,NA,1.20761842755303,0.484193591803355,4.43266114749197,0.154170966361007,0.118112256140102,0.0752101433090355,100
"mid","R04","wilcoxon_tss","single",0.0226190476190476,0.0266001561218279,0.074,0.0399194715673044,0.245675922521346,0.0544554805068057,0.083151949815127,NA,-0.0836574704822255,1.17638176419118,NA,0.12405,16.01,162.4,0.55,0.48,0.07,0.0117577502871987,0.00511300256876203,0.0199639405568871,0.00647759739306435,0.0126743115149226,0.00305529053534047,0.003560358410728,NA,0.0246940121951534,0.0456398612049745,NA,0.00359495648391068,0.484193591803355,4.43266114749197,0.115797629116882,0.0937221339057022,0.0355476632654858,100
"mid","R04","zicoseq","single",0.0828452380952381,0.0321543441938179,0.169000360750361,0.0617795161924419,0.248833101615859,0.0627237735803897,0.0876972969404261,NA,NA,NA,NA,43.42625,16.01,162.4,0.96,0.61,0.35,0.0224518649739717,0.00607114808093982,0.0304554669614895,0.00899218755237891,0.0132503361117913,0.00418779761039565,0.00509878434750696,NA,NA,NA,NA,1.14767740957091,0.484193591803355,4.43266114749197,0.247786157397825,0.117975344111309,0.176025135946116,100
"mid","R05","adapt","single",0.047,0.0166227093052851,0.109305555555556,0.0325194780316796,0.214543601649441,0.0491080115443128,0.0654603731931032,NA,-0.0251693072476141,1.15492909659278,NA,0.456340000000002,39.77,393.7,0.61,0.49,0.12,0.0177657471919545,0.00345491259728048,0.0253484069876703,0.00515952779213116,0.00826093928444398,0.00195281749785241,0.00374360300497138,NA,0.0192273505846844,0.0248500756755684,NA,0.0289643431784252,3.24388640212616,32.549122162285,0.11,0.0858645868372246,0.0498077110577075,100
"mid","R05","fastancom","single",0,0.00329362962196257,0.0183333333333333,0.00474863825140732,0.184481888026524,0.0312835195240211,0.101322915568595,NA,-0.0439051463492751,0.459908476103751,NA,0.0389000000000001,39.77,393.7,0.13,0.13,0,0,0.00119626992487341,0.0115797629116882,0.00159531020054595,0.00879840463133607,0.00229298703049671,0.00597491724099925,NA,0.0154370807357695,0.00556097789422095,NA,0.00168400076777276,3.24388640212616,32.549122162285,0.0366666666666667,0.0366666666666667,0,100
"mid","R05","ldm","single",0.0748333333333333,0.015028855474532,0.129411255411255,0.0337945480983909,0.212162905566224,0.0536192378635485,0.067273832671886,NA,NA,NA,NA,13.86555,39.77,393.7,0.66,0.51,0.15,0.0232012797646175,0.0031193295044959,0.026718354344273,0.00520669674046974,0.00947818363983388,0.00219805590388575,0.00322803496044553,NA,NA,NA,NA,2.07782467743955,3.24388640212616,32.549122162285,0.11211465992321,0.0915577865767204,0.0479372485441102,100
"mid","R05","limma_logtss","single",0.0383333333333333,0.0103237895559233,0.0927380952380952,0.0214275304520775,0.193427642317246,0.0490002588100914,0.0822625154841276,NA,-0.0366665378533714,0.449366296509931,0.907581789088005,0.0361900000000014,39.77,393.7,0.4,0.3,0.1,0.0180184155702797,0.00279139565329149,0.0248324829209899,0.00442047287947032,0.00819568842408981,0.0027732643730811,0.00427119917046063,NA,0.0118028773577949,0.00478156697389035,0.00268275755152058,0.000431744172286141,3.24388640212616,32.549122162285,0.132573593055923,0.0810287391340662,0.0627645914460848,100
"mid","R05","linda","single",0.0466666666666667,0.0146733733557612,0.0745,0.0265982045813555,0.20849991125776,0.0537698974995252,0.0679122766504903,NA,-0.011225107087363,0.428406155502415,0.890655656269047,0.245019999999998,39.77,393.7,0.53,0.43,0.1,0.0194018292032214,0.00324742440084488,0.0204405120833897,0.00497774954263305,0.00818831235366378,0.00188901895875563,0.00352934503757032,NA,0.00618393557443921,0.00432596905275017,0.00237142655889478,0.0173836099516035,3.24388640212616,32.549122162285,0.0936951859958017,0.0728288432150368,0.0481999203654148,100
"mid","R05","lm_logtss","single",0.0358333333333333,0.0160942209484215,0.0879340659340659,0.0283123740811217,0.194353623495195,0.0499227018658347,0.0813531041296579,NA,-0.0366665378533714,0.449366296509931,0.907222371397772,0.0358200000000009,39.77,393.7,0.56,0.45,0.11,0.0160340809166522,0.0035710351141359,0.0221558617566303,0.00486148706095026,0.00783255872943114,0.00294862897748542,0.00421870812023808,NA,0.0118028773577949,0.00478156697389035,0.00287029235332845,0.00033796180526546,3.24388640212616,32.549122162285,0.145171441663805,0.0978299906506541,0.0633970970880522,100
"mid","R05","logistic_presence","single",0.0473333333333333,0.00491178050444537,0.0969642857142857,0.0135401308481439,0.166798886569106,0.0540520711476171,0.115898837484046,NA,0.00149148674703874,0.743581936702618,NA,0.412100000000004,39.62,392.26,0.3,0.21,0.09,0.0202186699066633,0.00149270381978717,0.0267470453336444,0.00425058300804824,0.00608414691978061,0.00264717903088769,0.00298322675478298,NA,0.0145833202272315,0.0368605117961102,NA,0.032556041813861,3.25470227036005,32.61239963727,0.0771984194112545,0.0573752489486468,0.0378593889720018,100
"mid","R05","pursue","abundance",0.0883333333333333,0.00258499188507971,0.136666666666667,0.00418648475495493,0.0991581236396644,0.0537630937746345,0.0615296986930427,NA,-0.019294320788722,0.824994094699886,0.93545812980204,16.35733,39.72,393.64,0.2,0.07,0.13,0.0272634196612858,0.00113792755349879,0.0328782060182187,0.00179315466833891,0.00514495805527842,0.00189059427829288,0.00272567188917619,NA,0.00922378368470633,0.0138056645529273,0.00202534457749192,1.34339195556388,3.24118322327953,32.5468039672845,0.0568535243614961,0.0256432399976243,0.0418148878808117,100
"mid","R05","pursue","combined",0.075,0.00127784392468098,0.106333333333333,0.00344515700375876,0.104093727014181,0.0473973281329726,0.0768628762328488,NA,NA,NA,NA,16.35733,39.77,393.7,0.13,0.05,0.08,0.0259904799975886,0.000692822479793723,0.0295559922501345,0.00127720495018482,0.00477739732840703,0.00166857133239874,0.00365991440849197,NA,NA,NA,NA,1.34339195556388,3.24388640212616,32.549122162285,0.0366666666666667,0.021904291355759,0.0272659924344291,100
"mid","R05","pursue","presence",0.03,NA,0.05,NA,NA,0.0434480821665461,0.0983989424716151,0.0786302742066294,NA,NA,NA,16.35733,0,392.26,0.03,NA,0.03,0.0171446607997765,NA,0.021904291355759,NA,NA,0.00180399900132726,0.00448334281962595,0.00546780766986229,NA,NA,NA,1.34339195556388,0,32.61239963727,0.0171446607997765,NA,0.0171446607997765,100
"mid","R05","pursue03_epermcs1","single",0.0294444444444445,0.0140882007657023,0.077,0.0294590506505732,0.208115253056253,0.0499057015050165,0.0674216910161821,NA,-0.013915023480207,0.364813887247345,NA,29.14731,39.77,393.7,0.59,0.48,0.11,0.0149500352527715,0.00319626195723146,0.0194000647944583,0.00505609705844093,0.00866138101412949,0.00213791124466936,0.00370369578608822,NA,0.00356599298163552,0.00331253983507488,NA,2.13089645334725,3.24388640212616,32.549122162285,0.126407230326386,0.0904310664416703,0.07371114795832,100
"mid","R05","wilcoxon_tss","single",0.0283333333333333,0.0098451602336778,0.0621666666666667,0.0204561260651876,0.208407786380532,0.0499299802818282,0.0721591611637656,NA,-0.0235326533176443,1.3629671015642,NA,0.221760000000001,39.77,393.7,0.31,0.26,0.05,0.0151785113033922,0.00294050295617987,0.0208366731329711,0.00405070814594665,0.00756367690578638,0.0023363399791004,0.00392270945052146,NA,0.0226313077767886,0.0254742791924487,NA,0.0157914957294659,3.24388640212616,32.549122162285,0.0706320670013903,0.0579445921340013,0.0261116483933547,100
"mid","R05","zicoseq","single",0.0413333333333333,0.010619773359286,0.0805357142857143,0.0187374096539513,0.196766225530094,0.0550050709464762,0.0695054296063346,NA,NA,NA,NA,103.77734,39.77,393.7,0.52,0.39,0.13,0.0162065788694961,0.00249365137744132,0.0220686066966705,0.0037142748709173,0.00797620996717676,0.00240716363619488,0.00396490307071309,NA,NA,NA,NA,8.89107785868144,3.24388640212616,32.549122162285,0.107759552765039,0.0737111479583199,0.0562372319964831,100
"mid","R06","adapt","single",0.088,NA,0.136,NA,NA,0.0528201677555998,0.0677192697311017,NA,0.00784023997182473,1.09631226876413,NA,0.333052,0,285.408,0.1,NA,0.1,0.0179530847770529,NA,0.0217233426170521,NA,NA,0.00140026454175156,0.00199233765409389,NA,0.013898581522085,0.018212112970323,NA,0.00736110948944946,0,10.8828197267445,0.0213969933705931,NA,0.0213969933705931,250
"mid","R06","fastancom","single",0.02,NA,0.04,NA,NA,0.0324678768751177,0.107229465683713,NA,0.0055910888096253,0.429142437858822,NA,0.0342079999999991,0,285.408,0.02,NA,0.02,0.00887213950734269,NA,0.0124184084113013,NA,NA,0.00149948563271393,0.00396194180996336,NA,0.00941495442378267,0.00517637069437087,NA,0.000360035339630889,0,10.8828197267445,0.00887213950734269,NA,0.00887213950734269,250
"mid","R06","ldm","single",0.072,NA,0.152,NA,NA,0.0559624996078463,0.0659345062235428,NA,NA,NA,NA,6.991044,0,285.408,0.08,NA,0.08,0.0163810057504901,NA,0.0227520244917655,NA,NA,0.0012456220835446,0.00171472037776288,NA,NA,NA,NA,0.29813844051229,0,10.8828197267445,0.0189694321852215,NA,0.0189694321852215,250
"mid","R06","limma_logtss","single",0.068,NA,0.1,NA,NA,0.0555222304698288,0.0852498826814337,NA,-0.00350860411785856,0.42446885460564,0.944477769530171,0.0383559999999998,0,285.408,0.224,NA,0.224,0.015953748410747,NA,0.0190117275157343,NA,NA,0.00280298025192198,0.00346404625973046,NA,0.00851471155723088,0.00515746413004449,0.00280298025192198,0.000319470344797175,0,10.8828197267445,0.145257339845932,NA,0.145257339845932,250
"mid","R06","linda","single",0.08,NA,0.104,NA,NA,0.0541471152499953,0.066535375316478,NA,0.00654129251864023,0.395045225848127,0.942987023606978,0.197664,0,285.408,0.1,NA,0.1,0.017192507941463,NA,0.0193451009748439,NA,NA,0.00141177171255261,0.00197555465644512,NA,0.00415789923282905,0.00471061392460914,0.00145057001904832,0.00497667777767572,0,10.8828197267445,0.023541811049065,NA,0.023541811049065,250
"mid","R06","lm_logtss","single",0.076,NA,0.116,NA,NA,0.0558053138199903,0.085244511865833,NA,-0.00350860411785856,0.42446885460564,0.94419468618001,0.0385160000000001,0,285.408,0.264,NA,0.264,0.0167935730678597,NA,0.0202934298030838,NA,NA,0.0028151418463025,0.00348064621707845,NA,0.00851471155723088,0.00515746413004449,0.00281514184630251,0.000349329501189933,0,10.8828197267445,0.177015689182816,NA,0.177015689182816,250
"mid","R06","logistic_presence","single",0.076,NA,0.124,NA,NA,0.0554172654786622,0.113260547710543,NA,0.00152803061245864,0.705197280987402,NA,0.306992,0,284.008,0.108,NA,0.108,0.0167935730678597,NA,0.0208863822586733,NA,NA,0.00156171027389429,0.00157056795857805,NA,0.00957445119269694,0.0258221299023888,NA,0.0093036849667129,0,10.9268733859219,0.0266115897087587,NA,0.0266115897087587,250
"mid","R06","pursue","abundance",0.064,NA,0.132,NA,NA,0.0535490867422914,0.062315465044805,NA,-0.00694813910411505,0.758223942756336,0.946450913257709,12.574604,0,285.388,0.072,NA,0.072,0.0155105871343741,NA,0.0214509808240382,NA,NA,0.00120090440858294,0.00178424420260008,NA,0.00440484077888889,0.0113093377707829,0.00120090440858294,0.475571240898158,0,10.8831437136688,0.0182371702166219,NA,0.0182371702166219,250
"mid","R06","pursue","combined",0.06,NA,0.12,NA,NA,0.048332956384465,0.08341302378614,NA,NA,NA,NA,12.574604,0,285.408,0.068,NA,0.068,0.0150501170791587,NA,0.02059360059684,NA,NA,0.00114072957572872,0.0022614938559633,NA,NA,NA,NA,0.475571240898158,0,10.8828197267445,0.0178543864768819,NA,0.0178543864768819,250
"mid","R06","pursue","presence",0.06,NA,0.08,NA,NA,0.0409366688862377,0.114581930638967,NA,NA,NA,NA,12.574604,0,284.008,0.068,NA,0.068,0.0150501170791587,NA,0.017192507941463,NA,NA,0.00126720009021411,0.00259331087731556,NA,NA,NA,NA,0.475571240898158,0,10.9268733859219,0.0187325286739962,NA,0.0187325286739962,250
"mid","R06","pursue03_epermcs1","single",0.088,NA,0.144,NA,NA,0.0533136015422676,0.0673577817959587,NA,3.17258827887114e-05,0.290982032590682,NA,26.4506,0,285.408,0.104,NA,0.104,0.0179530847770529,NA,0.0222494077354502,NA,NA,0.00133904892693253,0.00188659054867783,NA,0.00154137957937988,0.00389303919744924,NA,1.15599328910935,0,10.8828197267445,0.0263726766235276,NA,0.0263726766235276,250
"mid","R06","wilcoxon_tss","single",0.048,NA,0.08,NA,NA,0.050928167478335,0.0708994583194999,NA,0.00522305955251356,1.289149896458,NA,0.180352000000001,0,285.408,0.048,NA,0.048,0.0135468842280857,NA,0.017192507941463,NA,NA,0.00138451574131417,0.00204462424367882,NA,0.0156598251779861,0.0227041028370745,NA,0.0051072749498783,0,10.8828197267445,0.0135468842280857,NA,0.0135468842280857,250
"mid","R06","zicoseq","single",0.068,NA,0.144,NA,NA,0.0584666465094645,0.0752117214740337,NA,NA,NA,NA,71.618184,0,285.408,0.12,NA,0.12,0.015953748410747,NA,0.0222494077354502,NA,NA,0.00172848485023574,0.00258176904028967,NA,NA,NA,NA,2.49108643359139,0,10.8828197267445,0.0393521838975938,NA,0.0393521838975938,250
"mid","R07","adapt","single",0.0625,0.0105362977602108,0.155,0.0245202929920321,0.217884169271148,0.0522931918298447,0.0677588045373423,NA,-0.01794602384621,1.08236893163924,NA,0.32773,14,285.71,0.27,0.2,0.07,0.0239356776939085,0.00271440094659544,0.0332705637953995,0.00540617812531719,0.0117295887497347,0.00218877486283241,0.00307215507953286,NA,0.0203694523655819,0.0283607706019141,NA,0.0135923690341161,0.887397739164771,17.1352274333292,0.0617178329908861,0.0531816023478311,0.0256432399976243,100
"mid","R07","fastancom","single",0.02,0.0032695652173913,0.0325,0.0044695652173913,0.205498801983953,0.0283667903512213,0.102567555646296,NA,0.000556047483135012,0.44351429514257,NA,0.0320399999999991,14,285.71,0.1,0.08,0.02,0.014070529413629,0.00150730313058246,0.0172821943752592,0.00190596446461507,0.0129266474700963,0.00189234616616022,0.00576161370174046,NA,0.0136835995114683,0.00672305759293019,NA,0.000641009305153007,0.887397739164771,17.1352274333292,0.0389249472080761,0.03673547263198,0.014070529413629,100
"mid","R07","ldm","single",0.0783333333333333,0.0151961164439425,0.155333333333333,0.026290422862162,0.220083059326355,0.0579590709599581,0.069008661713862,NA,NA,NA,NA,8.23031,14,285.71,0.36,0.25,0.11,0.0248683401825362,0.00412510755523909,0.0332253131902184,0.00594657531351126,0.0131834066671562,0.00198314003389559,0.002978383381198,NA,NA,NA,NA,0.682673587899189,0.887397739164771,17.1352274333292,0.0847098434407571,0.0687184270936277,0.031446603773522,100
"mid","R07","limma_logtss","single",0.05,0.0064292270531401,0.095,0.0140751207729469,0.199063007916709,0.0522291190185179,0.081350284831358,NA,-0.00132032702832566,0.440595622429849,0.929943665945329,0.0345599999999998,14,285.71,0.17,0.11,0.06,0.0207193853502687,0.00233585212577212,0.0271137811236978,0.00365501329553525,0.0123503354162132,0.00291784303365322,0.00407072738496433,NA,0.012836033272754,0.00698582620351101,0.00295980941156131,0.000261046843584423,0.887397739164771,17.1352274333292,0.0450700913168936,0.034509550720186,0.0238683256575942,100
"mid","R07","linda","single",0.0941666666666667,0.0183074440052701,0.16697619047619,0.0269124286341678,0.206357633590677,0.0540040519441758,0.0675226767983615,NA,0.00220174687971175,0.415573456552504,0.920880534847545,0.18133,14,285.71,0.43,0.27,0.16,0.0272848948727219,0.0053628185912756,0.0330800806002332,0.00622865082058787,0.0118265029242456,0.00242306899584282,0.0032467975152875,NA,0.00670057335279143,0.00657595440066211,0.00252817911947546,0.00859182198666291,0.887397739164771,17.1352274333292,0.094553709818304,0.0649086382011771,0.0526471003163249,100
"mid","R07","lm_logtss","single",0.0625,0.0112195652173913,0.0848333333333333,0.0157432367149758,0.200279823731322,0.0525807602304578,0.0814058852095093,NA,-0.00132032702832566,0.440595622429849,0.929566696789262,0.0343099999999997,14,285.71,0.29,0.21,0.08,0.0228563255174933,0.00295069982706606,0.024452587027668,0.00382306640750666,0.0126793079441173,0.00286759430453568,0.00408899978350055,NA,0.012836033272754,0.00698582620351101,0.00291876434872713,0.000161867260744791,0.887397739164771,17.1352274333292,0.065589787330195,0.0537389875963326,0.0272659924344291,100
"mid","R07","logistic_presence","single",0.06,0.00174242424242424,0.112222222222222,0.011570202020202,0.168258043675851,0.0557915851673534,0.114618434409536,NA,-0.0336322430799591,0.711449000342633,NA,0.292300000000002,13.93,284.31,0.09,0.02,0.07,0.0238683256575942,0.00122702329426832,0.0308460328140691,0.00553980966490319,0.010743379323505,0.0027819110252077,0.0030575747774074,NA,0.0167620416427471,0.0373502709885189,NA,0.0154397460333958,0.893099811178612,17.2166978790529,0.0320825954263823,0.014070529413629,0.0293188669562103,100
"mid","R07","pursue","abundance",0.07,0.00493002070393375,0.135,0.00929668737060042,0.120851513232404,0.0543391199404758,0.064354666757583,NA,0.00213430459740667,0.765245511637183,0.940584121748855,12.16112,13.99,285.69,0.13,0.05,0.08,0.0256432399976243,0.00244630807786731,0.0332233032491936,0.00313017454044805,0.00984660200008032,0.00210672172383843,0.00306785211143256,NA,0.00839234028796662,0.0174450762478712,0.00203356865066175,0.766044336254156,0.887795476492648,17.1367564968498,0.0366666666666667,0.021904291355759,0.0307482445914323,100
"mid","R07","pursue","combined",0.0616666666666667,0.00269978354978355,0.111666666666667,0.00580123282514587,0.132894645180322,0.0476370214587141,0.0869127907963909,NA,NA,NA,NA,12.16112,14,285.71,0.12,0.04,0.08,0.0231686104845438,0.00159169266859067,0.030891632027022,0.00250480541786983,0.011579626296092,0.00227955707321194,0.00409083246921351,NA,NA,NA,NA,0.766044336254156,0.887397739164771,17.1352274333292,0.0432983541805861,0.0196946385566933,0.0307482445914323,100
"mid","R07","pursue","presence",0.05,NA,0.07,NA,NA,0.0408098161809415,0.119699151103544,0.0881940096135748,NA,NA,NA,12.16112,0,284.31,0.09,NA,0.09,0.021904291355759,NA,0.0256432399976243,NA,NA,0.00190013831506738,0.00458497408836063,0.014565066008917,NA,NA,NA,0.766044336254156,0,17.2166978790529,0.0428645977162243,NA,0.0428645977162243,100
"mid","R07","pursue03_epermcs1","single",0.0408333333333333,0.0145855762594893,0.0833333333333333,0.0234385406863668,0.217577581961517,0.0502848759670645,0.0661594033268236,NA,-0.00399693895509018,0.330665664437459,NA,27.0738,14,285.71,0.34,0.28,0.06,0.0181377306388443,0.00394620961358285,0.0251259453814803,0.00557043714310985,0.0114332890827861,0.00197481786078761,0.00265731914361515,NA,0.00258856209452814,0.00501417245249503,NA,1.8668728548462,0.887397739164771,17.1352274333292,0.0843513575181308,0.0753175097353017,0.0238683256575942,100
"mid","R07","wilcoxon_tss","single",0.055,0.00451811594202898,0.0675,0.00944942907334211,0.209643532721392,0.0515056305521907,0.0749787184489908,NA,-0.00611232636246164,1.28651131945683,NA,0.169639999999999,14,285.71,0.15,0.09,0.06,0.0223550324255519,0.00164144620890707,0.0239157413094252,0.00302570414287903,0.0107698310542457,0.00241889232106157,0.00374236185639371,NA,0.0216771232002635,0.0375344600896246,NA,0.00868851000233094,0.887397739164771,17.1352274333292,0.0411329453348431,0.0320825954263823,0.0238683256575942,100
"mid","R07","zicoseq","single",0.0822727272727273,0.0139901217140348,0.125287356321839,0.0252001631219022,0.198839031759545,0.0585372223370609,0.0763205103469802,NA,NA,NA,NA,67.99336,14,285.71,0.36,0.19,0.17,0.0258238896806216,0.00432941782494155,0.0304403220358475,0.0058864207092205,0.0121682635573633,0.00318097619868931,0.0046683733216306,NA,NA,NA,NA,3.96193725001221,0.887397739164771,17.1352274333292,0.121039270695527,0.0525991127935317,0.0841535393303109,100
"mid","R08","adapt","single",0.063984126984127,0.0245534079493057,0.0929025974025974,0.0389703345666058,0.202613413454979,0.0505957833233358,0.0757674908544812,NA,-0.0496016643082924,1.13433801315607,NA,0.356030000000001,71.31,284.27,1.93,1.76,0.17,0.0213332475893377,0.00304946063316603,0.0221258167113654,0.00446792401589385,0.00781847431351034,0.00223406960963001,0.00345180649816217,NA,0.0226843576034943,0.0341564267616797,NA,0.0149909767810002,4.28286921197329,17.1859224455084,0.231051614330756,0.212308142742447,0.0472581562625261,100
"mid","R08","fastancom","single",0.015,0.00583568079200821,0.03125,0.0114069612364369,0.193536785720003,0.0283836472709213,0.114261693131996,NA,-0.0404430653927149,0.523788989856844,NA,0.0325299999999997,71.31,284.27,0.47,0.44,0.03,0.00857233039988826,0.00139622092405774,0.0139188439596009,0.00198852481165493,0.00830351215530347,0.0021806323501,0.00677797179872644,NA,0.0144901934505734,0.00602135194953845,NA,0.00066597767427044,4.28286921197329,17.1859224455084,0.0968754276627901,0.0935495331442929,0.0171446607997765,100
"mid","R08","ldm","single",0.069254329004329,0.035128628863837,0.130738324725857,0.063426271178127,0.217589599703645,0.0600989720106927,0.0757567461206633,NA,NA,NA,NA,23.21884,71.31,284.27,2.82,2.59,0.23,0.0195106039709468,0.00402620951687783,0.0211822292345942,0.00559976877642617,0.0080264907878315,0.0022979107655854,0.00352769733681135,NA,NA,NA,NA,2.19871343779939,4.28286921197329,17.1859224455084,0.339452916953563,0.325698937639959,0.0509604719068583,100
"mid","R08","limma_logtss","single",0.0483660130718954,0.0170192359177526,0.0730559163059163,0.0330577484476713,0.199712758419803,0.0558704989386003,0.0941692473813503,NA,-0.0319988100708683,0.521986076581657,0.850325437221045,0.0353399999999996,71.31,284.27,1.37,1.22,0.15,0.0190113604018942,0.00307872659450934,0.0197972419846669,0.00535362034867389,0.00803299069913785,0.00387699579967066,0.00558411957576174,NA,0.0138494353156691,0.00556450637533488,0.00491248198679031,0.00034354656514694,4.28286921197329,17.1859224455084,0.242318348084048,0.221373125302193,0.0609271795844942,100
"mid","R08","linda","single",0.0497467532467532,0.0233816493395935,0.085415933481723,0.0442422422927635,0.202790398309899,0.0535392659959819,0.0715591717427141,NA,0.00130273526859446,0.507013844998345,0.828099800068717,0.182620000000001,71.31,284.27,1.85,1.72,0.13,0.0167628298579435,0.00314617976769692,0.020299830549107,0.00493290782060193,0.0077576710071051,0.00228485722936655,0.00332610089700017,NA,0.00786224055205132,0.00468225242467111,0.00468778612245021,0.00856447655060477,4.28286921197329,17.1859224455084,0.224901774294486,0.212289111041209,0.0366666666666667,100
"mid","R08","lm_logtss","single",0.0398744588744589,0.0268176916675642,0.0744854497354497,0.0385633871365165,0.200321948458865,0.054998975068115,0.0947037240042375,NA,-0.0319988100708683,0.521986076581657,0.851996876983327,0.0355299999999984,71.31,284.27,2.04,1.82,0.22,0.0148904107594722,0.00362207255417396,0.0196620975816598,0.00502154186080041,0.00800420324536449,0.00381641873476172,0.00555127444502942,NA,0.0138494353156691,0.00556450637533488,0.00486635331998824,0.000323320836996647,4.28286921197329,17.1859224455084,0.302153884133515,0.252814460652771,0.0811284055175385,100
"mid","R08","logistic_presence","single",0.0583333333333333,0.00893441552213379,0.0880192307692308,0.0172039845426154,0.152243400707941,0.0566986643722882,0.116603695992809,NA,-0.0378661523745187,0.797862023213862,NA,0.307310000000002,71.01,282.8,0.65,0.53,0.12,0.0198726303389386,0.00181843720467247,0.0240180284304896,0.00304089675475544,0.0059390093729698,0.00265917147541934,0.00300074650149158,NA,0.0155546607037984,0.0360306485274798,NA,0.0174790708615139,4.29750914466565,17.2599729625126,0.122577536788975,0.101955625126569,0.0383497988352882,100
"mid","R08","pursue","abundance",0.065,0.00568502181423751,0.150261904761905,0.0120129082884162,0.116837218891589,0.0618980663525986,0.078816090771379,NA,-0.0107313861127751,0.835441044066289,0.914558385083903,12.04349,71.28,284.23,0.48,0.38,0.1,0.021697724438089,0.00113139138252325,0.0301791131659175,0.00198246007878631,0.00503842416532622,0.00217869883585475,0.00392274833177758,NA,0.015687828710688,0.018900311216021,0.0021881707439405,0.762160571312657,4.28488251668796,17.1869039584437,0.0858469391981856,0.0735533888417183,0.0301511344577764,100
"mid","R08","pursue","combined",0.0466666666666667,0.00413464548992264,0.0916666666666667,0.00673844086444619,0.115132179345684,0.052622872936028,0.0820994011069247,NA,NA,NA,NA,12.04349,71.31,284.27,0.31,0.25,0.06,0.020111920291774,0.000991514870372307,0.0257464325272219,0.00128862914608187,0.00477862774774155,0.00212452539681458,0.00303922114678705,NA,NA,NA,NA,0.762160571312657,4.28286921197329,17.1859224455084,0.0614554121031474,0.0519809599951771,0.0238683256575942,100
"mid","R08","pursue","presence",0.06,NA,0.1,NA,NA,0.0465735103917455,0.103088967978528,0.0653529835736026,NA,NA,NA,12.04349,0,282.8,0.06,NA,0.06,0.0238683256575942,NA,0.0301511344577764,NA,NA,0.0018724330238931,0.00396814747306171,0.00358438598397087,NA,NA,NA,0.762160571312657,0,17.2599729625126,0.0238683256575942,NA,0.0238683256575942,100
"mid","R08","pursue03_epermcs1","single",0.050375,0.0276279745625315,0.0731571206571207,0.0442996032892152,0.209457695374194,0.0515773913299002,0.0727587212280784,NA,-0.00913549206906109,0.468460492888356,NA,26.39961,71.31,284.27,2.26,2.07,0.19,0.017262507359985,0.00343282107341372,0.016180406091001,0.0046326196184677,0.00835114305529682,0.0019087999670703,0.00339556883948583,NA,0.00406366128990976,0.0036962193300413,NA,1.74724658120551,4.28286921197329,17.1859224455084,0.27140487479153,0.243814385435836,0.059789191955967,100
"mid","R08","wilcoxon_tss","single",0.0325396825396825,0.0194621687936423,0.0725159464718288,0.0385452417985915,0.19822378443596,0.054702020766224,0.0746853263324226,NA,-0.0447708114343821,1.31854829754592,NA,0.171369999999999,71.31,284.27,1.38,1.29,0.09,0.0135428971923457,0.00301396466705505,0.0180381616294669,0.00483347281860647,0.00723975675503342,0.00232738140871921,0.00360829712595792,NA,0.0293551974081863,0.0382962100109945,NA,0.00881326657243316,4.28286921197329,17.1859224455084,0.215921796542689,0.204640606375611,0.0320825954263823,100
"mid","R08","zicoseq","single",0.0734166666666667,0.0207401949437267,0.129864560043131,0.0440601948951554,0.201421950126009,0.0648357359390648,0.0899860763109597,NA,NA,NA,NA,68.72147,71.31,284.27,1.87,1.43,0.44,0.0220875639172359,0.00416488943491598,0.0223065558548136,0.00528115557297174,0.00878881751427037,0.00403994239817752,0.00544676416222396,NA,NA,NA,NA,4.07969996209255,4.28286921197329,17.1859224455084,0.443734154646676,0.229736344270531,0.272407893802769,100
"mid","R09","adapt","single",0.0232775335775336,0.0306198679023741,0.0766537562741123,0.0599369490824261,0.208098033356333,0.0508700625167321,0.0802313646263019,NA,-0.0481373869864569,1.13098707139574,NA,0.35598,112.93,282.45,4.08,3.9,0.18,0.007382370680949,0.00324010992133796,0.0142004854606244,0.00476977268849949,0.00743505590316287,0.00241261231990833,0.00338757646394752,NA,0.0216610837436792,0.0308171347306383,NA,0.0148670673950613,6.7691554611019,17.2109395267643,0.532704174353588,0.505025251893908,0.0557411042864304,100
"mid","R09","fastancom","single",0,0.00633252915196486,0.0116428571428571,0.0143945553947571,0.204790669750185,0.0296555780915808,0.118619488102593,NA,-0.068570162571251,0.583356120661828,NA,0.0326400000000024,112.93,282.45,0.88,0.88,0,0,0.000891592037075583,0.00583161718529725,0.00233362096545004,0.00823130494542732,0.00249420809284983,0.00606861793136389,NA,0.0144319989847448,0.00615672560488756,NA,0.000640000000000231,6.7691554611019,17.2109395267643,0.135795449262499,0.135795449262499,0,100
"mid","R09","ldm","single",0.0537237475720313,0.0549406757103092,0.104640881115695,0.0997570504770902,0.21273215927578,0.061132470301928,0.0937834746825859,NA,NA,NA,NA,30.57443,112.93,282.45,7.41,6.91,0.5,0.0124776819085572,0.00472726659545365,0.0145735375071219,0.0071800481830124,0.00801042344420274,0.00288635729276409,0.0048824507617333,NA,NA,NA,NA,2.4141378903424,6.7691554611019,17.2109395267643,0.777082734178013,0.712811335487869,0.102000198058829,100
"mid","R09","limma_logtss","single",0.0186511266511267,0.0232868643927336,0.0668102526128842,0.0520204924799868,0.198196893374536,0.0556703898503374,0.0963627869853312,NA,-0.0606781074591855,0.583125253603501,0.79108639807496,0.0355599999999994,112.93,282.45,2.83,2.68,0.15,0.00763081277074814,0.0030846688452874,0.0121584737687015,0.0056071071796176,0.00757403271012948,0.0041226137917776,0.00519562642956518,NA,0.0144115797456433,0.00545281131395162,0.00664404916568004,0.000424578222082566,6.7691554611019,17.2109395267643,0.398495909513498,0.366771334923017,0.0609271795844942,100
"mid","R09","linda","single",0.0403532480591304,0.0372244382534002,0.0580680839469004,0.0672995183057681,0.202315104969531,0.0586809378809991,0.0811308851634667,NA,-0.018398401525212,0.573443347983513,0.752677962408662,0.186049999999999,112.93,282.45,4.75,4.44,0.31,0.0110352115462458,0.00363069747543222,0.0109032189061812,0.00528288432658135,0.007491373040289,0.00308523575149794,0.00390955609084146,NA,0.010227697491138,0.00489060395361212,0.00691617278029802,0.00889988508608133,6.7691554611019,17.2109395267643,0.535105955711935,0.501979918307335,0.0837203135988567,100
"mid","R09","lm_logtss","single",0.0326890886890887,0.0335896021601931,0.0570784954868546,0.0609486339931593,0.200438566159188,0.0565103764857577,0.0959239409476467,NA,-0.0606781074591855,0.583125253603501,0.790858667824011,0.0354600000000004,112.93,282.45,4.11,3.82,0.29,0.00851386207712454,0.00387264958771238,0.0091212819029189,0.00579052260492722,0.00748404682866521,0.00402011864144074,0.00502743557491849,NA,0.0144115797456433,0.00545281131395162,0.00666651870976268,0.000336175759706434,6.7691554611019,17.2109395267643,0.500281738805064,0.455134567735164,0.0742572650596655,100
"mid","R09","logistic_presence","single",0.0557157287157287,0.0133340709143225,0.0621560106560107,0.0251591506138739,0.153018191740703,0.0538691387443444,0.121399036541006,NA,-0.0512051346724037,0.863207924617057,NA,0.314280000000001,112.35,280.94,1.56,1.34,0.22,0.0173869291769921,0.0026699710416876,0.0160370838236145,0.00410159465587686,0.00583617284493184,0.0029477919188783,0.00367046758669487,NA,0.018923669541498,0.0419404389995304,NA,0.0178357946757967,6.78817115847617,17.2751752757557,0.25714830842386,0.210923893594085,0.0690191014403721,100
"mid","R09","pursue","abundance",0.0529470899470899,0.0106672743713356,0.1044613997114,0.0193714388356646,0.109952213577593,0.0671329523581838,0.0877999447928911,NA,-0.059619549653772,0.873317611667294,0.8904265643838,12.13411,112.86,282.36,1.49,1.21,0.28,0.0172914450005114,0.00179341117057429,0.0215724831363502,0.00263751013779164,0.004596648222688,0.00353162349538923,0.00443102706220657,NA,0.0201810750897095,0.0171494828390066,0.0037751928294307,0.772900452107305,6.77068875836323,17.2118852523306,0.325822967362042,0.210959807555943,0.145699289045221,100
"mid","R09","pursue","combined",0.0162857142857143,0.00897525312136176,0.0727121848739496,0.0157618868026642,0.108982825503385,0.0585909708958637,0.102409704638033,NA,NA,NA,NA,12.13411,112.93,282.45,0.97,0.91,0.06,0.00788502203289799,0.0016795185659175,0.0179749025706045,0.00241417920500019,0.00427070253663992,0.00280739211106447,0.0047074290047184,NA,NA,NA,NA,0.772900452107305,6.7691554611019,17.2109395267643,0.164810880292007,0.151820601202521,0.0277797979063414,100
"mid","R09","pursue","presence",0.11,NA,0.19,NA,NA,0.0506469583578148,0.102122339612347,0.0624483168412271,NA,NA,NA,12.13411,0,280.94,0.17,NA,0.17,0.031446603773522,NA,0.0394277244403663,NA,NA,0.0023144053255927,0.00441495079672442,0.00350185855640281,NA,NA,NA,0.772900452107305,0,17.2751752757557,0.0586979943903925,NA,0.0586979943903925,100
"mid","R09","pursue03_epermcs1","single",0.0565181067298714,0.0399707623488798,0.0689726730572071,0.0683989218815876,0.211192508764471,0.0502878757244919,0.0815489161664932,NA,-0.030538897809806,0.554942117270418,NA,26.94489,112.93,282.45,5.62,5.27,0.35,0.0143075477783358,0.00354002632188519,0.0133845324555741,0.00556702667831789,0.00761178968684448,0.00236757314271787,0.00394778484870475,NA,0.00679326614461906,0.00384187766102404,NA,1.81879529914194,6.7691554611019,17.2109395267643,0.591314235624786,0.55538775243568,0.0770346898114313,100
"mid","R09","wilcoxon_tss","single",0.0248333333333333,0.0276174411747387,0.0610508637951035,0.0566858952855151,0.194638842381046,0.0531894252577662,0.0930546264466287,NA,-0.0999529303574812,1.37100202948121,NA,0.17124,112.93,282.45,3.26,3.08,0.18,0.00781913607049327,0.00337090423967773,0.0112399502183457,0.00524734722332194,0.00726756351587654,0.00282346134048691,0.00425159561682838,NA,0.0329652321267029,0.0484631532556308,NA,0.00861831641202488,6.7691554611019,17.2109395267643,0.431960529435155,0.401180077453324,0.0592546294487706,100
"mid","R09","zicoseq","single",0.0342022803048345,0.0299437854447875,0.0718802129818281,0.0647427470464834,0.190111040800131,0.0728609152861976,0.10109503924328,NA,NA,NA,NA,69.36674,112.93,282.45,4.22,3.78,0.44,0.0119303293846606,0.00353040283254941,0.0134152712473496,0.0061974027483764,0.00764539744925657,0.0057097773460637,0.00753695473695106,NA,NA,NA,NA,4.17601448347415,6.7691554611019,17.2109395267643,0.522924951642686,0.448922390989036,0.164113781667882,100
"mid","R10","adapt","single",0.0475,0.0179925480701845,0.0693863636363636,0.0294872206032078,0.201236392177224,0.0541293930990475,0.0729145162502259,NA,-0.0478734456847768,1.11731586915786,NA,0.342680000000002,29.17,284.58,0.62,0.53,0.09,0.0176580167503476,0.00274234055785981,0.019075191441443,0.00427677930028125,0.0103798852832623,0.00218316495450204,0.00311654986936664,NA,0.0232561389052788,0.0327321394198737,NA,0.0141791558495584,1.7152939495414,17.3621507535178,0.0918716715881672,0.0784380344764276,0.0320825954263823,100
"mid","R10","fastancom","single",0.00666666666666667,0.00501114599686028,0.015,0.00706225513616818,0.18759538864005,0.0329994121066884,0.111682657016319,NA,-0.0902848704141145,0.478566079964528,NA,0.0326000000000003,29.17,284.58,0.18,0.16,0.02,0.00666666666666667,0.00156803701722616,0.00857233039988826,0.00181799175947403,0.00896302194217002,0.00311965117831753,0.00579613849663256,NA,0.0143607636008908,0.00722213166216881,NA,0.000685786431991147,1.7152939495414,17.3621507535178,0.0557411042864304,0.0486587789373795,0.02,100
"mid","R10","ldm","single",0.0799242424242424,0.0182888872243273,0.167493145743146,0.0333322953106685,0.198736141915685,0.0641331566830976,0.078062692086852,NA,NA,NA,NA,10.90846,29.17,284.58,0.92,0.54,0.38,0.0241002909330753,0.00293850233632242,0.030279193605602,0.004965241749706,0.00929526510222277,0.00331451282042631,0.00488319610129229,NA,NA,NA,NA,1.08652396482795,1.7152939495414,17.3621507535178,0.224589412128898,0.0845905169363301,0.183556338198737,100
"mid","R10","limma_logtss","single",0.0384615384615385,0.0105330445951564,0.0900170068027211,0.0196108611301918,0.180774866146427,0.0640112770047852,0.0928226542396557,NA,-0.0709860486126044,0.478911429655058,0.900251793135651,0.0349799999999986,29.17,284.58,0.44,0.28,0.16,0.0176040839421491,0.00255492707743174,0.0247570307425838,0.00418726346142859,0.0102283644690716,0.00443430778265973,0.00627784036942668,NA,0.015486376071231,0.00713986606019755,0.00453234519368061,0.000379254984718976,1.7152939495414,17.3621507535178,0.141649731608099,0.0587409997404287,0.112564235309032,100
"mid","R10","linda","single",0.0447619047619048,0.0200767529300501,0.0961190476190476,0.0323484930264367,0.206151707438045,0.0584720429361504,0.0723102364838858,NA,-0.0515972522600926,0.44985158280459,0.891843296158958,0.184759999999999,29.17,284.58,0.69,0.6,0.09,0.0172068710218367,0.00366508603180209,0.0232322430268484,0.00459457036524978,0.0112870936908365,0.00262432012828208,0.00342726551827974,NA,0.00748757226094451,0.0059818340421955,0.0033104932189581,0.0088702672115351,1.7152939495414,17.3621507535178,0.121185224288519,0.108245885451465,0.0320825954263823,100
"mid","R10","lm_logtss","single",0.0398484848484848,0.0149799844532367,0.0901950354609929,0.0247742385329309,0.184215066065304,0.0643454718757835,0.0929325365180891,NA,-0.0709860486126044,0.478911429655058,0.900174636945606,0.0355399999999997,29.17,284.58,0.53,0.39,0.14,0.0173579473701356,0.00301252390391127,0.0245620682496025,0.00459425221176675,0.0100890679290997,0.00452810159840223,0.00621275774953929,NA,0.015486376071231,0.00713986606019755,0.00460217100610455,0.000339464819438317,1.7152939495414,17.3621507535178,0.132919813299887,0.0750689918365335,0.092135166407235,100
"mid","R10","logistic_presence","single",0.0613888888888889,0.0091123439124199,0.109173669467787,0.0134620586353869,0.151055218309756,0.0646310570285516,0.1201616928519,NA,-0.0800538891592363,0.730636895746941,NA,0.2949,28.99,283.23,0.44,0.28,0.16,0.0229750938686136,0.00208079080788926,0.0286585594036476,0.0026874194740044,0.00889079510641242,0.00383558847416058,0.00381478790083821,NA,0.0192191169413456,0.0378290390117542,NA,0.0158259312841331,1.72594550284413,17.441618953445,0.113990961895842,0.0620849857416868,0.0872937685072767,100
"mid","R10","pursue","abundance",0.09,0.00459264214046823,0.096,0.00681976632347476,0.121558462204895,0.0550949092513072,0.0664558593846711,NA,-0.0359256377109181,0.78480764908093,0.934235784255733,12.24049,29.16,284.53,0.21,0.1,0.11,0.0287623491264661,0.0017513576251151,0.0276147945838859,0.0019362118266755,0.00780096340450248,0.0017458875638463,0.0031121684813736,NA,0.0113442802380575,0.0172199283438828,0.00182436268671587,0.779724388692711,1.71621618096264,17.3620767214296,0.0477683805651624,0.0333333333333333,0.0373219679669936,100
"mid","R10","pursue","combined",0.07,0.00499264214046823,0.105,0.00638495906723893,0.118098417575589,0.0512477273612787,0.083189109428924,NA,NA,NA,NA,12.24049,29.17,284.58,0.17,0.08,0.09,0.0256432399976243,0.00197924581560769,0.0303972021572693,0.00206644614296843,0.00672501212275938,0.00193576571291754,0.00366870739040523,NA,NA,NA,NA,0.779724388692711,1.7152939495414,17.3621507535178,0.0450700913168936,0.0307482445914323,0.0350900716914789,100
"mid","R10","pursue","presence",0.06,NA,0.12,NA,NA,0.0469823038453283,0.105514877193939,0.0723770526496103,NA,NA,NA,12.24049,0,283.23,0.07,NA,0.07,0.0238683256575942,NA,0.032659863237109,NA,NA,0.00207938943967288,0.00424220763453884,0.00615335780776458,NA,NA,NA,0.779724388692711,0,17.441618953445,0.0293188669562103,NA,0.0293188669562103,100
"mid","R10","pursue03_epermcs1","single",0.0478571428571428,0.0187041579718169,0.0700833333333333,0.0258406503548138,0.209253977853814,0.0546944148468683,0.0721321903771114,NA,-0.0572265669365294,0.378350167344703,NA,26.85241,29.16,284.57,0.7,0.6,0.1,0.0172208922156195,0.0031565667735053,0.0202586027368248,0.00407576348268319,0.0102711863031354,0.00234650390496954,0.00300656485603421,NA,0.00382067430106661,0.00456391666175817,NA,1.8722062045465,1.71550976020941,17.362604974921,0.122680499878771,0.106363204695662,0.0333333333333333,100
"mid","R10","wilcoxon_tss","single",0.0275,0.0133645934260445,0.0991031746031746,0.0243199447869429,0.186827345327597,0.060746463974232,0.0800780996904413,NA,-0.0866577390445696,1.31229893507827,NA,0.172279999999999,29.17,284.58,0.51,0.38,0.13,0.0141666666666667,0.00283098578565758,0.0262067004494253,0.00428898210293556,0.00976021040349115,0.0036309150150155,0.00502479706880983,NA,0.0285818711636277,0.0396562852914582,NA,0.00883328279002122,1.7152939495414,17.3621507535178,0.138895353384911,0.0762505174680238,0.0928287224794768,100
"mid","R10","zicoseq","single",0.0510555555555555,0.0192314585418986,0.125847431077694,0.0245599966704367,0.201998372022156,0.0623220858349438,0.0811429486413572,NA,NA,NA,NA,69.83624,29.17,284.58,0.78,0.57,0.21,0.0197262242821448,0.00465690047099305,0.0295825510067899,0.00522258973887631,0.0107887012182398,0.00337176996945047,0.00488967836950836,NA,NA,NA,NA,4.17463990673846,1.7152939495414,17.3621507535178,0.199787766179893,0.140169450121896,0.0935225355006195,100
"mid","R11","adapt","single",0.0356666666666667,0.0199617186542593,0.116190476190476,0.0333681986862019,0.208765408570492,0.0518304479096223,0.0703609314844588,NA,-0.0803717800205389,1.11099106693004,NA,0.34496,30.21,283.53,0.59,0.51,0.08,0.0142311761586915,0.00365027227615538,0.0275161041157249,0.00520547246293521,0.011111215032199,0.00192387475247099,0.00333628989100433,NA,0.0244926851980482,0.0279183469578147,NA,0.0146572553826949,1.65305318985351,17.3769059270044,0.103567671723674,0.0893240610294218,0.0307482445914323,100
"mid","R11","fastancom","single",0.01,0.00224814443259821,0.02,0.00306481109926488,0.160814068002782,0.0342387699679352,0.10129747194332,NA,-0.153182160360819,0.493586759954518,NA,0.0320099999999998,30.21,283.53,0.08,0.07,0.01,0.01,0.000956255436678637,0.014070529413629,0.00109889852558761,0.00986238449615843,0.00221484862785107,0.00620493881174587,NA,0.0153631351441275,0.0076316666029593,NA,0.00065234541881931,1.65305318985351,17.3769059270044,0.0307482445914323,0.0293188669562103,0.01,100
"mid","R11","ldm","single",0.0916666666666667,0.018289220860785,0.1587,0.0272932946304036,0.188043966883757,0.0624673529208585,0.0790367828528173,NA,NA,NA,NA,12.18995,30.21,283.53,0.66,0.46,0.2,0.025444973749512,0.00307130791867041,0.032132927299501,0.00372295967769049,0.0109669461840319,0.00294004586623385,0.00391945012318777,NA,NA,NA,NA,1.33133793518081,1.65305318985351,17.3769059270044,0.0955790433900316,0.0702376916856849,0.0619546918189723,100
"mid","R11","limma_logtss","single",0.0195454545454545,0.0127854352818456,0.0686666666666667,0.0209818246068063,0.195445241217593,0.0598344314564094,0.0893244632033428,NA,-0.0949222865289732,0.48133510069425,0.900843168284515,0.0348999999999985,30.21,283.53,0.41,0.34,0.07,0.011969696969697,0.0037309026345361,0.023238479641038,0.00557027018237602,0.0120657245233887,0.00403686472610128,0.00641835748173469,NA,0.0159454791861722,0.00714982090956201,0.00468101647230861,0.000290767010758456,1.65305318985351,17.3769059270044,0.127203805292169,0.0878704280245187,0.0517472489875335,100
"mid","R11","linda","single",0.0233333333333333,0.0160921898354537,0.0949404761904762,0.0284417916828816,0.204912277358086,0.0570527094128805,0.0678903316417181,NA,-0.0995928119635237,0.454098719018171,0.889970249136239,0.18252,30.21,283.53,0.42,0.39,0.03,0.014413330903858,0.00339437345343583,0.025966285284865,0.00509437895702121,0.0116446054077791,0.00259515981088497,0.00342925401618165,NA,0.00702458275653782,0.00579567746096059,0.00362827976595959,0.00867738823994089,1.65305318985351,17.3769059270044,0.0793661760385991,0.0764027076573451,0.0171446607997765,100
"mid","R11","lm_logtss","single",0.0291666666666667,0.0179898971792608,0.0849007936507937,0.028258448114541,0.201416105620196,0.0596897261370442,0.0886259880952752,NA,-0.0949222865289732,0.48133510069425,0.901098696962942,0.035109999999998,30.21,283.53,0.57,0.48,0.09,0.0153693308236348,0.00447437983209026,0.0252413889027489,0.00572493473641506,0.0119458600863677,0.00400984205977232,0.00639610890814912,NA,0.0159454791861722,0.00714982090956201,0.00470034749392006,0.000303479818109774,1.65305318985351,17.3769059270044,0.142314916131568,0.10394248603935,0.0552222323842033,100
"mid","R11","logistic_presence","single",0.1,0.00670580160580161,0.141666666666667,0.0119705336991051,0.123760149868292,0.0615083303583441,0.123081348009709,NA,-0.146251549150459,0.780247971433113,NA,0.295209999999998,30.02,282.04,0.25,0.13,0.12,0.0301511344577764,0.00276241740829448,0.0336162238368694,0.00388282019569029,0.00929022615406188,0.00316968080669562,0.00355724474212317,NA,0.0189408955962811,0.0432354821547508,NA,0.0161235087478944,1.66120195015294,17.4547086061398,0.0557320429022713,0.0441645225322889,0.0383497988352882,100
"mid","R11","pursue","abundance",0.0816666666666667,0.0063219190017144,0.145666666666667,0.00932810301378077,0.124284181999548,0.0529335677147963,0.0624557397312365,NA,-0.0868256584083824,0.789244853438637,0.933104110770915,12.12175,30.19,283.48,0.23,0.13,0.1,0.0266429819060946,0.00223385109823835,0.0336838639945404,0.00253821610025305,0.00834443006702279,0.00196255579341367,0.00284520007747565,NA,0.00830666669718547,0.018783335211887,0.00199481968259509,0.775117260777068,1.65454348429231,17.3812070810965,0.0565953205047052,0.0418148878808116,0.0333333333333333,100
"mid","R11","pursue","combined",0.09,0.0035255820053774,0.121666666666667,0.00788300497456508,0.118163405450994,0.0499759117359295,0.0845257456797757,NA,NA,NA,NA,12.12175,30.21,283.53,0.17,0.07,0.1,0.0278705521432152,0.00141112615623545,0.0313245743183999,0.0024317486020428,0.00811531034513998,0.00210846521737689,0.0034936033482905,NA,NA,NA,NA,0.775117260777068,1.65305318985351,17.3769059270044,0.0427702341505507,0.0256432399976243,0.0301511344577764,100
"mid","R11","pursue","presence",0.07,NA,0.14,NA,NA,0.0461236363332604,0.113821129155475,0.0631426433010983,NA,NA,NA,12.12175,0,282.04,0.07,NA,0.07,0.0256432399976243,NA,0.0348735088019777,NA,NA,0.0022295043168877,0.00405129218050064,0.00719867290314315,NA,NA,NA,0.775117260777068,0,17.4547086061398,0.0256432399976243,NA,0.0256432399976243,100
"mid","R11","pursue03_epermcs1","single",0.035,0.0139494720459968,0.0986666666666667,0.0226816918833375,0.203558303715181,0.0550812217655058,0.0674579674578832,NA,-0.101656261972539,0.384441066627579,NA,26.70678,30.21,283.53,0.47,0.42,0.05,0.0162912258717397,0.00267032991662296,0.0271336220502678,0.00389399749367567,0.010115725553605,0.00182100884831014,0.00310948669253202,NA,0.00312435597740193,0.00430787807827952,NA,1.84794029395329,1.65305318985351,17.3769059270044,0.0892788164723697,0.0854932214218818,0.021904291355759,100
"mid","R11","wilcoxon_tss","single",0.0375,0.0118961603433651,0.1075,0.020088935583752,0.175743191463248,0.0574076331290776,0.0815086320286426,NA,-0.149065615226461,1.34558945051724,NA,0.170360000000002,30.21,283.53,0.34,0.29,0.05,0.0178994808344101,0.00238275769044521,0.0276079403906746,0.00365103945042337,0.0113639345346612,0.003139256891439,0.00395810441646957,NA,0.027533020550961,0.047083967800796,NA,0.00878301298938586,1.65305318985351,17.3769059270044,0.065474183361602,0.0573752489486467,0.021904291355759,100
"mid","R11","zicoseq","single",0.0688571428571429,0.0130785661545026,0.163850649350649,0.0246073625496783,0.192428991211929,0.0698607428635551,0.0899402887373099,NA,NA,NA,NA,68.10032,30.21,283.53,0.57,0.41,0.16,0.0243449578726239,0.00384998198214941,0.0333198017376751,0.00503709322558876,0.0118380776440866,0.00407167278018046,0.00522110157053707,NA,NA,NA,NA,4.00692700122015,1.65305318985351,17.3769059270044,0.140888235667478,0.114675651515503,0.0631176550882428,100
"mid","R12","adapt","single",0.0666666666666667,0.0032053733500542,0.1075,0.0042053733500542,0.091555790292923,0.0509259778508339,0.0716630976277529,NA,-0.0293919591386629,1.09002048251013,NA,0.320819999999998,28.65,286.15,0.16,0.07,0.09,0.0246182981958665,0.00144630895887317,0.0308251422371316,0.00151650316850024,0.00603987380788909,0.00212324767626953,0.00316933662618865,NA,0.024278608426982,0.0313977036065819,NA,0.0124516306992579,1.75351738865722,17.144698358915,0.0486587789373795,0.0293188669562103,0.0350900716914789,100
"mid","R12","fastancom","single",0,0,0.01,0.000204081632653061,0.0878817491194753,0.0320657268411063,0.113984340724147,NA,-0.0277540927065786,0.445152184606331,NA,0.0323199999999994,28.65,286.15,0,0,0,0,0,0.01,0.000204081632653061,0.0057006453518899,0.00257766286440972,0.00721022919092516,NA,0.0175372458149418,0.00922923748675232,NA,0.000637843589326063,1.75351738865722,17.144698358915,0,0,0,100
"mid","R12","ldm","single",0.045,0.00359668902526045,0.103333333333333,0.00441353661536032,0.0984439667659299,0.0528134469075186,0.0662716684336123,NA,NA,NA,NA,7.37497,28.65,286.15,0.16,0.09,0.07,0.019077342729313,0.00149093351961003,0.0286019157529046,0.00155226777348631,0.00618562309966141,0.00218789721166895,0.00287872259163057,NA,NA,NA,NA,0.598307217705574,1.75351738865722,17.144698358915,0.0545319848688582,0.0350900716914789,0.0293188669562103,100
"mid","R12","limma_logtss","single",0.05,0.000918367346938775,0.0916666666666667,0.00482843283025654,0.0852001112506002,0.0534909942435669,0.0850536264560157,NA,-0.0112694520144541,0.436504300960588,0.935619793617308,0.0356499999999999,28.65,286.15,0.08,0.02,0.06,0.021904291355759,0.000740883589718997,0.0272551851552162,0.00195526681438845,0.00582138390240469,0.00363137775652222,0.00498959258074391,NA,0.0145381320339987,0.00771349608121885,0.00361073740230737,0.000418360194718971,1.75351738865722,17.144698358915,0.0307482445914323,0.014070529413629,0.0277797979063414,100
"mid","R12","linda","single",0.035,0.00207392290249433,0.103333333333333,0.00406408289447803,0.0931397039911006,0.0526660073628412,0.0676006087895761,NA,-0.0158042966423493,0.405898221339899,0.927208437315982,0.185540000000002,28.65,286.15,0.1,0.06,0.04,0.0177738316327429,0.00101378568834426,0.0293762312586717,0.00144442764284691,0.00567313819729042,0.00202710208462684,0.00294608944805483,NA,0.0068926023209061,0.00746936711506205,0.00217371805925853,0.00855708602341488,1.75351738865722,17.144698358915,0.0362371537669739,0.0277797979063414,0.0196946385566932,100
"mid","R12","lm_logtss","single",0.04,0.00133113330438558,0.13,0.0054325144629096,0.0851469273035518,0.0543301405814426,0.0844432281054964,NA,-0.0112694520144541,0.436504300960588,0.934816915895052,0.0354300000000011,28.65,286.15,0.08,0.04,0.04,0.0196946385566932,0.000790986845800292,0.0320965854392249,0.00197061812769455,0.0058983918517361,0.00345780841120535,0.00505908693951079,NA,0.0145381320339987,0.00771349608121885,0.00353427839733097,0.000331283088684705,1.75351738865722,17.144698358915,0.0272659924344291,0.0196946385566932,0.0196946385566932,100
"mid","R12","logistic_presence","single",0.0766666666666667,0.0027899790685505,0.120416666666667,0.00397587650444794,0.0813646174199932,0.0565361621979871,0.117469267121361,NA,-0.00630679417392267,0.725411700904287,NA,0.295220000000001,28.47,284.75,0.16,0.06,0.1,0.0253394463650559,0.00135181754499222,0.0317980561049551,0.00192738360901791,0.00549953334548842,0.00269385578383194,0.00288104071675737,NA,0.0180239349527866,0.0423872057439331,NA,0.0156325843330302,1.75777953364149,17.2179808234405,0.0486587789373795,0.0238683256575942,0.0333333333333333,100
"mid","R12","pursue","abundance",0.075,0.00182857142857143,0.191666666666667,0.00223265306122449,0.0645246515105585,0.0557952641438575,0.0655534827682179,NA,-0.00182805316322128,0.776382551891784,0.941747880268777,12.22603,28.63,286.11,0.13,0.03,0.1,0.0259904799975886,0.00145205517601038,0.0389519690420894,0.00147457175512387,0.00531267150012635,0.0020018335305818,0.00281400482102981,NA,0.00771794533411877,0.0191617689219115,0.00193355419740893,0.764995393589485,1.75324547538834,17.1457442079498,0.0418148878808116,0.0171446607997765,0.0362371537669739,100
"mid","R12","pursue","combined",0.05,0.00183690476190476,0.116666666666667,0.0030452380952381,0.0621330982696196,0.0521032715658849,0.0799884516831966,NA,NA,NA,NA,12.22603,28.65,286.15,0.1,0.03,0.07,0.021904291355759,0.00145313207991639,0.0311129148106292,0.00157046370527005,0.00485834941922297,0.00195876629486049,0.00318855793080593,NA,NA,NA,NA,0.764995393589485,1.75351738865722,17.144698358915,0.0362371537669739,0.0171446607997765,0.0325824517434794,100
"mid","R12","pursue","presence",0.07,NA,0.11,NA,NA,0.0442195317354529,0.114409242957968,0.0451991957637198,NA,NA,NA,12.22603,0,284.75,0.11,NA,0.11,0.0256432399976243,NA,0.031446603773522,NA,NA,0.00188173743602659,0.00425859778871408,0.00488913767949557,NA,NA,NA,0.764995393589485,0,17.2179808234405,0.0447100648511037,NA,0.0447100648511037,100
"mid","R12","pursue03_epermcs1","single",0.0916666666666667,0.00207832167832168,0.1025,0.00497460411928497,0.0972232520372525,0.0490831406382568,0.0680974026395725,NA,-0.00223322833313731,0.31510582320905,NA,26.39355,28.65,286.15,0.17,0.04,0.13,0.0281664724158026,0.00121229727966373,0.0281504047252484,0.00172851451564844,0.00575746732871403,0.00180364442236154,0.0026428862865237,NA,0.00286769626303687,0.00595570134314676,NA,1.82097366148809,1.75351738865722,17.144698358915,0.0513553671720273,0.0196946385566932,0.0418148878808116,100
"mid","R12","wilcoxon_tss","single",0.0433333333333333,0.00263907203907204,0.0666666666666667,0.00455224458081601,0.0925596602632686,0.0519820529367561,0.0773877582315505,NA,-0.0167122395885623,1.28879358967165,NA,0.17216,28.65,286.15,0.11,0.06,0.05,0.0199071920746321,0.00124758960367199,0.0225978356779769,0.0015927323323903,0.00622931248849569,0.00232648430792831,0.00358660605660828,NA,0.0264106827565035,0.0412565792993918,NA,0.00867899728882281,1.75351738865722,17.144698358915,0.0399368187885502,0.0277797979063414,0.021904291355759,100
"mid","R12","zicoseq","single",0.0775,0.00211428571428571,0.16547619047619,0.00367392290249433,0.0914424740908016,0.0547741232222326,0.0786773344686932,NA,NA,NA,NA,68.59936,28.65,286.15,0.22,0.08,0.14,0.0255482806948852,0.000956372587476814,0.0353073254261787,0.00119151811949452,0.00557294594838222,0.00313046875757837,0.0041620227450843,NA,NA,NA,NA,3.98176910355742,1.75351738865722,17.144698358915,0.0704674149210581,0.0338743966363203,0.0492776098069177,100
"mid","R13","adapt","single",0.0277764906942118,0.208825538280409,0.0559212507071426,0.265677386982527,0.515619602247862,0.0494774508751093,0.0676240727330461,NA,-0.0204113846937747,1.13752257363566,NA,0.355539999999999,28.37,283.12,7.52,7.19,0.33,0.00668711090836344,0.0157131593409329,0.00755160077545551,0.0185621978682245,0.0152109310823503,0.00185090285430529,0.00317346246648972,NA,0.0237587311195863,0.0322138545347318,NA,0.0147722331665618,1.67136640404361,17.291565527269,0.696815266158481,0.659766564166387,0.0667499479816693,100
"mid","R13","fastancom","single",0.00881944444444444,0.110869467869779,0.0300396230898519,0.150211559626989,0.47462370819391,0.0304827458447814,0.105400404991883,NA,-0.0791302944648896,0.58855345068768,NA,0.0322700000000007,28.37,283.12,3.97,3.92,0.05,0.00532805717643364,0.0100906755327379,0.00771810570611236,0.0136789816430531,0.0158828077141731,0.00241705612142847,0.00594559844319806,NA,0.0149768542939458,0.0071584671178489,NA,0.000629711333577945,1.67136640404361,17.291565527269,0.417896367222035,0.41186444764306,0.021904291355759,100
"mid","R13","ldm","single",0.0922951076268747,0.264697479450337,0.165600453044398,0.344368628194546,0.522823891179653,0.0697470183064979,0.0864706198509189,NA,NA,NA,NA,29.49693,28.37,283.12,10.62,9.32,1.3,0.0179093053288065,0.0172777936713336,0.0213861084085971,0.0200399209788132,0.0178899044722842,0.00432300267063556,0.00597180716406075,NA,NA,NA,NA,2.34923499623308,1.67136640404361,17.291565527269,0.923080044024768,0.836645538789133,0.264956638342994,100
"mid","R13","limma_logtss","single",0.0955900584795322,0.185927773985547,0.122126298871148,0.246403128443051,0.490535035886817,0.0635352315287754,0.0970926232714706,NA,-0.0639035739115181,0.591524330107978,0.871158958412404,0.0350999999999998,28.37,283.12,7.21,6.38,0.83,0.0234652526366509,0.0148296796254776,0.0211307838620908,0.016957601281549,0.0171936695656721,0.00527313621595686,0.00667835865309391,NA,0.0172188856480326,0.00812498201575561,0.00543029580230253,0.000305008693368372,1.67136640404361,17.291565527269,0.697078318281513,0.605493370915175,0.227438525382757,100
"mid","R13","linda","single",0.0504061388839993,0.206229552917428,0.0976775454353386,0.271140996683031,0.500812441140059,0.0573103122375829,0.0696059936002369,NA,-0.0406093299977486,0.574321164629435,0.869636421202741,0.186990000000002,28.37,283.12,7.5,6.98,0.52,0.0135285943548471,0.0147225958676158,0.0189494122002561,0.0170693566432812,0.0172046327746348,0.00242434926406651,0.00361983387489788,NA,0.00945729000877841,0.00665886471024766,0.00321794542227817,0.00905454286337231,1.67136640404361,17.291565527269,0.66263935069607,0.631493339936249,0.124300060541035,100
"mid","R13","lm_logtss","single",0.0969179276605747,0.184768971783461,0.129618977359592,0.244660414811622,0.486350249695419,0.063923338042822,0.0972565787926328,NA,-0.0639035739115181,0.591524330107978,0.87098274858543,0.0353299999999995,28.37,283.12,7.21,6.36,0.85,0.0232652395595127,0.0138369206853117,0.0217001771865712,0.0166307734508105,0.0169201460218217,0.00546686511398572,0.0066234019957724,NA,0.0172188856480326,0.00812498201575561,0.00557070710997401,0.000271938421431327,1.67136640404361,17.291565527269,0.688182351920586,0.596372875020826,0.246746506325497,100
"mid","R13","logistic_presence","single",0.0804004051504052,0.102546759888693,0.12023164999252,0.138211265140778,0.383032336257287,0.0592465333145567,0.120233377499253,NA,-0.113154803911899,0.834875844973309,NA,0.314789999999999,28.22,281.64,3.84,3.32,0.52,0.0203175062799038,0.00976668081118004,0.0232363067671068,0.0123318806071622,0.0142379832348427,0.00361511168778053,0.00394229090662704,NA,0.0215497294593811,0.0404295801235775,NA,0.0181122442819572,1.6813042075674,17.3740751952122,0.469411839164155,0.370061419963571,0.181174618598308,100
"mid","R13","pursue","abundance",0.0871114718614719,0.0631040137023015,0.127617535242535,0.0862757296344905,0.265115406214456,0.0591595028926908,0.0674526300893349,NA,-0.000502352601540376,0.858560275871926,0.908740976185504,12.02357,28.25,283,2.21,2.01,0.2,0.0241345844950113,0.00636866391092799,0.0260462454894032,0.00762712097163139,0.0128236663543191,0.00201048639193856,0.0032608733542946,NA,0.0116804698215715,0.0190211884931932,0.00215547337994013,0.768743777605432,1.66674999791677,17.2868607779306,0.253976456397124,0.243499320721679,0.0471404520791032,100
"mid","R13","pursue","combined",0.0657063492063492,0.0568459737963413,0.125668331668332,0.0802168858420948,0.279557483170431,0.0498612155397565,0.0879362623548366,NA,NA,NA,NA,12.02357,28.37,283.12,2.03,1.83,0.2,0.0186351624139389,0.00621061861040522,0.0257308467082931,0.00766187244869563,0.0134992387454591,0.00200154214300481,0.00399172084025465,NA,NA,NA,NA,0.768743777605432,1.67136640404361,17.291565527269,0.239298216382062,0.224758006789884,0.0512470743190538,100
"mid","R13","pursue","presence",0.19,NA,0.29,NA,NA,0.0493951964246575,0.106841352144284,0.123964366305436,NA,NA,NA,12.02357,0,281.64,0.25,NA,0.25,0.0394277244403663,NA,0.0456048021572069,NA,NA,0.00207092636478766,0.00465577197815141,0.00798222654247061,NA,NA,NA,0.768743777605432,0,17.3740751952122,0.0575159178669767,NA,0.0575159178669767,100
"mid","R13","pursue03_epermcs1","single",0.0378553829407251,0.234115262082142,0.0934609847396612,0.292546947084955,0.530703892713558,0.0521667705440639,0.0659528467451323,NA,-0.032361999297435,0.554288762704362,NA,26.99838,28.37,283.12,8.67,8.23,0.44,0.0082341570591651,0.0167409382548592,0.0145503749010196,0.0186904561045725,0.0168315351865032,0.00172197912431729,0.00311882276307299,NA,0.00605576298579923,0.0054573739363009,NA,1.77640873844286,1.67136640404361,17.291565527269,0.78187226733287,0.738529114202854,0.0756386946027767,100
"mid","R13","wilcoxon_tss","single",0.0613307340320498,0.184948885612437,0.109053705701751,0.24427250599656,0.477464975372556,0.0617297168084719,0.0885006605316636,NA,-0.142301324486112,1.39484191038,NA,0.17122,28.37,283.12,6.91,6.22,0.69,0.016420670707044,0.0135940854235816,0.0183175194059694,0.0162969742276187,0.0164092485921975,0.00409432537216269,0.00545179179637813,NA,0.035876287240397,0.0474303781572274,NA,0.00873549105891628,1.67136640404361,17.291565527269,0.62991020684449,0.569525764087627,0.242335021460503,100
"mid","R13","zicoseq","single",0.0398288769130841,0.209626729296503,0.0948564207611874,0.282526453910348,0.514815938578764,0.05785576252728,0.0774480174592678,NA,NA,NA,NA,68.94689,28.37,283.12,8,7.46,0.54,0.00777728436892065,0.0160144207877071,0.0122131348574932,0.0185708729092551,0.0170616796458852,0.00236694773269045,0.00390254551374569,NA,NA,NA,NA,4.12250027707995,1.67136640404361,17.291565527269,0.747926426457803,0.685700997947253,0.106761321638409,100
"mid","R14","adapt","single",0.0508333333333333,0.0323727211914548,0.0985063825063825,0.0516997048297018,0.262790996754609,0.0489502002691203,0.0698789096725985,NA,0.00380190891654897,1.08637392818388,NA,0.34858,28.37,283.17,1.08,0.93,0.15,0.0167462326366153,0.00428738797404073,0.0218862134929848,0.00618669258152338,0.0108571878149493,0.00281527319623133,0.00346382801893514,NA,0.0254829723785004,0.0257273310460855,NA,0.014852175162942,1.7024435795098,17.1328914870512,0.134600043525891,0.116562724259811,0.0538891492235719,100
"mid","R14","fastancom","single",0.0233333333333333,0.0081407082552661,0.0266666666666667,0.0117624937710919,0.248910090514722,0.0291599023689245,0.106049494484053,NA,-0.0264753596245823,0.47507438014975,NA,0.0323599999999992,28.37,283.17,0.3,0.27,0.03,0.014413330903858,0.001891839739781,0.0147405546238018,0.00240828105392965,0.010720317917817,0.00213054132692754,0.00595826018906336,NA,0.0137115818352856,0.00601081220489007,NA,0.00064314881951241,1.7024435795098,17.1328914870512,0.0611340636419152,0.0565953205047052,0.0171446607997765,100
"mid","R14","ldm","single",0.0594761904761905,0.0482015450117835,0.121870427881297,0.0734494242799717,0.272590637178295,0.0570842550392848,0.0739262414236027,NA,NA,NA,NA,11.55653,28.37,283.17,1.69,1.42,0.27,0.016827199799938,0.00620033636753766,0.020019314548607,0.00759966220022323,0.0115640365313614,0.0023972883799868,0.00327864866835445,NA,NA,NA,NA,1.19992298611918,1.7024435795098,17.1328914870512,0.209228983835337,0.172433562085034,0.077661529287757,100
"mid","R14","limma_logtss","single",0.034,0.0181186321868516,0.0655952380952381,0.0367018087705424,0.248243795679096,0.0494975326011145,0.0803788502373421,NA,-0.0143975515015031,0.475638007696443,0.908762990141488,0.0355900000000013,28.37,283.17,0.6,0.52,0.08,0.0143702835916711,0.0032764871123973,0.0183871910884863,0.00532414632817102,0.0114175406642802,0.00308326902124066,0.00420680244891162,NA,0.0141949644244023,0.0062626179086828,0.00366190759196706,0.000353366207733222,1.7024435795098,17.1328914870512,0.0984731927834662,0.082241330021081,0.0338743966363203,100
"mid","R14","linda","single",0.0543452380952381,0.0415292245154182,0.092271645021645,0.0609999516189132,0.267268353590697,0.0500378302795792,0.068393409719412,NA,-0.00563134609161091,0.452669671529356,0.897856439044933,0.18299,28.37,283.17,1.44,1.26,0.18,0.0172509450454512,0.00539339374806814,0.0194583478692497,0.00718445423631135,0.0112306559337349,0.00242937428001995,0.00305884586379149,NA,0.00741556223824011,0.00563213426713106,0.0031660233064666,0.00862119182508118,1.7024435795098,17.1328914870512,0.187120660040898,0.158030811469591,0.0557411042864304,100
"mid","R14","lm_logtss","single",0.0369047619047619,0.0274135117729719,0.0735833333333333,0.0479925671256624,0.251724067206473,0.0492988751922334,0.0814927695449321,NA,-0.0143975515015031,0.475638007696443,0.908798168055576,0.0351999999999997,28.37,283.17,0.9,0.78,0.12,0.0145375233908526,0.00408284072980087,0.0169336877546799,0.00651729333310096,0.0111619683469989,0.00315901480044044,0.00429638168413004,NA,0.0141949644244023,0.0062626179086828,0.00376405748940204,0.000294048714441409,1.7024435795098,17.1328914870512,0.133711584684304,0.106912595283732,0.0498077110577076,100
"mid","R14","logistic_presence","single",0.0191666666666667,0.0137698162367198,0.100590909090909,0.0261968147349034,0.195606202067357,0.050853482902616,0.114625528215304,NA,-0.0199117996386092,0.72389121138987,NA,0.294799999999998,28.24,281.84,0.41,0.35,0.06,0.00900920778513987,0.00344054336378241,0.0253734925879269,0.00491026870299027,0.00968806233147994,0.00303812414698875,0.00306294005250089,NA,0.0157025621610342,0.0352243598716051,NA,0.0159390125544876,1.70874872998408,17.2004564186565,0.0922173541370625,0.0770346898114312,0.0277797979063414,100
"mid","R14","pursue","abundance",0.0775,0.0124839838698703,0.13,0.0188985752726196,0.138092508284631,0.0553742384080539,0.0660447208743526,NA,0.00646415754625639,0.800263493846553,0.930578243353876,12.06645,28.35,283.14,0.46,0.3,0.16,0.0241364608628815,0.00276126829678154,0.030692530449032,0.00378832664848944,0.00713172491701113,0.00216577362989723,0.00258594334661329,NA,0.0124106781953535,0.0189234220614986,0.00222703105935262,0.760154738284491,1.70017081732419,17.1310163508217,0.0845905169363301,0.0577350269189626,0.0526471003163248,100
"mid","R14","pursue","combined",0.0366666666666667,0.00907400840314304,0.11,0.0134386220649571,0.146944681430422,0.0472058235215209,0.087535865977319,NA,NA,NA,NA,12.06645,28.37,283.17,0.28,0.22,0.06,0.0168475037865668,0.00247626785371854,0.0283744008178726,0.00278614460279054,0.00643650233944546,0.00210314538756348,0.00386875962826782,NA,NA,NA,NA,0.760154738284491,1.7024435795098,17.1328914870512,0.0636911740868832,0.0523778039195454,0.0277797979063414,100
"mid","R14","pursue","presence",0.06,NA,0.07,NA,NA,0.0410628957983306,0.112615867466143,0.0741877405038358,NA,NA,NA,12.06645,0,281.84,0.07,NA,0.07,0.0238683256575942,NA,0.0256432399976243,NA,NA,0.00200968932666384,0.00438240788061824,0.00666272545465037,NA,NA,NA,0.760154738284491,0,17.2004564186565,0.0293188669562103,NA,0.0293188669562103,100
"mid","R14","pursue03_epermcs1","single",0.0636904761904762,0.0388319922831882,0.0944253246753247,0.059746115099853,0.272970427199018,0.047661901484533,0.0697418156158029,NA,-0.00914828502723729,0.393125825300416,NA,26.90103,28.37,283.17,1.38,1.18,0.2,0.0185838001922056,0.00533711016987085,0.0203332639308209,0.00661515406269504,0.0108030473437136,0.00250607356613394,0.00339163097215416,NA,0.0040395195171121,0.0042383371849027,NA,1.83772938365981,1.7024435795098,17.1328914870512,0.179662984164206,0.151344145922631,0.0586032715327688,100
"mid","R14","wilcoxon_tss","single",0.042,0.0270539967125948,0.0681904761904762,0.0456044410822314,0.255541656513255,0.0486998113142016,0.0760891017364188,NA,-0.0224831127091886,1.28809574145224,NA,0.16954,28.37,283.17,0.8,0.7,0.1,0.0154514554248936,0.00493380684715447,0.0178139615792431,0.00651545425067916,0.0108436195181998,0.00276944821884613,0.00372349935861445,NA,0.024590422323799,0.0316788375687175,NA,0.00845589173597351,1.7024435795098,17.1328914870512,0.12552918289217,0.115031835733953,0.0362371537669739,100
"mid","R14","zicoseq","single",0.104301282051282,0.0336472711671467,0.147800441388677,0.046902308754696,0.26046549918778,0.0558159941757659,0.0798710249476452,NA,NA,NA,NA,68.89812,28.37,283.17,1.34,0.91,0.43,0.0262876496633719,0.00430492343713247,0.0280287045842686,0.00553608733684424,0.0101159475411348,0.0030421761078495,0.00421847960345578,NA,NA,NA,NA,4.07652097663999,1.7024435795098,17.1328914870512,0.230598693785888,0.115553127402616,0.167726930551785,100
"mid","R15","adapt","single",0.035,0.0165714168722085,0.0956666666666667,0.0282679667417331,0.21974791111117,0.0512025287227451,0.06678253492585,NA,0.0413848055128272,1.10062642049299,NA,0.341490000000001,28.08,284.24,0.53,0.49,0.04,0.0177738316327429,0.00360724208778246,0.0262890135502564,0.004507827605965,0.0108691839189886,0.00200056547659226,0.00261983278044382,NA,0.0232732416279168,0.0316380751952746,NA,0.0143888319136192,1.72003523572083,17.189696937645,0.0892788164723697,0.0881859834484351,0.0196946385566932,100
"mid","R15","fastancom","single",0.005,0.00316447127874286,0.005,0.00558852927073398,0.210461797173978,0.0280231180008011,0.106685445388054,NA,-0.0317408380412985,0.46593806319726,NA,0.0322700000000013,28.08,284.24,0.15,0.14,0.01,0.005,0.000922887551560588,0.005,0.0013388873235014,0.0103938822857275,0.00197773613800735,0.00636576340935312,NA,0.0140045233047749,0.00694148562971564,NA,0.00064789558330703,1.72003523572083,17.189696937645,0.0435194139889245,0.0402517331328978,0.01,100
"mid","R15","ldm","single",0.0383333333333333,0.0182197318809681,0.10902380952381,0.0296027063220105,0.229484340883574,0.0547135194114647,0.0689697113109837,NA,NA,NA,NA,9.74176,28.08,284.24,0.62,0.54,0.08,0.0161719506099909,0.00333341069835305,0.0265008781462565,0.00459244097054099,0.0109000607574801,0.00194310431691002,0.00277652225431182,NA,NA,NA,NA,0.939761984600894,1.72003523572083,17.189696937645,0.109894347792631,0.0936574458957598,0.0307482445914323,100
"mid","R15","limma_logtss","single",0.035,0.00839440688748116,0.045,0.0167743422488157,0.210783838201072,0.0551323165256097,0.0793278211545226,NA,0.0167163633258771,0.464982527278891,0.909807611187666,0.0348799999999983,28.08,284.24,0.31,0.27,0.04,0.0177738316327429,0.00262179874444096,0.0175450358457395,0.00354842795301404,0.0106618374216927,0.00314318595709707,0.00445444629456057,NA,0.013951025939551,0.00695124641251883,0.00340201151530462,0.000373160132983842,1.72003523572083,17.189696937645,0.0677115092495248,0.0649086382011771,0.0196946385566932,100
"mid","R15","linda","single",0.0728333333333333,0.0201176112291605,0.1145,0.0301578105888433,0.219992506311723,0.0525083673280953,0.0636474728526342,NA,-0.0158703020639489,0.443410834189969,0.900502906254044,0.18246,28.08,284.24,0.71,0.58,0.13,0.0231857465697249,0.00407737042289129,0.0277774292907433,0.00460049990154655,0.010423995110331,0.0021798396411165,0.00255706881745441,NA,0.00816189277179807,0.00643172479946131,0.00275642620900672,0.00864509459786642,1.72003523572083,17.189696937645,0.119167991092449,0.103650539523122,0.0366666666666667,100
"mid","R15","lm_logtss","single",0.04,0.0161545957633475,0.0798809523809524,0.0266698506520234,0.213921607802444,0.0559419822761874,0.0787624799785238,NA,0.0167163633258771,0.464982527278891,0.909411378995414,0.0349500000000012,28.08,284.24,0.52,0.46,0.06,0.0180596343489302,0.0036771716260213,0.0222243447502117,0.00468671626749071,0.0107356566568561,0.00304796935688795,0.00446892835835836,NA,0.013951025939551,0.00695124641251883,0.00329383465314948,0.000269070603929473,1.72003523572083,17.189696937645,0.0979383438287538,0.0892392086676947,0.0238683256575942,100
"mid","R15","logistic_presence","single",0.081,0.0109612320946425,0.14452380952381,0.0176272115886771,0.164172912558239,0.0569864116725472,0.113520068224184,NA,0.0314874533361801,0.744494331698672,NA,0.293810000000003,27.94,282.84,0.42,0.29,0.13,0.0255325104701651,0.00252821700764543,0.0323614677676109,0.00363396495322992,0.00857331746102759,0.00297441769236999,0.00260455092922986,NA,0.0177984876876027,0.0424333294191134,NA,0.0156749861533941,1.72754394468218,17.2650327997301,0.0830966335362059,0.0624338033278431,0.0441645225322889,100
"mid","R15","pursue","abundance",0.055,0.00253682999769956,0.0943333333333333,0.00395349666436623,0.121437784830009,0.0557771317191387,0.0684245669994768,NA,0.00582028988185191,0.774757647231184,0.93508369237872,12.14229,28.08,284.21,0.15,0.09,0.06,0.0223550324255519,0.000871872914312346,0.0277234013230757,0.00106088659875141,0.00724069869319716,0.00191731374134424,0.00339475433285379,NA,0.00854638228745696,0.0173185391486941,0.00193917778779779,0.76787873638809,1.72003523572083,17.1894276586605,0.0385992097056273,0.0287623491264661,0.0238683256575942,100
"mid","R15","pursue","combined",0.045,0.00210498942051737,0.095,0.00489603983548083,0.115453803095602,0.048774402630756,0.0824565647124571,NA,NA,NA,NA,12.14229,28.08,284.24,0.11,0.06,0.05,0.0202197523189179,0.000984609431738121,0.0281545159375324,0.00179767753869955,0.00757751711605832,0.0019122129309213,0.00396587038269164,NA,NA,NA,NA,0.76787873638809,1.72003523572083,17.189696937645,0.034509550720186,0.0238683256575942,0.021904291355759,100
"mid","R15","pursue","presence",0.06,NA,0.13,NA,NA,0.0452233839000956,0.106596566524024,0.0668413895345134,NA,NA,NA,12.14229,0,282.84,0.07,NA,0.07,0.0238683256575942,NA,0.0337997668989631,NA,NA,0.0021056255599405,0.00461917504894653,0.00632329129404276,NA,NA,NA,0.76787873638809,0,17.2650327997301,0.0293188669562103,NA,0.0293188669562103,100
"mid","R15","pursue03_epermcs1","single",0.0575,0.0145381817993829,0.0815,0.0251102325659439,0.216129795960678,0.0499810039065288,0.0686431349138225,NA,-0.0123495949869036,0.371085779280654,NA,26.77804,28.08,284.24,0.55,0.46,0.09,0.0224325588591604,0.00337139882267368,0.0248507271920825,0.00423933974453502,0.0107857372740781,0.00209475162859338,0.00285803649768023,NA,0.0033960110001323,0.00507042542232271,NA,1.85525739012683,1.72003523572083,17.189696937645,0.0925235432774062,0.0857763123337426,0.0350900716914789,100
"mid","R15","wilcoxon_tss","single",0.045,0.0131101990735741,0.0791666666666667,0.0229350936093337,0.20775983533564,0.0524878503472539,0.0748775724053365,NA,0.00799713582348434,1.26587833962502,NA,0.170160000000001,28.08,284.24,0.42,0.37,0.05,0.0202197523189179,0.00336836322824209,0.024714276330604,0.00435151167370804,0.0103637039543056,0.00272986000956933,0.00308238655105283,NA,0.0204214279294942,0.0318753645260935,NA,0.00864129993961952,1.72003523572083,17.189696937645,0.0767785744524441,0.0747453589654146,0.021904291355759,100
"mid","R15","zicoseq","single",0.056,0.015904359574408,0.0817777777777778,0.0254051771035987,0.213000622673055,0.0578653767723521,0.0779658459323763,NA,NA,NA,NA,68.62184,28.08,284.24,0.52,0.4,0.12,0.0214297065596411,0.00398565366604575,0.0236274393927038,0.00497318433629173,0.0101836945962911,0.0027791203286977,0.00326370180477343,NA,NA,NA,NA,4.03765167752672,1.72003523572083,17.189696937645,0.122664031592251,0.0816496580927726,0.064007575309253,100
"mid","R17","adapt","single",0.0648809523809524,0.0159164932465583,0.104734848484848,0.0299994364338674,0.199220955711249,0.0543852717252469,0.0636539233809809,NA,-0.0406767514838899,1.1511554637131,NA,0.347289999999999,29.59,302.26,0.69,0.55,0.14,0.0211118264967919,0.0028850538789959,0.0249636539435321,0.00392177067468335,0.0103557377223545,0.00209199688533813,0.0028077966233957,NA,0.0210674033569285,0.0298993589226981,NA,0.0132349040744003,1.6919951166441,16.4952923801632,0.132341004281143,0.110439891782678,0.0512864799952485,100
"mid","R17","fastancom","single",0.0864166666666667,0.0128914254999659,0.138613997113997,0.0227444641124583,0.181397048357163,0.0805576544830845,0.123486977225328,NA,-0.149218950724254,0.545633777326043,NA,0.0329500000000007,29.59,302.26,0.82,0.43,0.39,0.0232187104661883,0.00381200577399578,0.0294690449570958,0.00539058836859964,0.00946163454174278,0.00574330900728079,0.00806335872085371,NA,0.0138549427204777,0.00695625059667892,NA,0.000720742462305288,1.6919951166441,16.4952923801632,0.271687580529809,0.0997522182736055,0.184168894817181,100
"mid","R17","ldm","single",0.150766594516595,0.0386054377406088,0.284779568170048,0.0610707988432889,0.190418705080135,0.0788153560814734,0.093557373955632,NA,NA,NA,NA,11.59229,29.59,302.26,2.18,1.31,0.87,0.0255167607401467,0.00515439841701216,0.0328206359928107,0.00702024335017692,0.00865244284778576,0.00300709956113253,0.00355068736448114,NA,NA,NA,NA,1.16668322207258,1.6919951166441,16.4952923801632,0.359117886724759,0.193685676843027,0.198812128971707,100
"mid","R17","limma_logtss","single",0.779081012069247,0.33700358964245,0.814433233471665,0.418401086988918,0.119662782314489,0.392039491378895,0.408356975326806,NA,-0.544946589170409,0.76016177168824,0.609760534879709,0.0346600000000001,29.59,302.26,64.92,8.48,56.44,0.0229100316966642,0.0205137012480261,0.0180940774445609,0.0204635145979001,0.00863716082758239,0.0174650291554068,0.0165137690689706,NA,0.0184604379945048,0.0119321937042909,0.0168880007383239,0.000334307666920209,1.6919951166441,16.4952923801632,4.89075978894193,0.576558931957698,4.4373146852755,100
"mid","R17","linda","single",0.28804218004218,0.0603129187763881,0.418068858136169,0.0891827296376733,0.170581628151271,0.100135537256255,0.111592567157006,NA,0.0961780938802313,0.515013519639301,0.859058999694759,0.190900000000001,29.59,302.26,4.06,1.9,2.16,0.0339816361019514,0.00656611440681343,0.0358416770796897,0.00878383961738567,0.00961113878934625,0.00416783926682958,0.00497736017035875,NA,0.00849091648047761,0.00590343096415189,0.00476828552850533,0.00844909295233366,1.6919951166441,16.4952923801632,0.541382442913463,0.207680796250672,0.422527268858819,100
"mid","R17","lm_logtss","single",0.772066376969926,0.3357757278339,0.808284076769595,0.420868099741375,0.126518056018325,0.390788587808001,0.408923352709403,NA,-0.544946589170409,0.76016177168824,0.611018595441353,0.0348900000000006,29.59,302.26,64.13,8.48,55.65,0.0239620719007455,0.0202304674346174,0.0192228353006982,0.0205067306065856,0.00883608451598453,0.0176199974353782,0.0165930777395216,NA,0.0184604379945048,0.0119321937042909,0.0170163704452716,0.000368698228688952,1.6919951166441,16.4952923801632,4.81083908765121,0.572691677585555,4.36950809704033,100
"mid","R17","logistic_presence","single",0.529178441348653,0.0767402334438408,0.623588896375899,0.119145634076162,0.120411223414014,0.174878471835879,0.226345485307057,NA,0.480843202619959,1.05886247740607,NA,0.31074,29.45,300.35,12.19,2.56,9.63,0.0389232953081544,0.00875463763888931,0.0363095486981326,0.0120788464564958,0.00616078153420802,0.00811639728569195,0.00952983034163716,NA,0.0213025169664512,0.052831771591576,NA,0.0152810281794852,1.69731665825321,16.5621350731667,1.69316480908005,0.315050100232591,1.4368635174145,100
"mid","R17","pursue","abundance",0.075,0.00364313725490196,0.124666666666667,0.00835473442965703,0.118258806631922,0.0524431194664181,0.0609967544908396,NA,-0.0259806133623441,0.948112939724758,0.940371410989066,12.98433,29.56,302.17,0.18,0.09,0.09,0.025,0.00136618219577535,0.0302945510022262,0.00238481890751952,0.00566510468147018,0.00170635168780565,0.00256853977995921,NA,0.0100195566219702,0.026491766178558,0.00167194198865572,0.760873764076273,1.6940370763834,16.4989565326619,0.045792681696639,0.0287623491264661,0.0287623491264661,100
"mid","R17","pursue","combined",0.141666666666667,0.00305490196078431,0.263916666666667,0.00824947374830939,0.105760875651719,0.0644725596605605,0.0840099908818629,NA,NA,NA,NA,12.98433,29.59,302.26,0.27,0.08,0.19,0.0336162238368694,0.00124769230357968,0.0408813287298803,0.00204826059730568,0.00695491568415297,0.00257582729737613,0.00399676944730786,NA,NA,NA,NA,0.760873764076273,1.6919951166441,16.4952923801632,0.0600588936550675,0.0272659924344291,0.0464823198711732,100
"mid","R17","pursue","presence",0.18,NA,0.34,NA,NA,0.0694145943899012,0.105577992793675,0.0846429955038582,NA,NA,NA,12.98433,0,300.35,0.32,NA,0.32,0.0386122919665369,NA,0.0476095228569523,NA,NA,0.0032410978938529,0.00396856751929982,0.00758011862012947,NA,NA,NA,0.760873764076273,0,16.5621350731667,0.0839432227548159,NA,0.0839432227548159,100
"mid","R17","pursue03_epermcs1","single",0.0666666666666667,0.0130353746141792,0.0761666666666667,0.0214120526767086,0.198992149233162,0.0525463952329148,0.0720009261189393,NA,-0.0193048633461364,0.362179978246717,NA,25.09274,29.59,302.15,0.49,0.38,0.11,0.0219682456272036,0.0027124381340572,0.0213072428315334,0.00386837820875079,0.00981723931231111,0.00184589030352981,0.00328454154645647,NA,0.00333351277081149,0.0044045795869922,NA,1.42484190670936,1.6919951166441,16.4988911473138,0.0893240610294218,0.0735533888417183,0.034509550720186,100
"mid","R17","wilcoxon_tss","single",0.264276691445809,0.0435220052628955,0.356205594565258,0.0690734806475611,0.163691514527941,0.113852483788679,0.145063305675386,NA,0.113533972518473,1.36392793715029,NA,0.178659999999999,29.59,302.26,3.41,1.47,1.94,0.0359754859161772,0.00594841954020532,0.0378654701950481,0.00825579023557628,0.00756822366498093,0.00524218694692457,0.00729588968437754,NA,0.0198563705522533,0.0451348015110244,NA,0.00823475291405609,1.6919951166441,16.4952923801632,0.561040699652589,0.220859203744802,0.377075401724719,100
"mid","R17","zicoseq","single",0.141722222222222,0.0209792394848622,0.194114035087719,0.0352870203047001,0.183601816814292,0.0714311468445128,0.0827322148245329,NA,NA,NA,NA,72.19861,29.59,302.26,1.09,0.69,0.4,0.0319432850031133,0.00391124651432912,0.0331402663642782,0.00519147450305692,0.00998449933389924,0.00391402570346978,0.00535637656051321,NA,NA,NA,NA,3.90390218365865,1.6919951166441,16.4952923801632,0.183729599293542,0.122840949971494,0.114591941825388,100
"mid","R18","adapt","single",0.0904700854700855,0.0197971938751448,0.120295815295815,0.0304506649645196,0.19496075944278,0.0551362143768332,0.0677098321602083,NA,-0.0923781699584356,1.21780941532041,NA,0.348880000000001,31.65,319.2,0.96,0.69,0.27,0.0243862642881029,0.00293909631282072,0.0257716598654332,0.00394546974137716,0.00918900297779718,0.00197274458743863,0.00278142464293787,NA,0.0231955753796967,0.0337476219386389,NA,0.0119249189904709,1.57052233477923,15.5039258632037,0.17917882270249,0.105116577900419,0.111785328178431,100
"mid","R18","fastancom","single",0.428913801486029,0.0798813138932095,0.538819510315536,0.124089554663707,0.13696322035813,0.165615436762987,0.207586251398113,NA,-0.14812816782516,0.663722301704119,NA,0.032739999999998,31.65,319.2,10.54,2.81,7.73,0.0373195742251285,0.00879368256395513,0.0362551617690155,0.0133532418238064,0.00802727979441289,0.00839753720685654,0.0101915567943814,NA,0.013741278115966,0.00658247225042638,NA,0.000613586904104806,1.57052233477923,15.5039258632037,1.45216105070055,0.338055939426921,1.17892735016611,100
"mid","R18","ldm","single",0.560193935681352,0.0831809037201469,0.635503365976051,0.124063372385625,0.146962731718617,0.118153488183979,0.138633992718445,NA,NA,NA,NA,15.65895,31.65,319.2,9.39,2.91,6.48,0.0327407055009529,0.00759305817688257,0.0279590652225987,0.00993538726547153,0.00764721289352048,0.00393968711909374,0.00447944848412909,NA,NA,NA,NA,1.40503498100707,1.57052233477923,15.5039258632037,1.02660517328629,0.285365263010993,0.817297838964326,100
"mid","R18","limma_logtss","single",0.881158766889728,0.619613170374167,0.890335636574159,0.668045539262951,0.0925540264222288,0.642746198918715,0.624620440411802,NA,-1.09352730890644,1.27208618363912,0.364021701720563,0.0351999999999977,31.65,319.2,162.98,17.57,145.41,0.00665456103748858,0.0200506692087509,0.00414352256012738,0.0189646591600064,0.00638366926908814,0.0179990752875483,0.0154004617565739,NA,0.025026900180547,0.0210310975560785,0.0177789856510263,0.000326907765078529,1.57052233477923,15.5039258632037,7.2531146914462,0.775932804546706,6.58846704323532,100
"mid","R18","linda","single",0.73610946739735,0.155951264404335,0.762983980305692,0.200042984561065,0.131818005932664,0.204364304387515,0.207463704598945,NA,0.223465856864394,0.684807780028091,0.759047545515227,0.19965,31.65,319.2,31.03,5.25,25.78,0.0246430582718223,0.0112844768476121,0.0224775764776476,0.0126161966515026,0.00698217987838205,0.0086978484448932,0.00880403321465567,NA,0.0176568318662305,0.00828752790582598,0.00879085735044153,0.00822758816851609,1.57052233477923,15.5039258632037,2.94541091437943,0.455355339101767,2.57927168484486,100
"mid","R18","lm_logtss","single",0.879939010814604,0.618996171171544,0.888278428765792,0.668672650452254,0.0948663003855259,0.642426522035947,0.625128163694544,NA,-1.09352730890644,1.27208618363912,0.364027892144754,0.0348999999999997,31.65,319.2,162,17.57,144.43,0.00681465104102928,0.0200330975752228,0.00512073906199694,0.0191382581497221,0.00641915098700621,0.018073179161077,0.0153078249022873,NA,0.025026900180547,0.0210310975560785,0.0178570743290759,0.000292498812913026,1.57052233477923,15.5039258632037,7.28411860408545,0.781768908477835,6.61387056407848,100
"mid","R18","logistic_presence","single",0.881005995416456,0.267846775669741,0.894711847696027,0.344022095341748,0.088685377844236,0.395050126547065,0.431479489875836,NA,0.912205398867633,1.66404809867283,NA,0.342459999999999,31.47,317.16,87.67,8.85,78.82,0.00834523235613654,0.0142910328199365,0.00581916777033372,0.0155625287213052,0.00513350584302139,0.0109075421127553,0.00990281647051103,NA,0.0263711839074378,0.0611516056190306,NA,0.0162057504446643,1.57707407126699,15.561443676373,6.41653569327174,0.634269642816034,5.83750292539887,100
"mid","R18","pursue","abundance",0.1175,0.00270503257729424,0.18,0.00572380361135762,0.085506066401158,0.0555417221283791,0.0576655965119715,NA,-0.0278586628487698,1.36499604974701,0.941316015911293,14.09628,31.57,318.75,0.26,0.07,0.19,0.0313620605827409,0.00123428114359923,0.0373001596239021,0.00202522205577188,0.0049510020420058,0.001906014858351,0.00248827408174141,NA,0.020730003473716,0.0498832435342759,0.00179603147473644,0.753279400735024,1.57584384961957,15.5216133117012,0.0705247288100945,0.0293188669562103,0.0544856574585172,100
"mid","R18","pursue","combined",0.471376984126984,0.00946812569248363,0.581662402956521,0.0181307142117438,0.0669046832108057,0.0907678361737643,0.0867286382550798,NA,NA,NA,NA,14.09628,31.65,319.2,1.88,0.28,1.6,0.0465215210279384,0.00214678007764635,0.0438846825755598,0.00353260452441419,0.00419659018752588,0.00311902880927394,0.00353285084585395,NA,NA,NA,NA,0.753279400735024,1.57052233477923,15.5039258632037,0.281511074113408,0.0569954809479212,0.25346089292517,100
"mid","R18","pursue","presence",0.61,NA,0.76,NA,NA,0.0999529536292333,0.105417010617146,0.0940744704347633,NA,NA,NA,14.09628,0,317.16,2.43,NA,2.43,0.0490207130000197,NA,0.0429234695990928,NA,NA,0.00406085099023305,0.00365816327392647,0.00691920438598824,NA,NA,NA,0.753279400735024,0,15.561443676373,0.342083633226163,NA,0.342083633226163,100
"mid","R18","pursue03_epermcs1","single",0.081202380952381,0.0178053790069581,0.117980158730159,0.0238101959862236,0.185674677363255,0.0589812090896432,0.0818900881123833,NA,-0.0247950633093257,0.367237044248998,NA,31.8166,31.63,319.08,0.86,0.61,0.25,0.0220922314756934,0.00305318522707003,0.0261366902291684,0.00349800933174336,0.00877025094946756,0.00217238038595839,0.00329044556749391,NA,0.00287781082333521,0.00482846355114574,NA,1.73402787320461,1.57163332655277,15.5075327411285,0.164544059372399,0.109077861172558,0.0687184270936277,100
"mid","R18","wilcoxon_tss","single",0.744303999601207,0.140343114826577,0.813527006961831,0.212357295491791,0.112998045233022,0.243395791914609,0.281568779988468,NA,0.198177157449542,1.65118673199713,NA,0.187619999999999,31.65,319.2,28.48,4.62,23.86,0.0245316643333736,0.0113549169242312,0.0154123770656074,0.013430437636995,0.00551893672369391,0.00858134764923854,0.00894001307837158,NA,0.0260676440276134,0.0738062148695005,NA,0.00800444043432555,1.57052233477923,15.5039258632037,2.98333688843533,0.422780598352661,2.62070312101254,100
"mid","R18","zicoseq","single",0.208937728937729,0.0264064648249445,0.283101467976468,0.0471020941690967,0.164831350688433,0.0909343990741171,0.101748106796156,NA,NA,NA,NA,75.89524,31.65,319.2,2.27,0.92,1.35,0.0358259349851969,0.00404511206591492,0.0350579526148928,0.00580218379628676,0.00866334239887096,0.00529945817240413,0.00663430738552834,NA,NA,NA,NA,3.69012197209159,1.57052233477923,15.5039258632037,0.464030432648811,0.148174071805952,0.387265732378618,100
"mid","R19","adapt","single",0.05,0.0214138373185961,0.0915454545454545,0.028612063941261,0.190842682085608,0.0546004590605762,0.0594929555938565,NA,-0.130712634439018,1.31078995164153,NA,0.342609999999999,33.72,333.85,0.83,0.72,0.11,0.0190250587897347,0.00299675530601133,0.022641744793301,0.00348171367352311,0.00811952571755354,0.00205612275008562,0.00250334404309995,NA,0.0251535297269791,0.0346448510765609,NA,0.0100939915621406,1.41628907623929,14.4866596591764,0.111060089295586,0.0995748538294258,0.0423906793643331,100
"mid","R19","fastancom","single",0.694656033297999,0.191682401608921,0.760506088723446,0.258218004916794,0.121833836267984,0.271610882953078,0.304813848315467,NA,-0.0714121474307036,0.836670067685496,NA,0.0329299999999981,33.72,333.85,42.25,6.65,35.6,0.0296560802786108,0.014296098674759,0.0229159240507325,0.0174497738278516,0.00665530541002261,0.0110034147024181,0.0111713363012399,NA,0.0144558751348721,0.00750128169447717,NA,0.000518399830090806,1.41628907623929,14.4866596591764,3.80744552346339,0.53811774461609,3.34383195170034,100
"mid","R19","ldm","single",0.758288978021384,0.142992136486656,0.789219193579809,0.201175348430507,0.124184936217286,0.167637047254657,0.18763449358415,NA,NA,NA,NA,19.29875,33.72,333.85,25.42,5,20.42,0.0170800248141363,0.00868617360968435,0.0133951518031792,0.011301208516317,0.00616820716323083,0.00530723269506358,0.00528914055162139,NA,NA,NA,NA,1.62892142981796,1.41628907623929,14.4866596591764,2.02090988608517,0.356753034006338,1.74513349320071,100
"mid","R19","limma_logtss","single",0.888670634980857,0.724126984752597,0.891503139305887,0.771513315430418,0.0818458896389302,0.725389934325506,0.699498353894181,NA,-1.6303966553514,1.83842769337371,0.276388778897898,0.0358400000000005,33.72,333.85,205.74,22.58,183.16,0.00211293543860613,0.0185473990164449,0.00157206038334883,0.0165440763625401,0.00575051588751088,0.0175555323431452,0.0155443557879925,NA,0.0466042818198171,0.0418270030102776,0.0176239902337297,0.000313893760577251,1.41628907623929,14.4866596591764,7.21122329526284,0.78536872894459,6.50424445724451,100
"mid","R19","linda","single",0.835316844336795,0.250879180684055,0.849601882875201,0.308561952902737,0.100337647280195,0.31188765227628,0.306292274981341,NA,0.386891620628508,0.93524790309765,0.657939311831264,0.211469999999998,33.72,333.85,71.25,8.45,62.8,0.0125866643794982,0.0124274530716896,0.00927680718480024,0.013415613475117,0.00623660441463051,0.0120649608151816,0.0109926023436243,NA,0.0280818761631831,0.0158007411616689,0.0120926105624121,0.00779137641656773,1.41628907623929,14.4866596591764,5.46831784006746,0.51234753829798,5.03719498663029,100
"mid","R19","lm_logtss","single",0.887829447432041,0.727427373745506,0.891366662274815,0.770643045614027,0.0846203796842934,0.726157800754961,0.70109067138214,NA,-1.6303966553514,1.83842769337371,0.275430218400772,0.0356999999999981,33.72,333.85,205.43,22.66,182.77,0.00214372613324535,0.0186368873324784,0.00163786119942543,0.0166220079030265,0.00573613594843622,0.0176122443880414,0.0155236437107088,NA,0.0466042818198171,0.0418270030102776,0.0176936053913095,0.000290071394903786,1.41628907623929,14.4866596591764,7.25226895878146,0.778786935502317,6.5491591718774,100
"mid","R19","logistic_presence","single",0.900703184254269,0.522533882853815,0.901874100769061,0.61248680452673,0.068559970142499,0.611938643974008,0.609173495453195,NA,1.56209574608208,2.8673927897329,NA,0.370760000000002,33.5,331.64,187.6,18.19,169.41,0.00228221706131114,0.016467163295484,0.00196866875893067,0.0168940344279621,0.00398868128164706,0.0117018202957561,0.00983258673599916,NA,0.0348858317916849,0.0701062043777189,NA,0.0156748277905256,1.42208411576926,14.5327044623463,10.5361810496551,1.00490664926518,9.57659283372903,100
"mid","R19","pursue","abundance",0.100666666666667,0.00640913317309312,0.147444444444444,0.0100891850826222,0.0743674685239607,0.0589562258081563,0.0631557586078714,NA,-0.119547310582168,1.93698085103933,0.939560410469583,15.24015,33.5,332.42,0.43,0.18,0.25,0.0284897839409344,0.00190574688056605,0.0316171980553216,0.00254582806654216,0.00482672751055462,0.00250031109573518,0.00302496853081375,NA,0.0347259803061014,0.0716100772149614,0.00249774604841262,0.726529129516053,1.43368565085047,14.5852435458901,0.114816498304156,0.0519906751545919,0.0845367650579595,100
"mid","R19","pursue","combined",0.663155619137821,0.0225664046041759,0.757330943525329,0.0379596463526357,0.0635496094172982,0.119657241913731,0.120601355255853,NA,NA,NA,NA,15.24015,33.72,333.85,5.63,0.78,4.85,0.0404751122057577,0.00371417319870315,0.0338089881257083,0.0050033038967674,0.00434063385781039,0.00441738172360616,0.00555963072103233,NA,NA,NA,NA,0.726529129516053,1.41628907623929,14.4866596591764,0.829464351923041,0.139682178931713,0.711716519437623,100
"mid","R19","pursue","presence",0.8,NA,0.88,NA,NA,0.131093474931703,0.141145180643156,0.124739573000033,NA,NA,NA,15.24015,0,331.64,8.51,NA,8.51,0.0402015126103685,NA,0.032659863237109,NA,NA,0.00517759130418858,0.00525537891063595,0.00722158564484485,NA,NA,NA,0.726529129516053,0,14.5327044623463,1.1918490006725,NA,1.1918490006725,100
"mid","R19","pursue03_epermcs1","single",0.0968095238095238,0.0197150926747804,0.159724053724054,0.0316624987242511,0.17012754447683,0.0691286846525835,0.091025593626238,NA,-0.0228252555669977,0.367105179587886,NA,42.91765,33.7,333.74,1.08,0.73,0.35,0.0242246688655202,0.00284015264078888,0.0292202020776098,0.00368344471904448,0.00706044305665558,0.00250817473475565,0.00335124386643892,NA,0.00269616384626046,0.00376003086522629,NA,2.1812982313327,1.41760218665039,14.4903773016245,0.162480768092719,0.106225413079161,0.0957427107756338,100
"mid","R19","wilcoxon_tss","single",0.875707666353203,0.31459493754274,0.88340899814759,0.405647843877521,0.0867137066808869,0.399650271739568,0.423723541594998,NA,0.37483880855459,2.23114006816783,NA,0.19777,33.72,333.85,90.48,10.46,80.02,0.00495846027796489,0.0145361735623489,0.0033507728562798,0.0153109359625255,0.00476823547184661,0.0103040256251571,0.0101958479203394,NA,0.0366661616490636,0.12469325111267,NA,0.00747514203777071,1.41628907623929,14.4866596591764,5.41144466231831,0.607930750973989,4.87098148282876,100
"mid","R19","zicoseq","single",0.308174835773301,0.0298461415623135,0.422951560436501,0.052710970869627,0.148560436241838,0.101367175281716,0.115296936384541,NA,NA,NA,NA,80.46197,33.72,333.85,3.28,1.04,2.24,0.0412055289612965,0.00414160810144739,0.0402862605786013,0.00608337657966676,0.00784057756712054,0.00507321456353328,0.00672791050502247,NA,NA,NA,NA,3.57127634421625,1.41628907623929,14.4866596591764,0.589997431940996,0.137745190020332,0.507543101617981,100
"msq","R00","adapt","single",0.0594444444444445,0.0633589815548913,0.128286075036075,0.0781511224145756,0.278921144022546,0.0528072787526707,0.0746706777539502,NA,NA,NA,NA,0.37242,27.17,275.66,1.95,1.75,0.2,0.0201214512919676,0.00745831216831577,0.0252996317113535,0.00824777988228,0.0126592034917668,0.00233368843737976,0.00325657116665781,NA,NA,NA,NA,0.0136135937706962,1.36811120996368,13.5240617591257,0.232411599355866,0.206644671361301,0.0791367567103066,100
"msq","R00","fastancom","single",0.0170995670995671,0.0340211253758135,0.0332963458110517,0.0435223392656232,0.292754939434073,0.0376988106313301,0.119589123181643,NA,NA,NA,NA,0.0321199999999982,27.17,275.66,1.11,1.04,0.0700000000000001,0.00788947100380901,0.00543437811624831,0.0133461173037535,0.00632541791669065,0.0126971356423109,0.00434154786791896,0.00788192223188978,NA,NA,NA,NA,0.000529776015182257,1.36811120996368,13.5240617591257,0.190636891084659,0.174610678049451,0.0293188669562103,100
"msq","R00","ldm","single",0.106911075036075,0.105233658062175,0.174864039727043,0.15044153328825,0.362414792820133,0.0600040840449587,0.0804319001327423,NA,NA,NA,NA,22.02019,27.17,275.66,4.34,3.26,1.08,0.0247793473116672,0.0104702002897646,0.0266120249060038,0.0124546235146637,0.0156265184344778,0.00462643059286256,0.00529761087496293,NA,NA,NA,NA,1.91381685278372,1.36811120996368,13.5240617591257,0.665031327582894,0.377824714850042,0.528516123622821,100
"msq","R00","limma_logtss","single",0.0614475524475524,0.052933895955632,0.0986515905405224,0.0750209456194114,0.290445667187742,0.0593240322693599,0.0879374685217659,NA,NA,NA,NA,0.0358499999999992,27.17,275.66,2.07,1.53,0.54,0.0214747902775011,0.00672918978365003,0.0237083824937174,0.00827898490471357,0.0139651585887448,0.00457592321890885,0.0055197250026728,NA,NA,NA,NA,0.000378827270678788,1.36811120996368,13.5240617591257,0.352266829536815,0.198710489370487,0.27207396498791,100
"msq","R00","linda","single",0.0628748473748474,0.0641586104224162,0.163715659340659,0.0839882366378344,0.282601971433457,0.0645479306282105,0.0756277260060893,NA,NA,NA,NA,0.182990000000002,27.17,275.66,2.32,1.89,0.43,0.0177708546761144,0.00749953995487979,0.0280217611660037,0.00850043692963983,0.0137612176447884,0.0033533580423304,0.00401202450384955,NA,NA,NA,NA,0.0071423547456796,1.36811120996368,13.5240617591257,0.304471723322594,0.236085500690669,0.143727435646698,100
"msq","R00","lm_logtss","single",0.059111013986014,0.0576307369565934,0.104385281385281,0.0770688601232083,0.285708892478968,0.0602587343918011,0.0889277081278704,NA,NA,NA,NA,0.0364600000000016,27.17,275.66,2.27,1.67,0.6,0.0213150925906223,0.00720313559386931,0.0226449184440843,0.00838987146948181,0.0138266497364391,0.00456674580499322,0.00556173848993374,NA,NA,NA,NA,0.000447534209515464,1.36811120996368,13.5240617591257,0.372503135367457,0.213226772628712,0.289199522192488,100
"msq","R00","logistic_presence","single",0.045,0.0037806772421011,0.107878787878788,0.0073277209842668,0.141084209174274,0.0619264643146214,0.113363741221075,NA,NA,NA,NA,0.303489999999998,26.91,273.87,0.23,0.09,0.14,0.0202197523189179,0.00126393231860471,0.0299600114399356,0.00206045072194313,0.00792014767089728,0.00282931337817363,0.00286968862018971,NA,NA,NA,NA,0.0137063687548686,1.37665199199751,13.5818926917757,0.105270215074437,0.0287623491264661,0.101523744548114,100
"msq","R00","pursue","abundance",0.0624761904761905,0.0542205404484426,0.139911477411477,0.0762566203556689,0.278700121106152,0.0574737559890385,0.0697873691058424,NA,NA,NA,NA,11.96833,27.16,275.63,1.7,1.45,0.25,0.0161759023901608,0.00684390546493258,0.0236865654414749,0.00809774208042643,0.0118714392451527,0.00216934529703546,0.00329537963475366,NA,NA,NA,NA,0.591185656981977,1.36882460822445,13.526380173796,0.218118677732462,0.194039983383619,0.0729950876996721,100
"msq","R00","pursue","combined",0.0598333333333333,0.0406588066319236,0.0833852813852814,0.0575718476379851,0.247549954099766,0.0448677563028992,0.125858044384847,NA,NA,NA,NA,11.96833,27.17,275.66,1.22,1.03,0.19,0.0175875156594303,0.00590232917057259,0.0195755815343212,0.00709253548419672,0.0114321989736358,0.00206514172261459,0.0039505100478503,NA,NA,NA,NA,0.591185656981977,1.36811120996368,13.5240617591257,0.166715144464861,0.14316410023452,0.0646591685749831,100
"msq","R00","pursue","presence",0.03,NA,0.05,NA,NA,0.0291770967609856,0.230226423484746,0.029144221512143,NA,NA,NA,11.96833,0,273.87,0.03,NA,0.03,0.0171446607997765,NA,0.021904291355759,NA,NA,0.00112258352361578,0.00593019369283139,0.00388859308219776,NA,NA,NA,0.591185656981977,0,13.5818926917757,0.0171446607997765,NA,0.0171446607997765,100
"msq","R00","pursue03_epermcs1","single",0.063614898989899,0.074163513969978,0.104544867826046,0.0936566958729072,0.317637759971711,0.049995055870355,0.0730497731429704,NA,NA,NA,NA,26.70336,27.17,275.66,2.69,2.33,0.36,0.018378075850955,0.00867545906981739,0.0221395130940537,0.0100827345517875,0.0148894692479824,0.00253036008415423,0.0034488381796302,NA,NA,NA,NA,1.58130933042491,1.36811120996368,13.5240617591257,0.357797696917115,0.296462306187311,0.140360286765916,100
"msq","R00","wilcoxon_tss","single",0.0676599616858237,0.051442743115984,0.102140692640693,0.0660074883580023,0.247059885783444,0.0612926377482742,0.0835300399079881,NA,NA,NA,NA,0.16767,27.17,275.66,1.94,1.39,0.55,0.0214482379236973,0.00710701744692511,0.0242570785459306,0.00815704211515436,0.0119551053493924,0.00390505474013777,0.00462360389209685,NA,NA,NA,NA,0.00699496290630661,1.36811120996368,13.5240617591257,0.350704917835407,0.175749477347384,0.277570629832219,100
"msq","R00","zicoseq","single",0.0858637473637474,0.0910760313533688,0.126886164274322,0.12191707676795,0.329536994235575,0.0525600016488831,0.0771979143825957,NA,NA,NA,NA,64.96219,27.17,275.66,3.24,2.8,0.44,0.0184671577696657,0.00871280260742095,0.0197170224302942,0.0106543585516217,0.0141879625180766,0.00236457048610558,0.00320660435021217,NA,NA,NA,NA,3.05175401932787,1.36811120996368,13.5240617591257,0.342633885945304,0.297464028892316,0.112204719107081,100
"msq","R01","adapt","single",0.0283333333333333,0.00668334807326529,0.0433333333333333,0.0102277466627985,0.144340052560685,0.0581266500262319,0.072772327773098,NA,NA,NA,NA,0.35518,28.39,286.02,0.25,0.2,0.05,0.0151785113033922,0.00170336596071737,0.0160439211979929,0.0021852703674051,0.00721768785773349,0.00226032347374118,0.0029631205042132,NA,NA,NA,NA,0.011947988123614,1.34366414454406,13.0931625305159,0.0592461054424762,0.0492365963917331,0.0261116483933547,100
"msq","R01","fastancom","single",0.015,0.00229004329004329,0.0233333333333333,0.00406738356206441,0.159613407995728,0.0264688554552507,0.10718306947205,NA,NA,NA,NA,0.0308599999999986,28.39,286.02,0.08,0.06,0.02,0.0111350751676807,0.00113048503500049,0.0125394998799417,0.00136590700714386,0.00801129832962698,0.00205175665379285,0.00573310053386505,NA,NA,NA,NA,0.00045193635021593,1.34366414454406,13.0931625305159,0.0338743966363203,0.0277797979063414,0.014070529413629,100
"msq","R01","ldm","single",0.0133333333333333,0.0115318934172303,0.0396666666666667,0.0146789063021097,0.17925217288044,0.045423050931178,0.0773204404341518,NA,NA,NA,NA,10.96428,28.39,286.02,0.38,0.32,0.06,0.00967484850541307,0.00231697179138626,0.0145774374806302,0.0025900825799163,0.00846453195385161,0.00238359903304867,0.00389176823171521,NA,NA,NA,NA,1.47157285215788,1.34366414454406,13.0931625305159,0.0885118265224678,0.0664845998724668,0.0508910501944987,100
"msq","R01","limma_logtss","single",0.04,0.00243790937771218,0.0567099567099567,0.00677174692196928,0.145475168836574,0.0526397561257436,0.0860332901722417,NA,NA,NA,NA,0.0347700000000006,28.39,286.02,0.13,0.08,0.05,0.01836773631599,0.00115866868339289,0.0208400084881574,0.00191763254625323,0.00824781472403504,0.00348622453536513,0.00472921605360859,NA,NA,NA,NA,0.000341374228137313,1.34366414454406,13.0931625305159,0.0441645225322889,0.0338743966363203,0.021904291355759,100
"msq","R01","linda","single",0.0383333333333333,0.00667762966027134,0.0483333333333333,0.00987105571411169,0.149496637740024,0.0565700692925157,0.0723069028526668,NA,NA,NA,NA,0.183320000000002,28.39,286.02,0.25,0.19,0.06,0.0180184155702797,0.00163897292871238,0.0191419471688264,0.00217432773863276,0.00805393243402341,0.00249011570231831,0.00299379212049842,NA,NA,NA,NA,0.00697569923362377,1.34366414454406,13.0931625305159,0.0557320429022713,0.0442559132612339,0.0277797979063414,100
"msq","R01","lm_logtss","single",0.0166666666666667,0.00633149062838459,0.0525714285714286,0.00996739694529511,0.141508204922014,0.0529391864975614,0.0860051645832158,NA,NA,NA,NA,0.0357300000000004,28.39,286.02,0.22,0.19,0.03,0.0119623427094212,0.00160113976246523,0.020335255554701,0.00232658340342365,0.00765092305970875,0.00333855837311384,0.00475626516286349,NA,NA,NA,NA,0.000409447768033385,1.34366414454406,13.0931625305159,0.0542720420239975,0.0464823198711732,0.0222701503353614,100
"msq","R01","logistic_presence","single",0.07625,0.00154489664082687,0.143863636363636,0.00280047268317506,0.0866776142754136,0.061742850994047,0.172950304545292,NA,NA,NA,NA,0.26395,28.1,282.76,0.18,0.06,0.12,0.026225938948632,0.000858280606209403,0.0346669348633406,0.0012666504874321,0.00533678980177629,0.002337834805728,0.00349563567358437,NA,NA,NA,NA,0.0108946226658064,1.3547149239794,13.1208841165525,0.0845427391765535,0.034289321599553,0.0555595958126829,100
"msq","R01","pursue","abundance",0.075,0.0200133596970344,0.142666666666667,0.0299685682180004,0.16473350688708,0.0529602316735764,0.0813885029559231,NA,NA,NA,NA,9.38953,19.1,193.57,0.38,0.26,0.12,0.0230130739204531,0.00523475347623461,0.0308723885876098,0.00704597822457758,0.0116957940758583,0.00282699021534049,0.00407241726154224,NA,NA,NA,NA,0.45649442415416,1.2617528292103,12.7429382701783,0.0749140922131558,0.0561743318211757,0.0356186309210063,100
"msq","R01","pursue","combined",0.0266666666666667,0.00596878372913332,0.0516666666666667,0.00905749034415573,0.115026632962689,0.0281382636000405,0.127688481318658,NA,NA,NA,NA,9.38953,28.39,286.01,0.18,0.14,0.04,0.0154832373788765,0.00187432651333326,0.0211476292340825,0.00233317737187797,0.0058927003841309,0.00143741852388628,0.00412996926335952,NA,NA,NA,NA,0.45649442415416,1.34366414454406,13.0945242237534,0.050010099990003,0.0402517331328978,0.0242878362539562,100
"msq","R01","pursue","presence",0.01,NA,0.01,NA,NA,0.0203944033158325,0.172950511862695,0.0202877638831074,NA,NA,NA,9.38953,0,282.75,0.01,NA,0.01,0.01,NA,0.01,NA,NA,0.00100981459004177,0.0044717982907132,0.00320844581361725,NA,NA,NA,0.45649442415416,0,13.122217838845,0.01,NA,0.01,100
"msq","R01","pursue03_epermcs1","single",0.0316666666666667,0.00575185518963163,0.0483333333333333,0.00939139712680783,0.146114634374317,0.0485145158807593,0.0716191583160663,NA,NA,NA,NA,8.03846,28.39,285.97,0.22,0.16,0.06,0.0137508289720522,0.00185140666839801,0.0174552498221141,0.00252021177295953,0.00742891121853035,0.0020661829505543,0.00319501994289088,NA,NA,NA,NA,0.416584436108793,1.34366414454406,13.0940842144131,0.062893207547044,0.046536615322309,0.0238683256575942,100
"msq","R01","wilcoxon_tss","single",0,0.00242380952380952,0.01,0.00665019736305646,0.136061558723324,0.0594687122879474,0.0898384742253162,NA,NA,NA,NA,0.147430000000001,28.39,286.02,0.06,0.06,0,0,0.000969396931438712,0.00703526470681448,0.00174080061567672,0.00700984822677904,0.00266954948466081,0.0038825192211955,NA,NA,NA,NA,0.00552798673784024,1.34366414454406,13.0931625305159,0.0238683256575942,0.0238683256575942,0,100
"msq","R01","zicoseq","single",0.0333333333333333,0.0119374076882721,0.0904166666666667,0.0159374811449829,0.163027802657048,0.0475457328771898,0.0737723520404019,NA,NA,NA,NA,37.84087,28.39,286.02,0.43,0.35,0.08,0.0144094369875627,0.00247618563525682,0.0253556008706294,0.0029146128751503,0.00775894103579562,0.00213498703674012,0.00343675434046526,NA,NA,NA,NA,1.74998514150431,1.34366414454406,13.0931625305159,0.0956160250294073,0.0757121075675696,0.0338743966363203,100
"msq","R02","adapt","single",0.0528316173957621,0.144361939324493,0.0897276404151404,0.184667752341408,0.408190654894664,0.0476374282073092,0.0758288624723594,NA,NA,NA,NA,0.349487499999995,23.6875,238.8,4.6625,4.375,0.2875,0.0173427568692157,0.0135203009734914,0.0218469554698544,0.0164858606342755,0.0179627369000226,0.00262283769639514,0.00317178336750788,NA,NA,NA,NA,0.0156985949721014,1.45704245157655,14.8612506927209,0.560837910088472,0.52692534239273,0.0758782961246812,80
"msq","R02","fastancom","single",0.0158854166666667,0.112336797119745,0.0201199494949495,0.145574945151924,0.430393356605251,0.0258776211117715,0.132632868288061,NA,NA,NA,NA,0.0330499999999999,23.6875,238.8,3.55,3.475,0.075,0.00908741807748281,0.0116277874640153,0.00933636235847228,0.0145634369386649,0.0184744348817216,0.00292726215013995,0.00744970963192895,NA,NA,NA,NA,0.000718846650078335,1.45704245157655,14.8612506927209,0.480275501105382,0.467952380461673,0.0427496391279461,80
"msq","R02","ldm","single",0.124280553114045,0.28249975263968,0.15916609702148,0.352296353024007,0.527223968212522,0.0602234565898158,0.0859973990777587,NA,NA,NA,NA,29.179675,23.6875,238.8,9.4625,8.3875,1.075,0.0245331545202608,0.0201222377891355,0.0238508156386202,0.0229784612228544,0.0207314691497867,0.00471498773735918,0.0063674053529723,NA,NA,NA,NA,2.90084295773403,1.45704245157655,14.8612506927209,1.02329570413506,0.949432500383682,0.213303581126804,80
"msq","R02","limma_logtss","single",0.0462060691501481,0.167604395398249,0.107033500974467,0.211686373770062,0.439879847017835,0.0554184968872978,0.0942667667305684,NA,NA,NA,NA,0.0359500000000018,23.6875,238.8,5.4,4.9,0.5,0.0162017374647236,0.0147335352887239,0.0241190739252455,0.016985112202734,0.0191665393494706,0.00631450413317026,0.00743642087973159,NA,NA,NA,NA,0.000402484373468687,1.45704245157655,14.8612506927209,0.634104571498216,0.572193204513248,0.1840129329522,80
"msq","R02","linda","single",0.0601644736842105,0.185770424129516,0.106549639624271,0.234811770968203,0.440800060312336,0.0544903723665616,0.0834566901972192,NA,NA,NA,NA,0.175762499999998,23.6875,238.8,5.8375,5.3625,0.475,0.0180352643991192,0.0151627864032108,0.0208603871308183,0.0185281639028603,0.0185330061216067,0.00316184196179568,0.00378215331634318,NA,NA,NA,NA,0.00930632430515826,1.45704245157655,14.8612506927209,0.655657885377906,0.599378303966554,0.142285815050401,80
"msq","R02","lm_logtss","single",0.0464377451538829,0.166147340582355,0.0994717657750746,0.21337971003015,0.435926064264783,0.0561056163812933,0.0938956794519394,NA,NA,NA,NA,0.0360875000000027,23.6875,238.8,5.375,4.875,0.5,0.0163302546505448,0.0145920596857206,0.0224164779229889,0.0172333701336207,0.0190903105395358,0.00629200773534268,0.00741448959608564,NA,NA,NA,NA,0.000335265693806228,1.45704245157655,14.8612506927209,0.632799436300538,0.573236149893134,0.183151040940171,80
"msq","R02","logistic_presence","single",0.055,0.0126970755693582,0.109722222222222,0.0195396184165366,0.220933565112813,0.0534033612840148,0.0936340387018584,NA,NA,NA,NA,0.351887499999998,23.5875,237.0625,0.3625,0.2875,0.075,0.0248985282468816,0.00454870186938084,0.0307002551283804,0.00493520382605747,0.0108058431014136,0.00283910118293386,0.00401486056423446,NA,NA,NA,NA,0.0217852289534398,1.46084917107582,14.9097214033646,0.101013456303754,0.0875,0.0345632789700942,80
"msq","R02","pursue","abundance",0.0525370090221096,0.163873869165279,0.111989003643415,0.209745297893202,0.44030234326145,0.0515788236417747,0.0687813244604717,NA,NA,NA,NA,14.1999625,23.6875,238.8,5.325,4.9875,0.3375,0.0138227446929878,0.0141638567428272,0.0190765243374526,0.0167698092060975,0.0164717725307297,0.00265722411260284,0.00329314400394726,NA,NA,NA,NA,0.951600163921734,1.45704245157655,14.8612506927209,0.659827125422287,0.611465802163285,0.0774264657267571,80
"msq","R02","pursue","combined",0.0368353572489602,0.13466532783654,0.0766680645313579,0.165504303947888,0.393391014980739,0.0404413211263037,0.141787168577782,NA,NA,NA,NA,14.1999625,23.6875,238.8,4.225,4.0625,0.1625,0.0127974508662868,0.011917149673666,0.0197642606950176,0.0142089019956697,0.0157922189415901,0.00200737749148449,0.00499775192905589,NA,NA,NA,NA,0.951600163921734,1.45704245157655,14.8612506927209,0.519242083976397,0.504205023473787,0.0451570746661591,80
"msq","R02","pursue","presence",0.025,NA,0.0625,NA,NA,0.0286612637334445,0.265171065914611,0.0328036922758397,NA,NA,NA,14.1999625,0,237.0625,0.025,NA,0.025,0.0175654292232632,NA,0.0272340418956622,NA,NA,0.00171627759336947,0.00669314709499228,0.00608168449494665,NA,NA,NA,0.951600163921734,0,14.9097214033646,0.0175654292232632,NA,0.0175654292232632,80
"msq","R02","pursue03_epermcs1","single",0.0626823950744145,0.222083485561565,0.0897046682892271,0.25510985620809,0.46686622467247,0.0493777123554341,0.0760791823496698,NA,NA,NA,NA,41.7366375,23.6875,238.8,7.0875,6.625,0.4625,0.0157788483559802,0.0185299879173924,0.0187328347506609,0.0211733921606488,0.0211231778683845,0.00261366751358121,0.00324461871712256,NA,NA,NA,NA,3.00444167143234,1.45704245157655,14.8612506927209,0.784782834994029,0.749129241355031,0.105157732640911,80
"msq","R02","wilcoxon_tss","single",0.0566705720749838,0.127544107010495,0.0902382493022973,0.160678165972286,0.36188851827862,0.0522019364809544,0.0845731161136061,NA,NA,NA,NA,0.192775000000002,23.6875,238.8,4.0625,3.75,0.3125,0.0188548109065914,0.0123990533938357,0.021620923474553,0.0142053193201064,0.0166277517053013,0.00330585249526432,0.00536590952571897,NA,NA,NA,NA,0.0108409528138165,1.45704245157655,14.8612506927209,0.497571237187148,0.456493237572439,0.0934462378434178,80
"msq","R02","zicoseq","single",0.0603433738926192,0.234871559405035,0.105521096714397,0.287616664097607,0.470427634716054,0.0581405577521804,0.0871490211264374,NA,NA,NA,NA,76.0505875,23.6875,238.8,7.325,6.8125,0.5125,0.0178436656444046,0.017759902868339,0.0211467856026299,0.0203774291393034,0.0191184458446818,0.00400199563529255,0.00542594988871312,NA,NA,NA,NA,5.20183800013514,1.45704245157655,14.8612506927209,0.805788983590586,0.754332161248393,0.1125,80
"msq","R03","adapt","single",0.0583333333333333,0.185384947869468,0.120486111111111,0.245152526030042,0.47482807976742,0.0435225024833833,0.0988822295951204,NA,NA,NA,NA,0.289875000000001,13.125,128.35,3.075,2.8,0.275,0.0212982316722462,0.0217860946496659,0.0337401996340238,0.0251020051815907,0.0214518867646485,0.0042099603733127,0.00498963970890783,NA,NA,NA,NA,0.00893596790705433,0.721632319902736,5.12592080533479,0.464630401778026,0.410128185089891,0.113156913971207,40
"msq","R03","fastancom","single",0.0705273892773892,0.14057941134373,0.0949461722488038,0.160665493025207,0.489718059706014,0.0337626685484277,0.168405293934035,NA,NA,NA,NA,0.0305750000000003,13.125,128.35,2.775,2,0.775,0.0290135424019464,0.0209222945180676,0.0356714070635672,0.0220837404942979,0.0283565023803766,0.00771139805694252,0.011305114700883,NA,NA,NA,NA,0.000539334228708064,0.721632319902736,5.12592080533479,0.619643714834043,0.320256307610174,0.378064402328085,40
"msq","R03","ldm","single",0.167839293763482,0.417884800313206,0.200748605748606,0.485103772109384,0.581103916835163,0.0876569232025619,0.13262101479013,NA,NA,NA,NA,28.0045,13.125,128.35,10.9,5.725,5.175,0.0418815742299403,0.0284501353455184,0.0437166954914189,0.0285885825396868,0.027866863489133,0.0154119094129659,0.0161473591332238,NA,NA,NA,NA,0.748848233571447,0.721632319902736,5.12592080533479,2.40106813837679,0.554685750719524,2.12128634776891,40
"msq","R03","limma_logtss","single",0.139418616388577,0.219509321732619,0.194053097315481,0.293677676275393,0.496532167220321,0.075778192969949,0.145877785302523,NA,NA,NA,NA,0.0363749999999989,13.125,128.35,6.325,3.15,3.175,0.0472815066398877,0.026538436894831,0.0486663636163666,0.0278174689983415,0.0285012698601697,0.0165184666109277,0.0177601059743736,NA,NA,NA,NA,0.000394980525323098,0.721632319902736,5.12592080533479,1.74986721107925,0.431975189221052,1.53709995837983,40
"msq","R03","linda","single",0.168587191793714,0.277138465894271,0.192232397232397,0.366089663797675,0.494508715993105,0.0712039566905837,0.109912684514143,NA,NA,NA,NA,0.123124999999997,13.125,128.35,6.025,3.95,2.075,0.0396518619179344,0.0258580382975526,0.0375151065367514,0.0255814332225929,0.0265113919818274,0.00846692660926572,0.00682883296890271,NA,NA,NA,NA,0.00371624767673944,0.721632319902736,5.12592080533479,0.997103176000229,0.469519667265087,0.715566388541452,40
"msq","R03","lm_logtss","single",0.122155601625562,0.218788882041591,0.191964438167612,0.299034819132536,0.495392424047099,0.0759616916299816,0.146915348349605,NA,NA,NA,NA,0.0361249999999977,13.125,128.35,6.325,3.15,3.175,0.0454462861366863,0.0267920711307063,0.0485513379941322,0.0286347001086938,0.0282717382648147,0.0164981915861015,0.0178893709746582,NA,NA,NA,NA,0.000326574097297819,0.721632319902736,5.12592080533479,1.79042592697939,0.43345658996561,1.57987645573463,40
"msq","R03","logistic_presence","single",0.19077380952381,0.0344999751065928,0.199453463203463,0.0540598121993246,0.285863466570882,0.061903451773532,0.11398251268457,NA,NA,NA,NA,0.300774999999998,13,126.95,1.175,0.525,0.65,0.054401865456465,0.00990738562056639,0.0537882791168321,0.0104557128323003,0.020615616823918,0.00915120007963687,0.00981531891355803,NA,NA,NA,NA,0.025565864849694,0.712525303194425,4.9034197904142,0.418923375895634,0.151858149059896,0.289893879787866,40
"msq","R03","pursue","abundance",0.0785785742035742,0.258330460281892,0.161339285714286,0.324874052998086,0.535334624145649,0.0542395053300823,0.0858071155008476,NA,NA,NA,NA,10.87345,13.125,128.35,4.175,3.625,0.55,0.0204242827023191,0.0268673058218984,0.0263062496754153,0.0288824405465836,0.0187438754322803,0.00445071500903896,0.00554809222806101,NA,NA,NA,NA,0.48387385110383,0.721632319902736,5.12592080533479,0.554570173127871,0.456698716824033,0.147413599205668,40
"msq","R03","pursue","combined",0.0385542929292929,0.209330297862612,0.0916010378510378,0.255110763312195,0.500226526008196,0.0432152185080042,0.166577731093227,NA,NA,NA,NA,10.87345,13.125,128.35,3.125,2.875,0.25,0.01430000482521,0.0210311667423028,0.0235446373857851,0.0264388277776605,0.0188572474619672,0.00472843241638218,0.0081791823416075,NA,NA,NA,NA,0.48387385110383,0.721632319902736,5.12592080533479,0.408542594207815,0.341916731503521,0.0996789718842317,40
"msq","R03","pursue","presence",0.05,NA,0.075,NA,NA,0.0199018823960419,0.346811969269732,0.0292068322544329,NA,NA,NA,10.87345,0,126.95,0.05,NA,0.05,0.0348991220226056,NA,0.0421763696143487,NA,NA,0.00269555846574887,0.00802587220030173,0.00789080220368625,NA,NA,NA,0.48387385110383,0,4.9034197904142,0.0348991220226056,NA,0.0348991220226056,40
"msq","R03","pursue03_epermcs1","single",0.0689186507936508,0.29024623531783,0.100632492507493,0.364559085457886,0.566002804529595,0.0466684399658733,0.0961146685232198,NA,NA,NA,NA,38.54375,13.125,128.35,4.6,4.125,0.475,0.0201636227208966,0.0267228181451365,0.0243551710108923,0.0278799459189515,0.0199820754242599,0.00440475447724059,0.00551136513274423,NA,NA,NA,NA,1.39296202699637,0.721632319902736,5.12592080533479,0.577128168673929,0.467107163897218,0.205649377987551,40
"msq","R03","wilcoxon_tss","single",0.183170122887865,0.137777512949727,0.212197960582395,0.186992090726611,0.385070083964629,0.0741607439828252,0.122565129627071,NA,NA,NA,NA,0.152800000000001,13.125,128.35,4.7,2.05,2.65,0.052495999550153,0.0174514370646675,0.0523114978799503,0.0216764259599806,0.0247050994001484,0.0135772403172944,0.0136569981199441,NA,NA,NA,NA,0.00527927733982333,0.721632319902736,5.12592080533479,1.37942760332701,0.303716298119791,1.22083934977077,40
"msq","R03","zicoseq","single",0.0606150793650794,0.271518924616835,0.106624278499278,0.358456796256719,0.557542367546478,0.0523811998995981,0.102444352097248,NA,NA,NA,NA,63.65295,13.125,128.35,4.425,3.875,0.55,0.0180095850957855,0.0289658959878071,0.0239679934409505,0.031471999579135,0.0214759765386111,0.00633114356121637,0.00760042441614311,NA,NA,NA,NA,3.0631100386552,0.721632319902736,5.12592080533479,0.613823139148278,0.472564606897626,0.217650625709633,40
"msq","R04","adapt","single",0.0435,0.0626340006312917,0.0794253246753247,0.091928687196876,0.300753955174008,0.049707361082289,0.0883267680680992,NA,NA,NA,NA,0.24702,16.24,161.12,1.21,1.08,0.13,0.016165694718952,0.00827798981311116,0.0189371759534705,0.0102840706672462,0.0126709350895107,0.00290072142187925,0.00363805843709973,NA,NA,NA,NA,0.00356441390198263,0.35308739296484,3.33591657478711,0.160991247644652,0.142616247108785,0.0418148878808116,100
"msq","R04","fastancom","single",0.00583333333333333,0.0334809464271538,0.0133333333333333,0.045655654029493,0.310698627262373,0.0292229583649777,0.124951224277512,NA,NA,NA,NA,0.0280400000000004,16.24,161.12,0.59,0.57,0.02,0.00414641543296869,0.00617059205459464,0.00687796461944937,0.00743739315934705,0.013485774055714,0.00262015782595439,0.00563769621122362,NA,NA,NA,NA,0.000259338708365159,0.35308739296484,3.33591657478711,0.110183501670641,0.105653330579903,0.014070529413629,100
"msq","R04","ldm","single",0.0684242979242979,0.142571643311968,0.120516594516595,0.179526493673166,0.399386358400877,0.0531998232183057,0.0932921305303277,NA,NA,NA,NA,12.34112,16.24,161.12,2.89,2.52,0.37,0.0169816385769429,0.0125871482601087,0.0221856401276344,0.0146564902127382,0.0153550511002022,0.00297056745877607,0.00375407345674474,NA,NA,NA,NA,1.04868874895165,0.35308739296484,3.33591657478711,0.275202404852072,0.230712554552809,0.0981186665587783,100
"msq","R04","limma_logtss","single",0.0306904761904762,0.0675437689245739,0.0775119047619048,0.0983559894268099,0.324176200771509,0.0499009007879565,0.0962744371221168,NA,NA,NA,NA,0.0347399999999992,16.24,161.12,1.31,1.17,0.14,0.0106913010369852,0.0089008864813024,0.0181547817755906,0.0106678723841338,0.013080191097335,0.00323491049356489,0.00401203799589115,NA,NA,NA,NA,0.000389928768423914,0.35308739296484,3.33591657478711,0.178486906403735,0.154432816944764,0.0492776098069177,100
"msq","R04","linda","single",0.053952380952381,0.0795433065386626,0.084468253968254,0.110234870006155,0.319105617698906,0.0551835944557426,0.0870451314315349,NA,NA,NA,NA,0.12608,16.24,161.12,1.55,1.37,0.18,0.0166475606835568,0.00924496711361323,0.0185610973944581,0.0111178815565641,0.0125107308424295,0.0031168237207059,0.00347794445725985,NA,NA,NA,NA,0.00214568771203452,0.35308739296484,3.33591657478711,0.184978841268864,0.159958959382926,0.050010099990003,100
"msq","R04","lm_logtss","single",0.0418571428571428,0.0747294414391937,0.0772045454545455,0.102749479278891,0.321799370671139,0.049912493684326,0.0957869818143803,NA,NA,NA,NA,0.0350500000000025,16.24,161.12,1.48,1.3,0.18,0.0115459728672965,0.00915997028703347,0.0178388544571687,0.0106885181741099,0.0131149055254791,0.00327371024043518,0.00400029934045384,NA,NA,NA,NA,0.000312169016639322,0.35308739296484,3.33591657478711,0.186666666666667,0.159861050777091,0.0519906751545919,100
"msq","R04","logistic_presence","single",0.0341666666666667,0.00808373875866136,0.087,0.0109468278539486,0.149955342361075,0.0528198821341191,0.1169630513692,NA,NA,NA,NA,0.185140000000001,16.09,159.27,0.2,0.14,0.06,0.0163305759371098,0.00271681391545019,0.0259527542766747,0.00291556754991087,0.00834313543019818,0.00246129980085502,0.0028669229634033,NA,NA,NA,NA,0.00341251469823309,0.352507611494583,3.29115297104037,0.0635641726163728,0.0471832875737016,0.0277797979063414,100
"msq","R04","pursue","abundance",0.105928571428571,0.0689323568158707,0.146845238095238,0.0968112917354403,0.269506350724757,0.0563653743045951,0.0808314343140971,NA,NA,NA,NA,7.72556,16.23,161.11,1.45,1.18,0.27,0.0253200384769336,0.00835328412809558,0.0266904128740465,0.010374986334806,0.0124500161945663,0.00244356125217477,0.00262390243169108,NA,NA,NA,NA,0.183799701212098,0.353868947949989,3.33760014793186,0.171372946723475,0.150003366965579,0.0633333333333333,100
"msq","R04","pursue","combined",0.118333333333333,0.053546520902558,0.127702380952381,0.0729635745661287,0.245077292241398,0.0418718687208569,0.148082787668128,NA,NA,NA,NA,7.72556,16.24,161.12,1.14,0.92,0.22,0.0288232548898748,0.00736233179483606,0.0270571959463972,0.00875269079954697,0.0121483005067849,0.0020560306009183,0.00484955213972765,NA,NA,NA,NA,0.183799701212098,0.35308739296484,3.33591657478711,0.141435640501397,0.130019423568367,0.0561023595535406,100
"msq","R04","pursue","presence",0.03,NA,0.08,NA,NA,0.0230484858448108,0.27062987548733,0.0240483415363446,NA,NA,NA,7.72556,0,159.27,0.03,NA,0.03,0.0171446607997765,NA,0.0272659924344291,NA,NA,0.00149269127249461,0.00739310986991741,0.00414367363222179,NA,NA,NA,0.183799701212098,0,3.29115297104037,0.0171446607997765,NA,0.0171446607997765,100
"msq","R04","pursue03_epermcs1","single",0.0498690476190476,0.100911133414229,0.0753474025974026,0.12195275708124,0.341486399192608,0.0508418163715385,0.0885296295040796,NA,NA,NA,NA,19.63279,16.24,161.12,1.96,1.79,0.17,0.0165434694223625,0.0111983171016721,0.0181970934403164,0.0130190159239029,0.0134503387752756,0.00285424693159798,0.00344956064809551,NA,NA,NA,NA,0.860316229655753,0.35308739296484,3.33591657478711,0.221983710386072,0.202157554317608,0.0493493012650994,100
"msq","R04","wilcoxon_tss","single",0.0373333333333333,0.066654468467549,0.0690607725607725,0.092678687196876,0.288982215902603,0.0501551541953682,0.0882295850352793,NA,NA,NA,NA,0.113569999999999,16.24,161.12,1.29,1.16,0.13,0.0136332431895466,0.00853753113408186,0.017628502047201,0.00967600900760531,0.0122260608023354,0.00287828555501169,0.00354337367594495,NA,NA,NA,NA,0.00212233219345934,0.35308739296484,3.33591657478711,0.1695478240688,0.148201337253199,0.0441645225322888,100
"msq","R04","zicoseq","single",0.0370952380952381,0.112345878794408,0.078968253968254,0.148456501273065,0.363588177994525,0.0498146161090354,0.0871295646778448,NA,NA,NA,NA,40.41047,16.24,161.12,2.11,1.99,0.12,0.0128839342832386,0.0117750528944149,0.0172198059673581,0.0127908393637306,0.0148608646117498,0.0026306015753458,0.00341671609481371,NA,NA,NA,NA,0.785789844994169,0.35308739296484,3.33591657478711,0.226030747885988,0.216256021110781,0.0326598632371091,100
"msq","R05","adapt","single",0.0551785714285714,0.0448470949771626,0.0771425438596491,0.0643309075806507,0.272496120773025,0.0488811727946055,0.070522145896807,NA,NA,NA,NA,0.532050000000002,41.91,414.48,1.67,1.47,0.2,0.0170689139931155,0.00595841472253747,0.0198727046143971,0.00705026781310983,0.0114750885788006,0.00210978894487005,0.00370556328967553,NA,NA,NA,NA,0.0325850073196279,3.1405813976319,29.9086470385534,0.203531944729206,0.176071037087336,0.0568535243614961,100
"msq","R05","fastancom","single",0.0192857142857143,0.0287277583838378,0.0435,0.0393418232089132,0.292626540027587,0.0328458544815042,0.111422812617927,NA,NA,NA,NA,0.03952,41.91,414.48,1.04,0.97,0.07,0.0118768070048298,0.00481589106528171,0.017520062253578,0.00561223541659092,0.011543828256955,0.00315571432309218,0.00783365625487197,NA,NA,NA,NA,0.00150799083672161,3.1405813976319,29.9086470385534,0.162629901458756,0.151394194142979,0.040837198332853,100
"msq","R05","ldm","single",0.0763062064746847,0.0830394483021731,0.131726827254161,0.117903542697301,0.359176005007277,0.0545156171393942,0.0733105104544822,NA,NA,NA,NA,25.49595,41.91,414.48,3.87,3.39,0.48,0.0193443410846558,0.00779259737548411,0.0235461611490455,0.00937259481296575,0.0127544311085655,0.00293509134104695,0.00437695355478207,NA,NA,NA,NA,2.9882475896494,3.1405813976319,29.9086470385534,0.45763003892364,0.384259750111244,0.127509159900714,100
"msq","R05","limma_logtss","single",0.0366212121212121,0.0444319078251072,0.102221386800334,0.0608592588560824,0.28768898426919,0.0566471799988832,0.0953891075304785,NA,NA,NA,NA,0.0362399999999984,41.91,414.48,2.08,1.51,0.57,0.0151287716507334,0.00656676319682093,0.0246886912493377,0.00794567157749276,0.0113182585289227,0.004898958108231,0.00613029312302881,NA,NA,NA,NA,0.000564455579306433,3.1405813976319,29.9086470385534,0.607973949468498,0.259562569090243,0.389056096809505,100
"msq","R05","linda","single",0.05825,0.0509421334890951,0.13171258069416,0.0705703638068261,0.292747838846543,0.0542542088458715,0.0746477196097706,NA,NA,NA,NA,0.256889999999998,41.91,414.48,1.96,1.73,0.23,0.0172488776290308,0.00654236551746306,0.0266579825247541,0.00788093066195639,0.0105821950369392,0.00259398497809631,0.00387637636871726,NA,NA,NA,NA,0.0162374109432942,3.1405813976319,29.9086470385534,0.23134215335557,0.199926754264423,0.0722719331637969,100
"msq","R05","lm_logtss","single",0.0410818181818182,0.0491836089389693,0.098041452991453,0.0680668374784228,0.286029045234311,0.0568075140515105,0.0945495753359544,NA,NA,NA,NA,0.0353599999999996,41.91,414.48,2.31,1.68,0.63,0.0156765494994663,0.00668996051371561,0.0234346536290438,0.00846141525750246,0.0111238301227089,0.00489102856709512,0.00621791788414537,NA,NA,NA,NA,0.000349175074028845,3.1405813976319,29.9086470385534,0.616555272494205,0.274093547401745,0.390455574368654,100
"msq","R05","logistic_presence","single",0.061,0.00418766760420611,0.0911111111111111,0.0068660370699174,0.149260619413979,0.0535487362265424,0.113900969478775,NA,NA,NA,NA,0.458519999999998,41.76,412.64,0.3,0.17,0.13,0.0209593428243203,0.00142501795887593,0.0264440766179891,0.00200509542965056,0.00847122533150548,0.00230056817809068,0.00217029700768335,NA,NA,NA,NA,0.0329554933419928,3.14919005139385,29.9976716941616,0.0846859915908007,0.0493493012650993,0.0463953149846539,100
"msq","R05","pursue","abundance",0.0833452380952381,0.0466607214337244,0.140702380952381,0.0714027133060521,0.256760542224024,0.055474759934543,0.0625527804697258,NA,NA,NA,NA,17.1726,41.86,414.39,1.68,1.49,0.19,0.0222253817520452,0.0058771120922272,0.0257896808675944,0.0076293362164828,0.0105078035809599,0.00213433138492215,0.00318901813366668,NA,NA,NA,NA,1.21085326355368,3.13903478699096,29.9058755586472,0.208835153200129,0.193581345624359,0.0419114024647906,100
"msq","R05","pursue","combined",0.0741666666666667,0.034020848598043,0.11125,0.0474416371606094,0.223774897885839,0.0419805368259247,0.119252339698668,NA,NA,NA,NA,17.1726,41.91,414.48,1.11,0.98,0.13,0.0232976819991171,0.00481938552839113,0.0247165113708111,0.00589340710526487,0.00975574543923788,0.00170002718153544,0.00390124662774697,NA,NA,NA,NA,1.21085326355368,3.1405813976319,29.9086470385534,0.141346340167646,0.134073702028987,0.0366666666666667,100
"msq","R05","pursue","presence",0.04,NA,0.07,NA,NA,0.0292656752626019,0.204489743417104,0.0324748038283487,NA,NA,NA,17.1726,0,412.64,0.04,NA,0.04,0.0196946385566932,NA,0.0256432399976243,NA,NA,0.00140692609453068,0.00468478692244881,0.00378332380440845,NA,NA,NA,1.21085326355368,0,29.9976716941616,0.0196946385566932,NA,0.0196946385566932,100
"msq","R05","pursue03_epermcs1","single",0.0393333333333333,0.0531368157995897,0.0642271018455229,0.0695728274459421,0.313402915985677,0.0484724600967792,0.073105429795394,NA,NA,NA,NA,27.31722,41.91,414.48,2.23,2.06,0.17,0.0137834787814115,0.00613625140868489,0.0163099938753592,0.00745238524379015,0.0129143221485724,0.00214314900673173,0.00354532616983716,NA,NA,NA,NA,1.61249463427688,3.1405813976319,29.9086470385534,0.262795768918786,0.244874736066497,0.0551490175924661,100
"msq","R05","wilcoxon_tss","single",0.029,0.0391087489744805,0.0623418803418803,0.0508714397852966,0.246578200551775,0.0494551938208659,0.0718917503254841,NA,NA,NA,NA,0.228030000000001,41.91,414.48,1.25,1.15,0.1,0.0129460158581444,0.00570003186365352,0.0167930272558589,0.00636410157054581,0.0107409600473385,0.00241438478127368,0.0036352569126073,NA,NA,NA,NA,0.0142807948665405,3.1405813976319,29.9086470385534,0.153987406017899,0.142400062421959,0.043808582711518,100
"msq","R05","zicoseq","single",0.0797473082473082,0.0703458456789543,0.125947553015328,0.101850219182973,0.325100993606629,0.0509631444071935,0.0701603877642716,NA,NA,NA,NA,104.38106,41.91,414.48,3.22,2.88,0.34,0.0212707182545341,0.00718798709848694,0.0228238911178662,0.00847853729345,0.010653446828361,0.00248609498367412,0.00357731386245893,NA,NA,NA,NA,7.76281130086858,3.1405813976319,29.9086470385534,0.367514172062339,0.336434063061217,0.0878704280245187,100
"msq","R06","adapt","single",0.056,NA,0.1,NA,NA,0.0494953559248348,0.0702146404119425,NA,-0.0149593050764002,1.3062003653929,NA,0.350204,0,276.96,0.072,NA,0.072,0.0145706973368996,NA,0.0190117275157343,NA,NA,0.00142941368072612,0.00201878593277041,NA,0.0167717920589246,0.0181009328009079,NA,0.00710130096797417,0,8.49481731911526,0.0199211296271695,NA,0.0199211296271695,250
"msq","R06","fastancom","single",0.012,NA,0.012,NA,NA,0.0271305345777259,0.111828106549777,NA,0.00545685361411014,0.435771008581448,NA,0.0331679999999993,0,276.96,0.012,NA,0.012,0.00690032302369427,NA,0.00690032302369427,NA,NA,0.00170491867765159,0.00422227180556229,NA,0.00983319823209117,0.00468027649510017,NA,0.000314341129000885,0,8.49481731911526,0.00690032302369427,NA,0.00690032302369427,250
"msq","R06","ldm","single",0.048,NA,0.104,NA,NA,0.049009794659859,0.0744617144076652,NA,NA,NA,NA,6.17978,0,276.96,0.06,NA,0.06,0.0135468842280857,NA,0.0193451009748439,NA,NA,0.00157580797120291,0.0022622428988509,NA,NA,NA,NA,0.175413498809694,0,8.49481731911526,0.0179691837951828,NA,0.0179691837951828,250
"msq","R06","limma_logtss","single",0.04,NA,0.068,NA,NA,0.0489539386269968,0.0840203648431848,NA,-0.00509035416709131,0.429669871246607,0.951046061373003,0.0367920000000004,0,276.96,0.08,NA,0.08,0.0124184084113013,NA,0.015953748410747,NA,NA,0.00214597734316802,0.00303356312465016,NA,0.00852105500808949,0.00436022608225954,0.00214597734316802,0.000274459937018364,0,8.49481731911526,0.0316608534084951,NA,0.0316608534084951,250
"msq","R06","linda","single",0.06,NA,0.096,NA,NA,0.0534627703924806,0.0719931815074199,NA,-0.000903631095147619,0.398182447857328,0.943240452920856,0.188400000000001,0,276.96,0.1,NA,0.1,0.0150501170791587,NA,0.0186689614194772,NA,NA,0.00161992131571418,0.00211015765815857,NA,0.00467178272104242,0.0041602298382257,0.00167360917383378,0.00417448743937823,0,8.49481731911526,0.0321891997153277,NA,0.0321891997153277,250
"msq","R06","lm_logtss","single",0.032,NA,0.092,NA,NA,0.0494986168942351,0.0836889175617407,NA,-0.00509035416709131,0.429669871246607,0.950501383105765,0.036644000000002,0,276.96,0.064,NA,0.064,0.0111535468092308,NA,0.0183162753794296,NA,NA,0.00210476196028872,0.00300545502811897,NA,0.00852105500808949,0.00436022608225954,0.00210476196028872,0.00026590199601714,0,8.49481731911526,0.0286162814891289,NA,0.0286162814891289,250
"msq","R06","logistic_presence","single",0.068,NA,0.116,NA,NA,0.0544550066348314,0.112100696386213,NA,-0.00163009734333761,0.639505179415025,NA,0.295599999999999,0,275.116,0.08,NA,0.08,0.015953748410747,NA,0.0202934298030838,NA,NA,0.00152378299914855,0.00163015528196998,NA,0.00807508792515543,0.0169179541270972,NA,0.00758366242279882,0,8.53231197075359,0.019798178489092,NA,0.019798178489092,250
"msq","R06","pursue","abundance",0.1,NA,0.172,NA,NA,0.053596389317224,0.0642296441916964,NA,0.000125544354914714,0.960366303894302,0.946403610682776,12.532056,0,276.936,0.172,NA,0.172,0.0190117275157343,NA,0.0239155139444862,NA,NA,0.00128509943491132,0.00181330516896146,NA,0.00760718948400479,0.00816325432464323,0.00128509943491132,0.380345256117201,0,8.49403568303895,0.0449192045762059,NA,0.0449192045762059,250
"msq","R06","pursue","combined",0.08,NA,0.124,NA,NA,0.0413086678348371,0.133562210302797,NA,NA,NA,NA,12.532056,0,276.96,0.116,NA,0.116,0.017192507941463,NA,0.0208863822586733,NA,NA,0.00111799968123996,0.00262339093690608,NA,NA,NA,NA,0.380345256117201,0,8.49481731911526,0.0343934242337411,NA,0.0343934242337411,250
"msq","R06","pursue","presence",0.016,NA,0.032,NA,NA,0.0265094551508283,0.237388137341305,NA,NA,NA,NA,12.532056,0,275.116,0.02,NA,0.02,0.00795166118887435,NA,0.0111535468092308,NA,NA,0.00085081585205554,0.00356238645532063,NA,NA,NA,NA,0.380345256117201,0,8.53231197075359,0.010528217963833,NA,0.010528217963833,250
"msq","R06","pursue03_epermcs1","single",0.036,NA,0.064,NA,NA,0.0484989112476987,0.069224669299193,NA,-0.00149683016330663,0.294908721427729,NA,25.492652,0,276.96,0.06,NA,0.06,0.0118056551692781,NA,0.0155105871343741,NA,NA,0.00137598562835739,0.00206223207132556,NA,0.00174456227161614,0.003508844265024,NA,0.955291500571338,0,8.49481731911526,0.0227082066795775,NA,0.0227082066795775,250
"msq","R06","wilcoxon_tss","single",0.032,NA,0.064,NA,NA,0.0503315678026459,0.0744698350543365,NA,0.00712783329305073,1.54319539871088,NA,0.172307999999999,0,276.96,0.04,NA,0.04,0.0111535468092308,NA,0.0155105871343741,NA,NA,0.00162747799064586,0.00215481067440443,NA,0.0180472459632818,0.0196261845662012,NA,0.00411477362584723,0,8.49481731911526,0.0147808624776205,NA,0.0147808624776205,250
"msq","R06","zicoseq","single",0.072,NA,0.116,NA,NA,0.0495225273616213,0.0730299684675793,NA,NA,NA,NA,68.011536,0,276.96,0.108,NA,0.108,0.0163810057504901,NA,0.0202934298030838,NA,NA,0.00137953771993881,0.00210766387173588,NA,NA,NA,NA,1.91208780274349,0,8.49481731911526,0.0289256073929694,NA,0.0289256073929694,250
"msq","R07","adapt","single",0.0658333333333333,0.0365076070756243,0.105833333333333,0.0521296191215494,0.260823519663541,0.0470393351022562,0.0709860132082197,NA,NA,NA,NA,0.35423,13.96,275.42,0.71,0.55,0.16,0.0205594795599386,0.00652793629019114,0.0258648119280197,0.00747742283213587,0.0165892639881895,0.00200561849540446,0.00312128740785755,NA,NA,NA,NA,0.0125237459704081,0.708094612179742,13.4251247948604,0.123333333333333,0.0925235432774062,0.046536615322309,100
"msq","R07","fastancom","single",0.0166666666666667,0.0233519241769881,0.0283333333333333,0.0318131984100015,0.277954714077819,0.0275909153617061,0.108814717212693,NA,NA,NA,NA,0.0306400000000025,13.96,275.42,0.41,0.38,0.03,0.0119623427094212,0.00465042185837399,0.0140255898883852,0.00537890035397927,0.0146018629659195,0.00238649329443391,0.00695479111383786,NA,NA,NA,NA,0.000483781401507461,0.708094612179742,13.4251247948604,0.0792579218868258,0.0749140922131558,0.0222701503353614,100
"msq","R07","ldm","single",0.0590833333333333,0.0680376325720316,0.0991031746031746,0.0899132834911607,0.341857476284611,0.0509455594021398,0.0763554830528069,NA,NA,NA,NA,10.20909,13.96,275.42,1.3,1.09,0.21,0.0197781945109881,0.00858906763953413,0.0242656057340097,0.0105777309399261,0.0184358261812892,0.00244948717084889,0.00375519371645675,NA,NA,NA,NA,1.08410028507514,0.708094612179742,13.4251247948604,0.173205080756888,0.144316571215064,0.0856289859353901,100
"msq","R07","limma_logtss","single",0.0466666666666667,0.0421330865691345,0.0693333333333333,0.0517357353696094,0.279012894419055,0.0467762970861514,0.0872444963233554,NA,NA,NA,NA,0.0343300000000001,13.96,275.42,0.71,0.58,0.13,0.0166380225234389,0.00750450891051484,0.0209747322733663,0.0081927090398781,0.0174788369733929,0.00291053990087524,0.00489953582966642,NA,NA,NA,NA,0.000322883160529096,0.708094612179742,13.4251247948604,0.114851683012958,0.094473554634366,0.0463953149846539,100
"msq","R07","linda","single",0.0691666666666667,0.0506782076548061,0.0933333333333333,0.060833631458056,0.278546319075417,0.052835041111538,0.0722567610572997,NA,NA,NA,NA,0.176529999999997,13.96,275.42,0.88,0.7,0.18,0.0201723424686723,0.00787097346625171,0.0227837727352755,0.00849069338503456,0.0167271071338175,0.00236896979017091,0.00340695930258636,NA,NA,NA,NA,0.00676645700526045,0.708094612179742,13.4251247948604,0.12814133611057,0.102985730108887,0.050010099990003,100
"msq","R07","lm_logtss","single",0.0325,0.0397242779864129,0.0502380952380952,0.0542808554669034,0.270984897851766,0.0463951188034568,0.0869969545663793,NA,NA,NA,NA,0.0344200000000016,13.96,275.42,0.69,0.57,0.12,0.0133950067752704,0.00679707121307532,0.0176354037935015,0.00842758356769568,0.017499691689581,0.00279447263224444,0.00495492390714347,NA,NA,NA,NA,0.000229703366026263,0.708094612179742,13.4251247948604,0.119506561250076,0.0956160250294073,0.0498077110577075,100
"msq","R07","logistic_presence","single",0.0616666666666667,0.00700274725274725,0.155833333333333,0.00892906304222094,0.13394842354785,0.0557047861869326,0.112732811385158,NA,NA,NA,NA,0.282890000000003,13.83,273.66,0.2,0.11,0.09,0.0220517450846744,0.0023149566139267,0.0341165354486842,0.00274055682908457,0.0102920917231042,0.00222225616345156,0.00236304678047092,NA,NA,NA,NA,0.0122670281155576,0.71209677585411,13.4872047107283,0.055048188256318,0.034509550720186,0.0320825954263824,100
"msq","R07","pursue","abundance",0.0766666666666667,0.034758285931176,0.10852380952381,0.0505435139881431,0.261619074696006,0.0531634593500535,0.0648198078818658,NA,NA,NA,NA,11.94604,13.96,275.39,0.65,0.5,0.15,0.0248925863054482,0.00591097541186518,0.0260320139535011,0.00773257618680876,0.0139266405262768,0.0018155118001379,0.0025012660637107,NA,NA,NA,NA,0.597528055031306,0.708094612179742,13.423625298764,0.0978299906506541,0.0822658906696863,0.05,100
"msq","R07","pursue","combined",0.0266666666666667,0.0299129841741095,0.09,0.034758285931176,0.229200321582565,0.0406087281042936,0.131440440973704,NA,NA,NA,NA,11.94604,13.96,275.42,0.46,0.42,0.04,0.0147405546238018,0.00531733357471776,0.0266350823056286,0.00591097541186518,0.0136487138426753,0.00151853977652354,0.00390395321423092,NA,NA,NA,NA,0.597528055031306,0.708094612179742,13.4251247948604,0.0744271048704297,0.0684311937849128,0.0196946385566932,100
"msq","R07","pursue","presence",0.01,NA,0.03,NA,NA,0.0255354091795981,0.233236893995325,0.0226170418295603,NA,NA,NA,11.94604,0,273.66,0.01,NA,0.01,0.01,NA,0.0171446607997765,NA,NA,0.00131613818061363,0.0055145530487878,0.00495208566595928,NA,NA,NA,0.597528055031306,0,13.4872047107283,0.01,NA,0.01,100
"msq","R07","pursue03_epermcs1","single",0.0586666666666667,0.0400411310059648,0.0833333333333333,0.0594196363932802,0.290451203761935,0.0468793045032013,0.0720330028251494,NA,NA,NA,NA,25.44973,13.96,275.42,0.76,0.63,0.13,0.0204501529140678,0.0071620722304624,0.0237764561135562,0.00882864465981992,0.0177621565640254,0.00192551988607459,0.00361931208698245,NA,NA,NA,NA,1.45822276850863,0.708094612179742,13.4251247948604,0.125625706691816,0.107923467084202,0.0441645225322889,100
"msq","R07","wilcoxon_tss","single",0.0256666666666667,0.0341868899358669,0.0541666666666667,0.0458044818405298,0.238321686066823,0.0508825160629918,0.0727999552293334,NA,NA,NA,NA,0.162909999999998,13.96,275.42,0.6,0.51,0.09,0.0109698597379892,0.00634876080313637,0.0194759845210447,0.00751044977007961,0.0156518489831724,0.00246513874831106,0.0033224547231086,NA,NA,NA,NA,0.00666863751171281,0.708094612179742,13.4251247948604,0.109175051725163,0.0881859834484352,0.0404395046378357,100
"msq","R07","zicoseq","single",0.0555,0.0592758388102378,0.100404761904762,0.0821398567757903,0.303205630648099,0.0486486959003239,0.069651838878495,NA,NA,NA,NA,64.36676,13.96,275.42,1.12,0.95,0.17,0.019404800856909,0.0077889996394999,0.0244644427996441,0.00956696661673367,0.0170364168239781,0.00227559704740302,0.00365054613126819,NA,NA,NA,NA,2.98195949620278,0.708094612179742,13.4251247948604,0.151277389205553,0.12742595393943,0.0636515133481927,100
"msq","R08","adapt","single",0.0260510878010878,0.0605609228543774,0.0792526991892865,0.0881585408455717,0.270591505153653,0.0479620654697101,0.0812683229144096,NA,NA,NA,NA,0.381059999999998,69.15,276.29,5.1,4.86,0.24,0.00627589131040958,0.00504465241656596,0.0131355958555312,0.0066830055231009,0.0105914951198867,0.00269778221124382,0.00348966152945016,NA,NA,NA,NA,0.0137003710043402,3.53377284287636,13.5746666532727,0.523681605789648,0.495437771933657,0.0570663268185859,100
"msq","R08","fastancom","single",0.010171568627451,0.0302487322482063,0.00994731146046936,0.0544768080153817,0.298003130347118,0.0249654515830824,0.120684582307241,NA,NA,NA,NA,0.0311599999999972,69.15,276.29,2.6,2.56,0.04,0.0061121690002654,0.00333941926871378,0.00377845400637689,0.00517421732183831,0.0115007065724729,0.00206408843694854,0.0060930322388975,NA,NA,NA,NA,0.000462693039157362,3.53377284287636,13.5746666532727,0.341121146168977,0.335845082131508,0.0196946385566932,100
"msq","R08","ldm","single",0.0673766814592842,0.139087925776058,0.121129375216913,0.203548860198242,0.356032942459631,0.0564378607586528,0.0914194498514461,NA,NA,NA,NA,31.17032,69.15,276.29,12.61,11.83,0.78,0.015551627572765,0.00955060723256575,0.0161777080468237,0.0120362091746173,0.0133539310599899,0.00323471207677129,0.00481532470342267,NA,NA,NA,NA,2.19010350564312,3.53377284287636,13.5746666532727,1.17584227280067,1.11382995637448,0.153465029083225,100
"msq","R08","limma_logtss","single",0.0336965811965812,0.0511065326464969,0.05009812598411,0.08535862064551,0.29367307002478,0.0518362632962781,0.0966910571217327,NA,NA,NA,NA,0.0348900000000015,69.15,276.29,4.25,4.01,0.24,0.0102998276269338,0.00446538040460518,0.0113051016955829,0.00677917233690191,0.0111381528570411,0.00402883373366467,0.00544140140993052,NA,NA,NA,NA,0.000356156531243759,3.53377284287636,13.5746666532727,0.452908669188682,0.424619853753944,0.0753711355945237,100
"msq","R08","linda","single",0.0464052524769916,0.0673012745363514,0.116356253678907,0.110171147821959,0.284775644884428,0.0550118000525381,0.0799169120793352,NA,NA,NA,NA,0.179420000000001,69.15,276.29,5.82,5.44,0.38,0.0107547413680774,0.00486889408994217,0.017952242716552,0.00768534572183916,0.0110308496828071,0.0031710021418113,0.00362048951358504,NA,NA,NA,NA,0.00687729656775167,3.53377284287636,13.5746666532727,0.531888193613141,0.48996392363586,0.101284677313925,100
"msq","R08","lm_logtss","single",0.0368182928182928,0.0594237603333146,0.0658391581995028,0.0922848731327507,0.289799987718311,0.0525887353480821,0.0966512532927142,NA,NA,NA,NA,0.0352899999999997,69.15,276.29,4.94,4.65,0.29,0.00999209223831092,0.00483595428241359,0.0130071079173905,0.00719759429053731,0.0110573723465128,0.00400596814903856,0.00547476716810355,NA,NA,NA,NA,0.000292773225579081,3.53377284287636,13.5746666532727,0.477962848816187,0.448876262448683,0.0769297199928729,100
"msq","R08","logistic_presence","single",0.0593333333333333,0.00466674248388093,0.0989610389610389,0.0109129989309683,0.14126492919886,0.0549201288547661,0.116134283255852,NA,NA,NA,NA,0.305699999999998,68.76,274.43,0.48,0.37,0.11,0.0213389092039802,0.00102626752856592,0.0250937660511961,0.0019989354072905,0.00598059433997638,0.00249404856450356,0.00302285901273453,NA,NA,NA,NA,0.0140607089207312,3.54438295124137,13.6332870637134,0.10394248603935,0.0824559876478955,0.0399368187885502,100
"msq","R08","pursue","abundance",0.0363942710458056,0.0648517584594662,0.0833776497664222,0.0951748367783206,0.258784450316786,0.0583971255850485,0.0737553323253606,NA,NA,NA,NA,12.12327,69.11,276.24,5.46,5.21,0.25,0.0133518415250638,0.00574137170979653,0.0159508799473577,0.00768149146213922,0.00956291466404161,0.00368353199187256,0.0042816697789691,NA,NA,NA,NA,0.612105630920882,3.53307303214992,13.5743602635873,0.617819561118787,0.589006182334517,0.0715979233376403,100
"msq","R08","pursue","combined",0.0279733044733045,0.0420137025112461,0.0544551731067076,0.066078282098394,0.230408943120968,0.0420290257943056,0.133550148451164,NA,NA,NA,NA,12.12327,69.15,276.29,3.42,3.23,0.19,0.00878506922935384,0.004173303558372,0.0147858366760432,0.00583880731594199,0.0088066870600856,0.0026698871079054,0.00428568330135985,NA,NA,NA,NA,0.612105630920882,3.53377284287636,13.5746666532727,0.386431485426968,0.361214282076107,0.0614554121031474,100
"msq","R08","pursue","presence",0.02,NA,0.04,NA,NA,0.0271756030773835,0.237631543036147,0.0289072389528231,NA,NA,NA,12.12327,0,274.43,0.02,NA,0.02,0.014070529413629,NA,0.0196946385566932,NA,NA,0.00132043472970931,0.00551433849950314,0.00251690048204843,NA,NA,NA,0.612105630920882,0,13.6332870637134,0.014070529413629,NA,0.014070529413629,100
"msq","R08","pursue03_epermcs1","single",0.0377592075701521,0.089705383978849,0.0691040348956085,0.131350123839506,0.323296385137115,0.0483679468136199,0.0798357598883362,NA,NA,NA,NA,25.90819,69.15,276.29,8.06,7.76,0.3,0.0118912074825932,0.00715130505606153,0.0139605819569428,0.00983765082441041,0.0132548644974812,0.00254675220873674,0.0033870054998627,NA,NA,NA,NA,1.4096377016948,3.53377284287636,13.5746666532727,0.777046987126274,0.748752497845786,0.0611340636419152,100
"msq","R08","wilcoxon_tss","single",0.0318293650793651,0.0495314118638977,0.0760161688866764,0.0769325941593864,0.239649062474943,0.0515574568667384,0.0845816883814339,NA,NA,NA,NA,0.164269999999998,69.15,276.29,4.09,3.88,0.21,0.00863713483767996,0.00434764770155796,0.0131659862128153,0.00592132504342152,0.00999982454807629,0.00288890511210064,0.00388459025823672,NA,NA,NA,NA,0.00669962843836271,3.53377284287636,13.5746666532727,0.40777667684876,0.387501710651161,0.0591095541679972,100
"msq","R08","zicoseq","single",0.0304063843563844,0.100210028432427,0.0859390796776501,0.152420848999942,0.321712059941617,0.0526212541385674,0.0778358037696877,NA,NA,NA,NA,65.54064,69.15,276.29,8.97,8.59,0.38,0.00748033942839966,0.00769734708922491,0.0134701320240624,0.0103555914396443,0.0116503932797427,0.00289269900110197,0.00352200981687761,NA,NA,NA,NA,3.10766224880219,3.53377284287636,13.5746666532727,0.855222222878388,0.811918167742975,0.0885118265224678,100
"msq","R09","adapt","single",0.0498983109904224,0.08399498083693,0.0755542721821674,0.13008642289959,0.270677127573894,0.0549280207014163,0.0844983694635169,NA,NA,NA,NA,0.38025,109.78,274.96,11.49,10.92,0.57,0.0126729725064669,0.00560900041808072,0.0128577369186581,0.0081481207895093,0.00967202289012424,0.00376222508588914,0.00441884413280174,NA,NA,NA,NA,0.0136033446199266,5.37409762216181,13.4094186708787,0.987445945330424,0.950563894313116,0.135776851986462,100
"msq","R09","fastancom","single",0.0133229889993048,0.0588532481654934,0.0312626166039375,0.0953938189572033,0.302781356033607,0.0317393222126795,0.11615711429257,NA,NA,NA,NA,0.0313899999999997,109.78,274.96,7.92,7.7,0.22,0.00491745815964129,0.0049253517914586,0.00865553282505104,0.00753707245220513,0.00996728266015623,0.00306774667909527,0.00718550290764827,NA,NA,NA,NA,0.000509286488406048,5.37409762216181,13.4094186708787,0.837827879433214,0.81296315470573,0.0990663485455148,100
"msq","R09","ldm","single",0.104407533394804,0.202282063556478,0.149329165617773,0.285151098930455,0.332743699050298,0.0718020575358287,0.103089190017714,NA,NA,NA,NA,34.99126,109.78,274.96,29.62,27.04,2.58,0.0155193798428153,0.0117591219412944,0.0164184685032013,0.0146472755598372,0.0130445173173417,0.00454470507894513,0.00571311847295706,NA,NA,NA,NA,1.87634709785807,5.37409762216181,13.4094186708787,2.38347763919984,2.26287204653509,0.357086979755788,100
"msq","R09","limma_logtss","single",0.0454484553408925,0.0847258409076546,0.0770514881707789,0.142890376732243,0.277103308799166,0.0663996862234104,0.110961223043275,NA,NA,NA,NA,0.0345100000000015,109.78,274.96,11.42,10.69,0.73,0.0101873808622832,0.00638509090360439,0.011544538042127,0.00923911255968016,0.0104093217016426,0.00491853399848401,0.0072440617513035,NA,NA,NA,NA,0.000271358348932142,5.37409762216181,13.4094186708787,1.09417004199899,1.01201818564728,0.192198865866591,100
"msq","R09","linda","single",0.0558461742212197,0.101910330360289,0.0985316393996171,0.157411377712478,0.276445877161166,0.0650166635679175,0.0859074414499811,NA,NA,NA,NA,0.178870000000001,109.78,274.96,14.13,13.22,0.91,0.00980181142265492,0.00686726055434445,0.012187256771604,0.0088457002092654,0.0105692600453004,0.00372692873215781,0.00459481479094805,NA,NA,NA,NA,0.00701708816124112,5.37409762216181,13.4094186708787,1.29362500616124,1.20223529185002,0.214190984352231,100
"msq","R09","lm_logtss","single",0.0646470201433437,0.0935561361807418,0.10668031493719,0.14518318363069,0.273542041425019,0.067919384155711,0.109698791449756,NA,NA,NA,NA,0.0356899999999993,109.78,274.96,12.7,11.87,0.83,0.0148112853223073,0.00659107080826404,0.0152412254931253,0.00899433314662005,0.0104236388397478,0.00511582825674706,0.00718851860118334,NA,NA,NA,NA,0.000448498054678813,5.37409762216181,13.4094186708787,1.10969101168485,1.04810121725727,0.171184229425611,100
"msq","R09","logistic_presence","single",0.044671052631579,0.00949011613792257,0.0732273341315895,0.0165154720987262,0.144238356888731,0.0599902623810291,0.116976713726862,NA,NA,NA,NA,0.310459999999999,108.95,273.18,1.3,1.08,0.22,0.0186219993630836,0.00217420954668918,0.0194864467241833,0.00289350993714866,0.00504078074688171,0.00298509442119447,0.00317754405846961,NA,NA,NA,NA,0.0141349228665898,5.40817516227596,13.474295618853,0.402391838783035,0.283798192632395,0.134524977966806,100
"msq","R09","pursue","abundance",0.0918422295518409,0.104875441158546,0.13668220737628,0.15383799525305,0.23898170526706,0.0854447593117449,0.113241341597712,NA,NA,NA,NA,12.15018,109.75,274.92,14.9,12.52,2.38,0.0135706340028535,0.00688073092716698,0.0141232931655886,0.00885605143763697,0.0095176594397346,0.00646176778349927,0.0074167578015895,NA,NA,NA,NA,0.604165017323558,5.37245829028091,13.4086334316757,1.83553586704045,1.14101496550885,0.951848812373142,100
"msq","R09","pursue","combined",0.0620085498827522,0.075978771048103,0.106705714668337,0.108569076574495,0.217262114682919,0.065868360210819,0.13200820938163,NA,NA,NA,NA,12.15018,109.78,274.96,10.05,8.7,1.35,0.0115092033348264,0.00598934390262328,0.0136230769381385,0.00695871351494752,0.00861854449424765,0.00528590298566467,0.00545346938142119,NA,NA,NA,NA,0.604165017323558,5.37409762216181,13.4094186708787,1.38384437438798,0.845487128730228,0.693894731922573,100
"msq","R09","pursue","presence",0.05,NA,0.08,NA,NA,0.0310930722461477,0.225313453883921,0.0339944954504582,NA,NA,NA,12.15018,0,273.18,0.05,NA,0.05,0.021904291355759,NA,0.0272659924344291,NA,NA,0.00164897982238516,0.00569332812155363,0.00241982792546144,NA,NA,NA,0.604165017323558,0,13.474295618853,0.021904291355759,NA,0.021904291355759,100
"msq","R09","pursue03_epermcs1","single",0.0387961571868618,0.130142614254204,0.0747873828138764,0.193702977732557,0.330057246463225,0.0551580841083536,0.0835733714063464,NA,NA,NA,NA,25.96452,109.78,274.96,18.38,17.69,0.69,0.0103106290647249,0.00855037514669415,0.0121054655366148,0.0118901725668527,0.0122512960300015,0.00367292241490844,0.00409613200560272,NA,NA,NA,NA,1.44023243603036,5.37409762216181,13.4094186708787,1.64806467461601,1.58851274067057,0.114322775376112,100
"msq","R09","wilcoxon_tss","single",0.0674034289359035,0.0755886743234313,0.0871678829604429,0.111888479453097,0.231951369180159,0.0650101741077481,0.0896474803670469,NA,NA,NA,NA,0.165649999999998,109.78,274.96,10.3,9.43,0.87,0.0134700726639875,0.0054909652232705,0.0133449326539733,0.00738352486012323,0.00942153447836677,0.00396256649574324,0.00492588170483228,NA,NA,NA,NA,0.00669912364236948,5.37409762216181,13.4094186708787,0.958481543216597,0.880111907485048,0.186219702979512,100
"msq","R09","zicoseq","single",0.0275172538431798,0.14078273573459,0.0632990281177147,0.201883449643538,0.317570392077901,0.059802091887582,0.0896151597282763,NA,NA,NA,NA,66.09585,109.78,274.96,19.47,18.62,0.85,0.00533943834109926,0.00873088436401148,0.00753812487176383,0.0112138327390092,0.0107636613596212,0.00335154276664867,0.00494162130750101,NA,NA,NA,NA,3.12131086193661,5.37409762216181,13.4094186708787,1.6938066029157,1.5953075128658,0.235434264560817,100
"msq","R10","adapt","single",0.0273333333333333,0.0496488930253905,0.103315628815629,0.0718132776071043,0.276207106819556,0.0507850284645192,0.077115287489506,NA,NA,NA,NA,0.372789999999999,27.26,276.04,1.65,1.51,0.14,0.0122457762021184,0.00605089256720368,0.0243144513248157,0.0074762800562136,0.0134167888672032,0.00280530707369151,0.00334047276992368,NA,NA,NA,NA,0.0132616352191902,1.35397805213252,13.5172237302538,0.238418611570981,0.207678364376993,0.0568890467169528,100
"msq","R10","fastancom","single",0.0258333333333333,0.0153674674954917,0.0408095238095238,0.0239717003571564,0.192606284732411,0.0433079200658989,0.119520058655004,NA,NA,NA,NA,0.0312400000000022,27.26,276.04,0.62,0.42,0.2,0.0145882026502807,0.00318767520154803,0.0162399514271155,0.00378537060661696,0.0106302779037479,0.00511258819694519,0.00799159054409977,NA,NA,NA,NA,0.000487235035478736,1.35397805213252,13.5172237302538,0.187907133736564,0.0830966335362059,0.170560573084488,100
"msq","R10","ldm","single",0.0795252525252525,0.0716589677474474,0.160474119791457,0.103882565406425,0.327616158658464,0.0592859177409542,0.0790753329183038,NA,NA,NA,NA,19.35253,27.26,276.04,2.53,2.12,0.41,0.0203663660254301,0.00728211003307635,0.0263909554180132,0.00916798220327228,0.0145819072843466,0.00337044555469192,0.00441799503828123,NA,NA,NA,NA,1.87152851339635,1.35397805213252,13.5172237302538,0.311871185529597,0.261031365428321,0.107398060663791,100
"msq","R10","limma_logtss","single",0.0478333333333333,0.0300225934747749,0.0857507550928603,0.0526519731823594,0.27648307560885,0.0527299096798581,0.0840612571301011,NA,NA,NA,NA,0.0344200000000012,27.26,276.04,1.1,0.92,0.18,0.018815446945822,0.00441335599380534,0.0219353476237759,0.00655337561828117,0.0140769253964838,0.00373951280885416,0.00436148408272652,NA,NA,NA,NA,0.000249516704568248,1.35397805213252,13.5172237302538,0.201258665664489,0.158069157604697,0.0743727983291817,100
"msq","R10","linda","single",0.0509310966810967,0.0407891524473422,0.097524531024531,0.0658056490608955,0.272695726546759,0.0600751490190312,0.0804433193555887,NA,NA,NA,NA,0.18011,27.26,276.04,1.38,1.19,0.19,0.0190659532443994,0.00509166916376595,0.0223549112711142,0.00665872108569193,0.0115111622497373,0.00344816810034244,0.00345696891710223,NA,NA,NA,NA,0.00691150256288496,1.35397805213252,13.5172237302538,0.216855395658634,0.168591910610303,0.0812714618119454,100
"msq","R10","lm_logtss","single",0.0551237373737374,0.0401568926267742,0.0971498917748918,0.0601293343800234,0.272801428973837,0.0534745406944655,0.083993553290901,NA,NA,NA,NA,0.03497,27.26,276.04,1.34,1.14,0.2,0.0192402436859353,0.00513637700238463,0.0229178775839091,0.00726427483202217,0.0138709928049927,0.00374039495910399,0.00434947408739171,NA,NA,NA,NA,0.000284784164240393,1.35397805213252,13.5172237302538,0.203613815490467,0.165767270227834,0.0696310623822792,100
"msq","R10","logistic_presence","single",0.07,0.00429993414876454,0.0991666666666667,0.00768708508374156,0.137168503858436,0.0592516053710129,0.113994303661213,NA,NA,NA,NA,0.293980000000002,27.08,274.13,0.21,0.11,0.1,0.0256432399976243,0.00135051834315989,0.0289571600057818,0.00224151559189366,0.0078045140668469,0.00267843384211418,0.00249758185155314,NA,NA,NA,NA,0.0133305298567847,1.35956618155212,13.5709631719396,0.0498381217928443,0.031446603773522,0.0414387707005374,100
"msq","R10","pursue","abundance",0.105666666666667,0.0510523723591607,0.15548556998557,0.0737824620330673,0.266823889716545,0.0580158151470528,0.0633414389539502,NA,NA,NA,NA,12.03424,27.25,276.03,1.62,1.36,0.26,0.0239940368573903,0.00616012160268338,0.0262921804055732,0.00773461984617594,0.0123497690776161,0.00168808904599763,0.00280061982791897,NA,NA,NA,NA,0.610353658056565,1.35298958166011,13.5160320442881,0.197346027437733,0.17895318500726,0.0543464382782842,100
"msq","R10","pursue","combined",0.0635,0.038269879266782,0.129095238095238,0.053042733784888,0.239706715255118,0.0436349248945108,0.125292989764599,NA,NA,NA,NA,12.03424,27.26,276.04,1.17,1.02,0.15,0.0202186352130044,0.00519782038250129,0.0271359488436545,0.00657226505554173,0.0115832973063894,0.00188273469529975,0.00362880715257115,NA,NA,NA,NA,0.610353658056565,1.35397805213252,13.5172237302538,0.171773282573457,0.156979056700008,0.0457816513022368,100
"msq","R10","pursue","presence",0.04,NA,0.06,NA,NA,0.0307702200386791,0.228017849131217,0.0402736350746842,NA,NA,NA,12.03424,0,274.13,0.04,NA,0.04,0.0196946385566932,NA,0.0238683256575942,NA,NA,0.0017077069177483,0.00576356806020667,0.00494695666373317,NA,NA,NA,0.610353658056565,0,13.5709631719396,0.0196946385566932,NA,0.0196946385566932,100
"msq","R10","pursue03_epermcs1","single",0.0487896825396825,0.0532482042145487,0.081391722312775,0.0654746731698873,0.281918541340399,0.0534881113184796,0.0756490566341973,NA,NA,NA,NA,26.52791,27.26,276.04,1.98,1.73,0.25,0.0165621367742085,0.00603023993752968,0.0207002702792854,0.00727039461208503,0.011705127181783,0.00261244742284349,0.00345229832400629,NA,NA,NA,NA,1.52198044878502,1.35397805213252,13.5172237302538,0.268170004875921,0.217819775377385,0.0833333333333333,100
"msq","R10","wilcoxon_tss","single",0.0530555555555556,0.0295176742359098,0.109593795093795,0.0469496859641962,0.229323991898574,0.0570902296675592,0.0811458264948586,NA,NA,NA,NA,0.166230000000001,27.26,276.04,0.96,0.8,0.16,0.018366781547729,0.00377431173360953,0.0256771852948622,0.00543050193174691,0.0118697872644632,0.00324787479754145,0.00392122627602275,NA,NA,NA,NA,0.00692500745723985,1.35397805213252,13.5172237302538,0.148337589315859,0.114591941825388,0.0614964891828646,100
"msq","R10","zicoseq","single",0.077968253968254,0.0605673801323886,0.111863912231559,0.0879859958572308,0.288230745987462,0.0560840314221301,0.0768823149333585,NA,NA,NA,NA,65.80469,27.26,276.04,2.23,1.91,0.32,0.0216684294012042,0.00648019104578742,0.0220591333390896,0.00829147691077654,0.0134950106381288,0.0027742627265194,0.00410325799194218,NA,NA,NA,NA,3.10883962550501,1.35397805213252,13.5172237302538,0.284571270652552,0.235742969088682,0.106249183003395,100
"msq","R11","adapt","single",0.0393452380952381,0.0412483306190462,0.0707992562992563,0.0617603815149757,0.257697037635721,0.054012461316193,0.0744465857077643,NA,NA,NA,NA,0.374809999999999,27.96,276.8,1.33,1.21,0.12,0.0129451295976361,0.0066173301516629,0.016965774632063,0.00832341015393852,0.0131927447877867,0.00244199210176233,0.00363578100152545,NA,NA,NA,NA,0.0135953623628713,1.34914263833957,13.5033852844912,0.20746424786313,0.197097627452678,0.0383497988352882,100
"msq","R11","fastancom","single",0.035,0.0166688016423649,0.0481666666666667,0.0192766243782603,0.194900976641279,0.0408583085006027,0.10304780559816,NA,NA,NA,NA,0.0313399999999982,27.96,276.8,0.49,0.42,0.07,0.0177738316327429,0.00347661568267725,0.0187021293133422,0.0037284501120411,0.0110451081041089,0.00294527753216722,0.00601086462442039,NA,NA,NA,NA,0.000510737236994421,1.34914263833957,13.5033852844912,0.0893240610294218,0.079366176038599,0.0382838943376528,100
"msq","R11","ldm","single",0.08725,0.0588211786761227,0.138886460761461,0.103323792738774,0.319338849600731,0.0604209837713125,0.0832554842970138,NA,NA,NA,NA,16.79275,27.96,276.8,2.21,1.83,0.38,0.0224875121224878,0.0073490265503511,0.0257792437280539,0.0101317313076347,0.0143443473330502,0.00339147513754225,0.00445832051339788,NA,NA,NA,NA,1.63549803654743,1.34914263833957,13.5033852844912,0.294836027018889,0.251883811598631,0.0982472658781162,100
"msq","R11","limma_logtss","single",0.0472179487179487,0.0265529643728249,0.0657674571805006,0.0442213829128379,0.254416722311372,0.0579999415925047,0.0949508108599832,NA,NA,NA,NA,0.0348199999999984,27.96,276.8,0.97,0.78,0.19,0.0176972247764422,0.00485272889329208,0.0187145247533243,0.0067815176282196,0.0151174662091373,0.00368281788449852,0.00492096098453686,NA,NA,NA,NA,0.000323297405064206,1.34914263833957,13.5033852844912,0.202736331726753,0.159278677071656,0.087264835501773,100
"msq","R11","linda","single",0.057790404040404,0.0399495867676044,0.145678571428571,0.058708223501134,0.270904967142014,0.0606371537758023,0.0777585761447037,NA,NA,NA,NA,0.178750000000001,27.96,276.8,1.36,1.16,0.2,0.0198554915088202,0.00663489702356977,0.0284072345095383,0.00754334666848798,0.0136554832146118,0.00285494601883881,0.00353574190553508,NA,NA,NA,NA,0.00675550467650949,1.34914263833957,13.5033852844912,0.214861947691201,0.184620823540706,0.0666666666666667,100
"msq","R11","lm_logtss","single",0.0520714285714286,0.0288543583091209,0.0833291708291708,0.0510810540206443,0.250588400844622,0.058393866049032,0.094774699381208,NA,NA,NA,NA,0.034579999999997,27.96,276.8,1.09,0.849999999999999,0.24,0.0182837342790743,0.00490444468900065,0.0215416689580867,0.00710952320655586,0.0149716268815639,0.00359546824303834,0.00486334997959281,NA,NA,NA,NA,0.000231891650072859,1.34914263833957,13.5033852844912,0.210384448478532,0.153987406017899,0.099615422115415,100
"msq","R11","logistic_presence","single",0.148333333333333,0.00350715446011516,0.188190476190476,0.00797837911139921,0.122422801411318,0.0604906353794127,0.111862140624878,NA,NA,NA,NA,0.292899999999999,27.77,274.88,0.31,0.13,0.18,0.0343199934857504,0.00117711300482181,0.0364195227800214,0.00207979940970223,0.00822497806728319,0.00256270795540039,0.00293486272830465,NA,NA,NA,NA,0.0128729965588451,1.35786932026211,13.5632247886211,0.0691872003109584,0.0441645225322889,0.0411452219939241,100
"msq","R11","pursue","abundance",0.084474358974359,0.045677420331804,0.146394841269841,0.0723148089724519,0.272782844929625,0.0583535441163614,0.0680916707739007,NA,NA,NA,NA,12.15708,27.96,276.76,1.46,1.2,0.26,0.0222145098609592,0.00635275188730181,0.0256386446829839,0.00892141406548188,0.0110717107123185,0.0024688791109154,0.00307218021404389,NA,NA,NA,NA,0.612101585066077,1.34914263833957,13.5015683338917,0.198692697094755,0.168774549280537,0.0746980453546007,100
"msq","R11","pursue","combined",0.0655833333333333,0.0350049049583554,0.111974358974359,0.0468512846874201,0.238461870945798,0.0466984715642288,0.124909500839569,NA,NA,NA,NA,12.15708,27.96,276.8,0.98,0.83,0.15,0.0220344513309169,0.00553212588689834,0.0256880313765606,0.00637328906029441,0.0105817387672162,0.00222781233626314,0.00418532839157534,NA,NA,NA,NA,0.612101585066077,1.34914263833957,13.5033852844912,0.132558353836026,0.117253933189829,0.0519809599951771,100
"msq","R11","pursue","presence",0.03,NA,0.05,NA,NA,0.0309608673227512,0.223828145106081,0.0332988151208401,NA,NA,NA,12.15708,0,274.88,0.03,NA,0.03,0.0171446607997765,NA,0.021904291355759,NA,NA,0.00146343693801937,0.00598980574181168,0.00384362666358284,NA,NA,NA,0.612101585066077,0,13.5632247886211,0.0171446607997765,NA,0.0171446607997765,100
"msq","R11","pursue03_epermcs1","single",0.0635714285714286,0.0380943214993269,0.0968715173715174,0.0612451109922469,0.283966974588917,0.0522043255837758,0.073222570627683,NA,NA,NA,NA,25.95765,27.96,276.79,1.32,1.13,0.19,0.0200124076815047,0.00573748606191941,0.0220524662432211,0.0072837301725926,0.0128270964510445,0.00243242714850455,0.00329073990909503,NA,NA,NA,NA,1.4760514305851,1.34914263833957,13.5035670184667,0.191158086780063,0.163085774048412,0.0614554121031474,100
"msq","R11","wilcoxon_tss","single",0.0558333333333333,0.0258593425500779,0.09775,0.0441905378200953,0.212517677997942,0.0574693018982421,0.0778992017887928,NA,NA,NA,NA,0.16562,27.96,276.8,0.93,0.77,0.16,0.0193197662253809,0.00463855462895484,0.022311643004948,0.00659953876046252,0.0115596897249088,0.00278998897883277,0.00443915512955423,NA,NA,NA,NA,0.00698017075997333,1.34914263833957,13.5033852844912,0.155865132065961,0.139880901722382,0.0677487932726406,100
"msq","R11","zicoseq","single",0.0527380952380953,0.0581668439162762,0.0910426795426795,0.0905854347619929,0.297315609556074,0.0584210139927,0.0798862200361366,NA,NA,NA,NA,65.48591,27.96,276.8,2.04,1.78,0.26,0.0144932170175439,0.00682237345310964,0.0186689364839365,0.0098244022502923,0.0140387320748896,0.00283753508840762,0.00329810123198866,NA,NA,NA,NA,3.07487749284078,1.34914263833957,13.5033852844912,0.242845089251847,0.211574186430284,0.0746980453546007,100
"msq","R12","adapt","single",0.0466666666666667,0.00396785523201743,0.0855,0.00801644256151861,0.124848679771008,0.0515303836003208,0.0711480236523511,NA,NA,NA,NA,0.35114,26.83,274.94,0.19,0.09,0.1,0.0206624303250132,0.0013055853895807,0.0274717026127695,0.00208099754358676,0.00690333688748919,0.00256271479249684,0.00303589364449985,NA,NA,NA,NA,0.0122336431304181,1.4097822025355,13.3410040056507,0.059789191955967,0.0287623491264661,0.0502518907629606,100
"msq","R12","fastancom","single",0,0.00193414442210525,0.005,0.00240332063596231,0.13021947638697,0.0276079165398432,0.112091941863269,NA,NA,NA,NA,0.0312299999999972,26.83,274.94,0.05,0.05,0,0,0.000906368036738506,0.005,0.0009555543135829,0.00691064865931655,0.00236589601598624,0.00577415681196877,NA,NA,NA,NA,0.000465985433508541,1.4097822025355,13.3410040056507,0.021904291355759,0.021904291355759,0,100
"msq","R12","ldm","single",0.0458333333333333,0.0078945488258311,0.104952380952381,0.0112324414681872,0.162874337000471,0.051178176180181,0.0752754449933219,NA,NA,NA,NA,9.29289,26.83,274.94,0.37,0.24,0.13,0.0193676332796555,0.00195295194628131,0.0279494730835706,0.0028304693389285,0.00803290853337539,0.00261336578339362,0.0034158810187407,NA,NA,NA,NA,1.05262326938536,1.4097822025355,13.3410040056507,0.0883690608136745,0.0605029425780768,0.0597215762238964,100
"msq","R12","limma_logtss","single",0.0268888888888889,0.0037967841977885,0.0588736263736264,0.00731112283660339,0.127775781580828,0.0508091583186845,0.0864002365160923,NA,NA,NA,NA,0.0345699999999994,26.83,274.94,0.19,0.06,0.13,0.0154325584667782,0.00163498423520103,0.0220837814690074,0.00255849241590016,0.00703584211552138,0.00383097652969509,0.00506737360022308,NA,NA,NA,NA,0.000278616712935916,1.4097822025355,13.3410040056507,0.104151210974596,0.0238683256575942,0.089504810547317,100
"msq","R12","linda","single",0.0525,0.00373000453896444,0.106228070175439,0.00799111604168652,0.124284537367713,0.0550887631714702,0.0730199924078577,NA,NA,NA,NA,0.177860000000003,26.83,274.94,0.19,0.11,0.08,0.0219891502171577,0.00128031795219336,0.0288827607483682,0.00205314520726537,0.00703320462681589,0.00254396678056332,0.00336065129065254,NA,NA,NA,NA,0.00683294189566245,1.4097822025355,13.3410040056507,0.0563090318750649,0.0399368187885502,0.0338743966363203,100
"msq","R12","lm_logtss","single",0.04,0.00598268163368594,0.0954761904761905,0.0103548256027596,0.131996694229055,0.051343929703471,0.0860290009453722,NA,NA,NA,NA,0.0350799999999981,26.83,274.94,0.25,0.1,0.15,0.0181464302079756,0.00244167141819467,0.0269602326089805,0.00287865220684641,0.00747525253770098,0.00375184314713779,0.0050316559595843,NA,NA,NA,NA,0.000304405365035914,1.4097822025355,13.3410040056507,0.114922020113948,0.0333333333333333,0.0957427107756338,100
"msq","R12","logistic_presence","single",0.09,0.00100686498855835,0.12,0.00125076742758274,0.0698397469994745,0.0591031251933095,0.112050542044193,NA,NA,NA,NA,0.285200000000001,26.62,273.06,0.13,0.03,0.1,0.0287623491264661,0.000622297466923359,0.032659863237109,0.000664666374274813,0.00457563287548718,0.00226227848470488,0.00256487838159814,NA,NA,NA,NA,0.0124613260315527,1.41369778034112,13.4019207126396,0.0366666666666667,0.0171446607997765,0.0333333333333333,100
"msq","R12","pursue","abundance",0.061,0.00376712377949973,0.117,0.00688269451954672,0.107585054127615,0.0538058542076203,0.0659379885402853,NA,NA,NA,NA,11.99837,26.83,274.91,0.19,0.1,0.09,0.0230017566303273,0.00142442109084049,0.0294753792138113,0.00192264697583026,0.00577226804309209,0.00185652743462456,0.00251406739905076,NA,NA,NA,NA,0.603319076117332,1.4097822025355,13.3405442243568,0.0614554121031474,0.0333333333333334,0.0378593889720018,100
"msq","R12","pursue","combined",0.05,0.0022453159866953,0.0716666666666667,0.00411195136570663,0.0974220083590808,0.0425561753220196,0.124381338087773,NA,NA,NA,NA,11.99837,26.83,274.94,0.12,0.06,0.06,0.021904291355759,0.000943416664727484,0.0249865283568286,0.00153683219301095,0.00501466896408805,0.00159465120543094,0.00475374741666521,NA,NA,NA,NA,0.603319076117332,1.4097822025355,13.3410040056507,0.0356186309210063,0.0238683256575942,0.0277797979063414,100
"msq","R12","pursue","presence",0.02,NA,0.06,NA,NA,0.028782106823959,0.225650072610535,0.0267928946557761,NA,NA,NA,11.99837,0,273.06,0.02,NA,0.02,0.014070529413629,NA,0.0238683256575942,NA,NA,0.00141258125710019,0.00642589046086438,0.00388822946578411,NA,NA,NA,0.603319076117332,0,13.4019207126396,0.014070529413629,NA,0.014070529413629,100
"msq","R12","pursue03_epermcs1","single",0.035,0.00343760687814573,0.057,0.00531221976059735,0.11726441593014,0.0488971042288553,0.0725701956724178,NA,NA,NA,NA,25.47929,26.83,274.94,0.21,0.11,0.1,0.0177738316327429,0.00119103975817388,0.0212372362142582,0.00148063906677224,0.00632449725789324,0.00266079856756906,0.00366015066694273,NA,NA,NA,NA,1.53203143104708,1.4097822025355,13.3410040056507,0.0700576962801433,0.0399368187885502,0.0577350269189626,100
"msq","R12","wilcoxon_tss","single",0.005,0.00363580961514975,0.03,0.00634722625299903,0.117767387012825,0.0528205691399855,0.0734123477882072,NA,NA,NA,NA,0.163820000000002,26.83,274.94,0.1,0.09,0.01,0.005,0.00121754603481813,0.015781191834354,0.00184272416036054,0.00639262145838837,0.00245718932194075,0.00344644603112876,NA,NA,NA,NA,0.00667005035342112,1.4097822025355,13.3410040056507,0.0333333333333333,0.0287623491264661,0.01,100
"msq","R12","zicoseq","single",0.055,0.0064965898055497,0.128333333333333,0.0137625648010401,0.141348085866505,0.0509865173971006,0.0742527936167561,NA,NA,NA,NA,64.94396,26.83,274.94,0.29,0.18,0.11,0.0223550324255519,0.00189217002682554,0.0314140196171597,0.00295059309302697,0.00803423655294778,0.00236673468002927,0.00375309092576578,NA,NA,NA,NA,3.04003720760457,1.4097822025355,13.3410040056507,0.0700576962801433,0.0519906751545919,0.0490207130000197,100
"msq","R13","adapt","single",0.0502629272767864,0.32332067449631,0.112199261605355,0.377248018296062,0.567765296223867,0.0546976742051795,0.0767186337962505,NA,NA,NA,NA,0.377139999999999,27.32,272.79,11.42,10.78,0.64,0.0124837515924459,0.0195409837811086,0.0185975738012787,0.021800769751817,0.0194389219978713,0.00270830838131804,0.00370490317212711,NA,NA,NA,NA,0.0139599790165104,1.34621654643634,13.5440940574992,0.941756364727656,0.877045084820661,0.136714699615327,100
"msq","R13","fastancom","single",0.0498702576196182,0.273492931211672,0.063801517906808,0.331217935181537,0.573353578576661,0.0388589190972757,0.113504134243843,NA,NA,NA,NA,0.0317599999999983,27.32,272.79,9.63,9.26,0.37,0.0165575510240465,0.0179628924352994,0.0163086926156053,0.0208393327973462,0.0197883038851628,0.00409660349415515,0.00666781986004148,NA,NA,NA,NA,0.00058966177602157,1.34621654643634,13.5440940574992,0.823230272043054,0.814839638434236,0.0981186665587784,100
"msq","R13","ldm","single",0.11295068999437,0.46681479647155,0.168182330712057,0.528777434658721,0.635328538290158,0.070659134481166,0.0960588270299771,NA,NA,NA,NA,33.78071,27.32,272.79,17.2,14.74,2.46,0.0220174659998467,0.0215979884925629,0.0221399969783953,0.0220298666292576,0.02118537326328,0.00604442750180307,0.00712661359368781,NA,NA,NA,NA,2.10234088223345,1.34621654643634,13.5440940574992,1.22102788293679,1.0698456416557,0.626102260340945,100
"msq","R13","limma_logtss","single",0.0989791281955866,0.36389164670404,0.129238847023178,0.430810794144211,0.587918173758996,0.0671541359640508,0.0986134419761765,NA,NA,NA,NA,0.0350299999999999,27.32,272.79,13.67,11.79,1.88,0.0208890272584844,0.0192213856458961,0.021538613935056,0.0214921120764334,0.0208091049729724,0.00656504640107335,0.00804444358671688,NA,NA,NA,NA,0.000380975621585358,1.34621654643634,13.5440940574992,1.05361858431413,0.925758766055873,0.479957910612583,100
"msq","R13","linda","single",0.102961615969382,0.378354302891762,0.150344582256747,0.445458578465055,0.589253012033061,0.0672916997300088,0.083024882005327,NA,NA,NA,NA,0.176719999999999,27.32,272.79,13.63,12.14,1.49,0.0196570836521169,0.0197058139594202,0.021725362031175,0.0213217047967188,0.0187955948455533,0.00440991297896563,0.00467260460098123,NA,NA,NA,NA,0.00691217751362009,1.34621654643634,13.5440940574992,1.01907613141323,0.939376539428297,0.304011895035757,100
"msq","R13","lm_logtss","single",0.0923683828638523,0.341314168716682,0.133809247444612,0.419024252213527,0.573717185249796,0.0685915366268511,0.0989602608067803,NA,NA,NA,NA,0.0349300000000021,27.32,272.79,13.03,11.24,1.79,0.0214228580200187,0.0190945035138486,0.0222996871004261,0.0208802534040247,0.0208287921236524,0.00651934566854365,0.00799756205275972,NA,NA,NA,NA,0.000259079567357608,1.34621654643634,13.5440940574992,1.02892068585376,0.904100646940361,0.482061021326998,100
"msq","R13","logistic_presence","single",0.0987978410478411,0.0966578109974449,0.159706077204529,0.139343240907656,0.379758078071761,0.0668448959918564,0.118002831865883,NA,NA,NA,NA,0.305529999999999,27.16,270.92,3.7,3.3,0.4,0.024007410407211,0.00937211190896662,0.0267557096521351,0.0125771767902284,0.0172022754149271,0.00387204488148404,0.0042260136282303,NA,NA,NA,NA,0.0145480843613811,1.35592377843642,13.6031463977711,0.404644750043015,0.369684550213647,0.0778498944161523,100
"msq","R13","pursue","abundance",0.0749973629855667,0.26776638335928,0.1229674902889,0.335695109253569,0.530926791125016,0.0557258143620019,0.0647432530978504,NA,NA,NA,NA,11.97195,27.27,272.68,9.08,8.4,0.68,0.0146537593214014,0.0151904426641678,0.0160060758312882,0.0180599709694515,0.0154895672491482,0.00254450120109695,0.00278195278026831,NA,NA,NA,NA,0.610403393091798,1.34366113753627,13.5401078729869,0.792729589469323,0.740051868234091,0.103357768371943,100
"msq","R13","pursue","combined",0.0671880109728686,0.226604418050744,0.0970486338663954,0.275082212504375,0.489180856927638,0.0441007072164424,0.126531642968559,NA,NA,NA,NA,11.97195,27.32,272.79,7.66,7.2,0.46,0.0171147181970459,0.0142039239446317,0.0156803672672172,0.0152583875458341,0.0156191692270182,0.00215399956788853,0.00396036053003917,NA,NA,NA,NA,0.610403393091798,1.34621654643634,13.5440940574992,0.69822574567198,0.665301632814968,0.0892392086676948,100
"msq","R13","pursue","presence",0.03,NA,0.07,NA,NA,0.0290935615166943,0.22393075030275,0.0319633209343978,NA,NA,NA,11.97195,0,270.92,0.03,NA,0.03,0.0171446607997765,NA,0.0256432399976243,NA,NA,0.00151675814107989,0.00621249942496704,0.00388472262915835,NA,NA,NA,0.610403393091798,0,13.6031463977711,0.0171446607997765,NA,0.0171446607997765,100
"msq","R13","pursue03_epermcs1","single",0.0513310275204413,0.408494086501959,0.0823095311209163,0.46125978594697,0.636897920015407,0.0542913851286491,0.0744843105450334,NA,NA,NA,NA,26.42262,27.32,272.78,14,13.18,0.82,0.00970429164087085,0.0210538399555898,0.0109179330170697,0.022881211384887,0.0177383562385194,0.00277166889144781,0.00394801638667752,NA,NA,NA,NA,1.52370949906185,1.34621654643634,13.5441483879776,1.0855338955481,1.02340094535304,0.150675247811412,100
"msq","R13","wilcoxon_tss","single",0.0890298068039756,0.26582739522014,0.141052488118532,0.321437609557281,0.495608441600128,0.0670332014694657,0.0896592548969585,NA,NA,NA,NA,0.165069999999998,27.32,272.79,10.03,8.74,1.29,0.0208984550592709,0.0162395793894868,0.0242429960171353,0.0187650811154159,0.0210613625190994,0.00503674614499789,0.00594902981161712,NA,NA,NA,NA,0.00683890024533576,1.34621654643634,13.5440940574992,0.795880174728114,0.7210570243214,0.372893409635374,100
"msq","R13","zicoseq","single",0.0494401442167179,0.41162849282783,0.0885975326039263,0.483268736215053,0.649669611513038,0.0578104871801592,0.0818668854792066,NA,NA,NA,NA,65.0459,27.32,272.79,14.11,13.31,0.8,0.00925619617328201,0.0202124560079438,0.012117875187647,0.0212485453829837,0.0166973016517701,0.00314517179315703,0.00427692078748691,NA,NA,NA,NA,3.13574476519124,1.34621654643634,13.5440940574992,1.08095496500254,1.01888183908646,0.145643816250884,100
"msq","R14","adapt","single",0.0724851143009038,0.0973077719864529,0.126630583815929,0.133032853860319,0.323609356322852,0.0554853746688086,0.0748610422252233,NA,NA,NA,NA,0.378349999999999,27.52,275.43,3.71,3.15,0.56,0.0155622172661602,0.00871538165109561,0.0198797376294547,0.0104147531900701,0.0121178915019905,0.00324594762552656,0.0034383304213285,NA,NA,NA,NA,0.0139539095205999,1.34603645619803,13.5122410271486,0.411033435195344,0.328564370336385,0.163497134933041,100
"msq","R14","fastancom","single",0.0170238095238095,0.0769039538865275,0.0488666970284617,0.103741256073315,0.335773716256457,0.0360110429070412,0.118019088188261,NA,NA,NA,NA,0.0311800000000037,27.52,275.43,2.62,2.52,0.1,0.00758518018426824,0.00730748191203275,0.0148513903509405,0.00920343485417099,0.0131036964416042,0.00355671188740542,0.00725716884723096,NA,NA,NA,NA,0.000453355614425874,1.34603645619803,13.5122410271486,0.292250065885537,0.281582827759238,0.0438085827115181,100
"msq","R14","ldm","single",0.110299629017294,0.175126316551044,0.178654529959548,0.225433338810185,0.386286020470749,0.0669132817761986,0.0889494097686673,NA,NA,NA,NA,23.62958,27.52,275.43,7.65,5.62,2.03,0.021245427120012,0.0117920581153319,0.0253094902083807,0.0138716929089615,0.0146936566908937,0.00503419606133879,0.0055433164645077,NA,NA,NA,NA,2.06138383166515,1.34603645619803,13.5122410271486,0.882875810615342,0.492731000023175,0.657275521460454,100
"msq","R14","limma_logtss","single",0.0787535505430242,0.109410203379998,0.146430303612158,0.14230770890552,0.334829319993561,0.0617001128874185,0.0927915832766121,NA,NA,NA,NA,0.0348499999999997,27.52,275.43,4.32,3.47,0.85,0.0195006463489985,0.00933657935182566,0.0271732586656172,0.0112237604166678,0.0130169979159457,0.00479048631881993,0.00536960453056474,NA,NA,NA,NA,0.000305629008618219,1.34603645619803,13.5122410271486,0.518521596912459,0.356881838238718,0.272057257788046,100
"msq","R14","linda","single",0.093844298245614,0.120979133607335,0.161314748015645,0.158256960656,0.330579985689538,0.0665408225604242,0.0840284134772957,NA,NA,NA,NA,0.179250000000002,27.52,275.43,4.59,3.82,0.77,0.0197898760408617,0.00952886743221636,0.0231830043238756,0.010927850105011,0.0129810270280086,0.00399701105306873,0.00444855336706559,NA,NA,NA,NA,0.00697159279222546,1.34603645619803,13.5122410271486,0.460806276261971,0.368557110139451,0.210269187740694,100
"msq","R14","lm_logtss","single",0.0980379366671811,0.107146656558666,0.167650710754781,0.137731262856971,0.329033579948938,0.0633546845452332,0.092276831401267,NA,NA,NA,NA,0.035029999999997,27.52,275.43,4.48,3.47,1.01,0.0225648091604895,0.0091344242506005,0.0273365290360224,0.0106567647587024,0.0127320145306932,0.00489323917379011,0.00529988413376789,NA,NA,NA,NA,0.000262257102627715,1.34603645619803,13.5122410271486,0.542251199755578,0.349734386948355,0.318929712658074,100
"msq","R14","logistic_presence","single",0.104030303030303,0.0211439804185279,0.184490871447393,0.0330698483377895,0.198707371023504,0.0589749416718628,0.113256759745489,NA,NA,NA,NA,0.301010000000002,27.36,273.52,1.01,0.7,0.31,0.0267914912170354,0.00348297904676868,0.0328749982307872,0.00496611061727829,0.00815230838626727,0.002797501561364,0.00273627028258863,NA,NA,NA,NA,0.0139471404331724,1.35240302402573,13.5731201983623,0.176666666666667,0.119341628287971,0.096079722789531,100
"msq","R14","pursue","abundance",0.0996454460572108,0.102307053200141,0.147182276057276,0.123657974090896,0.294218945829735,0.056404253086673,0.0685732229323459,NA,NA,NA,NA,12.17874,27.5,275.36,3.53,3.07,0.46,0.0214723062835965,0.0091920864708447,0.0224444351094657,0.0103267701492414,0.0115762105799166,0.00221702180154135,0.00314294283530408,NA,NA,NA,NA,0.614235201162775,1.34588786361054,13.5129232569972,0.369672254514152,0.335524615604828,0.0821676040268618,100
"msq","R14","pursue","combined",0.0897579365079365,0.0829720952509397,0.131795432637538,0.103509579332545,0.263946436480565,0.0447460805145598,0.127981804973303,NA,NA,NA,NA,12.17874,27.52,275.43,2.75,2.42,0.33,0.0222342387565796,0.00793371761158404,0.0240394884213903,0.00922463170860291,0.0111307862139271,0.00198371002381063,0.00479747486654231,NA,NA,NA,NA,0.614235201162775,1.34603645619803,13.5122410271486,0.276476751173392,0.259439956269444,0.0711450360996195,100
"msq","R14","pursue","presence",0.04,NA,0.05,NA,NA,0.0280914603815512,0.230998536713144,0.0312757724522257,NA,NA,NA,12.17874,0,273.52,0.05,NA,0.05,0.0196946385566932,NA,0.021904291355759,NA,NA,0.00143640366207342,0.00670215459020092,0.00376587868066548,NA,NA,NA,0.614235201162775,0,13.5731201983623,0.0261116483933547,NA,0.0261116483933547,100
"msq","R14","pursue03_epermcs1","single",0.0868790515040515,0.143005995306785,0.123450488400488,0.17402868368708,0.367924059319668,0.0525992403763263,0.0759889990498555,NA,NA,NA,NA,26.30749,27.52,275.43,5.28,4.68,0.6,0.0192243163465738,0.011234855376056,0.0200358593860391,0.0127935909401406,0.0142566995006804,0.00244977067732866,0.00305690976872208,NA,NA,NA,NA,1.46437867953262,1.34603645619803,13.5122410271486,0.515042412689175,0.458341322244425,0.151757382127866,100
"msq","R14","wilcoxon_tss","single",0.104786752720963,0.0832050626399334,0.153174968728517,0.10591971695163,0.28767640352481,0.0617227936379082,0.0819124426321776,NA,NA,NA,NA,0.166200000000003,27.52,275.43,3.52,2.6,0.92,0.0235834113119022,0.00799402776232533,0.0277220738770462,0.00936011324986756,0.0119068170612971,0.00417297314573624,0.00445484301540023,NA,NA,NA,NA,0.00689224421382707,1.34603645619803,13.5122410271486,0.449799057268012,0.276339711883103,0.279855662653433,100
"msq","R14","zicoseq","single",0.0594392739613328,0.148181847907122,0.109933307134852,0.197846307286863,0.376395207881515,0.0540314144580554,0.0784838676039631,NA,NA,NA,NA,65.77064,27.52,275.43,5.39,4.76,0.63,0.0132329020396502,0.0112737911310352,0.0162977048371502,0.0129779976934718,0.0135792326645653,0.00265293065370519,0.00350712706488719,NA,NA,NA,NA,3.11301375176707,1.34603645619803,13.5122410271486,0.527409334445842,0.439034753922187,0.182936209006464,100
"msq","R15","adapt","single",0.0390238095238095,0.0435697518013873,0.0912218614718615,0.0705102966135915,0.272966995408295,0.04789561105435,0.0760775902084827,NA,NA,NA,NA,0.36912,27.52,275.58,1.3,1.16,0.14,0.0146169274204291,0.0059459151066212,0.0202461312200367,0.00771347836471701,0.012537449580378,0.00221753116394895,0.00337393434541526,NA,NA,NA,NA,0.0133408863455489,1.37865986751738,13.4653478202084,0.164838457805565,0.144053861980563,0.0532195756495975,100
"msq","R15","fastancom","single",0.00333333333333333,0.031435281456608,0.0153730158730159,0.0409112628147061,0.303481318545536,0.0331707855180837,0.117172372781057,NA,NA,NA,NA,0.0317599999999993,27.52,275.58,0.93,0.92,0.00999999999999999,0.00333333333333333,0.00462846874798518,0.00947830408450832,0.00548818422123615,0.0124116478099036,0.00431923684791964,0.00720336430270571,NA,NA,NA,NA,0.000508139804193742,1.37865986751738,13.4653478202084,0.137990630629091,0.136832862731262,0.00999999999999999,100
"msq","R15","ldm","single",0.0677924297924298,0.100071313814821,0.11927564429035,0.142547080148363,0.35836835330757,0.0544073695603081,0.0844910928519219,NA,NA,NA,NA,19.98585,27.52,275.58,3.63,3.14,0.49,0.0154166920812316,0.00860905321656865,0.0194047633366736,0.0105494477053205,0.0158686129127607,0.00320392304883529,0.00479645054649743,NA,NA,NA,NA,1.93995493045508,1.37865986751738,13.4653478202084,0.372177594188798,0.319728420110354,0.132188264886628,100
"msq","R15","limma_logtss","single",0.0438333333333333,0.0428820368910172,0.0882103174603175,0.0620436565736876,0.290218934135677,0.0543465629373893,0.0957246199538913,NA,NA,NA,NA,0.034749999999997,27.52,275.58,1.42,1.19,0.23,0.0160991857641036,0.0055818207494079,0.0213862433676495,0.00673186365507997,0.0129755512002744,0.00428840899390728,0.00648818924712486,NA,NA,NA,NA,0.000275745087962116,1.37865986751738,13.4653478202084,0.197038682558127,0.146814663622356,0.100357945234631,100
"msq","R15","linda","single",0.0785634920634921,0.0610902175650456,0.127122766122766,0.0850528393025505,0.290394500088707,0.0550101943402153,0.0735682023364972,NA,NA,NA,NA,0.180169999999999,27.52,275.58,1.99,1.75,0.24,0.0208857380706956,0.00656595102606289,0.0237937715280369,0.00794676983435596,0.0127333570500463,0.00256893334073331,0.00342304289538571,NA,NA,NA,NA,0.00701489115951214,1.37865986751738,13.4653478202084,0.21105554824369,0.189829801494269,0.0605029425780768,100
"msq","R15","lm_logtss","single",0.0466666666666667,0.0452938078203156,0.0944502164502165,0.0707381283431577,0.283470743727511,0.0554727997769328,0.0970845911318302,NA,NA,NA,NA,0.0350699999999996,27.52,275.58,1.48,1.27,0.21,0.0152034463574803,0.00558124719852653,0.0215283448413965,0.00726533044822709,0.0129018229312431,0.00443012181416989,0.0066037935296758,NA,NA,NA,NA,0.00026789678398343,1.37865986751738,13.4653478202084,0.182286266153769,0.147610598836564,0.0671121479617543,100
"msq","R15","logistic_presence","single",0.096,0.00531111997895885,0.106,0.00914598584804291,0.139534964148531,0.0540801989230764,0.111928002457549,NA,NA,NA,NA,0.298239999999998,27.37,273.76,0.24,0.12,0.12,0.0291952673624277,0.00177471785946879,0.0298006093686519,0.00228292584975791,0.00721096925109694,0.00239837767638291,0.00218188525100603,NA,NA,NA,NA,0.0137067197263446,1.38466748369565,13.5289821337659,0.0621500302705177,0.0356186309210063,0.0408989886516436,100
"msq","R15","pursue","abundance",0.10543253968254,0.0491849208966462,0.167959415584416,0.0680396243231055,0.263542974225729,0.0573736477493523,0.068396587190184,NA,NA,NA,NA,12.1823,27.52,275.54,1.63,1.32,0.31,0.0268426968846147,0.00672727369744766,0.0312038015641005,0.00835173947745656,0.0120154989433864,0.00286423122311427,0.00366787882105042,NA,NA,NA,NA,0.607632664069703,1.37865986751738,13.4623561958312,0.240645176577676,0.193260174245743,0.0971253485622231,100
"msq","R15","pursue","combined",0.0703730158730159,0.035275567508979,0.117194444444444,0.0502375524755936,0.23256282115062,0.044389407288859,0.137301592959641,NA,NA,NA,NA,12.1823,27.52,275.58,1.14,0.95,0.19,0.0223715921072403,0.00532265201121268,0.0270575859127061,0.00681450943246294,0.010877067905837,0.00221438973215946,0.0044530218231108,NA,NA,NA,NA,0.607632664069703,1.37865986751738,13.4653478202084,0.183688361475119,0.153330039490313,0.0774531464757236,100
"msq","R15","pursue","presence",0.01,NA,0.01,NA,NA,0.0248331001360643,0.235001914041118,0.0232250608937099,NA,NA,NA,12.1823,0,273.76,0.01,NA,0.01,0.01,NA,0.01,NA,NA,0.00128146463782448,0.00588149781261544,0.00374862067103199,NA,NA,NA,0.607632664069703,0,13.5289821337659,0.01,NA,0.01,100
"msq","R15","pursue03_epermcs1","single",0.0568576146076146,0.0746703244435827,0.0838147963147963,0.0982839526336416,0.317014767253895,0.0485497732249225,0.0768352455106294,NA,NA,NA,NA,27.07358,27.52,275.58,2.72,2.36,0.36,0.0142498082647805,0.00761967813806504,0.0173120114430726,0.00907198955536043,0.0147675029578532,0.00268232568645102,0.00312827966657935,NA,NA,NA,NA,1.57455424798079,1.37865986751738,13.4653478202084,0.316572553797991,0.264964262884753,0.129115092342867,100
"msq","R15","wilcoxon_tss","single",0.0523116883116883,0.042411086943043,0.0837762515262515,0.0600359071426922,0.243613593071331,0.0530812185406165,0.077174556892831,NA,NA,NA,NA,0.165890000000002,27.52,275.58,1.36,1.15,0.21,0.0174092221027785,0.00568708163194902,0.0195558518834585,0.00664737375271956,0.0109141484771287,0.00302485198534209,0.0036860620589005,NA,NA,NA,NA,0.00681814120526642,1.37865986751738,13.4653478202084,0.188304503022593,0.143811745632331,0.0756053015083044,100
"msq","R15","zicoseq","single",0.0489404761904762,0.083903083915093,0.0696921674816412,0.121929447514631,0.330747285484412,0.0486898944893772,0.0759521631291929,NA,NA,NA,NA,65.99047,27.52,275.58,2.9,2.6,0.3,0.014409793592872,0.00754263662421567,0.0126921528800269,0.00946539140797094,0.0139546984089273,0.00211622464570487,0.00325304200960819,NA,NA,NA,NA,3.12980321595415,1.37865986751738,13.4653478202084,0.302013445416129,0.256629277087759,0.111464085804543,100
"msq","R17","adapt","single",0.138869963369963,0.0533958872501576,0.174087898212898,0.0818240491127597,0.257063252462225,0.0658907444854624,0.0842579950224189,NA,NA,NA,NA,0.354979999999998,27.65,275.54,2.2,1.64,0.56,0.0257659705566628,0.00576030630377968,0.0282956188608173,0.00762895613557137,0.0107156565104049,0.00314476946735213,0.00374964499300488,NA,NA,NA,NA,0.0131997090570935,1.33608617335345,13.4829515996455,0.257807382486705,0.186146461289236,0.119189179903465,100
"msq","R17","fastancom","single",0.420005332291794,0.0931675908258384,0.477500540621449,0.153533287241468,0.182103334018849,0.155749535733042,0.220712522523258,NA,NA,NA,NA,0.0315999999999998,27.65,275.54,8.97,2.79,6.18,0.0365489966335506,0.00955999185516856,0.0336000324732662,0.0129939217002784,0.00888711203759588,0.00901748206000557,0.0100392272306412,NA,NA,NA,NA,0.000514045157785151,1.33608617335345,13.4829515996455,1.10649642721264,0.298242325715994,0.908031503925504,100
"msq","R17","ldm","single",0.09824231678487,0.0983417897060157,0.186183144913408,0.149119535930702,0.351369729447493,0.0634715853048693,0.0845242301283361,NA,NA,NA,NA,20.60252,27.65,275.54,4.04,3.05,0.99,0.023076640684594,0.01017521422536,0.0263763566167212,0.0119577995295135,0.013555731764748,0.00400137669780897,0.00472413600830677,NA,NA,NA,NA,1.84207621786402,1.33608617335345,13.4829515996455,0.578559688477613,0.315067733618783,0.413288120694354,100
"msq","R17","limma_logtss","single",0.895756853224,0.785434869795251,0.897245233494441,0.82008793302837,0.0818113858470387,0.781990032001757,0.746590030023884,NA,NA,NA,NA,0.0344299999999997,27.65,275.54,202.15,20.97,181.18,0.00177222753032996,0.0117472427041081,0.00167196169969415,0.0102341659179921,0.00529221152384261,0.00802285640208274,0.0078603962581518,NA,NA,NA,NA,0.000310833028678316,1.33608617335345,13.4829515996455,8.64612221131122,0.910372883976005,7.79535448296943,100
"msq","R17","linda","single",0.615542945648799,0.121134489218653,0.648579823645746,0.161583136646545,0.143551800961098,0.164557703954782,0.167551459610324,NA,NA,NA,NA,0.176179999999999,27.65,275.54,15.22,3.75,11.47,0.0320069231687507,0.00929012349598466,0.0302608350204836,0.0111826830682421,0.00833746198003779,0.00552734297743169,0.0057498727428545,NA,NA,NA,NA,0.00679288665376585,1.33608617335345,13.4829515996455,1.33647962116067,0.334958161114145,1.12397697593155,100
"msq","R17","lm_logtss","single",0.895766806377347,0.785086674243596,0.897208364440396,0.819616228357798,0.0814797628027584,0.781287285848532,0.746754781064429,NA,NA,NA,NA,0.0343599999999988,27.65,275.54,201.77,20.91,180.86,0.00175124210030293,0.01178648493084,0.0016569679547801,0.0101041946753018,0.00527309994880083,0.00804465362691173,0.00796790556014351,NA,NA,NA,NA,0.000181753523856668,1.33608617335345,13.4829515996455,8.59983386026977,0.898831452385808,7.75968628960806,100
"msq","R17","logistic_presence","single",0.567115291871648,0.0623541505417493,0.651141509626405,0.106564527848587,0.112679824737689,0.169596653616102,0.224285684950815,NA,NA,NA,NA,0.29604,27.46,273.77,9.74,1.99,7.75,0.0406249710563909,0.00818103075715235,0.0345155637658787,0.0113622507411875,0.00578707621838216,0.00791067592674566,0.00849149233025554,NA,NA,NA,NA,0.0132003437359591,1.34588185952482,13.5495637486149,1.67456431843201,0.29558878069495,1.42285635326276,100
"msq","R17","pursue","abundance",0.0458333333333333,0.00540273954569284,0.0803333333333333,0.00977587194753367,0.128161180611115,0.0520643304091972,0.0646345463823207,NA,NA,NA,NA,12.14276,27.63,275.46,0.22,0.14,0.08,0.0187043495904748,0.00168906819853017,0.0251375341450911,0.00246942379782221,0.00632382277731207,0.00198633615519073,0.00271461312407466,NA,NA,NA,NA,0.636733999472973,1.33678757104523,13.4855884168803,0.0660272364982509,0.0471832875737016,0.0307482445914323,100
"msq","R17","pursue","combined",0.04,0.00299502246406271,0.0958333333333333,0.00711183045478375,0.109656802889568,0.042510438882265,0.112590640735609,NA,NA,NA,NA,12.14276,27.65,275.54,0.1,0.06,0.04,0.0196946385566932,0.00120426650323153,0.0279884686452185,0.00202932609809736,0.00645799204281607,0.00200468880437591,0.00363767748684014,NA,NA,NA,NA,0.636733999472973,1.33608617335345,13.4829515996455,0.0301511344577764,0.0238683256575942,0.0196946385566932,100
"msq","R17","pursue","presence",0.04,NA,0.08,NA,NA,0.0300141301999697,0.215434469200256,0.0336368351622022,NA,NA,NA,12.14276,0,273.77,0.04,NA,0.04,0.0196946385566932,NA,0.0272659924344291,NA,NA,0.00153876272410249,0.00531857094981922,0.00378872030233035,NA,NA,NA,0.636733999472973,0,13.5495637486149,0.0196946385566932,NA,0.0196946385566932,100
"msq","R17","pursue03_epermcs1","single",0.0331944444444445,0.0431698487347226,0.0561025641025641,0.0625675706913616,0.338902470730651,0.0424291056317977,0.076399941159447,NA,NA,NA,NA,22.65119,27.62,275.44,1.41,1.25,0.16,0.0145666491061027,0.00537372472871472,0.0182902709542533,0.00700266626785251,0.0134121802298059,0.00240234065652285,0.00333989547584959,NA,NA,NA,NA,1.15116782308579,1.33634357162151,13.4851232658419,0.188612691711739,0.162291046698158,0.0800504891183109,100
"msq","R17","wilcoxon_tss","single",0.187361300464242,0.0651490251137173,0.328195936381039,0.0964047509267136,0.205572454924145,0.105077295948866,0.133370190260236,NA,NA,NA,NA,0.164520000000001,27.65,275.54,3.5,1.89,1.61,0.0290928009462741,0.00719483049579322,0.0324846797457195,0.00939660981590751,0.00918881827577339,0.00559832401240589,0.00715022906603555,NA,NA,NA,NA,0.00679956148318697,1.33608617335345,13.4829515996455,0.631256563122197,0.212676545795048,0.503902948808778,100
"msq","R17","zicoseq","single",0.0457738095238095,0.0723780269751912,0.104149544899545,0.103182592693475,0.311780856358014,0.0587922916369865,0.0771604204650448,NA,NA,NA,NA,65.53539,27.65,275.54,2.47,2.26,0.21,0.0166142193931542,0.00710129859543329,0.0208718177907279,0.00929120812141178,0.0132844835328709,0.00278285675966212,0.00386161944755619,NA,NA,NA,NA,3.13866038389523,1.33608617335345,13.4829515996455,0.254437386872259,0.228132515096916,0.0742572650596654,100
"msq","R18","adapt","single",0.127796273901537,0.0561044988488169,0.230787832265773,0.080511463529844,0.216045979409071,0.0870932935936119,0.10799049967453,NA,NA,NA,NA,0.339409999999999,27.79,275.11,2.49,1.8,0.69,0.0241411676482631,0.00649525956487001,0.0291839496237343,0.00841211104868185,0.00981067105131052,0.00337002583130729,0.00462475861790608,NA,NA,NA,NA,0.0120929823125695,1.41402034474527,13.6669984808204,0.347427777539535,0.241627478536359,0.166784806613707,100
"msq","R18","fastancom","single",0.736820374089321,0.228500035590346,0.777919354702099,0.29236111492931,0.094864878163148,0.296424454064787,0.34084915285859,NA,NA,NA,NA,0.0309400000000004,27.79,275.11,49.92,7.33,42.59,0.0304439332976352,0.015036981231359,0.0277962037770338,0.0164019869271728,0.00633187629225306,0.00894342039478715,0.00818221449300944,NA,NA,NA,NA,0.000510658121615488,1.41402034474527,13.6669984808204,3.64230696125409,0.583797218149583,3.1391337349754,100
"msq","R18","ldm","single",0.213955879904409,0.114402339879932,0.285871726862749,0.166641539698012,0.315002694605284,0.0726744903860744,0.100741155717481,NA,NA,NA,NA,19.86167,27.79,275.11,5.48,3.87,1.61,0.0282685228464671,0.0105999788368991,0.0284063264016169,0.0126889543051819,0.0143428207472083,0.00315892820137443,0.00450784783811357,NA,NA,NA,NA,2.01218209731087,1.41402034474527,13.6669984808204,0.567019497999065,0.412838168699738,0.246959285893219,100
"msq","R18","limma_logtss","single",0.899325885818687,0.90792571069335,0.899586418001437,0.92187105559535,0.0712587434589637,0.914275788748689,0.880373076897728,NA,NA,NA,NA,0.0346900000000009,27.79,275.11,248.66,24.78,223.88,0.0014451322606124,0.00663762383345129,0.00144918144454363,0.00611865922982438,0.00501754794154748,0.00311527445163494,0.00356532387408933,NA,NA,NA,NA,0.000308366501082432,1.41402034474527,13.6669984808204,12.1300796503252,1.20475321250051,10.9598558569007,100
"msq","R18","linda","single",0.852868213549336,0.223946645777857,0.85849789156894,0.289044375275747,0.0802359770226815,0.298570946988772,0.296251422345593,NA,NA,NA,NA,0.17491,27.79,275.11,60.61,7.3,53.31,0.0166041106764781,0.0125589554232757,0.0140928379926408,0.0142971761423311,0.0051907250324773,0.00844496697486329,0.00795932345470323,NA,NA,NA,NA,0.00690338952027812,1.41402034474527,13.6669984808204,4.18809990426217,0.578486356491201,3.6679803431834,100
"msq","R18","lm_logtss","single",0.899285460286011,0.908372660897525,0.899578075037511,0.922532298576613,0.0716146149156096,0.914480631414327,0.880607276195169,NA,NA,NA,NA,0.0347399999999956,27.79,275.11,248.74,24.8,223.94,0.00146123213124946,0.0068016509483642,0.00144966638170741,0.00614745930771654,0.00511306363009506,0.00308665183473197,0.0035207172862973,NA,NA,NA,NA,0.000276200776043056,1.41402034474527,13.6669984808204,12.1385737933817,1.20888963160999,10.9658682586773,100
"msq","R18","logistic_presence","single",0.861129265118257,0.303963877662489,0.880651529924311,0.39040250991868,0.10648712639913,0.433280451269306,0.483315979163548,NA,NA,NA,NA,0.300210000000001,27.69,273.53,93.41,9.97,83.44,0.0152663976856376,0.016972517233492,0.0108558706161873,0.0180176167485813,0.00575000299972983,0.0138726740329068,0.012352889923323,NA,NA,NA,NA,0.0142617542873777,1.41740230454494,13.7358224796304,7.82877488254811,0.793465102374937,7.09347858133359,100
"msq","R18","pursue","abundance",0.05,0.000212765957446809,0.1,0.000445324096981693,0.0644735734176928,0.0477691205797161,0.0662450220739397,NA,NA,NA,NA,12.07804,27.74,274.61,0.07,0.01,0.06,0.021904291355759,0.000212765957446809,0.0301511344577764,0.000313612875622511,0.00552557371360035,0.00198098810115747,0.00268544361004617,NA,NA,NA,NA,0.637259888141678,1.41632758865449,13.6755395808825,0.0293188669562103,0.01,0.0277797979063414,100
"msq","R18","pursue","combined",0.0666666666666667,0.000714285714285714,0.106666666666667,0.00134371833839919,0.0624777267428132,0.0365600618371287,0.108246480542717,NA,NA,NA,NA,12.07804,27.79,275.11,0.09,0.01,0.08,0.0246182981958665,0.000714285714285714,0.0306605176092534,0.000847473223356098,0.00436723987451278,0.00166846199881492,0.00343029332475297,NA,NA,NA,NA,0.637259888141678,1.41402034474527,13.6669984808204,0.0378593889720018,0.01,0.0307482445914323,100
"msq","R18","pursue","presence",0.07,NA,0.09,NA,NA,0.0308991419127272,0.195506381736293,0.0348659199530836,NA,NA,NA,12.07804,0,273.53,0.09,NA,0.09,0.0256432399976243,NA,0.0287623491264661,NA,NA,0.00149756446778908,0.00591713324203079,0.00362486728109557,NA,NA,NA,0.637259888141678,0,13.7358224796304,0.0378593889720018,NA,0.0378593889720018,100
"msq","R18","pursue03_epermcs1","single",0.02625,0.0388944937681386,0.0582945845004669,0.0581136802039024,0.333167184707649,0.0398045848542084,0.0719444436751454,NA,NA,NA,NA,30.82146,27.79,275.08,1.33,1.26,0.07,0.0112468819721966,0.00462365512237307,0.0180036140919514,0.00671828619173965,0.0143392648959179,0.00194198270796604,0.00322535343241098,NA,NA,NA,NA,1.61121679186504,1.41402034474527,13.6676398766568,0.19177796505018,0.186742408875775,0.0293188669562103,100
"msq","R18","wilcoxon_tss","single",0.623634970119839,0.175851782299285,0.718875893877913,0.253173648322789,0.171133186697242,0.244995995456271,0.311499923051996,NA,NA,NA,NA,0.165300000000001,27.79,275.11,26.3,5.84,20.46,0.0299375026777754,0.0130747218597457,0.0254360859701033,0.0153906509746065,0.00758187642252751,0.00896847603694688,0.010396767774509,NA,NA,NA,NA,0.0068903753691128,1.41402034474527,13.6669984808204,2.91428040912852,0.526225361715996,2.4645125729487,100
"msq","R18","zicoseq","single",0.0566677489177489,0.0674910677601164,0.125762061038377,0.103678919328724,0.291630627422031,0.0818385648843732,0.106990488156053,NA,NA,NA,NA,65.05034,27.79,275.11,2.55,2.32,0.23,0.0178305035785408,0.00815736019011283,0.0234237650792197,0.0104914796843705,0.0134834524867979,0.00690997651526804,0.00941298165999235,NA,NA,NA,NA,3.10967534919936,1.41402034474527,13.6669984808204,0.344766060341844,0.320945572653777,0.0633333333333334,100
"msq","R19","adapt","single",0.0934166666666667,0.0292044253684368,0.142910533910534,0.0428571784280786,0.194121681168727,0.0648976531836379,0.088151644856889,NA,NA,NA,NA,0.315460000000002,27.44,274.43,1.09,0.8,0.29,0.023831648300491,0.00455874772994662,0.026611763038551,0.00575416669094462,0.00855713342406018,0.00309562489325686,0.00424830324092279,NA,NA,NA,NA,0.0113835466948372,1.37556746784222,13.9165424055421,0.183178998399231,0.125529182892169,0.0820137953411658,100
"msq","R19","fastancom","single",0.858483558125744,0.3053533678127,0.878790730251539,0.38573602482203,0.0689223786032404,0.391309551869563,0.405963378668469,NA,NA,NA,NA,0.0314799999999998,27.44,274.43,89.26,9.73,79.53,0.0162970425304832,0.0144823984414398,0.0103204427042562,0.0152247377139175,0.005291864974664,0.00973032042512918,0.00787358552361382,NA,NA,NA,NA,0.00051138157095406,1.37556746784222,13.9165424055421,6.19061883951529,0.71235205800605,5.52459066539794,100
"msq","R19","ldm","single",0.546412737473691,0.218785180599495,0.58921132225002,0.287174900174145,0.261136517891323,0.126924076913014,0.174034494949943,NA,NA,NA,NA,21.15262,27.44,274.43,16.36,6.34,10.02,0.0239350626847947,0.0127542801507735,0.0226116776989695,0.0156422512053239,0.0110431225032055,0.00641070903650776,0.00725695313881,NA,NA,NA,NA,1.87691250630369,1.37556746784222,13.9165424055421,1.56253614099617,0.46214694414201,1.31832308542927,100
"msq","R19","limma_logtss","single",0.898169407756987,0.95354249332141,0.898392174071148,0.960560301910843,0.0673817151723777,0.95197444243176,0.927424676834465,NA,NA,NA,NA,0.03459,27.44,274.43,260.86,25.93,234.93,0.00151415250813911,0.00460049528386935,0.00151295036629027,0.0042750364648307,0.00458267757003392,0.00243732339031075,0.00278008158264965,NA,NA,NA,NA,0.000255878364411181,1.37556746784222,13.9165424055421,13.2887741794313,1.2643723240159,12.054457702653,100
"msq","R19","linda","single",0.872026532452214,0.347910625752194,0.873106114708909,0.404300923394569,0.0643711098828072,0.396873244877287,0.380148353373261,NA,NA,NA,NA,0.175799999999998,27.17,272.35,100.83,10.7244897959184,90.32,0.0133826271427038,0.0145040101798187,0.0132131664890444,0.0157970643074433,0.00450195047443304,0.0100382057238554,0.00951966658672386,NA,NA,NA,NA,0.00744181470211447,1.41571661548261,14.2466822293983,7.00215053545781,0.753109915597002,6.30335616873257,100
"msq","R19","lm_logtss","single",0.898258540144483,0.953598207713333,0.89845947877838,0.960125519302147,0.0717591959154182,0.953434561993757,0.928203874128687,NA,NA,NA,NA,0.0345699999999998,27.44,274.43,261.11,25.95,235.16,0.00152242022106178,0.0045755958822023,0.00151411223178044,0.00429057013911236,0.00455423808872404,0.00240151561174337,0.00271055495981098,NA,NA,NA,NA,0.00020462086152131,1.37556746784222,13.9165424055421,13.2887504257845,1.26797181563808,12.0521067356573,100
"msq","R19","logistic_presence","single",0.902365385905029,0.649770271265047,0.90438664173283,0.731894652975067,0.0895458702779702,0.742873579477317,0.730194732286937,NA,NA,NA,NA,0.31383,27.32,273.33,202.87,18.77,184.1,0.00242333686344013,0.0165865110493118,0.00201728329436176,0.0157434124563618,0.00622482917486004,0.0123060792452687,0.00984554551473365,NA,NA,NA,NA,0.0150721299762241,1.38358924248463,13.9727950321366,12.4067646504199,1.14184460015761,11.3000357557314,100
"msq","R19","pursue","abundance",0.06,0.000555555555555556,0.12,0.00103174603174603,0.0470911066843282,0.0513270518024225,0.0671004469051524,NA,NA,NA,NA,12.30915,26.87,271.12,0.13,0.01,0.12,0.0238683256575942,0.000555555555555556,0.032659863237109,0.000728048690084846,0.00378786080508726,0.00203302252969374,0.00283885424284069,NA,NA,NA,NA,0.656129939763105,1.38247728167353,13.9675980017823,0.0544114515576093,0.01,0.0537107855541928,100
"msq","R19","pursue","combined",0.11,0,0.1725,0.00176066283777422,0.0479026272100209,0.0430439396810876,0.100873394047304,NA,NA,NA,NA,12.30915,27.44,274.43,0.23,0,0.23,0.031446603773522,0,0.0373853466135348,0.00103184550922229,0.00342983608254424,0.00190598349539407,0.00364433222814705,NA,NA,NA,NA,0.656129939763105,1.37556746784222,13.9165424055421,0.0827006284099096,0,0.0827006284099096,100
"msq","R19","pursue","presence",0.15,NA,0.18,NA,NA,0.0321297878076929,0.194712358812678,0.0354220930242981,NA,NA,NA,12.30915,0,273.33,0.27,NA,0.27,0.0358870281282637,NA,0.0386122919665369,NA,NA,0.00154863591811434,0.00556207011771923,0.0044277723062833,NA,NA,NA,0.656129939763105,0,13.9727950321366,0.0897302354366417,NA,0.0897302354366417,100
"msq","R19","pursue03_epermcs1","single",0.0298809523809524,0.0454863985113835,0.0513576097105509,0.0660853926271322,0.334300998697536,0.0461835786679122,0.077412907582084,NA,NA,NA,NA,42.33825,27.44,274.43,1.43,1.33,0.0999999999999999,0.0113349629084592,0.00527493406776434,0.0149851479099636,0.00643224224413536,0.0121317676857958,0.00207730162179657,0.0035660330313508,NA,NA,NA,NA,2.22223490409197,1.37556746784222,13.9165424055421,0.179929840423281,0.168807463093193,0.0460566186471838,100
"msq","R19","wilcoxon_tss","single",0.879964550201383,0.47334913119573,0.892906947223502,0.560487318061665,0.138177643413071,0.536668072995357,0.575865371659707,NA,NA,NA,NA,0.164589999999999,27.44,274.43,129.12,13.5,115.62,0.00574871178680155,0.0164248612814271,0.00363318134781028,0.016011742419648,0.00834633466615701,0.0123253034052362,0.00996096070735823,NA,NA,NA,NA,0.00710222749238103,1.37556746784222,13.9165424055421,8.40828451497976,0.812963154705729,7.65005816311156,100
"msq","R19","zicoseq","single",0.374059315083218,0.12346231751146,0.480506823142949,0.210321760825014,0.235763708747586,0.215546958670955,0.247578086572717,NA,NA,NA,NA,64.76147,27.17,272.35,9.27,2.92857142857143,6.4,0.0382702279078262,0.0108995018204974,0.0371160012179059,0.01546371162424,0.0125783525926264,0.0190513398905809,0.0205032189428052,NA,NA,NA,NA,3.26538809262321,1.41571661548261,14.2466822293983,1.29543526478652,0.230829239043296,1.21289369324402,100
"msq","R20","adapt","single",0.0739702380952381,0.0353323250934311,0.120049667178699,0.0537248945359897,0.247642413654984,0.0528118940118188,0.0744888175178131,NA,NA,NA,NA,0.40319,27.81,276.33,1.33,1.08,0.25,0.0228640011816095,0.00513330647710671,0.0268121182196027,0.00631375432000065,0.0106356967412115,0.0025098430963785,0.00381101613374356,NA,NA,NA,NA,0.014745913284224,1.35845240229201,13.4016360753062,0.217448472939771,0.153530834595912,0.116666666666667,100
"msq","R20","fastancom","single",0.004,0.0204436819619217,0.0138333333333333,0.0313493867348301,0.269191855109309,0.029314331474895,0.110677664165286,NA,NA,NA,NA,0.0320599999999996,27.81,276.33,0.68,0.64,0.04,0.004,0.00353983450490146,0.00844223455932479,0.00433923124270308,0.0121337044411655,0.00199757843715357,0.00618371669266368,NA,NA,NA,NA,0.000580807518664846,1.35845240229201,13.4016360753062,0.139175058719934,0.115924043400771,0.04,100
"msq","R20","ldm","single",0.087453634085213,0.0629762411765449,0.159143120768121,0.102225207482042,0.304230905833229,0.0572658932621025,0.0836261553559301,NA,NA,NA,NA,17.19852,27.81,276.33,2.31,1.83,0.48,0.0231290830390756,0.00794964396752093,0.0279997344365097,0.00993291835156401,0.013887489306269,0.00362569793659298,0.00477372204473547,NA,NA,NA,NA,1.79011772545999,1.35845240229201,13.4016360753062,0.347195110052611,0.259391284325126,0.172609210049578,100
"msq","R20","limma_logtss","single",0.0510672514619883,0.0304736971054775,0.0938684210526316,0.0507840778749322,0.261608135976757,0.0539966164912579,0.0900014571076129,NA,NA,NA,NA,0.0353,27.81,276.33,1.2,0.86,0.34,0.0184032908259692,0.00482319383857904,0.023420657703909,0.00684022476345628,0.011404349635445,0.00428727325084056,0.00631804329087071,NA,NA,NA,NA,0.000339786028927781,1.35845240229201,13.4016360753062,0.250252397843183,0.137083621165766,0.149895586555065,100
"msq","R20","linda","single",0.0806917293233083,0.0467731660719185,0.141,0.0672710422429143,0.267325651723848,0.0582053698250556,0.0765184491411222,NA,NA,NA,NA,0.193139999999999,27.81,276.33,1.69,1.41,0.28,0.0230055642999805,0.00552159659548642,0.0277925479410462,0.00639744089016795,0.0108350562579797,0.00294307160851644,0.00371005200547004,NA,NA,NA,NA,0.00754161545269725,1.35845240229201,13.4016360753062,0.245646950403265,0.177579118801574,0.111988455393465,100
"msq","R20","lm_logtss","single",0.0465238095238095,0.035636832765128,0.106943762120233,0.0578416118412516,0.258929057384897,0.0556844339980597,0.0889488976856159,NA,NA,NA,NA,0.0349900000000015,27.81,276.33,1.36,1.04,0.32,0.0173224393454395,0.00510971777794001,0.0252273222953246,0.00724031566046091,0.0113674875825449,0.00425318469822271,0.00621476282322444,NA,NA,NA,NA,0.000308300981103813,1.35845240229201,13.4016360753062,0.26648478645908,0.153688652867419,0.156269645229654,100
"msq","R20","logistic_presence","single",0.118,0.00795816477503855,0.153,0.0120321765918215,0.12789143546768,0.0577181904252428,0.0739953775702118,NA,NA,NA,NA,0.3031,27.62,274.55,0.38,0.18,0.2,0.030654733441662,0.00259963365473364,0.0333445940575373,0.00305302620252536,0.00690435137486028,0.00237807318225189,0.00366800165963898,NA,NA,NA,NA,0.013447026632402,1.36616990232555,13.466136915773,0.0850193085615428,0.050010099990003,0.0586032715327688,100
"msq","R20","pursue","abundance",0.0457051282051282,0.037239498607538,0.117865079365079,0.0607391773567972,0.24241829091344,0.0543698051074917,0.0638677639744057,NA,NA,NA,NA,23.38535,27.78,276.27,1.15,1.02,0.13,0.0146107193102044,0.00539471041570217,0.025816807343287,0.00711178359169874,0.0100866716566928,0.00196369571156778,0.00261172210583166,NA,NA,NA,NA,1.20585023764617,1.36000445632068,13.4031645215568,0.183333333333333,0.160793486978004,0.0366666666666667,100
"msq","R20","pursue","combined",0.0475,0.0279813878099223,0.0864749694749695,0.0397619380780064,0.205702017179767,0.0486178137494355,0.0882742553580411,NA,NA,NA,NA,23.38535,27.81,276.33,0.79,0.69,0.1,0.0174582635221156,0.00472680794947977,0.0211235268222074,0.0055712796954859,0.0098633888678994,0.00219935874385779,0.0035637925389833,NA,NA,NA,NA,1.20585023764617,1.35845240229201,13.4016360753062,0.114851683012958,0.102193122779541,0.0333333333333333,100
"msq","R20","pursue","presence",0.04,NA,0.06,NA,NA,0.0393083362503073,0.138555945675525,0.0427835778913164,NA,NA,NA,23.38535,0,274.08,0.05,NA,0.05,0.0196946385566932,NA,0.0238683256575942,NA,NA,0.00167825273267247,0.00510675835095748,0.00501500373097889,NA,NA,NA,1.20585023764617,0,13.4399576117658,0.0261116483933547,NA,0.0261116483933547,100
"msq","R20","pursue03_epermcs1","single",0.0292857142857143,0.0416734711024812,0.0542238095238095,0.0620293396988286,0.279113352075237,0.0465079964761871,0.0737301536646221,NA,NA,NA,NA,15.31877,27.81,276.18,1.37,1.26,0.11,0.0154000792444023,0.00522760121588431,0.0164488280982956,0.0068974445189758,0.012337551775196,0.00187003455209176,0.00348449553002749,NA,NA,NA,NA,0.821488597196725,1.35845240229201,13.4051051634981,0.208241798072929,0.176738121627349,0.0665073854788499,100
"msq","R20","wilcoxon_tss","single",0,NA,0,NA,NA,NA,NA,NA,NA,NA,NA,0.0266599999999987,0,0,0,NA,0,0,NA,0,NA,NA,NA,NA,NA,NA,NA,NA,0.000313088234247619,0,0,0,NA,0,100
"msq","R20","zicoseq","single",0.0366965490649701,0.0566543248645954,0.0788157351907352,0.0811022552500234,0.288019884006096,0.0542677819496979,0.0793332330383592,NA,NA,NA,NA,66.17571,27.81,276.33,2.11,1.87,0.24,0.0123560255871339,0.00584063258453917,0.0181148113802548,0.00787609761421071,0.0127324888104499,0.00273187209024278,0.00433619873662262,NA,NA,NA,NA,3.14383722534318,1.35845240229201,13.4016360753062,0.295041513942521,0.235982793414856,0.11020641789594,100
"msq","R21","adapt","single",0.0559150326797386,0.0235681423986713,0.110316017316017,0.0329990197341751,0.21482763020622,0.052534138149392,0.0750308842952046,NA,NA,NA,NA,0.388879999999999,27.4,273.81,0.91,0.68,0.23,0.0199204653340723,0.00440425043031756,0.0249090577640062,0.00580329411753719,0.0103118786840368,0.00327344721391741,0.00391651134421301,NA,NA,NA,NA,0.0145611859878835,1.44697524987035,13.6870926072853,0.214662055286439,0.126235310176486,0.119641721043043,100
"msq","R21","fastancom","single",0.0139285714285714,0.0116648861774133,0.0177619047619048,0.0174763152700646,0.238467744787101,0.0249900851851945,0.117709557511308,NA,NA,NA,NA,0.0315699999999985,27.4,273.81,0.37,0.32,0.05,0.0090649043132404,0.00304361396273467,0.00834829413591359,0.0037880364011996,0.0118331071298596,0.00231229660964052,0.00627243901968109,NA,NA,NA,NA,0.000524790482483073,1.44697524987035,13.6870926072853,0.102153578181841,0.0874787131393988,0.0329523684408054,100
"msq","R21","ldm","single",0.07575,0.0316744182308975,0.102778202189967,0.0538267415609231,0.253219731004392,0.0527609452018206,0.0839158403417157,NA,NA,NA,NA,15.44706,27.4,273.81,1.33,0.95,0.38,0.0230341250649643,0.00459376196823523,0.0230575963390163,0.00650409882812133,0.0123947788364652,0.00328626684586774,0.00468308132158898,NA,NA,NA,NA,1.52861230135127,1.44697524987035,13.6870926072853,0.23785871368686,0.143107644728708,0.148922052691258,100
"msq","R21","limma_logtss","single",0.0342777777777778,0.0155999313966635,0.0613348694316436,0.0294942643182102,0.230327926897571,0.0503130591188044,0.0837184833732626,NA,NA,NA,NA,0.0354300000000001,27.4,273.81,0.68,0.44,0.24,0.0139635602137179,0.00325241450124325,0.0168213016719706,0.00523851864365971,0.0110614791209495,0.00357771428777654,0.0045791070253387,NA,NA,NA,NA,0.000346484509251846,1.44697524987035,13.6870926072853,0.199939384753874,0.0946231227213273,0.126427205868984,100
"msq","R21","linda","single",0.063250773993808,0.0251703628007558,0.114190122742754,0.0442953646794318,0.228153444923337,0.0587972933992299,0.0756881908800542,NA,NA,NA,NA,0.19137,27.4,273.81,1.13,0.73,0.4,0.0201773892729126,0.00439113021425568,0.0237370923050814,0.00704628289404665,0.0107978993556297,0.00331623832244698,0.00420632779468934,NA,NA,NA,NA,0.0076608891933195,1.44697524987035,13.6870926072853,0.275481213497217,0.12937690612464,0.180906806746658,100
"msq","R21","lm_logtss","single",0.0353333333333333,0.0194120621580467,0.0669285714285714,0.0346662248802112,0.230367182493665,0.0491826295559371,0.0834134312783622,NA,NA,NA,NA,0.0348199999999982,27.4,273.81,0.78,0.55,0.23,0.0134991374376308,0.00365114182453344,0.0165237081599246,0.00563921951189627,0.010871972098324,0.00351770515916572,0.00469233480366268,NA,NA,NA,NA,0.000210521238641463,1.44697524987035,13.6870926072853,0.203792328440776,0.108595254467814,0.118794449416297,100
"msq","R21","logistic_presence","single",0.112083333333333,0.00194763574485639,0.172211538461538,0.00402074222493962,0.114689745472914,0.0602061097113845,0.0779965379000344,NA,NA,NA,NA,0.297549999999999,27.2,272.07,0.32,0.07,0.25,0.0311731377984639,0.000905610887874151,0.0372046211062523,0.00156286499124835,0.00618199589090688,0.00341687850119759,0.00460885318119003,NA,NA,NA,NA,0.0132447235539365,1.45456439381609,13.7497934236089,0.107195657985336,0.0325824517434794,0.094681816969503,100
"msq","R21","pursue","abundance",0.0916666666666667,0.0194118526842219,0.181222222222222,0.0330990825227699,0.193491757790345,0.0558420543342713,0.0646229233031298,NA,NA,NA,NA,23.34757,27.39,273.73,0.69,0.54,0.15,0.0259904799975886,0.00361643674986125,0.0313737292434964,0.00479445007897545,0.0102708152117469,0.00222492576489398,0.00287509639497853,NA,NA,NA,NA,1.23189478801494,1.44592041917453,13.6880383893929,0.110732182140587,0.099919159243052,0.0411329453348431,100
"msq","R21","pursue","combined",0.0433333333333333,0.0164538817313388,0.121666666666667,0.021426596029855,0.159159913481229,0.0520180465845127,0.0962125494665943,NA,NA,NA,NA,23.34757,27.4,273.81,0.5,0.41,0.09,0.017183893484487,0.00335585850980513,0.0291917881231548,0.00375486741122703,0.00877784477346633,0.00256572212988254,0.00363815319842401,NA,NA,NA,NA,1.23189478801494,1.44697524987035,13.6870926072853,0.0893297149877798,0.0779730593204985,0.0378593889720018,100
"msq","R21","pursue","presence",0.05,NA,0.08,NA,NA,0.0432413652540749,0.150249974381481,0.0468129814253273,NA,NA,NA,23.34757,0,271.62,0.05,NA,0.05,0.021904291355759,NA,0.0272659924344291,NA,NA,0.00229236825983278,0.0054471343276251,0.00508384364436739,NA,NA,NA,1.23189478801494,0,13.7206456543312,0.021904291355759,NA,0.021904291355759,100
"msq","R21","pursue03_epermcs1","single",0.0353333333333333,0.0256586385661373,0.0628558897243108,0.0393215694156289,0.237617199845187,0.048581240792906,0.078136193300914,NA,NA,NA,NA,15.30005,27.39,273.68,0.81,0.74,0.07,0.014306411173785,0.00385127721319777,0.0196858535694368,0.00567719110646427,0.0115371672458764,0.00267577944629255,0.00424563872778155,NA,NA,NA,NA,0.747327586058375,1.44724712555397,13.6898833103319,0.116076429018718,0.108822903115219,0.0256432399976243,100
"msq","R21","wilcoxon_tss","single",0,NA,0,NA,NA,NA,NA,NA,NA,NA,NA,0.0260400000000007,0,0,0,NA,0,0,NA,0,NA,NA,NA,NA,NA,NA,NA,NA,0.000185820593393967,0,0,0,NA,0,100
"msq","R21","zicoseq","single",0.0640119047619048,0.0365462507467801,0.114598861283644,0.0579056179772955,0.242888614027167,0.0549437841528118,0.0859191497336712,NA,NA,NA,NA,64.90512,27.4,273.81,1.45,1.13,0.32,0.0206309093600913,0.00536224713739307,0.0260617979486215,0.00742939763264528,0.0123443227895774,0.00297781106321439,0.00486537200115656,NA,NA,NA,NA,3.12379095138189,1.44697524987035,13.6870926072853,0.259904799975886,0.167365202808443,0.140619121650426,100
"msq","R22","adapt","single",0,NA,0,NA,NA,NA,NA,NA,NA,NA,NA,0.0218099999999994,0,0,0,NA,0,0,NA,0,NA,NA,NA,NA,NA,NA,NA,NA,0.000185698245505591,0,0,0,NA,0,100
"msq","R22","fastancom","single",0.0309285714285714,0.0375764081607578,0.0417222222222222,0.050873221540016,0.301345386117289,0.0298120533758788,0.11303671169801,NA,NA,NA,NA,0.0316799999999972,27.17,276.03,1.1,1.04,0.06,0.0151665851153455,0.00552323919053405,0.0162577012744581,0.00603662169170632,0.0114679560629157,0.00256233501828181,0.00706642348872393,NA,NA,NA,NA,0.000500682362663871,1.40432628802295,13.4650498204302,0.164224532179869,0.157582750427587,0.0238683256575942,100
"msq","R22","ldm","single",0.125017787767788,0.102814247955835,0.155947776727442,0.137831043494353,0.363065282583256,0.0528995656324096,0.0790783886088904,NA,NA,NA,NA,18.53112,27.17,276.03,3.55,3.09,0.46,0.0251460934505094,0.00817609093142947,0.0260694411119826,0.00992246452674992,0.0115257483152445,0.00280830655686078,0.00470834003054175,NA,NA,NA,NA,1.66642731804276,1.40432628802295,13.4650498204302,0.317303983873222,0.290278514812268,0.0957901747349777,100
"msq","R22","limma_logtss","single",0.0908690476190476,0.0558800580745952,0.123462842712843,0.0852837870646028,0.30147066780239,0.0521871411135715,0.0919487055180143,NA,NA,NA,NA,0.034730000000001,27.17,276.03,1.81,1.57,0.24,0.0234741352494745,0.00676673061941842,0.0261606916575117,0.00866954824932305,0.0111254673628343,0.00399660101930768,0.00596678192542498,NA,NA,NA,NA,0.000378955235756507,1.40432628802295,13.4650498204302,0.21728117983643,0.199116736482584,0.0570663268185859,100
"msq","R22","linda","single",0.112079365079365,0.0671165217910464,0.13310101010101,0.0981823358223433,0.288231739533232,0.054475502534849,0.0679800785648088,NA,NA,NA,NA,0.179469999999999,27.17,276.03,2.21,1.84,0.37,0.0232296725070405,0.0074441467837089,0.022768650574577,0.00862203358260524,0.0108585625244862,0.00222060800442054,0.00302105200083663,NA,NA,NA,NA,0.00676521786251354,1.40432628802295,13.4650498204302,0.234970447314361,0.206324252015358,0.070574840281846,100
"msq","R22","lm_logtss","single",0.0946785714285714,0.0589999014373394,0.15719037541406,0.0925464226208694,0.297691913210131,0.0532285198266005,0.0904850311325635,NA,NA,NA,NA,0.0348699999999984,27.17,276.03,1.98,1.72,0.26,0.0238346035239706,0.00660284216564333,0.0288596430255484,0.00880766112431614,0.0111171379370416,0.00400039457075593,0.00598576798737737,NA,NA,NA,NA,0.000248085599433874,1.40432628802295,13.4650498204302,0.220641855237913,0.205519789408183,0.0596623495983519,100
"msq","R22","logistic_presence","single",0.101666666666667,0.00641492583293336,0.133095238095238,0.0117291718821042,0.143061708147717,0.050075731774441,0.0652144280233209,NA,NA,NA,NA,0.294950000000002,26.99,274.21,0.3,0.16,0.14,0.0287110884385563,0.00197719341514163,0.0308960804425196,0.00279121487077403,0.00719774767321556,0.00196278826330898,0.00304145317343117,NA,NA,NA,NA,0.0131962603747726,1.4117468940746,13.519669882707,0.0643538199442282,0.0443129367525598,0.0402517331328978,100
"msq","R22","pursue","abundance",0.0640238095238095,0.0556901998771709,0.103435897435897,0.0803693786019295,0.287851603434903,0.0544656370819535,0.0655689147556699,NA,NA,NA,NA,12.47148,27.17,276.03,1.64,1.47,0.17,0.0180334218869937,0.00625674125564254,0.0206910408148983,0.00797289448665691,0.00946697918094927,0.00197705390508193,0.00263274944394516,NA,NA,NA,NA,0.625470216406921,1.40432628802295,13.4650498204302,0.186688310433528,0.172008339003866,0.0403394686042433,100
"msq","R22","pursue","combined",0.04,0.042337658424591,0.110404761904762,0.0596759106433695,0.240973952206361,0.0480627675450785,0.179744814760582,NA,NA,NA,NA,12.47148,27.17,276.03,1.2,1.1,0.1,0.0143841008374648,0.00527553235325281,0.022309498142461,0.0065663102245264,0.00959906948668672,0.00183482485319124,0.006012560178083,NA,NA,NA,NA,0.625470216406921,1.40432628802295,13.4650498204302,0.145643816250884,0.136699922044121,0.0333333333333333,100
"msq","R22","pursue","presence",0.05,NA,0.1,NA,NA,0.0381437454322013,0.221066695902541,0.0419563996233565,NA,NA,NA,12.47148,0,274.18,0.06,NA,0.06,0.021904291355759,NA,0.0301511344577764,NA,NA,0.00152060289554767,0.00684231434287843,0.00472089615317043,NA,NA,NA,0.625470216406921,0,13.5202009727457,0.0277797979063414,NA,0.0277797979063414,100
"msq","R22","pursue03_epermcs1","single",0.0723333333333333,0.0544373815721189,0.105958152958153,0.0671382864156587,0.294144284062698,0.0376151515817868,0.0704260912856659,NA,NA,NA,NA,1.13596,27.16,275.98,1.71,1.47,0.24,0.0201888113383322,0.00605414228928648,0.024866472881272,0.00684860576859778,0.0112136243376197,0.00164449759368375,0.00295994885982852,NA,NA,NA,NA,0.0536032825770055,1.40430219200308,13.4662614700517,0.19137725184894,0.167244453034195,0.063754579950357,100
"msq","R22","wilcoxon_tss","single",0,NA,0,NA,NA,NA,NA,NA,NA,NA,NA,0.0276899999999999,0,0,0,NA,0,0,NA,0,NA,NA,NA,NA,NA,NA,NA,NA,0.000243582271999457,0,0,0,NA,0,100
"msq","R22","zicoseq","single",0.105910256410256,0.0852606968333979,0.158656401561974,0.121938401738345,0.319166361931853,0.0559718175282759,0.0947406872778384,NA,NA,NA,NA,66.09971,27.17,276.03,3.23,2.68,0.55,0.023300321224523,0.00769934191931998,0.026547717649058,0.010173332329621,0.0121727082099308,0.0027533173923264,0.00539779815800545,NA,NA,NA,NA,3.05667185747866,1.40432628802295,13.4650498204302,0.343144991000138,0.285289149793502,0.131329641541713,100
"sd2","R00","adapt","single",0.08,0.00105128205128205,0.161666666666667,0.00316208791208791,0.0700770377717284,0.0522638391271931,0.0564533063516525,NA,NA,NA,NA,0.61094,22.3,502.21,0.13,0.03,0.1,0.0272659924344291,0.000766285477708719,0.0363496395621235,0.00156656086121988,0.0046530953420254,0.00174274080462225,0.00270409371268149,NA,NA,NA,NA,0.0397326769825796,0.821860417257423,42.2191308424381,0.0441645225322889,0.0222701503353614,0.0389249472080761,100
"sd2","R00","fastancom","single",0,0.00037037037037037,0.01,0.00037037037037037,0.0851759710778861,0.0385215263914756,0.0710850869396603,NA,NA,NA,NA,0.0502399999999992,22.3,502.21,0.01,0.00999999999999999,0,0,0.00037037037037037,0.01,0.00037037037037037,0.00502885818356213,0.00189846259255402,0.00393110688170797,NA,NA,NA,NA,0.00274580009866311,0.821860417257423,42.2191308424381,0.01,0.00999999999999999,0,100
"sd2","R00","ldm","single",0.043,0.00572260767554885,0.0669047619047619,0.00861867733169915,0.123706120870116,0.0513609184803998,0.0567597576502943,NA,NA,NA,NA,10.74761,22.3,502.21,0.21,0.13,0.08,0.0193456073890825,0.00175899734147301,0.0229266194974807,0.0021790964090597,0.00580488209729649,0.00167063014589842,0.00314836559845723,NA,NA,NA,NA,1.52167622711956,0.821860417257423,42.2191308424381,0.065589787330195,0.0393251147037697,0.0442216638714053,100
"sd2","R00","limma_logtss","single",0.04,0.000976190476190476,0.085,0.00182275132275132,0.0785138743481071,0.0522949827965822,0.0697790845645017,NA,NA,NA,NA,0.039879999999997,22.3,502.21,0.06,0.02,0.04,0.0196946385566932,0.000686984253680175,0.0275745087962331,0.00112859055116647,0.0047255128839365,0.00236637788247328,0.00336538862501166,NA,NA,NA,NA,0.000674840796788296,0.821860417257423,42.2191308424381,0.0238683256575942,0.014070529413629,0.0196946385566932,100
"sd2","R00","linda","single",0.05,0.000333333333333333,0.0866666666666667,0.002003663003663,0.0812494387291815,0.0576191837497428,0.0575898815763912,NA,NA,NA,NA,0.325819999999999,22.3,502.21,0.06,0.00999999999999999,0.05,0.021904291355759,0.000333333333333333,0.0278765919205411,0.00100791890979436,0.00509782942509648,0.00193025257620844,0.00304207849944875,NA,NA,NA,NA,0.0250469513860942,0.821860417257423,42.2191308424381,0.0238683256575942,0.00999999999999999,0.021904291355759,100
"sd2","R00","lm_logtss","single",0.04,0.00152747252747253,0.13,0.003403663003663,0.0810192716834555,0.0524937647577633,0.0698841275877187,NA,NA,NA,NA,0.0385599999999982,22.3,502.21,0.08,0.04,0.04,0.0196946385566932,0.000896569829692655,0.033044200579212,0.00160288682075869,0.00484744806703456,0.00232591823438972,0.00337763956484141,NA,NA,NA,NA,0.000623013205755306,0.821860417257423,42.2191308424381,0.0307482445914323,0.0242878362539562,0.0196946385566932,100
"sd2","R00","logistic_presence","single",0.11,0,0.155,0.00158333333333333,0.0539009578969883,0.0569621073554072,0.111925294438485,NA,NA,NA,NA,0.543459999999999,22.11,500.6,0.12,0,0.12,0.031446603773522,0,0.0360239819110447,0.0012904238073957,0.00409513273764828,0.00171264691847281,0.001851978009937,NA,NA,NA,NA,0.0419965977939003,0.824240697413521,42.2888934006378,0.0356186309210063,0,0.0356186309210063,100
"sd2","R00","pursue","abundance",0.0783333333333333,0.00597469001323366,0.138666666666667,0.0153993083590267,0.190201258315437,0.047527824924858,0.05611974802935,NA,NA,NA,NA,19.65626,22.29,502.11,0.27,0.15,0.12,0.0261068124550979,0.0016613263568862,0.0319677165997444,0.00309409819017572,0.0103249184456882,0.0013439773909584,0.00315457272079806,NA,NA,NA,NA,1.59758227821944,0.820974414886962,42.2111883655545,0.0649086382011771,0.0411329453348431,0.0477366513151884,100
"sd2","R00","pursue","combined",0.0533333333333333,0.00315820380336509,0.0883333333333333,0.00597469001323366,0.15425942344563,0.047527510621791,0.0619019953924794,NA,NA,NA,NA,19.65626,22.3,502.21,0.15,0.08,0.07,0.0220803552403961,0.0012300611391616,0.0276720209009162,0.0016613263568862,0.00868782711640471,0.00153698970540492,0.0025126206301932,NA,NA,NA,NA,1.59758227821944,0.821860417257423,42.2191308424381,0.0457816513022367,0.0307482445914323,0.0293188669562103,100
"sd2","R00","pursue","presence",0.01,NA,0.07,NA,NA,0.0467908954439437,0.0710873119515437,0.0432979433170196,NA,NA,NA,19.65626,0,500.6,0.01,NA,0.01,0.01,NA,0.0256432399976243,NA,NA,0.00156400435218772,0.00287156503464373,0.00487405518552081,NA,NA,NA,1.59758227821944,0,42.2888934006378,0.01,NA,0.01,100
"sd2","R00","pursue03_epermcs1","single",0.0566666666666667,0.00186173956762192,0.1,0.0030879300438124,0.0844817906384386,0.0497925405842541,0.0561366412163531,NA,NA,NA,NA,30.43387,22.3,502.21,0.12,0.04,0.08,0.0216102606880011,0.000942295767102222,0.0291094918201809,0.0012520897829219,0.00531219513324001,0.00159920032587272,0.00297356050338857,NA,NA,NA,NA,1.89090648293432,0.821860417257423,42.2191308424381,0.0455715665384423,0.0196946385566932,0.0307482445914323,100
"sd2","R00","wilcoxon_tss","single",0.01,0.00152747252747253,0.0516666666666667,0.00228245828245828,0.0752072494817106,0.0518682067674125,0.0575741266562857,NA,NA,NA,NA,0.279429999999998,22.3,502.21,0.05,0.04,0.01,0.01,0.000896569829692655,0.0211476292340825,0.00103090518985305,0.00501940344216371,0.00159122018704491,0.00274207564515251,NA,NA,NA,NA,0.0197763875887535,0.821860417257423,42.2191308424381,0.0261116483933547,0.0242878362539562,0.01,100
"sd2","R00","zicoseq","single",0.04,0.00342278065072183,0.139666666666667,0.00824308533110715,0.109643870733135,0.0490112764597661,0.0551936678040874,NA,NA,NA,NA,126.67165,22.3,502.21,0.12,0.08,0.04,0.0196946385566932,0.0014596868466801,0.0331567545210681,0.00204080998587662,0.00522894071495989,0.00163376438747086,0.00295714901677619,NA,NA,NA,NA,10.3752832104305,0.821860417257423,42.2191308424381,0.0383497988352882,0.0338743966363203,0.0196946385566932,100
"sd2","R01","adapt","single",0.04,0.000526315789473684,0.06,0.000526315789473684,0.059741865052782,0.0568396001906039,0.0605333685435193,NA,NA,NA,NA,0.60555,23.71,532.06,0.05,0.01,0.04,0.0196946385566932,0.000526315789473684,0.0238683256575942,0.000526315789473684,0.00570772842174051,0.00157900708606135,0.00239019278659222,NA,NA,NA,NA,0.0398161009384319,0.894347569884089,44.4733192515752,0.021904291355759,0.01,0.0196946385566932,100
"sd2","R01","fastancom","single",0.03,0.000526315789473684,0.03,0.000526315789473684,0.0634921692875321,0.0377654046541718,0.0673869713814158,NA,NA,NA,NA,0.0487700000000029,23.71,532.06,0.05,0.01,0.04,0.0171446607997765,0.000526315789473684,0.0171446607997765,0.000526315789473684,0.00486945731222439,0.00197398002567983,0.00320513202708578,NA,NA,NA,NA,0.00273221910031432,0.894347569884089,44.4733192515752,0.0261116483933547,0.01,0.0242878362539562,100
"sd2","R01","ldm","single",0.03,0.00129554655870445,0.03,0.00164037414491135,0.0762385768255847,0.0379029998773267,0.0551415478771071,NA,NA,NA,NA,6.89177,23.71,532.06,0.05,0.02,0.03,0.0171446607997765,0.000927655825742118,0.0171446607997765,0.000985102198173094,0.00553741699068011,0.00129786201390752,0.00273987243348641,NA,NA,NA,NA,0.878836201611903,0.894347569884089,44.4733192515752,0.021904291355759,0.014070529413629,0.0171446607997765,100
"sd2","R01","limma_logtss","single",0.04,0.000526315789473684,0.06,0.000526315789473684,0.0654319074482803,0.0484816167393038,0.0701486068879457,NA,NA,NA,NA,0.0387299999999989,23.71,532.06,0.05,0.01,0.04,0.0196946385566932,0.000526315789473684,0.0238683256575942,0.000526315789473684,0.00488860840880222,0.00288510202399266,0.00384135878018153,NA,NA,NA,NA,0.000614283684012875,0.894347569884089,44.4733192515752,0.021904291355759,0.01,0.0196946385566932,100
"sd2","R01","linda","single",0.04,0.000526315789473684,0.06,0.000526315789473684,0.0634137550501155,0.0532996663713531,0.0549456371416936,NA,NA,NA,NA,0.33643,23.71,532.06,0.05,0.01,0.04,0.0196946385566932,0.000526315789473684,0.0238683256575942,0.000526315789473684,0.00531445898747829,0.00161783993896152,0.00260281967944427,NA,NA,NA,NA,0.0240947341369711,0.894347569884089,44.4733192515752,0.021904291355759,0.01,0.0196946385566932,100
"sd2","R01","lm_logtss","single",0.05,0.000526315789473684,0.06,0.000526315789473684,0.0633003410734958,0.0485910621749767,0.0696047229717442,NA,NA,NA,NA,0.0378000000000005,23.71,532.06,0.06,0.01,0.05,0.021904291355759,0.000526315789473684,0.0238683256575942,0.000526315789473684,0.00496480979337139,0.00271048839789999,0.00383853173496328,NA,NA,NA,NA,0.00055084874823723,0.894347569884089,44.4733192515752,0.0238683256575942,0.01,0.021904291355759,100
"sd2","R01","logistic_presence","single",0.03,0.000526315789473684,0.11,0.000526315789473684,0.0543247731441187,0.0577939263252671,0.181651445960075,NA,NA,NA,NA,0.503940000000001,23.54,529.1,0.04,0.01,0.03,0.0171446607997765,0.000526315789473684,0.031446603773522,0.000526315789473684,0.00499581617853032,0.00156229295180685,0.00269914174748328,NA,NA,NA,NA,0.0403149415116892,0.891533691585642,44.5337019128278,0.0196946385566932,0.01,0.0171446607997765,100
"sd2","R01","pursue","abundance",0.02,0.00210851648351648,0.0716666666666667,0.00419816294816295,0.125762163841738,0.0466684914604189,0.0772234515080315,NA,NA,NA,NA,16.34742,12.53,280.27,0.07,0.04,0.03,0.014070529413629,0.00107882682829087,0.0249865283568286,0.00160370612584921,0.0103493034705595,0.0022428856860074,0.00467723324796923,NA,NA,NA,NA,1.27228574534738,0.668702195497088,24.1040625059953,0.0293188669562103,0.0196946385566932,0.0222701503353614,100
"sd2","R01","pursue","combined",0.02,0.00024390243902439,0.02,0.000660569105691057,0.0844543154965513,0.0293063632877746,0.10697878405153,NA,NA,NA,NA,16.34742,23.71,532.06,0.03,0.00999999999999999,0.02,0.014070529413629,0.00024390243902439,0.014070529413629,0.000480672924179862,0.00519419451927809,0.00118723408398277,0.00274056457003737,NA,NA,NA,NA,1.27228574534738,0.894347569884089,44.4733192515752,0.0171446607997765,0.00999999999999999,0.014070529413629,100
"sd2","R01","pursue","presence",0.01,NA,0.03,NA,NA,0.0258084855010824,0.110145831918467,0.026055675871213,NA,NA,NA,16.34742,0,529.1,0.01,NA,0.01,0.01,NA,0.0171446607997765,NA,NA,0.00107259529095942,0.00256099814915915,0.00320954328219181,NA,NA,NA,1.27228574534738,0,44.5337019128278,0.01,NA,0.01,100
"sd2","R01","pursue03_epermcs1","single",0.03,0.00135964912280702,0.05,0.00219298245614035,0.0649841068552861,0.0463782993355251,0.0560087294637653,NA,NA,NA,NA,9.08009,23.7,532,0.06,0.02,0.04,0.0171446607997765,0.000981117841809752,0.021904291355759,0.00174271771026591,0.00541679475178048,0.00131522643129546,0.00257144866983698,NA,NA,NA,NA,0.596671161163875,0.893805845186128,44.4775326326777,0.0277797979063414,0.014070529413629,0.0242878362539562,100
"sd2","R01","wilcoxon_tss","single",0.02,0.000526315789473684,0.03,0.000526315789473684,0.061997026187816,0.053902281575325,0.0849637205224257,NA,NA,NA,NA,0.251149999999999,23.71,532.06,0.03,0.01,0.02,0.014070529413629,0.000526315789473684,0.0171446607997765,0.000526315789473684,0.00536701675801162,0.00144175614655371,0.00230240332411181,NA,NA,NA,NA,0.0173740801660451,0.894347569884089,44.4733192515752,0.0171446607997765,0.01,0.014070529413629,100
"sd2","R01","zicoseq","single",0.05,0.000871143375680581,0.075,0.00166772943542453,0.0733186365446428,0.0396486119438547,0.0565992624341465,NA,NA,NA,NA,71.08112,23.71,532.06,0.07,0.02,0.05,0.021904291355759,0.000626297011097577,0.0259904799975886,0.000851709800842133,0.00536856239167182,0.00123109283381734,0.00278308414123499,NA,NA,NA,NA,5.55418120456903,0.894347569884089,44.4733192515752,0.0256432399976243,0.014070529413629,0.021904291355759,100
"sd2","R02","adapt","single",0.0633333333333333,0.00340906219907431,0.11047619047619,0.00540906219907431,0.0900776875692117,0.0516830756209768,0.0565742979673046,NA,NA,NA,NA,0.606169999999999,21.57,486.92,0.15,0.08,0.07,0.0240159879406964,0.00130111736635783,0.0299845352842964,0.00175475333773572,0.00584421036173466,0.00141279303581367,0.00291969764229087,NA,NA,NA,NA,0.0400240762264134,0.831483401196107,41.0753205167721,0.0435194139889245,0.0307482445914323,0.0256432399976243,100
"sd2","R02","fastancom","single",0,0.00363983142984354,0.025,0.00363983142984354,0.106060013527636,0.042304143144366,0.0683901034197042,NA,NA,NA,NA,0.0521699999999976,21.57,486.92,0.08,0.08,0,0,0.00127791952037824,0.0148647097502641,0.00127791952037824,0.00640428913826261,0.00216910581786667,0.00333426322353057,NA,NA,NA,NA,0.00288913167200463,0.831483401196107,41.0753205167721,0.0272659924344291,0.0272659924344291,0,100
"sd2","R02","ldm","single",0.043125,0.0111358018991619,0.122647058823529,0.0170700904863917,0.208300384779851,0.0534124057129313,0.0603644626576236,NA,NA,NA,NA,18.6619,21.57,486.92,0.46,0.25,0.21,0.0180464599273401,0.00326126328172735,0.0300298962229934,0.00389070073861909,0.00853430026649334,0.00247844606074896,0.00351777610402574,NA,NA,NA,NA,1.82676782480905,0.831483401196107,41.0753205167721,0.184456613934666,0.0701729465267237,0.136548359731835,100
"sd2","R02","limma_logtss","single",0.0731159420289855,0.00541333570334782,0.146458333333333,0.00733397062398273,0.1005288273534,0.0566065547864726,0.0783833127463024,NA,NA,NA,NA,0.0402199999999995,21.57,486.92,2.95,0.13,2.82,0.0256895044837715,0.00255918614918678,0.0344629906387335,0.00358867722442041,0.00633428482659041,0.00491860994155054,0.00573833006857035,NA,NA,NA,NA,0.000693778994298335,0.831483401196107,41.0753205167721,2.75887456925626,0.0661418738375884,2.69939686492065,100
"sd2","R02","linda","single",0.065,0.00427444681445893,0.135333333333333,0.00773523112818442,0.102582825169397,0.0563655742232612,0.0604938670534594,NA,NA,NA,NA,0.312699999999999,21.57,486.92,0.19,0.1,0.09,0.023197657492327,0.00141759361444343,0.032219853622453,0.00237346840477145,0.00641470231432053,0.00220252578452857,0.00335323536336552,NA,NA,NA,NA,0.0221814395976963,0.831483401196107,41.0753205167721,0.0563090318750649,0.0333333333333333,0.0320825954263823,100
"sd2","R02","lm_logtss","single",0.0564492753623188,0.00727414156415368,0.153797614274258,0.0098032420932542,0.100620379953621,0.0578962801449948,0.0791141452487254,NA,NA,NA,NA,0.038610000000002,21.57,486.92,2.97,0.17,2.8,0.0217745514875354,0.00277480301454684,0.0350321474047911,0.00406214290405373,0.00617092336062451,0.00487803765041194,0.00576622069399456,NA,NA,NA,NA,0.000512252896822609,0.831483401196107,41.0753205167721,2.75891411078835,0.0697108023163982,2.69953232013894,100
"sd2","R02","logistic_presence","single",0.05,0,0.095,4e-04,0.0518643120525051,0.0527784309569051,0.0867995646549895,NA,NA,NA,NA,0.658860000000002,21.48,485.79,0.05,0,0.05,0.021904291355759,0,0.0290375931885172,4e-04,0.00409613545565274,0.00151525336145175,0.00221905923705524,NA,NA,NA,NA,0.0521531467038293,0.833936751229076,41.1338423793461,0.021904291355759,0,0.021904291355759,100
"sd2","R02","pursue","abundance",0.0176190476190476,0.0393699689091653,0.0411904761904762,0.067236536638117,0.327058108982277,0.0465315798383508,0.0615697265775012,NA,NA,NA,NA,26.58452,21.57,486.92,1.04,0.96,0.08,0.00803239336006222,0.00578230124060872,0.0115433985026417,0.00872632407252189,0.0138000772993826,0.00166408674160456,0.00349638219610033,NA,NA,NA,NA,2.15842611409239,0.831483401196107,41.0753205167721,0.162629901458756,0.144892854875385,0.0393892771133865,100
"sd2","R02","pursue","combined",0.0153333333333333,0.0228324860464219,0.0790695970695971,0.0424925495543266,0.26785269718624,0.0474753841132016,0.0658827396419228,NA,NA,NA,NA,26.58452,21.57,486.92,0.57,0.54,0.03,0.0106723469723857,0.00384687627317401,0.0232758219441936,0.00683492778164876,0.0130878742122757,0.0014935101355339,0.00317126509190651,NA,NA,NA,NA,2.15842611409239,0.831483401196107,41.0753205167721,0.094553709818304,0.0881000349694378,0.0171446607997765,100
"sd2","R02","pursue","presence",0.06,NA,0.09,NA,NA,0.049344694291063,0.0748298394438439,0.0491830077346031,NA,NA,NA,26.58452,0,485.79,0.06,NA,0.06,0.0238683256575942,NA,0.0287623491264661,NA,NA,0.00125624978636252,0.00362381965100665,0.00473851638861777,NA,NA,NA,2.15842611409239,0,41.1338423793461,0.0238683256575942,NA,0.0238683256575942,100
"sd2","R02","pursue03_epermcs1","single",0.0383333333333333,0.00869544482229904,0.085,0.00902877815563237,0.122485639124992,0.0528962695730137,0.0577684072387889,NA,NA,NA,NA,58.6154,21.57,486.92,0.25,0.19,0.06,0.0165577247578962,0.00224448991629144,0.0258953041862827,0.00225616730573256,0.0078589456074045,0.00153853736177658,0.00308802494639592,NA,NA,NA,NA,3.82053195954953,0.831483401196107,41.0753205167721,0.0609271795844942,0.0486068540704525,0.0238683256575942,100
"sd2","R02","wilcoxon_tss","single",0.0383333333333333,0.00490189779485109,0.078,0.00662412001707331,0.0988791318067318,0.0523354316239804,0.0603508876149618,NA,NA,NA,NA,0.337279999999996,21.57,486.92,0.16,0.11,0.05,0.0180184155702797,0.0016992393187231,0.0247964553420618,0.00186246766795061,0.00596818411323519,0.00202745406052078,0.00329147990358021,NA,NA,NA,NA,0.0251488702077699,0.831483401196107,41.0753205167721,0.0486587789373795,0.0373219679669936,0.021904291355759,100
"sd2","R02","zicoseq","single",0.05,0.00732175849913454,0.118333333333333,0.0136025948378776,0.157284849149894,0.0520775583599188,0.0555574331365326,NA,NA,NA,NA,162.06762,21.57,486.92,0.22,0.17,0.05,0.021904291355759,0.00214330150017839,0.0309134231465836,0.00298042255190236,0.00775774675349943,0.0018068133233706,0.00299072237030033,NA,NA,NA,NA,13.709322898919,0.831483401196107,41.0753205167721,0.0504124403437697,0.0472581562625261,0.021904291355759,100
"sd2","R03","adapt","single",0.055,0.0122001221878116,0.121666666666667,0.0156170012025167,0.120129766838216,0.0545713712263629,0.05825360936572,NA,NA,NA,NA,0.822839999999999,21.22,478.13,0.34,0.27,0.07,0.0211953396821666,0.00268919452367309,0.0305077679570942,0.00302988530786307,0.0083991652152687,0.00176602825219745,0.00339728511459472,NA,NA,NA,NA,0.0566505052176424,0.906272195827111,40.5360935438774,0.065474183361602,0.0583528106011228,0.0256432399976243,100
"sd2","R03","fastancom","single",0.02,0.0101828004291105,0.05,0.0131408571774596,0.167469887832508,0.0411319910446353,0.0687798907502058,NA,NA,NA,NA,0.0627699999999931,21.22,478.13,0.25,0.23,0.02,0.014070529413629,0.00264825513463571,0.0196061100442239,0.00288320291266482,0.00960501747119399,0.00152365792823252,0.00392019841378469,NA,NA,NA,NA,0.00363156351112719,0.906272195827111,40.5360935438774,0.0592461054424762,0.0583528106011227,0.014070529413629,100
"sd2","R03","ldm","single",0.069511544011544,0.0699086213496674,0.139442352092352,0.106448523333871,0.331135236035638,0.0551948964898532,0.060613318517931,NA,NA,NA,NA,49.81672,21.22,478.13,1.99,1.59,0.4,0.019094672399605,0.00933470982055034,0.0255157356866699,0.0118030302353231,0.0146189543817639,0.00280345473948132,0.00411315387095944,NA,NA,NA,NA,3.62474136824723,0.906272195827111,40.5360935438774,0.289721217445985,0.210864023398105,0.131040898851149,100
"sd2","R03","limma_logtss","single",0.0566363636363636,0.0137125938220618,0.104543010752688,0.02104549985062,0.164125596917219,0.0546334493865464,0.0747185548948876,NA,NA,NA,NA,0.0466600000000015,21.22,478.13,0.65,0.31,0.34,0.0204016625277084,0.00297801693086869,0.0273550554812206,0.00434350054791367,0.00994240631503409,0.00288068381650964,0.00435991505984313,NA,NA,NA,NA,0.00105248335479573,0.906272195827111,40.5360935438774,0.247155535211855,0.0677115092495248,0.206568891827175,100
"sd2","R03","linda","single",0.0833333333333333,0.0141600655552887,0.123880952380952,0.0216221689815975,0.154784275085551,0.0584489862953359,0.0598685927353498,NA,NA,NA,NA,0.355179999999998,21.22,478.13,0.45,0.32,0.13,0.0257055326880112,0.00305182993042695,0.029109382742985,0.00434766321406301,0.0091626906465799,0.00206683391896527,0.00359552356780024,NA,NA,NA,NA,0.0255841151000878,0.906272195827111,40.5360935438774,0.0868936421753919,0.0679869268479038,0.0418148878808116,100
"sd2","R03","lm_logtss","single",0.0591363636363636,0.0145459271553951,0.119466240227434,0.0227151382965742,0.163906220018829,0.0551453563055933,0.0749101583045376,NA,NA,NA,NA,0.0443299999999942,21.22,478.13,0.68,0.33,0.35,0.0204845652013565,0.00316759160434726,0.0292184694288508,0.0048429078790861,0.0099773625555869,0.00292330320220294,0.00444982910073908,NA,NA,NA,NA,0.000728365403911756,0.906272195827111,40.5360935438774,0.249395228097852,0.0725509225553773,0.206644671361301,100
"sd2","R03","logistic_presence","single",0.045,0.000344827586206897,0.095,0.000344827586206897,0.0530114228895484,0.0558518971921873,0.0696632576698426,NA,NA,NA,NA,0.924450000000001,21.11,477.35,0.07,0.01,0.06,0.0202197523189179,0.000344827586206897,0.0290375931885172,0.000344827586206897,0.00521225382871349,0.00155135277191311,0.00245281545019379,NA,NA,NA,NA,0.070018330031529,0.908978225339537,40.5879973674858,0.0325824517434794,0.01,0.0277797979063414,100
"sd2","R03","pursue","abundance",0.0444565712065712,0.187788954356821,0.0722405618547259,0.236544340433095,0.497380602210677,0.0395202525587668,0.0588861997216444,NA,NA,NA,NA,39.92304,21.22,478.13,5.06,4.77,0.29,0.0153544353882847,0.0193231865718933,0.0164817966152876,0.0225875011784772,0.0210769606781758,0.00158449124429771,0.00301325179761483,NA,NA,NA,NA,3.30135929219245,0.906272195827111,40.5360935438774,0.577668598853192,0.543065559596815,0.0700576962801434,100
"sd2","R03","pursue","combined",0.0445006839565663,0.154898888121411,0.0725051859904801,0.191891629187437,0.414928909810492,0.0469332311297474,0.0629786141877856,NA,NA,NA,NA,39.92304,21.22,478.13,4.22,3.98,0.24,0.0156225759127905,0.0172366224153294,0.016420697120576,0.0194595378873799,0.0209683321522613,0.00160938080724631,0.00230319349690826,NA,NA,NA,NA,3.30135929219245,0.906272195827111,40.5360935438774,0.515924197705223,0.483668640223194,0.063754579950357,100
"sd2","R03","pursue","presence",0.02,NA,0.06,NA,NA,0.0515891504043568,0.0775412054161597,0.0472438190880875,NA,NA,NA,39.92304,0,477.35,0.03,NA,0.03,0.014070529413629,NA,0.0238683256575942,NA,NA,0.00169424133732203,0.0039197965801816,0.00594167254502387,NA,NA,NA,3.30135929219245,0,40.5879973674858,0.0222701503353614,NA,0.0222701503353614,100
"sd2","R03","pursue03_epermcs1","single",0.054,0.0370362617681327,0.0871666666666667,0.0485825235957244,0.209312994503028,0.0538314191714949,0.056402651418889,NA,NA,NA,NA,111.96731,21.22,478.13,0.92,0.8,0.12,0.0173982854528927,0.00627656400461004,0.0226385929831315,0.00798248939875723,0.0128386628623953,0.00151246425341906,0.00312803447678893,NA,NA,NA,NA,7.14802526643795,0.906272195827111,40.5360935438774,0.142616247108785,0.128707639888456,0.032659863237109,100
"sd2","R03","wilcoxon_tss","single",0.0860714285714286,0.0232938660645208,0.116161172161172,0.0274278699885369,0.135711726989749,0.05665703561554,0.0586317774375164,NA,NA,NA,NA,0.483830000000005,21.22,478.13,0.78,0.51,0.27,0.0257343946945481,0.00413664598291371,0.0283717857985321,0.00469209182134708,0.0085746069477576,0.00212470137089696,0.00353329281738034,NA,NA,NA,NA,0.0366288291134489,0.906272195827111,40.5360935438774,0.166715144464861,0.0881859834484351,0.114464056375878,100
"sd2","R03","zicoseq","single",0.0836666666666667,0.0337438964056776,0.121119047619048,0.0611191958046031,0.256835131656764,0.0528246935339659,0.0590313396562354,NA,NA,NA,NA,242.22047,21.22,478.13,0.96,0.81,0.15,0.0240847968867799,0.00495051511580823,0.0256969472614801,0.00773746839726864,0.0121744086787963,0.00187041404731892,0.00353903222114975,NA,NA,NA,NA,19.7787131721391,0.906272195827111,40.5360935438774,0.12942764446406,0.116943394750441,0.0385992097056273,100
"sd2","R06","adapt","single",0.056,NA,0.12,NA,NA,0.0514065140151196,0.0531534443198366,NA,-0.0138210630245248,2.13705948773568,NA,0.614496,0,499.328,0.064,NA,0.064,0.0145706973368996,NA,0.02059360059684,NA,NA,0.000930346348707533,0.00174902605399742,NA,0.0138453888175734,0.0355973536769498,NA,0.0251882284280051,0,26.4763982505417,0.0174595343971557,NA,0.0174595343971557,250
"sd2","R06","fastancom","single",0.024,NA,0.036,NA,NA,0.0400557664850211,0.0692911643367879,NA,0.0224308873602937,0.559364895066225,NA,0.049064000000003,0,499.328,0.024,NA,0.024,0.00969908702696427,NA,0.0118056551692781,NA,NA,0.00146574086238898,0.0027964310252671,NA,0.010421898101872,0.00685401991552373,NA,0.00163647665408276,0,26.4763982505417,0.00969908702696427,NA,0.00969908702696427,250
"sd2","R06","ldm","single",0.028,NA,0.068,NA,NA,0.0492881452612554,0.0524758463529318,NA,NA,NA,NA,8.71924,0,499.328,0.028,NA,0.028,0.0104547216519273,NA,0.015953748410747,NA,NA,0.00107575631780108,0.00175816196710715,NA,NA,NA,NA,0.725287318595646,0,26.4763982505417,0.0104547216519273,NA,0.0104547216519273,250
"sd2","R06","limma_logtss","single",0.02,NA,0.08,NA,NA,0.0468439125038882,0.0659009048361056,NA,-0.0144297294448583,0.556301789063582,0.953156087496112,0.0400280000000004,0,499.328,0.028,NA,0.028,0.00887213950734269,NA,0.017192507941463,NA,NA,0.0014625224890987,0.00215915417145723,NA,0.00906179395740831,0.00574611257914637,0.0014625224890987,0.00039844686422968,0,26.4763982505417,0.0143417832569019,NA,0.0143417832569019,250
"sd2","R06","linda","single",0.024,NA,0.068,NA,NA,0.053435709441262,0.0519548043214676,NA,-0.00323628576997618,0.528017499386941,0.943199478453933,0.311679999999999,0,499.328,0.024,NA,0.024,0.00969908702696427,NA,0.015953748410747,NA,NA,0.00101503180273164,0.00173403690977251,NA,0.00551332425596859,0.00582028330456763,0.00103477017630647,0.0136598108379477,0,26.4763982505417,0.00969908702696427,NA,0.00969908702696427,250
"sd2","R06","lm_logtss","single",0.02,NA,0.064,NA,NA,0.0477636892280792,0.0656985466948049,NA,-0.0144297294448583,0.556301789063582,0.952236310771921,0.0385399999999998,0,499.328,0.028,NA,0.028,0.00887213950734269,NA,0.0155105871343741,NA,NA,0.00143503330421799,0.00213737049643779,NA,0.00906179395740831,0.00574611257914637,0.00143503330421799,0.00034347854378425,0,26.4763982505417,0.0143417832569019,NA,0.0143417832569019,250
"sd2","R06","logistic_presence","single",0.044,NA,0.132,NA,NA,0.0566196062630222,0.112516044815504,NA,-0.0021161999176622,0.647556909986177,NA,0.541284,0,497.732,0.06,NA,0.06,0.012997373846575,NA,0.0214509808240382,NA,NA,0.000937797979389618,0.00126679254058838,NA,0.00327343051026712,0.0155118505736114,NA,0.0269213958701698,0,26.5194483590643,0.0204762571881127,NA,0.0204762571881127,250
"sd2","R06","pursue","abundance",0.056,NA,0.08,NA,NA,0.0457000078670954,0.0543765402879275,NA,0.00171271792887676,0.975208198938512,0.954299992132905,19.947968,0,499.252,0.06,NA,0.06,0.0145706973368996,NA,0.017192507941463,NA,NA,0.000930594471895059,0.00207738478681571,NA,0.00353087081887534,0.0139395154095838,0.000930594471895059,0.980248539697059,0,26.4702294317347,0.0160821185840862,NA,0.0160821185840862,250
"sd2","R06","pursue","combined",0.048,NA,0.088,NA,NA,0.0455962722716262,0.0634874033249778,NA,NA,NA,NA,19.947968,0,499.328,0.048,NA,0.048,0.0135468842280857,NA,0.0179530847770529,NA,NA,0.000827164224744997,0.00163178750937781,NA,NA,NA,NA,0.980248539697059,0,26.4763982505417,0.0135468842280857,NA,0.0135468842280857,250
"sd2","R06","pursue","presence",0.028,NA,0.072,NA,NA,0.0475235143861334,0.0701370162808212,NA,NA,NA,NA,19.947968,0,497.732,0.028,NA,0.028,0.0104547216519273,NA,0.0163810057504901,NA,NA,0.000896534546171146,0.00169424928174846,NA,NA,NA,NA,0.980248539697059,0,26.5194483590643,0.0104547216519273,NA,0.0104547216519273,250
"sd2","R06","pursue03_epermcs1","single",0.048,NA,0.072,NA,NA,0.0485464064309992,0.0519774248446669,NA,-0.00105584457844444,0.399112503669846,NA,31.081936,0,499.324,0.056,NA,0.056,0.0135468842280857,NA,0.0163810057504901,NA,NA,0.000882893803531033,0.00178766532442884,NA,0.00162402453787252,0.00525601749967181,NA,1.23754337616391,0,26.4765486157545,0.016630160822914,NA,0.016630160822914,250
"sd2","R06","wilcoxon_tss","single",0.028,NA,0.048,NA,NA,0.0507067204277443,0.0536974181345295,NA,-0.000486911896677854,1.45777467688448,NA,0.277556,0,499.328,0.028,NA,0.028,0.0104547216519273,NA,0.0135468842280857,NA,NA,0.000926213248527527,0.00165992386242044,NA,0.0140921333429713,0.0194878039770321,NA,0.0121128347847268,0,26.4763982505417,0.0104547216519273,NA,0.0104547216519273,250
"sd2","R06","zicoseq","single",0.032,NA,0.068,NA,NA,0.0486134498769735,0.0522556973608704,NA,NA,NA,NA,129.263076,0,499.328,0.036,NA,0.036,0.0111535468092308,NA,0.015953748410747,NA,NA,0.00090477295331688,0.00164539141955099,NA,NA,NA,NA,6.56149503476929,0,26.4763982505417,0.0130958775205073,NA,0.0130958775205073,250
"sd2","R07","adapt","single",0.11,0.00208333333333333,0.165,0.00299242424242424,0.0693325488702647,0.0518568021233544,0.0528225242250562,NA,NA,NA,NA,0.613060000000001,10.86,500.7,0.14,0.02,0.12,0.031446603773522,0.00149529283867765,0.0369650394482968,0.00173898980804795,0.00789116351944722,0.00142005160938321,0.00274184564044423,NA,NA,NA,NA,0.0408924799092855,0.465587496794874,42.2065400169455,0.0376587548676509,0.014070529413629,0.0356186309210063,100
"sd2","R07","fastancom","single",0.02,0,0.06,0,0.08248099609219,0.038610666528621,0.0709910929354905,NA,NA,NA,NA,0.0474600000000021,10.86,500.7,0.02,0,0.02,0.014070529413629,0,0.0238683256575942,0,0.00787110859415121,0.00184076135487747,0.00374166030597976,NA,NA,NA,NA,0.00261017511700175,0.465587496794874,42.2065400169455,0.014070529413629,0,0.014070529413629,100
"sd2","R07","ldm","single",0.045,0.00630927405927406,0.12,0.00630927405927406,0.122673488994018,0.0492579404239651,0.0538701010357937,NA,NA,NA,NA,8.91378,10.86,500.7,0.12,0.07,0.05,0.0202197523189179,0.00235309506826591,0.0318772899751785,0.00235309506826591,0.00911514138874813,0.00141596004575141,0.00302115130587365,NA,NA,NA,NA,0.690685487426379,0.465587496794874,42.2065400169455,0.0356186309210063,0.0256432399976243,0.021904291355759,100
"sd2","R07","limma_logtss","single",0.06,0.00415909090909091,0.11,0.00415909090909091,0.083080756142967,0.0516580365705283,0.072579765002745,NA,NA,NA,NA,0.0374400000000009,10.86,500.7,0.1,0.03,0.07,0.0238683256575942,0.00250574408979173,0.031446603773522,0.00250574408979173,0.00769941001225595,0.00342487158703801,0.00447018618445378,NA,NA,NA,NA,0.000561081207323996,0.465587496794874,42.2065400169455,0.0333333333333333,0.0171446607997765,0.0293188669562103,100
"sd2","R07","linda","single",0.04,0.00208333333333333,0.0866666666666667,0.00299242424242424,0.0698809861028999,0.0560906952733438,0.0521162537283987,NA,NA,NA,NA,0.29868,10.86,500.7,0.06,0.02,0.04,0.0196946385566932,0.00149529283867765,0.0278765919205411,0.00173898980804795,0.00732965897975896,0.00198308318792245,0.00292754585468065,NA,NA,NA,NA,0.021668754584713,0.465587496794874,42.2065400169455,0.0238683256575942,0.014070529413629,0.0196946385566932,100
"sd2","R07","lm_logtss","single",0.06,0.00208333333333333,0.095,0.00299242424242424,0.0824178735004336,0.0527441431025173,0.0718001805856654,NA,NA,NA,NA,0.0360599999999995,10.86,500.7,0.08,0.02,0.06,0.0238683256575942,0.00149529283867765,0.0290375931885172,0.00173898980804795,0.0080385391881778,0.00356935323651643,0.00448385026625823,NA,NA,NA,NA,0.00035811515556663,0.465587496794874,42.2065400169455,0.0272659924344291,0.014070529413629,0.0238683256575942,100
"sd2","R07","logistic_presence","single",0.0566666666666667,0.00233766233766234,0.136666666666667,0.00233766233766234,0.0487718457974907,0.0572033083247373,0.109909474863789,NA,NA,NA,NA,0.536950000000001,10.8,499.26,0.1,0.02,0.08,0.0227488113427585,0.00168553440120622,0.0341959101262164,0.00168553440120622,0.00658319868684564,0.00159157975928514,0.00167468932790186,NA,NA,NA,NA,0.0435692815866845,0.465800061152526,42.267327735964,0.0414387707005374,0.014070529413629,0.0338743966363203,100
"sd2","R07","pursue","abundance",0.04,0.00533928571428571,0.09,0.0109503968253968,0.193422601520378,0.0460627467428085,0.0574417460436108,NA,NA,NA,NA,19.67656,10.86,500.64,0.13,0.06,0.07,0.01836773631599,0.00284350016405194,0.0269492602173534,0.00360121512241178,0.0130898696554018,0.00144491980788076,0.00337376537352927,NA,NA,NA,NA,1.60478074907132,0.465587496794874,42.2049605012147,0.0463953149846539,0.0277797979063414,0.0325824517434794,100
"sd2","R07","pursue","combined",0.045,0.00388095238095238,0.103333333333333,0.00617261904761905,0.156325289061909,0.0450555523071731,0.0638003653819074,NA,NA,NA,NA,19.67656,10.86,500.7,0.09,0.04,0.05,0.0202197523189179,0.00266932265691355,0.0293762312586717,0.00294788918762577,0.0120467198304515,0.00149724144332798,0.00320466432339378,NA,NA,NA,NA,1.60478074907132,0.465587496794874,42.2065400169455,0.0350900716914789,0.0242878362539562,0.021904291355759,100
"sd2","R07","pursue","presence",0.06,NA,0.08,NA,NA,0.0461866894633565,0.0704780731643308,0.0328049995240398,NA,NA,NA,19.67656,0,499.26,0.06,NA,0.06,0.0238683256575942,NA,0.0272659924344291,NA,NA,0.00146905471162879,0.00267046879848424,0.00628794733811934,NA,NA,NA,1.60478074907132,0,42.267327735964,0.0238683256575942,NA,0.0238683256575942,100
"sd2","R07","pursue03_epermcs1","single",0.035,0.00251165501165501,0.09,0.00251165501165501,0.0818866761306795,0.0476472958247687,0.0510770732029143,NA,NA,NA,NA,30.93471,10.86,500.69,0.08,0.03,0.05,0.0177738316327429,0.00143882759259192,0.0278705521432152,0.00143882759259192,0.00822565020535475,0.00137546376561241,0.00273432108489763,NA,NA,NA,NA,2.05505292661058,0.465587496794874,42.2071483605239,0.0338743966363203,0.0171446607997765,0.0261116483933547,100
"sd2","R07","wilcoxon_tss","single",0.02,0.00208333333333333,0.0983333333333333,0.00567099567099567,0.0747681940919267,0.0505026731335597,0.0545343370176653,NA,NA,NA,NA,0.26829,10.86,500.7,0.04,0.02,0.02,0.014070529413629,0.00149529283867765,0.029118647339731,0.00309612092476537,0.00793242269354122,0.00137996546695095,0.00285541878417027,NA,NA,NA,NA,0.0194979682702241,0.465587496794874,42.2065400169455,0.0196946385566932,0.014070529413629,0.014070529413629,100
"sd2","R07","zicoseq","single",0.06,0.00296428571428571,0.07,0.00470670995670996,0.112238573716248,0.0493867623460591,0.0496433957019452,NA,NA,NA,NA,126.19842,10.86,500.7,0.09,0.03,0.06,0.0238683256575942,0.00173637093499995,0.0256432399976243,0.00210148182949554,0.0093489439740227,0.00150541270886995,0.00280610484703386,NA,NA,NA,NA,10.5113331686259,0.465587496794874,42.2065400169455,0.0287623491264661,0.0171446607997765,0.0238683256575942,100
"sd2","R08","adapt","single",0.116666666666667,0.00276078261737272,0.149166666666667,0.00341530353505153,0.0673684268811437,0.0513361564756544,0.0607154063017785,NA,NA,NA,NA,0.611590000000001,55.8,498.86,0.26,0.13,0.13,0.0319142369252113,0.000858530225525466,0.0344976576572727,0.00106421529452502,0.00327221294949124,0.00162191996426991,0.00300684475457187,NA,NA,NA,NA,0.0402240721308507,2.08486610281492,41.926120736362,0.0524548868220603,0.0366666666666667,0.0366666666666667,100
"sd2","R08","fastancom","single",0.03,0.00015625,0.05,0.0010063721001221,0.0794812934705264,0.0396068842966902,0.07756640375645,NA,NA,NA,NA,0.0479900000000009,55.8,498.86,0.04,0.01,0.03,0.0171446607997765,0.00015625,0.021904291355759,0.000487971250430703,0.00378997493097233,0.00272045509360564,0.00478530119932103,NA,NA,NA,NA,0.00259079547863616,2.08486610281492,41.926120736362,0.0196946385566932,0.01,0.0171446607997765,100
"sd2","R08","ldm","single",0.015,0.00398634167263705,0.0536111111111111,0.00762928161113767,0.126274805630177,0.0495656011039003,0.0632865114994424,NA,NA,NA,NA,16.47829,55.8,498.86,0.22,0.2,0.02,0.0111350751676807,0.000950128368869709,0.019702294670006,0.00177107340078581,0.00550653086430729,0.00215752740058387,0.00360623363693321,NA,NA,NA,NA,2.09673565388721,2.08486610281492,41.926120736362,0.0504124403437697,0.0471404520791032,0.014070529413629,100
"sd2","R08","limma_logtss","single",0.04,0.000384615384615385,0.103333333333333,0.00139029634219508,0.0820168304938663,0.0458959790684523,0.0689926636298289,NA,NA,NA,NA,0.0384499999999987,55.8,498.86,0.06,0.01,0.05,0.0196946385566932,0.000384615384615385,0.0293762312586717,0.000594164847865251,0.00355311311552406,0.00221175866850507,0.00307429042637598,NA,NA,NA,NA,0.000542417893986735,2.08486610281492,41.926120736362,0.0277797979063414,0.01,0.0261116483933547,100
"sd2","R08","linda","single",0.06,0.00184094368437589,0.113333333333333,0.00338440529099539,0.0782250701323616,0.0535993603355805,0.0603351976029629,NA,NA,NA,NA,0.304710000000001,55.8,498.86,0.15,0.0900000000000001,0.06,0.0238683256575942,0.00063363652230259,0.0299531995596602,0.000915035379627167,0.00357253858479065,0.00186282632228891,0.0031436463229116,NA,NA,NA,NA,0.021916965869602,2.08486610281492,41.926120736362,0.0358870281282637,0.0287623491264662,0.0238683256575942,100
"sd2","R08","lm_logtss","single",0.0666666666666667,0.00199809092310207,0.0783333333333333,0.00368165803824814,0.0807318687232504,0.0473809586026332,0.0687720817799771,NA,NA,NA,NA,0.0364800000000005,55.8,498.86,0.17,0.09,0.08,0.0246182981958665,0.000709974252712431,0.0252323656904965,0.000948045421969782,0.00357412447245991,0.00206097542828745,0.00308675692232586,NA,NA,NA,NA,0.00033104670243324,2.08486610281492,41.926120736362,0.0450700913168936,0.0287623491264661,0.0307482445914323,100
"sd2","R08","logistic_presence","single",0.11,0.000643939393939394,0.18,0.000946969696969697,0.0464954879270886,0.0569457770328633,0.115833989687159,NA,NA,NA,NA,0.53233,55.49,497.33,0.14,0.02,0.12,0.031446603773522,0.00047260018364174,0.0386122919665369,0.000557885484934814,0.00280064434639211,0.00179141829936287,0.00190747951789394,NA,NA,NA,NA,0.0421647731159458,2.08232072360614,41.9925896661386,0.0376587548676509,0.014070529413629,0.0356186309210063,100
"sd2","R08","pursue","abundance",0.0589592074592075,0.0172687995238239,0.080881212564077,0.0294656935359672,0.185935557896523,0.0525248914752827,0.0640836999259814,NA,NA,NA,NA,19.50134,55.79,498.77,1.19,1.02,0.17,0.0188191646211824,0.00349008919787873,0.0196752004964613,0.00485150737218388,0.00878655518455922,0.00275967736011357,0.00376811608607202,NA,NA,NA,NA,1.58867688746696,2.0864301831336,41.9197811482259,0.23770578538193,0.206451500896027,0.0472581562625261,100
"sd2","R08","pursue","combined",0.0603181818181818,0.0127707721431015,0.103234335839599,0.0185692476082288,0.149063197914552,0.0510910755853685,0.0743163718559126,NA,NA,NA,NA,19.50134,55.8,498.86,0.89,0.740000000000001,0.15,0.0205973002025785,0.00277811199054134,0.0254358563553379,0.00373713437712729,0.00752860984901119,0.00219319280396333,0.00312187158531499,NA,NA,NA,NA,1.58867688746696,2.08486610281492,41.926120736362,0.191166012785862,0.164911975295791,0.0435194139889245,100
"sd2","R08","pursue","presence",0.05,NA,0.09,NA,NA,0.0461701392810283,0.0721501783575102,0.0399281837780167,NA,NA,NA,19.50134,0,497.33,0.05,NA,0.05,0.021904291355759,NA,0.0287623491264661,NA,NA,0.00155379882426149,0.00299496581689865,0.00320630361134337,NA,NA,NA,1.58867688746696,0,41.9925896661386,0.021904291355759,NA,0.021904291355759,100
"sd2","R08","pursue03_epermcs1","single",0.06,0.00204516013956803,0.113666666666667,0.00346060029927539,0.0842431030331034,0.0497417962138989,0.0614317606860404,NA,NA,NA,NA,31.05527,55.8,498.86,0.18,0.11,0.07,0.0227857832692212,0.000641507510363914,0.0308833473700819,0.00102886320041496,0.00411145543463711,0.00196545002414345,0.00336885229271286,NA,NA,NA,NA,1.91547153763397,2.08486610281492,41.926120736362,0.045792681696639,0.034509550720186,0.0256432399976243,100
"sd2","R08","wilcoxon_tss","single",0.04,0.00170613288114403,0.0566666666666667,0.00367066195372264,0.073105610475619,0.0509112133191802,0.0619388161383283,NA,NA,NA,NA,0.268659999999999,55.8,498.86,0.14,0.1,0.04,0.0196946385566932,0.000531868790046648,0.0216102606880011,0.000888292376628382,0.00378786296681697,0.00154620704868459,0.0029363036089651,NA,NA,NA,NA,0.0192473701207633,2.08486610281492,41.926120736362,0.0348735088019777,0.0301511344577764,0.0196946385566932,100
"sd2","R08","zicoseq","single",0.02,0.00464302399308399,0.102,0.00717669740029539,0.111606786275465,0.0499385652281137,0.0593129597423441,NA,NA,NA,NA,125.77921,55.8,498.86,0.31,0.28,0.03,0.0121439181269781,0.000992980664584009,0.0265900414258854,0.0013370055413349,0.00471250100156663,0.00212696849376756,0.00314834364697014,NA,NA,NA,NA,10.3836603827894,2.08486610281492,41.926120736362,0.0646591685749831,0.0604361253930565,0.0171446607997765,100
"sd2","R09","adapt","single",0.0275,0.00241734076416044,0.0691666666666667,0.00405457426655398,0.0746458507042049,0.0537024440958796,0.065141595184717,NA,NA,NA,NA,0.61729,88.66,497.26,0.25,0.21,0.04,0.0150315325132526,0.000654851219743334,0.023151498074103,0.00082552821993593,0.00340846962236894,0.00198932354797032,0.0032884643828989,NA,NA,NA,NA,0.0403185279488177,3.23116828482338,41.7793038029911,0.0672324476737388,0.0591095541679972,0.0196946385566932,100
"sd2","R09","fastancom","single",0,0.00131460058555015,0.03,0.00211167904052334,0.0870024854363187,0.0367552186694577,0.0806285696509639,NA,NA,NA,NA,0.0478700000000006,88.66,497.26,0.12,0.12,0,0,0.000427681056442758,0.0171446607997765,0.000619567221499405,0.00375980307112214,0.00190404079360126,0.00417063463667822,NA,NA,NA,NA,0.00256903295094273,3.23116828482338,41.7793038029911,0.0383497988352882,0.0383497988352882,0,100
"sd2","R09","ldm","single",0.015,0.0050931729533889,0.0521666666666667,0.00935888206200384,0.123285896261298,0.0530124119637141,0.0670903747116094,NA,NA,NA,NA,24.199,88.66,497.26,0.48,0.43,0.05,0.00927960727138337,0.000993608918139601,0.0182799268025264,0.0014665968859357,0.00548527984973891,0.00236178168513878,0.00412684607726568,NA,NA,NA,NA,2.879745715135,3.23116828482338,41.7793038029911,0.0979383438287538,0.0867540352160211,0.0329523684408054,100
"sd2","R09","limma_logtss","single",0.01,0.00151352989573874,0.0506428571428571,0.00288823976123072,0.086238515024199,0.0501289219876357,0.0823371898287008,NA,NA,NA,NA,0.0376699999999973,88.66,497.26,0.12,0.11,0.01,0.01,0.000508801357427544,0.0194151605326349,0.000675965326706517,0.00360122936397712,0.00314987122377383,0.00463427622484302,NA,NA,NA,NA,0.000537494186014947,3.23116828482338,41.7793038029911,0.0356186309210063,0.034509550720186,0.01,100
"sd2","R09","linda","single",0.0125,0.00340121183773063,0.0783333333333333,0.0049196881683964,0.0814730984877022,0.0573556807263397,0.0659410157042716,NA,NA,NA,NA,0.308570000000002,88.66,497.26,0.34,0.3,0.04,0.00780074171269873,0.000820021421400794,0.0229312396272367,0.00103034765088846,0.00364960844821807,0.00226030505837462,0.00356688891165416,NA,NA,NA,NA,0.022191786882775,3.23116828482338,41.7793038029911,0.0855404683011013,0.074535599249993,0.0242878362539562,100
"sd2","R09","lm_logtss","single",0.00333333333333333,0.00230616175618311,0.0488095238095238,0.00464879507916189,0.0873503818817835,0.052382666270188,0.0836031595134148,NA,NA,NA,NA,0.0364499999999998,88.66,497.26,0.2,0.19,0.00999999999999999,0.00333333333333333,0.000608748847754797,0.0187120972177209,0.000916515401089378,0.00374279394782319,0.00317636681812785,0.00461967605197708,NA,NA,NA,NA,0.000394501347439129,3.23116828482338,41.7793038029911,0.055048188256318,0.0506423386569624,0.00999999999999999,100
"sd2","R09","logistic_presence","single",0.02,0,0.1,0.000705727346116715,0.0537876307721606,0.0574439885983984,0.110648216808205,NA,NA,NA,NA,0.536130000000002,87.98,495.65,0.02,0,0.02,0.014070529413629,0,0.0293016357663844,0.000343385648101274,0.00254491245971205,0.00194190848293703,0.00208317126735268,NA,NA,NA,NA,0.0424248013393921,3.23756299420013,41.8502534295936,0.014070529413629,0,0.014070529413629,100
"sd2","R09","pursue","abundance",0.0573974223804909,0.0321389946693818,0.0935419681598172,0.0429619720466926,0.178919871125251,0.0600285637888375,0.0831598944098152,NA,NA,NA,NA,19.56875,88.66,497.18,3.75,3.08,0.67,0.0165275256029619,0.00569390720791196,0.0185559671029305,0.00677294172920346,0.0085079967870363,0.00477827394705352,0.00660464662589691,NA,NA,NA,NA,1.59896941495913,3.23116828482338,41.7698779388964,0.753493546921621,0.553898944216398,0.222045131457639,100
"sd2","R09","pursue","combined",0.0391483516483516,0.0203114877372116,0.0813756336681014,0.0339388292594303,0.145990681872863,0.0575110203710208,0.088307445679726,NA,NA,NA,NA,19.56875,88.66,497.26,2.31,1.92,0.39,0.0124072607255465,0.00420146688443898,0.0194312241857296,0.00590710789859757,0.00718932094207596,0.003455421803586,0.00515098912023056,NA,NA,NA,NA,1.59896941495913,3.23116828482338,41.7793038029911,0.5277539601218,0.411373653541744,0.123005296757103,100
"sd2","R09","pursue","presence",0.02,NA,0.04,NA,NA,0.0483755802438311,0.0686495167293525,0.0497656431601255,NA,NA,NA,19.56875,0,495.65,0.02,NA,0.02,0.014070529413629,NA,0.0196946385566932,NA,NA,0.00156457561722263,0.00281020043725962,0.00259726845299897,NA,NA,NA,1.59896941495913,0,41.8502534295936,0.014070529413629,NA,0.014070529413629,100
"sd2","R09","pursue03_epermcs1","single",0.01,0.00398410494048573,0.0328571428571429,0.00593936833695445,0.0902581125793604,0.0524191119365223,0.0651887078683034,NA,NA,NA,NA,30.41063,88.66,497.26,0.39,0.37,0.02,0.00703526470681448,0.000967623251110893,0.0158071505025056,0.00120988463595915,0.00421493757937208,0.00189315705808585,0.00353093042719795,NA,NA,NA,NA,1.83046842509884,3.23116828482338,41.7793038029911,0.0952349566582406,0.0928287224794767,0.014070529413629,100
"sd2","R09","wilcoxon_tss","single",0,0.00233351756982756,0.0158333333333333,0.00471706868140809,0.0819415064868864,0.0524507304894995,0.0699634785379959,NA,NA,NA,NA,0.268769999999999,88.66,497.26,0.21,0.21,0,0,0.000598643821306158,0.0107709939079135,0.00102673741128167,0.00371446047402326,0.00173202359209687,0.00356360833043749,NA,NA,NA,NA,0.0193543399721502,3.23116828482338,41.7793038029911,0.0537389875963326,0.0537389875963326,0,100
"sd2","R09","zicoseq","single",0.0133333333333333,0.00622993709450377,0.0541666666666667,0.00919813422888065,0.10658115697841,0.0563078731308258,0.073557191975791,NA,NA,NA,NA,126.7604,88.66,497.26,0.63,0.59,0.04,0.00687796461944937,0.00110047462217206,0.0172171302345341,0.00148580387675507,0.00424465720569669,0.00231087092235799,0.00453374053664964,NA,NA,NA,NA,10.5327588670065,3.23116828482338,41.7793038029911,0.110695688053037,0.102587730378649,0.0196946385566932,100
"sd2","R10","adapt","single",0.075,0.00202510165356465,0.125,0.00293419256265556,0.0729009170642454,0.0506745516111017,0.0544066800174184,NA,NA,NA,NA,0.609600000000002,22.31,497.06,0.13,0.05,0.08,0.0259904799975886,0.000912412003573286,0.0320786596359699,0.0012734794838143,0.00489668181636576,0.00138822336494367,0.00314325424779749,NA,NA,NA,NA,0.0400946607191262,0.889977300811429,41.6478159054826,0.0366666666666667,0.021904291355759,0.0272659924344291,100
"sd2","R10","fastancom","single",0,0.001036866359447,0.0183333333333333,0.002036866359447,0.0824759665616182,0.0403990706477961,0.0752359811902646,NA,NA,NA,NA,0.0472399999999978,22.31,497.06,0.03,0.03,0,0,0.000593235772516632,0.0129522562807004,0.00115368188277924,0.00529565185999379,0.00271117718778305,0.00453804603546065,NA,NA,NA,NA,0.00257643242496337,0.889977300811429,41.6478159054826,0.0171446607997765,0.0171446607997765,0,100
"sd2","R10","ldm","single",0.015,0.00169543132389432,0.0516666666666667,0.00477753153445753,0.120183285321982,0.0520569556966036,0.0563230558298215,NA,NA,NA,NA,10.66972,22.31,497.06,0.06,0.04,0.02,0.0111350751676807,0.000858271197645504,0.0211476292340825,0.00168232097301236,0.00672991879269837,0.00220495868425117,0.00343632399294503,NA,NA,NA,NA,1.13882038243549,0.889977300811429,41.6478159054826,0.0277797979063414,0.0196946385566932,0.014070529413629,100
"sd2","R10","limma_logtss","single",0.02,0.000357142857142857,0.106666666666667,0.000833333333333333,0.0821270740421075,0.0490203225692949,0.0710849000277107,NA,NA,NA,NA,0.038169999999996,22.31,497.06,0.05,0.01,0.04,0.014070529413629,0.000357142857142857,0.0306605176092534,0.00059234506185267,0.00526510827055228,0.00269116120945466,0.00358784226733085,NA,NA,NA,NA,0.000617759882743316,0.889977300811429,41.6478159054826,0.0329523684408054,0.01,0.0315268043724605,100
"sd2","R10","linda","single",0.06,0.00253419256265556,0.0883333333333333,0.00301038303884604,0.0800602854397198,0.0530806053049366,0.0579737833006603,NA,NA,NA,NA,0.2992,22.31,497.06,0.14,0.05,0.09,0.0227857832692212,0.00121746799524035,0.0272634196612858,0.0012979240086451,0.00531011419897933,0.00170905559618524,0.0036280812913556,NA,NA,NA,NA,0.0218539135020145,0.889977300811429,41.6478159054826,0.0471832875737016,0.021904291355759,0.0378593889720018,100
"sd2","R10","lm_logtss","single",0.03,0.00202510165356465,0.11,0.00202510165356465,0.0824642750586137,0.0487416140934761,0.0715300252333031,NA,NA,NA,NA,0.0361999999999998,22.31,497.06,0.1,0.05,0.05,0.0171446607997765,0.000912412003573286,0.031446603773522,0.000912412003573286,0.00533076474954152,0.00261469631493178,0.00370305982922153,NA,NA,NA,NA,0.000349602949389992,0.889977300811429,41.6478159054826,0.0389249472080761,0.021904291355759,0.0329523684408054,100
"sd2","R10","logistic_presence","single",0.08,0,0.11,0,0.053223768164842,0.0552995863118217,0.113436448921393,NA,NA,NA,NA,0.525070000000001,22.14,495.47,0.08,0,0.08,0.0272659924344291,0,0.031446603773522,0,0.0039371116999057,0.00153038895904659,0.00221720277037949,NA,NA,NA,NA,0.0419320066635057,0.891601668545733,41.7236784625283,0.0272659924344291,0,0.0272659924344291,100
"sd2","R10","pursue","abundance",0.075,0.00722399663709461,0.125833333333333,0.0128469414371573,0.190480498019686,0.0494549050514458,0.0522776246565101,NA,NA,NA,NA,19.46069,22.31,497.01,0.27,0.18,0.09,0.0259904799975886,0.00203088695298975,0.0311691153001987,0.0030409937868591,0.0106834738077637,0.0014730049045816,0.00292236204273884,NA,NA,NA,NA,1.57671222547381,0.889977300811429,41.6452077954143,0.0583528106011228,0.050010099990003,0.0320825954263823,100
"sd2","R10","pursue","combined",0.05,0.00620446061755859,0.105,0.00722399663709461,0.157127280465617,0.0458644667320529,0.0602131506332124,NA,NA,NA,NA,19.46069,22.31,497.06,0.2,0.15,0.05,0.021904291355759,0.00197650958748522,0.0295547770839986,0.00203088695298975,0.00881258520758288,0.00138826622657359,0.00231717093965859,NA,NA,NA,NA,1.57671222547381,0.889977300811429,41.6478159054826,0.0512470743190538,0.0479372485441102,0.021904291355759,100
"sd2","R10","pursue","presence",0.01,NA,0.05,NA,NA,0.046088907897229,0.0679690800360963,0.0460624796205344,NA,NA,NA,19.46069,0,495.47,0.01,NA,0.01,0.01,NA,0.021904291355759,NA,NA,0.00139376173553148,0.00292936924557899,0.00437281164318655,NA,NA,NA,1.57671222547381,0,41.7236784625283,0.01,NA,0.01,100
"sd2","R10","pursue03_epermcs1","single",0.02,0.00293419256265556,0.08,0.00293419256265556,0.0868631660846444,0.0483288232815985,0.0543401099297066,NA,NA,NA,NA,31.40457,22.31,497.06,0.09,0.06,0.03,0.0121439181269781,0.0012734794838143,0.0263235501581624,0.0012734794838143,0.00559618847224273,0.00147256688659483,0.00314746362052769,NA,NA,NA,NA,1.99348725706785,0.889977300811429,41.6478159054826,0.0350900716914789,0.0238683256575942,0.0171446607997765,100
"sd2","R10","wilcoxon_tss","single",0.01,0.00202510165356465,0.03,0.00202510165356465,0.0849538149885109,0.0501254134516266,0.0566985911951935,NA,NA,NA,NA,0.267250000000001,22.31,497.06,0.06,0.05,0.01,0.01,0.000912412003573286,0.0156023826204315,0.000912412003573286,0.00542506552556813,0.00145907061992856,0.0030011729818545,NA,NA,NA,NA,0.0193152704282694,0.889977300811429,41.6478159054826,0.0238683256575942,0.021904291355759,0.01,100
"sd2","R10","zicoseq","single",0.04,0.0019709890994521,0.103333333333333,0.00323700217134752,0.113157246026429,0.0495222965650969,0.0560363182902515,NA,NA,NA,NA,125.82487,22.31,497.06,0.11,0.05,0.06,0.0196946385566932,0.000893641646558732,0.0298499803074417,0.00114937701322332,0.00678321457437126,0.00159688938228021,0.00320558600414444,NA,NA,NA,NA,10.3892126536596,0.889977300811429,41.6478159054826,0.0373219679669936,0.021904291355759,0.031204765240863,100
"sd2","R11","adapt","single",0.12,0.000729166666666667,0.208333333333333,0.00145667989417989,0.0697576979840376,0.0472951671089987,0.0546170704417607,NA,NA,NA,NA,0.613360000000001,23.05,501.66,0.19,0.02,0.17,0.032659863237109,0.000518301929121087,0.0399477071200919,0.000721091645520088,0.00437969785160321,0.00139856965931025,0.00275611136187864,NA,NA,NA,NA,0.0403469061059611,0.888691581637143,42.3442892527816,0.0506423386569624,0.014070529413629,0.0493493012650993,100
"sd2","R11","fastancom","single",0,0,0.02,0,0.0769475327653015,0.037552423565964,0.063006687085451,NA,NA,NA,NA,0.0477099999999987,23.05,501.66,0,0,0,0,0,0.014070529413629,0,0.00525377311606923,0.00148621776672057,0.00313490807271238,NA,NA,NA,NA,0.00263025500933678,0.888691581637143,42.3442892527816,0,0,0,100
"sd2","R11","ldm","single",0.0425,0.00190972222222222,0.1075,0.00246527777777778,0.110102734500859,0.0525459517482477,0.0573709322709288,NA,NA,NA,NA,8.98425,23.05,501.66,0.11,0.06,0.05,0.0198017318903824,0.00115674960263281,0.0304127747613872,0.00127486397234853,0.00664627650677948,0.00172281522857108,0.00298998163507546,NA,NA,NA,NA,0.685093630462289,0.888691581637143,42.3442892527816,0.0490207130000197,0.0371184290855335,0.021904291355759,100
"sd2","R11","limma_logtss","single",0.04,0,0.09,0,0.0763569945907906,0.0474719919553793,0.0699172596927663,NA,NA,NA,NA,0.0378699999999989,23.05,501.66,0.05,0,0.05,0.0196946385566932,0,0.0287623491264661,0,0.00525254212329697,0.00208020272920585,0.00320576913552809,NA,NA,NA,NA,0.000573779776850915,0.888691581637143,42.3442892527816,0.0261116483933547,0,0.0261116483933547,100
"sd2","R11","linda","single",0.04,0.00037037037037037,0.11,0.00109953703703704,0.0772712806094134,0.055525059602255,0.057339351602785,NA,NA,NA,NA,0.302869999999999,23.05,501.66,0.06,0.00999999999999999,0.05,0.0196946385566932,0.00037037037037037,0.0306330514050402,0.000632736365705414,0.00502096432956118,0.00161811675841565,0.00314212671136383,NA,NA,NA,NA,0.0221542738426459,0.888691581637143,42.3442892527816,0.0277797979063414,0.00999999999999999,0.0261116483933547,100
"sd2","R11","lm_logtss","single",0.055,0.00037037037037037,0.095,0.000787037037037037,0.0719112632088803,0.0484793107900748,0.0700198251092418,NA,NA,NA,NA,0.0365699999999976,23.05,501.66,0.08,0.00999999999999999,0.07,0.0223550324255519,0.00037037037037037,0.0290375931885172,0.000554678038729864,0.00519761461399788,0.0021247767652137,0.00335426896931672,NA,NA,NA,NA,0.000357390938369011,0.888691581637143,42.3442892527816,0.0338743966363203,0.00999999999999999,0.0293188669562103,100
"sd2","R11","logistic_presence","single",0.12,0,0.175,0.000294117647058824,0.0519900284452801,0.0539532653452597,0.110610888189248,NA,NA,NA,NA,0.534019999999999,22.89,500.05,0.13,0,0.13,0.032659863237109,0,0.0378560537837848,0.000294117647058824,0.00394089810880118,0.00156054809637238,0.00172083377673301,NA,NA,NA,NA,0.0439780063948406,0.887385787216324,42.4097577274977,0.0366666666666667,0,0.0366666666666667,100
"sd2","R11","pursue","abundance",0.055,0.007540106518009,0.097,0.0145637698810266,0.184476980472695,0.0473094643222846,0.0569556662589233,NA,NA,NA,NA,19.46049,23.05,501.58,0.23,0.17,0.06,0.0223550324255519,0.00243705769319496,0.0290403759332319,0.003586176136121,0.0118727526167181,0.0015319137451718,0.00330713239152011,NA,NA,NA,NA,1.59319371529122,0.888691581637143,42.3388356719998,0.0547814758929522,0.0493493012650994,0.0238683256575942,100
"sd2","R11","pursue","combined",0.045,0.00502376664872795,0.08,0.00828084725874974,0.146592689116192,0.0457013779536353,0.0657093709946622,NA,NA,NA,NA,19.46049,23.05,501.66,0.18,0.13,0.05,0.0202197523189179,0.00169078944851449,0.0263235501581624,0.00252489869638889,0.0100945808524207,0.00151220266163942,0.00238135233546515,NA,NA,NA,NA,1.59319371529122,0.888691581637143,42.3442892527816,0.0479477830456206,0.0418148878808116,0.021904291355759,100
"sd2","R11","pursue","presence",0.02,NA,0.06,NA,NA,0.0457775301911346,0.0676938422720555,0.048762953581161,NA,NA,NA,19.46049,0,500.05,0.03,NA,0.03,0.014070529413629,NA,0.0238683256575942,NA,NA,0.00152300736850386,0.00250429856202955,0.00453963982038574,NA,NA,NA,1.59319371529122,0,42.4097577274977,0.0222701503353614,NA,0.0222701503353614,100
"sd2","R11","pursue03_epermcs1","single",0.055,0.00218915343915344,0.135,0.00218915343915344,0.0816161138609302,0.047738408612176,0.0534846791314717,NA,NA,NA,NA,30.28534,23.05,501.66,0.11,0.05,0.06,0.0223550324255519,0.000972051330236946,0.0339748867443724,0.000972051330236946,0.00534780697443083,0.00145568533910839,0.00259129378348031,NA,NA,NA,NA,1.9093638205529,0.888691581637143,42.3442892527816,0.034509550720186,0.021904291355759,0.0238683256575942,100
"sd2","R11","wilcoxon_tss","single",0.04,0.000416666666666667,0.085,0.00118703703703704,0.075971137420071,0.0472582472688911,0.0566403505853314,NA,NA,NA,NA,0.269340000000001,23.05,501.66,0.05,0.01,0.04,0.0196946385566932,0.000416666666666667,0.0275745087962331,0.000679196460091205,0.00471203324995494,0.00145465474839086,0.00272380729362901,NA,NA,NA,NA,0.0193981578840089,0.888691581637143,42.3442892527816,0.021904291355759,0.01,0.0196946385566932,100
"sd2","R11","zicoseq","single",0.105,0.00289980158730159,0.1175,0.00512850529100529,0.106517107112545,0.0519690250122064,0.0552631631802145,NA,NA,NA,NA,125.24276,23.05,501.66,0.19,0.06,0.13,0.0303972021572693,0.00129673554510786,0.0316736435695311,0.00177078660216518,0.00663623813430913,0.00188026589427608,0.00310209140118635,NA,NA,NA,NA,10.4420136913203,0.888691581637143,42.3442892527816,0.0464823198711732,0.0238683256575942,0.0393251147037697,100
"sd2","R12","adapt","single",0.055,0.00270102990691226,0.111666666666667,0.00328926520102991,0.0667469777978151,0.0481793908056249,0.0557513458796313,NA,NA,NA,NA,0.608379999999998,22.19,500.36,0.12,0.04,0.08,0.0223550324255519,0.00139665186668581,0.030891632027022,0.00150484530684187,0.00489941178460776,0.00167198419160592,0.00277706853683846,NA,NA,NA,NA,0.0402799842014953,0.840838326260816,42.0419836339675,0.0408989886516436,0.0196946385566932,0.0338743966363203,100
"sd2","R12","fastancom","single",0,0.00142156862745098,0,0.00142156862745098,0.0641825342016502,0.0367444985476495,0.0730030044457126,NA,NA,NA,NA,0.0471499999999992,22.19,500.36,0.02,0.02,0,0,0.00101516612168191,0,0.00101516612168191,0.00494490168111192,0.00179901867144967,0.00413188241628593,NA,NA,NA,NA,0.0025711049780358,0.840838326260816,42.0419836339675,0.014070529413629,0.014070529413629,0,100
"sd2","R12","ldm","single",0.025,0.00179193899782135,0.0916666666666667,0.00270102990691226,0.0721172773176938,0.0469222286129608,0.0561436773769152,NA,NA,NA,NA,8.82455,22.19,500.36,0.06,0.03,0.03,0.0148647097502641,0.00107568581047058,0.0281664724158026,0.00139665186668581,0.00461416475223395,0.0015395777824963,0.00298565407702622,NA,NA,NA,NA,0.655111512039798,0.840838326260816,42.0419836339675,0.0277797979063414,0.0171446607997765,0.0171446607997765,100
"sd2","R12","limma_logtss","single",0.0266666666666667,0.00142156862745098,0.0952380952380952,0.00233065953654189,0.0649245072680661,0.0483393250730517,0.0754312918958346,NA,NA,NA,NA,0.0380600000000006,22.19,500.36,0.08,0.02,0.06,0.0154832373788765,0.00101516612168191,0.0289061680243554,0.00135310781369555,0.00467803390797122,0.00272193576548405,0.00440499796380001,NA,NA,NA,NA,0.000560450756538862,0.840838326260816,42.0419836339675,0.0418752355639387,0.014070529413629,0.0342893215995531,100
"sd2","R12","linda","single",0.025,0.00233065953654189,0.0966666666666667,0.00233065953654189,0.0643308650484358,0.0522242919556777,0.0563356560369835,NA,NA,NA,NA,0.300670000000001,22.19,500.36,0.08,0.03,0.05,0.0148647097502641,0.00135310781369555,0.0293188669562103,0.00135310781369555,0.00479969821254622,0.00171076395005175,0.0028668191375533,NA,NA,NA,NA,0.0222717153367318,0.840838326260816,42.0419836339675,0.0393892771133865,0.0171446607997765,0.0329523684408054,100
"sd2","R12","lm_logtss","single",0.028,0.00270102990691226,0.065,0.00347026067614303,0.0657031934974115,0.049702033967454,0.0752079741197103,NA,NA,NA,NA,0.0364900000000017,22.19,500.36,0.12,0.04,0.08,0.0160856294482832,0.00139665186668581,0.0240294198656498,0.00158125847549376,0.00476759091465712,0.00262912167069347,0.0044611298166402,NA,NA,NA,NA,0.000494514352111899,0.840838326260816,42.0419836339675,0.0590839156700797,0.0196946385566932,0.0485756725079124,100
"sd2","R12","logistic_presence","single",0.055,0.00212232620320856,0.175,0.00212232620320856,0.0617662058091997,0.0525482721102485,0.109945998168522,NA,NA,NA,NA,0.522460000000001,22.04,498.81,0.1,0.03,0.07,0.0223550324255519,0.00123829850561129,0.0378560537837848,0.00123829850561129,0.00462794235484541,0.0016512894787123,0.00164382950984385,NA,NA,NA,NA,0.042034914347985,0.845895616455951,42.1040142883303,0.0362371537669739,0.0171446607997765,0.0293188669562103,100
"sd2","R12","pursue","abundance",0.07,0.00130952380952381,0.106666666666667,0.00257115977704213,0.0879977259250256,0.0493025674566092,0.0547479660168232,NA,NA,NA,NA,19.30204,22.19,500.27,0.11,0.02,0.09,0.0256432399976243,0.000955607209775865,0.0306605176092534,0.00120189897099614,0.00617015924020153,0.00147284945985924,0.00296454457455911,NA,NA,NA,NA,1.57913065393781,0.840838326260816,42.033819608847,0.0373219679669936,0.014070529413629,0.0350900716914789,100
"sd2","R12","pursue","combined",0.05,0.00221861471861472,0.095,0.00369811560988031,0.0784736951180632,0.0461692117482065,0.0641368001888233,NA,NA,NA,NA,19.30204,22.19,500.36,0.09,0.03,0.06,0.021904291355759,0.0013098020447065,0.0290375931885172,0.00176577962692296,0.00522240366548526,0.00130140045994544,0.00257123751053693,NA,NA,NA,NA,1.57913065393781,0.840838326260816,42.0419836339675,0.0320825954263823,0.0171446607997765,0.0277797979063414,100
"sd2","R12","pursue","presence",0.04,NA,0.1,NA,NA,0.0442571455291926,0.0714720737784469,0.0482232033750595,NA,NA,NA,19.30204,0,498.8,0.04,NA,0.04,0.0196946385566932,NA,0.0301511344577764,NA,NA,0.00147557798717126,0.00289426855587948,0.00509702591125035,NA,NA,NA,1.57913065393781,0,42.1023716311765,0.0196946385566932,NA,0.0196946385566932,100
"sd2","R12","pursue03_epermcs1","single",0.06,0.000958605664488017,0.11,0.00270102990691226,0.0676292609514845,0.0475223023792436,0.0561823479915324,NA,NA,NA,NA,30.31251,22.19,500.36,0.12,0.02,0.1,0.0238683256575942,0.000691949175086657,0.0306330514050402,0.00139665186668581,0.00484246569056894,0.00155226679363158,0.00314128744892529,NA,NA,NA,NA,1.95894313371014,0.840838326260816,42.0419836339675,0.0455715665384423,0.014070529413629,0.0438085827115181,100
"sd2","R12","wilcoxon_tss","single",0.01,0.000958605664488017,0.065,0.00270102990691226,0.0673543680243697,0.0464437537430807,0.0578816426032597,NA,NA,NA,NA,0.267339999999997,22.19,500.36,0.03,0.02,0.01,0.01,0.000691949175086657,0.0242618293546955,0.00139665186668581,0.00472926503761545,0.00164337216694786,0.00281524952133309,NA,NA,NA,NA,0.019360984510404,0.840838326260816,42.0419836339675,0.0171446607997765,0.014070529413629,0.01,100
"sd2","R12","zicoseq","single",0.03,0.00126163596751832,0.1,0.00226163596751832,0.0706019634886182,0.0485088171572596,0.0559620898017051,NA,NA,NA,NA,124.02795,22.19,500.36,0.08,0.03,0.05,0.0171446607997765,0.000751500239523096,0.0301511344577764,0.00124067119524065,0.00466105387485801,0.00173854093547809,0.00315527919887956,NA,NA,NA,NA,10.2796889427684,0.840838326260816,42.0419836339675,0.03673547263198,0.0171446607997765,0.0329523684408054,100
"sd2","R13","adapt","single",0.095,0.00851059730217946,0.1675,0.0147242203136286,0.127749323257193,0.0518648662565023,0.0561970641388082,NA,NA,NA,NA,0.613699999999998,22.28,497.98,0.3,0.18,0.12,0.0281545159375324,0.0021837919180662,0.0344610378734177,0.00284133125008124,0.00818977581474952,0.00170601870677792,0.0030463832165072,NA,NA,NA,NA,0.0396419925805648,0.872946942051098,41.8789814449765,0.0559581373109678,0.0411452219939241,0.0356186309210063,100
"sd2","R13","fastancom","single",0.015,0.00725340649664003,0.0866666666666667,0.00992018818516085,0.161606229528874,0.0410208543664011,0.0723519975797444,NA,NA,NA,NA,0.0476099999999992,22.28,497.98,0.19,0.17,0.02,0.0111350751676807,0.00177965923069269,0.026535874537802,0.00232849267658809,0.00899449983481164,0.00173676580330404,0.00442409629726853,NA,NA,NA,NA,0.00261000000000011,0.872946942051098,41.8789814449765,0.0442559132612339,0.0403394686042433,0.014070529413629,100
"sd2","R13","ldm","single",0.0417857142857143,0.0449884843492681,0.0821370851370851,0.0628857448596852,0.293112544099558,0.0522781957508513,0.0558599956883308,NA,NA,NA,NA,16.53647,22.28,497.98,1.31,1.13,0.18,0.0127784891756113,0.00660446568865813,0.0185636445361553,0.00806492294681743,0.0118374905851524,0.00155247271651913,0.00300940328431335,NA,NA,NA,NA,2.13172152418124,0.872946942051098,41.8789814449765,0.209711201128571,0.175035349965011,0.0625711715980412,100
"sd2","R13","limma_logtss","single",0.039,0.00940184185663725,0.0948333333333333,0.0133448661526027,0.16391861695528,0.0503470059553209,0.0691281527091533,NA,NA,NA,NA,0.0380200000000001,22.28,497.98,0.25,0.19,0.06,0.0181405845573071,0.00253139257041592,0.0275563854143532,0.00293909712360565,0.00941989253497474,0.00216888609865552,0.0030545912538066,NA,NA,NA,NA,0.000573308667545572,0.872946942051098,41.8789814449765,0.0657128740672771,0.0486068540704525,0.0277797979063414,100
"sd2","R13","linda","single",0.0633333333333333,0.0125296528537687,0.143333333333333,0.0166263873781247,0.160036706310554,0.0562617779484553,0.0557869969743296,NA,NA,NA,NA,0.301550000000001,22.28,497.98,0.39,0.27,0.12,0.0229404146924729,0.00287339667762653,0.0326547081801379,0.00303034629217234,0.0089266786986598,0.0018174304485359,0.00321659567290773,NA,NA,NA,NA,0.0219323034436296,0.872946942051098,41.8789814449765,0.0863338598322544,0.0600588936550675,0.0455715665384423,100
"sd2","R13","lm_logtss","single",0.0415,0.011811519135635,0.0958333333333333,0.016795437069553,0.162240533376619,0.0514678792620446,0.0686622629280259,NA,NA,NA,NA,0.0364600000000006,22.28,497.98,0.33,0.26,0.07,0.0182581792934321,0.00267412589036408,0.0261603608177425,0.0033027081472227,0.0093331711240325,0.00213931856281086,0.00290168926261001,NA,NA,NA,NA,0.000367744970919186,0.872946942051098,41.8789814449765,0.075283974175629,0.0561743318211757,0.0293188669562103,100
"sd2","R13","logistic_presence","single",0.1,0.000344827586206897,0.226666666666667,0.000779610194902549,0.058907498328108,0.0576584111044936,0.11184910413232,NA,NA,NA,NA,0.524100000000003,22.17,496.35,0.17,0.01,0.16,0.0301511344577764,0.000344827586206897,0.0418108616049484,0.000552189453355899,0.0051699158753831,0.00195532810032053,0.00174988827950768,NA,NA,NA,NA,0.041887090897297,0.875716733869919,41.9524198384674,0.0682464340282755,0.01,0.0677487932726406,100
"sd2","R13","pursue","abundance",0.0593463203463203,0.142293635070374,0.128855302978755,0.194309856452906,0.471896159419534,0.046453528725271,0.0547590101984645,NA,NA,NA,NA,19.29138,22.27,497.85,3.99,3.76,0.23,0.0185252087566565,0.0156983904448643,0.0233786049259183,0.0187449677302961,0.0185005488310837,0.00154178361215201,0.00325931969954932,NA,NA,NA,NA,1.58634776587575,0.872226339821716,41.8652368386416,0.458917258887755,0.442244047986853,0.0509604719068583,100
"sd2","R13","pursue","combined",0.0213730158730159,0.113461783269458,0.0677058080808081,0.145202565220684,0.405258171792185,0.0476169708496364,0.0660724165434826,NA,NA,NA,NA,19.29138,22.28,497.98,3.08,2.97,0.11,0.00849461611961448,0.0131208820390263,0.0183673709596685,0.0159913773613709,0.017943222006337,0.00156237439909318,0.00296987266904295,NA,NA,NA,NA,1.58634776587575,0.872946942051098,41.8789814449765,0.376769897358528,0.365550643177211,0.034509550720186,100
"sd2","R13","pursue","presence",0.01,NA,0.04,NA,NA,0.0470820271119512,0.0697361699464506,0.0401751887198521,NA,NA,NA,19.29138,0,496.35,0.01,NA,0.01,0.01,NA,0.0196946385566932,NA,NA,0.00169543850969339,0.00289905501825582,0.00520257120429188,NA,NA,NA,1.58634776587575,0,41.9524198384674,0.01,NA,0.01,100
"sd2","R13","pursue03_epermcs1","single",0.0751190476190476,0.0232827082328163,0.104428571428571,0.0327538702726395,0.201278438077172,0.0504014200300544,0.0549532454839859,NA,NA,NA,NA,31.01288,22.28,497.97,0.71,0.54,0.17,0.0225697514765916,0.00451295615019661,0.0254306631091485,0.00634184215583958,0.0107991793502563,0.00165088545461973,0.00297015590959207,NA,NA,NA,NA,1.90867384715253,0.872946942051098,41.8795807505088,0.134310810955016,0.101920943813717,0.0532859638121892,100
"sd2","R13","wilcoxon_tss","single",0.0366666666666667,0.0122715155399519,0.1,0.0178139586041341,0.136708959051115,0.0516385143381915,0.0588712802025562,NA,NA,NA,NA,0.2671,22.28,497.98,0.36,0.28,0.08,0.0152752523165195,0.00233515463294893,0.026696111689702,0.00316671892740814,0.00798836061890665,0.00192407951968436,0.00294383895179565,NA,NA,NA,NA,0.0191990819435397,0.872946942051098,41.8789814449765,0.0718021974284601,0.0514045157785213,0.0338743966363203,100
"sd2","R13","zicoseq","single",0.0492857142857143,0.0286337603276458,0.084547619047619,0.0488970342900896,0.257112334198738,0.0496743955765624,0.0561804705713186,NA,NA,NA,NA,125.44223,22.28,497.98,0.84,0.72,0.12,0.0171125172435172,0.00452761458579429,0.0211219442688417,0.0063243215730299,0.00966128298830864,0.00173929162155202,0.00318206513918309,NA,NA,NA,NA,10.5139227488823,0.872946942051098,41.8789814449765,0.136122345444431,0.115540014494957,0.0408989886516436,100
"sd2","R14","adapt","single",0.0766666666666667,0.00307645502645503,0.126333333333333,0.00633719954173675,0.0741346742967181,0.0529412444049756,0.0537112725188462,NA,NA,NA,NA,0.621219999999998,22.62,502.71,0.18,0.06,0.12,0.0263171539607267,0.00166308212797816,0.032071381524762,0.00224120852146566,0.00509272031046729,0.00144719396262661,0.00279376688163942,NA,NA,NA,NA,0.0418717874208657,0.839886957280622,42.4849332651642,0.0575246982529323,0.031204765240863,0.0455715665384423,100
"sd2","R14","fastancom","single",0,0,0.01,0.000285714285714286,0.0823685801610833,0.0402449085819596,0.0720349831544495,NA,NA,NA,NA,0.048340000000002,22.62,502.71,0,0,0,0,0,0.01,0.000285714285714286,0.0052722441279998,0.00191635128986168,0.00354172520024813,NA,NA,NA,NA,0.00274282240538368,0.839886957280622,42.4849332651642,0,0,0,100
"sd2","R14","ldm","single",0.015,0.0048271952642662,0.1125,0.011055887314133,0.143589975248594,0.0516783201601721,0.0561803452093223,NA,NA,NA,NA,12.39849,22.62,502.71,0.11,0.09,0.02,0.0111350751676807,0.00190690383528857,0.0294776589869183,0.00277189780892503,0.00774587181201544,0.00197763938782171,0.00334611970055859,NA,NA,NA,NA,1.83480955615909,0.839886957280622,42.4849332651642,0.0373219679669936,0.0320825954263823,0.014070529413629,100
"sd2","R14","limma_logtss","single",0.01,0.00111904761904762,0.0475,0.00355952380952381,0.0845657731386631,0.0519004780030496,0.0724520553710724,NA,NA,NA,NA,0.0377999999999999,22.62,502.71,0.03,0.02,0.01,0.01,0.000878218135030053,0.0209300783997142,0.00164735730904593,0.00513056708356532,0.00250461486899676,0.0038867042844747,NA,NA,NA,NA,0.000584824932796372,0.839886957280622,42.4849332651642,0.0171446607997765,0.014070529413629,0.01,100
"sd2","R14","linda","single",0.025,0.00309198209198209,0.0641666666666667,0.00437979213432934,0.0812661315778944,0.0560832175995552,0.0575319094975067,NA,NA,NA,NA,0.30285,22.62,502.71,0.09,0.06,0.03,0.0148647097502641,0.00157346379119528,0.0226862845882156,0.00171868332441393,0.00519471615117458,0.00152839134620109,0.00300683632762518,NA,NA,NA,NA,0.0223226269000127,0.839886957280622,42.4849332651642,0.0350900716914789,0.0277797979063414,0.0171446607997765,100
"sd2","R14","lm_logtss","single",0.01,0.00222531542531543,0.06,0.00625163121478911,0.085478663795096,0.0530675301328983,0.0715094361025408,NA,NA,NA,NA,0.0362000000000002,22.62,502.71,0.07,0.06,0.01,0.01,0.00118960249418073,0.0227857832692212,0.00209836264034275,0.00522182932316027,0.00251679050373273,0.0039151378975286,NA,NA,NA,NA,0.000314947486403338,0.839886957280622,42.4849332651642,0.0325824517434794,0.031204765240863,0.01,100
"sd2","R14","logistic_presence","single",0.08,0,0.16,0.00125,0.0515054951325727,0.0574532385978015,0.113250789285189,NA,NA,NA,NA,0.528839999999999,22.45,501.21,0.11,0,0.11,0.0272659924344291,0,0.0368452949177471,0.00125,0.00423040689723904,0.00158441216580123,0.00201246294705628,NA,NA,NA,NA,0.0422892271307141,0.842839716600249,42.5592143520369,0.0399368187885502,0,0.0399368187885502,100
"sd2","R14","pursue","abundance",0.1,0.0110978278211949,0.135833333333333,0.0209091552555773,0.220039083364257,0.0489224331427701,0.0508479700503365,NA,NA,NA,NA,19.59498,22.62,502.61,0.41,0.26,0.15,0.0282038037408883,0.00308368224906955,0.0315404849130794,0.00438520084354318,0.0121362458522036,0.00148074436588649,0.00264811773626941,NA,NA,NA,NA,1.62292220722468,0.839886957280622,42.4749715845827,0.104538427519658,0.0760382678775508,0.0411329453348431,100
"sd2","R14","pursue","combined",0.045,0.00847742085296189,0.112166666666667,0.0120088009060811,0.175832238295335,0.0483464776708273,0.0620421641447661,NA,NA,NA,NA,19.59498,22.62,502.71,0.28,0.2,0.08,0.019077342729313,0.00234923167027966,0.0289876468523002,0.00323732135130511,0.0109714064657749,0.00162397397311114,0.00247979761929082,NA,NA,NA,NA,1.62292220722468,0.839886957280622,42.4849332651642,0.0753175097353017,0.0568535243614961,0.0338743966363203,100
"sd2","R14","pursue","presence",0.01,NA,0.05,NA,NA,0.047501916240063,0.0695395924852366,0.0404725680770359,NA,NA,NA,19.59498,0,501.21,0.01,NA,0.01,0.01,NA,0.021904291355759,NA,NA,0.00153188751566739,0.00288277375197608,0.00407908943501961,NA,NA,NA,1.62292220722468,0,42.5592143520369,0.01,NA,0.01,100
"sd2","R14","pursue03_epermcs1","single",0.032,0.00312690272690273,0.092,0.00396571851637641,0.0890821587336123,0.0519736495651183,0.0528164632985928,NA,NA,NA,NA,31.16767,22.62,502.71,0.13,0.0799999999999999,0.05,0.0172257735015666,0.00176254107174247,0.0278770750461972,0.00185064991386631,0.00594914210658215,0.00155951130635944,0.00265303581192239,NA,NA,NA,NA,1.97611021556276,0.839886957280622,42.4849332651642,0.0597215762238964,0.0464497121366296,0.0261116483933547,100
"sd2","R14","wilcoxon_tss","single",0.01,0.0012962962962963,0.04,0.00430490196078431,0.0829903229182651,0.0530856140351755,0.0553205504225807,NA,NA,NA,NA,0.271100000000002,22.62,502.71,0.04,0.03,0.01,0.01,0.000921425651770821,0.0196946385566932,0.0019864207771538,0.00533971023492708,0.00143152708519033,0.00282899146497428,NA,NA,NA,NA,0.0198579170278978,0.839886957280622,42.4849332651642,0.0242878362539562,0.0222701503353614,0.01,100
"sd2","R14","zicoseq","single",0.052,0.00557441294615207,0.0643333333333333,0.0119737481012081,0.121232146794662,0.0504107630411646,0.0553082676756851,NA,NA,NA,NA,126.75424,22.62,502.71,0.22,0.13,0.09,0.0207671068585089,0.00219551690680692,0.0216660450571282,0.00315215720440968,0.00703293737644125,0.00176736221480674,0.00305030961388549,NA,NA,NA,NA,10.6320757941785,0.839886957280622,42.4849332651642,0.0746439359339871,0.0525222415609412,0.0350900716914789,100
"sd2","R15","adapt","single",0.09,0.00134920634920635,0.153333333333333,0.0040395361174773,0.0775998058446226,0.0526442484495739,0.0569120760919348,NA,NA,NA,NA,0.607469999999998,22.42,500.02,0.14,0.03,0.11,0.0287623491264661,0.000838897796679263,0.035587107212803,0.00135553111105008,0.00541069382146287,0.00141793379490915,0.00315595286218549,NA,NA,NA,NA,0.0399863700389129,0.851876123208609,42.0912212349619,0.0402517331328978,0.0171446607997765,0.0373219679669936,100
"sd2","R15","fastancom","single",0.02,0,0.03,0.000357142857142857,0.084242869415509,0.0417737244804583,0.0687924297169627,NA,NA,NA,NA,0.048069999999998,22.42,500.02,0.03,0,0.03,0.014070529413629,0,0.0171446607997765,0.000357142857142857,0.00495235386317221,0.00169672021739929,0.00381531727733082,NA,NA,NA,NA,0.002685398414847,0.851876123208609,42.0912212349619,0.0222701503353614,0,0.0222701503353614,100
"sd2","R15","ldm","single",0.0533333333333333,0.00530881821470057,0.115,0.00875637501519855,0.127865519697483,0.0514575112508862,0.0572929851672883,NA,NA,NA,NA,10.79767,22.42,500.02,0.2,0.13,0.07,0.0209054308024742,0.00170846958458164,0.0292724153178545,0.00226995508867309,0.00721776236015311,0.00174747576823216,0.0032981459460639,NA,NA,NA,NA,1.13435047565877,0.851876123208609,42.0912212349619,0.0531816023478311,0.0393251147037697,0.0256432399976243,100
"sd2","R15","limma_logtss","single",0.04,5e-04,0.14990350877193,0.00458380018674136,0.0841185899650128,0.0527685338838985,0.0693404662637553,NA,NA,NA,NA,0.0379200000000003,22.42,500.02,0.06,0.01,0.05,0.0196946385566932,5e-04,0.0349138900205864,0.00257898412913115,0.0057906224542444,0.00344479616295263,0.00440905469637517,NA,NA,NA,NA,0.000630004008324613,0.851876123208609,42.0912212349619,0.0277797979063414,0.01,0.0261116483933547,100
"sd2","R15","linda","single",0.02,0.00232142857142857,0.0941666666666667,0.00480133015133015,0.0842086108359665,0.0560303778910381,0.0563092653192519,NA,NA,NA,NA,0.306159999999999,22.42,500.02,0.08,0.04,0.04,0.014070529413629,0.00147242835085528,0.0286395367276264,0.00174327463156498,0.00544158169843799,0.00171214914306366,0.00318777140743473,NA,NA,NA,NA,0.0225320634392031,0.851876123208609,42.0912212349619,0.0393892771133865,0.0242878362539562,0.0315268043724605,100
"sd2","R15","lm_logtss","single",0.06,0.00184920634920635,0.11468253968254,0.00585655929038282,0.0851615861708128,0.0544603385819892,0.0685533559439349,NA,NA,NA,NA,0.0365099999999994,22.42,500.02,0.12,0.04,0.08,0.0238683256575942,0.000969598456223834,0.0313779618606574,0.00278797447929122,0.00559992816856534,0.00339740829169411,0.00451484607381608,NA,NA,NA,NA,0.000375915045205906,0.851876123208609,42.0912212349619,0.0383497988352882,0.0196946385566932,0.0338743966363203,100
"sd2","R15","logistic_presence","single",0.07,4e-04,0.115,0.000834782608695652,0.055736381441535,0.0555740234489185,0.116444684733788,NA,NA,NA,NA,0.5309,22.17,498.41,0.1,0.01,0.09,0.0256432399976243,4e-04,0.0316666666666667,0.000587811638202625,0.00416779658843815,0.00137123271957212,0.00221562348311067,NA,NA,NA,NA,0.0429437016936304,0.858358193226341,42.166193781035,0.0362371537669739,0.01,0.0350900716914789,100
"sd2","R15","pursue","abundance",0.0583333333333333,0.0102195828213043,0.115,0.0177646150222188,0.193564918937035,0.0486466793093872,0.0582356251034258,NA,NA,NA,NA,19.57273,22.42,499.96,0.32,0.24,0.08,0.0225200995147642,0.00246474824545751,0.0298523301630143,0.00347372934630121,0.0117019060335623,0.00171209860662473,0.00310590531938469,NA,NA,NA,NA,1.60160502235959,0.851876123208609,42.0832914371229,0.0664845998724669,0.0570663268185859,0.0307482445914323,100
"sd2","R15","pursue","combined",0.055,0.00555683655247283,0.0616666666666667,0.0109899531916747,0.164426273902984,0.0457755865560031,0.0644513551994175,NA,NA,NA,NA,19.57273,22.42,500.02,0.2,0.12,0.08,0.0223550324255519,0.0018118175273059,0.0226790172333626,0.00255604182330555,0.00995365915462423,0.00149868660902107,0.00252094903920924,NA,NA,NA,NA,1.60160502235959,0.851876123208609,42.0912212349619,0.0531816023478311,0.0383497988352882,0.03673547263198,100
"sd2","R15","pursue","presence",0,NA,0.04,NA,NA,0.0459002749536566,0.0700999594543828,0.0512228775347803,NA,NA,NA,19.57273,0,498.41,0,NA,0,0,NA,0.0196946385566932,NA,NA,0.00141210705440976,0.00290675969172273,0.00586586056837709,NA,NA,NA,1.60160502235959,0,42.166193781035,0,NA,0,100
"sd2","R15","pursue03_epermcs1","single",0.0566666666666667,0.00356949254449254,0.0716666666666667,0.00565312753695107,0.0958035124003769,0.0494074938144918,0.0559086332472852,NA,NA,NA,NA,30.14127,22.42,500.01,0.16,0.08,0.08,0.0227488113427585,0.00127884410338723,0.0249865283568286,0.0015377368047491,0.0058787294386642,0.00132453667344185,0.0030438119250833,NA,NA,NA,NA,1.90340985044172,0.851876123208609,42.0918224141152,0.046536615322309,0.0272659924344291,0.0338743966363203,100
"sd2","R15","wilcoxon_tss","single",0.02,0.00411488484282602,0.0816666666666667,0.00723868800045271,0.0869862955663353,0.0512515436269652,0.0594119430452506,NA,NA,NA,NA,0.271399999999999,22.42,500.02,0.12,0.09,0.03,0.014070529413629,0.00155266294362624,0.0256776835860136,0.00208685009161964,0.00561718427310992,0.00145438980431978,0.00322673212199969,NA,NA,NA,NA,0.0194074857993121,0.851876123208609,42.0912212349619,0.0383497988352882,0.0320825954263823,0.0222701503353614,100
"sd2","R15","zicoseq","single",0.02,0.00366641767818238,0.0883333333333333,0.00730420766597237,0.118301736092683,0.0509167325380357,0.0549857802070597,NA,NA,NA,NA,125.91951,22.42,500.02,0.12,0.1,0.02,0.014070529413629,0.00124473394760786,0.0276720209009162,0.00178641388912601,0.00697133853812719,0.00132669011835092,0.00299111612679236,NA,NA,NA,NA,10.4456620142168,0.851876123208609,42.0912212349619,0.0356186309210063,0.0333333333333333,0.014070529413629,100
"sd2","R20","adapt","single",0.1,0.000788690476190476,0.15,0.00187056182121972,0.0732782266733312,0.0494640975817614,0.0528453124202916,NA,NA,NA,NA,0.67123,22.56,499.87,0.14,0.02,0.12,0.0301511344577764,0.00056692800831169,0.0358870281282637,0.000862560046088879,0.00519112321471795,0.00130307109331557,0.0027748679940522,NA,NA,NA,NA,0.0456984601888989,0.908803186791966,42.1504799570071,0.042687494916219,0.014070529413629,0.0408989886516436,100
"sd2","R20","fastancom","single",0.01,0.000868055555555556,0.04,0.0011312134502924,0.0767887900133385,0.0384226882644879,0.0683620378337819,NA,NA,NA,NA,0.0483899999999967,22.56,499.87,0.03,0.02,0.01,0.01,0.000634658120671815,0.0196946385566932,0.000683687169417421,0.00558562370705646,0.00172444907408019,0.00327139967900605,NA,NA,NA,NA,0.00273188782915945,0.908803186791966,42.1504799570071,0.0171446607997765,0.014070529413629,0.01,100
"sd2","R20","ldm","single",0.02,0.000555555555555556,0.055,0.00178174603174603,0.101774756568399,0.0479820882986829,0.0572056802708602,NA,NA,NA,NA,10.5478,22.56,499.87,0.03,0.01,0.02,0.014070529413629,0.000555555555555556,0.0223550324255519,0.000892378151673828,0.00627495395360682,0.00163552516500304,0.00305366790626788,NA,NA,NA,NA,0.675426540727555,0.908803186791966,42.1504799570071,0.0171446607997765,0.01,0.014070529413629,100
"sd2","R20","limma_logtss","single",0.06,0.0003125,0.1125,0.00199239417989418,0.0810040514222471,0.0475827807871628,0.0668249707675937,NA,NA,NA,NA,0.0395900000000014,22.56,499.87,0.08,0.01,0.07,0.0238683256575942,0.0003125,0.0310536762409994,0.00106189079011345,0.00521690402392754,0.00236077713344896,0.00357766407454707,NA,NA,NA,NA,0.000791890080118614,0.908803186791966,42.1504799570071,0.0307482445914323,0.01,0.0293188669562103,100
"sd2","R20","linda","single",0.09,0.00131500626566416,0.1025,0.00267184387250177,0.079084098813501,0.0533727019472857,0.0564463040368717,NA,NA,NA,NA,0.34535,22.56,499.87,0.18,0.04,0.14,0.0287623491264661,0.000670914768218695,0.0297495861952377,0.00101589009509127,0.00564352299127848,0.00177954587850427,0.00281639309587316,NA,NA,NA,NA,0.0264197789964682,0.908803186791966,42.1504799570071,0.0519906751545919,0.0196946385566932,0.0492776098069177,100
"sd2","R20","lm_logtss","single",0.04,0.000788690476190476,0.0766666666666667,0.00250026106934002,0.0813948470270047,0.0478481382085352,0.0656177824541696,NA,NA,NA,NA,0.0370700000000018,22.56,499.87,0.06,0.02,0.04,0.0196946385566932,0.00056692800831169,0.0263171539607267,0.00102502185197822,0.00533909184778518,0.00236633498318713,0.00368061956233868,NA,NA,NA,NA,0.000515076732540005,0.908803186791966,42.1504799570071,0.0238683256575942,0.014070529413629,0.0196946385566932,100
"sd2","R20","logistic_presence","single",0.07,0,0.18,0,0.0570783329236772,0.0532395033903399,0.0547219404769346,NA,NA,NA,NA,0.559580000000003,22.45,498.14,0.08,0,0.08,0.0256432399976243,0,0.0386122919665369,0,0.00470206191791536,0.00154588953348528,0.00322093266444898,NA,NA,NA,NA,0.0452476913412961,0.911472889494157,42.2257306304193,0.0307482445914323,0,0.0307482445914323,100
"sd2","R20","pursue","abundance",0.055,0.00379437969437969,0.106666666666667,0.00581088647858158,0.153073728665833,0.0473525617033827,0.0559443500735056,NA,NA,NA,NA,39.69966,22.55,499.8,0.18,0.1,0.08,0.0223550324255519,0.00151953470845596,0.0298255308345432,0.00188344410997908,0.00953264171089397,0.00135829344681643,0.00297642605687542,NA,NA,NA,NA,3.28920106136196,0.907919700093671,42.1448680029953,0.0519906751545919,0.0389249472080761,0.0338743966363203,100
"sd2","R20","pursue","combined",0.075,0.00192097902097902,0.137666666666667,0.00416475006475006,0.120579070616469,0.0477127603406858,0.0569513579260503,NA,NA,NA,NA,39.69966,22.56,499.87,0.15,0.05,0.1,0.0259904799975886,0.000855148321802121,0.0335737291076712,0.00164161175058988,0.00777954756704463,0.00143571581435344,0.00311435131775844,NA,NA,NA,NA,3.28920106136196,0.908803186791966,42.1504799570071,0.0435194139889245,0.021904291355759,0.0362371537669739,100
"sd2","R20","pursue","presence",0.07,NA,0.18,NA,NA,0.0482358403862757,0.0573059336439159,0.04863733840703,NA,NA,NA,39.69966,0,497.86,0.1,NA,0.1,0.0256432399976243,NA,0.0386122919665369,NA,NA,0.00131755823590422,0.00246000171981466,0.00498663755635028,NA,NA,NA,3.28920106136196,0,42.1812563572825,0.0389249472080761,NA,0.0389249472080761,100
"sd2","R20","pursue03_epermcs1","single",0.0466666666666667,0.00123842592592593,0.108,0.00188619920527815,0.0835546119819025,0.0488746103029562,0.0572988571916462,NA,NA,NA,NA,16.37779,22.55,499.54,0.1,0.03,0.07,0.0206624303250132,0.000730390409520876,0.0309342737579096,0.000855803735749856,0.00524402066740435,0.00149400989035971,0.00286789653978967,NA,NA,NA,NA,0.754922425915739,0.90914267529382,42.1732942928952,0.0414387707005374,0.0171446607997765,0.0325824517434794,100
"sd2","R20","wilcoxon_tss","single",0,NA,0,NA,NA,NA,NA,NA,NA,NA,NA,0.0284400000000001,0,0,0,NA,0,0,NA,0,NA,NA,NA,NA,NA,NA,NA,NA,0.000482903675276878,0,0,0,NA,0,100
"sd2","R20","zicoseq","single",0.0366666666666667,0.00364045859111649,0.0533333333333333,0.00504081701405555,0.103516809195632,0.0476275332412726,0.0582577382066853,NA,NA,NA,NA,125.82941,22.56,499.87,0.13,0.08,0.05,0.0182850604139947,0.00136336000833375,0.0215660705375071,0.00160170767440482,0.00623664880598087,0.00165663594404526,0.00315859175009651,NA,NA,NA,NA,10.8044884184988,0.908803186791966,42.1504799570071,0.0418148878808116,0.0272659924344291,0.0261116483933547,100
"sd2","R21","adapt","single",0.0675,0.000625,0.104166666666667,0.00100961538461539,0.0580574187659653,0.0511443807885615,0.0569830740004615,NA,NA,NA,NA,0.679229999999999,22.12,500.04,0.11,0.01,0.1,0.0248365871368443,0.000625,0.0300199849258706,0.000730546192397569,0.00420538993110672,0.0017996492455634,0.00306569185775647,NA,NA,NA,NA,0.0460364345278867,0.865416347514567,42.0465156557339,0.0490207130000197,0.01,0.0414387707005374,100
"sd2","R21","fastancom","single",0.01,0,0.03,0,0.0626171192217413,0.0411471130911361,0.0759328473261354,NA,NA,NA,NA,0.0500900000000014,22.12,500.04,0.01,0,0.01,0.01,0,0.0171446607997765,0,0.00435234753745989,0.00193945855279533,0.00429751005236138,NA,NA,NA,NA,0.00288598476794454,0.865416347514567,42.0465156557339,0.01,0,0.01,100
"sd2","R21","ldm","single",0.0266666666666667,0.000625,0.0816666666666667,0.00110119047619048,0.0735757827458236,0.0520979100560273,0.0607105743164551,NA,NA,NA,NA,10.35556,22.12,500.04,0.05,0.01,0.04,0.0154832373788765,0.000625,0.0266429819060946,0.000781901441104956,0.00470444949814278,0.00219431002974688,0.00367212063182378,NA,NA,NA,NA,0.604737630448782,0.865416347514567,42.0465156557339,0.0329523684408054,0.01,0.0242878362539562,100
"sd2","R21","limma_logtss","single",0.04,0.00100961538461539,0.06,0.00100961538461539,0.062994238861958,0.0511520695379107,0.0734679746421005,NA,NA,NA,NA,0.0407700000000008,22.12,500.04,0.07,0.02,0.05,0.01836773631599,0.000730546192397569,0.0227857832692212,0.000730546192397569,0.00432943814720312,0.00250095650387078,0.00384079181486893,NA,NA,NA,NA,0.000980502344966391,0.865416347514567,42.0465156557339,0.0325824517434794,0.014070529413629,0.021904291355759,100
"sd2","R21","linda","single",0.0366666666666667,0.000625,0.0983333333333333,0.00144439799331104,0.0612667281367832,0.0550588419913717,0.0602279697920571,NA,NA,NA,NA,0.365690000000002,22.12,500.04,0.06,0.01,0.05,0.0182850604139947,0.000625,0.0287306271038811,0.000844905741725211,0.00442631574117603,0.00196650502771329,0.00315590559181204,NA,NA,NA,NA,0.0288162085947784,0.865416347514567,42.0465156557339,0.0342893215995531,0.01,0.0261116483933547,100
"sd2","R21","lm_logtss","single",0.025,0.000625,0.0516666666666667,0.00100961538461539,0.0621507695465811,0.0518444111608982,0.0726861314401755,NA,NA,NA,NA,0.0373699999999994,22.12,500.04,0.05,0.01,0.04,0.0148647097502641,0.000625,0.0211476292340825,0.000730546192397569,0.00408273698432317,0.00254779725452065,0.003796062941141,NA,NA,NA,NA,0.000606139464566513,0.865416347514567,42.0465156557339,0.0297294195005282,0.01,0.0242878362539562,100
"sd2","R21","logistic_presence","single",0.09,0,0.19,0,0.0459395955748113,0.0553403899531649,0.0575185804881116,NA,NA,NA,NA,0.579399999999998,21.93,498.51,0.12,0,0.12,0.0287623491264661,0,0.0394277244403663,0,0.00384558990554902,0.001850894925452,0.00308630209350995,NA,NA,NA,NA,0.0481514382973239,0.871809334173198,42.1180219949569,0.0408989886516436,0,0.0408989886516436,100
"sd2","R21","pursue","abundance",0.0533333333333333,0.00347201215235142,0.0833333333333333,0.00645181640606872,0.118929736998473,0.0487854386840707,0.0529709356644169,NA,NA,NA,NA,40.58943,22.12,499.95,0.16,0.08,0.08,0.0215660705375071,0.00122646466826125,0.0269575881718839,0.00179493857375023,0.00792270376259475,0.00149144324370482,0.00259861500567638,NA,NA,NA,NA,3.30649216564408,0.865416347514567,42.0391409128073,0.0506921785850339,0.0272659924344291,0.0338743966363203,100
"sd2","R21","pursue","combined",0.0475,0.00234701215235142,0.0891666666666667,0.00418629786663713,0.0996502953304333,0.0502626510272236,0.0554254369059744,NA,NA,NA,NA,40.58943,22.12,500.04,0.14,0.06,0.08,0.0209300783997142,0.0009608563363412,0.0274540479251193,0.00140154146519688,0.00625659267551867,0.00151350115193224,0.0024899279341296,NA,NA,NA,NA,3.30649216564408,0.865416347514567,42.0465156557339,0.0512864799952486,0.0238683256575942,0.0393892771133865,100
"sd2","R21","pursue","presence",0.04,NA,0.1,NA,NA,0.0499865425426811,0.0615480678305206,0.0552124490624088,NA,NA,NA,40.58943,0,498.36,0.05,NA,0.05,0.0196946385566932,NA,0.0301511344577764,NA,NA,0.00164061095753646,0.00286511003733808,0.00775578491812713,NA,NA,NA,3.30649216564408,0,42.0964009594333,0.0261116483933547,NA,0.0261116483933547,100
"sd2","R21","pursue03_epermcs1","single",0.025,0.000384615384615385,0.055,0.000384615384615385,0.0640923278960681,0.0473902279218146,0.0591018050100492,NA,NA,NA,NA,16.41524,22.1,499.76,0.05,0.01,0.04,0.0148647097502641,0.000384615384615385,0.0223550324255519,0.000384615384615385,0.00472651432877238,0.00168432915864998,0.00309695849140831,NA,NA,NA,NA,0.729175829223125,0.86614203234921,42.0654447308481,0.0297294195005282,0.01,0.0242878362539562,100
"sd2","R21","wilcoxon_tss","single",0,NA,0,NA,NA,NA,NA,NA,NA,NA,NA,0.0284200000000028,0,0,0,NA,0,0,NA,0,NA,NA,NA,NA,NA,NA,NA,NA,0.000574751593246498,0,0,0,NA,0,100
"sd2","R21","zicoseq","single",0.055,0.000434782608695652,0.121666666666667,0.00203151920543225,0.0732065004630565,0.054366505339621,0.0682165619880169,NA,NA,NA,NA,132.37274,22.12,500.04,0.07,0.01,0.06,0.0223550324255519,0.000434782608695652,0.0321206165372648,0.00110735276907806,0.00489854081475252,0.0021676050796636,0.00441225435899741,NA,NA,NA,NA,11.1440725782823,0.865416347514567,42.0465156557339,0.0293188669562103,0.01,0.0238683256575942,100
"sps","R00","adapt","single",0.03,0.00262348024316109,0.0775,0.00656675831196437,0.0905011237260311,0.0444823592096945,0.0848165889571914,NA,NA,NA,NA,0.26871,32.63,218.93,0.1,0.07,0.03,0.0171446607997765,0.00134649964407422,0.025049194023204,0.00203664015745875,0.00581750215797831,0.00192684512587344,0.00466313235145324,NA,NA,NA,NA,0.00876619188713202,1.11985343557615,11.5381427614603,0.0362371537669739,0.0325824517434794,0.0171446607997765,100
"sps","R00","fastancom","single",0,0.00327557628046593,0.01,0.00410890961379927,0.1054843519683,0.0329046740262721,0.148232157436383,NA,NA,NA,NA,0.0290099999999994,32.64,219,0.1,0.1,0,0,0.00158527610446951,0.01,0.00169980976934871,0.00618660583118323,0.00386701216543228,0.00794698496284247,NA,NA,NA,NA,0.000259173121813938,1.1183068009317,11.532904178388,0.0389249472080761,0.0389249472080762,0,100
"sps","R00","ldm","single",0.03,0.00737559302377077,0.1025,0.0130526046647076,0.114042883108289,0.0462704551841653,0.0723041054025809,NA,NA,NA,NA,6.30384,32.64,219,0.2,0.17,0.03,0.0171446607997765,0.00209713217180688,0.0293220966770003,0.00292954204733659,0.00566219969769893,0.00228279880559526,0.00361971079003526,NA,NA,NA,NA,0.409717509412512,1.1183068009317,11.532904178388,0.0492365963917331,0.0472581562625261,0.0171446607997765,100
"sps","R00","limma_logtss","single",0.0538349399409113,0.0285319328156562,0.0730629616155419,0.0468439034990165,0.0969222152157655,0.0851193686186908,0.270918660473376,NA,NA,NA,NA,0.0322899999999993,32.64,219,3.25,0.72,2.53,0.0200357232030223,0.0102941688385099,0.0231035977129699,0.0149391282272422,0.00589693216748492,0.0145978920444506,0.0163662444448633,NA,NA,NA,NA,0.000266778385688572,1.1183068009317,11.532904178388,1.43508525773548,0.269335133507335,1.18026319612246,100
"sps","R00","linda","single",0.0333333333333333,0.00529250471553774,0.1,0.012047139335785,0.104095576653509,0.0486416119631915,0.0802753366108157,NA,NA,NA,NA,0.14559,32.42,217.73,0.19,0.151515151515152,0.04,0.0174077655955698,0.00184657272295149,0.0272165526975909,0.00299661504737068,0.00606077436992663,0.00197211590256208,0.00476518590021607,NA,NA,NA,NA,0.00537653140035368,1.16030124963261,11.7038960533782,0.0525991127935317,0.0462211179741615,0.0196946385566932,100
"sps","R00","lm_logtss","single",0.0461538827724692,0.0257505798255868,0.071197869369591,0.0467818317358503,0.100284274081393,0.0844640259851144,0.272700584702966,NA,NA,NA,NA,0.0344200000000011,32.64,219,2.8,0.66,2.14,0.0184799908100747,0.00982821258714873,0.0222389891399278,0.0149779733051171,0.00599678735955133,0.0145729696496076,0.0164384577393769,NA,NA,NA,NA,0.000137201466552825,1.1183068009317,11.532904178388,1.35981282134377,0.259065921176737,1.11654409096583,100
"sps","R00","logistic_presence","single",0.0683333333333333,0.0079659528926273,0.0941666666666667,0.0124948292605507,0.0905938311726912,0.058753353005524,0.135708266645324,NA,NA,NA,NA,0.232909999999999,32.55,217.81,0.35,0.25,0.1,0.023342350350068,0.00199288628531571,0.0255318016525058,0.00244270871768523,0.00509671286653159,0.00228957520453124,0.00308555205612929,NA,NA,NA,NA,0.0107116861983594,1.12890176362658,11.5367983496989,0.0687184270936277,0.0557320429022713,0.0333333333333333,100
"sps","R00","pursue","abundance",0.0248333333333333,0.0197315912524938,0.0865238095238095,0.028278008392014,0.142980973319918,0.0498275146569501,0.0832495755608715,NA,NA,NA,NA,8.40945,32.62,218.94,0.66,0.58,0.08,0.010313533218655,0.00387841630723672,0.0243851349414145,0.004718639094226,0.00754856702976627,0.00254862085742362,0.00486453914625624,NA,NA,NA,NA,0.434209662938181,1.11805928539437,11.5327624661661,0.12650707649788,0.109341463112378,0.0307482445914323,100
"sps","R00","pursue","combined",0.0218571428571429,0.014484517147023,0.0418571428571429,0.0217694078246772,0.140554172625769,0.0391658618895037,0.160362488550673,NA,NA,NA,NA,8.40945,32.64,219,0.52,0.44,0.08,0.0090946714539837,0.00304850228777667,0.0152818178350444,0.00396662157799989,0.00724890798414726,0.00201078698854389,0.00669215692688657,NA,NA,NA,NA,0.434209662938181,1.1183068009317,11.532904178388,0.116757540366022,0.0913645158005817,0.0338743966363203,100
"sps","R00","pursue","presence",0.04,NA,0.1,NA,NA,0.0367152252861837,0.243320808698388,0.0611959183795924,NA,NA,NA,8.40945,0,217.81,0.04,NA,0.04,0.0196946385566932,NA,0.0301511344577764,NA,NA,0.00173680228479908,0.00992298754688127,0.00561546603780768,NA,NA,NA,0.434209662938181,0,11.5367983496989,0.0196946385566932,NA,0.0196946385566932,100
"sps","R00","pursue03_epermcs1","single",0.0441666666666667,0.00841273052365752,0.0833333333333333,0.0113423842033112,0.111906195491415,0.0482337218241938,0.0796094743428697,NA,NA,NA,NA,16.54851,32.64,219,0.3,0.23,0.07,0.0189680086866111,0.00237877402033605,0.0257055326880112,0.00273758097651168,0.00561802676055842,0.00208648111040812,0.0045103451427815,NA,NA,NA,NA,0.849600583696346,1.1183068009317,11.532904178388,0.0717740562565273,0.0583528106011228,0.0293188669562103,100
"sps","R00","wilcoxon_tss","single",0.012,0.00699518176835951,0.062,0.00929927533561098,0.0910783813067205,0.0541300783542549,0.0860376239043938,NA,NA,NA,NA,0.13411,32.64,219,0.18,0.16,0.02,0.0101782100388997,0.00267869202111305,0.0228203347207633,0.00296569039105845,0.00522907573487495,0.00230800509162042,0.00511460837507549,NA,NA,NA,NA,0.00540476585426182,1.1183068009317,11.532904178388,0.0672399592594472,0.0598314129851366,0.014070529413629,100
"sps","R00","zicoseq","single",0.07,0.0080668902687038,0.100809523809524,0.0128513130088775,0.094169847422675,0.0525039268652373,0.0888881379600476,NA,NA,NA,NA,51.11867,32.42,217.73,0.27,0.191919191919192,0.08,0.0256432399976243,0.00246077815269596,0.0288296853831882,0.0031714245597411,0.00559579422537013,0.00355684742368076,0.00553355669952655,NA,NA,NA,NA,2.54326647249401,1.16030124963261,11.7038960533782,0.0600588936550675,0.0550046711473186,0.0307482445914323,100
"sps","R01","adapt","single",0.01,0,0.02,0.000416666666666667,0.0678864315774088,0.0447472428440243,0.0806846206276184,NA,NA,NA,NA,0.273989999999999,32.82,232.2,0.01,0,0.01,0.01,0,0.014070529413629,0.000416666666666667,0.00407884748649964,0.00198443877171596,0.0066781327275536,NA,NA,NA,NA,0.00869136916600582,1.07481546454649,11.0964549803671,0.01,0,0.01,100
"sps","R01","fastancom","single",0.01,0,0.0390196078431373,0.00208333333333333,0.0837134130799281,0.0276120858452068,0.134776071259309,NA,NA,NA,NA,0.0282299999999997,33.04,234.37,0.01,0,0.01,0.01,0,0.019230868170406,0.00208333333333333,0.00516727119665233,0.00414606914451461,0.00764142536172728,NA,NA,NA,NA,0.000315221583120007,1.03912550646292,10.8812567511684,0.01,0,0.01,100
"sps","R01","ldm","single",0.01,0.000416666666666667,0.02,0.000416666666666667,0.0849114918375626,0.0330030854399457,0.0753181928255041,NA,NA,NA,NA,3.95598,33.04,234.37,0.02,0.01,0.01,0.01,0.000416666666666667,0.014070529413629,0.000416666666666667,0.00429107786177429,0.00162096799563714,0.00347654145779016,NA,NA,NA,NA,0.202054436599385,1.03912550646292,10.8812567511684,0.014070529413629,0.01,0.01,100
"sps","R01","limma_logtss","single",0.0582338709677419,0.00665355477855477,0.0531933047708954,0.0107839184624899,0.0831383120039275,0.0427236460894733,0.225302300267608,NA,NA,NA,NA,0.0308300000000001,33.04,234.37,3.34,0.29,3.05,0.0231890024388964,0.00445615304076029,0.0216073397487363,0.00710404596171008,0.00538537405664855,0.00981225186739322,0.0114919696361832,NA,NA,NA,NA,0.000184804018496794,1.03912550646292,10.8812567511684,2.59748207526311,0.205625431748649,2.39314572574394,100
"sps","R01","linda","single",0.03,0.00107142857142857,0.0366666666666667,0.00224773242630386,0.0729828823883137,0.0480693717680105,0.0687096999142612,NA,NA,NA,NA,0.14937,33.04,234.37,0.08,0.04,0.04,0.0171446607997765,0.00062959981902016,0.0182850604139947,0.000941356721976032,0.0045715125018509,0.00213220297123979,0.00275659415740153,NA,NA,NA,NA,0.00488865218664824,1.03912550646292,10.8812567511684,0.0338743966363203,0.0242878362539562,0.0242878362539562,100
"sps","R01","lm_logtss","single",0.0377891891891892,0.00596153846153846,0.0481399088716162,0.0102403846153846,0.0892018790058779,0.040695777078621,0.224396437520884,NA,NA,NA,NA,0.0332299999999997,33.04,234.37,2.75,0.26,2.49,0.0186439518115246,0.00415632370372604,0.0211144211457344,0.00693064251393774,0.00538484842159659,0.00973458008800807,0.0112049753565382,NA,NA,NA,NA,0.000129376906124612,1.03912550646292,10.8812567511684,2.27037908995859,0.192600491938493,2.0803794817001,100
"sps","R01","logistic_presence","single",0.03,0.000212765957446809,0.081,0.00189397713757103,0.0652801760522469,0.0651965952767027,0.209383104545507,NA,NA,NA,NA,0.21448,32.74,232.13,0.05,0.01,0.04,0.0171446607997765,0.000212765957446809,0.0265030968268642,0.000973655973755484,0.00389813928299804,0.00208952096463147,0.00377209702254934,NA,NA,NA,NA,0.00868961390966188,1.06007623129736,10.9115512419202,0.0261116483933547,0.01,0.0242878362539562,100
"sps","R01","pursue","abundance",0.05,0.0110587745587746,0.125,0.0198807013046144,0.0868389687193353,0.04954137732784,0.132763918948674,NA,NA,NA,NA,6.79891,18.78,87.44,0.19,0.13,0.06,0.0207193853502687,0.00335150841592561,0.0320786596359699,0.00470291143656749,0.00646195142395773,0.00374019831308568,0.00713182113524626,NA,NA,NA,NA,0.316850382145354,0.802090702445487,5.03296847965211,0.0486068540704525,0.0393251147037698,0.0238683256575942,100
"sps","R01","pursue","combined",0.015,0.00217555994729908,0.015,0.00238389328063241,0.0904324916099292,0.0261977977726459,0.138787494138494,NA,NA,NA,NA,6.79891,33.04,234.37,0.07,0.05,0.02,0.0111350751676807,0.000953462494423053,0.0111350751676807,0.000971255429310238,0.00548782234519416,0.00146729349343223,0.00516248303423051,NA,NA,NA,NA,0.316850382145354,1.03912550646292,10.8812567511684,0.0293188669562103,0.021904291355759,0.014070529413629,100
"sps","R01","pursue","presence",0.01,NA,0.02,NA,NA,0.0262217455042731,0.14994503631686,0.0402219518846619,NA,NA,NA,6.79891,0,232.13,0.01,NA,0.01,0.01,NA,0.014070529413629,NA,NA,0.00124638681929747,0.00482218252025828,0.00357067656124655,NA,NA,NA,0.316850382145354,0,10.9115512419202,0.01,NA,0.01,100
"sps","R01","pursue03_epermcs1","single",0.02,0.000647548566142461,0.055,0.00129972247918594,0.0711542124128889,0.0477446638745809,0.0686891432121136,NA,NA,NA,NA,4.98284,33.04,234.37,0.04,0.02,0.02,0.014070529413629,0.000482116627427161,0.0223550324255519,0.000676971404938742,0.00424397778095911,0.00187316796954647,0.00320194807533914,NA,NA,NA,NA,0.281547154749386,1.03912550646292,10.8812567511684,0.0196946385566932,0.014070529413629,0.014070529413629,100
"sps","R01","wilcoxon_tss","single",0.01,0.000416666666666667,0.01,0.000416666666666667,0.073614390646482,0.0627086364019361,0.122601613207806,NA,NA,NA,NA,0.11982,33.04,234.37,0.02,0.01,0.01,0.01,0.000416666666666667,0.01,0.000416666666666667,0.00406205580731179,0.00210012279111343,0.00387031281831089,NA,NA,NA,NA,0.00420798615429613,1.03912550646292,10.8812567511684,0.014070529413629,0.01,0.01,100
"sps","R01","zicoseq","single",0.0283333333333333,0.00225845410628019,0.0533333333333333,0.00393608568522756,0.0797244208911305,0.0325410427376825,0.0808151840297728,NA,NA,NA,NA,29.39076,33.04,234.37,0.1,0.06,0.04,0.0151785113033922,0.00117249699675518,0.019660416743599,0.00149129520687631,0.00397884325909298,0.00148292623017541,0.00305434413511215,NA,NA,NA,NA,1.51544673762218,1.03912550646292,10.8812567511684,0.0438085827115181,0.031204765240863,0.0196946385566932,100
"sps","R02","adapt","single",0.035,0.0140129926549843,0.0825,0.0169458104844502,0.109379932640914,0.0479506947003875,0.0841448327950733,NA,NA,NA,NA,0.27404,32.8,209.59,0.45,0.4,0.05,0.0162912258717397,0.00271040641316552,0.0253896403752365,0.00297956224037166,0.00595582999657049,0.00230607840035363,0.00501620078569694,NA,NA,NA,NA,0.00971454101183918,1.18534826319125,11.8331847621915,0.0743660072230789,0.0696310623822791,0.021904291355759,100
"sps","R02","fastancom","single",0.01,0.012192309038635,0.01,0.0146722993672103,0.142179042382251,0.0244767576566455,0.158677198485037,NA,NA,NA,NA,0.0308899999999981,32.8,209.61,0.35,0.34,0.01,0.01,0.00276568077656119,0.01,0.00290264783532943,0.00663297590997171,0.00237104601554886,0.00859937142691625,NA,NA,NA,NA,0.000423524175547063,1.18534826319125,11.831211034609,0.0641573192719398,0.063912819409321,0.01,100
"sps","R02","ldm","single",0.0481666666666667,0.0339083055312378,0.0829285714285714,0.0467668415117078,0.170012925681178,0.0518959811468903,0.0908489731517979,NA,NA,NA,NA,12.37801,32.8,209.61,1.04,0.91,0.13,0.0157721127260387,0.00435460316314362,0.0201530213991183,0.00561138602617741,0.00604474183720173,0.00283610419827086,0.00607962098061693,NA,NA,NA,NA,0.648906051548577,1.18534826319125,11.831211034609,0.123025824668455,0.104538427519658,0.0418148878808116,100
"sps","R02","limma_logtss","single",0.0617372606911777,0.048336810150663,0.0895862216545856,0.0665247435822605,0.130143520882396,0.0842253218367425,0.249244604740864,NA,NA,NA,NA,0.0327199999999989,32.8,209.61,4.4,1.01,3.39,0.0207861586239031,0.0149030651829693,0.0246691363255461,0.0174456398923053,0.00621577392635565,0.0191153447582899,0.0180454206694063,NA,NA,NA,NA,0.000209414768950404,1.18534826319125,11.831211034609,1.77399850819292,0.287972711950773,1.49807249895364,100
"sps","R02","linda","single",0.04,0.0232646020586802,0.0791666666666666,0.0303479558538265,0.136624417601367,0.0531411985583754,0.0811031789963541,NA,NA,NA,NA,0.147010000000001,32.4,208.25,0.68,0.622448979591837,0.07,0.0164327012397131,0.0037164734094889,0.0188329161778537,0.00430916100022931,0.0065618189066065,0.00269158734874162,0.00507693000558645,NA,NA,NA,NA,0.00616633897573239,1.26003046299554,12.0281687481654,0.0952190457139047,0.0888424118727642,0.0256432399976243,100
"sps","R02","lm_logtss","single",0.0625990390612458,0.0492678108600806,0.0903990093876632,0.0690254401542129,0.131344206376076,0.0851594610983518,0.249045848042799,NA,NA,NA,NA,0.0354499999999996,32.8,209.61,4.51,1.08,3.43,0.0211720031029572,0.0144670314979994,0.0248625676119466,0.0174888403161842,0.00630558888524455,0.0191561651883813,0.0181338499750597,NA,NA,NA,NA,0.000309569593683631,1.18534826319125,11.831211034609,1.77931407735076,0.278408173570948,1.51459265450844,100
"sps","R02","logistic_presence","single",0.0525,0.0206332839813681,0.0908333333333333,0.0252647014559706,0.109180517214924,0.0522315855037489,0.114175969530717,NA,NA,NA,NA,0.281270000000001,32.7,208.8,0.71,0.61,0.1,0.0195579300096566,0.00305518176793925,0.0232434234571144,0.00329990921514011,0.00623879834133923,0.00251627049077168,0.00453406696626233,NA,NA,NA,NA,0.0141687938153473,1.1974299076933,11.8226627091935,0.0987753291898623,0.0802710056211727,0.0389249472080761,100
"sps","R02","pursue","abundance",0.041952380952381,0.0579879383086049,0.0876190476190476,0.0759568949449315,0.205008998032332,0.0516171674434765,0.082486691250872,NA,NA,NA,NA,11.43789,32.8,209.61,2,1.83,0.17,0.012158704727216,0.00581373547781002,0.0176165774434193,0.00696932385612114,0.00750666676205905,0.00265310658655482,0.00444694989339978,NA,NA,NA,NA,0.653509522454251,1.18534826319125,11.831211034609,0.218350103450325,0.197997551255136,0.0450700913168936,100
"sps","R02","pursue","combined",0.0399722222222222,0.0503235616897752,0.0753860028860029,0.0658033081476205,0.196622881826207,0.0394091442791729,0.176835913691165,NA,NA,NA,NA,11.43789,32.8,209.61,1.73,1.58,0.15,0.0139863524750221,0.00529942628681197,0.0167104908435236,0.0062551922425482,0.00697874521805205,0.00264061155622768,0.00682375470970974,NA,NA,NA,NA,0.653509522454251,1.18534826319125,11.831211034609,0.202437170699474,0.179325334957378,0.0457816513022367,100
"sps","R02","pursue","presence",0.06,NA,0.17,NA,NA,0.0322112063210076,0.314682833608634,0.0519667597749423,NA,NA,NA,11.43789,0,208.8,0.06,NA,0.06,0.0238683256575942,NA,0.0377525168068637,NA,NA,0.00206448543117713,0.0110111793357624,0.00448914393806252,NA,NA,NA,0.653509522454251,0,11.8226627091935,0.0238683256575942,NA,0.0238683256575942,100
"sps","R02","pursue03_epermcs1","single",0.0436666666666667,0.0379245877289961,0.100507936507937,0.0514695837795344,0.165010006338872,0.0521153149671546,0.0839247921290536,NA,NA,NA,NA,31.11116,32.8,209.61,1.17,1.05,0.12,0.0148954078899005,0.00449202124674824,0.0203516168367736,0.00505915153251009,0.00646300218514906,0.00283861271968232,0.00518283410168319,NA,NA,NA,NA,1.65293279946264,1.18534826319125,11.831211034609,0.120650593270674,0.103840398125336,0.0383497988352882,100
"sps","R02","wilcoxon_tss","single",0.0375,0.0179060086421766,0.0670238095238095,0.0235267438479287,0.112556977719136,0.0502751359948678,0.0902489059980305,NA,NA,NA,NA,0.157810000000002,32.8,209.61,0.52,0.47,0.05,0.0178994808344101,0.00362398800695576,0.0216476793101449,0.00407481265582233,0.00579952783301255,0.00232684030592929,0.0053534861654375,NA,NA,NA,NA,0.00720724516221579,1.18534826319125,11.831211034609,0.082241330021081,0.077139516789419,0.021904291355759,100
"sps","R02","zicoseq","single",0.0273333333333333,0.0180979016708615,0.0750833333333333,0.0250633056523575,0.120129260594719,0.0561125724135546,0.105105918766926,NA,NA,NA,NA,62.67345,32.4,208.25,0.6,0.540816326530612,0.07,0.0125987012317648,0.00292685664057997,0.0198399512909642,0.00360334091552966,0.00625294037703536,0.00389614315176231,0.00825043850072395,NA,NA,NA,NA,3.52198902485327,1.26003046299554,12.0281687481654,0.100503781525921,0.0847867925990228,0.0293188669562103,100
"sps","R03","adapt","single",0.0575,0.0256826467984557,0.109166666666667,0.0354325688600617,0.132034272733558,0.0483322650759598,0.0853507750695515,NA,NA,NA,NA,0.328439999999999,32.72,199.89,0.88,0.7,0.18,0.0162461685027986,0.00389584184989537,0.0243701522561443,0.00479550034440399,0.00599472296186556,0.00245927523110652,0.00517424020451653,NA,NA,NA,NA,0.0143418883560064,1.18390553813736,11.7200673542381,0.12814133611057,0.0989847452791579,0.0538985204347068,100
"sps","R03","fastancom","single",0.0133333333333333,0.0316528392805659,0.0228333333333333,0.0382393397116536,0.183647359568647,0.028507781676952,0.157057947324341,NA,NA,NA,NA,0.0344300000000004,32.72,199.89,0.9,0.87,0.03,0.00774161868943827,0.00355410737772496,0.0119404033568063,0.00450080322360159,0.00682427092660572,0.00364726248470992,0.00828168368726579,NA,NA,NA,NA,0.000623812811861405,1.18390553813736,11.7200673542381,0.0893297149877798,0.0860526031276829,0.0171446607997765,100
"sps","R03","ldm","single",0.0483571428571429,0.0756958245167581,0.0835241147741148,0.107394121603825,0.243326862414882,0.0495064142003758,0.0972634109288998,NA,NA,NA,NA,33.4879,32.72,199.89,2.49,2.29,0.2,0.0139926527939129,0.00567487399662001,0.0144023260582414,0.00760946727125387,0.00698695521584886,0.00371926852561514,0.00612751966666212,NA,NA,NA,NA,1.52160558087087,1.18390553813736,11.7200673542381,0.193581345624359,0.177692845873849,0.0512470743190538,100
"sps","R03","limma_logtss","single",0.0450460536167285,0.0678156487150761,0.0822817168098418,0.0950901071995783,0.178855709245943,0.0729896030733573,0.241083134852698,NA,NA,NA,NA,0.0355099999999993,32.53,199.42,3.84,1.64646464646465,2.21,0.0164522065127766,0.0153350558943391,0.021709443705924,0.0196459328674405,0.00668645436833385,0.0162124438570561,0.016633991676961,NA,NA,NA,NA,0.000398100286842117,1.22081732847095,11.7912069618068,1.41497903043319,0.347655555016239,1.08881318021695,100
"sps","R03","linda","single",0.0767142857142857,0.0626189904422446,0.102606060606061,0.0741023879658336,0.185021614419749,0.0529869074745744,0.0848661137035696,NA,NA,NA,NA,0.158150000000001,31.56,197.22,1.81,1.64893617021277,0.26,0.0184841370522966,0.00560145586517326,0.0205890056178387,0.00594005793966225,0.00697520531037669,0.00244577909566166,0.00527999663738723,NA,NA,NA,NA,0.00724916400613754,1.38835852499972,12.1187439759884,0.146814663622356,0.118816946049853,0.0645418977537581,100
"sps","R03","lm_logtss","single",0.0492299052299052,0.0704201623783384,0.078287259130968,0.0958594335538309,0.180343356749223,0.073341364673556,0.24086575166438,NA,NA,NA,NA,0.0373100000000008,32.53,199.42,3.92,1.70707070707071,2.23,0.0166404416756323,0.015513519890843,0.0214922012792256,0.0197972106842178,0.00693786610549265,0.0162508991704015,0.0167333744490212,NA,NA,NA,NA,0.00031930954551757,1.22081732847095,11.7912069618068,1.42245200164002,0.353226003596981,1.08988508336865,100
"sps","R03","logistic_presence","single",0.0476666666666666,0.0492141312605911,0.104452380952381,0.0588968312183062,0.143072902543732,0.0518098235000828,0.0995656575530488,NA,NA,NA,NA,0.430839999999998,32.67,199.33,1.55,1.41,0.14,0.0135338873018597,0.00434230161708534,0.0190363018026418,0.00492636331357026,0.0070077657043298,0.00238556133272465,0.00538491571405221,NA,NA,NA,NA,0.0242355891576453,1.18952116671399,11.7015500570383,0.12742595393943,0.114675651515503,0.042687494916219,100
"sps","R03","pursue","abundance",0.0622602705936039,0.140815445859738,0.096111490848333,0.178799767918315,0.307174527811491,0.045864214332298,0.0803976955628465,NA,NA,NA,NA,17.0962828282828,32.8585858585859,201.434343434343,4.81818181818182,4.48484848484848,0.333333333333333,0.0150614864168169,0.00957085230505328,0.015341936651207,0.0111829326777807,0.00994331380030462,0.00249703430257253,0.00437402874054488,NA,NA,NA,NA,0.988123996977862,1.18770327284163,11.7358243688724,0.33926802152202,0.319877977522271,0.0673435029701474,99
"sps","R03","pursue","combined",0.0434004267337601,0.130415123776574,0.0753949267107162,0.156891319865939,0.305083909949845,0.0348138309030634,0.179432058692265,NA,NA,NA,NA,17.0962828282828,32.8585858585859,201.434343434343,4.32323232323232,4.09090909090909,0.232323232323232,0.011761618840207,0.00957513772343175,0.0157765323417859,0.0107976011366822,0.00996311578254891,0.00206580602972624,0.00683511713943036,NA,NA,NA,NA,0.988123996977862,1.18770327284163,11.7358243688724,0.31483236037093,0.299140150672841,0.0552878616469496,99
"sps","R03","pursue","presence",0.262626262626263,NA,0.343434343434343,NA,NA,0.0320521369692874,0.340413241639591,0.0778421392080691,NA,NA,NA,17.0962828282828,0,200.868686868687,0.353535353535354,NA,0.353535353535354,0.0444528767698394,NA,0.0479675905875748,NA,NA,0.00240290051375089,0.0118423093890212,0.00697890287030167,NA,NA,NA,0.988123996977862,0,11.7177136298742,0.0678210678210678,NA,0.0678210678210678,99
"sps","R03","pursue","single",0,NA,0,NA,NA,NA,NA,NA,NA,NA,NA,0.0240000000000009,0,0,0,NA,0,NA,NA,NA,NA,NA,NA,NA,NA,NA,NA,NA,NA,NA,NA,NA,NA,NA,1
"sps","R03","pursue03_epermcs1","single",0.0535238095238095,0.0895940256350399,0.085047619047619,0.108668479903016,0.224254338565722,0.0522302717021575,0.0918106628943787,NA,NA,NA,NA,60.0695,32.72,199.89,2.74,2.5,0.24,0.0124322521037186,0.00634224832556222,0.0141747364859797,0.00652159531642129,0.00722418350917059,0.00273004163772777,0.00553781884810869,NA,NA,NA,NA,3.37208039827407,1.18390553813736,11.7200673542381,0.176738121627349,0.154723604984482,0.0552679423766206,100
"sps","R03","wilcoxon_tss","single",0.0375238095238095,0.050970837127131,0.0853571428571429,0.057663050950259,0.159102590169846,0.0484754042739614,0.0862481643718833,NA,NA,NA,NA,0.216719999999999,32.72,199.89,1.42,1.29,0.13,0.0139915243000519,0.00597878851755888,0.021174793960385,0.00596846200940254,0.00672327912690947,0.00249203028630403,0.00560823417491652,NA,NA,NA,NA,0.0107846700028657,1.18390553813736,11.7200673542381,0.14576860035167,0.122511594998559,0.0463953149846539,100
"sps","R03","zicoseq","single",0.073987012987013,0.0351224225250142,0.144936424686425,0.0600722938653979,0.150955997948803,0.0771119573097747,0.142425918039292,NA,NA,NA,NA,100.42696,31.56,197.22,1.53,1.17021276595745,0.43,0.019193163008008,0.0044544052455095,0.0264993964525727,0.00730438172676135,0.00674473630711549,0.00857615853059275,0.010459653495675,NA,NA,NA,NA,6.25404474311407,1.38835852499972,12.1187439759884,0.250032321143011,0.155460583774074,0.132004744328575,100
"sps","R04","adapt","single",0.05,0.0016273849607183,0.075,0.0051745112351173,0.0825510492452208,0.0399265893568922,0.128532064503514,NA,NA,NA,NA,0.18233,15.55,100.54,0.08,0.0303030303030303,0.05,0.021904291355759,0.000931073867857615,0.0259904799975886,0.00195676114704207,0.00705208052880009,0.00279896804281026,0.00948112839682028,NA,NA,NA,NA,0.0035858885885784,0.381484341789153,4.3838643531326,0.0272659924344291,0.0173160173160173,0.021904291355759,100
"sps","R04","fastancom","single",0,0.00442156862745098,0,0.00500980392156862,0.10119130656197,0.0317443966068314,0.176444824811818,NA,NA,NA,NA,0.02803,15.67,101.12,0.06,0.06,0,0,0.00187674170232129,0,0.00212477484124871,0.00824020326629355,0.00434385997614949,0.0107296548911317,NA,NA,NA,NA,0.000350887762998677,0.354496370598737,4.32089777427765,0.0238683256575942,0.0238683256575942,0,100
"sps","R04","ldm","single",0,0.00408518661638091,0.06,0.00830325574673075,0.0959893359096382,0.0516112760158213,0.107748993215601,NA,NA,NA,NA,5.42789,15.6,100.93,0.06,0.0606060606060606,0,0,0.00165602439979361,0.0227857832692212,0.00269025693013078,0.00780040796498309,0.00280669735642036,0.00618247057435989,NA,NA,NA,NA,0.475357469720622,0.377926292851242,4.36136052815697,0.0238683256575942,0.0241028760295672,0,100
"sps","R04","limma_logtss","single",0.01,0.00299347643097643,0.027032967032967,0.0108744162972104,0.0938381159999201,0.0499288215121852,0.254008161764724,NA,NA,NA,NA,0.0334600000000006,15.29,100.09,0.06,0.0416666666666667,0.02,0.01,0.00152663124084618,0.0154971228292542,0.00481724119678039,0.00780127882320058,0.00807059003035708,0.0146335139081876,NA,NA,NA,NA,0.000471065844976018,0.451997809952681,4.52646750577181,0.0277797979063414,0.0205017471798601,0.02,100
"sps","R04","linda","single",0.025,0.00932325592959077,0.055,0.0135844296477781,0.0969006587213967,0.0471247029695945,0.110436418995337,NA,NA,NA,NA,0.0938899999999998,14.67,96.97,0.15,0.131868131868132,0.03,0.0148647097502641,0.00275296564005404,0.0223550324255519,0.00336243012350315,0.00799293072220238,0.0026156264597458,0.00644889265571143,NA,NA,NA,NA,0.00284480369811493,0.555060284286238,4.86507767749712,0.0411329453348431,0.0389382630503101,0.0171446607997765,100
"sps","R04","lm_logtss","single",0,0.00384048821548821,0.0173949579831933,0.0116975991056873,0.0943658951046824,0.0466069463002411,0.255289963787896,NA,NA,NA,NA,0.03627,15.29,100.09,0.04,0.0416666666666667,0,0,0.00194852347983238,0.0122391247707732,0.00477321381764211,0.00788018423965981,0.00780677162176495,0.0146347148060593,NA,NA,NA,NA,0.000323445778635559,0.451997809952681,4.52646750577181,0.0196946385566932,0.0205017471798601,0,100
"sps","R04","logistic_presence","single",0.0333333333333333,0.0119395722526527,0.0616666666666667,0.0168874058518021,0.0809880243420438,0.0561215369432957,0.153399664486103,NA,NA,NA,NA,0.13441,15.62,100.52,0.23,0.19,0.04,0.0174077655955698,0.00265177772622237,0.0215367772000851,0.00343275234164072,0.0054998746390433,0.00331128250097461,0.00559261916594157,NA,NA,NA,NA,0.00447611156557505,0.358385831249513,4.30176097368827,0.0489382212074519,0.0419114024647906,0.0196946385566932,100
"sps","R04","pursue","abundance",0.0625,0.0245476428671088,0.117708333333333,0.0359716591225395,0.12713232248728,0.0500089993368372,0.104269199518879,NA,NA,NA,NA,4.30491666666667,15.9270833333333,104.25,0.395833333333333,0.3125,0.0833333333333333,0.0225194847406076,0.00601233968955726,0.0304118221929165,0.00716329056532701,0.00868174294836935,0.00292547529254472,0.00570726182879829,NA,NA,NA,NA,0.184112399919434,0.339066310748791,4.20278207774118,0.0762025904764506,0.0683651509151345,0.02835654364078,96
"sps","R04","pursue","combined",0.0572916666666667,0.0173304334500639,0.100694444444444,0.0264180038657593,0.118578356737115,0.0400574251365579,0.170214443635452,NA,NA,NA,NA,4.30491666666667,15.9270833333333,104.260416666667,0.302083333333333,0.229166666666667,0.0729166666666667,0.0220518125755117,0.00409437621878761,0.0276472628297144,0.00603087785656923,0.00852985504435384,0.00249821791418819,0.00779557821219149,NA,NA,NA,NA,0.184112399919434,0.339066310748791,4.2028928214205,0.0575824954873415,0.0479381149556079,0.0266754029001071,96
"sps","R04","pursue","presence",0.0729166666666667,NA,0.125,NA,NA,0.030507709501491,0.247791889056396,0.0420342993618439,NA,NA,NA,4.30491666666667,0,103.635416666667,0.0833333333333333,NA,0.0833333333333333,0.0266754029001071,NA,0.0339310446269148,NA,NA,0.00202914333255771,0.0104343090115889,0.00555742664572119,NA,NA,NA,0.184112399919434,0,4.18663076319077,0.0319904956645798,NA,0.0319904956645798,96
"sps","R04","pursue","single",0,NA,0,NA,NA,NA,NA,NA,NA,NA,NA,0.024499999999998,0,0,0,NA,0,0,NA,0,NA,NA,NA,NA,NA,NA,NA,NA,0.00119023807142327,0,0,0,NA,0,4
"sps","R04","pursue03_epermcs1","single",0.015,0.00762033288349078,0.045,0.0158035565225968,0.107711777583272,0.046687757947493,0.112947347858812,NA,NA,NA,NA,7.84793,15.68,101.13,0.14,0.12,0.02,0.0111350751676807,0.00215602696535444,0.019077342729313,0.00361157735538286,0.0074791719238126,0.00285545744155283,0.00709287329869921,NA,NA,NA,NA,0.368365523961505,0.352159284438394,4.31898919618557,0.0376587548676509,0.0326598632371091,0.014070529413629,100
"sps","R04","wilcoxon_tss","single",0,0.00498290598290598,0.01,0.0062378079436903,0.0835988019639057,0.0504247549986676,0.115213241829276,NA,NA,NA,NA,0.0863299999999985,15.68,101.13,0.07,0.07,0,0,0.00189098785148597,0.01,0.00205719553892867,0.0068324110799094,0.00308104564229522,0.0066157762213697,NA,NA,NA,NA,0.00244073407569989,0.352159284438394,4.31898919618557,0.0256432399976243,0.0256432399976243,0,100
"sps","R04","zicoseq","single",0.0433333333333333,0.00688712368576622,0.0886111111111111,0.0120647191994962,0.0789071392676517,0.0582801271523641,0.123902566220493,NA,NA,NA,NA,26.87053,14.67,96.97,0.18,0.0989010989010989,0.09,0.0179817840237806,0.00221576694024882,0.0261524942497027,0.00333869530544821,0.00625718776244083,0.00547876616538543,0.00708831983073668,NA,NA,NA,NA,1.33278033035486,0.555060284286238,4.86507767749712,0.0575246982529323,0.0314677386006074,0.0378593889720018,100
"sps","R05","adapt","single",0.0257142857142857,0.00217541637677652,0.0908333333333333,0.00380427523263073,0.0792943674653794,0.0464908301821111,0.0736865420376254,NA,NA,NA,NA,0.381060000000001,49.95,349.6,0.15,0.0900000000000001,0.06,0.0151103956564838,0.000896034423157618,0.0268296523815271,0.00112487680687133,0.00467047919594043,0.00233899741059746,0.00482637470039321,NA,NA,NA,NA,0.022068693580809,3.26141739652309,27.0714729275052,0.0743660072230789,0.0378593889720018,0.0422115882408869,100
"sps","R05","fastancom","single",0,0.00171267142506722,0,0.00183315335277806,0.10516961170043,0.0304683919664498,0.142345351649408,NA,NA,NA,NA,0.0357600000000015,49.97,349.66,0.07,0.07,0,0,0.000724983237332597,0,0.000732084683742357,0.00548408611655714,0.0027932333412211,0.00780617283145828,NA,NA,NA,NA,0.00104351000537288,3.25949909394593,27.0662756353303,0.0256432399976243,0.0256432399976243,0,100
"sps","R05","ldm","single",0.045,0.00415375470632416,0.06,0.010167171642398,0.115780743169745,0.0473998402669606,0.0749031817346958,NA,NA,NA,NA,8.04673,49.97,349.66,0.19,0.14,0.05,0.0202197523189179,0.00126663390004455,0.0213883969509216,0.00258686121380714,0.00538495945055672,0.0019921187216717,0.00448960029979537,NA,NA,NA,NA,0.881561183339368,3.25949909394593,27.0662756353303,0.0486068540704525,0.042687494916219,0.021904291355759,100
"sps","R05","limma_logtss","single",0.0758668597888702,0.0234195770606437,0.0803959832754634,0.0441371061775536,0.102960036350206,0.0794820424549019,0.262048815110464,NA,NA,NA,NA,0.0340300000000031,49.97,349.66,4.16,0.62,3.54,0.0246096676760514,0.0113717330210731,0.0248254541288961,0.0152779541661975,0.00573234247534185,0.0159183983730438,0.0160802025575781,NA,NA,NA,NA,0.000382563126104359,3.25949909394593,27.0662756353303,1.88458499571142,0.261996992811796,1.63610895885712,100
"sps","R05","linda","single",0.015,0.00446951674428244,0.0466666666666667,0.00617048430677336,0.0966463855524787,0.0492570371157181,0.074032214047843,NA,NA,NA,NA,0.213430000000001,49.76,349.07,0.14,0.121212121212121,0.02,0.0111350751676807,0.00132318002985537,0.0194018292032214,0.00155343189295771,0.004726356389976,0.00234500136543351,0.00467345550420715,NA,NA,NA,NA,0.0133633620565541,3.28501710402509,27.1366138103285,0.0376587548676509,0.0329687147439996,0.014070529413629,100
"sps","R05","lm_logtss","single",0.068540755378573,0.0211239136597171,0.0939820574729436,0.0430222218136867,0.105909244647826,0.0798504276271257,0.262164801317669,NA,NA,NA,NA,0.0354800000000016,49.97,349.66,3.67,0.56,3.11,0.0236049066502849,0.0100609098285139,0.0272392958231097,0.0158430896308904,0.00599067998383975,0.0157733024169249,0.0162312048593185,NA,NA,NA,NA,0.000369132206476843,3.25949909394593,27.0662756353303,1.6613889163327,0.231952624908666,1.43891759263129,100
"sps","R05","logistic_presence","single",0.065,0.00283299969884349,0.124,0.00515548906056133,0.0813381683918285,0.0560815376280456,0.133243500456369,NA,NA,NA,NA,0.354270000000002,49.85,348.39,0.25,0.17,0.08,0.023197657492327,0.000830127493882412,0.030355469778189,0.00113532791837906,0.00453170578092474,0.00272341920243121,0.00351048872124392,NA,NA,NA,NA,0.0254501725699138,3.27057203163933,27.1067917800329,0.0519809599951771,0.0403394686042433,0.0272659924344291,100
"sps","R05","pursue","abundance",0.0995238095238095,0.0174411947157876,0.167166666666667,0.0257547721690225,0.136547129432536,0.0556192445303599,0.0739512687703594,NA,NA,NA,NA,13.56621,49.95,349.55,0.85,0.67,0.18,0.0278675728594689,0.00328779431732149,0.0308997646357615,0.00425919777857552,0.00550146150782866,0.00221337392971043,0.00482498991539198,NA,NA,NA,NA,1.02547195966521,3.25707853851586,27.0572060455232,0.124214704963997,0.105461946797043,0.050010099990003,100
"sps","R05","pursue","combined",0.0577777777777778,0.0114070516300305,0.152333333333333,0.0189888142505426,0.131598349255262,0.0436517487069872,0.150493825216389,NA,NA,NA,NA,13.56621,49.97,349.66,0.61,0.48,0.13,0.0196127873874642,0.00228506127874834,0.031668899442816,0.00345900942809437,0.0061467373250505,0.00228102469868713,0.00688732393356424,NA,NA,NA,NA,1.02547195966521,3.25949909394593,27.0662756353303,0.119675487140108,0.0846621330210666,0.0485236587093909,100
"sps","R05","pursue","presence",0.11,NA,0.13,NA,NA,0.0328619498216646,0.237116465398207,0.0433854019119159,NA,NA,NA,13.56621,0,348.39,0.11,NA,0.11,0.031446603773522,NA,0.0337997668989631,NA,NA,0.00170746826320522,0.0102249637463284,0.00355403593881467,NA,NA,NA,1.02547195966521,0,27.1067917800329,0.031446603773522,NA,0.031446603773522,100
"sps","R05","pursue03_epermcs1","single",0.03,0.00623816081427182,0.0566666666666667,0.0105114230877463,0.108849237496021,0.0480748324173256,0.0736304198089234,NA,NA,NA,NA,21.87626,49.97,349.66,0.23,0.19,0.04,0.0156023826204315,0.00185476757978947,0.01985073367372,0.00246632943050851,0.00529422971782722,0.00252416094192133,0.00487898171910143,NA,NA,NA,NA,1.45962628658465,3.25949909394593,27.0662756353303,0.0547814758929522,0.0486068540704525,0.0196946385566932,100
"sps","R05","wilcoxon_tss","single",0.01,0.00271132236786261,0.025,0.0042524102858325,0.0879492712735174,0.0471049221596438,0.0796749625881799,NA,NA,NA,NA,0.193899999999999,49.97,349.66,0.09,0.08,0.01,0.01,0.00105332417162219,0.0148647097502641,0.00125243550397849,0.00476755572593554,0.0022711708143483,0.00499827359573595,NA,NA,NA,NA,0.0124950212306963,3.25949909394593,27.0662756353303,0.0320825954263823,0.0307482445914323,0.01,100
"sps","R05","zicoseq","single",0.068,0.00807825682571534,0.129444444444444,0.0125255799356348,0.0934814030842993,0.0557629025405842,0.0897181419687828,NA,NA,NA,NA,83.53724,49.76,349.07,0.4,0.242424242424242,0.16,0.0249799919935936,0.00227527478719969,0.0327583689612231,0.00354332123032256,0.00461480359496881,0.00456447990555783,0.00796293192661639,NA,NA,NA,NA,6.207543751834,3.28501710402509,27.1366138103285,0.113707048722992,0.0557753191633122,0.0861288675078328,100
"sps","R06","adapt","single",0.024,NA,0.064,NA,NA,0.0473045269924958,0.0807565723926228,NA,-70.4363956385055,2629.13635698188,NA,0.273488000000001,0,205.816,0.032,NA,0.032,0.00969908702696427,NA,0.0155105871343741,NA,NA,0.00128905222864022,0.00340933249521509,NA,92.6800329598439,535.958255720413,NA,0.00568371797541864,0,7.41287010196418,0.0148589080552501,NA,0.0148589080552501,250
"sps","R06","fastancom","single",0.004,NA,0.004,NA,NA,0.0269390959523006,0.134769882733812,NA,0.00481024268675037,0.350702851500643,NA,0.030584,0,206.076,0.004,NA,0.004,0.004,NA,0.004,NA,NA,0.0018200501855923,0.00481938852747757,NA,0.00915377481454166,0.00451384857723066,NA,0.000217053506996758,0,7.39657530217892,0.004,NA,0.004,250
"sps","R06","ldm","single",0.032,NA,0.064,NA,NA,0.0468032100674297,0.0759374198926725,NA,NA,NA,NA,5.203276,0,206.076,0.032,NA,0.032,0.0111535468092308,NA,0.0155105871343741,NA,NA,0.00129560603769734,0.00275615670869162,NA,NA,NA,NA,0.192207332497904,0,7.39657530217892,0.0111535468092308,NA,0.0111535468092308,250
"sps","R06","limma_logtss","single",0.036,NA,0.076,NA,NA,0.051494849067578,0.234572189348367,NA,0.0333760956712187,0.43182725057924,0.948505150932422,0.0337879999999996,0,205.968,1.036,NA,1.036,0.0118056551692781,NA,0.0167935730678597,NA,NA,0.00634737967616933,0.00809302813554435,NA,0.0202047536238169,0.00967877902227947,0.00634737967616933,0.000241340433453002,0,7.40785618360317,0.586852964213717,NA,0.586852964213717,250
"sps","R06","linda","single",0.036,NA,0.056,NA,NA,0.0472996878600004,0.0733260465886328,NA,-0.00153234003406665,0.313535123814329,0.9499591382219,0.147848,0,204.908,0.036,NA,0.036,0.0118056551692781,NA,0.0145706973368996,NA,NA,0.00129869696643142,0.00268336147424516,NA,0.00369434962104044,0.0032208617174898,0.00135641349680988,0.00351102503139532,0,7.51406379817554,0.0118056551692781,NA,0.0118056551692781,250
"sps","R06","lm_logtss","single",0.02,NA,0.068,NA,NA,0.0511599876240112,0.234855994107402,NA,0.0333760956712187,0.43182725057924,0.948840012375989,0.0368360000000003,0,205.968,0.944,NA,0.944,0.00887213950734269,NA,0.015953748410747,NA,NA,0.00627803371482956,0.00811204297229672,NA,0.0202047536238169,0.00967877902227947,0.00627803371482956,0.000279766856464363,0,7.40785618360317,0.606460744432937,NA,0.606460744432937,250
"sps","R06","logistic_presence","single",0.06,NA,0.092,NA,NA,0.0574172622719851,0.130436361277664,NA,-0.00146028435146735,0.744516109251511,NA,0.227792,0,204.816,0.064,NA,0.064,0.0150501170791587,NA,0.0183162753794296,NA,NA,0.00147805107527692,0.00187793131997254,NA,0.00902014557932682,0.0287014566756466,NA,0.00680951517596715,0,7.39735276214067,0.0165138374495221,NA,0.0165138374495221,250
"sps","R06","pursue","abundance",0.0763052208835341,NA,0.156626506024096,NA,NA,0.0513637382655854,0.078197410076331,NA,0.00614945109000487,0.888819985650971,0.948636261734415,8.28732931726908,0,206.763052208835,0.0883534136546185,NA,0.0883534136546185,0.016858368046263,NA,0.023078988107708,NA,NA,0.00152003834191823,0.00290791244655606,NA,0.00783610459453882,0.00787830239232041,0.00152003834191823,0.284388651930998,0,7.3907172050156,0.0205414091505077,NA,0.0205414091505077,249
"sps","R06","pursue","combined",0.0562248995983936,NA,0.100401606425703,NA,NA,0.0414493564800889,0.158494026270821,NA,NA,NA,NA,8.28732931726908,0,206.795180722892,0.0682730923694779,NA,0.0682730923694779,0.0146275894128329,NA,0.0190839744301804,NA,NA,0.00138340255037508,0.00462620612448589,NA,NA,NA,NA,0.284388651930998,0,7.39115271089637,0.0188059126308417,NA,0.0188059126308417,249
"sps","R06","pursue","presence",0.0321285140562249,NA,0.0522088353413655,NA,NA,0.0294442145426832,0.250835024494803,NA,NA,NA,NA,8.28732931726908,0,205.530120481928,0.0321285140562249,NA,0.0321285140562249,0.0111976870885068,NA,0.0141254564376244,NA,NA,0.00109854165642301,0.00639060325349451,NA,NA,NA,NA,0.284388651930998,0,7.39243154708028,0.0111976870885068,NA,0.0111976870885068,249
"sps","R06","pursue","single",0,NA,0,NA,NA,NA,NA,NA,NA,NA,NA,0.0259999999999962,0,0,0,NA,0,NA,NA,NA,NA,NA,NA,NA,NA,NA,NA,NA,NA,NA,NA,NA,NA,NA,1
"sps","R06","pursue03_epermcs1","single",0.04,NA,0.08,NA,NA,0.0484499646635513,0.0746754152920577,NA,0.00193979747482102,0.214476845822147,NA,15.348092,0,206.076,0.048,NA,0.048,0.0124184084113013,NA,0.017192507941463,NA,NA,0.00136040328866223,0.00267877727357808,NA,0.00140470793931303,0.00324196140242486,NA,0.577347963441201,0,7.39657530217892,0.0157408735590375,NA,0.0157408735590375,250
"sps","R06","wilcoxon_tss","single",0.02,NA,0.048,NA,NA,0.0499049287817089,0.0797756153367077,NA,-0.0108635432377593,1.72348042218344,NA,0.132391999999999,0,206.076,0.02,NA,0.02,0.00887213950734269,NA,0.0135468842280857,NA,NA,0.00145126853200981,0.002581951668846,NA,0.0165307539468517,0.0273922114637518,NA,0.00338973073292951,0,7.39657530217892,0.00887213950734269,NA,0.00887213950734269,250
"sps","R06","zicoseq","single",0.06,NA,0.1,NA,NA,0.0554072533096721,0.0940866436723751,NA,NA,NA,NA,51.754884,0,204.908,0.104,NA,0.104,0.0150501170791587,NA,0.0190117275157343,NA,NA,0.00373039775011206,0.00523788477362876,NA,NA,NA,NA,1.73413282182221,0,7.51406379817554,0.0298041801871232,NA,0.0298041801871232,250
"sps","R07","adapt","single",0.025,0.0020230179028133,0.085,0.0024230179028133,0.0769073814922092,0.0464497171431836,0.079844557157407,NA,NA,NA,NA,0.267579999999999,16.4,212.53,0.06,0.03,0.03,0.0148647097502641,0.00122850433155333,0.0275745087962331,0.00128564196930118,0.0060696825625987,0.00217213425722964,0.00434527214656159,NA,NA,NA,NA,0.00933256685164393,0.567468238776587,11.5279585917425,0.0277797979063414,0.0171446607997765,0.0171446607997765,100
"sps","R07","fastancom","single",0.01,0.000434782608695652,0.01,0.000434782608695652,0.101877652250507,0.0347401103641563,0.146196005877324,NA,NA,NA,NA,0.0291999999999999,16.4,212.7,0.02,0.01,0.01,0.01,0.000434782608695652,0.01,0.000434782608695652,0.00749712772522223,0.00432769560037938,0.00820224993371629,NA,NA,NA,NA,0.000308466392256157,0.567468238776587,11.5101667839323,0.014070529413629,0.01,0.01,100
"sps","R07","ldm","single",0.055,0.00495039068258883,0.0916666666666667,0.00717416690636505,0.108518209433072,0.0498718040426031,0.0822945697740702,NA,NA,NA,NA,5.84898,16.4,212.7,0.18,0.07,0.11,0.0223550324255519,0.00204252570355827,0.0281664724158026,0.0023908277284549,0.00696854996932203,0.00251779658417182,0.00499387856834244,NA,NA,NA,NA,0.392414127769028,0.567468238776587,11.5101667839323,0.0701801433829579,0.0293188669562103,0.0633970970880522,100
"sps","R07","limma_logtss","single",0.0586699857752489,0.0072695652173913,0.127189404264986,0.0331562443949912,0.0957710284264329,0.0746449944250111,0.246916866793089,NA,NA,NA,NA,0.0318900000000008,16.4,212.7,1.18,0.09,1.09,0.0233526650647543,0.00606260918950283,0.0318936288962595,0.0110604810064006,0.00779032886032665,0.0129935430550526,0.0157979118525909,NA,NA,NA,NA,0.000209807511589194,0.567468238776587,11.5101667839323,0.841520989493177,0.0637149586800145,0.779159739071456,100
"sps","R07","linda","single",0.035,0.00126811594202898,0.101666666666667,0.00464320795527889,0.105499904966096,0.0484320761631924,0.0813497801123929,NA,NA,NA,NA,0.142949999999998,16.4,212.7,0.06,0.02,0.04,0.0177738316327429,0.000936034608725381,0.0295775531413883,0.00177918589285974,0.0072143396907329,0.00203880232694357,0.00455663333480877,NA,NA,NA,NA,0.00539512265707158,0.567468238776587,11.5101667839323,0.0277797979063414,0.014070529413629,0.0196946385566932,100
"sps","R07","lm_logtss","single",0.0690666666666667,0.0084230179028133,0.120775057509864,0.0316846818569325,0.0968466408468127,0.0740425252749895,0.247350977112148,NA,NA,NA,NA,0.0347099999999997,16.4,212.7,0.85,0.1,0.75,0.0253162302713401,0.00703422975560976,0.0316166940221777,0.011233260441784,0.00777868401638487,0.0130059641576559,0.0158678394440648,NA,NA,NA,NA,0.000159731466574682,0.567468238776587,11.5101667839323,0.74973059134329,0.0717740562565273,0.679924981007449,100
"sps","R07","logistic_presence","single",0.09,0.00611120312436102,0.125,0.00951742087461902,0.0829656393467735,0.0566660812581914,0.131910822781553,NA,NA,NA,NA,0.227029999999999,16.32,211.55,0.18,0.08,0.1,0.0287623491264661,0.00262168333565887,0.0328564370336385,0.00311008917272481,0.00622393117032608,0.00231278380763094,0.00312215211029996,NA,NA,NA,NA,0.0107040958364903,0.574698867128506,11.5220331311252,0.0435310176190437,0.0307482445914323,0.0333333333333333,100
"sps","R07","pursue","abundance",0.0805555555555556,0.0223398209827743,0.124722222222222,0.0365782576578983,0.149398633699913,0.05283218830825,0.0794570965368025,NA,NA,NA,NA,8.29953,16.4,212.65,0.45,0.29,0.16,0.0244323891301752,0.00524804794203126,0.0297464421913826,0.00684874892807475,0.00915970401655718,0.00286658806605417,0.00482246833307168,NA,NA,NA,NA,0.445270258519724,0.567468238776587,11.5064353974441,0.108595254467814,0.0640312423743285,0.0598314129851367,100
"sps","R07","pursue","combined",0.055,0.0170959211627875,0.128888888888889,0.027669255997887,0.137111638979831,0.0406736770448434,0.154990217799546,NA,NA,NA,NA,8.29953,16.4,212.7,0.34,0.23,0.11,0.0211953396821666,0.0042542678335863,0.0289793971991773,0.00554239410703292,0.00823924421781217,0.0021472233171372,0.00640490347857265,NA,NA,NA,NA,0.445270258519724,0.567468238776587,11.5101667839323,0.0806789372084865,0.0529054808029367,0.0447100648511037,100
"sps","R07","pursue","presence",0.08,NA,0.13,NA,NA,0.0323456533087189,0.241361267071141,0.0453979034691546,NA,NA,NA,8.29953,0,211.55,0.09,NA,0.09,0.0272659924344291,NA,0.0337997668989631,NA,NA,0.00172920934122553,0.0101318807458163,0.00588316319860987,NA,NA,NA,0.445270258519724,0,11.5220331311252,0.0320825954263823,NA,0.0320825954263823,100
"sps","R07","pursue03_epermcs1","single",0.065,0.0058901458019105,0.08,0.00759966961143431,0.108063943377002,0.0484196529187957,0.0776281387189484,NA,NA,NA,NA,16.31256,16.4,212.7,0.14,0.0699999999999999,0.07,0.0242618293546955,0.00276300838666173,0.0263235501581624,0.00291434338621068,0.00742988618123555,0.00216359307466451,0.003922035142256,NA,NA,NA,NA,0.889211142771098,0.567468238776587,11.5101667839323,0.042687494916219,0.0325824517434793,0.0256432399976243,100
"sps","R07","wilcoxon_tss","single",0.05,0.00235653235653236,0.07,0.00347108344012369,0.0847252758303739,0.0483901529060301,0.0824070717373278,NA,NA,NA,NA,0.131040000000001,16.4,212.7,0.08,0.03,0.05,0.021904291355759,0.00142045262373276,0.0256432399976243,0.00160667361880566,0.00594744046730121,0.00230527352314464,0.00438874877155222,NA,NA,NA,NA,0.00542118776355124,0.567468238776587,11.5101667839323,0.0272659924344291,0.0171446607997765,0.021904291355759,100
"sps","R07","zicoseq","single",0.0586666666666667,0.00769797408473879,0.143333333333333,0.0168159394527042,0.0961052042085439,0.0579276931227797,0.0998707391358619,NA,NA,NA,NA,51.43365,16.4,212.7,0.26,0.1,0.16,0.0221114410411403,0.00357881123788604,0.0336507275534772,0.0077256505943379,0.0072371443873735,0.00716681909400166,0.00945656945197072,NA,NA,NA,NA,2.5986621329226,0.567468238776587,11.5101667839323,0.119443152447793,0.0414387707005374,0.0825355754333924,100
"sps","R08","adapt","single",0.06,0.0030685837553193,0.115666666666667,0.00576385038034734,0.0819540920339293,0.0496343900993833,0.0852667174631445,NA,NA,NA,NA,0.293979999999999,81.35,234.79,0.27,0.19,0.08,0.0227857832692212,0.000778115036066493,0.0280590006885643,0.00124012334606883,0.00356935593456872,0.00214751697682519,0.00515534111064038,NA,NA,NA,NA,0.00976966010595348,2.79174016185481,11.2724953096043,0.0547814758929522,0.0442559132612339,0.0307482445914323,100
"sps","R08","fastancom","single",0.0075,0.00305267745266822,0.0133333333333333,0.00388703697839379,0.112720989673747,0.0255020267414373,0.161397312593283,NA,NA,NA,NA,0.0296300000000012,81.35,234.85,0.24,0.21,0.03,0.00556753758384034,0.000879288845156807,0.00938035294241932,0.00101500710956935,0.00467078296075512,0.00316369870992571,0.00852472230808476,NA,NA,NA,NA,0.000332621968212422,2.79174016185481,11.2671541493965,0.0698049229834635,0.0555868598672293,0.0222701503353614,100
"sps","R08","ldm","single",0.0325,0.00528326270785247,0.0713095238095238,0.0146597911087023,0.110727958777186,0.0479985273514202,0.0933641526387163,NA,NA,NA,NA,9.84108,81.35,234.85,0.34,0.29,0.05,0.0157533866809392,0.00141344036284564,0.0209797780180535,0.00282207750332042,0.00449396029683843,0.00255656341822476,0.00541329898397415,NA,NA,NA,NA,1.05415490923423,2.79174016185481,11.2671541493965,0.0819213715162967,0.0742572650596655,0.021904291355759,100
"sps","R08","limma_logtss","single",0.0395804185981177,0.0187901511510908,0.0454219966629588,0.0245682833805309,0.1130725384005,0.0629017247077747,0.242527451147743,NA,NA,NA,NA,0.0321399999999996,81.35,234.85,2.66,0.96,1.7,0.0164590029556793,0.00995718891083493,0.0173332042007489,0.012271968539348,0.0050147060321918,0.0138600202061744,0.0149396229137255,NA,NA,NA,NA,0.000199504436547111,2.79174016185481,11.2671541493965,1.45589848685971,0.486778733464739,0.971461462816397,100
"sps","R08","linda","single",0.0516666666666667,0.00619498518272894,0.0571904761904762,0.00989991429311662,0.103749106659263,0.0456867386123515,0.0926363646771484,NA,NA,NA,NA,0.152290000000001,80.87,234.14,0.5,0.393939393939394,0.11,0.019917760208346,0.00146124584606105,0.0194714151671675,0.00169197478011446,0.00447372834953296,0.00310150045875438,0.00553668647094253,NA,NA,NA,NA,0.00526874326149565,2.88922257202644,11.3931134613605,0.110554159678513,0.0822510822510822,0.0490207130000197,100
"sps","R08","lm_logtss","single",0.0352025923657889,0.0182441527379461,0.0379720339851297,0.0255743031905612,0.115259649609526,0.0638483704866054,0.242335441583058,NA,NA,NA,NA,0.0345800000000014,81.35,234.85,2.61,0.93,1.68,0.0158491084028486,0.00995246444888842,0.0142613809629634,0.0123244721464213,0.00482433273948568,0.0139061905535049,0.0147825171422516,NA,NA,NA,NA,0.000190787840283503,2.79174016185481,11.2671541493965,1.46383300642767,0.486225412247397,0.978752039872998,100
"sps","R08","logistic_presence","single",0.0571666666666667,0.00972553009022084,0.0925,0.0141992951315564,0.0877056675655996,0.0571170390040313,0.137338158135321,NA,NA,NA,NA,0.24602,81.1,233.61,0.83,0.71,0.12,0.0195347901112696,0.0013795702330186,0.023083529335856,0.00168034775012213,0.00392523224557763,0.00265590078888732,0.00379246443608043,NA,NA,NA,NA,0.0104323794703864,2.82046990855256,11.287840020271,0.111965903900981,0.0924361641590803,0.0383497988352882,100
"sps","R08","pursue","abundance",0.0724920634920635,0.0213460066367765,0.109156870906871,0.0358089533651229,0.131298047551846,0.0540793012849974,0.0927316808000084,NA,NA,NA,NA,9.14635,81.29,234.74,1.74,1.51,0.23,0.0222312884343757,0.0030440860280308,0.0227483467202248,0.00414259611716381,0.00498773696060048,0.00361672198300131,0.00588742283607593,NA,NA,NA,NA,0.428977777055025,2.78666721038127,11.2609239443666,0.228574855674163,0.195140457055419,0.0694203998777875,100
"sps","R08","pursue","combined",0.0546904761904762,0.0158374777529672,0.0951594516594517,0.0257601361939077,0.12331565506086,0.0422123434601369,0.154381936893372,NA,NA,NA,NA,9.14635,81.35,234.85,1.22,1.08,0.14,0.0189230975171388,0.00260969658254318,0.0233220375102587,0.00357515469854753,0.00490249890532578,0.00249532212519098,0.00609457585694466,NA,NA,NA,NA,0.428977777055025,2.79174016185481,11.2671541493965,0.173833776402004,0.157428835934966,0.042687494916219,100
"sps","R08","pursue","presence",0.12,NA,0.18,NA,NA,0.0372282842795679,0.232498574353325,0.0482112789616456,NA,NA,NA,9.14635,0,233.61,0.15,NA,0.15,0.032659863237109,NA,0.0386122919665369,NA,NA,0.00184215531190766,0.00977443663688006,0.00293482033058746,NA,NA,NA,0.428977777055025,0,11.287840020271,0.0435194139889245,NA,0.0435194139889245,100
"sps","R08","pursue03_epermcs1","single",0.0343333333333333,0.00779146584695855,0.0432142857142857,0.0130145845750586,0.116040470091226,0.0464944953872579,0.088226910382182,NA,NA,NA,NA,18.99035,81.35,234.85,0.57,0.48,0.09,0.0155082614383272,0.00138821932782603,0.0142412075260522,0.00184261553598074,0.00492172330420769,0.00287069049078927,0.00499859429607045,NA,NA,NA,NA,0.911650025927015,2.79174016185481,11.2671541493965,0.0977060113118156,0.0797470749281499,0.0428645977162243,100
"sps","R08","wilcoxon_tss","single",0.025,0.00436715575975971,0.0575,0.0065696389831534,0.0911447966110872,0.0487842450717352,0.0965102288414809,NA,NA,NA,NA,0.140510000000001,81.35,234.85,0.27,0.24,0.03,0.0148647097502641,0.00133709367162393,0.0224325588591604,0.00147971325341503,0.00410186187026251,0.00272365157618995,0.00578141433738155,NA,NA,NA,NA,0.00522104318304229,2.79174016185481,11.2671541493965,0.0722719331637969,0.0698049229834635,0.0171446607997765,100
"sps","R08","zicoseq","single",0.0348412698412699,0.00651328071195014,0.051780303030303,0.0110208148290475,0.0947280392456046,0.05140089724725,0.0955944816520735,NA,NA,NA,NA,56.20229,80.87,234.14,0.52,0.414141414141414,0.11,0.0162708267043984,0.00167365371987776,0.0187269269320172,0.00209931211105913,0.00418225975816348,0.0032020647689572,0.00562672404538696,NA,NA,NA,NA,2.48820868352855,2.88922257202644,11.3931134613605,0.135944135882384,0.0963250751415794,0.0601261300530104,100
"sps","R09","adapt","single",0.005,0.00161240534155149,0.0213571428571429,0.00682239193522573,0.077271666038398,0.0536804431267105,0.0988240162200453,NA,NA,NA,NA,0.316220000000001,130.6,253.2,0.22,0.21,0.01,0.005,0.00050092025708075,0.00874846925385889,0.00145889746506858,0.00383307822747503,0.0025850046670937,0.00509702851952424,NA,NA,NA,NA,0.00988209870156491,4.44638089127585,11.2532374690732,0.0578748213776505,0.0555868598672293,0.01,100
"sps","R09","fastancom","single",0.02,0.00328934740091578,0.02,0.00456637922844824,0.0968033423618393,0.0287990189642177,0.164128497883121,NA,NA,NA,NA,0.030319999999999,130.6,253.2,0.38,0.36,0.02,0.014070529413629,0.000981295185768205,0.014070529413629,0.00105403625987985,0.00460188042611491,0.00358987724131149,0.00724000440815011,NA,NA,NA,NA,0.000361221273018014,4.44638089127585,11.2532374690732,0.0885118265224678,0.0882146143324233,0.014070529413629,100
"sps","R09","ldm","single",0.0191666666666667,0.00731236489532103,0.0306237373737374,0.0126906829303768,0.101866506544028,0.0514102931520033,0.0987740597988214,NA,NA,NA,NA,11.07955,130.6,253.2,0.79,0.72,0.07,0.010974859036188,0.00171288566144479,0.0137716498851985,0.00238972105489611,0.0046129363870073,0.00274460257964282,0.00538211128234628,NA,NA,NA,NA,1.05153612054129,4.44638089127585,11.2532374690732,0.160362594192541,0.146390925368696,0.0325824517434794,100
"sps","R09","limma_logtss","single",0.0522124060150376,0.027763634622558,0.0761794052205904,0.0550760271349453,0.0914169063975613,0.0944788212038094,0.261843599579764,NA,NA,NA,NA,0.0325899999999989,130.6,253.2,4.13,2.42,1.71,0.0175399020351227,0.0110225467207715,0.0209647035042942,0.0171726789129786,0.00425479672829431,0.0173265813134832,0.01807054951332,NA,NA,NA,NA,0.000235742969088808,4.44638089127585,11.2532374690732,1.72495966868384,0.909121009602688,0.828811367458412,100
"sps","R09","linda","single",0.0147619047619048,0.00720846248149661,0.0437619047619048,0.00980865008503069,0.0956959975236199,0.0525312131501142,0.0960330050710904,NA,NA,NA,NA,0.162870000000001,130.6,253.2,0.85,0.82,0.03,0.01058743247343,0.00148481982766168,0.018087603133466,0.00173796892109953,0.0043942432172361,0.00328519122059662,0.00583393213029629,NA,NA,NA,NA,0.00525137124949288,4.44638089127585,11.2532374690732,0.1585126576216,0.153990685799925,0.0171446607997765,100
"sps","R09","lm_logtss","single",0.0513146708301237,0.0274435877263935,0.0668505523923923,0.0555084268486752,0.0943401435008587,0.0917364121720812,0.262586318490052,NA,NA,NA,NA,0.0346999999999991,130.6,253.2,3.93,2.39,1.54,0.0171735490081087,0.011017327341694,0.0192882181618536,0.0172446808100932,0.00427943450123406,0.0164418514556324,0.0180012477359648,NA,NA,NA,NA,0.00014389951600688,4.44638089127585,11.2532374690732,1.64084574152318,0.893285276862093,0.760571289800428,100
"sps","R09","logistic_presence","single",0.00861111111111111,0.00680763716843954,0.0215952380952381,0.0114933681189774,0.0781137287493886,0.0616424386077999,0.143435227149874,NA,NA,NA,NA,0.266779999999999,130.19,252.08,0.92,0.89,0.03,0.00566248112406206,0.00102994267805077,0.00770634920634921,0.00183989180664578,0.00372178236062754,0.00310658168919538,0.00466866336849481,NA,NA,NA,NA,0.0106940423327262,4.49103922643004,11.2984371852165,0.139754474459007,0.131728984101925,0.0171446607997765,100
"sps","R09","pursue","abundance",0.0220366479925303,0.0255012218619745,0.0382176527176527,0.0384312278842897,0.129033161405023,0.0610556343804372,0.0957388698650685,NA,NA,NA,NA,10.08512,130.52,253.12,3.08,2.94,0.14,0.00893585070173944,0.00354790301421337,0.00931955331904014,0.00496082970509139,0.00492628809741203,0.00496023624944924,0.00578320892636254,NA,NA,NA,NA,0.43514598648214,4.44161859659018,11.248697163618,0.356095549542592,0.338391919095434,0.0449915817041635,100
"sps","R09","pursue","combined",0.0267023809523809,0.0180306208102184,0.0429570707070707,0.0296961189327074,0.124129274468781,0.0488087225310909,0.151712129231967,NA,NA,NA,NA,10.08512,130.6,253.2,2.25,2.14,0.11,0.00921042625986982,0.00220661985650438,0.0116210547050079,0.00401191764982158,0.00515901326903389,0.00369485494823141,0.00681953864473332,NA,NA,NA,NA,0.43514598648214,4.44638089127585,11.2532374690732,0.240107299246639,0.227422980635669,0.034509550720186,100
"sps","R09","pursue","presence",0.11,NA,0.17,NA,NA,0.0422322608405329,0.222134695431761,0.0512860056533251,NA,NA,NA,10.08512,0,252.08,0.15,NA,0.15,0.031446603773522,NA,0.0377525168068637,NA,NA,0.0018030934432125,0.00945676622686069,0.00272053063967275,NA,NA,NA,0.43514598648214,0,11.2984371852165,0.0479372485441102,NA,0.0479372485441102,100
"sps","R09","pursue03_epermcs1","single",0.0171785714285714,0.00873830732908309,0.0273571428571429,0.0133275755620722,0.101378752137621,0.053450787601189,0.0966788431517177,NA,NA,NA,NA,20.95397,130.6,253.2,1.01,0.96,0.05,0.0105840686054902,0.00160523156373777,0.0121727059125855,0.00191380631939963,0.00398254996120802,0.00299991051978953,0.00573960895480391,NA,NA,NA,NA,0.902408391327554,4.44638089127585,11.2532374690732,0.165447052777398,0.154344492037203,0.021904291355759,100
"sps","R09","wilcoxon_tss","single",0.0133333333333333,0.0059845721559837,0.0308690476190476,0.0111376512288092,0.0831844557147718,0.0560622323250673,0.103089854986305,NA,NA,NA,NA,0.151049999999997,130.6,253.2,0.59,0.57,0.02,0.0105089347908202,0.00171165389339038,0.0150927093591179,0.00238620440729834,0.00446428081379551,0.00306422620970753,0.00525604930798689,NA,NA,NA,NA,0.00538627839509743,4.44638089127585,11.2532374690732,0.141489193648108,0.140169450121896,0.014070529413629,100
"sps","R09","zicoseq","single",0.0358571428571429,0.0102859423196465,0.034724025974026,0.0161480842433103,0.0922394461805046,0.0593675434750245,0.104248335395787,NA,NA,NA,NA,61.28291,130.6,253.2,1.25,1.15,0.1,0.0155411859005394,0.00178813984769441,0.0112221911066329,0.00251612568066731,0.00385650265553479,0.00396995412145396,0.00635568801714587,NA,NA,NA,NA,2.44491669045215,4.44638089127585,11.2532374690732,0.195078331845327,0.174873691791556,0.0389249472080762,100
"sps","R12","adapt","single",0.01,0.00212416481744212,0.0258333333333333,0.00383711666484775,0.0871447259879668,0.0499336230573887,0.0830420730744974,NA,NA,NA,NA,0.26872,32.63,217.14,0.08,0.0599999999999999,0.02,0.01,0.00125856756598793,0.0137974261169358,0.00189718410005947,0.00519726499197949,0.00275076336531884,0.00461808452921093,NA,NA,NA,NA,0.00956740130217026,1.15300704790788,11.6551546666284,0.0338743966363203,0.0277797979063414,0.02,100
"sps","R12","fastancom","single",0,0.00201781275521515,0.01,0.00247813021553261,0.106966342266645,0.0299016450958369,0.14789104453871,NA,NA,NA,NA,0.02929,32.63,217.18,0.06,0.06,0,0,0.000883539665780118,0.01,0.000931064539826722,0.00589274652232833,0.00320010368439891,0.00730853094168662,NA,NA,NA,NA,0.00032170473946453,1.15300704790788,11.6516473019262,0.0238683256575942,0.0238683256575942,0,100
"sps","R12","ldm","single",0.034,0.00742504122861265,0.0726190476190476,0.0100360492681921,0.115599342162917,0.0484144836801246,0.0804930562374169,NA,NA,NA,NA,7.05898,32.63,217.18,0.21,0.16,0.05,0.0175361099310865,0.00242458817979438,0.0246540343837036,0.00287207000929347,0.00574235800771935,0.00246343071529864,0.00420246623179785,NA,NA,NA,NA,0.629765637180799,1.15300704790788,11.6516473019262,0.0640312423743285,0.0486587789373794,0.0261116483933547,100
"sps","R12","limma_logtss","single",0.0189393939393939,0.0057624269005848,0.0641877394636015,0.0129197814339563,0.107196140319763,0.057857818036304,0.240483537978147,NA,NA,NA,NA,0.0320399999999994,32.63,217.18,0.71,0.11,0.6,0.0133456669310342,0.00398968584097458,0.0227990694812203,0.0057634849578228,0.00594993293538045,0.00997684540216478,0.0140802168982184,NA,NA,NA,NA,0.000247786157397903,1.15300704790788,11.6516473019262,0.659858417626942,0.0723278171336114,0.589983735437519,100
"sps","R12","linda","single",0.023,0.00520436309821104,0.065,0.0107889428447256,0.108688330588979,0.0506215998477035,0.0799701793297831,NA,NA,NA,NA,0.14385,32.63,217.18,0.2,0.14,0.06,0.0136222485869865,0.00164518453650496,0.0209074439404058,0.00271318695180864,0.00608082492552489,0.00230367278276057,0.00431062617697842,NA,NA,NA,NA,0.00540039981684862,1.15300704790788,11.6516473019262,0.0635641726163728,0.0376587548676508,0.0422115882408869,100
"sps","R12","lm_logtss","single",0.0258045977011494,0.00529966986794718,0.0552652933832709,0.0116780305903556,0.110023554910561,0.0576068757048376,0.238467160111866,NA,NA,NA,NA,0.0343099999999997,32.63,217.18,0.67,0.11,0.56,0.014950674975818,0.00296364983094612,0.0220996452254422,0.0057683296877423,0.00585667053663981,0.00984429252958847,0.014129615392645,NA,NA,NA,NA,0.000122015895635997,1.15300704790788,11.6516473019262,0.580326449404805,0.054855181241984,0.530164830477039,100
"sps","R12","logistic_presence","single",0.075,0.00695396027484619,0.0875,0.0123129612181165,0.0901282645903741,0.0593548545922156,0.135557270618952,NA,NA,NA,NA,0.231009999999999,32.49,215.81,0.3,0.22,0.08,0.0259904799975886,0.00172681658803623,0.025960099531334,0.00300456014454478,0.00610573390751941,0.0025493898801157,0.00360771451692367,NA,NA,NA,NA,0.0108987859114414,1.16614663734797,11.6640663335881,0.0627645914460848,0.0578748213776505,0.0272659924344291,100
"sps","R12","pursue","abundance",0.0553333333333333,0.0154301890129905,0.0869285714285714,0.023748727063653,0.134780791530547,0.052160018869943,0.0820543253694652,NA,NA,NA,NA,8.43684,32.62,217.13,0.54,0.47,0.07,0.0221220976714959,0.00292179488773243,0.0236404166539357,0.00370930094684242,0.00561273378674643,0.00264102587644159,0.00519223683458164,NA,NA,NA,NA,0.443692374256914,1.15406877935188,11.6492914337779,0.102907234876363,0.0968754276627902,0.0256432399976243,100
"sps","R12","pursue","combined",0.0703333333333333,0.0122868125372534,0.0983333333333333,0.0193839301963499,0.135164017431504,0.0385224861641596,0.147070374941815,NA,NA,NA,NA,8.43684,32.63,217.18,0.47,0.38,0.09,0.0244255896061779,0.00245213488296357,0.0275337768285101,0.00327071984253467,0.00579113407331875,0.0018829135566288,0.00578536127102893,NA,NA,NA,NA,0.443692374256914,1.15300704790788,11.6516473019262,0.0892788164723697,0.0801261631441443,0.0287623491264661,100
"sps","R12","pursue","presence",0.11,NA,0.14,NA,NA,0.0337675112620385,0.234849785823698,0.0493300061451033,NA,NA,NA,8.43684,0,215.81,0.13,NA,0.13,0.031446603773522,NA,0.0348735088019777,NA,NA,0.0017739703084133,0.00919332677816452,0.00454881341148019,NA,NA,NA,0.443692374256914,0,11.6640663335881,0.0393251147037697,NA,0.0393251147037697,100
"sps","R12","pursue03_epermcs1","single",0.03,0.00693834966511376,0.0708333333333333,0.0107739413910715,0.115361126458798,0.0508413029735259,0.0790070754819657,NA,NA,NA,NA,16.98729,32.63,217.18,0.24,0.2,0.04,0.0156023826204315,0.00159880920787311,0.0234022251380962,0.00249169626624454,0.00613709847715025,0.0021733435805244,0.00458538392598058,NA,NA,NA,NA,0.894497753473248,1.15300704790788,11.6516473019262,0.0514830559553826,0.0449466574975495,0.0196946385566932,100
"sps","R12","wilcoxon_tss","single",0.005,0.00300519291630429,0.0283333333333333,0.00578578242483498,0.0954602666585235,0.0531050103257844,0.0839020116173677,NA,NA,NA,NA,0.130980000000002,32.63,217.18,0.1,0.09,0.01,0.005,0.00124902177345952,0.0151785113033922,0.002001043815397,0.0061455563438,0.00259625663467829,0.00444849586064546,NA,NA,NA,NA,0.0053554273424445,1.15300704790788,11.6516473019262,0.0362371537669739,0.0320825954263823,0.01,100
"sps","R12","zicoseq","single",0.0653846153846154,0.00751942855856312,0.114426406926407,0.0139733228832904,0.094170880728914,0.0533351817637696,0.0929411814085018,NA,NA,NA,NA,52.54422,32.63,217.18,0.35,0.18,0.17,0.0221619977664537,0.00319270154922742,0.0277963621514629,0.00593230535895112,0.00515922018499375,0.00470026044221407,0.00709478370981291,NA,NA,NA,NA,2.62367287331667,1.15300704790788,11.6516473019262,0.140255898883851,0.06872577626504,0.0792069275615294,100
"sps","R13","adapt","single",0.08,0.00202519841269841,0.120833333333333,0.00334907548125633,0.0877817131128762,0.0523212682914695,0.0761955672013347,NA,NA,NA,NA,0.289839999999999,37.86,238.05,0.19,0.08,0.11,0.0263235501581624,0.000764432827283608,0.0313683225731787,0.0013435977806304,0.00586872163900933,0.00203557435118628,0.00454007371299064,NA,NA,NA,NA,0.010331971757803,1.01065235458004,12.0553552792562,0.0525991127935317,0.0307482445914323,0.0399368187885502,100
"sps","R13","fastancom","single",0.01,0.00396435185185185,0.03,0.00453426066644152,0.132393980242973,0.0265126119017615,0.142040075324542,NA,NA,NA,NA,0.0300500000000009,37.86,238.06,0.14,0.13,0.01,0.01,0.0017302303636475,0.0171446607997765,0.00176616521510366,0.00766846907027036,0.00279076138105643,0.00770282623892103,NA,NA,NA,NA,0.000358553491212572,1.01065235458004,12.054412160087,0.0532195756495975,0.0525222415609412,0.01,100
"sps","R13","ldm","single",0.0558333333333333,0.00832261806255753,0.0888055555555556,0.0143415152163069,0.114096601789118,0.053481262035478,0.0786690438915989,NA,NA,NA,NA,8.35414,37.86,238.06,0.35,0.26,0.09,0.0221607419742319,0.00209638339833588,0.0259439708426193,0.00370814666563043,0.00547639109629303,0.00291044730394949,0.00449923982231182,NA,NA,NA,NA,0.823085236576812,1.01065235458004,12.054412160087,0.0770346898114313,0.0629574170661119,0.0378593889720018,100
"sps","R13","limma_logtss","single",0.0381531531531532,0.00832916807384892,0.0678273431994362,0.0169193704640513,0.121952924158398,0.0510479636346512,0.207660123142322,NA,NA,NA,NA,0.0326299999999983,37.86,238.06,0.58,0.25,0.33,0.0173194093382772,0.00514516273474536,0.023087953416151,0.00716735954825137,0.00770288453907777,0.00964611743510947,0.0117764810477232,NA,NA,NA,NA,0.000280927396350232,1.01065235458004,12.054412160087,0.380371960431928,0.13586609569571,0.247024719656176,100
"sps","R13","linda","single",0.0325,0.00644207507425593,0.091,0.0109102361402431,0.119528476837155,0.051705980828215,0.0795467558618956,NA,NA,NA,NA,0.155080000000002,37.86,238.06,0.25,0.21,0.04,0.0172821943752592,0.00199843245884248,0.0256042794192519,0.00248646790325641,0.00685418213202978,0.00239244426149657,0.004071471261051,NA,NA,NA,NA,0.00568278776373672,1.01065235458004,12.054412160087,0.0672324476737388,0.0607944043145387,0.0196946385566932,100
"sps","R13","lm_logtss","single",0.0377567567567568,0.00717418231886317,0.0581111111111111,0.0172254384701193,0.1258979262558,0.0506312091757772,0.207805649264794,NA,NA,NA,NA,0.0346599999999994,37.86,238.06,0.54,0.21,0.33,0.0171857950228602,0.00470578175984866,0.0209536607180991,0.00757576880038554,0.0077754261189488,0.00956748536372748,0.0117645035886717,NA,NA,NA,NA,0.000240882216911522,1.01065235458004,12.054412160087,0.374279105060446,0.124149632754718,0.253084008091217,100
"sps","R13","logistic_presence","single",0.0791666666666667,0.0114792287771614,0.103333333333333,0.0157880580985592,0.102400265024194,0.0590892283400416,0.126064577907436,NA,NA,NA,NA,0.24989,37.83,236.98,0.5,0.37,0.13,0.0239063537286028,0.00255748815764807,0.026541160884556,0.00299824431235988,0.00570592840116298,0.00227296566290998,0.00265830874517601,NA,NA,NA,NA,0.0112911057783094,1.01315139913823,12.0714286602287,0.0915633026044735,0.0760847480700888,0.0366666666666667,100
"sps","R13","pursue","abundance",0.0564285714285714,0.0235572423060667,0.0839389499389499,0.0368692284111397,0.151734883673584,0.0552821777186521,0.0803214609055198,NA,NA,NA,NA,9.48537,37.85,237.99,0.99,0.85,0.14,0.0202932784710324,0.00445573208253693,0.0218362106316943,0.00529206767109356,0.00785104081923656,0.00235213689045667,0.00434517804120513,NA,NA,NA,NA,0.47467011972165,1.01188642713209,12.0535965964143,0.156020589161893,0.145209705549796,0.0512864799952486,100
"sps","R13","pursue","combined",0.0356666666666667,0.0203951521917384,0.0981904761904762,0.0284892731424437,0.146455590875269,0.0413857742816554,0.154510435749748,NA,NA,NA,NA,9.48537,37.86,238.06,0.82,0.74,0.08,0.0165975333853592,0.00463684693042485,0.0249815002900551,0.00505441238849258,0.00801842702155855,0.00219998448753137,0.00630338602818253,NA,NA,NA,NA,0.47467011972165,1.01065235458004,12.054412160087,0.155297043491406,0.148813489124658,0.03673547263198,100
"sps","R13","pursue","presence",0.07,NA,0.16,NA,NA,0.0323263123526865,0.253443498341268,0.0496315699269564,NA,NA,NA,9.48537,0,236.98,0.09,NA,0.09,0.0256432399976243,NA,0.0368452949177471,NA,NA,0.00184637400708701,0.0102734482180369,0.00497305101275744,NA,NA,NA,0.47467011972165,0,12.0714286602287,0.0350900716914789,NA,0.0350900716914789,100
"sps","R13","pursue03_epermcs1","single",0.0783333333333333,0.0132635991024516,0.0922619047619048,0.022805536181441,0.134612946615484,0.0537227165982346,0.074904606238219,NA,NA,NA,NA,18.58186,37.86,238.06,0.53,0.42,0.11,0.0261068124550979,0.00311559262213858,0.0261567708037334,0.00421257696783057,0.0062516380069387,0.00237332631740837,0.00446119299205315,NA,NA,NA,NA,0.861723630497375,1.01065235458004,12.054412160087,0.0979125563289443,0.0912096043144137,0.0399368187885502,100
"sps","R13","wilcoxon_tss","single",0.0375,0.00672162565695174,0.0633333333333333,0.00964649338181947,0.0961751297342746,0.0532729980678045,0.0775560286130885,NA,NA,NA,NA,0.141759999999999,37.86,238.06,0.26,0.2,0.06,0.0185915018057697,0.00230149704130913,0.0220994081003053,0.00261767534132194,0.0057432970652949,0.00246595820964622,0.00370146025965769,NA,NA,NA,NA,0.00558135641165639,1.01065235458004,12.054412160087,0.0760382678775508,0.0651338947278929,0.0342893215995531,100
"sps","R13","zicoseq","single",0.0292619047619048,0.013885267462554,0.0717222222222222,0.022126963338148,0.10446535982912,0.0600695449996192,0.0876676689218187,NA,NA,NA,NA,57.1095,37.86,238.06,0.57,0.49,0.08,0.0147312399697088,0.00445031253781643,0.0221874159235536,0.00563211952363551,0.00521894772964603,0.00431887838372754,0.00661895655568461,NA,NA,NA,NA,2.62543659701572,1.01065235458004,12.054412160087,0.170711523461143,0.144596268306208,0.0338743966363203,100
"sps","R14","adapt","single",0.015,0.00172730455818691,0.055,0.00261663262142802,0.0776992909096405,0.0492932043006479,0.0796733626372312,NA,NA,NA,NA,0.275400000000001,33.32,217.92,0.08,0.05,0.03,0.0111350751676807,0.000894967223889755,0.0223550324255519,0.00107777000563819,0.00491727991080738,0.00223971115926377,0.00455354613522139,NA,NA,NA,NA,0.00948758891575432,1.14811043709113,11.5755112459908,0.03673547263198,0.0261116483933547,0.0222701503353614,100
"sps","R14","fastancom","single",0,0.000983074080696109,0.01,0.00119140741402944,0.10426812479262,0.0352287179009291,0.155705901170938,NA,NA,NA,NA,0.0297399999999999,33.33,218.03,0.04,0.04,0,0,0.000487716676825909,0.01,0.00052643405803314,0.00564974515726056,0.00493754989863094,0.00908259567238739,NA,NA,NA,NA,0.000290808694797221,1.14689347651151,11.5650243790875,0.0196946385566932,0.0196946385566933,0,100
"sps","R14","ldm","single",0.04,0.00563019899355303,0.0925,0.0111887058745663,0.102620537754259,0.0489261443780876,0.0802114888992522,NA,NA,NA,NA,6.97501,33.33,218.03,0.19,0.15,0.04,0.0196946385566932,0.00163115638174606,0.0257026672619225,0.00252956027378464,0.00527014543228583,0.00203400575902841,0.00431733459297983,NA,NA,NA,NA,0.625773052174087,1.14689347651151,11.5650243790875,0.0442559132612339,0.0411329453348431,0.0196946385566932,100
"sps","R14","limma_logtss","single",0.00666666666666667,0.0038162367977494,0.0395155283697865,0.0144642699240434,0.10413743431718,0.0587666073128206,0.243298614229377,NA,NA,NA,NA,0.03212,33.33,218.03,0.14,0.1,0.04,0.00666666666666667,0.0015582408483452,0.0178141538912234,0.00591617554304259,0.00611537756127175,0.00891601269172523,0.0130814865844171,NA,NA,NA,NA,0.000245476242961845,1.14689347651151,11.5650243790875,0.0666969628130461,0.0362371537669739,0.04,100
"sps","R14","linda","single",0.03,0.00342004887061207,0.0433333333333333,0.00798734551258902,0.0965017537294255,0.0490516699277403,0.0758743618909368,NA,NA,NA,NA,0.14636,33.33,218.03,0.15,0.12,0.03,0.0171446607997765,0.00111427100879531,0.0199071920746321,0.00195966658353678,0.00519320053660796,0.00201852011003278,0.00410536103684145,NA,NA,NA,NA,0.00546419973901756,1.14689347651151,11.5650243790875,0.0411329453348431,0.0383497988352882,0.0171446607997765,100
"sps","R14","lm_logtss","single",0.01625,0.00366938573848512,0.0344267285861713,0.012865332233025,0.105657049294265,0.0587138373877334,0.244385869392022,NA,NA,NA,NA,0.0346700000000008,33.33,218.03,0.16,0.1,0.06,0.0117388190946693,0.00185059399451102,0.0171245806249796,0.00631039513335653,0.00596376388034204,0.0088659412864632,0.0130987157405275,NA,NA,NA,NA,0.000193351618780011,1.14689347651151,11.5650243790875,0.0849479935970333,0.0414387707005374,0.0508910501944987,100
"sps","R14","logistic_presence","single",0.06,0.00735597699603745,0.0733333333333333,0.0102476925817933,0.0893115954633693,0.0600345299755942,0.133179123767277,NA,NA,NA,NA,0.23403,33.24,216.92,0.32,0.26,0.06,0.0238683256575942,0.0016620528733981,0.0257676747878629,0.00215449759353184,0.0052388888992803,0.00260327471708866,0.00337361700744305,NA,NA,NA,NA,0.0110436457803215,1.15724507413778,11.570317998476,0.0583960701597377,0.0561743318211757,0.0238683256575942,100
"sps","R14","pursue","abundance",0.044,0.0131528295485054,0.100333333333333,0.0199170763933147,0.125286639136114,0.048539007782571,0.0821448578067223,NA,NA,NA,NA,8.55099,33.32,217.96,0.47,0.38,0.09,0.0183715854382563,0.00274583386620111,0.0261492092572824,0.0038255728441241,0.0058806983215955,0.00243468664217589,0.00481852675412299,NA,NA,NA,NA,0.449543749962451,1.14784646845801,11.5640763844875,0.0926108399528245,0.0735533888417183,0.0350900716914789,100
"sps","R14","pursue","combined",0.0683333333333333,0.00866156388917725,0.074,0.0135528295485054,0.118484440900681,0.040843132777343,0.158316310110116,NA,NA,NA,NA,8.55099,33.33,218.03,0.34,0.25,0.09,0.0244002125066642,0.00225652816545377,0.0245924353976559,0.0029262629921408,0.00588336681447699,0.00206932098864998,0.00637176586247862,NA,NA,NA,NA,0.449543749962451,1.14689347651151,11.5650243790875,0.0699494767166224,0.0609271795844942,0.0320825954263823,100
"sps","R14","pursue","presence",0.05,NA,0.08,NA,NA,0.0319336077198346,0.2477839382408,0.0447939173761238,NA,NA,NA,8.55099,0,216.92,0.05,NA,0.05,0.021904291355759,NA,0.0272659924344291,NA,NA,0.00179538245132643,0.00970998642095459,0.00419099140342497,NA,NA,NA,0.449543749962451,0,11.570317998476,0.021904291355759,NA,0.021904291355759,100
"sps","R14","pursue03_epermcs1","single",0.0433333333333333,0.00760081338200629,0.0785,0.0103325594137523,0.106809201543234,0.0504911151696665,0.0785012773230025,NA,NA,NA,NA,16.77281,33.33,218.03,0.27,0.21,0.06,0.0199071920746321,0.00194094600160555,0.0262202693588858,0.00243647500953208,0.00539190725906554,0.00197216035560126,0.00432246607136795,NA,NA,NA,NA,0.870931996753298,1.14689347651151,11.5650243790875,0.0600588936550675,0.0518252697615612,0.0277797979063414,100
"sps","R14","wilcoxon_tss","single",0.02,0.0020707462827028,0.03,0.00409329733210807,0.0860871888330993,0.0523765538794951,0.0805035583939101,NA,NA,NA,NA,0.13258,33.33,218.03,0.09,0.07,0.02,0.014070529413629,0.000878817793592326,0.0171446607997765,0.00124348768366077,0.00478249660565479,0.00224269220685742,0.00394985627120205,NA,NA,NA,NA,0.005360577761715,1.14689347651151,11.5650243790875,0.0320825954263823,0.0293188669562103,0.014070529413629,100
"sps","R14","zicoseq","single",0.0658333333333333,0.00565325561054462,0.125320512820513,0.00770129221649134,0.0929743335008058,0.0544268913320713,0.100915236891598,NA,NA,NA,NA,52.73387,33.33,218.03,0.26,0.16,0.1,0.0230068244889201,0.00186329499102728,0.0316646421793818,0.00231833825012893,0.00524533933009893,0.00386239763800611,0.00655009842306899,NA,NA,NA,NA,2.55482815147451,1.14689347651151,11.5650243790875,0.0675995337979262,0.0486587789373796,0.0333333333333333,100
"sps","R15","adapt","single",0.02,0.00413475526489109,0.085,0.00707353369388283,0.0761361863360853,0.0485925174406736,0.081851736721322,NA,NA,NA,NA,0.27385,32.31,215.22,0.12,0.1,0.02,0.014070529413629,0.00173876673754278,0.0275745087962331,0.00231273247730348,0.00554861364744234,0.0023810086706158,0.00426148291849713,NA,NA,NA,NA,0.00903809418321398,1.12561498342421,11.5151159329594,0.0408989886516436,0.0389249472080761,0.014070529413629,100
"sps","R15","fastancom","single",0,0.00147663019879552,0.01,0.00286604122636444,0.106674438629868,0.028607448729749,0.137786993802253,NA,NA,NA,NA,0.03017,32.32,215.27,0.04,0.04,0,0,0.000807024222546393,0.01,0.00145296989888649,0.00576793943128487,0.00275256311048876,0.00742073754432788,NA,NA,NA,NA,0.000353640518269052,1.12437457362668,11.5105735756479,0.0196946385566932,0.0196946385566932,0,100
"sps","R15","ldm","single",0.03375,0.00876384859167875,0.107083333333333,0.0110130520041569,0.10578815824521,0.049323730427337,0.0822007354215903,NA,NA,NA,NA,7.19424,32.32,215.27,0.29,0.2,0.09,0.01617211326558,0.00287122773477876,0.0287229048138025,0.00304518579275883,0.00587619473892076,0.00233542808530255,0.00507655249818962,NA,NA,NA,NA,0.554483554805276,1.12437457362668,11.5105735756479,0.0987753291898623,0.0586032715327689,0.0533617348619284,100
"sps","R15","limma_logtss","single",0.0254117056461139,0.0143926806769578,0.0409387401745414,0.024101750193399,0.102785934378635,0.0628883120730123,0.249928426485633,NA,NA,NA,NA,0.0328600000000003,32.32,215.27,3.98,0.56,3.42,0.0145383911614213,0.00734729469015734,0.0169959384999544,0.00994718144985137,0.00620248363720013,0.0122713968320397,0.0148895888256086,NA,NA,NA,NA,0.000245780554170022,1.12437457362668,11.5105735756479,2.82392305386344,0.332823853069033,2.49849166619795,100
"sps","R15","linda","single",0.0175,0.00532376737031818,0.074,0.00877853222859181,0.103564237627568,0.0491465115330725,0.0811579925933649,NA,NA,NA,NA,0.148219999999999,32.12,214.79,0.16,0.131313131313131,0.03,0.0113790299776529,0.00226402940681614,0.0248478196511111,0.00272466578365942,0.00624150554934972,0.00255341469883843,0.00437294728651219,NA,NA,NA,NA,0.00531699353037211,1.16361332047891,11.5907599475451,0.0563538603447677,0.0468475702186087,0.0171446607997765,100
"sps","R15","lm_logtss","single",0.0244476537427357,0.015255775915053,0.0364213252784825,0.0238194242544381,0.106667340602387,0.0632595192566424,0.248756238674448,NA,NA,NA,NA,0.0353900000000011,32.32,215.27,3.94,0.58,3.36,0.0140320917400698,0.00761536313547718,0.0166059581948053,0.010064877238605,0.00639041316419752,0.0122091940866636,0.0148042159150085,NA,NA,NA,NA,0.00025341904451151,1.12437457362668,11.5105735756479,2.77560876933404,0.339690887410744,2.44513617393611,100
"sps","R15","logistic_presence","single",0.1,0.00516115565697105,0.133333333333333,0.00862474914343449,0.0820309644956217,0.0572397374457377,0.131329635244162,NA,NA,NA,NA,0.2362,32.21,214.13,0.27,0.16,0.11,0.0293016357663844,0.00135279721054928,0.0316050259538627,0.00193272441223368,0.00593712457602979,0.00256873847344435,0.00270112472378465,NA,NA,NA,NA,0.0109678041226459,1.13754076406034,11.5151604505547,0.0509604719068583,0.0394917201397452,0.031446603773522,100
"sps","R15","pursue","abundance",0.0673484848484849,0.0152413041135762,0.159358974358974,0.0289295223983791,0.135612932623021,0.0534032768154404,0.0786940886380932,NA,NA,NA,NA,8.53844,32.31,215.19,0.64,0.44,0.2,0.0219695373267159,0.00265816157068024,0.0321934196155747,0.00455135138349372,0.0061303107271434,0.00280032037427558,0.00462839958664267,NA,NA,NA,NA,0.453247037757958,1.12570471754857,11.5092031247023,0.134479918518894,0.0686375342732467,0.0963998407308295,100
"sps","R15","pursue","combined",0.0344047619047619,0.011573575074778,0.0976818181818182,0.0169723380676904,0.12030545322104,0.0426819853415526,0.155753368110759,NA,NA,NA,NA,8.53844,32.32,215.27,0.46,0.34,0.12,0.0134462499916279,0.00218545805086406,0.0255379231102296,0.00287090917426264,0.00580784694499424,0.00246448041044942,0.0072819413990098,NA,NA,NA,NA,0.453247037757958,1.12437457362668,11.5105735756479,0.0989030746833393,0.0589812502307969,0.064007575309253,100
"sps","R15","pursue","presence",0.03,NA,0.12,NA,NA,0.0331306285434947,0.240949497732669,0.039569086334494,NA,NA,NA,8.53844,0,214.13,0.03,NA,0.03,0.0171446607997765,NA,0.032659863237109,NA,NA,0.00184004586380825,0.00986617479129728,0.00366241159448706,NA,NA,NA,0.453247037757958,0,11.5151604505547,0.0171446607997765,NA,0.0171446607997765,100
"sps","R15","pursue03_epermcs1","single",0.0483333333333333,0.00816722713389176,0.102333333333333,0.0131181400691649,0.106786336066114,0.0487665729444164,0.0758445404930721,NA,NA,NA,NA,17.04546,32.32,215.27,0.28,0.21,0.07,0.0191419471688264,0.00215106701941852,0.0283803531416444,0.00311882387053731,0.00649042147735651,0.00248980728711809,0.00384376534363126,NA,NA,NA,NA,0.89066928431615,1.12437457362668,11.5105735756479,0.0604361253930565,0.0477683805651623,0.0256432399976243,100
"sps","R15","wilcoxon_tss","single",0.0157142857142857,0.00453594843734595,0.05125,0.0102189379388294,0.0859827456898499,0.0488650102449593,0.0837082416991661,NA,NA,NA,NA,0.134129999999999,32.32,215.27,0.14,0.09,0.05,0.0114672865173104,0.00237176041013855,0.0210290053415887,0.00292009959759864,0.00563174098077576,0.00217303735756976,0.00396933698931707,NA,NA,NA,NA,0.00526550917468451,1.12437457362668,11.5105735756479,0.0765677886753056,0.0428645977162242,0.0411329453348431,100
"sps","R15","zicoseq","single",0.0745454545454546,0.00699041749874627,0.141944444444444,0.0106419902355161,0.0894890513488796,0.0563122546571597,0.094005858082759,NA,NA,NA,NA,53.55117,32.12,214.79,0.36,0.212121212121212,0.15,0.0238913979932449,0.00213348983849059,0.0329450235866448,0.00303707360955754,0.00598198292264944,0.00317833911198781,0.00515832952534969,NA,NA,NA,NA,2.65327325137758,1.16361332047891,11.5907599475451,0.122696965954931,0.0735930735930737,0.0592461054424763,100
