"simulator","regime_id","method","arm","fdr_05","tpr_05","fdr_10","tpr_10","pauc10","fpr05","ks_null","shadow","est_bias","est_rmse","ci_cover","runtime_s","n_pos","n_tested","n_rej_05","tp_05","fp_05","fdr_05_se","tpr_05_se","fdr_10_se","tpr_10_se","pauc10_se","fpr05_se","ks_null_se","shadow_se","est_bias_se","est_rmse_se","ci_cover_se","runtime_s_se","n_pos_se","n_tested_se","n_rej_05_se","tp_05_se","fp_05_se","n_cells"
"implant","B_abund","adapt","single",0.03,0.00466419404201341,0.0713095238095238,0.00809202383534806,0.110640170008376,0.0538302004869825,0.0764604037297041,NA,-0.0570379788720441,1.27065803461436,NA,0.567559999999998,47.13,479.83,0.2,0.11,0.09,0.00587178213704749,0.000686781991112627,0.00887735840431541,0.000914457473779136,0.00252393514389111,0.00126446130638426,0.00173255594970905,NA,0.0123439204262343,0.0166743623677157,NA,0.0150785651803142,1.65123316297613,17.0139049881874,0.0272748947853294,0.0129872833147274,0.0233741723132707,700
"implant","B_abund","aldex2","single",0.0133333333333333,0.00175,0.015,0.00338101604278075,0.118589773630417,0.00601789788124858,0.274740084865242,NA,-0.0151973204185926,0.629886628388051,NA,17.20138,47.13,479.83,0.05,0.03,0.02,0.00395492003274741,0.000524201673681825,0.00419056095821217,0.000625601774592899,0.00260761783963867,0.000359573530469359,0.00178844958224688,NA,0.00103577357407652,0.00246616174731656,NA,0.58737984112663,1.65123316297613,17.0139049881874,0.0124012551859068,0.00838112191642433,0.00529528632130563,700
"implant","B_abund","ancombc2","single",0,0.000666666666666667,0,0.000666666666666667,0.113777645771006,0.468537383567995,0.457878716095569,NA,-0.0156775791308109,0.843058203216757,0.497378077285441,88.20642,47.13,479.83,0.01,0.01,0,0,0.000250892541218173,0,0.000250892541218173,0.00229445415870214,0.00189303791259521,0.00162126958878046,NA,0.00587142310387031,0.00461805903342588,0.00170401957873577,3.27032748359583,1.65123316297613,17.0139049881874,0.0037633881182726,0.0037633881182726,0,700
"implant","B_abund","corncob","single",0.688691889193824,0.0658550410656696,0.723074897163411,0.100605319077221,0.120684116303782,0.129587480938135,0.122524124802156,NA,NA,NA,NA,17.22645,47.12,479.72,9.64,2.16,7.48,0.0113274331829361,0.00262533227660938,0.00863115605902462,0.00358375729667404,0.00218583531291996,0.00203648439073711,0.00266073678815159,NA,NA,NA,NA,0.610530132461176,1.65054532107982,17.011343585577,0.377269764179737,0.0905743871048971,0.303271621951301,700
"implant","B_abund","fastancom","single",0,0.0015654936461388,0,0.00169707259350723,0.116272031618062,0.0320437049987339,0.116238416193674,NA,-0.0174382158567681,0.457924836359315,NA,0.0492200000000045,47.13,479.83,0.04,0.04,0,0,0.000505014986873038,0,0.000506855819833159,0.00221050918216233,0.00118730920225946,0.00258290489500718,NA,0.00494718554013526,0.00254994023045189,NA,0.00129888892764266,1.65123316297613,17.0139049881874,0.00914045543766893,0.00914045543766892,0,700
"implant","B_abund","ldm","single",0.0446464646464646,0.00704655978248398,0.100863636363636,0.0116522979223144,0.145324244028943,0.0566914268959752,0.0826372998024045,NA,NA,NA,NA,15.37362,47.13,479.83,0.37,0.15,0.22,0.00701088217665639,0.00119404598936526,0.0102375784969469,0.00138545341184625,0.00265368051907732,0.00120928303950056,0.00203746519565727,NA,NA,NA,NA,0.793176438774255,1.65123316297613,17.0139049881874,0.0567742813885098,0.020280578389181,0.0436463876291707,700
"implant","B_abund","limma_logtss","single",0.0393333333333333,0.00717596553773023,0.0873095238095238,0.0135408131206369,0.113413318785199,0.0578361664415789,0.113853683040785,NA,-0.0186545510373922,0.467834293205789,0.888669283646277,0.03831,47.13,479.83,0.31,0.13,0.18,0.00671271649249627,0.00115197036059639,0.00966987507652509,0.00193600417731677,0.00244612618695361,0.00197633856959284,0.00249127744915404,NA,0.00609562340603152,0.00247443846762857,0.00175437592916581,0.000203031037747892,1.65123316297613,17.0139049881874,0.052326421274307,0.0174603577156761,0.0405188099875108,700
"implant","B_abund","linda","single",0.0554166666666667,0.00471996278575226,0.0868900966183575,0.0103838839925857,0.116005597490407,0.0577350767634488,0.0790141475889648,NA,-0.021589202102099,0.436011741573013,0.873922692661086,0.40846,47.13,479.83,0.32,0.09,0.23,0.00839289337923192,0.00093049701879446,0.00982949234722572,0.00162108713938856,0.00233165655668909,0.00139703915304797,0.00186103777433025,NA,0.00248262208904615,0.00230256110876413,0.00141207981815992,0.0186189294203798,1.65123316297613,17.0139049881874,0.0565786575674222,0.0152189551262861,0.0477999527118603,700
"implant","B_abund","lm_logtss","single",0.0325909090909091,0.00731975638740344,0.0752464494569758,0.0135815931614668,0.116684124595443,0.0584264275769381,0.113285904382087,NA,-0.0186545510373922,0.467834293205789,0.888488122399352,0.03604,47.13,479.83,0.33,0.14,0.19,0.00585070523298183,0.0011660283412803,0.00903709301140019,0.00195503861995895,0.00245692620401627,0.00195577804354207,0.00248624149053307,NA,0.00609562340603152,0.00247443846762857,0.00173812127280295,0.000129145978776139,1.65123316297613,17.0139049881874,0.053237127105358,0.0200285918659205,0.0413280951039522,700
"implant","B_abund","locom","single",0.0416666666666667,0.0023270546986253,0.131,0.00872281738781124,0.14519380675662,0.0578090609758836,0.0804797874917083,NA,-0.019022476988503,1.01628312557271,NA,315.36719,47.13,479.83,0.2,0.11,0.09,0.00709715263920453,0.000393835617419278,0.0121327042131752,0.000973598460944629,0.00281161332480371,0.00122859711478364,0.00192742833732217,NA,0.00277438363244767,0.00684600997384249,NA,11.7847539529054,1.65123316297613,17.0139049881874,0.0256531279901602,0.0184483968853525,0.0161316117739773,700
"implant","B_abund","locom2","single",0.191904761904762,0.00451836464205954,0.190198412698413,0.0117473468011998,0.135762851841214,0.0480482937136802,0.0904726098144387,NA,NA,NA,NA,62.29848,47.13,479.83,0.48,0.16,0.32,0.014037642188784,0.000607438731069071,0.0132839186414115,0.00143355212375288,0.00250722488425947,0.00100331947987459,0.00170881051155365,NA,NA,NA,NA,2.63717483691763,1.65123316297613,17.0139049881874,0.03875014421497,0.0166766779660349,0.0292392821785624,700
"implant","B_abund","logistic_presence","single",0.0766666666666667,0.000925229741019214,0.167380952380952,0.00363565820144767,0.0634815781457809,0.0593863273414285,0.125009577507028,NA,-0.0436640033838472,0.734188055203651,NA,0.54963,46.99,478.44,0.17,0.03,0.14,0.0095362171373857,0.000274123761015434,0.0134460741868805,0.000645680883272528,0.00155000680647811,0.00120009083180648,0.00108347216641957,NA,0.006605174205547,0.0139371191500784,NA,0.0184900643427529,1.65272995646986,17.0297537484391,0.0233496774966777,0.0064522012745693,0.0200285918659205,700
"implant","B_abund","maaslin3","abundance",0.08,0.00673888788711516,0.242334776334776,0.0201495693973575,0.145392402423468,0.0518245322056094,0.0642397279636793,NA,-0.0105509032860721,0.874992814956669,NA,13.54428,47.12,479.74,0.46,0.33,0.13,0.00892532470433037,0.0005916726664068,0.0133480719807957,0.00104565706196425,0.00250567936710206,0.000715907719652463,0.00145375708786421,NA,0.00557907464607224,0.00503183034362007,NA,0.43471505712279,1.65054532107982,17.0112162106975,0.0348386840391453,0.0273037279914623,0.0127201641147941,700
"implant","B_abund","maaslin3","combined",0.116666666666667,0.00944680652132684,0.302781010656011,0.0261107643111394,0.141955231582875,0.0575482856565598,0.0999731916807267,NA,NA,NA,NA,13.54428,47.13,479.83,0.68,0.47,0.21,0.0101255824585051,0.00065985479555706,0.0136402419418384,0.00113643281213843,0.00230693140113774,0.000935492458287426,0.00171280502241217,NA,NA,NA,NA,0.43471505712279,1.65123316297613,17.0139049881874,0.0403418865592426,0.03,0.0163080151791813,700
"implant","B_abund","maaslin3","presence",0.02,NA,0.23,NA,NA,0.0446987994763476,0.0759471102793459,0.0620007890204848,NA,NA,NA,13.54428,0,478.98,0.02,NA,0.02,0.00529528632130564,NA,0.0159173473178361,NA,NA,0.00102565485315908,0.00156535081204448,0.00249113349553329,NA,NA,NA,0.43471505712279,0,17.0234005233711,0.00529528632130564,NA,0.00529528632130564,700
"implant","B_abund","pursue","abundance",0.0666666666666667,0.00479453942214345,0.119166666666667,0.00839574740056958,0.143905936095482,0.0542048016197416,0.0657546953785793,NA,-0.0113586585940974,0.864970327931829,0.942732462018922,18.63223,47.12,479.74,0.24,0.15,0.09,0.00909163159510979,0.00067703857757552,0.0114016758299403,0.000840786643929058,0.00252673718643692,0.000816216235126843,0.00143477747412732,NA,0.00513675139371522,0.00506078461054893,0.000821761119398584,0.653284254686078,1.65054532107982,17.0112162106975,0.0227696055218864,0.0172294122545737,0.0120739258430994,700
"implant","B_abund","pursue","combined",0.0483333333333333,0.00347510776019211,0.101904761904762,0.00554025503122173,0.124412046209943,0.0457637537862222,0.108981742749491,NA,NA,NA,NA,18.63223,47.13,479.83,0.18,0.12,0.06,0.00768431134947002,0.000487409154315804,0.0109016588221918,0.000707393760937604,0.00217468080450936,0.000725884088166024,0.0018855848707197,NA,NA,NA,NA,0.653284254686078,1.65123316297613,17.0139049881874,0.0188207416096002,0.0144325177274868,0.0089825773182851,700
"implant","B_abund","pursue","presence",0.02,NA,0.07,NA,NA,0.0346002154192144,0.187455324600846,0.0365153460137078,NA,NA,NA,18.63223,0,478.43,0.02,NA,0.02,0.00529528632130564,NA,0.00965054647210719,NA,NA,0.000622835616888972,0.00268851276436747,0.00155217578593485,NA,NA,NA,0.653284254686078,0,17.0296285232381,0.00529528632130564,NA,0.00529528632130564,700
"implant","B_abund","pursue03_efull","single",0.008,0.00598837110601816,0.0382352941176471,0.00886727625659514,0.116554193049445,0.0498298362261541,0.0763472239325472,NA,-0.0150335435901031,0.374107223772363,NA,13.63323,47.12,479.73,0.19,0.11,0.08,0.00301071049461808,0.000835781418335198,0.00664613699793272,0.00110685431648089,0.00241159430550761,0.00110333796440902,0.00171777846510559,NA,0.00154118581137992,0.00193461659221768,NA,0.287376465608854,1.6514638237295,17.0160538983578,0.0388294388562134,0.0129872833147274,0.0301071049461808,700
"implant","B_abund","pursue03_efullb","single",0.008,0.00598837110601816,0.0315686274509804,0.00828394292326181,0.117532095468697,0.0502095373016672,0.0756124511216308,NA,-0.0149791086887421,0.37563865793428,NA,12.87729,47.12,479.7,0.19,0.11,0.08,0.00301071049461808,0.000835781418335198,0.00620311193677216,0.00110028569383127,0.00235742218832856,0.00110042184437775,0.00175798860078068,NA,0.00153275115149469,0.00191055467876088,NA,0.277787872737815,1.6514638237295,17.0166908722097,0.0388294388562134,0.0129872833147274,0.0301071049461808,700
"implant","B_abund","pursue03_erdc","single",0,0.00447145877378436,0.02,0.00518637105448611,0.114974943455877,0.0483036118419532,0.0721846290823167,NA,NA,NA,NA,0.17357,47.11,479.63,0.06,0.0600000000000001,0,0,0.000835350505358223,0.00529528632130564,0.000848068752757832,0.00233714701936182,0.00105128205022467,0.00165888570956582,NA,NA,NA,NA,0.00340478605749052,1.65166838094984,17.0182319594951,0.0089825773182851,0.00898257731828511,0,700
"implant","B_abund","pursue03_erdl","single",0.01,0.00597841864018335,0.028,0.00840174907172171,0.135510178309822,0.0460619618419062,0.0780078647620961,NA,-0.0164125615833253,0.345050989349085,NA,1.1279,47.13,479.83,0.09,0.08,0.01,0.0037633881182726,0.000935471463562835,0.00605364667406047,0.00107415434054019,0.00263064505841796,0.00109079132218314,0.00166960243586208,NA,0.00130614337619208,0.00161762287494635,NA,0.020566016735116,1.65123316297613,17.0139049881874,0.0120739258430994,0.0115717578353136,0.0037633881182726,700
"implant","B_abund","pursue03_erdlu_ad","single",0,0.00398217468805705,0.0377777777777778,0.005825311942959,0.118061417111189,0.0483874025203331,0.0769553886333147,NA,-0.0187866961621235,0.381661574946507,NA,9.77438,47.11,479.63,0.05,0.0500000000000001,0,0,0.000780582387137723,0.00703783177836173,0.000986005067468668,0.00230483561046622,0.00110541328945789,0.00175494071000678,NA,0.00150332665739411,0.00196083194688288,NA,0.187873898123167,1.65166838094984,17.0182319594951,0.00824343498274447,0.00824343498274448,0,700
"implant","B_abund","pursue03_erdlu_r05","single",0.01,0.00439884135472371,0.0281818181818182,0.00637355755699409,0.127414784162975,0.0478810255170895,0.0787066645685277,NA,-0.0174928855940005,0.357091019402138,NA,13.71039,47.12,479.68,0.07,0.0600000000000001,0.01,0.0037633881182726,0.000793189822805826,0.00608711202140122,0.000994963299737453,0.0023944764357211,0.00113043555104654,0.00180605111543199,NA,0.00136596990959773,0.00169213508534668,NA,0.252617356452348,1.6514638237295,17.0171552588685,0.00965054647210719,0.00898257731828511,0.0037633881182726,700
"implant","B_abund","pursue03_erdlu_uc","single",0,0.00398217468805705,0.0377777777777778,0.005825311942959,0.118061417111189,0.0483874025203331,0.0769553886333146,NA,-0.0187866961621235,0.381661574946507,NA,9.77666,47.11,479.63,0.05,0.0500000000000001,0,0,0.000780582387137723,0.00703783177836173,0.000986005067468668,0.00230483561046622,0.00110541328945789,0.00175494071000677,NA,0.00150332665739411,0.00196083194688288,NA,0.182604171787559,1.65166838094984,17.0182319594951,0.00824343498274447,0.00824343498274448,0,700
"implant","B_abund","pursue03_erdlum","single",0,0.00398217468805705,0.0277777777777778,0.00658189089032742,0.119019572526815,0.0493380436686193,0.0772798707679925,NA,-0.0187866961621235,0.381661574946507,NA,0.0692799999999999,47.11,479.63,0.05,0.0500000000000001,0,0,0.000780582387137723,0.00601354905311949,0.00100853210136444,0.0023362844365849,0.00109196511734268,0.00175052752196056,NA,0.00150332665739411,0.00196083194688288,NA,9.89327888497308e-05,1.65166838094984,17.0182319594951,0.00824343498274447,0.00824343498274448,0,700
"implant","B_abund","pursue03_erdu_ad","single",0.01,0.000151515151515152,0.055,0.000283094098883573,0.077479913127969,0.0492244606529879,0.0686769150432095,NA,NA,NA,NA,0.0577100000000001,47.11,479.63,0.02,0.01,0.01,0.0037633881182726,5.70210320950395e-05,0.00841306634139205,7.5142628178218e-05,0.00197558129755528,0.00101756141717155,0.00149990714770714,NA,NA,NA,NA,7.83037261796585e-05,1.65166838094984,17.0182319594951,0.00529528632130564,0.00376338811827261,0.0037633881182726,700
"implant","B_abund","pursue03_erdu_r05","single",0,0.00352551834130782,0.0185714285714286,0.00428042030209213,0.0989626375338768,0.0507049700983088,0.0723388911599952,NA,NA,NA,NA,0.0436200000000001,47.12,479.68,0.05,0.0500000000000001,0,0,0.000753118986052171,0.00493187362162063,0.000782453947978328,0.0021919731325584,0.00107486771592778,0.00163524438739544,NA,NA,NA,NA,0.000139258202358706,1.6514638237295,17.0171552588685,0.00824343498274447,0.00824343498274448,0,700
"implant","B_abund","pursue03_erdu_uc","single",0.01,0.000151515151515152,0.055,0.000283094098883573,0.077479913127969,0.0492244606529879,0.0686769150432095,NA,NA,NA,NA,0.00653999999999998,47.11,479.63,0.02,0.01,0.01,0.0037633881182726,5.70210320950395e-05,0.00841306634139205,7.5142628178218e-05,0.00197558129755528,0.00101756141717155,0.00149990714770714,NA,NA,NA,NA,1.95953338873611e-05,1.65166838094984,17.0182319594951,0.00529528632130564,0.00376338811827261,0.0037633881182726,700
"implant","B_abund","pursue03_erlc","single",0.01,0.00591781257957729,0.0402380952380952,0.00907024778433808,0.14375097662187,0.0470869192029683,0.0786091217555316,NA,-0.0164125615833253,0.345050989349085,NA,0.0600200000000001,47.13,479.83,0.1,0.0900000000000001,0.01,0.0037633881182726,0.000847485708333421,0.00683677246003812,0.00115284916768781,0.00273728290294578,0.00103900599292573,0.00180958473965904,NA,0.00130614337619208,0.00161762287494635,NA,0.00025106240639076,1.65123316297613,17.0139049881874,0.0113470421170835,0.0108243882956151,0.0037633881182726,700
"implant","B_abund","pursue03_eselum","single",0,0.00457040998217469,0.0281818181818182,0.00658189089032742,0.119377399516529,0.0494038066700464,0.0773264448104644,NA,-0.0187866961621235,0.381661574946507,NA,24.45955,47.11,479.63,0.06,0.0600000000000001,0,0,0.000807225984529146,0.00608711202140122,0.00100853210136444,0.00234863534383866,0.00105703779702294,0.00173962791701153,NA,0.00150332665739411,0.00196083194688288,NA,0.533101210664424,1.65166838094984,17.0182319594951,0.0089825773182851,0.00898257731828511,0,700
"implant","B_abund","wilcoxon_tss","single",0.0283333333333333,0.00458065953654189,0.0504761904761905,0.00498065953654189,0.103073443370428,0.0555072913885654,0.0809265075445658,NA,-0.0389848127642871,1.58613653799657,NA,0.27077,47.13,479.83,0.19,0.0800000000000001,0.11,0.00571226290922526,0.00108622305337475,0.00790368579222479,0.0010942115595677,0.00197248119243516,0.00124467901740056,0.00188974583647425,NA,0.0132771045747896,0.0182974389492492,NA,0.00888616267713255,1.65123316297613,17.0139049881874,0.0357606892490217,0.0174808294752175,0.0219864700234385,700
"implant","B_abund","zicoseq","single",0.03,0.00688292239023488,0.0945151515151515,0.011203036162126,0.118702814483351,0.0600459771410018,0.0771137570190718,NA,NA,NA,NA,119.29426,47.13,479.83,0.27,0.15,0.12,0.00522730806843697,0.00132414186586952,0.0102033832730289,0.00149947052054081,0.00237727578689479,0.00145873602905019,0.0018494731697875,NA,NA,NA,NA,4.17761024864386,1.65123316297613,17.0139049881874,0.0346058947900544,0.0163780445520105,0.0279382109978881,700
"implant","B_allup","adapt","single",0.0700102675280105,0.111340776913316,0.09523710019164,0.138437175193486,0.36412051987458,0.0493689514452139,0.0753652742353359,NA,0.0129884192955959,1.29965926363849,NA,0.622199999999996,49.31,476.33,6.1,5.63,0.47,0.00705210117590013,0.00342193003505692,0.00711106441766367,0.00407902943897493,0.00465788996316549,0.0011145825342619,0.00168585991332664,NA,0.0120093807852224,0.0136822533423669,NA,0.0176411649559042,1.73023847455398,16.7656352453114,0.256391822821494,0.237214100187175,0.043932253737487,700
"implant","B_allup","aldex2","single",0,0.0446218935082339,0.00125,0.05827084009612,0.272492622808619,0.0041616652661045,0.272682899289509,NA,-0.04726751276552,0.694341427252418,NA,17.38894,49.31,476.33,1.88,1.88,0,0,0.00190793408169508,0.000470423514784075,0.00226041663677979,0.00323394353139476,0.000217855080984172,0.0018682550732741,NA,0.00108157021403565,0.00542561215844983,NA,0.591117035191719,1.73023847455398,16.7656352453114,0.0766389823748748,0.0766389823748748,0,700
"implant","B_allup","ancombc2","single",0.009,0.0263614602397971,0.009,0.0263614602397971,0.103515973717076,0.465242150012555,0.454140325720421,NA,-0.0809663815742283,0.841047333038748,0.499806647785112,111.51908,49.31,476.33,1.24,1.21,0.03,0.00239784118452596,0.00138580040002104,0.00239784118452596,0.00138580040002104,0.00249201432001429,0.00225787086193836,0.00192363897906366,NA,0.00571471564779306,0.00451495288623442,0.0021916807980243,4.1817886316971,1.73023847455398,16.7656352453114,0.058625164146846,0.0571860402946206,0.00838112191642435,700
"implant","B_allup","corncob","single",0.61695838768325,0.0885067243901561,0.693596149730923,0.127280905072161,0.152908886120058,0.121090992810464,0.117292798281187,NA,NA,NA,NA,17.12095,49.27,476.23,11.2,3.38,7.82,0.0116234368580291,0.00321356911212333,0.00836584713761137,0.00414309907705296,0.00279388684194905,0.00166492422611946,0.0024269408467063,NA,NA,NA,NA,0.605566982277795,1.72922249681488,16.7628957511166,0.499899846907842,0.149178005259552,0.376998916601548,700
"implant","B_allup","fastancom","single",0.0209336219336219,0.0544884999413933,0.0414310268584462,0.0662750293318408,0.20836852775378,0.0441881809112314,0.137939900042434,NA,-0.210436199946061,0.484165258700523,NA,0.0480800000000055,49.31,476.33,2.53,2.35,0.18,0.00279507571439391,0.00220316412659268,0.00495938891347083,0.00231803194965458,0.00387347734372201,0.00203273478928416,0.00320197964523373,NA,0.00583551726763103,0.00383939804476629,NA,0.00117004432377564,1.73023847455398,16.7656352453114,0.110462028768776,0.0970782024775923,0.0264115117746091,700
"implant","B_allup","ldm","single",0.0704402264402264,0.0673063099732707,0.131657792997396,0.0870301466902747,0.283218087854863,0.0528347242782057,0.07686213317529,NA,NA,NA,NA,22.70311,49.31,476.33,3.15,2.89,0.26,0.00685179474852657,0.00266639486436846,0.00894044194707352,0.00314231613692769,0.00407748138543073,0.00117279856922944,0.00194251155689752,NA,NA,NA,NA,1.06105769309009,1.73023847455398,16.7656352453114,0.131283419343661,0.126003269935089,0.0218067989555252,700
"implant","B_allup","limma_logtss","single",0.0345606774422242,0.0855791385142086,0.0823588041751759,0.110643557782479,0.325801561882453,0.04814687150463,0.10898324669411,NA,-0.0596287242626482,0.444257740110909,0.917947978356619,0.03843,49.31,476.33,4.75,4.07,0.68,0.00462571199267923,0.00287981125887397,0.00717882084293195,0.00350988985908718,0.00559918268810217,0.00172518765559894,0.00249574264852846,NA,0.00592294170232795,0.00324174916615437,0.00171987572804628,0.000226325692370933,1.73023847455398,16.7656352453114,0.279196425078875,0.197499026636018,0.156762671098931,700
"implant","B_allup","linda","single",0.0678713819705199,0.110976813204114,0.112834225835491,0.141330316167516,0.344264375150799,0.0551355360306046,0.0815552956136913,NA,-0.0481535612118972,0.409556221721973,0.900474494865178,0.36731,49.31,476.33,5.5,5.02,0.48,0.0062986345899493,0.00300592828493718,0.00735712098729718,0.0037181835230267,0.00413112279488544,0.00118765507488316,0.00178085982717839,NA,0.00226124019801684,0.00281494689179355,0.00116852727842947,0.0162006902968491,1.73023847455398,16.7656352453114,0.209263303486254,0.193749244310677,0.0426181770243113,700
"implant","B_allup","lm_logtss","single",0.0365033993783994,0.0876773023289378,0.0712830188493905,0.112430539656111,0.323508547299137,0.0485190212921483,0.10972352778289,NA,-0.0596287242626482,0.444257740110909,0.917569699718021,0.03639,49.31,476.33,4.85,4.25,0.6,0.0054487876090683,0.00286823557846687,0.0067663726518405,0.00353748027864976,0.00557746471177836,0.00174122494457576,0.00247936312314939,NA,0.00592294170232795,0.00324174916615437,0.00172930016863143,0.000139782684390841,1.73023847455398,16.7656352453114,0.26332174328454,0.195542237917357,0.141421356237309,700
"implant","B_allup","locom","single",0.041,0.0265439335068601,0.095296176046176,0.0410820660259381,0.213867388399485,0.0517365921222386,0.073052563787047,NA,-0.0824669509628586,0.995338729773271,NA,313.6252,49.31,476.33,1.09,0.98,0.11,0.00586800446445381,0.00155235051812705,0.00806369674041272,0.00221234806723998,0.003263675147701,0.000980059654371161,0.00165963830086746,NA,0.00310166355108828,0.00566200278853954,NA,11.5872529330242,1.73023847455398,16.7656352453114,0.0586190631421415,0.0542816266599199,0.0159532579045235,700
"implant","B_allup","locom2","single",0.0884126984126984,0.0354916654208334,0.146260101010101,0.0439383647689473,0.213386454274616,0.0434942011818825,0.0890780811811314,NA,NA,NA,NA,59.71538,49.31,476.33,1.94,1.6,0.34,0.00802006000722368,0.0019422111352627,0.00988438384763357,0.00218300733030011,0.00350184232240174,0.000851895566777837,0.00161709300307404,NA,NA,NA,NA,2.45943533755652,1.73023847455398,16.7656352453114,0.101606551330352,0.0877308929917028,0.0303626153685279,700
"implant","B_allup","logistic_presence","single",0.0511658420399839,0.129409402639604,0.100308879222105,0.155946164512335,0.342704247650154,0.0559598073552524,0.119124969467883,NA,-0.0165050435279857,0.862933884199716,NA,0.54648,49.14,474.94,6.97,6.55,0.42,0.00442845356186148,0.00345523223268909,0.0066858636500109,0.00380309346666673,0.00414167866972136,0.000988304724685368,0.00115144143528525,NA,0.00625745162338735,0.0178055218503835,NA,0.0183326849774807,1.73114217177103,16.7829813826852,0.278533611649136,0.260481286689289,0.034325714114921,700
"implant","B_allup","maaslin3","abundance",0.13,0.0104899697079637,0.349871572871573,0.0262462715925543,0.151690074615404,0.0486817490911979,0.0635272080694999,0.0661273582313432,-0.126052952638503,0.876515305574208,NA,13.43701,33.74,476.24,0.48,0.26,0.22,0.0119880457597614,0.00113168617030208,0.0151172956477712,0.0014634084301527,0.00344021331650823,0.000592370942828451,0.00132040941178649,0.00428137878692343,0.00673050766597139,0.00581029739196192,NA,0.437288442648841,1.18900085487949,16.7630973882705,0.0360733634923065,0.0236933195343738,0.0224277571737678,700
"implant","B_allup","maaslin3","combined",0.0616738816738817,0.0893678038608677,0.173446853096613,0.13983178360825,0.308395588049749,0.0499761251183557,0.0919874201506677,NA,NA,NA,NA,13.43701,49.31,476.33,4.48,4.13,0.35,0.00621640857147459,0.00271330995126478,0.00867063319731162,0.0032328509989028,0.00353052339627351,0.000704266039352642,0.00149771969203986,NA,NA,NA,NA,0.437288442648841,1.73023847455398,16.7656352453114,0.168004359913451,0.157197833312941,0.0309020326567298,700
"implant","B_allup","maaslin3","presence",0.00366666666666667,0.131414904168215,0.0487711412770236,0.191081933508349,0.501986081157257,0.0385924292662366,0.0778344215348994,0.0538597989879191,NA,NA,NA,13.43701,32.15,475.39,3.97,3.95,0.02,0.000974887347832191,0.00422474524950282,0.00591537015427496,0.00485292517253353,0.00543587425138665,0.000719041695762404,0.00159286307120378,0.0045589116958098,NA,NA,NA,0.437288442648841,1.14629932649494,16.7720814201613,0.155900173481492,0.155709185665828,0.00529528632130564,700
"implant","B_allup","pursue","abundance",0.0291666666666667,0.00672992259313014,0.0857222222222222,0.00971838945171767,0.146761193288377,0.0518352923303266,0.0642477289815061,0.0635432657423606,-0.0394459625831154,0.851016676237475,0.944828638823262,18.45063,33.74,476.24,0.18,0.0900000000000001,0.09,0.00557415223190351,0.000962546159578421,0.00970885517490558,0.00114121301259735,0.00375049839412052,0.00072334702808555,0.00127904439416821,0.00358547983040923,0.00350479838968634,0.00467130254138813,0.000765844354169914,0.640779232852308,1.18900085487949,16.7630973882705,0.0241478516861988,0.0108243882956151,0.0178172249524766,700
"implant","B_allup","pursue","combined",0.0369285714285714,0.0475004107077307,0.0866696359196359,0.0653793821628837,0.221586137740954,0.0453240813247926,0.115569829328587,NA,NA,NA,NA,18.45063,49.31,476.33,2.29,2.15,0.14,0.0046098499899232,0.00204537794551226,0.00664890415410801,0.00281381902958614,0.00317827610142215,0.00065784034685618,0.00218468695087456,NA,NA,NA,NA,0.640779232852308,1.73023847455398,16.7656352453114,0.0939203388139036,0.0908354168888622,0.016932078400774,700
"implant","B_allup","pursue","presence",0.0353098845598846,0.0878609947310605,0.0600783660783661,0.106236819886715,0.327907217707073,0.033903704994053,0.18203762551727,0.0315898661295266,NA,NA,NA,18.45063,32.12,474.94,2.62,2.48,0.14,0.00479284618047197,0.00400662403772331,0.00561325985614523,0.00434941139240148,0.00453057273697108,0.000606690007826825,0.00272734727480068,0.00267451079986457,NA,NA,NA,0.640779232852308,1.14722131177791,16.7829813826852,0.109463511600715,0.103925801637831,0.0141724510617858,700
"implant","B_allup","pursue03_efull","single",0.0256881631440455,0.121410383380842,0.0662986697616128,0.146434154939296,0.354290115663359,0.0437765543868503,0.076083771384177,NA,-0.0671527532193078,0.338212016158864,NA,13.91944,49.29,476.27,5.8,5.61,0.19,0.00293907402866578,0.00290122197060966,0.00558571858948575,0.00353447230039827,0.00386790435765578,0.000882274368458537,0.00166209725466016,NA,0.00111724504530165,0.00243386716534375,NA,0.302308778484016,1.73068986551218,16.7669354566236,0.210116120221915,0.205078232743176,0.0182926457075351,700
"implant","B_allup","pursue03_efullb","single",0.0279729437229437,0.122847180508488,0.065137568710072,0.147479378233999,0.354732898194288,0.0441566026690363,0.075653135822086,NA,-0.0671539793953132,0.340290099068653,NA,12.97109,49.29,476.25,5.88,5.66,0.22,0.00303863596248068,0.0029693439913719,0.00556454258347619,0.00359593897743483,0.00394234479059613,0.000890641788875144,0.00171580276333025,NA,0.00116877094851666,0.00242056104659909,NA,0.281125861217623,1.73068986551218,16.7673548338995,0.212639250007558,0.206629744267429,0.0204246758107503,700
"implant","B_allup","pursue03_erdc","single",0.0184722222222222,0.0977942964738071,0.0502198161315809,0.118747576637296,0.327236525716594,0.0461464380606798,0.0741483325562789,NA,NA,NA,NA,0.1784,49.29,476.13,4.31,4.22,0.09,0.002885044418381,0.0028287697234272,0.00444358128632916,0.00323212567680406,0.00339678548558839,0.000983861293932385,0.00170721275754685,NA,NA,NA,NA,0.00357760479652441,1.73068986551218,16.7699708246385,0.157201473563115,0.155268008638089,0.0132057558873045,700
"implant","B_allup","pursue03_erdl","single",0.0154924242424242,0.0890165681552923,0.0434451659451659,0.11290159374612,0.325575648539123,0.0413803228908599,0.0764635343744047,NA,-0.0676326803490705,0.302970118646083,NA,1.14798,49.31,476.33,3.83,3.75,0.08,0.00263681173997666,0.00273074792719629,0.00411401455357016,0.00328296846141759,0.00354393152052943,0.000992810374983799,0.00167897656592533,NA,0.00094826228491003,0.00213071819288204,NA,0.0202428743569622,1.73023847455398,16.7656352453114,0.138977978103407,0.136937169055577,0.0127482501814781,700
"implant","B_allup","pursue03_erdlu_ad","single",0.0256897865206689,0.116087732793542,0.0390395844204842,0.140283666920067,0.360062974431539,0.0422455974302782,0.0764744407395481,NA,-0.0650056365014437,0.347772436490837,NA,9.454,49.29,476.13,5.64,5.46,0.18,0.00293082052834701,0.0029442060245171,0.00346555919399712,0.00337362566140782,0.00378091811692694,0.000925915856608586,0.00171215804107227,NA,0.00118219019187858,0.00246991146556972,NA,0.190121400640228,1.73068986551218,16.7699708246385,0.206304079917383,0.201313284774278,0.0180446117011401,700
"implant","B_allup","pursue03_erdlu_r05","single",0.0174481629481629,0.107336269697564,0.042384524987164,0.130196146314479,0.352611246320735,0.0401192259905293,0.0746602183616699,NA,-0.0665537440480021,0.317279620965485,NA,13.97392,49.3,476.21,5.13,5.02,0.11,0.0026794231318258,0.00283390033894009,0.0036410683184938,0.00346342512716498,0.00377779101347243,0.00093366821341253,0.00164099780861997,NA,0.00102223116496701,0.00216865108325581,NA,0.255539476115736,1.73046009246576,16.7682361131459,0.194535873320536,0.192117929924746,0.0150297749310436,700
"implant","B_allup","pursue03_erdlu_uc","single",0.0256897865206689,0.116087732793542,0.0390395844204842,0.140283666920067,0.360062974431539,0.0422455974302782,0.0764744407395481,NA,-0.0650056365014437,0.347772436490837,NA,9.41291,49.29,476.13,5.64,5.46,0.18,0.00293082052834701,0.0029442060245171,0.00346555919399712,0.00337362566140782,0.00378091811692694,0.000925915856608586,0.00171215804107227,NA,0.00118219019187858,0.00246991146556972,NA,0.184729322850724,1.73068986551218,16.7699708246385,0.206304079917383,0.201313284774278,0.0180446117011401,700
"implant","B_allup","pursue03_erdlum","single",0.0292941225441225,0.119884947803529,0.0506222157079542,0.14452577786322,0.36269054245454,0.042677656392922,0.0771645846793531,NA,-0.0650056365014437,0.347772436490837,NA,0.0685199999999999,49.29,476.13,5.91,5.67,0.24,0.00298100781216155,0.00306001006999274,0.00385162034127123,0.00361993422054174,0.00371980904063388,0.000916761192403395,0.00175158417454605,NA,0.00118219019187858,0.00246991146556972,NA,7.02499115410844e-05,1.73068986551218,16.7699708246385,0.21813981420358,0.208548015282121,0.0227696055218864,700
"implant","B_allup","pursue03_erdu_ad","single",0.0277709397560656,0.123436445741848,0.0551334609315391,0.147638554306026,0.351628691880045,0.0453757247779814,0.0721697989540968,NA,NA,NA,NA,0.0591699999999998,49.29,476.13,6.39,6.14,0.25,0.00304640035634801,0.00307278150641791,0.00423150249822888,0.00341823692818947,0.00365886783640828,0.000841771679113069,0.00162117687427068,NA,NA,NA,NA,0.000179416874564231,1.73068986551218,16.7699708246385,0.24622442279462,0.23420153213374,0.024144889304824,700
"implant","B_allup","pursue03_erdu_r05","single",0.0249792294160116,0.122590315210652,0.0527601914304888,0.141909177472202,0.351556521688169,0.046084457925024,0.0723144516249117,NA,NA,NA,NA,0.0451700000000001,49.3,476.21,6.2,5.99,0.21,0.00300787422103554,0.00304960995648989,0.00400304220253653,0.00334743960253291,0.00381716541491385,0.000974398689912038,0.00168376333728577,NA,NA,NA,NA,0.000227887920146686,1.73046009246576,16.7682361131459,0.240944730957645,0.232391005417898,0.0228792938854795,700
"implant","B_allup","pursue03_erdu_uc","single",0.0277709397560656,0.123436445741848,0.0551334609315391,0.147638554306026,0.351628691880045,0.0453757247779814,0.0721697989540968,NA,NA,NA,NA,0.00650999999999989,49.29,476.13,6.39,6.14,0.25,0.00304640035634801,0.00307278150641791,0.00423150249822888,0.00341823692818947,0.00365886783640828,0.000841771679113069,0.00162117687427068,NA,NA,NA,NA,2.10558219854929e-05,1.73068986551218,16.7699708246385,0.24622442279462,0.23420153213374,0.024144889304824,700
"implant","B_allup","pursue03_erlc","single",0.0155952380952381,0.0566290825695753,0.0321150793650793,0.0680999154340862,0.291919854775233,0.0409136340500052,0.0780122572695228,NA,-0.0676326803490705,0.302970118646083,NA,0.0614700000000001,49.31,476.33,2.02,1.96,0.06,0.00245036019439688,0.00235262374853717,0.00348034606110564,0.00291344512468799,0.00350895834075691,0.000958719220928174,0.00169113315472604,NA,0.00094826228491003,0.00213071819288204,NA,0.000304776237719881,1.73023847455398,16.7656352453114,0.0837224107398123,0.0818106960347719,0.0089825773182851,700
"implant","B_allup","pursue03_eselum","single",0.0272941225441225,0.119514577433158,0.0485388823746209,0.14415540749285,0.362784545086614,0.042677656392922,0.0771645846793531,NA,-0.0650056365014437,0.347772436490837,NA,23.66257,49.29,476.13,5.89,5.66,0.23,0.00291136969714834,0.00305829017590971,0.00371005188506978,0.003600349758411,0.00372025488514727,0.000916761192403395,0.00175158417454605,NA,0.00118219019187858,0.00246991146556972,NA,0.542189587867423,1.73068986551218,16.7699708246385,0.218388885461866,0.208696478922706,0.0226024926778079,700
"implant","B_allup","wilcoxon_tss","single",0.0301487415605063,0.101500359954765,0.0440922637098424,0.127220370020859,0.353409354410279,0.0493389025485238,0.0812523359075435,NA,-0.119862708573155,1.55467034290704,NA,0.26959,49.31,476.33,5,4.74,0.26,0.00315871935041893,0.00308840558108259,0.00376212110130575,0.0035270059050123,0.0044586445670401,0.00104094728214236,0.00181094991897926,NA,0.0123384154064663,0.0123600788346902,NA,0.00880115432505902,1.73023847455398,16.7656352453114,0.221517719704455,0.204709920729816,0.0300785809180373,700
"implant","B_allup","zicoseq","single",0.0537101411660235,0.0720292596345115,0.0950334973334199,0.103104870916055,0.308385344502304,0.0557621514234142,0.0805386174032221,NA,NA,NA,NA,119.4436,49.31,476.33,4.25,3.93,0.32,0.00505992229203798,0.0025260057728903,0.0070545013878427,0.00334899542595322,0.00475840976960398,0.00113363084831131,0.00193550943087551,NA,NA,NA,NA,4.15429309641603,1.73023847455398,16.7656352453114,0.181266802782887,0.172854102562051,0.0287458400299449,700
"implant","B_conf04","adapt","single",0.0365498472116119,0.102591602435009,0.0913409599590474,0.134906835703447,0.35023047170309,0.0456236680681727,0.0765061623952479,NA,0.00313010396072674,1.33593534861571,NA,0.683449999999991,47.59,474.63,4.75,4.4,0.35,0.00363026063654891,0.00324157680516557,0.00587818649013264,0.00359897911462761,0.00473361332047199,0.000891180340053675,0.001489728672106,NA,0.012510706760045,0.010420831488184,NA,0.0196392350393989,1.66449152769838,16.8350268882779,0.188007776906691,0.163474436145984,0.0429175607918304,700
"implant","B_conf04","aldex2","single",0,0.0290372145151773,0,0.0400260485639025,0.289591447688111,0.00199742826936232,0.317790521373639,NA,NA,NA,NA,130.85715,47.59,474.63,1.03,1.03,0,0,0.00157418375959432,0,0.00199921324543378,0.00401076580628286,0.000151244024117953,0.00148422260667689,NA,NA,NA,NA,4.93040945271847,1.66449152769838,16.8350268882779,0.0485718793934429,0.0485718793934429,0,700
"implant","B_conf04","ancombc2","single",0.0123076923076923,0.0240409833777025,0.0123076923076923,0.0240409833777025,0.0808678064505229,0.512950671677723,0.495148147193552,NA,0.0134709591241,0.935728978596045,0.453333664838397,166.21912,47.59,474.63,1.09,1.04,0.05,0.00277456903270571,0.00162868045903747,0.00277456903270571,0.00162868045903747,0.00179169553529954,0.00163509988091826,0.00155241470365932,NA,0.00630677142103692,0.0046612393102289,0.00156761967385533,6.21623706381684,1.66449152769838,16.8350268882779,0.0674690624804329,0.0602617086848644,0.0124012551859068,700
"implant","B_conf04","corncob","single",0.571502562790543,0.0811656684787701,0.642479389802824,0.120090328458341,0.149927248242621,0.123946884569827,0.122476654203213,NA,NA,NA,NA,20.24742,47.49,473.92,10.15,3.01,7.14,0.0124002490149858,0.0028912059448738,0.0101519757331144,0.00385051648623277,0.00294337900207402,0.00167603652432913,0.00222407571255559,NA,NA,NA,NA,0.751616434634061,1.65820882560038,16.8076756087964,0.433285184955759,0.114161118982198,0.341167732986978,700
"implant","B_conf04","fastancom","single",0.00348484848484849,0.0510564051047562,0.0144318181818182,0.0672656111240107,0.302916000260076,0.0289514917146376,0.135009223860921,NA,-0.00931789301329912,0.455549448898972,NA,0.0509499999999866,47.59,474.63,2.52,2.49,0.03,0.000923552977298619,0.0018208102006061,0.00272034908847069,0.00245682046425455,0.00365716416471662,0.00182820157764131,0.00371239625869343,NA,0.00710088157663015,0.00356240180437637,NA,0.00126607969608999,1.66449152769838,16.8350268882779,0.107312067486962,0.104887022808582,0.00838112191642436,700
"implant","B_conf04","ldm","single",0.0219761904761905,0.0507842419046593,0.0597699522699523,0.0719360732775178,0.279025235420531,0.0438253212800224,0.0817124869935098,NA,NA,NA,NA,23.9566,47.59,474.63,2.37,2.19,0.18,0.00281729182414383,0.00262260757305332,0.00550390700817791,0.00337282346003569,0.00416023661478586,0.000867910042066712,0.00179789263743195,NA,NA,NA,NA,1.11937982456591,1.66449152769838,16.8350268882779,0.13368926027125,0.116542341277509,0.0304379102525721,700
"implant","B_conf04","limma_logtss","single",0.023294878650761,0.0787186132892053,0.0465833990770414,0.102437338455967,0.313487362322863,0.0477024296759958,0.118191145877779,NA,0.0255902308638114,0.455962582320799,0.921748187056577,0.03826,47.59,474.63,3.49,3.23,0.26,0.00304820567802695,0.00303521242354954,0.00476307859847902,0.00348420582354076,0.00456381203421652,0.00151134972457458,0.00242568028616923,NA,0.00661513249192766,0.00251039278170999,0.00145385968786186,0.000194680325622672,1.66449152769838,16.8350268882779,0.167066330534561,0.139778590504327,0.0406034594042639,700
"implant","B_conf04","linda","single",0.0364659692159692,0.0991393974937792,0.07667313363455,0.118703304116537,0.341944556072816,0.0484127958782783,0.070959383105449,NA,-0.00717450006671792,0.41472787548338,0.909856099733064,0.593469999999999,47.59,474.63,4.4,4.15,0.25,0.00487865099926691,0.00319306818804126,0.00577489399081534,0.00353460768684656,0.00414996622840363,0.000913611687385758,0.00126773139167293,NA,0.0025330203636876,0.00206981393285845,0.000980819129203401,0.0305884376291947,1.66449152769838,16.8350268882779,0.180366817461532,0.160147910888483,0.034406889551962,700
"implant","B_conf04","lm_logtss","single",0.0227424242424242,0.0834456332078882,0.0554270451770452,0.107460655334545,0.312124668109066,0.0478520891431831,0.117865126970551,NA,0.0255902308638114,0.455962582320799,0.921666265409606,0.0453200000000001,47.59,474.63,3.64,3.42,0.22,0.00295552815536075,0.0030356430109849,0.00507984852705313,0.0036239852614656,0.00460440806175633,0.00151334706754178,0.0024151014221457,NA,0.00661513249192766,0.00251039278170999,0.00145095626689074,0.00011129103220096,1.66449152769838,16.8350268882779,0.15980316934517,0.141742679262329,0.0300595498620871,700
"implant","B_conf04","locom","single",0.029,0.00680940076341281,0.04,0.0158839590090851,0.203810538357065,0.0402802240963592,0.089939478201066,NA,-0.00671207728771194,1.07914151685715,NA,372.34644,47.59,474.63,0.27,0.19,0.08,0.00511092968930157,0.000819481628329879,0.00569937822017858,0.00140583080066892,0.0036946003997973,0.00117046026657306,0.00165634316884127,NA,0.00359392654153446,0.00757224574161768,NA,14.5846652899419,1.66449152769838,16.8350268882779,0.0297124993567648,0.0211912741510052,0.0148237137475865,700
"implant","B_conf04","locom2","single",0.112756493506494,0.0191396973578484,0.15974258776088,0.0278902236529417,0.199152310269279,0.0399788080598357,0.0950043754183083,NA,NA,NA,NA,158.77167,47.59,474.63,1.63,1.02,0.61,0.00960470247335471,0.00135499391846622,0.0106709178291748,0.00170452643583803,0.00343890259975885,0.00104429281333859,0.00180370222055228,NA,NA,NA,NA,10.8123200404776,1.66449152769838,16.8350268882779,0.129889906061671,0.0672322219907965,0.0725372973965176,700
"implant","B_conf04","logistic_presence","single",0.0575519645473206,0.122518011409847,0.09277964117776,0.151343693917415,0.339001628366225,0.054377878188953,0.0734761166899911,NA,-0.0258478648888924,0.836000054290645,NA,0.57839,47.49,473.22,5.76,5.27,0.49,0.00414281676848344,0.00342300949691238,0.00498965626981254,0.00387762712592667,0.00456654960464403,0.000981102171674303,0.00158509943710003,NA,0.00686739283684455,0.0144716195416173,NA,0.0196712697227092,1.66703711190692,16.8528611614649,0.215634937622174,0.188879309134617,0.0467835242387775,700
"implant","B_conf04","maaslin3","abundance",0.105,0.00455199146832671,0.31775,0.0113554340155846,0.120547088090204,0.0482425520209279,0.0604459976170083,0.0549803256194266,-0.0153020566148806,0.98262645895746,NA,16.01673,31.37,474.52,0.24,0.12,0.12,0.0111226096916116,0.00061625628429259,0.0164758783691098,0.00124878194419829,0.00298603868363551,0.000642839710291917,0.00105164598460882,0.00336544159766298,0.00570939063423414,0.00577644777939004,NA,0.505362038184703,1.10021008528356,16.83026217115,0.019375072107485,0.0134046732397252,0.0122911741250944,700
"implant","B_conf04","maaslin3","combined",0.0502579365079365,0.0698742395967677,0.128853317956777,0.110154717582475,0.283714578407276,0.0493983165176936,0.0918483193884256,NA,NA,NA,NA,16.01673,47.59,474.63,2.96,2.73,0.23,0.00590317192562101,0.00281083175870219,0.0083668713844823,0.00323562350289522,0.00405294934121927,0.000735617168882632,0.00149600524852753,NA,NA,NA,NA,0.505362038184703,1.66449152769838,16.8350268882779,0.120314323672149,0.106156011193179,0.0244276397779565,700
"implant","B_conf04","maaslin3","presence",0.0025,0.100889232920416,0.0166488454356101,0.152101947403614,0.475756759882312,0.0379718447303267,0.0747862462382375,0.0503149710865679,NA,NA,NA,16.01673,31.43,473.73,2.49,2.47,0.02,0.000698426826368697,0.00432699760970775,0.00243033564134511,0.00481019307616239,0.00555897400924649,0.000736002782046406,0.00156287869305216,0.00371033067335583,NA,NA,NA,0.505362038184703,1.10500558326906,16.8441385355349,0.0973901200289643,0.0956051428932538,0.00529528632130564,700
"implant","B_conf04","pursue","abundance",0.085,0.00508572908572909,0.1375,0.00858572908572909,0.121619305749657,0.0508599813358786,0.0610151570559829,0.0524186361726292,0.00566200188655259,0.969359644311987,0.94510997235514,36.7626,31.37,474.52,0.19,0.08,0.11,0.0100267881540748,0.000811219348472859,0.0126422520901658,0.00127546765610896,0.00337311577972651,0.000667089505965862,0.00114410807734307,0.00304629826784998,0.00460654993282042,0.00572456826636508,0.000694043404699283,1.30342990713118,1.10021008528356,16.83026217115,0.0190586775583149,0.0115717578353136,0.0129872833147274,700
"implant","B_conf04","pursue","combined",0.072452380952381,0.0379371734462507,0.122049062049062,0.0501524018548099,0.195457759769385,0.0514399526526075,0.0780373957811852,NA,NA,NA,NA,36.7626,47.59,474.63,1.53,1.36,0.17,0.00769247326651365,0.00211090077655159,0.00921142769249907,0.00234112278054318,0.00339719432635375,0.00081590034988786,0.00141277490981392,NA,NA,NA,NA,1.30342990713118,1.66449152769838,16.8350268882779,0.0688044231202878,0.0624992131567065,0.015181307684264,700
"implant","B_conf04","pursue","presence",0.0586071428571429,0.0671751598707639,0.117428210678211,0.0934873934335149,0.270682424721496,0.0499244912324413,0.10198506609103,0.0470088796605164,NA,NA,NA,36.7626,31.36,472.56,1.8,1.59,0.21,0.00688144066637569,0.00348663185186513,0.00892597231186111,0.00364310185217028,0.00509779639889917,0.00081684200655882,0.00169835177667597,0.00291006872529319,NA,NA,NA,1.30342990713118,1.10385616197189,16.8268182295716,0.0850818002423254,0.0735557169137858,0.0252569060231019,700
"implant","B_conf04","pursue03_efull","single",0.0354282410400057,0.109420132732276,0.0712624113534028,0.133977782900272,0.353334426525301,0.0411103507475472,0.0748751524641563,NA,0.00201040404475669,0.34076474798912,NA,13.96927,47.58,474.57,4.94,4.68,0.26,0.00472507575110619,0.00311453515679431,0.00586032761484872,0.00355016009338853,0.00471422847285935,0.000798239631131612,0.00143375804568586,NA,0.0014352966474985,0.00186708249719783,NA,0.311111634916932,1.66468992932652,16.8363470623361,0.182167839099796,0.168718132687533,0.0336692657532985,700
"implant","B_conf04","pursue03_efullb","single",0.0242602007469655,0.107724445705351,0.0697863124608953,0.133966637702864,0.35434234235076,0.0417180079519496,0.0748699214066236,NA,0.000806241258671062,0.341999158327604,NA,13.12771,47.59,474.56,4.87,4.66,0.21,0.00286537649274271,0.00314810314846338,0.00581690405415989,0.00356947525100764,0.00474899814492424,0.000798548838352545,0.00139376904576163,NA,0.00138251677137874,0.00185470904135556,NA,0.298677469609784,1.66449152769838,16.8365578463785,0.183641047521419,0.169423832169533,0.0299236032501691,700
"implant","B_conf04","pursue03_erdc","single",0.029468253968254,0.0940120958896252,0.0413684395143124,0.112825301307679,0.343243933445606,0.0371478093733207,0.0746565075898604,NA,NA,NA,NA,0.18112,47.59,474.46,3.78,3.58,0.2,0.00444813280018141,0.0029802037996464,0.00475154550372316,0.0032365677177167,0.00478469566827347,0.000680684163583539,0.00148748329105548,NA,NA,NA,NA,0.00366390693386562,1.66449152769838,16.8387279447791,0.135171167913846,0.121645842574815,0.0262048712832167,700
"implant","B_conf04","pursue03_erdl","single",0.0713571428571429,0.0839126459644421,0.0805684033315612,0.104099637873932,0.340036459358242,0.0350873398872724,0.0793398658159244,NA,-0.000316161582154096,0.301114418126116,NA,1.13654,47.59,474.63,3.43,3.21,0.22,0.00763458551081431,0.00295064928053005,0.00738937110536837,0.00310213350638746,0.00477481756812479,0.000832550912354216,0.00149565191238577,NA,0.00120231830535061,0.00167113084882076,NA,0.0207368486823844,1.66449152769838,16.8350268882779,0.119159550894525,0.11501010716299,0.0189721579002869,700
"implant","B_conf04","pursue03_erdlu_ad","single",0.0713571428571429,0.0839126459644421,0.0805684033315612,0.104099637873932,0.340037123982336,0.0350707561393453,0.079360146467868,NA,-0.00153390782282294,0.26725405297095,NA,1.01065,47.59,474.63,3.43,3.21,0.22,0.00763458551081431,0.00295064928053005,0.00738937110536837,0.00310213350638746,0.00477483651044621,0.000832392708259859,0.0014960699588852,NA,0.000981427469512629,0.00116382111273798,NA,0.0192996292780928,1.66449152769838,16.8350268882779,0.119159550894525,0.11501010716299,0.0189721579002869,700
"implant","B_conf04","pursue03_erdlu_r05","single",0.0713571428571429,0.0839126459644421,0.0805684033315612,0.104099637873932,0.340037123982336,0.0350707561393453,0.079360146467868,NA,-0.00153390782282294,0.26725405297095,NA,1.02734,47.59,474.63,3.43,3.21,0.22,0.00763458551081431,0.00295064928053005,0.00738937110536837,0.00310213350638746,0.00477483651044621,0.000832392708259859,0.0014960699588852,NA,0.000981427469512629,0.00116382111273798,NA,0.0192850429564258,1.66449152769838,16.8350268882779,0.119159550894525,0.11501010716299,0.0189721579002869,700
"implant","B_conf04","pursue03_erdlu_uc","single",0.0274666666666667,0.108620059931968,0.056345886950578,0.136969227858107,0.363299459583501,0.0395270166747284,0.0742576998391103,NA,9.77709591293983e-05,0.349384223048102,NA,9.74079,47.59,474.46,4.85,4.62,0.23,0.00334564394372949,0.00328401067782663,0.00456244213349304,0.00356799288487146,0.00465824159955453,0.000777720108252176,0.00131422316582258,NA,0.00139196118947884,0.00182993195953375,NA,0.186944903276573,1.66449152769838,16.8387279447791,0.181582221057822,0.167261884215448,0.0306603526497427,700
"implant","B_conf04","pursue03_erdlum","single",0.0304312770562771,0.109733164662709,0.0694991460208179,0.136501152396447,0.367163581819441,0.0393105461659678,0.0739761977137695,NA,9.77709591293962e-05,0.349384223048102,NA,0.0686699999999999,47.59,474.46,4.87,4.6,0.27,0.00345408626123689,0.00348793353900959,0.00593548869977765,0.00358815782075618,0.0046457226135911,0.000777188168912404,0.00133264412695016,NA,0.00139196118947884,0.00182993195953375,NA,6.93429205432828e-05,1.66449152769838,16.8387279447791,0.188257197823055,0.16847375126141,0.0377685898670262,700
"implant","B_conf04","pursue03_erdu_ad","single",0.029468253968254,0.0940120958896252,0.0413684395143124,0.112825301307679,0.343243933445606,0.0371478093733207,0.0746565075898604,NA,NA,NA,NA,0.04297,47.59,474.46,3.78,3.58,0.2,0.00444813280018141,0.0029802037996464,0.00475154550372316,0.0032365677177167,0.00478469566827347,0.000680684163583539,0.00148748329105548,NA,NA,NA,NA,9.3180182952129e-05,1.66449152769838,16.8387279447791,0.135171167913846,0.121645842574815,0.0262048712832167,700
"implant","B_conf04","pursue03_erdu_r05","single",0.029468253968254,0.0940120958896252,0.0413684395143124,0.112825301307679,0.343243933445606,0.0371478093733207,0.0746565075898604,NA,NA,NA,NA,0.04465,47.59,474.46,3.78,3.58,0.2,0.00444813280018141,0.0029802037996464,0.00475154550372316,0.0032365677177167,0.00478469566827347,0.000680684163583539,0.00148748329105548,NA,NA,NA,NA,0.000172532678167833,1.66449152769838,16.8387279447791,0.135171167913846,0.121645842574815,0.0262048712832167,700
"implant","B_conf04","pursue03_erdu_uc","single",0.0225299145299145,0.121944808700358,0.0428609064848195,0.144321863094754,0.362226200756539,0.0422545252853475,0.0706739967497013,NA,NA,NA,NA,0.00657999999999993,47.59,474.46,5.44,5.22,0.22,0.00235469893791498,0.00352894999273114,0.00308114771033376,0.00359566145324002,0.00455840801036193,0.000721088187350092,0.00141030509201819,NA,NA,NA,NA,2.21711382326023e-05,1.66449152769838,16.8387279447791,0.198947157274731,0.185649692425191,0.0275774368181531,700
"implant","B_conf04","pursue03_erlc","single",0.0416666666666667,0.0429994300483991,0.0540277777777778,0.0633582366085918,0.301946927634071,0.0341610307282738,0.0763068008110116,NA,-0.000316161582154096,0.301114418126116,NA,0.06303,47.59,474.63,1.65,1.53,0.12,0.00670855936227854,0.00210872809032653,0.00667883194011897,0.00261364860755743,0.00431974487846537,0.000809803614382167,0.00147909853543121,NA,0.00120231830535061,0.00167113084882076,NA,0.000330363955884474,1.66449152769838,16.8350268882779,0.0714403219437577,0.0706509686453719,0.0194928547857083,700
"implant","B_conf04","pursue03_eselum","single",0.0304312770562771,0.109733164662709,0.0644991460208179,0.135072580967876,0.365769853596444,0.03943249738548,0.0742618275969682,NA,9.77709591293962e-05,0.349384223048102,NA,24.52099,47.59,474.46,4.87,4.6,0.27,0.00345408626123689,0.00348793353900959,0.00571069068825825,0.00362462953554519,0.00468322012302686,0.000775191363387333,0.00132721195342166,NA,0.00139196118947884,0.00182993195953375,NA,0.558246471568298,1.66449152769838,16.8387279447791,0.188257197823055,0.16847375126141,0.0377685898670262,700
"implant","B_conf04","wilcoxon_tss","single",0,NA,0,NA,NA,NA,NA,NA,NA,NA,NA,0.01944,0,0,0,NA,0,0,NA,0,NA,NA,NA,NA,NA,NA,NA,NA,2.22612913594467e-05,0,0,0,NA,0,700
"implant","B_conf04","zicoseq","single",0.0716624111182935,0.0588672460517821,0.113031994787855,0.083764946400435,0.286665456679234,0.0522415908609479,0.0913818278970097,NA,NA,NA,NA,120.74671,47.59,474.63,3.56,3.04,0.52,0.00709829834113204,0.00249147706082072,0.00887669224583216,0.00325909383409963,0.00475472287008392,0.00127494975713672,0.0022435794512736,NA,NA,NA,NA,4.24550857917294,1.66449152769838,16.8350268882779,0.185166668920111,0.145796612993975,0.0694305470118816,700
"implant","B_conf07","adapt","single",0.0370046089531384,0.067555884621265,0.0659972326229729,0.088925234640421,0.296631080298823,0.0494903712522032,0.0709450734405823,NA,0.0513889296631689,1.52550094717998,NA,0.674010000000012,47.85,477.98,3.36,3.09,0.27,0.00346723439343818,0.00272702704207954,0.00448724414395743,0.00290402771207297,0.0038512674762079,0.00101916755011491,0.00144435077143576,NA,0.0122947765162043,0.0162235806867259,NA,0.0193137993875144,1.71649720679767,16.8460936748851,0.149822976133156,0.134163545490135,0.0244276397779565,700
"implant","B_conf07","aldex2","single",0,0.0169282279633519,0,0.0240734220272667,0.246647008352421,0.00309952911754511,0.310257170071093,NA,NA,NA,NA,129.61655,47.85,477.98,0.66,0.66,0,0,0.00120131369252314,0,0.00145374412002447,0.00375543182902088,0.000229038455137664,0.00165979818515509,NA,NA,NA,NA,4.8061385932643,1.71649720679767,16.8460936748851,0.0386540357249468,0.0386540357249468,0,700
"implant","B_conf07","ancombc2","single",0.00333333333333333,0.0146937579117827,0.00333333333333333,0.0146937579117827,0.0751089752584592,0.53818827375761,0.517607429579144,NA,0.00446570427820529,1.06284863372863,0.431077721349341,163.9098,47.85,477.98,0.75,0.74,0.00999999999999999,0.00125446270609086,0.00110632285369266,0.00125446270609086,0.00110632285369266,0.00192081043401344,0.00213988592126078,0.00188190719503689,NA,0.00717258615006438,0.00597819910116872,0.00208475806629334,6.12224949809381,1.71649720679767,16.8460936748851,0.0476560759366178,0.0471262875834921,0.00376338811827259,700
"implant","B_conf07","corncob","single",0.628266602195228,0.0591142878403889,0.704288727160859,0.0972998250989093,0.126510467588156,0.126980541558083,0.131186768468294,NA,NA,NA,NA,20.58041,47.76,477.18,8.94,2.22,6.72,0.012869892612237,0.00297190358722733,0.00971840642505245,0.0038393028474655,0.0028476272384623,0.00196279914337259,0.00268770269351583,NA,NA,NA,NA,0.760670441445655,1.71435177337127,16.8169709397377,0.426578361748983,0.109568016385222,0.336398496574902,700
"implant","B_conf07","fastancom","single",0.00391666666666667,0.0393238905194826,0.00376165501165501,0.046955642651977,0.245199241557038,0.0243701698592928,0.118355099979312,NA,-0.0116913584322234,0.50817440896022,NA,0.0514599999999984,47.85,477.98,1.97,1.94,0.03,0.000861418715345421,0.00189225658499996,0.000711001451489441,0.00205332606748152,0.00396845054205115,0.0007692375437608,0.00224314287576799,NA,0.0065980201527501,0.00366743908137141,NA,0.00127917646075067,1.71649720679767,16.8460936748851,0.0925640172088009,0.0899562761378834,0.0064522012745693,700
"implant","B_conf07","ldm","single",0.0647083333333333,0.0337578583612574,0.100448107448107,0.0482676937584991,0.226047658138412,0.0518468325870906,0.080378909652487,NA,NA,NA,NA,21.92344,47.85,477.98,1.52,1.32,0.2,0.00762699973256335,0.00190683840967338,0.00870019023578145,0.00232769660140551,0.00358408256697286,0.00116328233037905,0.00177345186676451,NA,NA,NA,NA,0.982329320864466,1.71649720679767,16.8460936748851,0.0895833624446837,0.0760016564837171,0.0233159551062761,700
"implant","B_conf07","limma_logtss","single",0.0273661616161616,0.0531266024293776,0.0738581842134474,0.067278256804454,0.261744448955307,0.0525438348311616,0.105887081248018,NA,-0.0132146765215888,0.510056960249315,0.922548277236373,0.03815,47.85,477.98,2.37,2.22,0.15,0.00373007871509453,0.0025537051477031,0.00695842545402852,0.00276373297702,0.00351963209516093,0.00184447099094098,0.00255827251685909,NA,0.00684462649199454,0.00375194900074965,0.00181908555626394,0.000190952360565993,1.71649720679767,16.8460936748851,0.113174381506906,0.104077114581858,0.018816940591363,700
"implant","B_conf07","linda","single",0.0631168300653595,0.067737326519324,0.120742780202179,0.0908406035163587,0.277934274497124,0.0534079123950851,0.071671113065567,NA,0.00760582164434961,0.469115307906934,0.908561369338111,0.60198,47.85,477.98,3.39,3.1,0.29,0.00686934548664027,0.00276914798503342,0.00855015667226795,0.00332091905278267,0.00358320986480693,0.00104495169368634,0.00162402684899862,NA,0.00287688549834923,0.00325380015650559,0.00109386664274306,0.0307916464806607,1.71649720679767,16.8460936748851,0.137512647356957,0.126185366747162,0.0289516394163215,700
"implant","B_conf07","lm_logtss","single",0.0409085914085914,0.0584506910313849,0.0694325396825397,0.073005834224271,0.262781892008837,0.0521902028086309,0.104927510165365,NA,-0.0132146765215888,0.510056960249315,0.922762360155552,0.04521,47.85,477.98,2.74,2.53,0.21,0.00555530566391738,0.00254196382818443,0.00631871319927626,0.0026926740464253,0.00350887311144427,0.00186372654967833,0.00255132477807995,NA,0.00684462649199454,0.00375194900074965,0.0018455301880567,0.000112112629859273,1.71649720679767,16.8460936748851,0.120753476152288,0.111364922317338,0.0263654301774242,700
"implant","B_conf07","locom","single",0.0266666666666667,0.00820124217028241,0.0600641025641026,0.00954822109299904,0.164784148750911,0.0442326461272609,0.101594944766009,NA,-0.0188292051353545,1.30419469833725,NA,364.27601,47.85,477.98,0.22,0.16,0.06,0.0052530921323731,0.00101681893672672,0.0079348415751027,0.00107315701664091,0.0027882638502301,0.0013242630005251,0.00192460505033216,NA,0.00455773878556909,0.0181369154323504,NA,14.6209932272939,1.71649720679767,16.8460936748851,0.0259745666294547,0.0198131471791962,0.011743564274095,700
"implant","B_conf07","locom2","single",0.152004855089716,0.0148157004931129,0.171852564102564,0.0228199423868152,0.165664984903304,0.0472589945252824,0.110257930787796,NA,NA,NA,NA,176.9549,46.6,465.38,2.04,0.737373737373737,1.31,0.0119546899862749,0.00123490793100355,0.0119672644879038,0.00169665734168046,0.003251300984742,0.00154579091066321,0.00220599589883539,NA,NA,NA,NA,19.5278694074335,1.7005090544743,16.6758267646094,0.346241623440301,0.0772826772852771,0.282574258790578,700
"implant","B_conf07","logistic_presence","single",0.055925311942959,0.0816936220510527,0.116489191288793,0.106986825214467,0.299292777380373,0.0537763743280395,0.0695640683789156,NA,0.0378059957325922,0.883705021971788,NA,0.58151,47.72,476.63,4.39,3.89,0.5,0.00512652110877705,0.00324492374207461,0.00797399518773293,0.00370346710592437,0.00342007691697022,0.00093375611850898,0.001378380562296,NA,0.00707746431128527,0.0127848290663549,NA,0.0196766213464322,1.71710305993989,16.8622931006522,0.201985495024485,0.17430795105954,0.040912342177994,700
"implant","B_conf07","maaslin3","abundance",0.065,0.00474382282231119,0.233833333333333,0.00843468567043027,0.0911661878242914,0.0494732907450751,0.0607404998746679,0.0435525160453675,-0.024524964503927,1.11890925326759,NA,15.96232,32.23,477.82,0.18,0.1,0.08,0.00913066803210183,0.000753485440536635,0.0150494482471918,0.000846601106217856,0.002817463943498,0.000703292428215882,0.00121453606823965,0.00320566910751192,0.00709140146970312,0.00692329762610422,NA,0.501251459853385,1.16865175487713,16.8420061908369,0.017233563420097,0.0125446270609087,0.0115717578353136,700
"implant","B_conf07","maaslin3","combined",0.0175952380952381,0.0368436912124111,0.14547551095537,0.0688783650893885,0.245036988744114,0.0531505476972001,0.0967063549820018,NA,NA,NA,NA,15.96232,47.85,477.98,1.76,1.68,0.08,0.00269746765568987,0.0020192400413625,0.00951641655212242,0.00264610854942668,0.00361339561352551,0.000802771514874249,0.00176002859183949,NA,NA,NA,NA,0.501251459853385,1.71649720679767,16.8460936748851,0.0934354642519177,0.0902832928141934,0.0115717578353136,700
"implant","B_conf07","maaslin3","presence",0,0.0479163588132655,0.0242611642743222,0.0884660970464034,0.421835894247229,0.0373631262360085,0.0688808328603722,0.0498714834904927,NA,NA,NA,15.96232,31.62,477.1,1.42,1.42,0,0,0.00287060957749017,0.0043853364578512,0.00364844569713587,0.00492745858502328,0.000716738245669,0.00129244781120023,0.00296867070096621,NA,NA,NA,0.501251459853385,1.12125746903827,16.856435371922,0.0802677921394106,0.0802677921394106,0,700
"implant","B_conf07","pursue","abundance",0.0866666666666667,0.00484427609427609,0.111666666666667,0.00734427609427609,0.0888234061300062,0.0551184053666356,0.0660418262222682,0.0519108069871555,-0.0154045496444989,1.10340660608646,0.942437046176686,37.05638,32.23,477.82,0.17,0.06,0.11,0.0104910434811698,0.000795752677770954,0.0116257200924544,0.00121809851121281,0.00314561222501303,0.000832754248465537,0.00144553086171015,0.00369897893908204,0.00554919231692872,0.00663898925584783,0.000812156285896493,1.30201327256651,1.16865175487713,16.8420061908369,0.017785078376986,0.0089825773182851,0.0140457050797534,700
"implant","B_conf07","pursue","combined",0.0428333333333333,0.0216073952320778,0.13375974025974,0.0334846327163139,0.159612966986262,0.0530349391596766,0.0813108629452916,NA,NA,NA,NA,37.05638,47.85,477.98,1.13,1.03,0.1,0.00646220502497189,0.00138277314113347,0.0102427648839575,0.00192776126304497,0.00322319697014202,0.000739036544604736,0.00159061438460243,NA,NA,NA,NA,1.30201327256651,1.71649720679767,16.8460936748851,0.0632127456769827,0.0599129077019218,0.0146489683827262,700
"implant","B_conf07","pursue","presence",0.0543333333333333,0.0395112964951249,0.143296717171717,0.0585811991015759,0.231362926693969,0.045332944693612,0.110802065213555,0.0367462948831475,NA,NA,NA,37.05638,31.58,476.2,1.38,1.24,0.14,0.00663237484777838,0.0025881755072901,0.00995472682787652,0.00334614197179757,0.00423914025459409,0.000668862628516723,0.00203449829308333,0.00263392314262684,NA,NA,NA,1.30201327256651,1.12229557308311,16.8543716178424,0.0732995109934173,0.0666208712522521,0.016064961116652,700
"implant","B_conf07","pursue03_efull","single",0.0468154761904762,0.0769782659809761,0.0990174531351002,0.0938605238221551,0.296873238944498,0.0455253907713279,0.0756482394701408,NA,-0.00240129504058549,0.375873021152444,NA,14.16893,47.85,477.93,3.74,3.53,0.21,0.00628962083286319,0.00287814221708061,0.00845965375437319,0.00305596884076035,0.00363775305033653,0.000819264404589681,0.00159212251517018,NA,0.00136929951634473,0.0029227502000672,NA,0.295531337706624,1.71649720679767,16.8472012635594,0.157376561070094,0.15171456898891,0.021592533017627,700
"implant","B_conf07","pursue03_efullb","single",0.051593253968254,0.0750380030644746,0.100684119801767,0.0940896232251676,0.297235208560066,0.0449561153570881,0.0762863489566718,NA,-0.0032578262315477,0.378112648211577,NA,13.30663,47.84,477.86,3.73,3.51,0.22,0.00703434956825356,0.00293062320294621,0.00859484340685161,0.00308096045871099,0.0036804103264215,0.000815862406905676,0.00161578909717797,NA,0.00137479671101421,0.00289610020110806,NA,0.287342490517991,1.71670009828968,16.8487651640602,0.158123383128004,0.15256462783108,0.0224277571737678,700
"implant","B_conf07","pursue03_erdc","single",0.0194563492063492,0.0614385504005776,0.0334027777777778,0.0734356467369601,0.290490861537259,0.0419709340966224,0.0703101596282822,NA,NA,NA,NA,0.18491,47.83,477.79,2.64,2.58,0.06,0.00425403676718582,0.00255817547393429,0.00477865597625361,0.00290945081647738,0.00360384391151861,0.000798944269853719,0.00153305202437414,NA,NA,NA,NA,0.0035303065355038,1.71693621229257,16.8502852036671,0.112013692193913,0.108992000073925,0.0089825773182851,700
"implant","B_conf07","pursue03_erdl","single",0.054459706959707,0.0560232757692096,0.0651999389499389,0.0719280602718056,0.283240999687572,0.039164552122373,0.0792550542175204,NA,-0.0028774549196594,0.329755221696348,NA,1.15299,47.85,477.98,2.48,2.3,0.18,0.00648829420048512,0.00251339975954447,0.00666974624454876,0.00285589852010832,0.00363793994446505,0.000815537005379157,0.00175767005981253,NA,0.00113141786151955,0.00235131047761381,NA,0.0208043763244402,1.71649720679767,16.8460936748851,0.104748489563374,0.0997134664597474,0.0195661089137762,700
"implant","B_conf07","pursue03_erdlu_ad","single",0.054459706959707,0.0560232757692096,0.0651999389499389,0.0719280602718056,0.283241461558822,0.0391110761865441,0.0792785168312114,NA,-0.00322838838709927,0.282437376453656,NA,1.03419,47.85,477.98,2.48,2.3,0.18,0.00648829420048512,0.00251339975954447,0.00666974624454876,0.00285589852010832,0.00363797652002736,0.000816949802363573,0.00175773434755047,NA,0.000908318101095399,0.00143321736512576,NA,0.0192916970843638,1.71649720679767,16.8460936748851,0.104748489563374,0.0997134664597474,0.0195661089137762,700
"implant","B_conf07","pursue03_erdlu_r05","single",0.054459706959707,0.0560232757692096,0.0651999389499389,0.0719280602718056,0.283241461558822,0.0391110761865441,0.0792785168312114,NA,-0.00322838838709927,0.282437376453656,NA,1.04831,47.85,477.98,2.48,2.3,0.18,0.00648829420048512,0.00251339975954447,0.00666974624454876,0.00285589852010832,0.00363797652002736,0.000816949802363573,0.00175773434755047,NA,0.000908318101095399,0.00143321736512576,NA,0.0189758099870284,1.71649720679767,16.8460936748851,0.104748489563374,0.0997134664597474,0.0195661089137762,700
"implant","B_conf07","pursue03_erdlu_uc","single",0.0330528817587641,0.0718547422994938,0.0597792566910214,0.0918442666130302,0.302274248549513,0.0441757764573113,0.0766466870765787,NA,-0.0013493684672795,0.389122803616867,NA,9.94974,47.83,477.79,3.81,3.62,0.19,0.00489591237421895,0.00273080890997052,0.00593028329171769,0.0030903139078325,0.0034474380229517,0.00073210296888557,0.00175153823069424,NA,0.00130228322849327,0.00296821088847471,NA,0.185976488632008,1.71693621229257,16.8502852036671,0.163797477800806,0.157300183215039,0.0205050675895654,700
"implant","B_conf07","pursue03_erdlum","single",0.0425555555555555,0.0684966382004975,0.0552414710892972,0.0931699562933418,0.304161528514624,0.0445873840597609,0.0753901277374555,NA,-0.0013493684672795,0.389122803616867,NA,0.0694,47.83,477.79,3.76,3.55,0.21,0.00591501016376679,0.00270676033565426,0.00559097289805114,0.00314383399919598,0.00351135028379577,0.000796406539455997,0.00170172986527539,NA,0.00130228322849327,0.00296821088847471,NA,8.54174299487766e-05,1.71693621229257,16.8502852036671,0.163046813011449,0.156076262493298,0.021592533017627,700
"implant","B_conf07","pursue03_erdu_ad","single",0.0194563492063492,0.0614385504005776,0.0334027777777778,0.0734356467369601,0.290490861537259,0.0419709340966224,0.0703101596282822,NA,NA,NA,NA,0.04234,47.83,477.79,2.64,2.58,0.06,0.00425403676718582,0.00255817547393429,0.00477865597625361,0.00290945081647738,0.00360384391151861,0.000798944269853719,0.00153305202437414,NA,NA,NA,NA,5.98567675206907e-05,1.71693621229257,16.8502852036671,0.112013692193913,0.108992000073925,0.0089825773182851,700
"implant","B_conf07","pursue03_erdu_r05","single",0.0194563492063492,0.0614385504005776,0.0334027777777778,0.0734356467369601,0.290490861537259,0.0419709340966224,0.0703101596282822,NA,NA,NA,NA,0.0456599999999999,47.83,477.79,2.64,2.58,0.06,0.00425403676718582,0.00255817547393429,0.00477865597625361,0.00290945081647738,0.00360384391151861,0.000798944269853719,0.00153305202437414,NA,NA,NA,NA,0.000244961822957626,1.71693621229257,16.8502852036671,0.112013692193913,0.108992000073925,0.0089825773182851,700
"implant","B_conf07","pursue03_erdu_uc","single",0.0394134199134199,0.0792221998287076,0.062928587923944,0.0986996806285137,0.304782183106323,0.0479862520845004,0.066570389631906,NA,NA,NA,NA,0.00663000000000009,47.83,477.79,4.15,3.96,0.19,0.00565520971271512,0.00298039759367294,0.00620599248249368,0.00319393619366852,0.00333669966574921,0.000704339131890236,0.00139983277364399,NA,NA,NA,NA,2.18297483105489e-05,1.71693621229257,16.8502852036671,0.1785632534405,0.170492847823005,0.0190586775583149,700
"implant","B_conf07","pursue03_erlc","single",0.0175,0.0340588603204416,0.0360836940836941,0.0430108617278048,0.250565755791135,0.0377902547886902,0.0783383545360629,NA,-0.0028774549196594,0.329755221696348,NA,0.0593999999999999,47.85,477.98,1.29,1.23,0.06,0.00428237062153666,0.00197846290374999,0.0051768986863311,0.0022152277164332,0.00372609330460861,0.000805096399685468,0.00179405679284959,NA,0.00113141786151955,0.00235131047761381,NA,0.000210388291476192,1.71649720679767,16.8460936748851,0.0695982750185002,0.0669924087685913,0.0139691054989441,700
"implant","B_conf07","pursue03_eselum","single",0.0425555555555555,0.0684966382004975,0.0552414710892972,0.0931699562933418,0.304161528514624,0.0445873840597609,0.0753901277374555,NA,-0.0013493684672795,0.389122803616867,NA,24.95544,47.83,477.79,3.76,3.55,0.21,0.00591501016376679,0.00270676033565426,0.00559097289805114,0.00314383399919598,0.00351135028379577,0.000796406539455997,0.00170172986527539,NA,0.00130228322849327,0.00296821088847471,NA,0.544789187228708,1.71693621229257,16.8502852036671,0.163046813011449,0.156076262493298,0.021592533017627,700
"implant","B_conf07","wilcoxon_tss","single",0,NA,0,NA,NA,NA,NA,NA,NA,NA,NA,0.0193799999999999,0,0,0,NA,0,0,NA,0,NA,NA,NA,NA,NA,NA,NA,NA,3.77401703466868e-05,0,0,0,NA,0,700
"implant","B_conf07","zicoseq","single",0.0540031746031746,0.0409601028003282,0.114218066370041,0.0548848372834603,0.238611508464534,0.0569077145001341,0.096218211616624,NA,NA,NA,NA,121.39349,47.85,477.98,2.45,2.01,0.44,0.00568130742924412,0.00210256576643789,0.00895657380896584,0.00250215351243624,0.0039913185200932,0.00138522039194011,0.0023681632019702,NA,NA,NA,NA,4.28494712160486,1.71649720679767,16.8460936748851,0.13942196221516,0.098558276697492,0.081530425611726,700
"implant","B_cont","adapt","single",0,NA,0,NA,NA,NA,NA,NA,NA,NA,NA,0.0222699999999922,0,0,0,NA,0,0,NA,0,NA,NA,NA,NA,NA,NA,NA,NA,4.59691381201397e-05,0,0,0,NA,0,700
"implant","B_cont","aldex2","single",0,0.00436948139579718,0,0.00600234608013245,0.238461929840151,0.00291777123325239,0.315017001457199,NA,NA,NA,NA,120.75051,46.22,475.91,0.08,0.08,0,0,0.000760882647614997,0,0.000867148248203137,0.00389675489470789,0.00019510164130825,0.00188230680203737,NA,NA,NA,NA,4.49387322889848,1.65731205927024,16.7640804909403,0.0138249841222322,0.0138249841222322,0,700
"implant","B_cont","ancombc2","single",0.00333333333333333,0.00943972781235038,0.00333333333333333,0.00943972781235038,0.297464487579343,0.486161721207534,0.471744159392135,NA,-0.007223982051976,0.460811043138097,0.470811412105607,83.08064,46.22,475.91,0.24,0.23,0.00999999999999999,0.00125446270609086,0.000983995693566461,0.00125446270609086,0.000983995693566461,0.00453029570764513,0.00205673530372903,0.00182031487552232,NA,0.00314688460776959,0.00289359632835896,0.00188801360140701,3.04110031540718,1.65731205927024,16.7640804909403,0.0221323887624428,0.0206163955476973,0.00376338811827259,700
"implant","B_cont","corncob","single",0.454269966924857,0.173985421467615,0.550360739963712,0.23663544457665,0.281889472071542,0.117702514495234,0.11692773083518,NA,NA,NA,NA,17.61784,46.21,475.68,15.03,7.3,7.73,0.0107640408125683,0.00427626143258669,0.00911766879241831,0.00472612748981832,0.0046649935765122,0.00183560542284855,0.00248961327048735,NA,NA,NA,NA,0.649042870411095,1.65664478991206,16.754276357151,0.593851544287258,0.267372099836729,0.370085053828493,700
"implant","B_cont","fastancom","single",0.0025,0.0161325380954866,0.00655555555555555,0.0249482075722136,0.277854049183905,0.0248932703137424,0.128659873323004,NA,-0.00441668451457113,0.30278849286233,NA,0.0490000000000042,46.22,475.91,0.58,0.57,0.01,0.000940847029568149,0.00133400392707115,0.00142281098725702,0.00168611103519364,0.00409284584276744,0.000943044608186706,0.0027068694562723,NA,0.00261092047278217,0.00117864666310998,NA,0.00118114660230586,1.65731205927024,16.7640804909403,0.0435150805096309,0.0425425815464364,0.0037633881182726,700
"implant","B_cont","ldm","single",0.0251197691197691,0.0572335358064096,0.0691507403415298,0.0865426025092688,0.328223831655997,0.0458290350032412,0.0860319539325815,NA,NA,NA,NA,36.7796,46.22,475.91,2.26,2.11,0.15,0.00296433421955857,0.00273313934288332,0.00542644818645868,0.00348240194054978,0.00396100149889103,0.000868564507137687,0.00184290248019841,NA,NA,NA,NA,1.80701372698142,1.65731205927024,16.7640804909403,0.118360280233924,0.109216876810581,0.0172294122545737,700
"implant","B_cont","limma_logtss","single",0.0363730158730159,0.0343163738515109,0.0665218253968254,0.0524901590952584,0.274710446994647,0.0498188562708899,0.117512126850803,NA,0.0165319569365557,0.306100587040386,0.873365297295901,0.0378800000000001,46.22,475.91,1.03,0.83,0.2,0.00478985419546941,0.0023776968377951,0.00689997961084959,0.00330060923572191,0.00373945300953663,0.00187378078227445,0.00270703590590723,NA,0.00305781109995338,0.00118341887625963,0.00183836225572338,0.000180468314641141,1.65731205927024,16.7640804909403,0.0690120347780444,0.0501941865781037,0.0288054993954632,700
"implant","B_cont","linda","single",0.0466111111111111,0.0360013375818999,0.0745223665223665,0.0543248815304721,0.261423047124291,0.0506148746549025,0.0791161400804299,NA,-0.000665847951243444,0.298535943444081,0.867823274935919,0.35058,46.22,475.91,1.35,1.14,0.21,0.00551574473768535,0.00214293187620612,0.00604131745937921,0.00267631295764865,0.00393225079343701,0.00120327562441773,0.0016456356914203,NA,0.00140048488276463,0.00111687630933604,0.00129505563265064,0.0148026282126811,1.65731205927024,16.7640804909403,0.0792264099548551,0.0623846575173915,0.0263654301774242,700
"implant","B_cont","lm_logtss","single",0.0448015873015873,0.0371957457002873,0.0726782106782107,0.058182605334346,0.269497379082322,0.0515349273829748,0.117265135187616,NA,0.0165319569365557,0.306100587040386,0.871706449682482,0.04431,46.22,475.91,1.22,0.99,0.23,0.00531999976474718,0.00232881532663006,0.00689209873373906,0.00339318570680501,0.00361083789347719,0.0018795580979485,0.00268487633407823,NA,0.00305781109995338,0.00118341887625963,0.00184258655813047,0.000109843822020412,1.65731205927024,16.7640804909403,0.0722774815192391,0.0541536520075154,0.0297124993567648,700
"implant","B_cont","locom","single",0,NA,0,NA,NA,NA,NA,NA,NA,NA,NA,0.0218000000000072,0,0,0,NA,0,0,NA,0,NA,NA,NA,NA,NA,NA,NA,NA,4.37838362921901e-05,0,0,0,NA,0,700
"implant","B_cont","locom2","single",0,NA,0,NA,NA,NA,NA,NA,NA,NA,NA,0.0239200000000009,0,0,0,NA,0,0,NA,0,NA,NA,NA,NA,NA,NA,NA,NA,3.49452872993496e-05,0,0,0,NA,0,700
"implant","B_cont","logistic_presence","single",0.031,0.00438630763176218,0.116,0.00919046558762746,0.11971523540503,0.0520391390070869,0.0740347192592162,NA,-0.00179439827630416,0.370140408970734,NA,0.55838,46.12,474.49,0.15,0.08,0.07,0.00599701881111665,0.000776733322963901,0.0110726276813801,0.00135958948568689,0.00246663946211394,0.00104585898970327,0.00155345444973478,NA,0.00264276682768848,0.00125444418386393,NA,0.0189866015404117,1.6579394971626,16.7815737009325,0.0229292623728146,0.0115717578353136,0.0144077153071526,700
"implant","B_cont","maaslin3","abundance",0.0283996836496836,0.0727290315567724,0.124766782881721,0.125138798854359,0.336145093664868,0.0491904418777664,0.0667230870810771,NA,0.00659583931112236,0.477288850317763,NA,12.42568,46.22,475.91,3.52,3.35,0.17,0.00432437304177922,0.00235935012381755,0.00761888518906309,0.00324566423186821,0.00477044157896381,0.000717358492111455,0.00129145983539924,NA,0.00376761954816542,0.0029351845752812,NA,0.395143134273,1.65731205927024,16.7640804909403,0.140556832548139,0.131283419343661,0.0193270178624734,700
"implant","B_cont","maaslin3","combined",0.0420936285936286,0.098095036834863,0.167029987781132,0.157766528255384,0.333515658006723,0.0528812187212632,0.0906054337819329,NA,NA,NA,NA,12.42568,46.22,475.91,4.65,4.29,0.36,0.00329615224495101,0.00272676567297115,0.00793159647837113,0.00387356639741732,0.00437986650851131,0.000854442852991145,0.00152692415331519,NA,NA,NA,NA,0.395143134273,1.65731205927024,16.7640804909403,0.175329242705373,0.157800964801016,0.0305036408155534,700
"implant","B_cont","maaslin3","presence",0.1,NA,0.42,NA,NA,0.0473052287473955,0.0722495076439343,0.112190782433191,NA,NA,NA,12.42568,0,475.09,0.13,NA,0.13,0.0113470421170835,NA,0.0186680972270141,NA,NA,0.000900925236821711,0.00146853042641041,0.00300389776335132,NA,NA,NA,0.395143134273,0,16.769805701373,0.0166208239347198,NA,0.0166208239347198,700
"implant","B_cont","pursue","abundance",0.0460003607503607,0.0709601122829101,0.115609971899446,0.110966483102846,0.340267892159157,0.0522490816518611,0.0674203673059794,NA,0.00412247963061392,0.468163215635507,0.935134015910641,19.54245,46.22,475.91,3.47,3.2,0.27,0.00479998501179628,0.00259970724104895,0.00810910323053527,0.00339346717845868,0.00466566566489093,0.000856685232952591,0.00130738353131378,NA,0.00227869188964264,0.00276461301110141,0.000842805966626453,0.68535266932836,1.65731205927024,16.7640804909403,0.148281042365623,0.136164505405002,0.0232268159363433,700
"implant","B_cont","pursue","combined",0.0634891774891775,0.0539746568560455,0.152481451512024,0.0789388253690022,0.274170315079268,0.0569041882154506,0.143473181574753,NA,NA,NA,NA,19.54245,46.22,475.91,2.26,2.02,0.24,0.00560414415707527,0.00234066599905758,0.00904887792150905,0.00281667189261214,0.00406472118523889,0.00095127994813492,0.00240668309836044,NA,NA,NA,NA,0.68535266932836,1.65731205927024,16.7640804909403,0.100017165908632,0.0912447697758338,0.0178372871420912,700
"implant","B_cont","pursue","presence",0.13,NA,0.22,NA,NA,0.0566363111610555,0.158074356732545,0.0663951264833673,NA,NA,NA,19.54245,0,474.43,0.13,NA,0.13,0.0127201641147941,NA,0.0156682341772058,NA,NA,0.000965807076270985,0.00259065730594603,0.00250288756371713,NA,NA,NA,0.68535266932836,0,16.7800210371913,0.0127201641147941,NA,0.0127201641147941,700
"implant","B_cont","pursue03_efull","single",0.0458333333333333,0.0286536157552793,0.0653095238095238,0.035560501083461,0.271559051367387,0.0379385071260908,0.0792794693166158,NA,-0.00149872797723748,0.287951184139958,NA,1.03095,46.22,475.91,1.01,0.86,0.15,0.00604740387487182,0.00186154492982373,0.00726198159703561,0.00205266659377203,0.00402447472747617,0.00100182017483996,0.00154713707854865,NA,0.000896577292559419,0.000916409503462627,NA,0.0195722909847567,1.65731205927024,16.7640804909403,0.0567339497889511,0.0484435869427505,0.018816940591363,700
"implant","B_cont","pursue03_efullb","single",0.0458333333333333,0.0286536157552793,0.0653095238095238,0.035560501083461,0.271559051367387,0.0379385071260908,0.0792794693166158,NA,-0.00149872797723748,0.287951184139958,NA,0.09111,46.22,475.91,1.01,0.86,0.15,0.00604740387487182,0.00186154492982373,0.00726198159703561,0.00205266659377203,0.00402447472747617,0.00100182017483996,0.00154713707854865,NA,0.000896577292559419,0.000916409503462627,NA,0.000228755105792905,1.65731205927024,16.7640804909403,0.0567339497889511,0.0484435869427505,0.018816940591363,700
"implant","B_cont","pursue03_erdc","single",0.0328333333333333,0.019314361412656,0.084547619047619,0.0241048802340437,0.233561343007347,0.041711070884734,0.0725447193310486,NA,NA,NA,NA,0.18645,46.22,475.71,0.68,0.59,0.09,0.00515261830927795,0.00148721741967327,0.00868182211911598,0.00164066906908947,0.00387723771281944,0.00103794823841772,0.00155496342287022,NA,NA,NA,NA,0.00363112193336892,1.65731205927024,16.7684400194739,0.0427522389377644,0.037095939491439,0.0132057558873045,700
"implant","B_cont","pursue03_erdl","single",0.0458333333333333,0.0286536157552793,0.0653095238095238,0.035560501083461,0.271556735307665,0.0379385071260908,0.079284193524274,NA,-0.00150105497609017,0.286944037993658,NA,1.15715,46.22,475.91,1.01,0.86,0.15,0.00604740387487182,0.00186154492982373,0.00726198159703561,0.00205266659377203,0.0040244718156955,0.00100182017483996,0.00154725822147331,NA,0.000959836971344943,0.000934580454189342,NA,0.0211103154513365,1.65731205927024,16.7640804909403,0.0567339497889511,0.0484435869427505,0.018816940591363,700
"implant","B_cont","pursue03_erdlu_ad","single",0.0458333333333333,0.0286536157552793,0.0653095238095238,0.035560501083461,0.271559051367387,0.0379385071260908,0.079279791536422,NA,-0.00149793111077934,0.287951266823838,NA,1.04065,46.22,475.91,1.01,0.86,0.15,0.00604740387487182,0.00186154492982373,0.00726198159703561,0.00205266659377203,0.00402447472747617,0.00100182017483996,0.00154714193418331,NA,0.000896604244802713,0.000916410637870077,NA,0.0198221169339324,1.65731205927024,16.7640804909403,0.0567339497889511,0.0484435869427505,0.018816940591363,700
"implant","B_cont","pursue03_erdlu_r05","single",0.0458333333333333,0.0286536157552793,0.0653095238095238,0.035560501083461,0.271559051367387,0.0379385071260908,0.079279791536422,NA,-0.00149793111077934,0.287951266823838,NA,1.05495,46.22,475.91,1.01,0.86,0.15,0.00604740387487182,0.00186154492982373,0.00726198159703561,0.00205266659377203,0.00402447472747617,0.00100182017483996,0.00154714193418331,NA,0.000896604244802713,0.000916410637870077,NA,0.0193795833565369,1.65731205927024,16.7640804909403,0.0567339497889511,0.0484435869427505,0.018816940591363,700
"implant","B_cont","pursue03_erdlu_uc","single",0.0458333333333333,0.0286536157552793,0.0653095238095238,0.035560501083461,0.271559051367387,0.0379385071260908,0.079279791536422,NA,-0.00149793111077934,0.287951266823838,NA,1.05171,46.22,475.91,1.01,0.86,0.15,0.00604740387487182,0.00186154492982373,0.00726198159703561,0.00205266659377203,0.00402447472747617,0.00100182017483996,0.00154714193418331,NA,0.000896604244802713,0.000916410637870077,NA,0.0200752057376189,1.65731205927024,16.7640804909403,0.0567339497889511,0.0484435869427505,0.018816940591363,700
"implant","B_cont","pursue03_erdlum","single",0.0458333333333333,0.0286536157552793,0.0653095238095238,0.035560501083461,0.271559051367387,0.0379385071260908,0.0792794693166158,NA,-0.00149872797723748,0.287951184139958,NA,0.07237,46.22,475.91,1.01,0.86,0.15,0.00604740387487182,0.00186154492982373,0.00726198159703561,0.00205266659377203,0.00402447472747617,0.00100182017483996,0.00154713707854865,NA,0.000896577292559419,0.000916409503462627,NA,0.000196802407024374,1.65731205927024,16.7640804909403,0.0567339497889511,0.0484435869427505,0.018816940591363,700
"implant","B_cont","pursue03_erdu_ad","single",0.0328333333333333,0.019314361412656,0.084547619047619,0.0241048802340437,0.233561343007347,0.041711070884734,0.0725447193310486,NA,NA,NA,NA,0.04211,46.22,475.71,0.68,0.59,0.09,0.00515261830927795,0.00148721741967327,0.00868182211911598,0.00164066906908947,0.00387723771281944,0.00103794823841772,0.00155496342287022,NA,NA,NA,NA,5.4522245463275e-05,1.65731205927024,16.7684400194739,0.0427522389377644,0.037095939491439,0.0132057558873045,700
"implant","B_cont","pursue03_erdu_r05","single",0.0328333333333333,0.019314361412656,0.084547619047619,0.0241048802340437,0.233561343007347,0.041711070884734,0.0725447193310486,NA,NA,NA,NA,0.0447000000000001,46.22,475.71,0.68,0.59,0.09,0.00515261830927795,0.00148721741967327,0.00868182211911598,0.00164066906908947,0.00387723771281944,0.00103794823841772,0.00155496342287022,NA,NA,NA,NA,0.000197878591699387,1.65731205927024,16.7684400194739,0.0427522389377644,0.037095939491439,0.0132057558873045,700
"implant","B_cont","pursue03_erdu_uc","single",0.0328333333333333,0.019314361412656,0.084547619047619,0.0241048802340437,0.233561343007347,0.041711070884734,0.0725447193310486,NA,NA,NA,NA,0.00685999999999993,46.22,475.71,0.68,0.59,0.09,0.00515261830927795,0.00148721741967327,0.00868182211911598,0.00164066906908947,0.00387723771281944,0.00103794823841772,0.00155496342287022,NA,NA,NA,NA,3.07372453978757e-05,1.65731205927024,16.7684400194739,0.0427522389377644,0.037095939491439,0.0132057558873045,700
"implant","B_cont","pursue03_erlc","single",0.038,0.0278323403774187,0.0501666666666667,0.0323244970919883,0.287876238090531,0.0334518928738972,0.0774639440061892,NA,-0.00150105497609017,0.286944037993658,NA,0.0609400000000001,46.22,475.91,0.89,0.79,0.1,0.00546668062386997,0.00169105766278833,0.00652538359487354,0.00189118251178757,0.0042388857457962,0.000881684599546628,0.00156343420182781,NA,0.000959836971344943,0.000934580454189342,NA,0.000267335712924532,1.65731205927024,16.7640804909403,0.0465996862460042,0.0408405952492705,0.0146489683827262,700
"implant","B_cont","pursue03_eselum","single",0.0458333333333333,0.0286536157552793,0.0653095238095238,0.035560501083461,0.271559051367387,0.0379385071260908,0.0792794693166158,NA,-0.00149872797723748,0.287951184139958,NA,1.04225,46.22,475.91,1.01,0.86,0.15,0.00604740387487182,0.00186154492982373,0.00726198159703561,0.00205266659377203,0.00402447472747617,0.00100182017483996,0.00154713707854865,NA,0.000896577292559419,0.000916409503462627,NA,0.0196012666191709,1.65731205927024,16.7640804909403,0.0567339497889511,0.0484435869427505,0.018816940591363,700
"implant","B_cont","wilcoxon_tss","single",0,NA,0,NA,NA,NA,NA,NA,NA,NA,NA,0.01927,0,0,0,NA,0,0,NA,0,NA,NA,NA,NA,NA,NA,NA,NA,2.77197295236417e-05,0,0,0,NA,0,700
"implant","B_cont","zicoseq","single",0.0726785714285714,0.0493274521297247,0.12690845959596,0.0779626025575604,0.270954962065625,0.0599481387485715,0.101528959955714,NA,NA,NA,NA,120.28063,46.22,475.91,2.61,2.17,0.44,0.00770848531332521,0.00210229699917561,0.00897512102429281,0.00310348082693595,0.0042767950019809,0.00142319955197138,0.00247733376802158,NA,NA,NA,NA,4.15450630741599,1.65731205927024,16.7640804909403,0.122433012836946,0.0996496006939061,0.0579378582796385,700
"implant","B_da05","adapt","single",0.0588730158730159,0.0905028133622872,0.128427414290428,0.114547044842925,0.335687124308354,0.0527521704109837,0.0760632249148927,NA,0.000372875854887743,1.25981381820619,NA,0.596810000000006,23.72,478.4,2.29,2.06,0.23,0.00670415731421732,0.00403143764947494,0.0100635017253429,0.00436141948855131,0.00567990230801663,0.00111260903588073,0.00150515916858597,NA,0.0111309906979014,0.0112693863954684,NA,0.0166025694746826,0.837567156148482,16.9310974270966,0.104175350138782,0.0933895191602584,0.0282311124144003,700
"implant","B_da05","aldex2","single",0,0.0343457438914275,0.00333333333333333,0.0418459275095707,0.278128395102347,0.00609388163417943,0.27569415374975,NA,-0.00172075056347813,0.577077529171201,NA,17.495,23.72,478.4,0.76,0.76,0,0,0.00243852643660032,0.00125446270609086,0.00258207001484524,0.0054014307728075,0.000320285486015786,0.00169291881270484,NA,0.00068709231139167,0.00314986679565045,NA,0.595895175849627,0.837567156148482,16.9310974270966,0.0457398252794557,0.0457398252794557,0,700
"implant","B_da05","ancombc2","single",0.035,0.0203403025837449,0.035,0.0203403025837449,0.107831883581676,0.464406068353546,0.452530351022197,NA,0.00568634459569499,0.825278088874647,0.506576260424646,106.1036,23.72,478.4,0.47,0.43,0.04,0.00668898267828421,0.00160108758702775,0.00668898267828421,0.00160108758702775,0.00422350942344268,0.00177880263531114,0.00170583726379534,NA,0.00584186985215656,0.00424357937243752,0.00178295242425989,4.03614002787044,0.837567156148482,16.9310974270966,0.0275125150349423,0.0268812893961474,0.00741185687379327,700
"implant","B_da05","corncob","single",0.693926310553525,0.0850812695807148,0.74057354684691,0.116774979688238,0.166075714293446,0.120167909428252,0.115697471999641,NA,NA,NA,NA,17.4098,23.69,478.29,10.7,1.75,8.95,0.0129552688010479,0.0041926290266656,0.0113292667017407,0.00478310122509786,0.00437104286152542,0.00189045580248252,0.00256088522067919,NA,NA,NA,NA,0.613332975142957,0.835696705906654,16.9297346961274,0.513132264655072,0.0820647359526697,0.450603632655705,700
"implant","B_da05","fastancom","single",0.00733333333333333,0.0492384841675717,0.0170833333333333,0.0566479230026407,0.302484031182441,0.029368241257925,0.121980542742168,NA,0.00578371201961127,0.4143394414624,NA,0.0483000000000095,23.72,478.4,1.37,1.34,0.03,0.00163007031512034,0.00274162176628963,0.00307291477231338,0.00294994716557107,0.00562688698747253,0.00114541141789447,0.00269675080466461,NA,0.00615909617414956,0.00351322647872697,NA,0.00118604788483535,0.837567156148482,16.9310974270966,0.0726870336723928,0.0712086538921171,0.00645220127456929,700
"implant","B_da05","ldm","single",0.0835714285714286,0.0549864119041591,0.124595238095238,0.0788975029551668,0.296413160964247,0.0518450835055344,0.0805021662195873,NA,NA,NA,NA,17.64232,23.72,478.4,1.38,1.1,0.28,0.00914720951284775,0.00283830745567893,0.0103815971611826,0.00354454953559799,0.00603389788915213,0.00108677165439181,0.00182377817286989,NA,NA,NA,NA,0.962611425575724,0.837567156148482,16.9310974270966,0.0680360083068026,0.0552015425547981,0.0355138047671816,700
"implant","B_da05","limma_logtss","single",0.05125,0.0689970393732629,0.0718512598512599,0.0945465134258428,0.304411533962714,0.0536516199790208,0.112692973928211,NA,-0.0251729473069164,0.419083741966357,0.930413833966658,0.0382199999999999,23.72,478.4,1.7,1.52,0.18,0.00769766480660241,0.00305959102224327,0.00825719188325554,0.00434792625528697,0.00521960704581476,0.00189408691238553,0.00262369914332853,NA,0.00630186770090542,0.00305349910233319,0.0019025421525701,0.000208926680090869,0.837567156148482,16.9310974270966,0.0876493207816033,0.0764895010888686,0.0269477319548553,700
"implant","B_da05","linda","single",0.0516785714285714,0.0842193674781271,0.101395550527903,0.115506067346512,0.332276922328474,0.0556350407806337,0.076706515770425,NA,-0.0090275453241757,0.379431899555443,0.922220886989258,0.38262,23.72,478.4,2.14,1.93,0.21,0.00706383582089065,0.00385531250802227,0.00895630149160231,0.00448793021202871,0.00603352205058071,0.00112246774662403,0.00169011068749928,NA,0.00264900413884489,0.00249534857869028,0.00110942979007324,0.0170904726949983,0.837567156148482,16.9310974270966,0.0984893043000937,0.0919125976567491,0.0294416325665395,700
"implant","B_da05","lm_logtss","single",0.0524166666666667,0.0788816898788924,0.0808928571428571,0.0935668225979809,0.301596813949404,0.0543237940538283,0.112727607590198,NA,-0.0251729473069164,0.419083741966357,0.929778677503384,0.0358299999999997,23.72,478.4,1.82,1.62,0.2,0.00773640492315098,0.00389674367552451,0.00848386320059707,0.0042055382007531,0.00518540105428707,0.00196359973514227,0.00262044762046448,NA,0.00630186770090542,0.00305349910233319,0.00196241503640332,0.000121041616650529,0.837567156148482,16.9310974270966,0.0923977221353102,0.0796595042901235,0.0320942817095964,700
"implant","B_da05","locom","single",0.0445,0.018073220292636,0.1105,0.0258500984405004,0.234322778412406,0.0499331279608627,0.0747919145858378,NA,-0.0102395448397723,0.980936823142427,NA,312.45906,23.72,478.4,0.43,0.33,0.1,0.00697889214863775,0.00169719814439974,0.0105960702534668,0.00200057668094049,0.00490783938908177,0.000865458166126018,0.00148312990169502,NA,0.00285666093596365,0.00551339314692347,NA,11.6768693948789,0.837567156148482,16.9310974270966,0.03558423080688,0.0283322813908903,0.0173328931384624,700
"implant","B_da05","locom2","single",0.147666666666667,0.0225168664191528,0.163031746031746,0.0274557940822009,0.217616869916468,0.0419048347152906,0.0872549947931548,NA,NA,NA,NA,58.91507,23.72,478.4,1.08,0.61,0.47,0.0119405550886792,0.00183848053393927,0.0117400579610101,0.00191337337765583,0.00491567181498575,0.000786833215392876,0.00160452599950207,NA,NA,NA,NA,2.38238825672021,0.837567156148482,16.9310974270966,0.0708985856139605,0.0447197600450131,0.0436053966289096,700
"implant","B_da05","logistic_presence","single",0.0871026196026196,0.0926417337372033,0.126743867243867,0.119528529043358,0.334329013337133,0.0583543289706089,0.117769088470386,NA,-0.0108322488515692,0.718808677493096,NA,0.54898,23.68,476.97,2.59,2.29,0.3,0.00883958390542322,0.00341506884646541,0.00984382007021825,0.00395756907351951,0.00574628678505567,0.00107069668396428,0.000927945830957788,NA,0.00554023425741575,0.0115962891953451,NA,0.018544570275293,0.838570894136048,16.948090785069,0.117325342750414,0.103900331904942,0.0344588245091474,700
"implant","B_da05","maaslin3","abundance",0.201666666666667,0.00832854721344424,0.463404761904762,0.0110330076339761,0.126419779063242,0.0490039787019454,0.063886249581596,0.0591866255294692,0.00516790038106044,0.864647957389667,NA,13.53111,16,478.31,0.42,0.11,0.31,0.0147110947591563,0.00117001585927399,0.018153523609825,0.00125306321897725,0.00469266547879828,0.00067843687061826,0.00143482131531919,0.0046902800431744,0.00698967310293123,0.0054297087362473,NA,0.437994439212386,0.567906579191997,16.9293201188135,0.0298685723896395,0.0140457050797534,0.0237385617362283,700
"implant","B_da05","maaslin3","combined",0.0881082251082251,0.0776534086138696,0.270545847942907,0.121620737605084,0.288111676234933,0.0544576315422217,0.0972724488752953,NA,NA,NA,NA,13.53111,23.72,478.4,2.25,1.84,0.41,0.00641804636900446,0.0029401935293768,0.0110419012837007,0.00433685958667276,0.00551570770129247,0.000817159738984409,0.00159815650867659,NA,NA,NA,NA,0.437994439212386,0.837567156148482,16.9310974270966,0.102664780838448,0.0807192276059011,0.0283524718665623,700
"implant","B_da05","maaslin3","presence",0.0183333333333333,0.105733448986206,0.0565833333333333,0.160376922364155,0.466802276630354,0.0422491547021988,0.077323992010536,0.0456111568643538,NA,NA,NA,13.53111,15.42,477.44,1.72,1.67,0.05,0.00417155173814131,0.00406106304037335,0.00579035993214096,0.00551538168821315,0.00755779952735149,0.000956794580626188,0.00142754490403246,0.00482779232565197,NA,NA,NA,0.437994439212386,0.541158086322277,16.9388493037977,0.0766016394002001,0.0747059088580807,0.00982682673120627,700
"implant","B_da05","pursue","abundance",0.08,0.00632857142857143,0.193333333333333,0.00882857142857143,0.122779264407453,0.0523694777480474,0.0637559699795677,0.0635180554357202,0.00830732132854437,0.844998779947014,0.945823513510624,18.56034,16,478.31,0.15,0.04,0.11,0.0102612511960641,0.00131298718940877,0.0148301462554821,0.00184992671207101,0.00467078877459696,0.000694327959045356,0.00138434234150306,0.00443643266726002,0.00380717447006564,0.00474542566837965,0.000676412300996902,0.649752729862196,0.567906579191997,16.9293201188135,0.0172294122545737,0.00741185687379327,0.0159532579045235,700
"implant","B_da05","pursue","combined",0.0558333333333333,0.028704229792068,0.145888888888889,0.0405196544904774,0.193103913966776,0.0454476162246204,0.114429818562035,NA,NA,NA,NA,18.56034,23.72,478.4,0.84,0.7,0.14,0.00748621103011043,0.00187258807949621,0.0109113589650441,0.00230958788608813,0.0042552072244379,0.000707417815187493,0.0020588420248407,NA,NA,NA,NA,0.649752729862196,0.837567156148482,16.9310974270966,0.0480581431351887,0.040912342177994,0.0193010929442144,700
"implant","B_da05","pursue","presence",0.0583333333333333,0.0491646713705905,0.0935,0.0633043959727839,0.276242651479086,0.0349385260047292,0.186021963710712,0.0284351252093187,NA,NA,NA,18.56034,15.41,476.97,0.92,0.79,0.13,0.00742551633216418,0.00285945471958496,0.00889226881973093,0.00327181996454867,0.00623376620297601,0.000611556020961378,0.00289573530291146,0.00305194223925277,NA,NA,NA,0.649752729862196,0.54139371355403,16.948090785069,0.0517725851416178,0.0435528718529336,0.0182613360642037,700
"implant","B_da05","pursue03_efull","single",0.0580588235294118,0.0919881177803219,0.0945715950715951,0.107238769709194,0.354771084977545,0.0454879200756861,0.0765648644296848,NA,-0.0071147772893857,0.298779250416364,NA,13.4803,23.72,478.34,2.52,2.19,0.33,0.00721143763931234,0.00360300144291652,0.00873800906094107,0.004054039645943,0.00564292064775325,0.0010205423788446,0.00149859182118635,NA,0.00108653725702428,0.00212055513065661,NA,0.292819664361719,0.837567156148482,16.932483295664,0.114409599725281,0.0938289009897495,0.0510420735874703,700
"implant","B_da05","pursue03_efullb","single",0.0580588235294118,0.0920184208106249,0.1033334998335,0.107837402211125,0.355149452232297,0.0448740692444566,0.0761181865975044,NA,-0.00676671749071161,0.300634039874599,NA,12.7724,23.72,478.31,2.53,2.2,0.33,0.00721143763931234,0.00360092762506869,0.00937708581305508,0.00406201416786533,0.00559542860002209,0.000970972532009714,0.00150827335412104,NA,0.00109922288417801,0.00208506062510396,NA,0.279409975828127,0.837567156148482,16.9331460808251,0.115278477283271,0.0949361655876236,0.0510420735874703,700
"implant","B_da05","pursue03_erdc","single",0.0667142857142857,0.0800312025194087,0.102005772005772,0.10241697180931,0.332732068246565,0.0440049647228425,0.0730207524439371,NA,NA,NA,NA,0.17583,23.72,478.2,1.92,1.7,0.22,0.00803950450941288,0.00333190963107548,0.00943369752691873,0.00367842495110082,0.00585489932611889,0.000846674206789349,0.00144396843951985,NA,NA,NA,NA,0.00323669524937691,0.837567156148482,16.9355084045716,0.0794617083262672,0.0738284753792466,0.0270537006372291,700
"implant","B_da05","pursue03_erdl","single",0.0584880952380952,0.0719569916740394,0.0848755411255411,0.0896869153418986,0.329134725038135,0.0407314137282798,0.0802686406205602,NA,-0.00688021550262176,0.253224775289716,NA,1.14501,23.72,478.4,1.72,1.53,0.19,0.00781370864737099,0.00323346066900084,0.00858711084958786,0.00346083809934615,0.00560399362958023,0.000876782722981024,0.00150688886358763,NA,0.000900087088736578,0.00186795558170042,NA,0.0205170953493343,0.837567156148482,16.9310974270966,0.0741340084982789,0.0688044231202878,0.0276370301649368,700
"implant","B_da05","pursue03_erdlu_ad","single",0.0384603174603175,0.0888852463874007,0.091328046953047,0.107286982094704,0.352626115803807,0.0450801903904291,0.0773324189432323,NA,-0.00727741436409066,0.310773894686758,NA,9.44519,23.72,478.2,2.29,2.11,0.18,0.0056770799612387,0.00352239068891973,0.00883275135710778,0.00394093916754525,0.00585869582127325,0.000927730067228082,0.00153354237986924,NA,0.00112637401692097,0.00210666135403642,NA,0.178446062643882,0.837567156148482,16.9355084045716,0.0973607365347962,0.09170066998412,0.0274734883260416,700
"implant","B_da05","pursue03_erdlu_r05","single",0.0516666666666667,0.0876272473507825,0.0888408748114631,0.105133852946363,0.343422432832349,0.0434887453506655,0.0780668621686624,NA,-0.00630951799955287,0.274753161754174,NA,13.63436,23.72,478.24,2.16,2.01,0.15,0.00724182073602509,0.00343301613076587,0.00866888349393496,0.0037062321208416,0.00585379910489324,0.000847831057337586,0.00149743417145489,NA,0.001007382930669,0.0019192340034249,NA,0.253161947778783,0.837567156148482,16.9346383983362,0.091360719764458,0.0881368100275429,0.018816940591363,700
"implant","B_da05","pursue03_erdlu_uc","single",0.0384603174603175,0.0888852463874007,0.091328046953047,0.107286982094704,0.352626115803807,0.0450801903904291,0.0773324189432323,NA,-0.00727741436409066,0.310773894686758,NA,9.44267,23.72,478.2,2.29,2.11,0.18,0.0056770799612387,0.00352239068891973,0.00883275135710778,0.00394093916754525,0.00585869582127325,0.000927730067228082,0.00153354237986923,NA,0.00112637401692097,0.00210666135403642,NA,0.173356734503895,0.837567156148482,16.9355084045716,0.0973607365347962,0.09170066998412,0.0274734883260416,700
"implant","B_da05","pursue03_erdlum","single",0.0433214285714286,0.0900182165870174,0.0938250572956456,0.106269332512816,0.350278277915699,0.0453395975720752,0.0773729476128224,NA,-0.00727741436409066,0.310773894686758,NA,0.0689699999999998,23.72,478.2,2.4,2.19,0.21,0.00569362969271698,0.00349410901952554,0.00864508046152528,0.00391231864083861,0.00588420928076061,0.000940339924020267,0.00154549521800457,NA,0.00112637401692097,0.00210666135403642,NA,7.92408544792329e-05,0.837567156148482,16.9355084045716,0.0993541374840179,0.0919810579492279,0.028453209337477,700
"implant","B_da05","pursue03_erdu_ad","single",0.0348535353535354,0.0952389436668731,0.100349927849928,0.115248314539918,0.350057921365577,0.0458255191880335,0.0699749787706083,NA,NA,NA,NA,0.05743,23.72,478.2,2.51,2.38,0.13,0.00567557985688238,0.00350475190267057,0.00862118640393286,0.00401591944321535,0.00559970273955398,0.000874394295002397,0.00132650801248778,NA,NA,NA,NA,8.47878780441649e-05,0.837567156148482,16.9355084045716,0.112393010642129,0.106280596032343,0.0182613360642037,700
"implant","B_da05","pursue03_erdu_r05","single",0.0381666666666667,0.0916880513306295,0.100634920634921,0.123537820817939,0.347036054493089,0.046689948244855,0.072733561718387,NA,NA,NA,NA,0.0444700000000002,23.72,478.24,2.32,2.19,0.13,0.00586521026596628,0.00333468509534935,0.00842499040938344,0.00436693591180786,0.00582518690377802,0.000879511764084018,0.00139062273920784,NA,NA,NA,NA,0.000201812601638891,0.837567156148482,16.9346383983362,0.101050278566084,0.0962375161441256,0.0174603577156761,700
"implant","B_da05","pursue03_erdu_uc","single",0.0348535353535354,0.0952389436668731,0.100349927849928,0.115248314539918,0.350057921365577,0.0458255191880335,0.0699749787706083,NA,NA,NA,NA,0.00653000000000031,23.72,478.2,2.51,2.38,0.13,0.00567557985688238,0.00350475190267057,0.00862118640393286,0.00401591944321535,0.00559970273955398,0.000874394295002397,0.00132650801248778,NA,NA,NA,NA,1.96208700309903e-05,0.837567156148482,16.9355084045716,0.112393010642129,0.106280596032343,0.0182613360642037,700
"implant","B_da05","pursue03_erlc","single",0.0303333333333333,0.0401036302544635,0.0525,0.0486049943117242,0.292479329474122,0.0425776333400291,0.07714015116061,NA,-0.00688021550262176,0.253224775289716,NA,0.06059,23.72,478.4,0.8,0.7,0.1,0.00560756296076339,0.00280913682702344,0.00765954196245587,0.00290256046068207,0.00556121810816894,0.000820948036816757,0.00147842049596713,NA,0.000900087088736578,0.00186795558170042,NA,0.000281834121608805,0.837567156148482,16.9310974270966,0.0444325210520248,0.0368657619790329,0.0210592189076763,700
"implant","B_da05","pursue03_eselum","single",0.0462380952380953,0.088603802172603,0.0947662337662338,0.105395458638942,0.34918770613135,0.0452712316456778,0.0778457253407925,NA,-0.00727741436409066,0.310773894686758,NA,23.77253,23.72,478.2,2.34,2.14,0.2,0.00603242965853561,0.00350310540133316,0.00874706223043781,0.00391866907082394,0.00590782299636805,0.000932154073163567,0.00157873792419437,NA,0.00112637401692097,0.00210666135403642,NA,0.515183218501265,0.837567156148482,16.9355084045716,0.0972026480738092,0.0915640601445641,0.0272748947853294,700
"implant","B_da05","wilcoxon_tss","single",0.0459393939393939,0.0792050641846666,0.0922362637362637,0.102821417312705,0.339869132779749,0.0533233999470407,0.0803784188646866,NA,0.00684425815266575,1.55865324015949,NA,0.26939,23.72,478.4,2.18,1.9,0.28,0.00705527999205178,0.00315388027281628,0.00947180353128558,0.00431444945617007,0.00584516095756012,0.00115816023225986,0.00165572435185097,NA,0.0124958661738045,0.0130582400399627,NA,0.00887249353270205,0.837567156148482,16.9310974270966,0.119534145821047,0.0916390256153827,0.0626272667058851,700
"implant","B_da05","zicoseq","single",0.0888674242424242,0.0585871917486571,0.152072958650545,0.0862939767121496,0.300679793677046,0.0546333402719027,0.0787469602789139,NA,NA,NA,NA,120.65283,23.72,478.4,1.96,1.52,0.44,0.00912689764379873,0.00293779243228195,0.0109704214639253,0.00373472372690761,0.00578477296887255,0.00134293313425804,0.00162560075636815,NA,NA,NA,NA,4.23034330531255,0.837567156148482,16.9310974270966,0.104123839550816,0.0753589407906025,0.0569416034975291,700
"implant","B_graded","adapt","single",0.0707160381888643,0.124450352804054,0.109443972451934,0.162870274631902,0.358032570959896,0.052076945244974,0.0740420691090537,NA,-0.000999805202373174,1.30223524476684,NA,0.637600000000006,47.29,480.42,6.57,6.03,0.54,0.00571126533152812,0.00329342641263685,0.00706496089009827,0.00360402568707668,0.00433115061487895,0.000978081911444896,0.00139832259384015,NA,0.0116924925076034,0.0119874736940089,NA,0.017919514063256,1.67382692251129,16.9233052268082,0.262444489668516,0.24132769379827,0.0458335609306353,700
"implant","B_graded","aldex2","single",0.01,0.0494500469968864,0.01125,0.0628545965544138,0.301611167134681,0.00527901534409113,0.279078319838445,NA,-0.0129167013118509,0.714381768020163,NA,17.55442,47.29,480.42,1.95,1.94,0.01,0.0037633881182726,0.001824462418893,0.00378795763346215,0.00204142603272596,0.00421117590936828,0.000263647817853577,0.00189309230911542,NA,0.00122778678656135,0.00465483018654799,NA,0.60485638334126,1.67382692251129,16.9233052268082,0.0762825483429082,0.0765530663000691,0.0037633881182726,700
"implant","B_graded","ancombc2","single",0.0211666666666667,0.0281259167973832,0.0211666666666667,0.0281259167973832,0.118722364297197,0.465519406139395,0.455408250172214,NA,0.0175661006184073,0.839219445776068,0.500234349932303,128.79511,47.29,480.42,1.48,1.43,0.05,0.00437098477100795,0.00153698524799779,0.00437098477100795,0.00153698524799779,0.00254101189046214,0.00177976802167291,0.00151754303521625,NA,0.00580854335417748,0.00406581521852886,0.00161936852993854,4.96996227321051,1.67382692251129,16.9233052268082,0.075737669383619,0.0741677717684623,0.00824343498274448,700
"implant","B_graded","corncob","single",0.577315665530796,0.105269011852848,0.617322307413828,0.146165805278657,0.180203597443278,0.119791050211353,0.114111115806151,NA,NA,NA,NA,17.44559,47.18,480.26,13.72,4.82,8.9,0.0101207220745692,0.00275057334310198,0.00879857166940824,0.00347298451998585,0.00316214578373272,0.00178294497108133,0.00242916610351455,NA,NA,NA,NA,0.612623387404757,1.67127871170216,16.9206273114298,0.608289893994556,0.196782415441984,0.438703382803205,700
"implant","B_graded","fastancom","single",0.0244166666666667,0.06701405630006,0.0304155654287233,0.0787757800997735,0.319460249735152,0.0233715342969027,0.120827462926638,NA,0.0149632351989961,0.463347330714236,NA,0.0487799999999993,47.29,480.42,3.69,3.6,0.0899999999999999,0.00443704416390175,0.00215283231531854,0.00350858446991267,0.00229082019363206,0.00445258216318245,0.000720576626231691,0.00243206045526026,NA,0.00691329738866098,0.00301031437847813,NA,0.00119393531862674,1.67382692251129,16.9233052268082,0.160176494214971,0.15732019052305,0.0120739258430994,700
"implant","B_graded","ldm","single",0.0579367087161205,0.0819265805650921,0.0986271726716973,0.113958536419374,0.325428051170273,0.050115145069879,0.0763958900660377,NA,NA,NA,NA,25.00166,47.29,480.42,4.93,4.3,0.63,0.00592956687229951,0.00281576044530348,0.0072412886898319,0.0034407035000184,0.00384282823134856,0.00114931992736189,0.00168782900277024,NA,NA,NA,NA,1.17898541787903,1.67382692251129,16.9233052268082,0.236465085724742,0.189910000520162,0.0939751588032869,700
"implant","B_graded","limma_logtss","single",0.0493326872132842,0.095615055635042,0.0863086879494774,0.122520716705497,0.314560216547446,0.0529111851585034,0.106552657274589,NA,-0.0234974563794701,0.456351438439212,0.914913046685272,0.0383600000000001,47.29,480.42,5.05,4.51,0.54,0.00555908023324646,0.00299608231968743,0.00701564426960888,0.00360869237151205,0.00410277426835288,0.00162642528031429,0.00220251052780016,NA,0.00595573968206113,0.00253248122284468,0.00161420078287507,0.000221228201240981,1.67382692251129,16.9233052268082,0.288371432315477,0.201957161989789,0.111873114309441,700
"implant","B_graded","linda","single",0.0820775129583179,0.120722349788697,0.121044793215987,0.155389432758338,0.352079851739828,0.0571141395343502,0.0776331480551316,NA,-0.0210582821720174,0.424487095899739,0.902570064531258,0.37414,47.29,480.42,6.15,5.65,0.5,0.00691183671558399,0.00314664452351941,0.00815002764106081,0.0036974404544827,0.00426372310800489,0.00107543558984801,0.00164894392122116,NA,0.00239994424318757,0.00231884435838435,0.00112986194066367,0.0164655386603734,1.67382692251129,16.9233052268082,0.226333277499303,0.215519135702789,0.0368657619790329,700
"implant","B_graded","lm_logtss","single",0.0427140013087687,0.0967188449022804,0.0776046159403358,0.125945838961794,0.316954113922218,0.0527073782658538,0.106117028132598,NA,-0.0234974563794701,0.456351438439212,0.914944203123031,0.0360600000000001,47.29,480.42,4.95,4.57,0.38,0.00423399820887649,0.00291519263442345,0.0065155555624237,0.00372062616468022,0.00405270465387312,0.00163852529748856,0.00219501645642502,NA,0.00595573968206113,0.00253248122284468,0.00163039248774007,0.000128357066344967,1.67382692251129,16.9233052268082,0.227782430137305,0.196846017974865,0.0468705946904673,700
"implant","B_graded","locom","single",0.0461053113553114,0.0334916385100354,0.105840923945336,0.0575493877263782,0.244874493445157,0.0519518713226624,0.0727124695471113,NA,-0.0200717428090823,0.988875892100516,NA,319.13245,47.29,480.42,2.15,1.92,0.23,0.00548636260660674,0.00172619761285248,0.00879069929620413,0.00240580366302192,0.00320402448403189,0.000873126403346494,0.00153639556083121,NA,0.00275166632279549,0.00543069159764483,NA,11.5845901334826,1.67382692251129,16.9233052268082,0.119053852279081,0.103953329464351,0.0266675607861548,700
"implant","B_graded","locom2","single",0.0949334831834832,0.0385389503910887,0.11891562677089,0.0519381199551889,0.23631896755828,0.0425242047604995,0.0867634733391604,NA,NA,NA,NA,60.8999,47.29,480.42,2.87,2.37,0.5,0.00745448245000443,0.00173349770023123,0.00807363106085362,0.00214537935632676,0.00344905769608842,0.00078056167747518,0.00158080963600323,NA,NA,NA,NA,2.47811183732647,1.67382692251129,16.9233052268082,0.137591691368409,0.116537430975253,0.0348715197524087,700
"implant","B_graded","logistic_presence","single",0.0569209955406443,0.13565332153654,0.101531236117901,0.171495353764986,0.346252726302131,0.059424864405404,0.116440696214541,NA,-0.00680276097985122,0.867533201201184,NA,0.55411,47.17,479.12,7.3,6.74,0.56,0.00430025375208884,0.00327710294757741,0.00671967332518299,0.00381069180517707,0.00382890575534081,0.00091218113869891,0.000991094673932792,NA,0.00636015119541924,0.0165508561984354,NA,0.0186556291926122,1.67377358855703,16.9382116028609,0.291191622134196,0.266789313712716,0.0502696591057612,700
"implant","B_graded","maaslin3","abundance",0.1565,0.0146527704635027,0.304176767676768,0.0300076183351596,0.16371188531952,0.0462575438950781,0.06123971474111,0.0612092472771299,-0.0241136009326481,0.867199108316487,NA,13.5556,31.71,480.29,0.9,0.58,0.32,0.0122211042320427,0.00118624960637368,0.0139446934988967,0.00164721949146529,0.00371823841645594,0.000569806512062843,0.00136489325418184,0.00347676039724657,0.00585577010552509,0.00437679815261315,NA,0.437041205044799,1.14571160362625,16.9207208853219,0.0449128865914255,0.0334817867342598,0.025020735320815,700
"implant","B_graded","maaslin3","combined",0.0676426804189962,0.0902581465368655,0.164329179517687,0.146128498272285,0.322244818473224,0.0503040136590502,0.0937798772254339,NA,NA,NA,NA,13.5556,47.29,480.42,5.11,4.7,0.41,0.00597319462282879,0.00241915415483233,0.00744272902718757,0.0033924140621418,0.0039670346390962,0.0007392949903074,0.00139442192554904,NA,NA,NA,NA,0.437041205044799,1.67382692251129,16.9233052268082,0.203678264621574,0.192379869804904,0.0283524718665623,700
"implant","B_graded","maaslin3","presence",0.0134444444444444,0.122650506268474,0.052949194409614,0.189908911723788,0.481665548257272,0.0407046794138183,0.0735339458160141,0.0554794274123884,NA,NA,NA,13.5556,31.83,479.49,4.19,4.14,0.05,0.00383212195686825,0.0034858648264405,0.00547622844949145,0.00488948359519695,0.00585661540539367,0.000783629421390547,0.00125933317537582,0.00310447808225345,NA,NA,NA,0.437041205044799,1.14285808680729,16.9333554360416,0.177463853137035,0.175463416661571,0.00982682673120629,700
"implant","B_graded","pursue","abundance",0.06,0.00939843968895004,0.116666666666667,0.0156230180311494,0.158560297166567,0.0508005025669675,0.0631590566469435,0.0496635400543113,0.00270950452419689,0.854083226251358,0.944753941167757,18.69975,31.71,480.29,0.31,0.23,0.08,0.00857517460209215,0.00121095907696325,0.0107905597013287,0.00137582502671648,0.00384353684570729,0.000763295585286865,0.00140717924569998,0.0034296209385775,0.00490269466792069,0.0044104585905334,0.000722193942515324,0.651112953450421,1.14571160362625,16.9207208853219,0.0249147329884458,0.0219604274084077,0.0115717578353136,700
"implant","B_graded","pursue","combined",0.0493535353535354,0.0402075190280446,0.0974923393599864,0.0558518913431834,0.219389410568901,0.0445749516755006,0.111768889198488,NA,NA,NA,NA,18.69975,47.29,480.42,2.07,1.91,0.16,0.0063150348021253,0.00157136497649242,0.00835875705210213,0.00179196396128847,0.00350161449792651,0.00075353234177225,0.00203479372218961,NA,NA,NA,NA,0.651112953450421,1.67382692251129,16.9233052268082,0.0946728422898505,0.0875831915988666,0.0166766779660349,700
"implant","B_graded","pursue","presence",0.0275067155067155,0.0642124111085933,0.0538582251082251,0.0832677813078811,0.284002354518597,0.0358267252764509,0.179272727922666,0.0321285719223535,NA,NA,NA,18.69975,31.81,479.12,2.05,1.95,0.1,0.00452312069225288,0.00250584292021571,0.00598923809286225,0.00358129779371363,0.0048957252143803,0.000733657805714453,0.00285462059373298,0.00282386327762534,NA,NA,NA,0.651112953450421,1.14230265902118,16.9382116028609,0.0937800976961065,0.0874655051564597,0.0125446270609087,700
"implant","B_graded","pursue03_efull","single",0.0503112194568716,0.127015119779727,0.0640651001045738,0.155815549833933,0.366861645387296,0.0447267685578245,0.0731406401616606,NA,-0.0110765957479894,0.357287132400464,NA,13.70861,47.29,480.36,6.34,6.03,0.31,0.00541351491758955,0.00312727911617797,0.00581358131947073,0.00323243566417785,0.00441614800505745,0.000803001400578122,0.00133883874342991,NA,0.0012256491574688,0.00183934218883478,NA,0.291627918565487,1.67382692251129,16.9246292838233,0.243966976352921,0.236900285669943,0.0291486251169566,700
"implant","B_graded","pursue03_efullb","single",0.0330059514559515,0.125870949144432,0.0530683468578205,0.157678061658282,0.369551437918663,0.045330952480417,0.0716769396102024,NA,-0.010349257583795,0.359257664160244,NA,12.92752,47.29,480.32,6.34,6.09,0.25,0.00346430117304373,0.00284220091032015,0.00448767900390234,0.00316475589929653,0.00436552042733916,0.000802805676616693,0.00134009380223933,NA,0.00119817843066467,0.00188652794750961,NA,0.286938563481086,1.67382692251129,16.9255145793806,0.249131251639841,0.240593864687614,0.0247303049482334,700
"implant","B_graded","pursue03_erdc","single",0.0205089556556275,0.114485971701131,0.0592205487282045,0.14111151975058,0.361229398336489,0.0459111156538994,0.0686572994043369,NA,NA,NA,NA,0.1788,47.28,480.22,5.22,5.02,0.2,0.00266214896182671,0.00299698927078942,0.00571280857559141,0.00332213040876226,0.00423444643751935,0.000806690506363202,0.00156061319514479,NA,NA,NA,NA,0.0034506825847112,1.67401310793876,16.9277270241207,0.199109605979051,0.190397521052376,0.0283044959702804,700
"implant","B_graded","pursue03_erdl","single",0.0319864718614719,0.1050999974605,0.048152247606195,0.129615185513183,0.36494128429901,0.0397915563736458,0.0728879495953398,NA,-0.0100397873009077,0.330810290117489,NA,1.15373,47.27,480.4,4.73,4.55,0.18,0.0037864600820273,0.0028292886298149,0.00442299986143047,0.00329809224015071,0.00426015552627435,0.000753265517732565,0.00150762087135847,NA,0.00108209052004961,0.00175199472118264,NA,0.0210990842203073,1.67393426903595,16.9233481875475,0.175612966956003,0.171200841654236,0.0202841051396448,700
"implant","B_graded","pursue03_erdlu_ad","single",0.0325586635586636,0.115603725508799,0.0594717129089807,0.14900589515103,0.375705587421973,0.0435331568243462,0.0698115149196219,NA,-0.0105769396583126,0.364365046399701,NA,9.66614,47.28,480.22,6.03,5.84,0.19,0.00461770918721592,0.00292517219643094,0.00534971295990096,0.00332599420024707,0.00437799517022567,0.000772864801433645,0.00134569287768711,NA,0.00117369196544883,0.00188313729281717,NA,0.188282643362851,1.67401310793876,16.9277270241207,0.244566417308191,0.238780880752366,0.0231280567712531,700
"implant","B_graded","pursue03_erdlu_r05","single",0.0313293523469994,0.113629418291958,0.0532816206096478,0.144798776256256,0.372618214242782,0.0424708501410188,0.0715146205444087,NA,-0.0104645171168718,0.341173807223962,NA,13.71343,47.28,480.28,5.75,5.55,0.2,0.00352825498538741,0.00285209163644257,0.00475583788501114,0.00337977730798617,0.00421535625352413,0.000764721613398818,0.00140381779944211,NA,0.00109832166566948,0.00176773803961505,NA,0.253483310055195,1.67401310793876,16.9264258945068,0.229222421361732,0.222765489964926,0.0233159551062761,700
"implant","B_graded","pursue03_erdlu_uc","single",0.0325586635586636,0.115603725508799,0.0594717129089807,0.14900589515103,0.375705587421973,0.0435331568243462,0.0698115149196218,NA,-0.0105769396583126,0.364365046399701,NA,9.67142,47.28,480.22,6.03,5.84,0.19,0.00461770918721592,0.00292517219643094,0.00534971295990096,0.00332599420024707,0.00437799517022567,0.000772864801433645,0.00134569287768711,NA,0.00117369196544883,0.00188313729281717,NA,0.183028750227975,1.67401310793876,16.9277270241207,0.244566417308191,0.238780880752366,0.0231280567712531,700
"implant","B_graded","pursue03_erdlum","single",0.0311374033374033,0.121020160175386,0.0546264572415888,0.15098339069203,0.375659127709516,0.0443193364769024,0.0696221472659754,NA,-0.0105769396583126,0.364365046399701,NA,0.06902,47.28,480.22,6.32,6.08,0.24,0.00334016525232626,0.00279518783458741,0.00439869975775963,0.00348685950864498,0.00432182592256526,0.000807816702694305,0.00136640584942131,NA,0.00117369196544883,0.00188313729281717,NA,0.00011384551438021,1.67401310793876,16.9277270241207,0.251512164911983,0.242995139980954,0.0251575863067977,700
"implant","B_graded","pursue03_erdu_ad","single",0.0387817155067155,0.125966462615721,0.0580905383596526,0.160576646227461,0.360357326876445,0.0484012470934912,0.065245670466105,NA,NA,NA,NA,0.05755,47.28,480.22,6.7,6.45,0.25,0.00489486310845959,0.00299358134862594,0.00428251677029343,0.00345968166304691,0.00405041503879661,0.000744607781535217,0.00128921545495072,NA,NA,NA,NA,6.24660136492637e-05,1.67401310793876,16.9277270241207,0.264196354776078,0.256886552784358,0.024144889304824,700
"implant","B_graded","pursue03_erdu_r05","single",0.0411567027743498,0.125080424317644,0.0688234101587591,0.157115591104728,0.369857458901691,0.0475379399469291,0.0689919568784213,NA,NA,NA,NA,0.0433800000000001,47.29,480.29,6.44,6.2,0.24,0.0052076545164521,0.00312953004882664,0.00582638989822189,0.00354972233699457,0.00410439671400018,0.000782787582705841,0.00131992883637709,NA,NA,NA,NA,0.000142206201410487,1.67382692251129,16.9262080141899,0.253068154260866,0.245765278764243,0.0245823482501888,700
"implant","B_graded","pursue03_erdu_uc","single",0.0387817155067155,0.125966462615721,0.0580905383596526,0.160576646227461,0.360357326876445,0.0484012470934912,0.0652456704661049,NA,NA,NA,NA,0.00648999999999996,47.28,480.22,6.7,6.45,0.25,0.00489486310845959,0.00299358134862594,0.00428251677029343,0.00345968166304691,0.00405041503879661,0.000744607781535217,0.00128921545495072,NA,NA,NA,NA,1.96500135598929e-05,1.67401310793876,16.9277270241207,0.264196354776078,0.256886552784358,0.024144889304824,700
"implant","B_graded","pursue03_erlc","single",0.0373571428571429,0.0595539660666906,0.0638225108225108,0.0769167991493453,0.325434103334251,0.0396858055956115,0.0712198151597972,NA,-0.0100360631960979,0.33080239575133,NA,0.06002,47.29,480.42,2.78,2.67,0.11,0.00590029936645663,0.00234989523678049,0.00778280340645759,0.00273659190002009,0.00428570317904538,0.000676560177612834,0.0015708519267912,NA,0.00108206768626883,0.00175208441093697,NA,0.000266056885072399,1.67382692251129,16.9233052268082,0.117506277797777,0.114855759514106,0.0150297749310436,700
"implant","B_graded","pursue03_eselum","single",0.0311374033374033,0.121020160175386,0.0546264572415888,0.15098339069203,0.375659127709516,0.0443193364769024,0.0696221472659754,NA,-0.0105769396583126,0.364365046399701,NA,24.24938,47.28,480.22,6.32,6.08,0.24,0.00334016525232626,0.00279518783458741,0.00439869975775963,0.00348685950864498,0.00432182592256526,0.000807816702694305,0.00136640584942131,NA,0.00117369196544883,0.00188313729281717,NA,0.541984901198135,1.67401310793876,16.9277270241207,0.251512164911983,0.242995139980954,0.0251575863067977,700
"implant","B_graded","wilcoxon_tss","single",0.0616033080876534,0.117395246484425,0.0802668066472246,0.153367105442039,0.35618087079961,0.0540289516606873,0.0796630087068175,NA,-0.0306569900428912,1.54714783876182,NA,0.27224,47.29,480.42,6.13,5.67,0.46,0.00611750972459823,0.00344172292316773,0.00580024092269744,0.00383018684501986,0.00400334802913531,0.00114382745167579,0.00166667903459173,NA,0.0111421752058059,0.0115817115712382,NA,0.00893936356162906,1.67382692251129,16.9233052268082,0.251157833862951,0.23156215157689,0.0432644990871146,700
"implant","B_graded","zicoseq","single",0.0661453791306732,0.0889047522686859,0.132399316427197,0.126690001223011,0.335822874679757,0.0578671799084649,0.0808289976245867,NA,NA,NA,NA,121.39005,47.29,480.42,5.17,4.82,0.35,0.0053786561068607,0.00256985428651106,0.00809262857175702,0.00337015789176152,0.00414876691490873,0.0012448865499697,0.00180332368771028,NA,NA,NA,NA,4.26383355466305,1.67382692251129,16.9233052268082,0.224025787908599,0.213987284528577,0.0274708845741212,700
"implant","B_large","adapt","single",0.0418324450385861,0.318492896531113,0.0704605006095198,0.377663640311387,0.587453409220804,0.0484615364131727,0.0745146875797758,NA,0.0371568238302704,1.36626319310006,NA,0.622010000000006,46.35,474.04,16.3,15.41,0.889999999999999,0.00346942862894261,0.00486608036455735,0.00402287377773054,0.00503076449647584,0.00409412292544906,0.000984809142031249,0.00152186754471706,NA,0.0120920209124309,0.0133578094034928,NA,0.017396573993039,1.67538243237379,16.7951266179088,0.614523787154363,0.578590240728848,0.0618954307608412,700
"implant","B_large","aldex2","single",0,0.124654466277577,0.0172619047619048,0.141079630910763,0.447980873621866,0.00639773879261334,0.277459776037911,NA,-0.0142029778971585,1.00965061077565,NA,17.3932,46.35,474.04,5.46,5.46,0,0,0.00334093040064428,0.0032089322187774,0.00358729176577484,0.00461710604109983,0.0004067937064038,0.00182823008132136,NA,0.00151284489900375,0.00765977341893748,NA,0.58498337784976,1.67538243237379,16.7951266179088,0.18960240003793,0.18960240003793,0,700
"implant","B_large","ancombc2","single",0.00222222222222223,0.110196306907998,0.00222222222222223,0.110196306907998,0.248152993435114,0.464031051509743,0.454195562559917,NA,-0.039216861528319,0.864457877236289,0.493357565210842,140.24966,46.35,474.04,5.51,5.48,0.03,0.000659153338791237,0.00312941389740071,0.000659153338791237,0.00312941389740071,0.00386741296869894,0.00184512494013909,0.0017069585411148,NA,0.00535949677484958,0.00396280372390827,0.00170914913106561,5.32028082528199,1.67538243237379,16.7951266179088,0.221872316320992,0.220383331015332,0.00838112191642436,700
"implant","B_large","corncob","single",0.469818780608108,0.282844546836883,0.526159898879502,0.36477404374909,0.332960849058918,0.129523791501449,0.13160714960251,NA,NA,NA,NA,17.19061,45.93,473.51,23.49,12.12,11.37,0.00848092456380471,0.0043492816567498,0.00714202987612495,0.00506925545480399,0.00447316503438161,0.00195821963615021,0.00281875323678829,NA,NA,NA,NA,0.605812296432778,1.66305693501417,16.7801849345521,0.825825896916031,0.422821099761393,0.459104527418159,700
"implant","B_large","fastancom","single",0.00408473879062114,0.173849418724697,0.0222290409955179,0.208193250864184,0.496664965292268,0.0252788101843564,0.129696330266937,NA,0.0030492680442041,0.533968876625011,NA,0.0485400000000007,46.35,474.04,9.58,9.49,0.09,0.00057227944450716,0.00403430375120856,0.0029744093060876,0.00465568792518729,0.00489140286684743,0.00102935346871571,0.00295568872511584,NA,0.0065799013733336,0.00354763218809547,NA,0.00122488993987477,1.67538243237379,16.7951266179088,0.387729534214808,0.382839888913935,0.0132057558873045,700
"implant","B_large","ldm","single",0.0859594541325124,0.303943358715975,0.137127598675157,0.3714190400451,0.550196515615443,0.0572981808202207,0.0794734569470306,NA,NA,NA,NA,47.19064,46.35,474.04,15.77,14.14,1.63,0.00600464127739722,0.0056131925409783,0.00719502956936385,0.00567214297901943,0.00454477995919596,0.0014734589342195,0.00199257777105594,NA,NA,NA,NA,1.93459200728106,1.67538243237379,16.7951266179088,0.528361707943148,0.496742464283661,0.12028280932999,700
"implant","B_large","limma_logtss","single",0.0430713510382184,0.242548126486188,0.077725321716458,0.288831211701844,0.504730131597013,0.0498246296139095,0.106781740169247,NA,-0.0350581655353117,0.533492327042642,0.901537464468332,0.03835,46.35,474.04,12.04,11.37,0.67,0.00442567832785664,0.00501328121166778,0.00517144799519267,0.00555725272728089,0.00481532494724733,0.00170842147098912,0.00224577731476605,NA,0.00630003726991636,0.00338435287583269,0.00168045961301403,0.000231149085780019,1.67538243237379,16.7951266179088,0.43521392302899,0.417385245894846,0.0583646962490198,700
"implant","B_large","linda","single",0.0545415445031835,0.311656347106866,0.107195749417729,0.371433044583988,0.555558428271424,0.0560974748121396,0.0740427703558175,NA,-0.00621249447130084,0.509413130733674,0.891070411150551,0.36064,46.35,474.04,15.19,14.31,0.88,0.00451974483731876,0.00484007841622022,0.00590204867371045,0.00484065156541394,0.00466451945940428,0.00119184182410486,0.00154570506133662,NA,0.00284227007043767,0.00312337635724469,0.00133174938258498,0.0159852592325703,1.67538243237379,16.7951266179088,0.538495094774178,0.517026133662354,0.0675082785152849,700
"implant","B_large","lm_logtss","single",0.0608690730757429,0.244323758100463,0.0827874475732319,0.294951019483132,0.502958646151496,0.0508576775132047,0.106075563554961,NA,-0.0350581655353117,0.533492327042642,0.900653907801919,0.0362199999999999,46.35,474.04,12.27,11.59,0.68,0.00602104703268214,0.0047297441403912,0.00549632251750468,0.00548638394690437,0.00480678334995502,0.00166466452499211,0.00223027286296516,NA,0.00630003726991636,0.00338435287583269,0.00165661210193069,0.000134321800944112,1.67538243237379,16.7951266179088,0.442966169342184,0.430160997241644,0.052376976234649,700
"implant","B_large","locom","single",0.0401997418940497,0.194400069871696,0.0880300917172303,0.246998706976851,0.46199195145723,0.0512340375344839,0.0735660937956343,NA,0.00593944464092231,1.01470826130748,NA,317.65155,46.35,474.04,9.56,8.99,0.57,0.00300922156136138,0.00416582555781051,0.00458788892962297,0.00479633487465523,0.00461710598255563,0.00089894236671554,0.00160358009925021,NA,0.00326473487676524,0.00575007054654806,NA,11.7083398111127,1.67538243237379,16.7951266179088,0.352157462504646,0.333211494184907,0.0445145489068202,700
"implant","B_large","locom2","single",0.0685113150011831,0.161110778976089,0.101855924858106,0.201707333844159,0.419822466041654,0.0450320940972442,0.0853375766348713,NA,NA,NA,NA,63.72983,46.35,474.04,9.48,8.39,1.09,0.00459162437879679,0.00363721129862888,0.00565230564113915,0.00411354319551996,0.00444749801841095,0.000897423623868028,0.00144533733532264,NA,NA,NA,NA,2.75511223181587,1.67538243237379,16.7951266179088,0.386558122005121,0.329993063611152,0.0874196954201589,700
"implant","B_large","logistic_presence","single",0.0485067615306903,0.313406346905974,0.0862905898256384,0.377586263570591,0.561910220953978,0.0567772997632708,0.125123150939832,NA,-0.0443118506621295,1.03604821498337,NA,0.54789,46.21,472.68,16.05,15.13,0.92,0.00366994418121643,0.00537304316963177,0.00486456952462434,0.00556809271016596,0.00372442037355652,0.00128169209244007,0.00154361437829353,NA,0.00745090295325513,0.0190686772545827,NA,0.0185461014686447,1.67695219655418,16.8109788365241,0.608296831954087,0.579073676935006,0.0590046190088342,700
"implant","B_large","maaslin3","abundance",0.130576923076923,0.0744448646154334,0.237400488400488,0.119122823362197,0.298362161072336,0.0514644262555579,0.0632436340972941,0.0837714039818939,-0.0222031689096974,0.914861545982226,NA,13.21726,30.35,473.55,2.57,2.07,0.5,0.00845898865265304,0.00295088684579751,0.0108680418792747,0.0037461878113518,0.00505188844970884,0.000762255045526583,0.00131546215547539,0.00550782751602002,0.00898686170332741,0.00548012727330493,NA,0.428059381238275,1.07973099760157,16.7800884924371,0.09881341791159,0.0786610046215319,0.0300214515579788,700
"implant","B_large","maaslin3","combined",0.0571594147960969,0.231835632680569,0.118860318224104,0.312224577572617,0.528934766965925,0.0520814015748463,0.0887891544794885,NA,NA,NA,NA,13.21726,46.35,474.04,12.37,11.62,0.75,0.00501219974207707,0.0043880300729459,0.00663814648039998,0.00542569878585543,0.00491293599277423,0.000889445772842788,0.0013541784958674,NA,NA,NA,NA,0.428059381238275,1.67538243237379,16.7951266179088,0.468970046110393,0.439429334706146,0.0448730525378311,700
"implant","B_large","maaslin3","presence",0.0259897785386916,0.285711772454513,0.0611956116963793,0.3578571296611,0.71764681250759,0.0438335832353452,0.0808158564545588,0.127331308827949,NA,NA,NA,13.21726,31.5,473.14,9.96,9.75,0.21,0.00335809342000008,0.0059272510557172,0.00554704442241344,0.00687682474731016,0.00545574495288234,0.000988113754386264,0.0018106561226643,0.00616125027412872,NA,NA,NA,0.428059381238275,1.14792217588494,16.8029052770964,0.385425465816117,0.381037473891085,0.0195038604446931,700
"implant","B_large","pursue","abundance",0.0735833333333333,0.0595545249148701,0.139514652014652,0.0776039830548999,0.286257625625269,0.054291592042129,0.0644244518476598,0.0722798502631981,0.0201204249351107,0.891983706804605,0.935521786125055,18.40815,30.35,473.55,1.45,1.26,0.19,0.00720000273207705,0.00267933151316712,0.0088138830643024,0.00323535975209829,0.0050484638257511,0.000782337606496111,0.00138953971360178,0.00522605161359728,0.00572597440504359,0.00476441699775077,0.000747198325543475,0.644819780821675,1.07973099760157,16.7800884924371,0.0559416720557147,0.0503549631873221,0.016655217813063,700
"implant","B_large","pursue","combined",0.0491254700589739,0.123064454743351,0.0815332382760801,0.152536813060258,0.364767012695429,0.0437395833553055,0.117341380993473,NA,NA,NA,NA,18.40815,46.35,474.04,6.22,5.8,0.42,0.00480270215840504,0.00341069919157501,0.00555721188763623,0.00399941016898142,0.00424446624782183,0.000683103030603166,0.00212360782727953,NA,NA,NA,NA,0.644819780821675,1.67538243237379,16.7951266179088,0.235332534943346,0.216289426185905,0.033051743367454,700
"implant","B_large","pursue","presence",0.0169071067821068,0.136126982240167,0.0454626769429401,0.168849701440807,0.39684634011459,0.0304848578548718,0.189250257088171,0.0413974328100115,NA,NA,NA,18.40815,31.49,472.68,5.21,4.96,0.25,0.00216927783625752,0.00490446444913693,0.00387470949431941,0.00536441067863823,0.00495173486375595,0.000630360171009358,0.00295577313426129,0.00348984285618958,NA,NA,NA,0.644819780821675,1.14817133951893,16.8109788365241,0.234584526038992,0.216548553698072,0.0339885531517671,700
"implant","B_large","pursue03_efull","single",0.0322504383892585,0.288269341555041,0.0725381806362868,0.349155570481523,0.599128614525994,0.0435361780448468,0.0729718946752624,NA,-0.0019860619856087,0.467744422340107,NA,13.02447,46.24,473.86,14.36,13.92,0.44,0.00450653632767253,0.00506394049666938,0.00548459719383865,0.00540177450199465,0.00427064762203081,0.000866726453965812,0.00141446594170054,NA,0.00163773948101293,0.00263279408207076,NA,0.278029043236193,1.67285078736731,16.7941326187118,0.542698181465491,0.528898225874632,0.0401428065949077,700
"implant","B_large","pursue03_efullb","single",0.037792363855097,0.289832706772469,0.0695201314512318,0.350164012260909,0.600583797388807,0.043294071266178,0.072646107014766,NA,-0.001872055728941,0.467980511600895,NA,12.37147,46.24,473.86,14.46,14,0.46,0.00483388383310215,0.00502972060084661,0.00538774857336222,0.00544133756434717,0.00429055578213941,0.000823185529803564,0.00137745846345358,NA,0.00165107575858288,0.00263769484955066,NA,0.272069570936052,1.6737912385233,16.7950704839486,0.544563980143052,0.531362596415869,0.0401784289345067,700
"implant","B_large","pursue03_erdc","single",0.0145655094069917,0.261447029300428,0.0437801925398239,0.321270773660034,0.577602634907044,0.040561286937523,0.0730795384706748,NA,NA,NA,NA,0.18187,46.32,473.87,12.36,12.1,0.26,0.00145023700977028,0.0047658612584226,0.00252214380540139,0.00505933565503515,0.00440952223564325,0.000740067051449886,0.00151881656404866,NA,NA,NA,NA,0.00357289772316537,1.67606972652784,16.7988534718452,0.444180942392987,0.434904162892571,0.0224532577586663,700
"implant","B_large","pursue03_erdl","single",0.0215610532529196,0.250665322388366,0.0471495037471992,0.309776407927309,0.582915975829087,0.0406027095881009,0.0736955904221631,NA,-0.00586481762224515,0.466920241153057,NA,1.15137,46.12,473.81,11.66,11.43,0.23,0.00260169565673045,0.00489954282638768,0.00462696498152383,0.00527036088607871,0.00457029053828631,0.000755143352048653,0.00138135645175915,NA,0.00159501159668443,0.00243417194566436,NA,0.0209657214988783,1.67272387147867,16.7924251393325,0.415893818296548,0.412163245295517,0.0244276397779565,700
"implant","B_large","pursue03_erdlu_ad","single",0.0192279782919184,0.288435526387172,0.0585937955844794,0.344737719539516,0.608656580747847,0.0418951083992104,0.07342921819528,NA,-0.00283319200988454,0.46902692639283,NA,9.52674,46.15,473.7,14.53,14.17,0.36,0.00223754029302007,0.00514460023132202,0.00479820602543466,0.00529745195319318,0.00414538370637921,0.000824347031864964,0.00140979394920151,NA,0.00156076156398429,0.00264121670610932,NA,0.17854286763361,1.67339165410852,16.7960879190613,0.564937739489304,0.550641581834507,0.0331985831436641,700
"implant","B_large","pursue03_erdlu_r05","single",0.0348291022334956,0.275801675990994,0.0568901512949667,0.3371994246074,0.600925403868731,0.041288800945123,0.0718326401878516,NA,-0.00518146810926837,0.46405803110036,NA,13.42364,46.14,473.71,13.73,13.37,0.36,0.00461280215897141,0.00506281399433457,0.00484588630965419,0.00527752188343652,0.00443387500487638,0.000818399916517527,0.00134335522398469,NA,0.00155905597248259,0.00248232945888287,NA,0.238799697193454,1.6708304498029,16.7933048303323,0.524802708348153,0.514055796529556,0.032325242708539,700
"implant","B_large","pursue03_erdlu_uc","single",0.0192279782919184,0.288435526387172,0.0585937955844794,0.344737719539516,0.608656580747847,0.0418951083992104,0.07342921819528,NA,-0.00283319200988454,0.46902692639283,NA,9.48651,46.15,473.7,14.53,14.17,0.36,0.00223754029302007,0.00514460023132202,0.00479820602543466,0.00529745195319318,0.00414538370637921,0.000824347031864964,0.00140979394920152,NA,0.00156076156398429,0.00264121670610933,NA,0.173216179856535,1.67339165410852,16.7960879190613,0.564937739489304,0.550641581834507,0.0331985831436641,700
"implant","B_large","pursue03_erdlum","single",0.0220761277394635,0.291117927305382,0.0656115091280419,0.348046303959216,0.609191179779484,0.0425033840351038,0.0731565503894872,NA,-0.00280846723461799,0.469041110524777,NA,0.0687000000000001,46.19,473.74,14.78,14.35,0.43,0.00228548993054673,0.00515886178371493,0.0051108861173887,0.00519226158779725,0.00426325289978529,0.000827464027080789,0.00141670389124603,NA,0.00156138724121016,0.00264150892346487,NA,8.26077135306801e-05,1.67512043424996,16.797795703199,0.566028758172837,0.549010685210192,0.0371575927002675,700
"implant","B_large","pursue03_erdu_ad","single",0.023887646672372,0.281178113432534,0.0542242576959346,0.347539156964156,0.577584422182346,0.0436306306242417,0.0733729519990142,NA,NA,NA,NA,0.0574100000000002,46.32,473.87,14.91,14.39,0.52,0.00172738671540543,0.00506441503189685,0.00268186924817486,0.00545069072030999,0.00402417210353479,0.000809747352929729,0.00148876085542549,NA,NA,NA,NA,4.60437684415962e-05,1.67605265537111,16.7988330330784,0.58966043427886,0.56835719389917,0.0376262776103314,700
"implant","B_large","pursue03_erdu_r05","single",0.0183849379489876,0.285126186657714,0.0541197589321417,0.347076284341226,0.586664474422906,0.0443400949870637,0.0749656675160543,NA,NA,NA,NA,0.0442399999999998,46.33,473.9,14.69,14.26,0.43,0.00161437604683479,0.00487863074553224,0.00294770177111282,0.00558084813781988,0.00410099228308464,0.000789059733209117,0.00152704075032869,NA,NA,NA,NA,0.000185537150820965,1.67584928184209,16.7981703309134,0.572040370935454,0.553377456571968,0.0367705642054695,700
"implant","B_large","pursue03_erdu_uc","single",0.023887646672372,0.281178113432534,0.0542242576959346,0.347539156964156,0.577584422182346,0.0436306306242417,0.0733729519990142,NA,NA,NA,NA,0.00654000000000004,46.32,473.87,14.91,14.39,0.52,0.00172738671540543,0.00506441503189685,0.00268186924817486,0.00545069072030999,0.00402417210353479,0.000809747352929729,0.00148876085542549,NA,NA,NA,NA,1.88511221646605e-05,1.67605265537111,16.7988330330784,0.58966043427886,0.56835719389917,0.0376262776103314,700
"implant","B_large","pursue03_erlc","single",0.0293973429951691,0.183260516527596,0.0509125650861894,0.244183946372079,0.543563320356514,0.0408622896898766,0.0718426923080658,NA,-0.00582816593042565,0.466902739231278,NA,0.0620600000000001,46.35,474.04,8.55,8.42,0.13,0.0054541783748399,0.0039645997598343,0.00530125054008221,0.00488563665704619,0.00460621311383202,0.000823273825711536,0.001373636761293,NA,0.00159223708926138,0.00243337762677997,NA,0.000336004462127193,1.67538243237379,16.7951266179088,0.303313838610139,0.301601827538928,0.0174603577156761,700
"implant","B_large","pursue03_eselum","single",0.0220761277394635,0.290706968401273,0.0656115091280419,0.348046303959216,0.609191179779484,0.0425033840351038,0.0731565503894872,NA,-0.00280846723461799,0.469041110524777,NA,23.77925,46.19,473.74,14.75,14.32,0.43,0.00228548993054673,0.00516469189378337,0.0051108861173887,0.00519226158779725,0.00426325289978529,0.000827464027080789,0.00141670389124603,NA,0.00156138724121016,0.00264150892346487,NA,0.514438156611488,1.67512043424996,16.797795703199,0.565821342059652,0.54876320818293,0.0371575927002675,700
"implant","B_large","wilcoxon_tss","single",0.0429160591609133,0.301023327699237,0.0795350830906068,0.362602231682365,0.579164379877851,0.0558651880431922,0.0841692511104242,NA,-0.0849317963304385,1.75838065814422,NA,0.26693,46.35,474.04,15.35,14.53,0.82,0.00424910144254756,0.00518669797281245,0.00554368693219525,0.00556164953820821,0.00411617366099321,0.00163402424549124,0.00214031207863028,NA,0.0163937204767596,0.01810147363451,NA,0.00876986851944513,1.67538243237379,16.7951266179088,0.567411989860526,0.547812792391587,0.0813653165380446,700
"implant","B_large","zicoseq","single",0.0591714593153027,0.260319846496985,0.123066407405358,0.32084955327857,0.559144778343082,0.0589400788186537,0.0776160763631747,NA,NA,NA,NA,118.77029,46.35,474.04,13.6,12.71,0.89,0.00562829291614453,0.00523249291419108,0.00692680953783895,0.0056520071432841,0.0048949906065626,0.0016953901058078,0.00208230757054864,NA,NA,NA,NA,4.15821427741401,1.67538243237379,16.7951266179088,0.500957595171716,0.477664052517288,0.0646095348114741,700
"implant","B_n100","adapt","single",0.0434049999015403,0.27782498939764,0.0655618239658473,0.323332765432845,0.536271178505397,0.0439176623439521,0.0833560473734917,NA,0.0582306460971134,0.933610411342499,NA,0.426625000000007,27.525,274.1125,8.9,8.4,0.5,0.00353722588261979,0.00564706055684246,0.00424695632431892,0.00608645795985614,0.00548312957434983,0.00101479718651381,0.00187030120067043,NA,0.00840037851338621,0.0111392264499851,NA,0.0106090667652579,0.975206390705205,9.69549116422031,0.361904621795966,0.34090535044297,0.0353869486669459,560
"implant","B_n100","aldex2","single",0,0.114888530503934,0,0.135642923192275,0.41516761191543,0.00540285640458862,0.279832214195558,NA,-0.0058256375673823,0.60272546551425,NA,19.29215,27.525,274.1125,3.225,3.225,0,0,0.00337058805929328,0,0.00355277422882779,0.00575134571083723,0.00036340967350477,0.00178160957067628,NA,0.00100682581611849,0.00484049526028935,NA,0.649364528849755,0.975206390705205,9.69549116422031,0.132738966674082,0.132738966674082,0,560
"implant","B_n100","ancombc2","single",0,0.0714528763755086,0,0.0714528763755086,0.126966102790801,0.462353177959998,0.446561548177909,NA,-0.00916591813244264,0.571831809928101,0.517818923699053,78.2317375,27.525,274.1125,2.3875,2.3875,0,0,0.0026646354184027,0,0.0026646354184027,0.00336497817153348,0.00225185782633974,0.00228588502968616,NA,0.00508307694364129,0.0032072531286321,0.00198006575386009,3.26273805401414,0.975206390705205,9.69549116422031,0.120281004839599,0.120281004839599,0,560
"implant","B_n100","corncob","single",0.526388950772816,0.190317873746057,0.578852335750939,0.24969648421798,0.242407546725877,0.134782023602949,0.13518217855615,NA,NA,NA,NA,21.72545,27.525,274.1125,10.3,4.9875,5.3125,0.0117573720405645,0.00472049682955954,0.00981465750372146,0.00529316416012561,0.00507911369546858,0.00253798008208341,0.00337045273047961,NA,NA,NA,NA,0.764270304822016,0.975206390705205,9.69549116422031,0.283127183062504,0.193648445599249,0.199909835445113,560
"implant","B_n100","fastancom","single",0.00078125,0.156351011143724,0.00791266937396969,0.181207766959532,0.444761197888298,0.0228680168234489,0.14812030638956,NA,-0.0213187985804224,0.34227902982874,NA,0.0361375000000017,27.525,274.1125,5.125,5.1125,0.0125,0.000293695756800489,0.00429590273417976,0.00127581380076898,0.00503412803938492,0.00543453921329039,0.00104187222457092,0.00338350898014723,NA,0.00540912694853254,0.00268538024484643,NA,0.000621461134993593,0.975206390705205,9.69549116422031,0.239761266922493,0.238791095705416,0.00469913210880782,560
"implant","B_n100","ldm","single",0.0496973284311671,0.211555907901028,0.103426546319267,0.27221713651921,0.480031306664328,0.0535806196701637,0.0855475018097639,NA,NA,NA,NA,38.1994625,27.525,274.1125,7.2875,6.75,0.5375,0.00492546349317313,0.00531959696397121,0.0079680785291983,0.00591167362769714,0.00596552187077357,0.00150210259608718,0.00196125407346958,NA,NA,NA,NA,1.70744413603516,0.975206390705205,9.69549116422031,0.325166377531446,0.305107095775673,0.0495704942462864,560
"implant","B_n100","limma_logtss","single",0.0266915646992037,0.220345439433882,0.0688474129770485,0.262689363564053,0.460802942704243,0.0478750557784827,0.112287424779396,NA,0.00273238541566083,0.339093632058909,0.90847389821721,0.0379,27.525,274.1125,6.9125,6.575,0.3375,0.00290357130221093,0.00523028721095745,0.00498037966856893,0.00554462966034841,0.00569403096047678,0.00151180678521871,0.00247158945691496,NA,0.00504297147294973,0.0025430711841882,0.00156609677830742,0.000260091493465603,0.975206390705205,9.69549116422031,0.305084649826779,0.279340441557973,0.0438242087221803,560
"implant","B_n100","linda","single",0.0332670154890007,0.284559171955662,0.0776696229333933,0.332717063991507,0.516659566572168,0.0517895577745398,0.079027105445037,NA,0.00357143683821133,0.317079015758788,0.899224370067939,0.1928375,27.525,274.1125,8.65,8.2625,0.3875,0.00290228276253647,0.00540408302190327,0.00483357409942626,0.0059837747020956,0.00509238926292901,0.00104769213996713,0.00150002647810302,NA,0.00222737967664998,0.00240881789952194,0.00126436082077481,0.00624516429654074,0.975206390705205,9.69549116422031,0.343226039936018,0.327055475400224,0.0344219775761133,560
"implant","B_n100","lm_logtss","single",0.038487124328443,0.227555214554205,0.0772834439863811,0.264843350190355,0.458929902226631,0.0496245146671921,0.112638722750193,NA,0.00273238541566083,0.339093632058909,0.906573797609244,0.036475,27.525,274.1125,7.1125,6.6875,0.425,0.00328857792123235,0.0051563947584715,0.00515908399895029,0.00580351324315668,0.00563059716996634,0.00157962525134904,0.00248159968802693,NA,0.00504297147294973,0.0025430711841882,0.00161730255586393,0.000220685122010803,0.975206390705205,9.69549116422031,0.2966715890562,0.273828105561407,0.0370990792550738,560
"implant","B_n100","locom","single",0.0332837301587302,0.0921101403470664,0.0819478264790765,0.118796892037429,0.369886412810542,0.0441593956998846,0.0800436737675322,NA,0.00985107210433288,0.723385321023776,NA,287.871,27.525,274.1125,3.1,2.925,0.175,0.00554723948448843,0.00344727520369051,0.00748236950323182,0.00431730381872409,0.00510963486009834,0.000952779862411041,0.00154939222827651,NA,0.00207988318269004,0.00502955234664288,NA,10.1955767422808,0.975206390705205,9.69549116422031,0.170708300303432,0.160747220977155,0.0281947926528469,560
"implant","B_n100","locom2","single",0.0379527505446623,0.0883345200207569,0.070474289749638,0.121284435378101,0.344411590425842,0.0435598166055442,0.0935694044055593,NA,NA,NA,NA,39.37335,27.525,274.1125,3.3875,3.1375,0.25,0.00556800103675863,0.00366619143412237,0.006761494979225,0.0044252075676857,0.00506406032181719,0.00103012875157119,0.00179582951252811,NA,NA,NA,NA,1.30669747054223,0.975206390705205,9.69549116422031,0.20377626261595,0.18335764123018,0.030278965345552,560
"implant","B_n100","logistic_presence","single",0.0380660155256929,0.294477358393628,0.0795878053207641,0.341286295338773,0.513496901711812,0.0483510043202684,0.096851643070333,NA,0.0101723830819544,0.527201783379687,NA,0.43245,27.3875,273.05,9.15,8.6875,0.4625,0.00332496495678101,0.00632640565735483,0.00521659882019625,0.00691717896488252,0.00596686330505964,0.000809422241482988,0.0014373935999435,NA,0.00474415078623577,0.0131645828525885,NA,0.0144076385710841,0.977988830917269,9.71547807939836,0.375638990471957,0.353780613193988,0.0377969755346993,560
"implant","B_n100","maaslin3","abundance",0.274245806277056,0.0728320438882792,0.464778005978947,0.115746383056293,0.218191479805147,0.0452362845779418,0.0684505681662411,0.058252804369282,0.0104293247139808,0.590099360937952,NA,9.0556625,18.35,274.1125,2.675,1.6875,0.9875,0.0147092450981147,0.00338323281702758,0.015043787427576,0.00467690745997307,0.00537596964547174,0.000919577161002367,0.00132123162657794,0.00382219844064223,0.00717580089423272,0.00437170255769033,NA,0.29647072342042,0.673916675229258,9.69549116422031,0.147697746527018,0.0995503643625814,0.0621951420026506,560
"implant","B_n100","maaslin3","combined",0.158351111455669,0.333788989005961,0.286713623639775,0.41839024083499,0.495914161644851,0.0505622177708984,0.0960362636579445,NA,NA,NA,NA,9.0556625,27.525,274.1125,12.4375,10.3375,2.1,0.00845271163639042,0.00571853762927579,0.00800248166708899,0.00688338373101977,0.00556759339933121,0.00102054048009101,0.00161619313239727,NA,NA,NA,NA,0.29647072342042,0.975206390705205,9.69549116422031,0.52800988930336,0.430393990467352,0.123057355331781,560
"implant","B_n100","maaslin3","presence",0.0657190192851457,0.453177361867649,0.165916454123928,0.54410700141655,0.722246388590872,0.0456516308106953,0.0749976505777451,0.0828317157792343,NA,NA,NA,9.0556625,18.2625,273.4125,10,9.125,0.875,0.00493594521308167,0.00845808370192873,0.00854285496315631,0.00883279434791526,0.00642947143560381,0.000874602785148835,0.00167201950582858,0.00597289244254339,NA,NA,NA,0.29647072342042,0.658362463784905,9.70714906716051,0.41822309185615,0.37338651098183,0.0625111796799034,560
"implant","B_n100","pursue","abundance",0.0572916666666667,0.0296175519318208,0.105833333333333,0.0430425349146666,0.202091372844433,0.050922701954107,0.0695671649095422,0.0627102896228199,0.0189782970438311,0.557110787535516,0.941483531323175,15.277375,18.35,274.1125,0.5375,0.4125,0.125,0.00840742535548961,0.00255619304525996,0.010976871204993,0.00293811194998809,0.00477539529880886,0.000959886332340353,0.00162407707158428,0.00442172504028107,0.0045252364147129,0.00349665006632313,0.00101049551342012,0.542042517359109,0.673916675229258,9.69549116422031,0.044833098358332,0.0345516581957901,0.0193533659296926,560
"implant","B_n100","pursue","combined",0.0437797619047619,0.130552376917471,0.0806826853701854,0.154049084810252,0.326043045208244,0.037684449485257,0.146483282446222,NA,NA,NA,NA,15.277375,27.525,274.1125,4.05,3.8625,0.1875,0.00579151599118906,0.00388576837581429,0.00723864565347662,0.00425129089340222,0.00487380085940796,0.000976316380618112,0.00240259400986292,NA,NA,NA,NA,0.542042517359109,0.975206390705205,9.69549116422031,0.180674050990319,0.173068661599687,0.0201667356602752,560
"implant","B_n100","pursue","presence",0.0233272977022977,0.180647398642158,0.0469921096812544,0.206801794217493,0.430851863951518,0.0259016079833495,0.263395217015263,0.0451609379817442,NA,NA,NA,15.277375,18.2375,273.05,3.875,3.7,0.175,0.00286732870101595,0.00547096091351284,0.00459009871196058,0.00622799920912018,0.00673381907124084,0.000651966904226099,0.00398722130424211,0.00398001577553259,NA,NA,NA,0.542042517359109,0.658922649926956,9.71547807939836,0.182088730852293,0.171074683708848,0.0198101453923265,560
"implant","B_n100","pursue03_efull","single",0.0391022519147519,0.271576915055439,0.0685567816217631,0.325958830606246,0.539785243056878,0.0401226752890051,0.0815244120548653,NA,-0.00937140981379438,0.272190083899551,NA,19.3856625,27.2625,273.8,8.1125,7.75,0.3625,0.00464136346666739,0.00573806128090865,0.0054285554148872,0.00624148166354443,0.00574463437096222,0.000788815002796871,0.00162256159146241,NA,0.0010865178641454,0.00201295245678622,NA,0.421788210157958,0.959808226363657,9.6806115361466,0.306824125967128,0.296935751951697,0.0336001360313287,560
"implant","B_n100","pursue03_efullb","single",0.0395441711066711,0.272969772198296,0.0685214109369866,0.325387402034817,0.53979696232354,0.0402450141362717,0.0806004844114052,NA,-0.00943653384592495,0.272693793261965,NA,19.19225,27.2625,273.8,8.225,7.85,0.375,0.00464713554112514,0.00575171279458371,0.00540991221043946,0.00639837028725375,0.00575414333154028,0.000799245337782801,0.00160286374638064,NA,0.00110265267453112,0.00201849497947181,NA,0.441097374111569,0.959808226363657,9.6806115361466,0.315730617612597,0.305151066726221,0.0343447480315756,560
"implant","B_n100","pursue03_erdc","single",0.0245311135623636,0.250535702794827,0.0563930177362573,0.305834150745459,0.519975059663802,0.0401730024186069,0.0767508946643223,NA,NA,NA,NA,0.205625,27.4875,273.875,7.775,7.4875,0.2875,0.00280370733127728,0.00531788793728788,0.00447083071472603,0.00610486734401877,0.00587785217444933,0.000899047669551389,0.00177090782092823,NA,NA,NA,NA,0.0049878850320575,0.975779898851062,9.69790881456775,0.327276327093012,0.314525635240776,0.0315049971900134,560
"implant","B_n100","pursue03_erdl","single",0.0276392236990063,0.234326769434608,0.061253374000917,0.283863265006304,0.52679970486679,0.0408256116021769,0.0807509379836399,NA,-0.00771302407422438,0.256906274448827,NA,1.6196625,27.2625,273.85,6.9375,6.6875,0.25,0.0033709795190597,0.00482704725092053,0.00516653441720467,0.00564868962987055,0.00567122276213679,0.000997142913034692,0.00188426575169635,NA,0.00101171472305574,0.00173569265496354,NA,0.0329318996623856,0.960995676406276,9.68089495818508,0.269693371736306,0.263592368897444,0.0310086836473021,560
"implant","B_n100","pursue03_erdlu_ad","single",0.0236156482406482,0.272360752697797,0.0693010668132264,0.328990607547797,0.544359145285672,0.0407168134832144,0.0818206808533023,NA,-0.00705999426666969,0.276309857216693,NA,14.8177625,27.2375,273.625,8.175,7.9625,0.2125,0.00284778316571902,0.00575362631981981,0.00500567250325884,0.00643807137556266,0.00585453391483097,0.000882845591006041,0.00178129994303477,NA,0.00114635819092115,0.00206642985151637,NA,0.327982059375329,0.96147257153491,9.68353769450291,0.326373182695556,0.321796427138002,0.0228686750153754,560
"implant","B_n100","pursue03_erdlu_r05","single",0.0418287100326574,0.255520545646783,0.0564957962460498,0.313476448454606,0.538548404906943,0.0405789087903415,0.0802077712397972,NA,-0.00763955260446672,0.261663277761093,NA,22.1835875,27.2375,273.7125,7.7875,7.475,0.3125,0.00442686349705696,0.00527892791767696,0.00471716478224681,0.00616700150626392,0.00594340004377188,0.000883141641169228,0.00172630346440334,NA,0.00110226795290229,0.0018453079099845,NA,0.457245062633748,0.962565049029724,9.68364349921796,0.307239261447162,0.303304327706883,0.0324834827988104,560
"implant","B_n100","pursue03_erdlu_uc","single",0.0236156482406482,0.272360752697797,0.0693010668132264,0.328990607547797,0.544359145285672,0.0407168134832144,0.0818206808533023,NA,-0.00705999426666969,0.276309857216693,NA,14.9638375,27.2375,273.625,8.175,7.9625,0.2125,0.00284778316571902,0.00575362631981981,0.00500567250325884,0.00643807137556266,0.00585453391483097,0.000882845591006041,0.00178129994303477,NA,0.00114635819092115,0.00206642985151637,NA,0.326220338471907,0.96147257153491,9.68353769450291,0.326373182695556,0.321796427138002,0.0228686750153754,560
"implant","B_n100","pursue03_erdlum","single",0.0284789458676758,0.271152135171943,0.05514987669327,0.324779208533272,0.54486164197365,0.0411846571858542,0.0808123978655258,NA,-0.00702803077992177,0.276352722324612,NA,0.0689750000000002,27.2875,273.675,8.2875,7.9625,0.325,0.0030644248113501,0.00577412414482894,0.00400810143561139,0.00642712771514827,0.00588280801973105,0.000889681044868329,0.00173539634258102,NA,0.00114581244986527,0.00206574907070886,NA,0.000106155579955263,0.964745133740991,9.68696488509957,0.33472238717458,0.321865908784893,0.0312063648844643,560
"implant","B_n100","pursue03_erdu_ad","single",0.022910811988937,0.285242783064834,0.0579752093970844,0.330235354682828,0.526758008505601,0.0401931187857845,0.078650006742187,NA,NA,NA,NA,0.0578749999999998,27.4875,273.875,8.875,8.575,0.3,0.00256833990984767,0.00606435017972667,0.00430343037459579,0.00683870083102407,0.00602007321928986,0.00073236190917258,0.00174577259804902,NA,NA,NA,NA,0.000117246090749614,0.975779898851062,9.69790881456775,0.372427070816453,0.358438710913339,0.0302050239278668,560
"implant","B_n100","pursue03_erdu_r05","single",0.0254563640953752,0.280176685436046,0.0583031542410221,0.336572480950962,0.530829406270834,0.0406659544879761,0.0777237476044835,NA,NA,NA,NA,0.0449875000000004,27.5,273.975,8.725,8.425,0.3,0.00288512953688703,0.00590414821204829,0.00445512807649611,0.00624321074106367,0.00603772483340218,0.000837448806486535,0.00172145786756789,NA,NA,NA,NA,0.000206501412063595,0.975505006593553,9.6968748423607,0.360751984933241,0.347735776051779,0.0302050239278668,560
"implant","B_n100","pursue03_erdu_uc","single",0.022910811988937,0.285242783064834,0.0579752093970844,0.330235354682828,0.526758008505601,0.0401931187857845,0.078650006742187,NA,NA,NA,NA,0.00648750000000003,27.4875,273.875,8.875,8.575,0.3,0.00256833990984767,0.00606435017972667,0.00430343037459579,0.00683870083102407,0.00602007321928986,0.00073236190917258,0.00174577259804902,NA,NA,NA,NA,2.11411370181149e-05,0.975779898851062,9.69790881456775,0.372427070816453,0.358438710913339,0.0302050239278668,560
"implant","B_n100","pursue03_erlc","single",0.0296257215007215,0.178734982404162,0.0567072653009185,0.217787642809155,0.480416555121224,0.0412459541408334,0.0784613227820351,NA,-0.00736863312916082,0.25777077214731,NA,0.0614250000000001,27.525,274.1125,5.4625,5.2875,0.175,0.00427068305905071,0.00397872259092472,0.00546127691751618,0.00479171787178254,0.00531961703947246,0.000977459520400073,0.00160654995678994,NA,0.00101262209709877,0.00174167575373559,NA,0.000316423933269305,0.975206390705205,9.69549116422031,0.223200791823154,0.221314352192946,0.0312063648844643,560
"implant","B_n100","pursue03_eselum","single",0.0296007407394707,0.271753314845264,0.0558262836196769,0.324276334970054,0.544909607078047,0.0411846571858542,0.0809083177739382,NA,-0.00701179611687956,0.27637802110239,NA,35.0013875,27.3,273.6875,8.35,8,0.35,0.00312457659638694,0.00576725113971705,0.00404055425541543,0.00642871047646747,0.00588272940243019,0.000889681044868329,0.00173242227901502,NA,0.00114619459586541,0.00206506783965864,NA,0.814845128658379,0.965445015892664,9.68783238508782,0.337112594855217,0.32301409219523,0.0335043318161582,560
"implant","B_n100","wilcoxon_tss","single",0.0325404320296562,0.282310918799847,0.0881964548598885,0.345565451720093,0.529250697280069,0.0481662140499862,0.0821751437358674,NA,0.0324155681497863,1.10889931975761,NA,0.2131,27.525,274.1125,8.775,8.4375,0.3375,0.00299031203303283,0.00579177479056694,0.0053744330591506,0.00642959476598523,0.00585164535897016,0.00101395938063836,0.00188665679906802,NA,0.012482266252024,0.00995019132507342,NA,0.00713325628723599,0.975206390705205,9.69549116422031,0.350055898935082,0.339738649816136,0.0258519851107832,560
"implant","B_n100","zicoseq","single",0.0558777946825463,0.201657841763298,0.111106589180744,0.24261435907498,0.479968482900463,0.0574582699985135,0.0893391995369305,NA,NA,NA,NA,88.7006125,27.525,274.1125,7.1875,6.575,0.612499999999999,0.0067073918669172,0.00571044362567071,0.00884156736387626,0.00634063584888426,0.00585551858618524,0.00167852266570817,0.00219793423995463,NA,NA,NA,NA,3.20630572926138,0.975206390705205,9.69549116422031,0.324815466394848,0.299953410216548,0.074015225310861,560
"implant","B_n20","adapt","single",0.0116666666666667,0.0154606924667054,0.0306666666666667,0.0231336710373551,0.174609790491778,0.0504141148747094,0.0716959644902182,NA,-0.0116484488662472,2.07887783770628,NA,0.594569999999994,50.92,504.1,0.49,0.46,0.03,0.0031209141147713,0.00183990586636385,0.00508215763040242,0.00197899691463842,0.00281751319311253,0.000826915637857072,0.00133499334596046,NA,0.0175701072172196,0.0223296745085863,NA,0.0163000778981258,1.77790186739075,17.3717425492912,0.0340390249822957,0.0322809554666046,0.00838112191642435,700
"implant","B_n20","aldex2","single",0.01,0.00352036337531408,0.03,0.00409830466198481,0.173886725402969,0.00441714270389633,0.290569774860311,NA,-0.00867524595757839,0.855864154227331,NA,8.8216,50.92,504.1,0.17,0.16,0.01,0.0037633881182726,0.00045485936088892,0.0064522012745693,0.000470482491795105,0.00300569979533031,0.000246331621765478,0.00167575988948925,NA,0.00098043871915281,0.00356476311571064,NA,0.305075457538886,1.77790186739075,17.3717425492912,0.017785078376986,0.01751353451686,0.0037633881182726,700
"implant","B_n20","ancombc2","single",0,0.000886164274322169,0,0.000886164274322169,0.0607190547540209,0.398966777892874,0.428980513790355,NA,0.0406951101841488,1.37366837781869,0.462564226382934,115.93348,50.92,504.1,0.05,0.05,0,0,0.000219087409459177,0,0.000219087409459177,0.00143772135451893,0.00192219684278807,0.00174715471289728,NA,0.00790416073955088,0.00680567109854349,0.00190894430933214,4.40443580271556,1.77790186739075,17.3717425492912,0.0124012551859068,0.0124012551859068,0,700
"implant","B_n20","corncob","single",0.570223321014435,0.0312325014482923,0.660703948401142,0.0436307701865768,0.097553074984745,0.105131885700996,0.0984720507224751,NA,NA,NA,NA,12.78439,49.23,489.44,6.77,1.36,5.41,0.0153048967838776,0.00159960352626699,0.0132723785424619,0.0019237983911221,0.00196683684050326,0.001409089495675,0.00187419286590754,NA,NA,NA,NA,0.45046519756504,1.73099204977806,16.9126277157569,0.373164750921724,0.0722656045194844,0.312957876289929,700
"implant","B_n20","fastancom","single",0.005,0.00470927786995919,0.005,0.00750370952517094,0.171062902933288,0.0235901954290052,0.111831851745551,NA,-0.02278829791344,0.614446323935779,NA,0.0510500000000043,50.92,504.1,0.3,0.29,0.01,0.0018816940591363,0.000501835374950676,0.00132382158032641,0.000586181972324541,0.00295984672502255,0.000818044346957731,0.00228667486101121,NA,0.00775182224434681,0.00348722208658017,NA,0.00135044500692875,1.77790186739075,17.3717425492912,0.0264764316065282,0.0258171184517214,0.0037633881182726,700
"implant","B_n20","ldm","single",0.00666666666666667,0.00982566292663038,0.035,0.0133127809908402,0.159154596045587,0.0363760830215431,0.077689853303359,NA,NA,NA,NA,9.07279,50.92,504.1,0.25,0.23,0.02,0.00250892541218173,0.00132119018999829,0.00565914393086109,0.00136733996349028,0.00275630177008237,0.000659217697296646,0.00137831386493698,NA,NA,NA,NA,0.353869687560011,1.77790186739075,17.3717425492912,0.024144889304824,0.0219604274084077,0.0075267762365452,700
"implant","B_n20","limma_logtss","single",0.015,0.00727165347736625,0.0367777777777778,0.0165830038566899,0.162261135192787,0.0509571225501877,0.115405487347755,NA,0.0105476039114282,0.629996779332554,0.930132659728612,0.03695,50.92,504.1,0.29,0.25,0.04,0.00419056095821217,0.000826237528652498,0.00591387614112416,0.00174987641422592,0.00288796716250737,0.00195049741606511,0.00273983008097757,NA,0.00951206009437034,0.00377898320050055,0.00191159440925598,0.000157536016727993,1.77790186739075,17.3717425492912,0.0279458909020964,0.0253021794737733,0.0118647600982422,700
"implant","B_n20","linda","single",0.0441666666666667,0.0178070781891804,0.0569166666666667,0.0230487293390231,0.172083209656553,0.0507985871064426,0.0701392541294431,NA,-0.0136466152300141,0.568109431587303,0.913246096745663,0.39712,50.92,504.1,0.69,0.62,0.07,0.00713839785184836,0.00152875954755213,0.00736264233990769,0.00162336384950953,0.00281953626464361,0.000876945939540043,0.00127122283400955,NA,0.00344932720498758,0.00281852955197561,0.000977155733008794,0.0173513290647931,1.77790186739075,17.3717425492912,0.0377079356636924,0.0353927483823221,0.0110338275544217,700
"implant","B_n20","lm_logtss","single",0.0266666666666667,0.0136997509416786,0.0465769230769231,0.0185690926467278,0.170156826201167,0.0490643500674878,0.117667619241872,NA,0.0105476039114282,0.629996779332554,0.932351738273273,0.03488,50.92,504.1,0.55,0.46,0.09,0.00460832804074405,0.00112687054831752,0.00672735053733716,0.00144273853815667,0.0027720051598308,0.00189178046252997,0.00276961939566903,NA,0.00951206009437034,0.00377898320050055,0.00188353929515505,0.000112746947213064,1.77790186739075,17.3717425492912,0.0405170445774066,0.0327211306211647,0.0152189551262861,700
"implant","B_n20","locom","single",0.125666666666667,0.00559311830897318,0.167647058823529,0.00835254700423961,0.119692278674458,0.0438608624639112,0.071478998602622,NA,-0.00939999299996587,1.50441088974566,NA,322.15551,50.92,504.1,0.39,0.15,0.24,0.0118377402179156,0.00100799836923247,0.012773661073878,0.00106016518820818,0.00239438551540796,0.00076732078919923,0.00133636731148213,NA,0.00499282422841259,0.0338026133325945,NA,11.715781642962,1.77790186739075,17.3717425492912,0.0385335630231112,0.020280578389181,0.0239933228670634,700
"implant","B_n20","locom2","single",0.0791666666666667,0.00488532817730363,0.0985,0.00610918077077631,0.11456464758768,0.0359083870941577,0.105407456039695,NA,NA,NA,NA,44.02792,50.92,504.1,0.24,0.1,0.14,0.00973923846386281,0.000843129843256219,0.0102771539590807,0.00086685504572016,0.00200169835007388,0.000840401356322566,0.00186092266122708,NA,NA,NA,NA,1.82965645435521,1.77790186739075,17.3717425492912,0.0251575863067977,0.0125446270609087,0.0185450771244227,700
"implant","B_n20","logistic_presence","single",0.0378333333333333,0.0141175903606154,0.0901547619047619,0.0255681133970464,0.167707829613904,0.0576721804745146,0.190669812205636,NA,-0.0419879980793292,3.44874094055176,NA,0.45757,50.71,501.63,0.76,0.68,0.08,0.00593161299691674,0.00102372817292251,0.00855903621727738,0.00196364610541893,0.00272651943486742,0.000903484420172015,0.00129208936704077,NA,0.0199298705528597,0.0318446194602833,NA,0.0152971981267593,1.77497542750325,17.3790886586069,0.0510602886382618,0.0465950810030059,0.0102612511960641,700
"implant","B_n20","maaslin3","abundance",0.02,0,0.02,0,0.0703231322900242,0.041533176348677,0.0614880564326763,0.0406066177802596,-0.0267954659706679,1.97240294774042,NA,13.28398,32.8,489.71,0.02,0,0.02,0.00529528632130564,0,0.00529528632130564,0,0.00202081866264742,0.000627391477012637,0.00133019333142763,0.00219486817599565,0.00963158221770114,0.0215334894398979,NA,0.408375968250274,1.14487100309769,16.911311445082,0.00529528632130564,0,0.00529528632130564,700
"implant","B_n20","maaslin3","combined",0.02,0,0.04,0,0.133713685375974,0.0354309423783696,0.0839103238215314,NA,NA,NA,NA,13.28398,50.92,504.1,0.02,0,0.02,0.00529528632130564,0,0.00741185687379327,0,0.00273497674335599,0.000571327470709104,0.00124623265244164,NA,NA,NA,NA,0.408375968250274,1.77790186739075,17.3717425492912,0.00529528632130564,0,0.00529528632130564,700
"implant","B_n20","maaslin3","presence",0,0,0,0,0.248934580623453,0.0180393663330152,0.0965110255433447,0.0241804313672981,NA,NA,NA,13.28398,33.96,502.85,0,0,0,0,0,0,0,0.00428298289819214,0.000444725160903789,0.00164131345323059,0.00256583397865379,NA,NA,NA,0.408375968250274,1.22518773195816,17.3854562201523,0,0,0,700
"implant","B_n20","pursue","abundance",0.095,0.000601250601250601,0.138333333333333,0.000907341816432725,0.0909933492269381,0.0497650837451009,0.0845234417842588,0.03186895361465,0.00154168317668931,1.14842339267734,0.948791747261072,14.4696,17.37,260.67,0.15,0.0202020202020202,0.13,0.0109279733188899,0.000162391072305489,0.012672431737771,0.000197756052847832,0.00455354719124814,0.00119082854178897,0.00190781688663474,0.00245285402806198,0.00682503329367237,0.00717441437666687,0.00118035598279153,0.496846432465309,0.63179139908671,9.37889460163072,0.0180406471593585,0.00534826137026318,0.0166208239347198,700
"implant","B_n20","pursue","combined",0.035,0.00144860692771084,0.0516666666666667,0.0031734325715555,0.106030800354696,0.0292020753391595,0.110381610877023,NA,NA,NA,NA,14.4696,50.92,504.1,0.07,0.03,0.04,0.00668898267828421,0.00047273816430598,0.00795867365891804,0.000528660849116002,0.00211852183345531,0.0005681470577706,0.00145622935607353,NA,NA,NA,NA,0.496846432465309,1.77790186739075,17.3717425492912,0.0110338275544217,0.00645220127456929,0.00741185687379327,700
"implant","B_n20","pursue","presence",0.01,0.00441415246746766,0.02,0.0058815767098919,0.148546049075649,0.0240885517522934,0.128859126790606,0.0172162459145295,NA,NA,NA,14.4696,33.9,501.63,0.13,0.12,0.01,0.0037633881182726,0.00073601005552579,0.00529528632130564,0.000845880080992495,0.00294849245984808,0.00052935329491402,0.00161144667762808,0.00131256388760071,NA,NA,NA,0.496846432465309,1.22462221554872,17.3790886586069,0.0166208239347198,0.0162948511663976,0.0037633881182726,700
"implant","B_n20","pursue03_efull","single",0.017,0.015952851786688,0.0408333333333333,0.0192742759499193,0.180859432131149,0.0366453747919442,0.077346284564929,NA,-0.00366412965735526,0.445734346135043,NA,2.96377,50.91,503.94,0.52,0.48,0.04,0.00424752726180434,0.00152346822223971,0.00676746344186457,0.00159640745119645,0.00322770710954036,0.000745415961346415,0.00139236701750753,NA,0.00164200672519841,0.00260587940893538,NA,0.0518287727423399,1.7781626803762,17.3752836310358,0.0356745742841825,0.0331813416036056,0.00914045543766893,700
"implant","B_n20","pursue03_efullb","single",0.037,0.0145417287927759,0.0325,0.0210207254068951,0.179845941247487,0.0366506807267768,0.0764529395196295,NA,-0.00278120585829591,0.450079327043656,NA,2.47395,50.91,503.93,0.55,0.48,0.07,0.00671630305692824,0.00141990690579731,0.0052910632675026,0.0016120652610673,0.00326439042166921,0.000716791772252897,0.00138430279767878,NA,0.00160818591411849,0.00262653012999116,NA,0.0490033873387584,1.7781626803762,17.3754906518757,0.0375863336196048,0.0348633137234088,0.0122620411755601,700
"implant","B_n20","pursue03_erdc","single",0.027,0.0147521588899728,0.0266666666666667,0.0183902904572758,0.180928167028206,0.0327742761128028,0.0703093586611718,NA,NA,NA,NA,0.15071,50.91,503.87,0.53,0.49,0.04,0.00563188856535615,0.00143416940198709,0.00561862153590698,0.00152834416412007,0.00284155381707898,0.000660093027710475,0.00128051205170204,NA,NA,NA,NA,0.00307060126548801,1.7781626803762,17.3770725691343,0.034022209358208,0.0318683809644179,0.00741185687379327,700
"implant","B_n20","pursue03_erdl","single",0.0566666666666667,0.0125491242573607,0.0633333333333333,0.0179099306608558,0.173703467483601,0.0272020303839469,0.077408838352263,NA,-0.00199807661521687,0.391649049852859,NA,0.6637,50.92,504.1,0.47,0.39,0.08,0.00856126063121622,0.00137117098404387,0.0087249425486105,0.00154080074187396,0.0029720672297966,0.000619579626160045,0.00129069381402294,NA,0.00141158807267183,0.00266043030700263,NA,0.0108328138975284,1.77790186739075,17.3717425492912,0.0285335432452536,0.0261474852925566,0.0127482501814781,700
"implant","B_n20","pursue03_erdlu_ad","single",0.029,0.0156941422239463,0.0200952380952381,0.0213257932383038,0.183089503334364,0.0298296308605588,0.0756845786169742,NA,-0.00274162388370983,0.458000495530359,NA,2.08688,50.91,503.88,0.56,0.5,0.06,0.00566834949345675,0.00143592615217075,0.003714547722474,0.00158695200442639,0.00305482859648576,0.000594106591435851,0.00124202643751783,NA,0.00155462357357235,0.00260125551465588,NA,0.0351388084491701,1.7781626803762,17.376766821789,0.036404970655283,0.0323163901155458,0.0104546161368739,700
"implant","B_n20","pursue03_erdlu_r05","single",0.0286666666666667,0.0157122582150136,0.0203333333333333,0.0203451593101978,0.181622808585713,0.0289030499899722,0.0777834887892259,NA,-0.00208217446868706,0.410487429551084,NA,2.81665,50.91,503.93,0.63,0.57,0.06,0.00565533664939814,0.0014920644287821,0.00372686526693023,0.0015527638086036,0.0030415368064173,0.000596713177058422,0.00129443558713264,NA,0.00136746184749271,0.0023165338156756,NA,0.0404950914120371,1.7781626803762,17.3755153524296,0.0409665064351268,0.0371575927002675,0.0104546161368739,700
"implant","B_n20","pursue03_erdlu_uc","single",0.029,0.0156941422239463,0.0200952380952381,0.0213257932383038,0.183089503334364,0.0298296308605588,0.0756845786169741,NA,-0.00274162388370983,0.458000495530359,NA,2.11663,50.91,503.88,0.56,0.5,0.06,0.00566834949345675,0.00143592615217075,0.003714547722474,0.00158695200442639,0.00305482859648576,0.000594106591435851,0.00124202643751783,NA,0.00155462357357235,0.00260125551465588,NA,0.0320189954596206,1.7781626803762,17.376766821789,0.036404970655283,0.0323163901155458,0.0104546161368739,700
"implant","B_n20","pursue03_erdlum","single",0.029,0.0140352680850724,0.0211666666666667,0.0202391766363635,0.181798133878486,0.0356452892127987,0.0754302175201543,NA,-0.00274162388370983,0.458000495530359,NA,0.07099,50.91,503.88,0.5,0.44,0.06,0.00566834949345675,0.00140361471717823,0.00378639546974616,0.00158399536148803,0.00314012530899926,0.000655227036745335,0.00128149732960216,NA,0.00155462357357235,0.00260125551465588,NA,0.000144275110751172,1.7781626803762,17.376766821789,0.0364756371158105,0.0322366073821032,0.0104546161368739,700
"implant","B_n20","pursue03_erdu_ad","single",0.0136666666666667,0.0155484290047919,0.00791666666666667,0.0197108795154323,0.183205794644958,0.0466818296100858,0.0704132479977117,NA,NA,NA,NA,0.0583499999999999,50.91,503.88,0.6,0.57,0.03,0.00387409133746058,0.00144197751118787,0.00202677152475141,0.00150414841340832,0.00287165079055337,0.000680926943899873,0.00123985674054528,NA,NA,NA,NA,7.62825483429097e-05,1.7781626803762,17.376766821789,0.0417773922201387,0.0386669873204602,0.0064522012745693,700
"implant","B_n20","pursue03_erdu_r05","single",0.0136666666666667,0.0160248614856058,0.0128571428571429,0.0199066651126951,0.187017232137778,0.0388190334352345,0.0686279205329822,NA,NA,NA,NA,0.0452499999999999,50.91,503.93,0.64,0.61,0.03,0.00387409133746058,0.00144712760781814,0.00273870606929392,0.00154091758997551,0.002970992276869,0.000642587232758532,0.00121347649424236,NA,NA,NA,NA,0.000216644656084611,1.7781626803762,17.3755153524296,0.0426316021867247,0.0396317093894185,0.0064522012745693,700
"implant","B_n20","pursue03_erdu_uc","single",0.0136666666666667,0.0155484290047919,0.00791666666666667,0.0197108795154323,0.183205794644958,0.0466818296100858,0.0704132479977117,NA,NA,NA,NA,0.00703999999999995,50.91,503.88,0.6,0.57,0.03,0.00387409133746058,0.00144197751118787,0.00202677152475141,0.00150414841340832,0.00287165079055337,0.000680926943899873,0.00123985674054528,NA,NA,NA,NA,3.02209318359017e-05,1.7781626803762,17.376766821789,0.0417773922201387,0.0386669873204602,0.0064522012745693,700
"implant","B_n20","pursue03_erlc","single",0.06,0.00472134779941627,0.0533333333333333,0.00733999057320308,0.151800001400657,0.0266767016680753,0.0763978599771987,NA,-0.00199807661521687,0.391649049852859,NA,0.0641799999999998,50.92,504.1,0.22,0.14,0.08,0.0089825773182851,0.000679405656697355,0.0081161493618683,0.000770756903643116,0.00280492685063042,0.000642233931322843,0.00132000166341671,NA,0.00141158807267183,0.00266043030700263,NA,0.000376960967230627,1.77790186739075,17.3717425492912,0.0197118004932029,0.016064961116652,0.0127482501814781,700
"implant","B_n20","pursue03_eselum","single",0.029,0.0140352680850724,0.0211666666666667,0.0202391766363635,0.181798133878486,0.0356452892127987,0.0754302175201543,NA,-0.00274162388370983,0.458000495530359,NA,5.28199,50.91,503.88,0.5,0.44,0.06,0.00566834949345675,0.00140361471717823,0.00378639546974616,0.00158399536148803,0.00314012530899926,0.000655227036745335,0.00128149732960216,NA,0.00155462357357235,0.00260125551465588,NA,0.101434256528887,1.7781626803762,17.376766821789,0.0364756371158105,0.0322366073821032,0.0104546161368739,700
"implant","B_n20","wilcoxon_tss","single",0.015,0.0101027586772556,0.0308333333333333,0.0146370666136023,0.176698282727212,0.0538568809988141,0.100757864966917,NA,-0.103487723255098,5.17829177358692,NA,0.23183,50.92,504.1,0.28,0.26,0.02,0.00419056095821217,0.000991994670406005,0.0060736322004892,0.00146729377015665,0.00290712950991408,0.000854310980390938,0.00131197906422792,NA,0.034311891607791,0.0468337781984313,NA,0.00721885556577649,1.77790186739075,17.3717425492912,0.0227444596218662,0.0218067989555252,0.00529528632130564,700
"implant","B_n20","zicoseq","single",0.04,0.0140327281536264,0.0808333333333333,0.0199849407851867,0.15852275760786,0.0431303404231913,0.0761052632024699,NA,NA,NA,NA,64.90992,50.92,504.1,0.61,0.55,0.06,0.00678190810460758,0.00133905296261384,0.00864228210013231,0.00149675033480763,0.00263536661667987,0.000727156568410574,0.00144102523600465,NA,NA,NA,NA,2.36361933731946,1.77790186739075,17.3717425492912,0.0366302329067671,0.0339885531517672,0.0089825773182851,700
"implant","B_null","adapt","single",0.056,NA,0.1,NA,NA,0.0496056175466949,0.0745544920945434,NA,0.00628082212895827,1.17539961088803,NA,0.566296000000001,0,478.42,0.076,NA,0.076,0.0054977515025474,NA,0.00717342149788216,NA,NA,0.000666667636890936,0.000993431672661696,NA,0.00687500621304736,0.00596906060194434,NA,0.00969621855712868,0,10.6312878370826,0.0082216298417999,NA,0.0082216298417999,1750
"implant","B_null","aldex2","single",0.004,NA,0.004,NA,NA,0.00486702669654923,0.278624601381231,NA,-9.6512284282846e-05,0.452643665832675,NA,17.283528,0,478.42,0.004,NA,0.004,0.00150926242593059,NA,0.00150926242593059,NA,NA,0.000163933840092302,0.00104709083012763,NA,0.00025455088485094,0.00141820929565581,NA,0.364764288806272,0,10.6312878370826,0.00150926242593059,NA,0.00150926242593059,1750
"implant","B_null","ancombc2","single",0,NA,0,NA,NA,0.470491769984384,0.456437492747602,NA,0.0163333007708194,0.83118036098572,0.502422154086243,78.56786,0,478.42,0,NA,0,0,NA,0,NA,NA,0.0012632158666579,0.00114338149524876,NA,0.00350930388651094,0.00292904663732838,0.00120564047582388,1.8291725560567,0,10.6312878370826,0,NA,0,1750
"implant","B_null","corncob","single",0.784,NA,0.84,NA,NA,0.120497510008004,0.110892484886067,NA,NA,NA,NA,17.263172,0,478.32,7.768,NA,7.768,0.0098398845326447,NA,0.00876606586823159,NA,NA,0.00115868648919088,0.0014958865295137,NA,NA,NA,NA,0.381651181112852,0,10.6301503738045,0.249736483187533,NA,0.249736483187533,1750
"implant","B_null","fastancom","single",0.012,NA,0.012,NA,NA,0.0279899186792561,0.106718325083193,NA,-0.00368062194455287,0.376181780914002,NA,0.0485759999999939,0,478.42,0.016,NA,0.016,0.00260359956661139,NA,0.00260359956661139,NA,NA,0.000691003894287786,0.00138602414545666,NA,0.003062471238738,0.00159998945483919,NA,0.000767771430633276,0,10.6312878370826,0.00368452949177471,NA,0.00368452949177471,1750
"implant","B_null","ldm","single",0.032,NA,0.08,NA,NA,0.0498531764956494,0.0759595114235335,NA,NA,NA,NA,10.957976,0,478.42,0.052,NA,0.052,0.00420840727875753,NA,0.00648700156089087,NA,NA,0.000681235860393685,0.00100670126423821,NA,NA,NA,NA,0.418271558285759,0,10.6312878370826,0.00775909433392778,NA,0.00775909433392778,1750
"implant","B_null","limma_logtss","single",0.036,NA,0.052,NA,NA,0.0542963379614286,0.110241457245491,NA,0.0133647599818292,0.388562120112293,0.945703662038571,0.0381960000000001,0,478.42,0.316,NA,0.316,0.00445445794012119,NA,0.005308978123288,NA,NA,0.00146078180550716,0.00184202901396915,NA,0.00386991149130374,0.00168480630758905,0.00146078180550716,0.000123262269947786,0,10.6312878370826,0.067259275771035,NA,0.067259275771035,1750
"implant","B_null","linda","single",0.048,NA,0.088,NA,NA,0.053349055807453,0.0701401724432209,NA,-0.000752129941492754,0.345589756441607,0.943967537580793,0.356704,0,478.42,0.108,NA,0.108,0.00511145083847037,NA,0.00677397907088811,NA,NA,0.00064331073750067,0.000915644558354648,NA,0.00149842256563872,0.00133197553353482,0.000654940939013841,0.00970259997055837,0,10.6312878370826,0.0197227205556886,NA,0.0197227205556886,1750
"implant","B_null","lm_logtss","single",0.04,NA,0.064,NA,NA,0.0537450390549492,0.109949170208824,NA,0.0133647599818292,0.388562120112293,0.946254960945051,0.036128,0,478.42,0.304,NA,0.304,0.00468565930125938,NA,0.00585238659150833,NA,NA,0.00144825782039825,0.00185902579923921,NA,0.00386991149130374,0.00168480630758905,0.00144825782039825,9.09124573419012e-05,0,10.6312878370826,0.0609979144635004,NA,0.0609979144635004,1750
"implant","B_null","locom","single",0.04,NA,0.092,NA,NA,0.0504263170459449,0.0689759293708952,NA,-0.00303447697217623,0.984108568363337,NA,302.855968,0,478.42,0.052,NA,0.052,0.00468565930125938,NA,0.00691101655329269,NA,NA,0.000601416598685465,0.000928811364998967,NA,0.00180859655749927,0.00359661588783579,NA,7.51127750955461,0,10.6312878370826,0.00647359062987649,NA,0.00647359062987649,1750
"implant","B_null","locom2","single",0.16,NA,0.204,NA,NA,0.0414492952960243,0.0811871806047305,NA,NA,NA,NA,64.045968,0,478.42,0.272,NA,0.272,0.00876606586823159,NA,0.00963555451472176,NA,NA,0.000481128643031683,0.000979417668058317,NA,NA,NA,NA,1.73136097906536,0,10.6312878370826,0.0183669477170026,NA,0.0183669477170026,1750
"implant","B_null","logistic_presence","single",0.072,NA,0.116,NA,NA,0.0548846773866101,0.118733724159834,NA,0.00773512513487415,0.66319066491914,NA,0.549232,0,477.04,0.136,NA,0.136,0.00618080911954193,NA,0.00765702777376362,NA,NA,0.000627500530154097,0.000621566410023267,NA,0.00364278162674158,0.00765268420091678,NA,0.0115849823476528,0,10.6419332600133,0.0211383311822071,NA,0.0211383311822071,1750
"implant","B_null","maaslin3","abundance",0.184,NA,0.408,NA,NA,0.0470122710090425,0.0592649108672073,NA,-0.00521882635198407,0.855699014566321,NA,13.563,0,478.348,0.284,NA,0.284,0.00926529147258958,NA,0.0117515737422798,NA,NA,0.000394831400770435,0.000747129019868741,NA,0.00336906006840749,0.00278905509954412,NA,0.273664717075864,0,10.6302379722145,0.0170316357173552,NA,0.0170316357173552,1750
"implant","B_null","maaslin3","combined",0.224,NA,0.504,NA,NA,0.050579423528084,0.0914851247477876,NA,NA,NA,NA,13.563,0,478.42,0.372,NA,0.372,0.00996919210915908,NA,0.0119553199078689,NA,NA,0.000494963760780183,0.000944144571639092,NA,NA,NA,NA,0.273664717075864,0,10.6312878370826,0.0193906014851961,NA,0.0193906014851961,1750
"implant","B_null","maaslin3","presence",0.02,NA,0.188,NA,NA,0.0391279418159062,0.0766838476558784,NA,NA,NA,NA,13.563,0,477.544,0.02,NA,0.02,0.00334759669901167,NA,0.00934247693908564,NA,NA,0.000506069668160168,0.000874303688383198,NA,NA,NA,NA,0.273664717075864,0,10.6375947465579,0.00334759669901167,NA,0.00334759669901167,1750
"implant","B_null","pursue","abundance",0.1,NA,0.152,NA,NA,0.0494225832296664,0.062544314979594,NA,-0.00874575069115965,0.840913191785821,0.950577416770334,18.52092,0,478.348,0.16,NA,0.16,0.00717342149788216,NA,0.00858469391981856,NA,NA,0.000480330175032803,0.000805360566291633,NA,0.00240484200333645,0.00278057183379714,0.000480330175032804,0.404538923504087,0,10.6302379722145,0.0156870480420044,NA,0.0156870480420044,1750
"implant","B_null","pursue","combined",0.092,NA,0.14,NA,NA,0.0434495679146287,0.114475981043194,NA,NA,NA,NA,18.52092,0,478.42,0.116,NA,0.116,0.00691101655329269,NA,0.00829694743648922,NA,NA,0.000466547366835072,0.00119329346191464,NA,NA,NA,NA,0.404538923504087,0,10.6312878370826,0.00927762513726092,NA,0.00927762513726092,1750
"implant","B_null","pursue","presence",0.044,NA,0.076,NA,NA,0.0371205990284695,0.179789487650907,NA,NA,NA,NA,18.52092,0,477.04,0.132,NA,0.132,0.00490411199560214,NA,0.00633647720711015,NA,NA,0.000448179071020272,0.00166760686656575,NA,NA,NA,NA,0.404538923504087,0,10.6419332600133,0.0321746235977864,NA,0.0321746235977864,1750
"implant","B_null","pursue03_efull","single",0.064,NA,0.084,NA,NA,0.0442973974565893,0.0735373070574484,NA,0.000952391635147059,0.257952628421664,NA,13.90928,0,478.376,0.16,NA,0.16,0.00585238659150833,NA,0.00663273238843051,NA,NA,0.000596222249357561,0.000892247774197288,NA,0.000614579724441399,0.00122697577932082,NA,0.183576318650729,0,10.631896157719,0.0178680763718543,NA,0.0178680763718543,1750
"implant","B_null","pursue03_efullb","single",0.06,NA,0.088,NA,NA,0.0441466088811503,0.0728871659582069,NA,0.0006997635636806,0.260754868111302,NA,13.074424,0,478.336,0.132,NA,0.132,0.00567864405335764,NA,0.00677397907088811,NA,NA,0.000586307421130536,0.000867576823239945,NA,0.000599832445819622,0.00120940379275092,NA,0.178197521472074,0,10.6324361891422,0.0157629669275146,NA,0.0157629669275146,1750
"implant","B_null","pursue03_erdc","single",0.02,NA,0.04,NA,NA,0.0429203809291178,0.0720040193611161,NA,NA,NA,NA,0.1752,0,478.22,0.032,NA,0.032,0.00334759669901167,NA,0.00468565930125938,NA,NA,0.000520747937659687,0.000880281628703899,NA,NA,NA,NA,0.00223891564867356,0,10.6340479209857,0.00600057172804932,NA,0.00600057172804932,1750
"implant","B_null","pursue03_erdl","single",0.04,NA,0.052,NA,NA,0.0400891062482978,0.0738293883513475,NA,-0.000235866893688126,0.198163203703178,NA,1.134064,0,478.42,0.064,NA,0.064,0.00468565930125938,NA,0.005308978123288,NA,NA,0.000553881023977791,0.000897383970667455,NA,0.000491984915779688,0.00117095132741641,NA,0.0127638084488944,0,10.6312878370826,0.00894376050190188,NA,0.00894376050190188,1750
"implant","B_null","pursue03_erdlu_ad","single",0.048,NA,0.068,NA,NA,0.0434369379077966,0.0737535721546834,NA,-0.000186225693390797,0.272177714971583,NA,9.487028,0,478.224,0.068,NA,0.068,0.00511145083847037,NA,0.00601959825727261,NA,NA,0.000574636949010703,0.000936942130272673,NA,0.000610911824668142,0.00122466461093924,NA,0.113626049735574,0,10.6339946442958,0.00853392650882877,NA,0.00853392650882877,1750
"implant","B_null","pursue03_erdlu_r05","single",0.048,NA,0.08,NA,NA,0.0424915749652672,0.0733263959136885,NA,-0.00035750200478413,0.227937577906148,NA,13.477524,0,478.272,0.064,NA,0.064,0.00511145083847037,NA,0.00648700156089087,NA,NA,0.000581243894253531,0.000912358402192185,NA,0.000541728208570919,0.00111052243811565,NA,0.156143711672693,0,10.6333285661478,0.00814056048351132,NA,0.00814056048351132,1750
"implant","B_null","pursue03_erdlu_uc","single",0.048,NA,0.068,NA,NA,0.0434369379077966,0.0737535721546835,NA,-0.000186225693390796,0.272177714971583,NA,9.659592,0,478.224,0.068,NA,0.068,0.00511145083847037,NA,0.00601959825727261,NA,NA,0.000574636949010703,0.000936942130272673,NA,0.000610911824668142,0.00122466461093924,NA,0.113259892577842,0,10.6339946442958,0.00853392650882877,NA,0.00853392650882877,1750
"implant","B_null","pursue03_erdlum","single",0.048,NA,0.072,NA,NA,0.043823245314052,0.0736667721484409,NA,-0.000186225693390795,0.272177714971583,NA,0.0732119999999999,0,478.224,0.068,NA,0.068,0.00511145083847037,NA,0.00618080911954193,NA,NA,0.000581581386725451,0.000942005185613703,NA,0.000610911824668142,0.00122466461093924,NA,0.000140258390971271,0,10.6339946442958,0.00853392650882877,NA,0.00853392650882877,1750
"implant","B_null","pursue03_erdu_ad","single",0.024,NA,0.064,NA,NA,0.0456161094792883,0.0698228240311144,NA,NA,NA,NA,0.061732,0,478.224,0.024,NA,0.024,0.00365961690390701,NA,0.00585238659150833,NA,NA,0.000510919247211543,0.000853492865679909,NA,NA,NA,NA,0.000135424234428114,0,10.6339946442958,0.00365961690390701,NA,0.00365961690390701,1750
"implant","B_null","pursue03_erdu_r05","single",0.024,NA,0.068,NA,NA,0.0451965211230745,0.070835637151382,NA,NA,NA,NA,0.04376,0,478.272,0.028,NA,0.028,0.00365961690390701,NA,0.00601959825727261,NA,NA,0.00055592604734823,0.000875418138713365,NA,NA,NA,NA,0.000114770758662756,0,10.6333285661478,0.00448719670263538,NA,0.00448719670263538,1750
"implant","B_null","pursue03_erdu_uc","single",0.024,NA,0.064,NA,NA,0.0456161094792883,0.0698228240311144,NA,NA,NA,NA,0.00703199999999991,0,478.224,0.024,NA,0.024,0.00365961690390701,NA,0.00585238659150833,NA,NA,0.000510919247211543,0.000853492865679909,NA,NA,NA,NA,2.24178316675025e-05,0,10.6339946442958,0.00365961690390701,NA,0.00365961690390701,1750
"implant","B_null","pursue03_erlc","single",0.036,NA,0.048,NA,NA,0.039823225669,0.0728517565268054,NA,-0.000235866893688126,0.198163203703178,NA,0.059948,0,478.42,0.068,NA,0.068,0.00445445794012119,NA,0.00511145083847037,NA,NA,0.000554223506272463,0.000923280234100363,NA,0.000491984915779688,0.00117095132741641,NA,0.00015900148691639,0,10.6312878370826,0.00978254124486818,NA,0.00978254124486818,1750
"implant","B_null","pursue03_eselum","single",0.048,NA,0.072,NA,NA,0.0435854231685855,0.0734964056475099,NA,-0.000186225693390795,0.272177714971583,NA,24.408104,0,478.224,0.068,NA,0.068,0.00511145083847037,NA,0.00618080911954193,NA,NA,0.000572431591925719,0.000942958970232069,NA,0.000610911824668142,0.00122466461093924,NA,0.335773828542895,0,10.6339946442958,0.00853392650882877,NA,0.00853392650882877,1750
"implant","B_null","wilcoxon_tss","single",0.02,NA,0.056,NA,NA,0.049156063597194,0.0758715061033468,NA,0.0113367514560809,1.53521978168065,NA,0.270248,0,478.42,0.02,NA,0.02,0.00334759669901167,NA,0.0054977515025474,NA,NA,0.000636050908958075,0.000980889913541872,NA,0.00827222174030871,0.00847787835721934,NA,0.0055856322718651,0,10.6312878370826,0.00334759669901167,NA,0.00334759669901167,1750
"implant","B_null","zicoseq","single",0.048,NA,0.112,NA,NA,0.0543696659155766,0.0738932116836824,NA,NA,NA,NA,119.932696,0,478.42,0.088,NA,0.088,0.00511145083847037,NA,0.00754085499108486,NA,NA,0.000760742563512709,0.00103727280535736,NA,NA,NA,NA,2.64584410883179,0,10.6312878370826,0.0130148351822025,NA,0.0130148351822025,1750
"implant","B_prev","adapt","single",0.0264395524066577,0.114336137579528,0.0756018663311233,0.150270768501032,0.412703408516034,0.0441285253748488,0.0706806717860505,NA,-0.037062917967185,1.24364075476688,NA,0.62687,47.11,481.62,5.62,5.29,0.33,0.00316291268496197,0.00340285199926972,0.00567809356131654,0.00425800459106398,0.0050847239790137,0.000963816069731548,0.00156567299497691,NA,0.011844036781674,0.0110166968706428,NA,0.0174347954715004,1.69117794232837,17.024589453664,0.231421557018642,0.201942993981747,0.0556030793395994,700
"implant","B_prev","aldex2","single",0.005,0.0408826298757587,0.00444444444444444,0.0483019166850977,0.356593825062841,0.00382158993441542,0.280042632139331,NA,0.000424145771765177,0.448412335796629,NA,17.54524,47.11,481.62,1.63,1.62,0.01,0.0018816940591363,0.00192030141982579,0.00131830667758247,0.00198807282080307,0.00475430804213378,0.000235489022640876,0.00154981868893385,NA,0.00105536136882783,0.00197891923830011,NA,0.591303002847557,1.69117794232837,17.024589453664,0.0647775990528809,0.0648051994593574,0.0037633881182726,700
"implant","B_prev","ancombc2","single",0.00571428571428571,0.00811748384214758,0.00571428571428571,0.00811748384214758,0.0622513011248899,0.464678513865189,0.458833537588118,NA,-0.0122766084674398,0.837119243725254,0.50471883355709,119.22544,47.11,481.62,0.48,0.44,0.04,0.00215050749615577,0.00103628125080997,0.00215050749615577,0.00103628125080997,0.00191436249676698,0.00212840181702063,0.00190817354716609,NA,0.00559140038455876,0.00445347138637224,0.00205553389670946,4.56317539458907,1.69117794232837,17.024589453664,0.040905348017386,0.0339653951643364,0.0150535524730904,700
"implant","B_prev","corncob","single",0.690866978328136,0.0453879372031988,0.763375157543029,0.0747933502845003,0.106395987020757,0.116799682935894,0.112028299645577,NA,NA,NA,NA,17.44366,47.1,481.51,9.05,1.74,7.31,0.0127419907725158,0.00212749246471377,0.00957874195481407,0.00330836016709401,0.00230439980873907,0.00170428238400854,0.0023279584370897,NA,NA,NA,NA,0.615174585992407,1.69059080851375,17.0220134297244,0.435820145077655,0.0899244636121732,0.356131455692846,700
"implant","B_prev","fastancom","single",0.0084047619047619,0.0622662784717208,0.00994228324434275,0.0753732937395396,0.337997672651691,0.0257849252759154,0.125572185664583,NA,-0.0284588408515349,0.385574330563636,NA,0.0495299999999983,47.11,481.62,3.24,3.1,0.14,0.00202781608913266,0.00252884382649453,0.00225822013586852,0.00278734065731876,0.00498599029856501,0.00108806274113944,0.00262681781069423,NA,0.00622943678620486,0.002823934762856,NA,0.00127401065433256,1.69117794232837,17.024589453664,0.146599021986835,0.130860473479631,0.0354896265244376,700
"implant","B_prev","ldm","single",0.0290849673202614,0.0342426243379604,0.0714721944721945,0.0627203503764607,0.281189748285241,0.0479410107232418,0.0708958770612919,NA,NA,NA,NA,16.42494,47.11,481.62,1.73,1.51,0.22,0.00344749377315043,0.0019308769882587,0.00569738610010785,0.00296987658893324,0.00406845887184145,0.00107491251393078,0.00162017097191779,NA,NA,NA,NA,0.744772180408316,1.69117794232837,17.024589453664,0.111416295235764,0.0910116406898517,0.0305317677379106,700
"implant","B_prev","limma_logtss","single",0.0539488104784817,0.0881635235383631,0.0813031222266196,0.126198006167564,0.345860397798673,0.0555530648271105,0.114407540040563,NA,0.00675400658681694,0.38819240710966,0.944446935172889,0.03832,47.11,481.62,6.17,4.04,2.13,0.00654016579516787,0.0032240979521206,0.00774692673155951,0.0042428550847862,0.00508373124623379,0.00245370874442761,0.00297096853411448,NA,0.00647907828925107,0.00267500738674203,0.00245370874442761,0.000190690335375769,1.69117794232837,17.024589453664,0.779494994436739,0.212345711050237,0.602466437486411,700
"implant","B_prev","linda","single",0.0325979437229437,0.111728521672185,0.0731573387746113,0.150376062508625,0.392541211546466,0.0508341729633728,0.0699962363320488,NA,-0.00496912317781898,0.342286733914936,0.94619596269769,0.37917,47.11,481.62,5.1,4.73,0.37,0.00458364391747158,0.00353639811002453,0.00571489626452421,0.00428671874405542,0.00462723956423527,0.00111965205318904,0.00137148297334166,NA,0.00256020489681098,0.00194617010902032,0.00115177238179282,0.0168063386902583,1.69117794232837,17.024589453664,0.21096548951959,0.173069156007324,0.0704887900867719,700
"implant","B_prev","lm_logtss","single",0.0344553546811611,0.0939047034986506,0.0854851204760848,0.128591079342381,0.34817777371366,0.0549491995095452,0.11388749981344,NA,0.00675400658681694,0.38819240710966,0.945050800490455,0.0361500000000001,47.11,481.62,6.34,4.25,2.09,0.00462909675596095,0.00317749236080789,0.00775990910707794,0.00398415733831638,0.00508744611343893,0.00238842422899863,0.00295700040773581,NA,0.00647907828925107,0.00267500738674203,0.00238842422899863,0.000127300012867672,1.69117794232837,17.024589453664,0.803483474533456,0.214454426397383,0.630237028780721,700
"implant","B_prev","locom","single",0.0438095238095238,0.00242879328068357,0.0744642857142857,0.00746180707970145,0.149714100753513,0.0498376301496189,0.0692652456707713,NA,-0.00992978467502231,0.987517592977325,NA,312.66097,47.11,481.62,0.26,0.15,0.11,0.00733689706141339,0.000313094817272895,0.00905014059245596,0.000749937177682175,0.00281440904168323,0.000876750745905933,0.00150904160234133,NA,0.00313042227807212,0.00552653452774211,NA,11.732580651037,1.69117794232837,17.024589453664,0.0336692657532985,0.018816940591363,0.0219864700234385,700
"implant","B_prev","locom2","single",0.0934166666666667,0.00797223191271938,0.121452380952381,0.0132799798639403,0.169126011717404,0.0400841715147006,0.081387676687622,NA,NA,NA,NA,62.66128,47.11,481.62,0.72,0.44,0.28,0.00965623717956276,0.000763436315399743,0.0104001920367276,0.00126262973233915,0.00340861999741478,0.000891002800540603,0.00159748637162687,NA,NA,NA,NA,2.66726409808964,1.69117794232837,17.024589453664,0.0614744907957601,0.0379443158005738,0.0316815340447358,700
"implant","B_prev","logistic_presence","single",0.0502574901276813,0.179705351271088,0.0973381570228319,0.225267085781017,0.458048130484877,0.0552345153989926,0.12076955793564,NA,-0.0216213330006191,0.714121329268226,NA,0.55181,47.02,480.3,8.86,8.15,0.71,0.00417787061841294,0.0046924889799898,0.00592923602187496,0.00517376237682102,0.0049695509352461,0.00113762878012787,0.00108564595214206,NA,0.00679051043438723,0.0140784241378362,NA,0.0184484284430183,1.69147471020969,17.0394547623449,0.328259815447716,0.294021254085614,0.068353829927871,700
"implant","B_prev","maaslin3","abundance",0.24,NA,0.58,NA,NA,0.0461066497874367,0.0573667336738986,0.0622807072895325,0.0045636684627301,0.860887141366725,NA,13.52224,0,481.53,0.34,NA,0.34,0.0161537675484261,NA,0.0186680972270141,NA,NA,0.00061570317414714,0.0011312370395549,0.00209392063308839,0.0052225969848062,0.00464315439606248,NA,0.43446150166257,0,17.0223932752804,0.0263247029554722,NA,0.0263247029554722,700
"implant","B_prev","maaslin3","combined",0.0510928836366816,0.119088086473531,0.182826698056998,0.185778093207438,0.355351782316759,0.0475018374047983,0.0869547669501282,NA,NA,NA,NA,13.52224,47.11,481.62,5.72,5.32,0.4,0.00504791865245984,0.00320454989241869,0.00752618633482131,0.0037000031002671,0.00414146881341236,0.0007611290954809,0.00174744649041861,NA,NA,NA,NA,0.43446150166257,1.69117794232837,17.024589453664,0.212827547777514,0.194993121921176,0.0297822329922197,700
"implant","B_prev","maaslin3","presence",0.00185714285714286,0.117116327519539,0.0280441995075862,0.180336289030776,0.457464310272089,0.0371422820093589,0.0760511467149083,NA,NA,NA,NA,13.52224,47.04,480.71,5.28,5.25,0.03,0.000405067348075427,0.00320977219071225,0.00246283912187399,0.00393573412471368,0.00475339729976399,0.000964754012840641,0.00148774445871371,NA,NA,NA,NA,0.43446150166257,1.6910174198284,17.0324795300433,0.196178074488132,0.193778408319292,0.0064522012745693,700
"implant","B_prev","pursue","abundance",0.07,NA,0.18,NA,NA,0.0517148857232892,0.0596365824403603,0.0622570563390889,-0.00621483199090342,0.846085050817774,0.949362537474527,18.65458,0,481.53,0.08,NA,0.08,0.00965054647210719,NA,0.0145313040806138,NA,NA,0.00083762615766186,0.00119804719270356,0.00258680056555696,0.00340161338136187,0.004548505670009,0.000805820948814364,0.648629057383651,0,17.0223932752804,0.0115717578353136,NA,0.0115717578353136,700
"implant","B_prev","pursue","combined",0.0563644849302744,0.0732132844251119,0.0824892551892552,0.0911125417263437,0.257332824687929,0.0427140942528977,0.117362615352929,NA,NA,NA,NA,18.65458,47.11,481.62,3.03,2.76,0.27,0.00583052427975349,0.00283422682537712,0.00631881740439543,0.00327953633071518,0.00397648490319249,0.000695785256052525,0.00184122897206705,NA,NA,NA,NA,0.648629057383651,1.69117794232837,17.024589453664,0.126745890441939,0.111962593385454,0.0266675607861548,700
"implant","B_prev","pursue","presence",0.0244047619047619,0.0885660348617781,0.0509124620590138,0.102638048897802,0.312720157305702,0.0341490292595478,0.191708683366809,NA,NA,NA,NA,18.65458,47.02,480.3,3.61,3.45,0.16,0.00334370180567526,0.0032143033945424,0.00411758340156512,0.00335965804470756,0.00487478792816423,0.000715717760848154,0.00275057570362937,NA,NA,NA,NA,0.648629057383651,1.69147471020969,17.0394547623449,0.157128652536011,0.143666977020201,0.0237536233212321,700
"implant","B_prev","pursue03_efull","single",0.0185289702837657,0.146818530506908,0.0457665600609279,0.177708864617588,0.430494208021939,0.0411884547747501,0.0730124090858906,NA,0.00279958151937304,0.252867407147722,NA,13.8268,47.1,481.53,6.99,6.7,0.29,0.0025074365982317,0.00402801490682178,0.00422271699119462,0.00451753093317125,0.00474275804699013,0.000947489772947777,0.00138547386051724,NA,0.00103142529102009,0.00181332169027553,NA,0.305995482401877,1.69133531995307,17.0265218134644,0.261857292764519,0.240499004367115,0.0513884474584399,700
"implant","B_prev","pursue03_efullb","single",0.0249996662544616,0.146620018350018,0.0519594783545721,0.177715770630092,0.434770862648361,0.0401311234409709,0.0736112089076666,NA,0.00328157020397121,0.255695730550561,NA,12.89372,47.1,481.51,7.14,6.81,0.33,0.00324409674185354,0.0041426494256318,0.00444511581886278,0.00457746600530863,0.00473014374965841,0.000933675260281748,0.00139630060706389,NA,0.00102689746579155,0.00177126248699289,NA,0.286104662116318,1.69133531995307,17.0269285123202,0.26963759920866,0.2481228524914,0.0529677203506214,700
"implant","B_prev","pursue03_erdc","single",0.0296737053795877,0.1172197880616,0.0471178568177719,0.144519489729592,0.388374599164344,0.0413997802639216,0.0679007469977692,NA,NA,NA,NA,0.17464,47.09,481.42,4.97,4.8,0.17,0.00460320584669728,0.00386272233791429,0.00524761246958418,0.0041755640214479,0.00507779930299214,0.000902279998802322,0.00129768760212692,NA,NA,NA,NA,0.00354504034049498,1.69156025867444,17.0289009404281,0.165514328222436,0.16091654507174,0.0207547157541894,700
"implant","B_prev","pursue03_erdl","single",0.0359368686868687,0.104673125764922,0.0483560138691718,0.128792184719895,0.369395330253348,0.037677147031743,0.0694521534371007,NA,0.00319767927053068,0.19352153825365,NA,1.12941,47.11,481.62,4.33,4.16,0.17,0.00528797227380536,0.00337870109841733,0.00559224766349331,0.00398287913797101,0.00512759561775615,0.000932615743739907,0.00136832420462833,NA,0.000814179363305344,0.00161484028700898,NA,0.0203605077180077,1.69117794232837,17.024589453664,0.139183702365945,0.135924745652463,0.0220903334655235,700
"implant","B_prev","pursue03_erdlu_ad","single",0.0343644688644689,0.150802061933793,0.0528768354270375,0.178943473386934,0.436612908960811,0.0387855062674756,0.0730254600662545,NA,0.00270659773838326,0.266911649654958,NA,9.70868,47.09,481.42,7.18,6.88,0.3,0.00488016444913311,0.00408786824617629,0.00528130676055597,0.00440597329669382,0.00488525906584743,0.000894673983043132,0.00141569008322756,NA,0.00105171027455369,0.0017742126299177,NA,0.19190618877421,1.69156025867444,17.0289009404281,0.25982166217877,0.24589796318304,0.038386633343605,700
"implant","B_prev","pursue03_erdlu_r05","single",0.0359734791352438,0.131582622516804,0.049318814048532,0.159953452482868,0.413699652683536,0.0381506346841515,0.0701366004092221,NA,0.00278944457336417,0.224071547946245,NA,13.63991,47.1,481.5,6.19,5.89,0.3,0.00486629237411681,0.00377545472056569,0.00528709910322343,0.0042640835197548,0.00496012800461471,0.000919181394469018,0.00148433322236849,NA,0.000827263097179715,0.00156482639349109,NA,0.248147834997936,1.69133531995307,17.0271713347336,0.232218571500921,0.214222151482941,0.0432909443824245,700
"implant","B_prev","pursue03_erdlu_uc","single",0.0343644688644689,0.150802061933793,0.0528768354270375,0.178943473386934,0.436612908960811,0.0387855062674756,0.0730254600662545,NA,0.00270659773838326,0.266911649654958,NA,9.69119,47.09,481.42,7.18,6.88,0.3,0.00488016444913311,0.00408786824617629,0.00528130676055597,0.00440597329669382,0.00488525906584743,0.000894673983043132,0.00141569008322756,NA,0.00105171027455369,0.0017742126299177,NA,0.186440654792654,1.69156025867444,17.0289009404281,0.25982166217877,0.24589796318304,0.038386633343605,700
"implant","B_prev","pursue03_erdlum","single",0.0348211531825662,0.151415625847621,0.0573186420631106,0.180876131279966,0.43570631145052,0.0402035101766963,0.0720993057942322,NA,0.00270659773838326,0.266911649654958,NA,0.0687200000000002,47.09,481.42,7.23,6.91,0.32,0.00478762142686146,0.00416923126855373,0.00525962609069586,0.00452025375905791,0.0049472636075169,0.000863451751090044,0.00142891356289716,NA,0.00105171027455369,0.0017742126299177,NA,7.37470447505637e-05,1.69156025867444,17.0289009404281,0.263293490403197,0.246352214213274,0.0427522389377644,700
"implant","B_prev","pursue03_erdu_ad","single",0.0216505519185052,0.170232498006487,0.049070275468614,0.205844279538782,0.456324817012992,0.0418004694339643,0.0698883987897436,NA,NA,NA,NA,0.0575399999999997,47.09,481.42,8.21,7.85,0.36,0.00239071092060559,0.00438081611875595,0.00355171181548078,0.00472993989329343,0.00486585595935156,0.000837261949598177,0.00119987632956241,NA,NA,NA,NA,6.31595386679588e-05,1.69156025867444,17.0289009404281,0.308732931333609,0.285679923337285,0.0479985693635154,700
"implant","B_prev","pursue03_erdu_r05","single",0.034985453272218,0.148907242631927,0.0573675166469284,0.176497082333534,0.434131193672273,0.043289153449121,0.0672115152583618,NA,NA,NA,NA,0.0438199999999996,47.1,481.5,7.3,6.95,0.35,0.00483367490344888,0.00406875395138427,0.00530180297160637,0.00441086357960277,0.0048001725443941,0.000847795693230624,0.00122629565591311,NA,NA,NA,NA,0.000163069624492258,1.69133531995307,17.0271713347336,0.271038906244362,0.252108419577263,0.0482527323605359,700
"implant","B_prev","pursue03_erdu_uc","single",0.0216505519185052,0.170232498006487,0.049070275468614,0.205844279538782,0.456324817012992,0.0418004694339643,0.0698883987897436,NA,NA,NA,NA,0.00649000000000005,47.09,481.42,8.21,7.85,0.36,0.00239071092060559,0.00438081611875595,0.00355171181548078,0.00472993989329343,0.00486585595935156,0.000837261949598177,0.00119987632956241,NA,NA,NA,NA,1.96500135599039e-05,1.69156025867444,17.0289009404281,0.308732931333609,0.285679923337285,0.0479985693635154,700
"implant","B_prev","pursue03_erlc","single",0.0353333333333333,0.0420762265787336,0.0393452380952381,0.049605704992964,0.282190193306777,0.038423306168942,0.0703058181343801,NA,0.00319767927053068,0.19352153825365,NA,0.06051,47.11,481.62,1.46,1.35,0.11,0.00554764338819766,0.00217672191906901,0.00564628659847165,0.00227270654150868,0.0043238742354854,0.000929799126793915,0.00152866743525597,NA,0.000814179363305344,0.00161484028700898,NA,0.000284380963126645,1.69117794232837,17.024589453664,0.0636109419151334,0.0594141642914797,0.0176559067835405,700
"implant","B_prev","pursue03_eselum","single",0.0348211531825662,0.151415625847621,0.0573186420631106,0.180876131279966,0.43570631145052,0.0402035101766963,0.0720993057942322,NA,0.00270659773838326,0.266911649654958,NA,24.40616,47.09,481.42,7.23,6.91,0.32,0.00478762142686146,0.00416923126855373,0.00525962609069586,0.00452025375905791,0.0049472636075169,0.000863451751090044,0.00142891356289716,NA,0.00105171027455369,0.0017742126299177,NA,0.552086960368446,1.69156025867444,17.0289009404281,0.263293490403197,0.246352214213274,0.0427522389377644,700
"implant","B_prev","wilcoxon_tss","single",0.0266495753272069,0.115351504489257,0.0547754110339788,0.157833875006855,0.433999089901115,0.0466844450699622,0.075095751002962,NA,-0.0324238972070245,1.55097087722146,NA,0.26956,47.11,481.62,5.4,5.09,0.31,0.00304160890185666,0.0037507706340652,0.00474703183828213,0.00461362463146694,0.0048412220955372,0.00113940774694785,0.00168718530016401,NA,0.0135156229996271,0.0155431312696307,NA,0.00882088385529223,1.69117794232837,17.024589453664,0.210116120221915,0.18927578262528,0.0468446432461425,700
"implant","B_prev","zicoseq","single",0.0745675500969619,0.0576565765015682,0.105668035203605,0.0836819375060631,0.314000020313854,0.0577485761206246,0.0742254638132396,NA,NA,NA,NA,120.9173,47.11,481.62,3.74,3.26,0.48,0.00701087489376169,0.00207682821353592,0.00771359509323197,0.00274436904087291,0.00432208394482212,0.00142779127772973,0.00172674293016795,NA,NA,NA,NA,4.23382609527719,1.69117794232837,17.024589453664,0.170886772408701,0.141887944664801,0.05116105457286,700
"implant","B_ref","adapt","single",0.0377710996888416,0.117733002814955,0.0782460371980904,0.147329537978445,0.356864386187042,0.0519011609310645,0.0749905969204605,NA,-0.0150851745631835,1.28668908230555,NA,0.62554,47.53,477.83,6.36,5.96,0.4,0.0034433183585953,0.00309839392304364,0.00491300057240351,0.00346765851681263,0.00445541540287942,0.000921109366203932,0.00157942176075398,NA,0.00950624239896024,0.0117533239211836,NA,0.0176869061757992,1.7025223650318,16.8362678684074,0.269239377937797,0.251741857473098,0.0358824977958429,700
"implant","B_ref","aldex2","single",0,0.048115351167301,0,0.0591462364981695,0.30908600636929,0.0051200887931291,0.276061783633962,NA,-0.000697147323022703,0.693951702862239,NA,16.98108,47.53,477.83,2.06,2.06,0,0,0.0017848629053952,0,0.00210569280419704,0.00434596344469954,0.000266959003840425,0.00179861247983574,NA,0.0012035075283009,0.00494767494534533,NA,0.578519749254049,1.7025223650318,16.8362678684074,0.0836950661124022,0.0836950661124022,0,700
"implant","B_ref","ancombc2","single",0.00458333333333333,0.0240011439359548,0.00458333333333333,0.0240011439359548,0.0846411344918732,0.466988479038289,0.457025061698661,NA,0.0232839563750399,0.849435630738732,0.496046870023351,122.29031,47.53,477.83,1.4,1.37,0.03,0.00133531014045313,0.00127265443552964,0.00133531014045313,0.00127265443552964,0.00198721369687344,0.00209990345827586,0.0019015713850074,NA,0.00586127420679772,0.00472773413828037,0.00201376833497896,4.77139520777169,1.7025223650318,16.8362678684074,0.077145052235424,0.0746292697069702,0.00838112191642434,700
"implant","B_ref","corncob","single",0.544418217232213,0.0858401000228664,0.617948278121479,0.120148599597544,0.159826306043307,0.124175234770555,0.123149432782791,NA,NA,NA,NA,17.00357,47.49,477.69,11.39,3.64,7.75,0.0133149038989576,0.00331987834251876,0.0113815970831731,0.00400829026265049,0.00344328498957243,0.00189503626529478,0.00283202534002453,NA,NA,NA,NA,0.602602063497524,1.70283358057896,16.8332533277607,0.502380456459946,0.159444672910698,0.365632890460571,700
"implant","B_ref","fastancom","single",0.00435353535353536,0.0748468943809784,0.0126515151515152,0.0869332983548676,0.319281936834958,0.0240586930192345,0.128811200856512,NA,0.00276116553482326,0.431171993672685,NA,0.0510199999999983,47.53,477.83,3.7,3.65,0.05,0.000853646868564163,0.00221211347880188,0.00177002627673492,0.00266007657279892,0.00389829697708809,0.000899289801765483,0.00277011536938703,NA,0.00447878943602953,0.0030975799487281,NA,0.00144062238179342,1.7025223650318,16.8362678684074,0.158181728488052,0.1547876851297,0.00982682673120629,700
"implant","B_ref","ldm","single",0.0405797258297258,0.066716450178918,0.103911103516367,0.0883424140116192,0.295599209175571,0.0560260589491821,0.0801515457823247,NA,NA,NA,NA,23.35368,47.53,477.83,3.51,3.3,0.21,0.0051802637251502,0.0024949316903414,0.00830502118682652,0.0029977854564375,0.00418493822801334,0.00111077592099667,0.00192858272001497,NA,NA,NA,NA,1.1408502363083,1.7025223650318,16.8362678684074,0.158362055974694,0.153965233985172,0.0258171184517214,700
"implant","B_ref","limma_logtss","single",0.0257427660059239,0.0971376267930926,0.0558249505374426,0.121318455259592,0.320066838005329,0.0558572156678582,0.10992037350388,NA,-0.0158546635243612,0.446955526699521,0.912045050876191,0.0383199999999999,47.53,477.83,4.63,4.21,0.42,0.00411412749760671,0.00297740120417337,0.00587331732366514,0.00359090981838188,0.00404209220229114,0.00200270238628443,0.00269424242479658,NA,0.00650807102342937,0.00352290802509687,0.00189184748213127,0.000222990469846461,1.7025223650318,16.8362678684074,0.210500799409925,0.174094427866087,0.11324072628122,700
"implant","B_ref","linda","single",0.0468376634481864,0.118529983654367,0.0865594797444212,0.146524512789682,0.350445480690517,0.0569757777400325,0.0776616432512195,NA,-0.00158286302936541,0.407906810158212,0.899554125046464,0.37432,47.53,477.83,5.98,5.59,0.39,0.00487476157357326,0.00312269463597968,0.0065335400400747,0.0035161010505678,0.00418047289221,0.0012329494623727,0.00164392838104589,NA,0.00232419142479757,0.00300774414386291,0.00127135870899698,0.0165987484920444,1.7025223650318,16.8362678684074,0.240229980416061,0.227513460747212,0.0381604923443824,700
"implant","B_ref","lm_logtss","single",0.0295401353032932,0.101001828863593,0.0603580809316103,0.125755534796016,0.319744113808473,0.0556124457507846,0.109508347662439,NA,-0.0158546635243612,0.446955526699521,0.912625436505739,0.03588,47.53,477.83,4.8,4.4,0.4,0.00447141988769706,0.00314210911554881,0.00604608498676677,0.00352110665865793,0.00399599657976831,0.00199614970944035,0.00268529723948536,NA,0.00650807102342937,0.00352290802509687,0.00188805583393002,0.000116981590080404,1.7025223650318,16.8362678684074,0.208269661228584,0.180446117011401,0.10205331154701,700
"implant","B_ref","locom","single",0.0286904761904762,0.0254628395614241,0.0510539321789322,0.0373909245383893,0.221280068869585,0.0542539128737385,0.0754839499073518,NA,-0.00540877464927357,1.00209549338315,NA,315.82639,47.53,477.83,1.36,1.27,0.09,0.00402444798947649,0.00148887145510337,0.00549313217376294,0.00183568337926374,0.00360045620222797,0.00096084542483047,0.00161378426460544,NA,0.00282949496546764,0.00637935481737963,NA,11.5843854994556,1.7025223650318,16.8362678684074,0.0851691912030752,0.0821483706019833,0.0120739258430994,700
"implant","B_ref","locom2","single",0.10819421101774,0.0298302016298779,0.152035353535354,0.044313004449859,0.215716467878874,0.0438670098370558,0.0878427883022471,NA,NA,NA,NA,62.62724,47.53,477.83,2.21,1.72,0.49,0.00866336347711902,0.00171762229406461,0.00995518075503278,0.00243077752830296,0.00374511260513157,0.000795864584641126,0.00172855415400503,NA,NA,NA,NA,2.64898933371431,1.7025223650318,16.8362678684074,0.114636328621302,0.0907889438858208,0.0360793117755512,700
"implant","B_ref","logistic_presence","single",0.0497377102796607,0.136903191096956,0.0829562918585878,0.172531477410101,0.373086727122887,0.0532430487747262,0.123379258917549,NA,-0.0155619628843971,0.786119214031662,NA,0.54285,47.37,476.37,7,6.58,0.42,0.00497520463016932,0.00346179363341176,0.00558779815465986,0.00396422003532092,0.00426605450128822,0.000959276166963851,0.00120161665302228,NA,0.0054543073598332,0.0140959987600766,NA,0.0183334636814198,1.70486684480406,16.8554543712143,0.290478368219448,0.273282384727913,0.0343257141149209,700
"implant","B_ref","maaslin3","abundance",0.221666666666667,0.00748676376425622,0.377666666666667,0.0154776139858947,0.111683539613019,0.0501128431691079,0.0577112262174848,0.0615964146770265,0.0187087045192072,0.884900188791653,NA,13.26994,31.81,477.73,0.56,0.21,0.35,0.0151111233835401,0.000979502018148847,0.0161724583966012,0.00118168784579118,0.00281401688632324,0.000624946356448714,0.00117361024525894,0.0048443021790356,0.00664894251798244,0.00570731164208217,NA,0.426517500754407,1.12721179809663,16.8340217326909,0.036404970655283,0.0202240667408037,0.0274708845741212,700
"implant","B_ref","maaslin3","combined",0.0725298798900058,0.0941394758288075,0.186015014375348,0.142485728903762,0.30730297871334,0.0526290243833599,0.0904786137634111,NA,NA,NA,NA,13.26994,47.53,477.83,4.94,4.44,0.5,0.00561362962489619,0.00248800408577956,0.00892435808559861,0.00324243061691756,0.00403981911209194,0.000783977848280728,0.00151847887176476,NA,NA,NA,NA,0.426517500754407,1.7025223650318,16.8362678684074,0.200487246248834,0.179278477604504,0.0340411263512505,700
"implant","B_ref","maaslin3","presence",0.0251666666666667,0.134109577944216,0.0457455579778602,0.199867824531473,0.518663565057198,0.0390094950697448,0.0751450725803841,0.0488131963467741,NA,NA,NA,13.26994,31.74,476.95,4.34,4.27,0.07,0.00473129090782071,0.00367277718733505,0.00515850367850148,0.00472806712082028,0.00604126430873337,0.000819893386635776,0.00141789607232912,0.00334468798745077,NA,NA,NA,0.426517500754407,1.13889010549268,16.8457016630577,0.175153315224259,0.175041789410578,0.0110338275544217,700
"implant","B_ref","pursue","abundance",0.07,0.00444672869147659,0.109333333333333,0.00510468467459134,0.110200564590165,0.05487065238542,0.0616268069642852,0.0622684489457355,0.00415399616061145,0.867708686245232,0.940594435425901,18.50686,31.81,477.73,0.18,0.07,0.11,0.00927253856221136,0.000913598243995186,0.0110619992340681,0.000917775639462822,0.00279943477882401,0.000779141699147843,0.00118323047367894,0.00490993170681583,0.00414500735075731,0.00511629003352317,0.00074212564854761,0.648527663724329,1.12721179809663,16.8340217326909,0.0222998168420149,0.0110338275544217,0.0159532579045235,700
"implant","B_ref","pursue","combined",0.0293690476190476,0.0408704961585897,0.0969014874014874,0.0489216143075804,0.208322665760203,0.0456277052560416,0.111754148655669,NA,NA,NA,NA,18.50686,47.53,477.83,1.94,1.78,0.16,0.0038665559742542,0.00202381412000254,0.00824378644560539,0.00222599978596327,0.00406233280966291,0.000693071198656672,0.00190478112239561,NA,NA,NA,NA,0.648527663724329,1.7025223650318,16.8362678684074,0.0964046075392279,0.0850111496516368,0.0205225023921282,700
"implant","B_ref","pursue","presence",0.0359789377289377,0.0665258505388429,0.0792792207792208,0.0879406307632536,0.306974957426003,0.036329176314777,0.183666039235582,0.0426803331254174,NA,NA,NA,18.50686,31.71,476.37,2.2,2.07,0.13,0.00529918042600463,0.00318897859203044,0.00734083868335512,0.00380740120597166,0.00568876450695257,0.000634683461737697,0.00277145634989213,0.00338645649683444,NA,NA,NA,0.648527663724329,1.13968967741274,16.8554543712143,0.106713151530564,0.101385960658259,0.0157365652217547,700
"implant","B_ref","pursue03_efull","single",0.0446080765639589,0.125739039043351,0.0784018529709179,0.154056000389059,0.368436844940636,0.0473319108621609,0.0717671510909096,NA,0.00132211664832761,0.336082997071476,NA,13.53651,47.52,477.75,6.12,5.86,0.26,0.00469872328409455,0.00332832615067226,0.00650084600229449,0.0039117828731186,0.00480131342856349,0.0010242751169387,0.00136640572844992,NA,0.00115517069410577,0.00247705412155135,NA,0.285115178919353,1.70276624218842,16.8380303720396,0.234949238117793,0.232176983452726,0.0224532577586663,700
"implant","B_ref","pursue03_efullb","single",0.0357157370194455,0.126488985201257,0.0735332863523512,0.156424175752563,0.368570323095958,0.0458922906337863,0.072922480889235,NA,0.00187754762962382,0.339068463798717,NA,12.75219,47.52,477.71,6.22,5.96,0.26,0.00404814191897585,0.00329042964415501,0.00611241000760674,0.00389234329642498,0.0048504516744621,0.000986371455702,0.00141183956235379,NA,0.00117081175594184,0.00249777772309631,NA,0.281871252161832,1.70276624218842,16.8389062532409,0.239430655152195,0.234012092665295,0.0242896211137258,700
"implant","B_ref","pursue03_erdc","single",0.0319887791946615,0.105629081339666,0.0576518383577207,0.131533744974259,0.352252137982202,0.0448137696036963,0.0738875167513383,NA,NA,NA,NA,0.17787,47.51,477.63,4.95,4.8,0.15,0.0048870190512967,0.00316387683073117,0.00590875350872013,0.00357157626297352,0.00415342686172925,0.000892589087359849,0.00148408170252278,NA,NA,NA,NA,0.00332374581851477,1.70299319931404,16.8406753107266,0.195688506091464,0.190624303746471,0.0195624527222253,700
"implant","B_ref","pursue03_erdl","single",0.0207448107448108,0.0990455810800505,0.0614933563168857,0.117500994888601,0.342442355386924,0.0422807190302147,0.0740760148801616,NA,0.00010578485929935,0.30125728625437,NA,1.15093,47.53,477.83,4.4,4.31,0.09,0.00429786110064218,0.00292206252571933,0.00622375581742021,0.00341356058287669,0.00418699114976593,0.00097379031652383,0.00161213415935976,NA,0.000949045379164079,0.00223628312386352,NA,0.0199706732446013,1.7025223650318,16.8362678684074,0.167366200056392,0.165707828439982,0.0152189551262861,700
"implant","B_ref","pursue03_erdlu_ad","single",0.027447190206781,0.128849761451492,0.0725048792739195,0.15032701832414,0.368330130663028,0.0445959150373728,0.0746516040369232,NA,0.0017210229832758,0.345984262864214,NA,9.49054,47.51,477.63,6.32,6.12,0.2,0.00317872959479024,0.00331736016190921,0.006104259867826,0.00371274700323502,0.00458553865170317,0.000928767330219588,0.0016775071615924,NA,0.00113800203174951,0.0025691500928217,NA,0.189146152846101,1.70299319931404,16.8406753107266,0.245932868237538,0.240485917248495,0.020716769761626,700
"implant","B_ref","pursue03_erdlu_r05","single",0.0232875816993464,0.116449746287731,0.0576572594616712,0.140711639274373,0.363442420083102,0.0437406871066918,0.0753086438327172,NA,0.00146180208961351,0.316263770906613,NA,13.72703,47.52,477.67,5.7,5.57,0.13,0.00327381247904994,0.00328552734044615,0.00505668063518239,0.00358679599775131,0.00450882935779185,0.000943742477711118,0.00169765893188076,NA,0.0010020182465236,0.00231229859658111,NA,0.246810149070044,1.70274943868142,16.8398006429366,0.223798652609597,0.221598755826135,0.0157365652217547,700
"implant","B_ref","pursue03_erdlu_uc","single",0.027447190206781,0.128849761451492,0.0725048792739195,0.15032701832414,0.368330130663028,0.0445959150373728,0.0746516040369231,NA,0.00172102298327581,0.345984262864214,NA,9.5132,47.51,477.63,6.32,6.12,0.2,0.00317872959479024,0.00331736016190921,0.006104259867826,0.00371274700323502,0.00458553865170317,0.000928767330219588,0.0016775071615924,NA,0.00113800203174951,0.0025691500928217,NA,0.183564861866753,1.70299319931404,16.8406753107266,0.245932868237538,0.240485917248495,0.020716769761626,700
"implant","B_ref","pursue03_erdlum","single",0.0232595363573624,0.125364813248669,0.0704558472143611,0.152423021109164,0.369405342349786,0.0449428658817476,0.0747572625028596,NA,0.00172102298327581,0.345984262864214,NA,0.0706399999999997,47.51,477.63,6.14,5.95,0.19,0.00262505662943241,0.00333998794898299,0.00509556466372577,0.00365082657223484,0.00460087592257134,0.000938759813259512,0.00163251977448263,NA,0.00113800203174951,0.0025691500928217,NA,0.000168941838448182,1.70299319931404,16.8406753107266,0.239636109444984,0.23410102608677,0.0197950876118857,700
"implant","B_ref","pursue03_erdu_ad","single",0.0218242481656275,0.137134822336995,0.0517537495660813,0.162553954831181,0.37502397603132,0.0452082817695513,0.0690671576723731,NA,NA,NA,NA,0.05836,47.51,477.63,6.8,6.59,0.21,0.00225081636293729,0.0034475868388651,0.00376581900824437,0.00388437796638425,0.00454225374429975,0.000812873876129171,0.00146607667199169,NA,NA,NA,NA,7.90718693026818e-05,1.70299319931404,16.8406753107266,0.271750537796268,0.265147406838841,0.0195038604446932,700
"implant","B_ref","pursue03_erdu_r05","single",0.0188838383838384,0.130797664325804,0.0525055238618538,0.15504843215986,0.369235145647134,0.0462348091909471,0.0723167720909446,NA,NA,NA,NA,0.0447999999999998,47.52,477.67,6.47,6.29,0.18,0.00239951855416025,0.00338961121076762,0.00502058721360554,0.00377754513056622,0.00444061428454674,0.000821337963444779,0.00154344456427416,NA,NA,NA,NA,0.00018490998467375,1.70274943868142,16.8398006429366,0.253922306840699,0.247349034896799,0.0202841051396448,700
"implant","B_ref","pursue03_erdu_uc","single",0.0218242481656275,0.137134822336995,0.0517537495660813,0.162553954831181,0.37502397603132,0.0452082817695513,0.0690671576723731,NA,NA,NA,NA,0.00662000000000003,47.51,477.63,6.8,6.59,0.21,0.00225081636293729,0.0034475868388651,0.00376581900824437,0.00388437796638425,0.00454225374429975,0.000812873876129171,0.00146607667199169,NA,NA,NA,NA,2.86960291451309e-05,1.70299319931404,16.8406753107266,0.271750537796268,0.265147406838841,0.0195038604446932,700
"implant","B_ref","pursue03_erlc","single",0.0270833333333333,0.0566812357468785,0.0532896825396825,0.0696717784187349,0.295094850714737,0.04433781872924,0.0738534385302217,NA,0.00010578485929935,0.30125728625437,NA,0.0623599999999999,47.53,477.83,2.51,2.44,0.07,0.00497058087321146,0.00241732327341849,0.00627891161833415,0.00257759543264583,0.00407382947658584,0.00098333475593765,0.00175230318752245,NA,0.000949045379164079,0.00223628312386352,NA,0.000326358501106726,1.7025223650318,16.8362678684074,0.105566799089961,0.104863150823215,0.0110338275544217,700
"implant","B_ref","pursue03_eselum","single",0.0232595363573624,0.124114813248669,0.0654558472143611,0.151173021109164,0.368188528190494,0.0449428658817476,0.0747572625028596,NA,0.00172102298327581,0.345984262864214,NA,24.0301,47.51,477.63,6.13,5.94,0.19,0.00262505662943241,0.0033731472768066,0.00483326266473653,0.00369430811092377,0.00468728529223349,0.000938759813259512,0.00163251977448263,NA,0.00113800203174951,0.0025691500928217,NA,0.544970753858224,1.70299319931404,16.8406753107266,0.239972280230384,0.234433539422785,0.0197950876118857,700
"implant","B_ref","wilcoxon_tss","single",0.0235293016370603,0.115970882950124,0.0535938336650342,0.146565928828174,0.368441780088815,0.0514850590810141,0.0824795888309243,NA,-0.0192669940938437,1.56754330423725,NA,0.26932,47.53,477.83,5.74,5.5,0.24,0.00275331779145969,0.00281790650392572,0.00413265278303065,0.00369478414900841,0.00441107765251537,0.00107603989699971,0.00168429802471089,NA,0.0141445657309033,0.0136034437621569,NA,0.00877740283752808,1.7025223650318,16.8362678684074,0.234604345346602,0.223286673322767,0.025719962132056,700
"implant","B_ref","zicoseq","single",0.0550217938087099,0.0859238315274874,0.0982276279212778,0.109642151542998,0.314915970807837,0.0582229278897722,0.0767217221243141,NA,NA,NA,NA,118.56945,47.53,477.83,4.92,4.57,0.35,0.00599533854238225,0.0026699918759434,0.0074400866433268,0.00310252581705789,0.00387220471338895,0.00110953774188693,0.00167939795727714,NA,NA,NA,NA,4.18292225553643,1.7025223650318,16.8362678684074,0.219420487878218,0.202152579098194,0.0335650032334288,700
"implant","B_small","adapt","single",0.0646428571428571,0.0155633295263536,0.132178571428571,0.0263030747869445,0.184611135975792,0.0538290370281357,0.0816676573792067,NA,0.0665613903026144,1.23547811303248,NA,0.581979999999995,48.21,476.52,0.93,0.71,0.22,0.00828471482093641,0.00107017865998677,0.0104001364271357,0.00147711546951075,0.00345113515132849,0.00120906409341755,0.00158735242459182,NA,0.0133741361411527,0.0125694229384058,NA,0.0161142283160041,1.68826883084639,16.8387772723738,0.109394876080795,0.0642542784823737,0.0500586208576958,700
"implant","B_small","aldex2","single",0.01,0.00280446984733881,0.01,0.00422697573135401,0.17819030089097,0.00568515700623404,0.279261567066017,NA,0.000992431869113264,0.534207451913203,NA,17.27988,48.21,476.52,0.17,0.16,0.01,0.0037633881182726,0.000315825095133944,0.0037633881182726,0.000409978342254091,0.00338704501626782,0.000254286667060182,0.00194543546677707,NA,0.000770981419525396,0.00330514537105443,NA,0.584664855474395,1.68826883084639,16.8387772723738,0.015181307684264,0.0148622670344064,0.0037633881182726,700
"implant","B_small","ancombc2","single",0.01,0.0017123738833183,0.01,0.0017123738833183,0.0531561545056238,0.475324752004614,0.464349305588395,NA,-0.00257295745833963,0.836301347020726,0.493766797396345,90.97706,48.21,476.52,0.11,0.1,0.01,0.0037633881182726,0.000256838226221643,0.0037633881182726,0.000256838226221643,0.00133883934022696,0.00198306242324279,0.00184175111107214,NA,0.00684012637607438,0.00432967341277463,0.00186663474782616,3.39778681413793,1.68826883084639,16.8387772723738,0.0118345775001299,0.0113470421170835,0.0037633881182726,700
"implant","B_small","corncob","single",0.750306380422869,0.0296694529578401,0.787616048033035,0.0472147666852277,0.0801478595893032,0.117012357574462,0.112579599275087,NA,NA,NA,NA,17.2649,48.16,476.36,7.62,1.08,6.54,0.0130081492101334,0.00185904270798295,0.0108703330965654,0.00243216754983914,0.00178643676777023,0.00170379962912547,0.00234466402400978,NA,NA,NA,NA,0.610985542877367,1.68656833021226,16.8331171985728,0.371817636473259,0.0585176935447464,0.325959352197007,700
"implant","B_small","fastancom","single",0.0366666666666667,0.00637902879091467,0.0366666666666667,0.00976019275389452,0.176062218855305,0.0283131653900838,0.119326318244262,NA,-0.00376370662957445,0.398025495236784,NA,0.0478200000000048,48.21,476.52,0.43,0.38,0.05,0.00670589317974139,0.00057990894866052,0.00670589317974139,0.00076062863962979,0.00331640205143637,0.00143119648873128,0.00271665723994567,NA,0.00505986267558678,0.00324941324126986,NA,0.00116504133667686,1.68826883084639,16.8387772723738,0.0335138175334478,0.0306253375795239,0.00824343498274448,700
"implant","B_small","ldm","single",0.054,0.00529784255599473,0.0796969696969697,0.00863491345420926,0.139923124264621,0.050195049130091,0.0764601140980806,NA,NA,NA,NA,11.95886,48.21,476.52,0.22,0.14,0.08,0.00790537746391178,0.000725497543290798,0.00917241392798125,0.000921566679265233,0.0023789755517901,0.00101919386862409,0.00145479144427454,NA,NA,NA,NA,0.465663303091478,1.68826883084639,16.8387772723738,0.0248486117319892,0.016932078400774,0.0115717578353136,700
"implant","B_small","limma_logtss","single",0.0638571428571429,0.0129687358018743,0.108800453514739,0.0226404039382631,0.164116767493752,0.0550256646823784,0.111771697090748,NA,0.0315401116258961,0.412770636545728,0.933083303195201,0.0385500000000001,48.21,476.52,0.66,0.5,0.16,0.00827276343980359,0.00105489686792123,0.0101212051366696,0.0016449502312306,0.00303412739611307,0.0020649653830916,0.00268005210928679,NA,0.0063137783160449,0.0030198864638183,0.00205528587479042,0.000204762677102524,1.68826883084639,16.8387772723738,0.0519215871870544,0.0344588245091474,0.0260515610674033,700
"implant","B_small","linda","single",0.0551666666666667,0.0147344153704855,0.107153235653236,0.0241843180296021,0.173390959017967,0.0539474418595793,0.0781878340282078,NA,0.00631393204197538,0.369338278620361,0.922530418971747,0.36012,48.21,476.52,0.81,0.67,0.14,0.00754507200681232,0.000904792401857519,0.00918195189388197,0.00145274429488422,0.0031654291210211,0.000976935339415337,0.00145811359642708,NA,0.00230742418791023,0.0026492943424908,0.00104088094750051,0.015497378319056,1.68826883084639,16.8387772723738,0.0572860203356293,0.04179622204693,0.0233282234339371,700
"implant","B_small","lm_logtss","single",0.0685595238095238,0.016214104959547,0.123590277777778,0.0238406893946956,0.163436785788245,0.0557381307582559,0.112413468486718,NA,0.0315401116258961,0.412770636545728,0.932506218265346,0.03593,48.21,476.52,0.85,0.61,0.24,0.00865424940944565,0.00122135268768757,0.0109158881395757,0.00149683866128747,0.00300849887034801,0.00207683123403501,0.00266643461595346,NA,0.0063137783160449,0.0030198864638183,0.00206495717027403,0.000119997019514727,1.68826883084639,16.8387772723738,0.0638253607978272,0.0396317093894185,0.0347152735059408,700
"implant","B_small","locom","single",0.04,0.0015222369731165,0.0857142857142857,0.00226888568756051,0.093846231343283,0.0480401153660399,0.0711801364221997,NA,-0.00985398886584532,0.979698708083435,NA,307.30107,48.21,476.52,0.12,0.05,0.07,0.00691249206111608,0.000379420587982635,0.0100725811870435,0.000529346566741118,0.00202705851561384,0.000885000097118353,0.0013291488123936,NA,0.00262835774879884,0.00579539512285103,NA,11.8275109443972,1.68826883084639,16.8387772723738,0.0202134532177737,0.0111883344111429,0.0122620411755601,700
"implant","B_small","locom2","single",0.205980392156863,0.00459331332935718,0.256428571428571,0.00726398006843824,0.0974291638564968,0.0447848497692617,0.0829215216286235,NA,NA,NA,NA,61.96819,48.21,476.52,0.7,0.2,0.5,0.014330990150197,0.000574481863700925,0.0151211347945381,0.000840756247811377,0.00229065057988763,0.000879952858324563,0.0016179856852142,NA,NA,NA,NA,2.65204734985735,1.68826883084639,16.8387772723738,0.071665252672613,0.0213961878063976,0.0554600992040187,700
"implant","B_small","logistic_presence","single",0.0893007518796992,0.0308420891569706,0.0931991341991342,0.0411948433761267,0.195077304601765,0.0539440798899379,0.119781255716613,NA,0.00565271138027684,0.740555137153231,NA,0.54687,48.03,475.11,1.53,1.2,0.33,0.0083304412532549,0.00158787970412771,0.00778683538573702,0.00188514874349052,0.00379429746544973,0.00109574917184089,0.00100531554914201,NA,0.00623456146533205,0.0126128080386233,NA,0.018325064845006,1.6873123696886,16.8552169218351,0.09287261107782,0.0665950974923402,0.035098471735516,700
"implant","B_small","maaslin3","abundance",0.145,0.00115178571428571,0.424809523809524,0.00335028903296026,0.0636193084886256,0.0453179551263762,0.0617960715743655,0.0395834698819543,0.00915053679089487,0.849372533333014,NA,13.37105,32.29,476.38,0.2,0.03,0.17,0.0131827150887121,0.000295463852562624,0.0178666717542176,0.000451251345068522,0.00199202348073943,0.000615693084965139,0.00130588255349229,0.00408164402392501,0.00486341842793161,0.00465731857910297,NA,0.43282474398918,1.1579580345281,16.83299843574,0.0185296421844832,0.0064522012745693,0.0169616246151458,700
"implant","B_small","maaslin3","combined",0.143380952380952,0.0102020991660035,0.301907953157953,0.0326129575985189,0.148817085777382,0.0479065556284866,0.0934910686532187,NA,NA,NA,NA,13.37105,48.21,476.52,0.81,0.51,0.3,0.0119266613751688,0.0008278416924729,0.0125946636772268,0.00142017762887908,0.00258373812795576,0.000794059978552378,0.00168320647316004,NA,NA,NA,NA,0.43282474398918,1.68826883084639,16.8387772723738,0.0509410722985311,0.0360793117755512,0.0275359045102207,700
"implant","B_small","maaslin3","presence",0.0125,0.0141282495284006,0.0685434173669468,0.0443549147304638,0.271450202098551,0.0394350613098697,0.0786627412864968,0.0541092412901202,NA,NA,NA,13.37105,31.99,475.6,0.46,0.44,0.02,0.00386998094356762,0.00118208949141684,0.00683613684721591,0.00202848740388232,0.00466141206491418,0.000911275465794202,0.00138548481290038,0.00336327967281116,NA,NA,NA,0.43282474398918,1.14115990235671,16.8481062388047,0.0335841777584051,0.0322366073821032,0.00529528632130564,700
"implant","B_small","pursue","abundance",0.07,0.000714285714285714,0.085,0.00097069597069597,0.0625650019094324,0.050053068690316,0.0623653559233929,0.0396579777556059,0.0070358022667059,0.836956397579466,0.947807006036043,18.40274,32.29,476.38,0.09,0.01,0.08,0.00965054647210719,0.000268813437019471,0.0103773578770947,0.000284689875830771,0.00194232012686127,0.000624327156023408,0.0012805497041955,0.00410702916907424,0.00376171791335565,0.00454514218526825,0.000639433999028347,0.639897219250991,1.1579580345281,16.83299843574,0.0120739258430994,0.0037633881182726,0.0115717578353136,700
"implant","B_small","pursue","combined",0.0583333333333333,0.00408376259438226,0.084969696969697,0.006519136275993,0.101109581209775,0.044119874952341,0.117181405776353,NA,NA,NA,NA,18.40274,48.21,476.52,0.27,0.18,0.09,0.00804212206008932,0.000553256904773409,0.00938857368395943,0.000752484027046978,0.00248263735621174,0.000759905028039628,0.0020416810225765,NA,NA,NA,NA,0.639897219250991,1.68826883084639,16.8387772723738,0.0261255908065798,0.0209775409570946,0.0120739258430994,700
"implant","B_small","pursue","presence",0.0288888888888889,0.00887317788138049,0.0846666666666667,0.0125858470405761,0.156229793936702,0.0338521406682962,0.182550272798988,0.0332566337156544,NA,NA,NA,18.40274,31.97,475.11,0.36,0.28,0.08,0.00522781486063055,0.000983421696200588,0.00901335133592827,0.00112163782756155,0.00350796070899453,0.000835647410694945,0.00267025774150957,0.00223473546554634,NA,NA,NA,0.639897219250991,1.13991761115832,16.8552169218351,0.0416126975229425,0.0316815340447358,0.0138249841222322,700
"implant","B_small","pursue03_efull","single",0.0383333333333333,0.0219493760403804,0.0878174603174603,0.033588566969592,0.194221925588141,0.0430502824652552,0.0776293673918187,NA,-0.00206126641261468,0.28190840796431,NA,13.4883,48.2,476.42,0.9,0.81,0.09,0.0056983322387878,0.00117576730217796,0.0089323371641093,0.00163233079295463,0.00341066373911265,0.000866399637493159,0.00138084595061472,NA,0.000970960399408471,0.0023641136826246,NA,0.279449457247526,1.68848663733638,16.8409654336739,0.0426248901340677,0.0377079356636925,0.0132057558873045,700
"implant","B_small","pursue03_efullb","single",0.0383333333333333,0.0218252088269683,0.0941031746031746,0.0321034176982608,0.193024335612315,0.0436610626529697,0.0791371236260453,NA,-0.00160617665592694,0.284820684466615,NA,12.79196,48.2,476.37,0.91,0.82,0.09,0.0056983322387878,0.00118917444215345,0.00939987970168363,0.00163666890075873,0.00345735759590649,0.000892891375145776,0.00154424630557018,NA,0.000961133713889781,0.00239174932173587,NA,0.280812677568627,1.68848663733638,16.8420514443059,0.0434871266696246,0.0387132076474158,0.0132057558873045,700
"implant","B_small","pursue03_erdc","single",0.05,0.0161285408913308,0.0808333333333333,0.0239421830999052,0.181876900518828,0.0445447062731987,0.0755970783110775,NA,NA,NA,NA,0.18123,48.18,476.32,0.7,0.6,0.1,0.00715986801987253,0.00115273373847137,0.0090308356583412,0.00166067880895179,0.00345519440098334,0.00085312093298256,0.00155470414635575,NA,NA,NA,NA,0.00379917864400961,1.68893038249357,16.843148214451,0.0405611567783619,0.0374433286611958,0.0136374473926647,700
"implant","B_small","pursue03_erdl","single",0.04,0.0128683653054869,0.0716666666666667,0.0194548581709339,0.174074393426126,0.0402629834889933,0.0793712976343489,NA,-0.00174062094993412,0.232746631595469,NA,1.13252,48.21,476.52,0.56,0.48,0.08,0.00696974409124929,0.00101961282278808,0.00888180750355925,0.00135492606928557,0.00331400503262061,0.000916170652224705,0.00157349944878881,NA,0.000810450599012885,0.00217440619935277,NA,0.0204880281732119,1.68826883084639,16.8387772723738,0.0347975958257228,0.0318616465479096,0.0138249841222322,700
"implant","B_small","pursue03_erdlu_ad","single",0.0366666666666667,0.0195305519589224,0.071531746031746,0.0272102724432191,0.194473632919299,0.0428852064283767,0.0807690259579488,NA,-0.00231336962548708,0.29501284851117,NA,9.49536,48.18,476.32,0.86,0.79,0.07,0.00634036955729182,0.00105466624354228,0.00812480453160666,0.00142288084320382,0.00370985875653496,0.000824731981977491,0.0015906498079586,NA,0.000940659097773228,0.00231727835964745,NA,0.175736844860399,1.68893038249357,16.843148214451,0.0421252305640163,0.0397758382745542,0.0122620411755601,700
"implant","B_small","pursue03_erdlu_r05","single",0.0314285714285714,0.0169052611980201,0.0542222222222222,0.0260921581171676,0.186586493484043,0.0422983060493369,0.080074924965713,NA,-0.00176477783396465,0.255640537440611,NA,13.45458,48.19,476.38,0.79,0.72,0.07,0.00588593611617387,0.00108683657051291,0.00692379667665415,0.0014912121182618,0.00340348944471924,0.000896341902284055,0.00150161858476433,NA,0.000845026063559986,0.00210281937976597,NA,0.241294470616744,1.68871280266949,16.8418527825835,0.0448475401755739,0.04111465527519,0.0122620411755601,700
"implant","B_small","pursue03_erdlu_uc","single",0.0366666666666667,0.0195305519589224,0.071531746031746,0.0272102724432191,0.194473632919299,0.0428852064283767,0.0807690259579488,NA,-0.00231336962548708,0.29501284851117,NA,9.51799,48.18,476.32,0.86,0.79,0.07,0.00634036955729182,0.00105466624354228,0.00812480453160666,0.00142288084320382,0.00370985875653496,0.000824731981977491,0.00159064980795859,NA,0.000940659097773228,0.00231727835964745,NA,0.170700363477692,1.68893038249357,16.843148214451,0.0421252305640163,0.0397758382745542,0.0122620411755601,700
"implant","B_small","pursue03_erdlum","single",0.0266666666666667,0.0186899644418643,0.0803333333333334,0.0266282604718992,0.194218577191178,0.043459271187239,0.0804731406889605,NA,-0.00231336962548708,0.29501284851117,NA,0.0689099999999996,48.18,476.32,0.77,0.72,0.05,0.00517689006534701,0.00104859357947528,0.00879633201977202,0.00142554839199275,0.00376379080429843,0.000865031039773251,0.00156462387969789,NA,0.000940659097773228,0.00231727835964745,NA,8.06083805552387e-05,1.68893038249357,16.843148214451,0.0366146073401367,0.0351086602671061,0.00982682673120628,700
"implant","B_small","pursue03_erdu_ad","single",0.0266666666666667,0.0232376409016424,0.0799897660818713,0.0334218882344171,0.200907977286027,0.0446538076704541,0.0752319793272199,NA,NA,NA,NA,0.0573699999999998,48.18,476.32,1.05,0.96,0.09,0.00506514546850058,0.00122615214385358,0.00793248109801479,0.00175287552037003,0.00385736987726531,0.000807430892286525,0.00148646285136873,NA,NA,NA,NA,4.71369113542395e-05,1.68893038249357,16.843148214451,0.0579514374171379,0.0510042215425794,0.0161316117739773,700
"implant","B_small","pursue03_erdu_r05","single",0.0322222222222222,0.022793545039294,0.0565769230769231,0.0325778803690584,0.196264871759134,0.0459605581885452,0.0751588924112541,NA,NA,NA,NA,0.0445899999999998,48.19,476.38,1.02,0.93,0.0899999999999999,0.00504470556171706,0.00132949622002003,0.00668139974354652,0.00171158636197437,0.00365105145502516,0.000914529280489348,0.00154089496454185,NA,NA,NA,NA,0.000203832731783916,1.68871280266949,16.8418527825835,0.0534851202015633,0.0470153537761974,0.0132057558873045,700
"implant","B_small","pursue03_erdu_uc","single",0.0266666666666667,0.0232376409016424,0.0799897660818713,0.0334218882344171,0.200907977286027,0.0446538076704541,0.07523197932722,NA,NA,NA,NA,0.00647000000000027,48.18,476.32,1.05,0.96,0.09,0.00506514546850058,0.00122615214385358,0.00793248109801479,0.00175287552037003,0.00385736987726531,0.000807430892286525,0.00148646285136873,NA,NA,NA,NA,1.96208700309827e-05,1.68893038249357,16.843148214451,0.0579514374171379,0.0510042215425794,0.0161316117739773,700
"implant","B_small","pursue03_erlc","single",0.0266666666666667,0.00522673294197607,0.0666666666666667,0.00797103404873776,0.146436464182983,0.0405900172579201,0.0751649166835221,NA,-0.00174062094993412,0.232746631595469,NA,0.0601499999999999,48.21,476.52,0.23,0.19,0.04,0.00582694315840581,0.000573834757952248,0.00926482109224159,0.000784172136149534,0.00289827158411402,0.000899416965137909,0.00147214768485581,NA,0.000810450599012885,0.00217440619935277,NA,0.000269921569703349,1.68826883084639,16.8387772723738,0.0199103857845271,0.016655217813063,0.00914045543766893,700
"implant","B_small","pursue03_eselum","single",0.0266666666666667,0.0180649644418643,0.0803333333333334,0.0260032604718992,0.193892084653865,0.043459271187239,0.0804731406889605,NA,-0.00231336962548708,0.29501284851117,NA,23.79518,48.18,476.32,0.76,0.71,0.05,0.00517689006534701,0.00103755912563943,0.00879633201977202,0.00142245016452081,0.0037621150064359,0.000865031039773251,0.00156462387969789,NA,0.000940659097773228,0.00231727835964745,NA,0.50608059614678,1.68893038249357,16.843148214451,0.0367180028193848,0.0351961598893759,0.00982682673120628,700
"implant","B_small","wilcoxon_tss","single",0.0485714285714286,0.00993122858124637,0.0661666666666667,0.0213313869877086,0.18564288066337,0.0496299974716998,0.0844240484973962,NA,0.0275254035053587,1.53236053536023,NA,0.26803,48.21,476.52,0.56,0.45,0.11,0.0072178770404346,0.000774410243256936,0.00742281589663386,0.00145832475570511,0.0034683474516428,0.000986420789619279,0.00150793987275031,NA,0.0110794377327209,0.0114227455232716,NA,0.00873275198460409,1.68826883084639,16.8387772723738,0.0569416034975291,0.0398046014263015,0.0206441337311772,700
"implant","B_small","zicoseq","single",0.0553846153846154,0.00941865226689408,0.0923179271708683,0.0132676609067741,0.143979431154695,0.0508059505766692,0.07641083856262,NA,NA,NA,NA,118.73791,48.21,476.52,0.67,0.5,0.17,0.00742939610978654,0.00070310519842704,0.00934165320961085,0.000928773525010017,0.00293882865855889,0.00108721042453555,0.00150736829751461,NA,NA,NA,NA,4.13666182483187,1.68826883084639,16.8387772723738,0.0590954708764689,0.0372518014273823,0.0298086410069938,700
