"n","c_depth","disp","rep","method","n_taxa","n_fail","fdr","tpr","rej_null","rej_prev_only","rej_abund_only","rej_both"
20,1,"poisson",1,"naive",244,0,0,0,0.0194174757281553,0,0,0.0833333333333333
20,1,"poisson",1,"depthcov",244,0,0,0,0.0194174757281553,0,0,0.0833333333333333
20,1,"poisson",1,"er_lm",244,0,0,0.0384615384615385,0.0388349514563107,0.214285714285714,0.166666666666667,0.333333333333333
20,1,"poisson",1,"abund_ztnb_t",180,64,0,0,0.0705128205128205,0,0.25,0.166666666666667
20,1,"poisson",1,"abund_ztnb",182,62,0,0,0.114649681528662,0,0.375,0
20,1,"poisson",1,"abund_lm_depth",182,62,0,0,0.0828025477707006,0,0.25,0
20,1,"poisson",1,"abund_lm",182,62,0,0,0.0382165605095541,0,0.25,0
20,1,"poisson",1,"occ_depth",244,0,0,0,0.0825242718446602,0.357142857142857,0,0.333333333333333
20,1,"poisson",1,"occ_full",244,0,0,0,0.0776699029126214,0.428571428571429,0,0.333333333333333
20,1,"poisson",1,"occ_lmd",244,0,0,0,0.0728155339805825,0.428571428571429,0,0.333333333333333
20,1,"poisson",1,"occ_lmd_lN",244,0,0,0,0.0922330097087379,0.5,0,0.333333333333333
20,1,"poisson",1,"occ_ztnb",182,62,0,0,0.0700636942675159,0.181818181818182,0,0.166666666666667
20,1,"poisson",1,"occ_ztnb_lN",182,62,0,0,0.089171974522293,0.181818181818182,0,0.166666666666667
20,1,"poisson",1,"zip",235,9,0,0,0.00495049504950495,0,0,0.111111111111111
20,1,"poisson",1,"zinb",0,244,0,NA,NA,NA,NA,NA
50,1,"poisson",1,"naive",287,0,0,0,0.0486725663716814,0.357142857142857,0.0869565217391304,0.375
50,1,"poisson",1,"depthcov",287,0,0,0,0.0486725663716814,0.357142857142857,0.0869565217391304,0.375
50,1,"poisson",1,"er_lm",287,0,0.125,0.184210526315789,0.0486725663716814,0.285714285714286,0.173913043478261,0.583333333333333
50,1,"poisson",1,"abund_ztnb_t",270,17,0.166666666666667,0.119047619047619,0.0740740740740741,0.0833333333333333,0.318181818181818,0.7
50,1,"poisson",1,"abund_ztnb",272,15,0.25,0.13953488372093,0.0967741935483871,0.0833333333333333,0.318181818181818,0.714285714285714
50,1,"poisson",1,"abund_lm_depth",272,15,0,0.0930232558139535,0.0460829493087558,0,0.227272727272727,0.666666666666667
50,1,"poisson",1,"abund_lm",272,15,0.142857142857143,0.13953488372093,0.032258064516129,0.0833333333333333,0.272727272727273,0.666666666666667
50,1,"poisson",1,"occ_depth",287,0,0.285714285714286,0.131578947368421,0.0707964601769911,0.357142857142857,0.0869565217391304,0.416666666666667
50,1,"poisson",1,"occ_full",287,0,0.428571428571429,0.105263157894737,0.0575221238938053,0.357142857142857,0.0434782608695652,0.458333333333333
50,1,"poisson",1,"occ_lmd",287,0,0.2,0.105263157894737,0.0619469026548673,0.357142857142857,0.0434782608695652,0.458333333333333
50,1,"poisson",1,"occ_lmd_lN",287,0,0.2,0.105263157894737,0.0707964601769911,0.428571428571429,0.0434782608695652,0.458333333333333
50,1,"poisson",1,"occ_ztnb",272,15,1,0,0.0737327188940092,0.416666666666667,0.0454545454545455,0.428571428571429
50,1,"poisson",1,"occ_ztnb_lN",272,15,0.75,0.0303030303030303,0.0921658986175115,0.416666666666667,0.136363636363636,0.428571428571429
50,1,"poisson",1,"zip",285,2,0,0,0.0488888888888889,0.285714285714286,0,0.304347826086957
50,1,"poisson",1,"zinb",281,6,0,0,0.0226244343891403,0.214285714285714,0,0.217391304347826
100,1,"poisson",1,"naive",299,0,0,0.138888888888889,0.0619834710743802,0.526315789473684,0.19047619047619,0.529411764705882
100,1,"poisson",1,"depthcov",299,0,0,0.111111111111111,0.0371900826446281,0.578947368421053,0.19047619047619,0.588235294117647
100,1,"poisson",1,"er_lm",299,0,0.2,0.222222222222222,0.0537190082644628,0.526315789473684,0.428571428571429,0.470588235294118
100,1,"poisson",1,"abund_ztnb_t",289,10,0.0588235294117647,0.421052631578947,0.0818965517241379,0.157894736842105,0.666666666666667,0.588235294117647
100,1,"poisson",1,"abund_ztnb",294,5,0,0.421052631578947,0.0928270042194093,0.105263157894737,0.666666666666667,0.529411764705882
100,1,"poisson",1,"abund_lm_depth",294,5,0.0714285714285714,0.342105263157895,0.0506329113924051,0.105263157894737,0.476190476190476,0.529411764705882
100,1,"poisson",1,"abund_lm",294,5,0.0714285714285714,0.342105263157895,0.0886075949367089,0.105263157894737,0.523809523809524,0.588235294117647
100,1,"poisson",1,"occ_depth",299,0,0,0.166666666666667,0.0537190082644628,0.631578947368421,0.238095238095238,0.588235294117647
100,1,"poisson",1,"occ_full",299,0,0,0.194444444444444,0.0661157024793388,0.631578947368421,0.0952380952380952,0.588235294117647
100,1,"poisson",1,"occ_lmd",299,0,0,0.194444444444444,0.0702479338842975,0.631578947368421,0.0952380952380952,0.588235294117647
100,1,"poisson",1,"occ_lmd_lN",299,0,0,0.166666666666667,0.0495867768595041,0.578947368421053,0.0952380952380952,0.529411764705882
100,1,"poisson",1,"occ_ztnb",294,5,0.466666666666667,0.222222222222222,0.0886075949367089,0.526315789473684,0.0952380952380952,0.529411764705882
100,1,"poisson",1,"occ_ztnb_lN",294,5,0.444444444444444,0.138888888888889,0.0843881856540084,0.526315789473684,0.0952380952380952,0.411764705882353
100,1,"poisson",1,"zip",298,1,0,0.166666666666667,0.0663900414937759,0.473684210526316,0.0952380952380952,0.470588235294118
100,1,"poisson",1,"zinb",294,5,0,0.0833333333333333,0.0168776371308017,0.368421052631579,0,0.176470588235294
20,2,"poisson",1,"naive",262,0,0,0,0.0506912442396313,0.105263157894737,0,0.111111111111111
20,2,"poisson",1,"depthcov",262,0,0,0,0.00921658986175115,0.105263157894737,0,0
20,2,"poisson",1,"er_lm",262,0,0,0,0.0552995391705069,0.157894736842105,0.117647058823529,0.222222222222222
20,2,"poisson",1,"abund_ztnb_t",197,65,0,0,0.096969696969697,0,0.230769230769231,0.142857142857143
20,2,"poisson",1,"abund_ztnb",198,64,0,0,0.114457831325301,0.25,0.384615384615385,0.142857142857143
20,2,"poisson",1,"abund_lm_depth",198,64,0,0,0.0481927710843374,0.0833333333333333,0.230769230769231,0.142857142857143
20,2,"poisson",1,"abund_lm",198,64,0,0,0.072289156626506,0.166666666666667,0.307692307692308,0.142857142857143
20,2,"poisson",1,"occ_depth",262,0,0,0,0.0645161290322581,0.157894736842105,0.0588235294117647,0.222222222222222
20,2,"poisson",1,"occ_full",262,0,0,0,0.0829493087557604,0.157894736842105,0,0.222222222222222
20,2,"poisson",1,"occ_lmd",262,0,0,0,0.0875576036866359,0.157894736842105,0,0.222222222222222
20,2,"poisson",1,"occ_lmd_lN",262,0,0,0,0.0829493087557604,0.263157894736842,0.0588235294117647,0.222222222222222
20,2,"poisson",1,"occ_ztnb",198,64,0,0,0.072289156626506,0.166666666666667,0.153846153846154,0.142857142857143
20,2,"poisson",1,"occ_ztnb_lN",198,64,0,0,0.0843373493975904,0.25,0.0769230769230769,0
20,2,"poisson",1,"zip",250,12,0,0,0.0144230769230769,0.117647058823529,0,0.125
20,2,"poisson",1,"zinb",0,262,0,NA,NA,NA,NA,NA
50,2,"poisson",1,"naive",296,0,1,0,0.0956521739130435,0.208333333333333,0.227272727272727,0.6
50,2,"poisson",1,"depthcov",296,0,0,0,0.0434782608695652,0.0833333333333333,0.136363636363636,0.35
50,2,"poisson",1,"er_lm",296,0,0,0.159090909090909,0.0478260869565217,0.125,0.227272727272727,0.6
50,2,"poisson",1,"abund_ztnb_t",278,18,0,0.230769230769231,0.0691244239631336,0,0.523809523809524,0.5
50,2,"poisson",1,"abund_ztnb",281,15,0.111111111111111,0.2,0.0867579908675799,0,0.571428571428571,0.421052631578947
50,2,"poisson",1,"abund_lm_depth",281,15,0,0,0.0365296803652968,0,0.380952380952381,0.315789473684211
50,2,"poisson",1,"abund_lm",281,15,0,0.225,0.114155251141553,0.0909090909090909,0.571428571428571,0.631578947368421
50,2,"poisson",1,"occ_depth",296,0,0,0,0.0695652173913043,0.125,0.181818181818182,0.5
50,2,"poisson",1,"occ_full",296,0,0.5,0.0227272727272727,0.0869565217391304,0.125,0.227272727272727,0.45
50,2,"poisson",1,"occ_lmd",296,0,0.5,0.0227272727272727,0.0739130434782609,0.125,0.227272727272727,0.5
50,2,"poisson",1,"occ_lmd_lN",296,0,0,0.0227272727272727,0.0391304347826087,0.0833333333333333,0.136363636363636,0.35
50,2,"poisson",1,"occ_ztnb",281,15,1,0,0.0730593607305936,0.136363636363636,0.0476190476190476,0.368421052631579
50,2,"poisson",1,"occ_ztnb_lN",281,15,0,0.024390243902439,0.0410958904109589,0.181818181818182,0.142857142857143,0.315789473684211
50,2,"poisson",1,"zip",294,2,0,0,0.0614035087719298,0.125,0.0454545454545455,0.5
50,2,"poisson",1,"zinb",292,4,0,0,0.0132743362831858,0.0833333333333333,0,0.1
100,2,"poisson",1,"naive",300,0,0.347826086956522,0.306122448979592,0.121739130434783,0.642857142857143,0.238095238095238,0.523809523809524
100,2,"poisson",1,"depthcov",300,0,0,0.122448979591837,0.0782608695652174,0.464285714285714,0.285714285714286,0.333333333333333
100,2,"poisson",1,"er_lm",300,0,0.333333333333333,0.285714285714286,0.0434782608695652,0.571428571428571,0.523809523809524,0.523809523809524
100,2,"poisson",1,"abund_ztnb_t",295,5,0.206896551724138,0.560975609756098,0.092511013215859,0.148148148148148,0.571428571428571,0.7
100,2,"poisson",1,"abund_ztnb",296,4,0.233333333333333,0.560975609756098,0.0964912280701754,0.148148148148148,0.571428571428571,0.7
100,2,"poisson",1,"abund_lm_depth",296,4,0.0555555555555556,0.414634146341463,0.0657894736842105,0.0740740740740741,0.571428571428571,0.7
100,2,"poisson",1,"abund_lm",296,4,0.4,0.658536585365854,0.179824561403509,0.296296296296296,0.714285714285714,0.8
100,2,"poisson",1,"occ_depth",300,0,0.142857142857143,0.36734693877551,0.0565217391304348,0.642857142857143,0.333333333333333,0.619047619047619
100,2,"poisson",1,"occ_full",300,0,0.193548387096774,0.510204081632653,0.091304347826087,0.642857142857143,0.238095238095238,0.571428571428571
100,2,"poisson",1,"occ_lmd",300,0,0.193548387096774,0.510204081632653,0.0956521739130435,0.607142857142857,0.238095238095238,0.571428571428571
100,2,"poisson",1,"occ_lmd_lN",300,0,0,0.183673469387755,0.0869565217391304,0.607142857142857,0.238095238095238,0.476190476190476
100,2,"poisson",1,"occ_ztnb",296,4,0.181818181818182,0.382978723404255,0.0833333333333333,0.481481481481481,0.19047619047619,0.5
100,2,"poisson",1,"occ_ztnb_lN",296,4,0.25,0.127659574468085,0.0745614035087719,0.481481481481481,0.0952380952380952,0.5
100,2,"poisson",1,"zip",298,2,0.0909090909090909,0.212765957446809,0.0652173913043478,0.481481481481481,0.142857142857143,0.5
100,2,"poisson",1,"zinb",292,8,0,0.148936170212766,0.0133928571428571,0.222222222222222,0.0476190476190476,0.3
20,4,"poisson",1,"naive",273,0,0,0,0.0515021459227468,0.0833333333333333,0.111111111111111,0.1
20,4,"poisson",1,"depthcov",273,0,0,0,0.00429184549356223,0,0,0
20,4,"poisson",1,"er_lm",273,0,0,0,0.0600858369098712,0.0833333333333333,0.222222222222222,0.2
20,4,"poisson",1,"abund_ztnb_t",226,47,0,0,0.077720207253886,0,0.2,0
20,4,"poisson",1,"abund_ztnb",227,46,0,0,0.118556701030928,0,0.266666666666667,0
20,4,"poisson",1,"abund_lm_depth",227,46,0,0,0.0515463917525773,0.0909090909090909,0.2,0.285714285714286
20,4,"poisson",1,"abund_lm",227,46,0,0,0.0670103092783505,0.0909090909090909,0.133333333333333,0
20,4,"poisson",1,"occ_depth",273,0,0,0,0.0987124463519313,0,0.222222222222222,0.2
20,4,"poisson",1,"occ_full",273,0,0,0,0.11587982832618,0.0833333333333333,0.0555555555555556,0.1
20,4,"poisson",1,"occ_lmd",273,0,0,0,0.120171673819742,0.0833333333333333,0.111111111111111,0.1
20,4,"poisson",1,"occ_lmd_lN",273,0,0,0,0.0729613733905579,0.0833333333333333,0.222222222222222,0
20,4,"poisson",1,"occ_ztnb",227,46,0,0,0.077319587628866,0,0,0.285714285714286
20,4,"poisson",1,"occ_ztnb_lN",227,46,0,0,0.0618556701030928,0.0909090909090909,0.133333333333333,0.142857142857143
20,4,"poisson",1,"zip",261,12,0,0,0.0225225225225225,0,0,0
20,4,"poisson",1,"zinb",0,273,0,NA,NA,NA,NA,NA
50,4,"poisson",1,"naive",294,0,0.375,0.151515151515152,0.1440329218107,0.434782608695652,0.222222222222222,0.4
50,4,"poisson",1,"depthcov",294,0,0,0,0.0452674897119342,0.347826086956522,0,0.1
50,4,"poisson",1,"er_lm",294,0,0.6,0.0606060606060606,0.0534979423868313,0.347826086956522,0.333333333333333,0.3
50,4,"poisson",1,"abund_ztnb_t",282,12,0.2,0.296296296296296,0.0811965811965812,0.142857142857143,0.529411764705882,0.6
50,4,"poisson",1,"abund_ztnb",283,11,0.25,0.222222222222222,0.102127659574468,0.142857142857143,0.588235294117647,0.6
50,4,"poisson",1,"abund_lm_depth",283,11,0,0,0.0851063829787234,0,0.352941176470588,0.2
50,4,"poisson",1,"abund_lm",283,11,0.4,0.333333333333333,0.191489361702128,0.142857142857143,0.647058823529412,0.7
50,4,"poisson",1,"occ_depth",294,0,0,0.0606060606060606,0.0411522633744856,0.478260869565217,0.222222222222222,0.3
50,4,"poisson",1,"occ_full",294,0,0,0.151515151515152,0.0946502057613169,0.478260869565217,0.111111111111111,0.4
50,4,"poisson",1,"occ_lmd",294,0,0,0.151515151515152,0.0946502057613169,0.521739130434783,0.111111111111111,0.4
50,4,"poisson",1,"occ_lmd_lN",294,0,0,0,0.0740740740740741,0.391304347826087,0.0555555555555556,0.1
50,4,"poisson",1,"occ_ztnb",283,11,0,0.0645161290322581,0.0765957446808511,0.428571428571429,0.117647058823529,0.3
50,4,"poisson",1,"occ_ztnb_lN",283,11,0,0,0.0851063829787234,0.380952380952381,0,0.1
50,4,"poisson",1,"zip",290,4,0,0,0.05,0.391304347826087,0.117647058823529,0.2
50,4,"poisson",1,"zinb",288,6,0,0,0.0126050420168067,0.260869565217391,0.117647058823529,0.2
100,4,"poisson",1,"naive",299,0,0.509433962264151,0.565217391304348,0.273913043478261,0.769230769230769,0.260869565217391,0.6
100,4,"poisson",1,"depthcov",299,0,0,0,0.0608695652173913,0.153846153846154,0.130434782608696,0.15
100,4,"poisson",1,"er_lm",299,0,0.28,0.391304347826087,0.0434782608695652,0.576923076923077,0.478260869565217,0.55
100,4,"poisson",1,"abund_ztnb_t",299,0,0.241379310344828,0.511627906976744,0.126086956521739,0.0769230769230769,0.739130434782609,0.5
100,4,"poisson",1,"abund_ztnb",299,0,0.1,0.418604651162791,0.11304347826087,0.115384615384615,0.652173913043478,0.45
100,4,"poisson",1,"abund_lm_depth",299,0,0,0.0697674418604651,0.0478260869565217,0.0384615384615385,0.434782608695652,0.2
100,4,"poisson",1,"abund_lm",299,0,0.604938271604938,0.744186046511628,0.343478260869565,0.346153846153846,0.91304347826087,0.75
100,4,"poisson",1,"occ_depth",299,0,0.173913043478261,0.41304347826087,0.0652173913043478,0.730769230769231,0.260869565217391,0.65
100,4,"poisson",1,"occ_full",299,0,0.324324324324324,0.543478260869565,0.143478260869565,0.769230769230769,0.217391304347826,0.65
100,4,"poisson",1,"occ_lmd",299,0,0.365853658536585,0.565217391304348,0.156521739130435,0.769230769230769,0.217391304347826,0.65
100,4,"poisson",1,"occ_lmd_lN",299,0,0,0,0.0782608695652174,0.192307692307692,0.0869565217391304,0.15
100,4,"poisson",1,"occ_ztnb",299,0,0.2,0.347826086956522,0.104347826086957,0.653846153846154,0.217391304347826,0.5
100,4,"poisson",1,"occ_ztnb_lN",299,0,0,0,0.0869565217391304,0.230769230769231,0.0434782608695652,0.1
100,4,"poisson",1,"zip",299,0,0.363636363636364,0.456521739130435,0.130434782608696,0.653846153846154,0.217391304347826,0.55
100,4,"poisson",1,"zinb",293,6,0,0.152173913043478,0.0267857142857143,0.461538461538462,0.173913043478261,0.35
20,1,"nb",1,"naive",246,0,0,0,0.0152284263959391,0.0526315789473684,0.111111111111111,0.166666666666667
20,1,"nb",1,"depthcov",246,0,0,0,0.0152284263959391,0.0526315789473684,0.111111111111111,0.166666666666667
20,1,"nb",1,"er_lm",246,0,0,0,0.0558375634517767,0.157894736842105,0.277777777777778,0.333333333333333
20,1,"nb",1,"abund_ztnb_t",184,62,0,0,0.0408163265306122,0,0.25,0.181818181818182
20,1,"nb",1,"abund_ztnb",185,61,0,0,0.108108108108108,0.214285714285714,0.416666666666667,0.181818181818182
20,1,"nb",1,"abund_lm_depth",184,62,0,0,0.0612244897959184,0,0.0833333333333333,0.181818181818182
20,1,"nb",1,"abund_lm",185,61,0,0,0.0405405405405405,0.0714285714285714,0.0833333333333333,0.181818181818182
20,1,"nb",1,"occ_depth",246,0,0,0,0.106598984771574,0.315789473684211,0.277777777777778,0.333333333333333
20,1,"nb",1,"occ_full",246,0,0,0,0.0964467005076142,0.263157894736842,0.166666666666667,0.166666666666667
20,1,"nb",1,"occ_lmd",246,0,0,0,0.0761421319796954,0.263157894736842,0.166666666666667,0.25
20,1,"nb",1,"occ_lmd_lN",246,0,0,0,0.0862944162436548,0.210526315789474,0.222222222222222,0.25
20,1,"nb",1,"occ_ztnb",185,61,0,0,0.0608108108108108,0.0714285714285714,0.0833333333333333,0.181818181818182
20,1,"nb",1,"occ_ztnb_lN",185,61,0,0,0.0810810810810811,0.142857142857143,0.0833333333333333,0.272727272727273
20,1,"nb",1,"zip",232,14,0,0,0.0106382978723404,0,0,0.0833333333333333
20,1,"nb",1,"zinb",0,246,0,NA,NA,NA,NA,NA
50,1,"nb",1,"naive",293,0,0,0,0.0429184549356223,0.368421052631579,0.05,0.380952380952381
50,1,"nb",1,"depthcov",293,0,0,0,0.0515021459227468,0.315789473684211,0.05,0.380952380952381
50,1,"nb",1,"er_lm",293,0,0,0,0.0429184549356223,0.263157894736842,0.15,0.476190476190476
50,1,"nb",1,"abund_ztnb_t",272,21,0.333333333333333,0.105263157894737,0.0875576036866359,0.176470588235294,0.368421052631579,0.315789473684211
50,1,"nb",1,"abund_ztnb",273,20,0.142857142857143,0.153846153846154,0.110599078341014,0.176470588235294,0.35,0.421052631578947
50,1,"nb",1,"abund_lm_depth",273,20,0,0,0.032258064516129,0.0588235294117647,0.3,0.315789473684211
50,1,"nb",1,"abund_lm",273,20,0,0.0512820512820513,0.032258064516129,0.117647058823529,0.3,0.315789473684211
50,1,"nb",1,"occ_depth",293,0,0,0,0.0729613733905579,0.368421052631579,0.05,0.428571428571429
50,1,"nb",1,"occ_full",293,0,0,0,0.0600858369098712,0.421052631578947,0,0.380952380952381
50,1,"nb",1,"occ_lmd",293,0,0,0,0.055793991416309,0.473684210526316,0,0.428571428571429
50,1,"nb",1,"occ_lmd_lN",293,0,0,0,0.0600858369098712,0.421052631578947,0.05,0.476190476190476
50,1,"nb",1,"occ_ztnb",273,20,0,0.0277777777777778,0.115207373271889,0.352941176470588,0.1,0.368421052631579
50,1,"nb",1,"occ_ztnb_lN",273,20,0,0.0277777777777778,0.119815668202765,0.411764705882353,0.1,0.421052631578947
50,1,"nb",1,"zip",291,2,0,0,0.0517241379310345,0.315789473684211,0,0.2
50,1,"nb",1,"zinb",289,4,0,0,0.0173913043478261,0.105263157894737,0,0.05
100,1,"nb",1,"naive",298,0,0.0833333333333333,0.239130434782609,0.0735930735930736,0.461538461538462,0.19047619047619,0.7
100,1,"nb",1,"depthcov",298,0,0,0.130434782608696,0.0562770562770563,0.5,0.238095238095238,0.6
100,1,"nb",1,"er_lm",298,0,0.0625,0.326086956521739,0.0606060606060606,0.5,0.380952380952381,0.75
100,1,"nb",1,"abund_ztnb_t",290,8,0.25,0.230769230769231,0.101769911504425,0.08,0.45,0.526315789473684
100,1,"nb",1,"abund_ztnb",291,7,0.166666666666667,0.256410256410256,0.105726872246696,0.12,0.45,0.473684210526316
100,1,"nb",1,"abund_lm_depth",291,7,0,0.153846153846154,0.0572687224669604,0,0.35,0.526315789473684
100,1,"nb",1,"abund_lm",291,7,0.125,0.179487179487179,0.066079295154185,0,0.3,0.421052631578947
100,1,"nb",1,"occ_depth",298,0,0.238095238095238,0.347826086956522,0.0822510822510823,0.5,0.285714285714286,0.7
100,1,"nb",1,"occ_full",298,0,0.111111111111111,0.173913043478261,0.0909090909090909,0.5,0.19047619047619,0.7
100,1,"nb",1,"occ_lmd",298,0,0.1,0.195652173913043,0.0779220779220779,0.461538461538462,0.19047619047619,0.75
100,1,"nb",1,"occ_lmd_lN",298,0,0.25,0.130434782608696,0.0692640692640693,0.615384615384615,0.285714285714286,0.65
100,1,"nb",1,"occ_ztnb",291,7,0.4,0.136363636363636,0.079295154185022,0.32,0.2,0.315789473684211
100,1,"nb",1,"occ_ztnb_lN",291,7,0.4,0.136363636363636,0.066079295154185,0.32,0.2,0.315789473684211
100,1,"nb",1,"zip",294,4,0,0.0681818181818182,0.0652173913043478,0.44,0.1,0.473684210526316
100,1,"nb",1,"zinb",285,13,0,0.0232558139534884,0.0134529147982063,0.125,0.0526315789473684,0.157894736842105
20,2,"nb",1,"naive",254,0,0,0,0.0480769230769231,0.1,0.1,0
20,2,"nb",1,"depthcov",254,0,0,0,0.00961538461538462,0.1,0.05,0
20,2,"nb",1,"er_lm",254,0,1,0,0.0721153846153846,0.2,0.15,0.125
20,2,"nb",1,"abund_ztnb_t",189,65,0,0,0.0382165605095541,0.428571428571429,0.266666666666667,0.4
20,2,"nb",1,"abund_ztnb",192,62,0,0,0.075,0.571428571428571,0.4,0.3
20,2,"nb",1,"abund_lm_depth",192,62,0,0,0.05,0.142857142857143,0.133333333333333,0.1
20,2,"nb",1,"abund_lm",192,62,0,0,0.04375,0.285714285714286,0.0666666666666667,0.2
20,2,"nb",1,"occ_depth",254,0,1,0,0.0817307692307692,0.3,0.2,0.3125
20,2,"nb",1,"occ_full",254,0,1,0,0.0721153846153846,0.3,0.1,0.25
20,2,"nb",1,"occ_lmd",254,0,1,0,0.0673076923076923,0.3,0.1,0.25
20,2,"nb",1,"occ_lmd_lN",254,0,1,0,0.0576923076923077,0.2,0.25,0.125
20,2,"nb",1,"occ_ztnb",192,62,0,0,0.06875,0.285714285714286,0.133333333333333,0
20,2,"nb",1,"occ_ztnb_lN",192,62,1,0,0.06875,0.142857142857143,0.133333333333333,0
20,2,"nb",1,"zip",248,6,0,0,0.0388349514563107,0,0.0526315789473684,0
20,2,"nb",1,"zinb",0,254,0,NA,NA,NA,NA,NA
50,2,"nb",1,"naive",291,0,0,0.0555555555555556,0.0815450643776824,0.529411764705882,0.136363636363636,0.421052631578947
50,2,"nb",1,"depthcov",291,0,0,0,0.0472103004291846,0.470588235294118,0.136363636363636,0.368421052631579
50,2,"nb",1,"er_lm",291,0,0,0.0555555555555556,0.0515021459227468,0.470588235294118,0.227272727272727,0.368421052631579
50,2,"nb",1,"abund_ztnb_t",275,16,0.5,0.0256410256410256,0.123287671232877,0.117647058823529,0.333333333333333,0.277777777777778
50,2,"nb",1,"abund_ztnb",277,14,0,0,0.126696832579186,0.117647058823529,0.285714285714286,0.333333333333333
50,2,"nb",1,"abund_lm_depth",277,14,0,0,0.0678733031674208,0,0.238095238095238,0.166666666666667
50,2,"nb",1,"abund_lm",277,14,0.5,0.0256410256410256,0.0904977375565611,0.0588235294117647,0.333333333333333,0.388888888888889
50,2,"nb",1,"occ_depth",291,0,0,0.0833333333333333,0.055793991416309,0.588235294117647,0.0909090909090909,0.421052631578947
50,2,"nb",1,"occ_full",291,0,0,0.0277777777777778,0.055793991416309,0.529411764705882,0.0909090909090909,0.473684210526316
50,2,"nb",1,"occ_lmd",291,0,0,0.0277777777777778,0.0643776824034335,0.529411764705882,0.0909090909090909,0.421052631578947
50,2,"nb",1,"occ_lmd_lN",291,0,0,0.0555555555555556,0.0600858369098712,0.470588235294118,0.0909090909090909,0.421052631578947
50,2,"nb",1,"occ_ztnb",277,14,0,0.0285714285714286,0.0316742081447964,0.529411764705882,0.19047619047619,0.333333333333333
50,2,"nb",1,"occ_ztnb_lN",277,14,0,0.0285714285714286,0.0407239819004525,0.411764705882353,0.0952380952380952,0.444444444444444
50,2,"nb",1,"zip",287,4,0,0.0277777777777778,0.0393013100436681,0.529411764705882,0.0909090909090909,0.315789473684211
50,2,"nb",1,"zinb",284,7,0,0,0.00442477876106195,0.176470588235294,0,0.0526315789473684
100,2,"nb",1,"naive",300,0,0.363636363636364,0.2,0.129166666666667,0.578947368421053,0.16,0.375
100,2,"nb",1,"depthcov",300,0,0,0,0.0166666666666667,0.368421052631579,0.16,0.3125
100,2,"nb",1,"er_lm",300,0,0.25,0.171428571428571,0.0791666666666667,0.421052631578947,0.52,0.625
100,2,"nb",1,"abund_ztnb_t",295,5,0,0.175,0.0889830508474576,0.105263157894737,0.52,0.4
100,2,"nb",1,"abund_ztnb",296,4,0,0.125,0.0843881856540084,0.105263157894737,0.52,0.333333333333333
100,2,"nb",1,"abund_lm_depth",296,4,0,0.05,0.0548523206751055,0.0526315789473684,0.44,0.133333333333333
100,2,"nb",1,"abund_lm",296,4,0.2,0.3,0.130801687763713,0.105263157894737,0.6,0.4
100,2,"nb",1,"occ_depth",300,0,0.2,0.228571428571429,0.0875,0.578947368421053,0.08,0.625
100,2,"nb",1,"occ_full",300,0,0.125,0.2,0.0958333333333333,0.631578947368421,0.12,0.5625
100,2,"nb",1,"occ_lmd",300,0,0.111111111111111,0.228571428571429,0.1,0.684210526315789,0.08,0.625
100,2,"nb",1,"occ_lmd_lN",300,0,0.25,0.0857142857142857,0.025,0.421052631578947,0.12,0.4375
100,2,"nb",1,"occ_ztnb",296,4,0,0.0588235294117647,0.0717299578059072,0.526315789473684,0.04,0.333333333333333
100,2,"nb",1,"occ_ztnb_lN",296,4,0,0.0294117647058824,0.0421940928270042,0.421052631578947,0.04,0.333333333333333
100,2,"nb",1,"zip",298,2,0.166666666666667,0.147058823529412,0.0836820083682008,0.578947368421053,0.04,0.333333333333333
100,2,"nb",1,"zinb",293,7,0,0,0.0170212765957447,0.315789473684211,0.04,0.142857142857143
20,4,"nb",1,"naive",257,0,0,0,0.0333333333333333,0.25,0.0526315789473684,0.166666666666667
20,4,"nb",1,"depthcov",257,0,0,0,0.0142857142857143,0,0.0526315789473684,0
20,4,"nb",1,"er_lm",257,0,0,0,0.0571428571428571,0.0625,0.157894736842105,0
20,4,"nb",1,"abund_ztnb_t",206,51,0,0,0.100591715976331,0.0909090909090909,0.25,0.2
20,4,"nb",1,"abund_ztnb",206,51,0,0,0.124260355029586,0.0909090909090909,0.3125,0.2
20,4,"nb",1,"abund_lm_depth",206,51,0,0,0.0532544378698225,0.0909090909090909,0.0625,0.1
20,4,"nb",1,"abund_lm",206,51,0,0,0.0828402366863905,0.181818181818182,0.1875,0.1
20,4,"nb",1,"occ_depth",257,0,0,0,0.0571428571428571,0.3125,0.105263157894737,0.25
20,4,"nb",1,"occ_full",257,0,0,0,0.0714285714285714,0.4375,0.105263157894737,0.25
20,4,"nb",1,"occ_lmd",257,0,0,0,0.0571428571428571,0.375,0.0526315789473684,0.25
20,4,"nb",1,"occ_lmd_lN",257,0,0,0,0.0666666666666667,0,0.0526315789473684,0.166666666666667
20,4,"nb",1,"occ_ztnb",206,51,0,0,0.0473372781065089,0.636363636363636,0.0625,0.2
20,4,"nb",1,"occ_ztnb_lN",206,51,0,0,0.0591715976331361,0,0.0625,0.1
20,4,"nb",1,"zip",252,5,0,0,0.00970873786407767,0.266666666666667,0.0526315789473684,0.0833333333333333
20,4,"nb",1,"zinb",0,257,0,NA,NA,NA,NA,NA
50,4,"nb",1,"naive",299,0,0,0.0689655172413793,0.121951219512195,0.6,0.166666666666667,0.111111111111111
50,4,"nb",1,"depthcov",299,0,0,0,0.0691056910569106,0.1,0.0833333333333333,0.111111111111111
50,4,"nb",1,"er_lm",299,0,1,0,0.0772357723577236,0.35,0.208333333333333,0.444444444444444
50,4,"nb",1,"abund_ztnb_t",283,16,0,0,0.0593220338983051,0.105263157894737,0.523809523809524,0.428571428571429
50,4,"nb",1,"abund_ztnb",286,13,0,0,0.0672268907563025,0.105263157894737,0.454545454545455,0.285714285714286
50,4,"nb",1,"abund_lm_depth",286,13,0,0,0.0336134453781513,0,0.0909090909090909,0
50,4,"nb",1,"abund_lm",286,13,0,0,0.130252100840336,0.157894736842105,0.5,0.428571428571429
50,4,"nb",1,"occ_depth",299,0,0,0,0.0609756097560976,0.55,0.166666666666667,0.333333333333333
50,4,"nb",1,"occ_full",299,0,0,0,0.0894308943089431,0.6,0.166666666666667,0.333333333333333
50,4,"nb",1,"occ_lmd",299,0,0,0,0.101626016260163,0.65,0.166666666666667,0.333333333333333
50,4,"nb",1,"occ_lmd_lN",299,0,0,0,0.0853658536585366,0.2,0.0833333333333333,0.222222222222222
50,4,"nb",1,"occ_ztnb",286,13,0,0,0.0756302521008403,0.368421052631579,0.0909090909090909,0.142857142857143
50,4,"nb",1,"occ_ztnb_lN",286,13,1,0,0.0504201680672269,0.210526315789474,0.0909090909090909,0.142857142857143
50,4,"nb",1,"zip",294,5,0,0,0.0740740740740741,0.4,0.0869565217391304,0.125
50,4,"nb",1,"zinb",290,9,0,0,0.0167364016736402,0.15,0,0
100,4,"nb",1,"naive",298,0,0.676923076923077,0.5,0.301724137931034,0.7,0.333333333333333,0.636363636363636
100,4,"nb",1,"depthcov",298,0,0,0,0.0474137931034483,0.35,0.0416666666666667,0.454545454545455
100,4,"nb",1,"er_lm",298,0,0.285714285714286,0.357142857142857,0.0775862068965517,0.55,0.583333333333333,0.772727272727273
100,4,"nb",1,"abund_ztnb_t",296,2,0.454545454545455,0.133333333333333,0.163793103448276,0.105263157894737,0.608695652173913,0.454545454545455
100,4,"nb",1,"abund_ztnb",296,2,0.416666666666667,0.155555555555556,0.155172413793103,0.0526315789473684,0.608695652173913,0.409090909090909
100,4,"nb",1,"abund_lm_depth",296,2,0,0,0.0517241379310345,0.0526315789473684,0.173913043478261,0.0909090909090909
100,4,"nb",1,"abund_lm",296,2,0.666666666666667,0.555555555555556,0.318965517241379,0.210526315789474,0.608695652173913,0.636363636363636
100,4,"nb",1,"occ_depth",298,0,0.125,0.5,0.0818965517241379,0.55,0.333333333333333,0.681818181818182
100,4,"nb",1,"occ_full",298,0,0.41025641025641,0.547619047619048,0.181034482758621,0.65,0.125,0.727272727272727
100,4,"nb",1,"occ_lmd",298,0,0.463414634146341,0.523809523809524,0.198275862068966,0.65,0.125,0.681818181818182
100,4,"nb",1,"occ_lmd_lN",298,0,0,0,0.0603448275862069,0.45,0.0416666666666667,0.409090909090909
100,4,"nb",1,"occ_ztnb",296,2,0.15,0.414634146341463,0.0862068965517241,0.578947368421053,0.130434782608696,0.545454545454545
100,4,"nb",1,"occ_ztnb_lN",296,2,0,0.0487804878048781,0.0775862068965517,0.368421052631579,0.0434782608695652,0.318181818181818
100,4,"nb",1,"zip",298,0,0.346153846153846,0.404761904761905,0.137931034482759,0.65,0.125,0.681818181818182
100,4,"nb",1,"zinb",293,5,0,0.119047619047619,0.0176211453744493,0.25,0,0.363636363636364
20,1,"poisson",2,"naive",257,0,0,0,0.0194174757281553,0.2,0,0.0666666666666667
20,1,"poisson",2,"depthcov",257,0,0,0,0.0145631067961165,0.0666666666666667,0,0.0666666666666667
20,1,"poisson",2,"er_lm",257,0,0,0.0333333333333333,0.0436893203883495,0.2,0.0476190476190476,0.2
20,1,"poisson",2,"abund_ztnb_t",200,57,0,0,0.0691823899371069,0.0833333333333333,0.333333333333333,0.0909090909090909
20,1,"poisson",2,"abund_ztnb",202,55,0,0.0666666666666667,0.1125,0.166666666666667,0.444444444444444,0.25
20,1,"poisson",2,"abund_lm_depth",202,55,0,0,0.05,0.0833333333333333,0.333333333333333,0.166666666666667
20,1,"poisson",2,"abund_lm",202,55,0,0,0.04375,0.0833333333333333,0.333333333333333,0.166666666666667
20,1,"poisson",2,"occ_depth",257,0,0,0.0333333333333333,0.058252427184466,0.266666666666667,0.0476190476190476,0.333333333333333
20,1,"poisson",2,"occ_full",257,0,0,0.0333333333333333,0.0728155339805825,0.266666666666667,0,0.4
20,1,"poisson",2,"occ_lmd",257,0,0,0.0333333333333333,0.0728155339805825,0.266666666666667,0.0952380952380952,0.4
20,1,"poisson",2,"occ_lmd_lN",257,0,0,0.0333333333333333,0.0970873786407767,0.266666666666667,0.0952380952380952,0.4
20,1,"poisson",2,"occ_ztnb",202,55,0,0.0416666666666667,0.04375,0.333333333333333,0.0555555555555556,0.333333333333333
20,1,"poisson",2,"occ_ztnb_lN",202,55,0,0.0416666666666667,0.075,0.333333333333333,0.111111111111111,0.333333333333333
20,1,"poisson",2,"zip",250,7,0,0,0.0099009900990099,0.133333333333333,0,0.0833333333333333
20,1,"poisson",2,"zinb",0,257,0,NA,NA,NA,NA,NA
50,1,"poisson",2,"naive",294,0,0,0,0.0167364016736402,0.210526315789474,0.227272727272727,0.357142857142857
50,1,"poisson",2,"depthcov",294,0,0,0,0.0167364016736402,0.210526315789474,0.181818181818182,0.5
50,1,"poisson",2,"er_lm",294,0,0,0.0606060606060606,0.0209205020920502,0.210526315789474,0.363636363636364,0.428571428571429
50,1,"poisson",2,"abund_ztnb_t",268,26,0,0,0.0772727272727273,0.235294117647059,0.277777777777778,0.307692307692308
50,1,"poisson",2,"abund_ztnb",268,26,1,0,0.104545454545455,0.294117647058824,0.277777777777778,0.384615384615385
50,1,"poisson",2,"abund_lm_depth",268,26,0,0,0.0409090909090909,0.117647058823529,0.277777777777778,0.153846153846154
50,1,"poisson",2,"abund_lm",268,26,0,0,0.0590909090909091,0.0588235294117647,0.277777777777778,0.230769230769231
50,1,"poisson",2,"occ_depth",294,0,0,0.0606060606060606,0.0460251046025105,0.263157894736842,0.363636363636364,0.5
50,1,"poisson",2,"occ_full",294,0,0,0.0606060606060606,0.0585774058577406,0.421052631578947,0.318181818181818,0.428571428571429
50,1,"poisson",2,"occ_lmd",294,0,0,0.0606060606060606,0.0460251046025105,0.421052631578947,0.318181818181818,0.428571428571429
50,1,"poisson",2,"occ_lmd_lN",294,0,0,0.0909090909090909,0.0627615062761506,0.421052631578947,0.272727272727273,0.428571428571429
50,1,"poisson",2,"occ_ztnb",268,26,0.25,0.2,0.05,0.411764705882353,0.111111111111111,0.384615384615385
50,1,"poisson",2,"occ_ztnb_lN",268,26,0.363636363636364,0.233333333333333,0.109090909090909,0.411764705882353,0.0555555555555556,0.384615384615385
50,1,"poisson",2,"zip",285,9,0,0,0.0213675213675214,0.222222222222222,0.1,0.384615384615385
50,1,"poisson",2,"zinb",282,12,0,0,0.00432900432900433,0.0555555555555556,0.05,0.307692307692308
100,1,"poisson",2,"naive",298,0,0,0.25,0.0614754098360656,0.5625,0.272727272727273,0.625
100,1,"poisson",2,"depthcov",298,0,0.111111111111111,0.25,0.0614754098360656,0.5625,0.318181818181818,0.625
100,1,"poisson",2,"er_lm",298,0,0.555555555555556,0.25,0.0655737704918033,0.5,0.590909090909091,0.6875
100,1,"poisson",2,"abund_ztnb_t",294,4,0.15,0.447368421052632,0.0958333333333333,0,0.727272727272727,0.75
100,1,"poisson",2,"abund_ztnb",294,4,0.15,0.447368421052632,0.1125,0,0.727272727272727,0.75
100,1,"poisson",2,"abund_lm_depth",294,4,0,0.315789473684211,0.0708333333333333,0,0.636363636363636,0.5625
100,1,"poisson",2,"abund_lm",294,4,0,0.315789473684211,0.05,0,0.636363636363636,0.5625
100,1,"poisson",2,"occ_depth",298,0,0.25,0.28125,0.0655737704918033,0.5625,0.318181818181818,0.625
100,1,"poisson",2,"occ_full",298,0,0,0.25,0.0737704918032787,0.5625,0.227272727272727,0.5
100,1,"poisson",2,"occ_lmd",298,0,0,0.21875,0.0737704918032787,0.5625,0.272727272727273,0.5625
100,1,"poisson",2,"occ_lmd_lN",298,0,0,0.21875,0.0778688524590164,0.625,0.272727272727273,0.5625
100,1,"poisson",2,"occ_ztnb",294,4,0.4,0.1875,0.0875,0.375,0.136363636363636,0.25
100,1,"poisson",2,"occ_ztnb_lN",294,4,0.5,0.1875,0.104166666666667,0.375,0.136363636363636,0.25
100,1,"poisson",2,"zip",298,0,0,0.1875,0.0655737704918033,0.5,0.181818181818182,0.375
100,1,"poisson",2,"zinb",293,5,0,0.03125,0.0251046025104603,0.25,0,0.125
20,2,"poisson",2,"naive",266,0,0,0,0.0516431924882629,0.117647058823529,0,0
20,2,"poisson",2,"depthcov",266,0,0,0,0.0234741784037559,0.0588235294117647,0.0476190476190476,0
20,2,"poisson",2,"er_lm",266,0,0,0,0.0469483568075117,0.176470588235294,0.19047619047619,0.2
20,2,"poisson",2,"abund_ztnb_t",219,47,0,0.0416666666666667,0.0441988950276243,0.0714285714285714,0.272727272727273,0.230769230769231
20,2,"poisson",2,"abund_ztnb",222,44,0,0.0416666666666667,0.0983606557377049,0.0666666666666667,0.272727272727273,0.307692307692308
20,2,"poisson",2,"abund_lm_depth",222,44,0,0,0.0655737704918033,0.133333333333333,0.181818181818182,0
20,2,"poisson",2,"abund_lm",222,44,0,0.0416666666666667,0.0765027322404372,0.0666666666666667,0.0909090909090909,0.230769230769231
20,2,"poisson",2,"occ_depth",266,0,0,0.03125,0.0516431924882629,0.176470588235294,0.0952380952380952,0.133333333333333
20,2,"poisson",2,"occ_full",266,0,0.5,0.03125,0.0610328638497653,0.235294117647059,0.0476190476190476,0.133333333333333
20,2,"poisson",2,"occ_lmd",266,0,0.5,0.03125,0.0751173708920188,0.235294117647059,0.0476190476190476,0.133333333333333
20,2,"poisson",2,"occ_lmd_lN",266,0,0,0,0.0610328638497653,0.117647058823529,0.0476190476190476,0.0666666666666667
20,2,"poisson",2,"occ_ztnb",222,44,0.5,0.0357142857142857,0.0491803278688525,0.2,0,0.0769230769230769
20,2,"poisson",2,"occ_ztnb_lN",222,44,0,0,0.0437158469945355,0.0666666666666667,0,0.0769230769230769
20,2,"poisson",2,"zip",256,10,0,0,0.0192307692307692,0.0714285714285714,0,0
20,2,"poisson",2,"zinb",0,266,0,NA,NA,NA,NA,NA
50,2,"poisson",2,"naive",289,0,0,0,0.038961038961039,0.44,0.235294117647059,0.5
50,2,"poisson",2,"depthcov",289,0,0,0,0.0303030303030303,0.44,0.235294117647059,0.4375
50,2,"poisson",2,"er_lm",289,0,0.25,0.0731707317073171,0.0476190476190476,0.36,0.352941176470588,0.4375
50,2,"poisson",2,"abund_ztnb_t",275,14,0.3,0.233333333333333,0.0995475113122172,0.0833333333333333,0.5,0.428571428571429
50,2,"poisson",2,"abund_ztnb",278,11,0.222222222222222,0.225806451612903,0.116591928251121,0.0833333333333333,0.625,0.466666666666667
50,2,"poisson",2,"abund_lm_depth",278,11,0,0.0967741935483871,0.0448430493273543,0,0.375,0.2
50,2,"poisson",2,"abund_lm",278,11,0.25,0.193548387096774,0.0941704035874439,0.0416666666666667,0.4375,0.266666666666667
50,2,"poisson",2,"occ_depth",289,0,0,0.121951219512195,0.0476190476190476,0.52,0.235294117647059,0.625
50,2,"poisson",2,"occ_full",289,0,0.125,0.170731707317073,0.0562770562770563,0.48,0.0588235294117647,0.6875
50,2,"poisson",2,"occ_lmd",289,0,0.125,0.170731707317073,0.051948051948052,0.52,0.0588235294117647,0.6875
50,2,"poisson",2,"occ_lmd_lN",289,0,0,0.0975609756097561,0.0562770562770563,0.48,0.0588235294117647,0.625
50,2,"poisson",2,"occ_ztnb",278,11,0.2,0.102564102564103,0.0762331838565022,0.416666666666667,0,0.6
50,2,"poisson",2,"occ_ztnb_lN",278,11,0,0.102564102564103,0.0807174887892377,0.416666666666667,0,0.6
50,2,"poisson",2,"zip",288,1,0,0,0.0303030303030303,0.375,0.0588235294117647,0.5
50,2,"poisson",2,"zinb",282,7,0,0,0.00444444444444444,0.208333333333333,0,0.3125
100,2,"poisson",2,"naive",298,0,0.181818181818182,0.439024390243902,0.153526970954357,0.636363636363636,0.3125,0.578947368421053
100,2,"poisson",2,"depthcov",298,0,0,0.024390243902439,0.033195020746888,0.545454545454545,0.125,0.473684210526316
100,2,"poisson",2,"er_lm",298,0,0.3125,0.268292682926829,0.0497925311203319,0.636363636363636,0.6875,0.631578947368421
100,2,"poisson",2,"abund_ztnb_t",288,10,0.0833333333333333,0.314285714285714,0.0822510822510823,0,0.6875,0.578947368421053
100,2,"poisson",2,"abund_ztnb",290,8,0.0833333333333333,0.314285714285714,0.0987124463519313,0,0.75,0.578947368421053
100,2,"poisson",2,"abund_lm_depth",289,9,0,0.142857142857143,0.0431034482758621,0,0.3125,0.526315789473684
100,2,"poisson",2,"abund_lm",290,8,0.142857142857143,0.342857142857143,0.124463519313305,0.0454545454545455,0.75,0.578947368421053
100,2,"poisson",2,"occ_depth",298,0,0,0.390243902439024,0.0497925311203319,0.681818181818182,0.125,0.578947368421053
100,2,"poisson",2,"occ_full",298,0,0.05,0.463414634146341,0.0912863070539419,0.681818181818182,0.0625,0.684210526315789
100,2,"poisson",2,"occ_lmd",298,0,0.0476190476190476,0.48780487804878,0.112033195020747,0.681818181818182,0.0625,0.684210526315789
100,2,"poisson",2,"occ_lmd_lN",298,0,0,0.0487804878048781,0.0539419087136929,0.545454545454545,0.0625,0.473684210526316
100,2,"poisson",2,"occ_ztnb",290,8,0.125,0.341463414634146,0.0386266094420601,0.636363636363636,0.0625,0.526315789473684
100,2,"poisson",2,"occ_ztnb_lN",290,8,0.25,0.219512195121951,0.0515021459227468,0.590909090909091,0,0.421052631578947
100,2,"poisson",2,"zip",296,2,0,0.317073170731707,0.0627615062761506,0.636363636363636,0.125,0.526315789473684
100,2,"poisson",2,"zinb",293,5,0,0.024390243902439,0.00847457627118644,0.409090909090909,0,0.421052631578947
20,4,"poisson",2,"naive",271,0,0,0,0.027027027027027,0.105263157894737,0,0.19047619047619
20,4,"poisson",2,"depthcov",271,0,0,0,0.0135135135135135,0.0526315789473684,0.111111111111111,0.0476190476190476
20,4,"poisson",2,"er_lm",271,0,0,0,0.0405405405405405,0.368421052631579,0.222222222222222,0.238095238095238
20,4,"poisson",2,"abund_ztnb_t",219,52,0,0.037037037037037,0.0722222222222222,0.166666666666667,0.375,0.368421052631579
20,4,"poisson",2,"abund_ztnb",219,52,0,0.037037037037037,0.1,0.25,0.5,0.421052631578947
20,4,"poisson",2,"abund_lm_depth",219,52,0,0,0.0444444444444444,0.0833333333333333,0.125,0.157894736842105
20,4,"poisson",2,"abund_lm",219,52,0,0,0.0888888888888889,0.166666666666667,0.25,0.263157894736842
20,4,"poisson",2,"occ_depth",271,0,0,0,0.0540540540540541,0.315789473684211,0.111111111111111,0.238095238095238
20,4,"poisson",2,"occ_full",271,0,0,0,0.0585585585585586,0.315789473684211,0.222222222222222,0.238095238095238
20,4,"poisson",2,"occ_lmd",271,0,0,0,0.045045045045045,0.368421052631579,0.222222222222222,0.19047619047619
20,4,"poisson",2,"occ_lmd_lN",271,0,0,0,0.0720720720720721,0.157894736842105,0.222222222222222,0.19047619047619
20,4,"poisson",2,"occ_ztnb",219,52,0,0,0.0444444444444444,0.166666666666667,0.125,0.210526315789474
20,4,"poisson",2,"occ_ztnb_lN",219,52,0,0,0.0666666666666667,0.0833333333333333,0.125,0.210526315789474
20,4,"poisson",2,"zip",258,13,0,0,0.0186915887850467,0.133333333333333,0,0.142857142857143
20,4,"poisson",2,"zinb",0,271,0,NA,NA,NA,NA,NA
50,4,"poisson",2,"naive",295,0,0.571428571428571,0.115384615384615,0.147410358565737,0.583333333333333,0.166666666666667,0.571428571428571
50,4,"poisson",2,"depthcov",295,0,0,0,0.047808764940239,0.166666666666667,0,0.214285714285714
50,4,"poisson",2,"er_lm",295,0,0,0.153846153846154,0.0358565737051793,0.5,0.333333333333333,0.5
50,4,"poisson",2,"abund_ztnb_t",289,6,0,0.03125,0.13469387755102,0.0833333333333333,0.666666666666667,0.571428571428571
50,4,"poisson",2,"abund_ztnb",289,6,0,0,0.138775510204082,0.0833333333333333,0.611111111111111,0.571428571428571
50,4,"poisson",2,"abund_lm_depth",289,6,0,0,0.0448979591836735,0.0833333333333333,0.333333333333333,0.285714285714286
50,4,"poisson",2,"abund_lm",289,6,0.642857142857143,0.15625,0.155102040816327,0.0833333333333333,0.722222222222222,0.571428571428571
50,4,"poisson",2,"occ_depth",295,0,0,0.0769230769230769,0.051792828685259,0.583333333333333,0.0555555555555556,0.5
50,4,"poisson",2,"occ_full",295,0,0.2,0.153846153846154,0.103585657370518,0.5,0.0555555555555556,0.5
50,4,"poisson",2,"occ_lmd",295,0,0.125,0.269230769230769,0.111553784860558,0.5,0.0555555555555556,0.5
50,4,"poisson",2,"occ_lmd_lN",295,0,0.5,0.0384615384615385,0.0756972111553785,0.25,0,0.285714285714286
50,4,"poisson",2,"occ_ztnb",289,6,0.2,0.153846153846154,0.0653061224489796,0.416666666666667,0.111111111111111,0.357142857142857
50,4,"poisson",2,"occ_ztnb_lN",289,6,0.666666666666667,0.0384615384615385,0.0857142857142857,0.333333333333333,0.0555555555555556,0.285714285714286
50,4,"poisson",2,"zip",292,3,0,0,0.0604838709677419,0.5,0.111111111111111,0.5
50,4,"poisson",2,"zinb",288,7,0,0,0.00409836065573771,0.25,0,0.285714285714286
100,4,"poisson",2,"naive",299,0,0.69047619047619,0.30952380952381,0.292887029288703,0.611111111111111,0.388888888888889,0.416666666666667
100,4,"poisson",2,"depthcov",299,0,0,0,0.0376569037656904,0.555555555555556,0.0555555555555556,0.208333333333333
100,4,"poisson",2,"er_lm",299,0,0.25,0.285714285714286,0.0543933054393305,0.555555555555556,0.555555555555556,0.5
100,4,"poisson",2,"abund_ztnb_t",295,4,0.0625,0.375,0.080168776371308,0.111111111111111,0.555555555555556,0.5
100,4,"poisson",2,"abund_ztnb",295,4,0.0588235294117647,0.4,0.10126582278481,0.111111111111111,0.666666666666667,0.545454545454545
100,4,"poisson",2,"abund_lm_depth",295,4,0,0.025,0.0675105485232067,0.111111111111111,0.388888888888889,0.5
100,4,"poisson",2,"abund_lm",295,4,0.671428571428571,0.575,0.329113924050633,0.388888888888889,0.666666666666667,0.681818181818182
100,4,"poisson",2,"occ_depth",299,0,0,0.285714285714286,0.0711297071129707,0.666666666666667,0.277777777777778,0.458333333333333
100,4,"poisson",2,"occ_full",299,0,0.461538461538462,0.333333333333333,0.121338912133891,0.666666666666667,0.166666666666667,0.541666666666667
100,4,"poisson",2,"occ_lmd",299,0,0.481481481481481,0.333333333333333,0.133891213389121,0.666666666666667,0.166666666666667,0.541666666666667
100,4,"poisson",2,"occ_lmd_lN",299,0,0,0.0238095238095238,0.0502092050209205,0.611111111111111,0.111111111111111,0.208333333333333
100,4,"poisson",2,"occ_ztnb",295,4,0.222222222222222,0.35,0.080168776371308,0.555555555555556,0.111111111111111,0.5
100,4,"poisson",2,"occ_ztnb_lN",295,4,0,0.025,0.0590717299578059,0.555555555555556,0.111111111111111,0.318181818181818
100,4,"poisson",2,"zip",297,2,0.181818181818182,0.219512195121951,0.105042016806723,0.666666666666667,0.111111111111111,0.434782608695652
100,4,"poisson",2,"zinb",291,8,0,0.024390243902439,0.0386266094420601,0.333333333333333,0,0.347826086956522
20,1,"nb",2,"naive",250,0,0,0,0.0252525252525253,0.125,0.0555555555555556,0.1
20,1,"nb",2,"depthcov",250,0,1,0,0.0252525252525253,0.166666666666667,0,0.1
20,1,"nb",2,"er_lm",250,0,0,0,0.0252525252525253,0.0416666666666667,0,0.3
20,1,"nb",2,"abund_ztnb_t",182,68,0,0,0.041958041958042,0,0.266666666666667,0.142857142857143
20,1,"nb",2,"abund_ztnb",182,68,0,0,0.0979020979020979,0,0.466666666666667,0.142857142857143
20,1,"nb",2,"abund_lm_depth",182,68,0,0,0.048951048951049,0,0.0666666666666667,0.142857142857143
20,1,"nb",2,"abund_lm",182,68,0,0,0.034965034965035,0,0.2,0
20,1,"nb",2,"occ_depth",250,0,0,0,0.0707070707070707,0.25,0.111111111111111,0.2
20,1,"nb",2,"occ_full",250,0,0,0,0.095959595959596,0.208333333333333,0.111111111111111,0.2
20,1,"nb",2,"occ_lmd",250,0,0,0,0.0909090909090909,0.208333333333333,0.111111111111111,0.2
20,1,"nb",2,"occ_lmd_lN",250,0,0,0,0.111111111111111,0.25,0.222222222222222,0.2
20,1,"nb",2,"occ_ztnb",182,68,0,0,0.0769230769230769,0.117647058823529,0.0666666666666667,0.285714285714286
20,1,"nb",2,"occ_ztnb_lN",182,68,0,0,0.0769230769230769,0.117647058823529,0.133333333333333,0.285714285714286
20,1,"nb",2,"zip",241,9,0,0,0.0157894736842105,0.0416666666666667,0.0588235294117647,0.1
20,1,"nb",2,"zinb",0,250,0,NA,NA,NA,NA,NA
50,1,"nb",2,"naive",288,0,0,0,0.0263157894736842,0.222222222222222,0.0769230769230769,0.3125
50,1,"nb",2,"depthcov",288,0,0,0,0.0307017543859649,0.222222222222222,0.0769230769230769,0.3125
50,1,"nb",2,"er_lm",288,0,0,0.0882352941176471,0.0614035087719298,0.166666666666667,0.307692307692308,0.3125
50,1,"nb",2,"abund_ztnb_t",257,31,0.166666666666667,0.128205128205128,0.0443349753694581,0.2,0.32,0.142857142857143
50,1,"nb",2,"abund_ztnb",257,31,0.25,0.153846153846154,0.0738916256157636,0.2,0.36,0.285714285714286
50,1,"nb",2,"abund_lm_depth",257,31,0,0.0256410256410256,0.0443349753694581,0.133333333333333,0.24,0.214285714285714
50,1,"nb",2,"abund_lm",257,31,0,0.0256410256410256,0.0246305418719212,0.133333333333333,0.24,0.357142857142857
50,1,"nb",2,"occ_depth",288,0,0,0.147058823529412,0.0745614035087719,0.277777777777778,0.0769230769230769,0.4375
50,1,"nb",2,"occ_full",288,0,0,0.117647058823529,0.0570175438596491,0.277777777777778,0.0769230769230769,0.4375
50,1,"nb",2,"occ_lmd",288,0,0,0.117647058823529,0.0614035087719298,0.277777777777778,0.115384615384615,0.375
50,1,"nb",2,"occ_lmd_lN",288,0,0,0.117647058823529,0.0614035087719298,0.277777777777778,0.115384615384615,0.375
50,1,"nb",2,"occ_ztnb",257,31,0,0.0344827586206897,0.0492610837438424,0.333333333333333,0.04,0.214285714285714
50,1,"nb",2,"occ_ztnb_lN",257,31,0,0.0344827586206897,0.0591133004926108,0.333333333333333,0.08,0.214285714285714
50,1,"nb",2,"zip",284,4,0,0,0.0265486725663717,0.235294117647059,0.0384615384615385,0.0666666666666667
50,1,"nb",2,"zinb",278,10,0,0,0,0.0588235294117647,0,0
100,1,"nb",2,"naive",298,0,0,0.114285714285714,0.0443548387096774,0.45,0.133333333333333,0.466666666666667
100,1,"nb",2,"depthcov",298,0,0,0.114285714285714,0.0403225806451613,0.45,0.133333333333333,0.466666666666667
100,1,"nb",2,"er_lm",298,0,0.222222222222222,0.2,0.0443548387096774,0.45,0.266666666666667,0.6
100,1,"nb",2,"abund_ztnb_t",291,7,0.25,0.222222222222222,0.114285714285714,0.0526315789473684,0.6,0.583333333333333
100,1,"nb",2,"abund_ztnb",292,6,0.25,0.222222222222222,0.121951219512195,0.0526315789473684,0.6,0.583333333333333
100,1,"nb",2,"abund_lm_depth",292,6,0.166666666666667,0.185185185185185,0.0691056910569106,0,0.6,0.25
100,1,"nb",2,"abund_lm",292,6,0,0.185185185185185,0.0528455284552846,0,0.666666666666667,0.333333333333333
100,1,"nb",2,"occ_depth",298,0,0,0.142857142857143,0.0443548387096774,0.45,0.2,0.533333333333333
100,1,"nb",2,"occ_full",298,0,0.25,0.171428571428571,0.0604838709677419,0.5,0.0666666666666667,0.533333333333333
100,1,"nb",2,"occ_lmd",298,0,0.166666666666667,0.142857142857143,0.0524193548387097,0.5,0.0666666666666667,0.533333333333333
100,1,"nb",2,"occ_lmd_lN",298,0,0.285714285714286,0.142857142857143,0.0524193548387097,0.5,0.0666666666666667,0.533333333333333
100,1,"nb",2,"occ_ztnb",292,6,0.714285714285714,0.0645161290322581,0.0975609756097561,0.368421052631579,0.133333333333333,0.416666666666667
100,1,"nb",2,"occ_ztnb_lN",292,6,0.714285714285714,0.0645161290322581,0.105691056910569,0.368421052631579,0.133333333333333,0.416666666666667
100,1,"nb",2,"zip",296,2,0,0.0909090909090909,0.0403225806451613,0.315789473684211,0.133333333333333,0.428571428571429
100,1,"nb",2,"zinb",288,10,0,0,0.00833333333333333,0.157894736842105,0,0.214285714285714
20,2,"nb",2,"naive",257,0,0,0,0.00980392156862745,0.0526315789473684,0,0
20,2,"nb",2,"depthcov",257,0,0,0,0.0147058823529412,0.0526315789473684,0,0.0555555555555556
20,2,"nb",2,"er_lm",257,0,0,0,0.0343137254901961,0.210526315789474,0,0.222222222222222
20,2,"nb",2,"abund_ztnb_t",196,61,0,0,0.051948051948052,0.0833333333333333,0.125,0.285714285714286
20,2,"nb",2,"abund_ztnb",197,60,0,0,0.0967741935483871,0.0833333333333333,0.1875,0.214285714285714
20,2,"nb",2,"abund_lm_depth",197,60,0,0,0.0258064516129032,0,0.0625,0.142857142857143
20,2,"nb",2,"abund_lm",197,60,0,0,0.0387096774193548,0.0833333333333333,0.0625,0.214285714285714
20,2,"nb",2,"occ_depth",257,0,0.5,0.027027027027027,0.0637254901960784,0.263157894736842,0,0.222222222222222
20,2,"nb",2,"occ_full",257,0,0.5,0.027027027027027,0.0784313725490196,0.263157894736842,0,0.277777777777778
20,2,"nb",2,"occ_lmd",257,0,0.5,0.027027027027027,0.0735294117647059,0.210526315789474,0,0.277777777777778
20,2,"nb",2,"occ_lmd_lN",257,0,0,0,0.102941176470588,0.315789473684211,0,0.111111111111111
20,2,"nb",2,"occ_ztnb",197,60,0,0,0.0516129032258065,0.166666666666667,0,0.285714285714286
20,2,"nb",2,"occ_ztnb_lN",197,60,0,0,0.0645161290322581,0.166666666666667,0,0.142857142857143
20,2,"nb",2,"zip",245,12,0,0,0.00510204081632653,0.0625,0,0
20,2,"nb",2,"zinb",0,257,0,NA,NA,NA,NA,NA
50,2,"nb",2,"naive",295,0,0,0.1875,0.0933333333333333,0.428571428571429,0.0454545454545455,0.666666666666667
50,2,"nb",2,"depthcov",295,0,0,0,0.0222222222222222,0.238095238095238,0,0.407407407407407
50,2,"nb",2,"er_lm",295,0,0.166666666666667,0.208333333333333,0.0311111111111111,0.428571428571429,0.136363636363636,0.666666666666667
50,2,"nb",2,"abund_ztnb_t",282,13,0,0.0434782608695652,0.115207373271889,0.157894736842105,0.285714285714286,0.52
50,2,"nb",2,"abund_ztnb",284,11,0.25,0.0638297872340425,0.110091743119266,0.157894736842105,0.318181818181818,0.48
50,2,"nb",2,"abund_lm_depth",284,11,0,0,0.0688073394495413,0.105263157894737,0.136363636363636,0.2
50,2,"nb",2,"abund_lm",284,11,0.5,0.0425531914893617,0.110091743119266,0.105263157894737,0.318181818181818,0.36
50,2,"nb",2,"occ_depth",295,0,0.133333333333333,0.270833333333333,0.0311111111111111,0.571428571428571,0.0454545454545455,0.666666666666667
50,2,"nb",2,"occ_full",295,0,0.181818181818182,0.1875,0.08,0.571428571428571,0,0.703703703703704
50,2,"nb",2,"occ_lmd",295,0,0.181818181818182,0.1875,0.08,0.571428571428571,0,0.703703703703704
50,2,"nb",2,"occ_lmd_lN",295,0,0.142857142857143,0.125,0.0577777777777778,0.380952380952381,0,0.37037037037037
50,2,"nb",2,"occ_ztnb",284,11,0.333333333333333,0.0909090909090909,0.0458715596330275,0.421052631578947,0.0909090909090909,0.36
50,2,"nb",2,"occ_ztnb_lN",284,11,0,0.0681818181818182,0.0458715596330275,0.315789473684211,0.0909090909090909,0.24
50,2,"nb",2,"zip",291,4,0,0,0.0493273542600897,0.4,0.0454545454545455,0.461538461538462
50,2,"nb",2,"zinb",285,10,0,0,0.0091324200913242,0.105263157894737,0,0.115384615384615
100,2,"nb",2,"naive",297,0,0.111111111111111,0.444444444444444,0.146443514644351,0.611111111111111,0.136363636363636,0.666666666666667
100,2,"nb",2,"depthcov",297,0,0,0.166666666666667,0.0251046025104603,0.555555555555556,0.0454545454545455,0.555555555555556
100,2,"nb",2,"er_lm",297,0,0.125,0.388888888888889,0.0418410041841004,0.5,0.181818181818182,0.555555555555556
100,2,"nb",2,"abund_ztnb_t",293,4,0.222222222222222,0.358974358974359,0.0932203389830508,0.111111111111111,0.545454545454545,0.588235294117647
100,2,"nb",2,"abund_ztnb",294,3,0.285714285714286,0.384615384615385,0.0928270042194093,0.111111111111111,0.545454545454545,0.588235294117647
100,2,"nb",2,"abund_lm_depth",294,3,0,0.128205128205128,0.0717299578059072,0.166666666666667,0.318181818181818,0.352941176470588
100,2,"nb",2,"abund_lm",294,3,0.411764705882353,0.256410256410256,0.168776371308017,0.0555555555555556,0.454545454545455,0.529411764705882
100,2,"nb",2,"occ_depth",297,0,0,0.5,0.0460251046025105,0.611111111111111,0.0909090909090909,0.666666666666667
100,2,"nb",2,"occ_full",297,0,0,0.472222222222222,0.0753138075313808,0.611111111111111,0.0454545454545455,0.666666666666667
100,2,"nb",2,"occ_lmd",297,0,0,0.5,0.0794979079497908,0.611111111111111,0.0454545454545455,0.666666666666667
100,2,"nb",2,"occ_lmd_lN",297,0,0.0909090909090909,0.277777777777778,0.0376569037656904,0.611111111111111,0.0454545454545455,0.611111111111111
100,2,"nb",2,"occ_ztnb",294,3,0.142857142857143,0.342857142857143,0.0717299578059072,0.611111111111111,0.0454545454545455,0.647058823529412
100,2,"nb",2,"occ_ztnb_lN",294,3,0.285714285714286,0.142857142857143,0.0548523206751055,0.555555555555556,0.0454545454545455,0.470588235294118
100,2,"nb",2,"zip",297,0,0,0.361111111111111,0.096234309623431,0.611111111111111,0.0909090909090909,0.5
100,2,"nb",2,"zinb",289,8,0,0.0833333333333333,0.0301724137931034,0.277777777777778,0,0.333333333333333
20,4,"nb",2,"naive",269,0,0,0,0.0576923076923077,0.0909090909090909,0.0555555555555556,0.0476190476190476
20,4,"nb",2,"depthcov",269,0,0,0,0.0240384615384615,0,0.0555555555555556,0.0952380952380952
20,4,"nb",2,"er_lm",269,0,0,0.0232558139534884,0.0528846153846154,0.136363636363636,0.0555555555555556,0.142857142857143
20,4,"nb",2,"abund_ztnb_t",229,40,0,0,0.132596685082873,0,0.153846153846154,0.1875
20,4,"nb",2,"abund_ztnb",229,40,0,0,0.165745856353591,0.105263157894737,0.307692307692308,0.1875
20,4,"nb",2,"abund_lm_depth",229,40,0,0,0.0441988950276243,0,0.230769230769231,0.0625
20,4,"nb",2,"abund_lm",229,40,0,0,0.138121546961326,0.0526315789473684,0.153846153846154,0.25
20,4,"nb",2,"occ_depth",269,0,0,0.0232558139534884,0.0528846153846154,0.0909090909090909,0.0555555555555556,0.238095238095238
20,4,"nb",2,"occ_full",269,0,0,0.0232558139534884,0.0721153846153846,0.0909090909090909,0.0555555555555556,0.19047619047619
20,4,"nb",2,"occ_lmd",269,0,0,0.0232558139534884,0.0817307692307692,0.136363636363636,0.0555555555555556,0.19047619047619
20,4,"nb",2,"occ_lmd_lN",269,0,0,0,0.0721153846153846,0.0454545454545455,0.166666666666667,0.142857142857143
20,4,"nb",2,"occ_ztnb",229,40,0,0.0285714285714286,0.0552486187845304,0.105263157894737,0,0.25
20,4,"nb",2,"occ_ztnb_lN",229,40,0,0,0.0552486187845304,0.105263157894737,0.153846153846154,0.1875
20,4,"nb",2,"zip",262,7,0,0,0.0196078431372549,0.0476190476190476,0,0.0526315789473684
20,4,"nb",2,"zinb",0,269,0,NA,NA,NA,NA,NA
50,4,"nb",2,"naive",294,0,0.333333333333333,0.0526315789473684,0.153846153846154,0.388888888888889,0.0909090909090909,0.4
50,4,"nb",2,"depthcov",294,0,0,0,0.047008547008547,0.277777777777778,0.0454545454545455,0.1
50,4,"nb",2,"er_lm",294,0,0.2,0.105263157894737,0.0641025641025641,0.388888888888889,0.318181818181818,0.55
50,4,"nb",2,"abund_ztnb_t",280,14,0.285714285714286,0.125,0.111111111111111,0.133333333333333,0.285714285714286,0.368421052631579
50,4,"nb",2,"abund_ztnb",282,12,0,0.075,0.118942731277533,0.2,0.19047619047619,0.368421052631579
50,4,"nb",2,"abund_lm_depth",282,12,0,0.05,0.066079295154185,0.2,0.0952380952380952,0.368421052631579
50,4,"nb",2,"abund_lm",282,12,0.5625,0.175,0.167400881057269,0.133333333333333,0.571428571428571,0.421052631578947
50,4,"nb",2,"occ_depth",294,0,0,0.184210526315789,0.0769230769230769,0.388888888888889,0.136363636363636,0.55
50,4,"nb",2,"occ_full",294,0,0.25,0.157894736842105,0.141025641025641,0.5,0,0.45
50,4,"nb",2,"occ_lmd",294,0,0.333333333333333,0.210526315789474,0.141025641025641,0.5,0,0.5
50,4,"nb",2,"occ_lmd_lN",294,0,0,0,0.0555555555555556,0.166666666666667,0.0454545454545455,0.15
50,4,"nb",2,"occ_ztnb",282,12,0,0.0294117647058824,0.0837004405286344,0.333333333333333,0,0.263157894736842
50,4,"nb",2,"occ_ztnb_lN",282,12,0,0,0.0616740088105727,0.133333333333333,0.0476190476190476,0.105263157894737
50,4,"nb",2,"zip",287,7,0,0.0285714285714286,0.0782608695652174,0.4375,0.0454545454545455,0.315789473684211
50,4,"nb",2,"zinb",286,8,0,0.0285714285714286,0.0262008733624454,0.1875,0,0.105263157894737
100,4,"nb",2,"naive",299,0,0.564102564102564,0.425,0.22707423580786,0.727272727272727,0.1,0.611111111111111
100,4,"nb",2,"depthcov",299,0,0,0,0.0393013100436681,0.272727272727273,0.1,0.277777777777778
100,4,"nb",2,"er_lm",299,0,0.1,0.225,0.0567685589519651,0.318181818181818,0.133333333333333,0.555555555555556
100,4,"nb",2,"abund_ztnb_t",292,7,0.181818181818182,0.382978723404255,0.115555555555556,0.05,0.655172413793103,0.555555555555556
100,4,"nb",2,"abund_ztnb",293,6,0.25,0.382978723404255,0.115555555555556,0.0476190476190476,0.655172413793103,0.5
100,4,"nb",2,"abund_lm_depth",293,6,0,0,0.0444444444444444,0.0952380952380952,0.413793103448276,0.388888888888889
100,4,"nb",2,"abund_lm",293,6,0.5,0.553191489361702,0.244444444444444,0.285714285714286,0.724137931034483,0.777777777777778
100,4,"nb",2,"occ_depth",299,0,0.142857142857143,0.15,0.0786026200873362,0.454545454545455,0.1,0.555555555555556
100,4,"nb",2,"occ_full",299,0,0.538461538461538,0.15,0.139737991266376,0.545454545454545,0.0666666666666667,0.555555555555556
100,4,"nb",2,"occ_lmd",299,0,0.555555555555556,0.2,0.135371179039301,0.545454545454545,0.0666666666666667,0.555555555555556
100,4,"nb",2,"occ_lmd_lN",299,0,0,0,0.0480349344978166,0.272727272727273,0.133333333333333,0.222222222222222
100,4,"nb",2,"occ_ztnb",293,6,0,0.128205128205128,0.0844444444444444,0.380952380952381,0.137931034482759,0.388888888888889
100,4,"nb",2,"occ_ztnb_lN",293,6,0,0,0.0355555555555556,0.238095238095238,0.172413793103448,0.222222222222222
100,4,"nb",2,"zip",298,1,0.333333333333333,0.1,0.118421052631579,0.545454545454545,0.1,0.611111111111111
100,4,"nb",2,"zinb",293,6,0,0,0.0269058295964126,0.227272727272727,0.0333333333333333,0.222222222222222
20,1,"poisson",3,"naive",260,0,0,0,0.0327102803738318,0.125,0.133333333333333,0.0666666666666667
20,1,"poisson",3,"depthcov",260,0,0,0,0.0327102803738318,0.125,0.133333333333333,0.0666666666666667
20,1,"poisson",3,"er_lm",260,0,0,0,0.0420560747663551,0.4375,0.133333333333333,0.333333333333333
20,1,"poisson",3,"abund_ztnb_t",204,56,0,0,0.0958083832335329,0.0909090909090909,0,0.230769230769231
20,1,"poisson",3,"abund_ztnb",205,55,0,0,0.125,0.0909090909090909,0.230769230769231,0.384615384615385
20,1,"poisson",3,"abund_lm_depth",205,55,0,0.0384615384615385,0.0178571428571429,0.0909090909090909,0.0769230769230769,0.230769230769231
20,1,"poisson",3,"abund_lm",205,55,0,0,0.0178571428571429,0.0909090909090909,0,0.230769230769231
20,1,"poisson",3,"occ_depth",260,0,0,0,0.0514018691588785,0.3125,0.133333333333333,0.266666666666667
20,1,"poisson",3,"occ_full",260,0,0,0,0.0607476635514019,0.3125,0.133333333333333,0.266666666666667
20,1,"poisson",3,"occ_lmd",260,0,0,0,0.0607476635514019,0.375,0.0666666666666667,0.133333333333333
20,1,"poisson",3,"occ_lmd_lN",260,0,0,0.032258064516129,0.088785046728972,0.3125,0.133333333333333,0.266666666666667
20,1,"poisson",3,"occ_ztnb",205,55,0,0,0.0654761904761905,0.181818181818182,0.0769230769230769,0.230769230769231
20,1,"poisson",3,"occ_ztnb_lN",205,55,0,0.0416666666666667,0.0595238095238095,0.181818181818182,0.153846153846154,0.153846153846154
20,1,"poisson",3,"zip",254,6,0,0,0.00943396226415094,0.0769230769230769,0,0
20,1,"poisson",3,"zinb",0,260,0,NA,NA,NA,NA,NA
50,1,"poisson",3,"naive",293,0,0,0,0.0269058295964126,0.478260869565217,0.129032258064516,0.5625
50,1,"poisson",3,"depthcov",293,0,0,0,0.0358744394618834,0.434782608695652,0.129032258064516,0.5
50,1,"poisson",3,"er_lm",293,0,0.25,0.0769230769230769,0.0538116591928251,0.565217391304348,0.225806451612903,0.625
50,1,"poisson",3,"abund_ztnb_t",277,16,0.285714285714286,0.108695652173913,0.0913461538461538,0.0434782608695652,0.354838709677419,0.533333333333333
50,1,"poisson",3,"abund_ztnb",277,16,0.230769230769231,0.217391304347826,0.105769230769231,0.0869565217391304,0.451612903225806,0.6
50,1,"poisson",3,"abund_lm_depth",277,16,0,0.0434782608695652,0.0336538461538462,0.0434782608695652,0.387096774193548,0.333333333333333
50,1,"poisson",3,"abund_lm",277,16,0,0.0434782608695652,0.0480769230769231,0.0434782608695652,0.32258064516129,0.4
50,1,"poisson",3,"occ_depth",293,0,0,0,0.0582959641255605,0.521739130434783,0.0967741935483871,0.5625
50,1,"poisson",3,"occ_full",293,0,0,0,0.0582959641255605,0.521739130434783,0.0967741935483871,0.4375
50,1,"poisson",3,"occ_lmd",293,0,0,0,0.0493273542600897,0.565217391304348,0.0967741935483871,0.4375
50,1,"poisson",3,"occ_lmd_lN",293,0,0,0.0256410256410256,0.0582959641255605,0.608695652173913,0.0967741935483871,0.4375
50,1,"poisson",3,"occ_ztnb",277,16,0,0,0.0528846153846154,0.434782608695652,0.161290322580645,0.333333333333333
50,1,"poisson",3,"occ_ztnb_lN",277,16,0,0.0263157894736842,0.0480769230769231,0.478260869565217,0.161290322580645,0.4
50,1,"poisson",3,"zip",290,3,0,0,0.00909090909090909,0.391304347826087,0.032258064516129,0.3125
50,1,"poisson",3,"zinb",286,7,0,0,0,0.347826086956522,0,0.0625
100,1,"poisson",3,"naive",300,0,0,0.297297297297297,0.0285714285714286,0.647058823529412,0,0.7
100,1,"poisson",3,"depthcov",300,0,0,0.297297297297297,0.0326530612244898,0.647058823529412,0,0.7
100,1,"poisson",3,"er_lm",300,0,0,0.324324324324324,0.0408163265306122,0.588235294117647,0.222222222222222,0.65
100,1,"poisson",3,"abund_ztnb_t",291,9,0.0588235294117647,0.432432432432432,0.0843881856540084,0.0588235294117647,0.611111111111111,0.736842105263158
100,1,"poisson",3,"abund_ztnb",294,6,0,0.394736842105263,0.0878661087866109,0.0588235294117647,0.611111111111111,0.7
100,1,"poisson",3,"abund_lm_depth",294,6,0,0.236842105263158,0.0376569037656904,0.0588235294117647,0.555555555555556,0.55
100,1,"poisson",3,"abund_lm",294,6,0,0.289473684210526,0.0418410041841004,0.0588235294117647,0.555555555555556,0.55
100,1,"poisson",3,"occ_depth",300,0,0,0.432432432432432,0.036734693877551,0.588235294117647,0,0.7
100,1,"poisson",3,"occ_full",300,0,0,0.27027027027027,0.0489795918367347,0.588235294117647,0,0.7
100,1,"poisson",3,"occ_lmd",300,0,0,0.378378378378378,0.0489795918367347,0.647058823529412,0,0.7
100,1,"poisson",3,"occ_lmd_lN",300,0,0,0.297297297297297,0.0612244897959184,0.647058823529412,0,0.7
100,1,"poisson",3,"occ_ztnb",294,6,0.272727272727273,0.216216216216216,0.0585774058577406,0.470588235294118,0,0.45
100,1,"poisson",3,"occ_ztnb_lN",294,6,0.384615384615385,0.216216216216216,0.0794979079497908,0.470588235294118,0.0555555555555556,0.4
100,1,"poisson",3,"zip",300,0,0,0.243243243243243,0.036734693877551,0.411764705882353,0,0.65
100,1,"poisson",3,"zinb",299,1,0,0.027027027027027,0.00409836065573771,0.235294117647059,0,0.3
20,2,"poisson",3,"naive",264,0,0,0,0.0224215246636771,0,0,0.1875
20,2,"poisson",3,"depthcov",264,0,0,0,0.0134529147982063,0,0,0.1875
20,2,"poisson",3,"er_lm",264,0,0,0,0.0224215246636771,0.142857142857143,0,0.3125
20,2,"poisson",3,"abund_ztnb_t",223,41,0,0,0.074468085106383,0.181818181818182,0.1,0.428571428571429
20,2,"poisson",3,"abund_ztnb",223,41,0,0.0833333333333333,0.111702127659574,0.181818181818182,0.2,0.428571428571429
20,2,"poisson",3,"abund_lm_depth",223,41,0,0,0.0478723404255319,0.0909090909090909,0.1,0.357142857142857
20,2,"poisson",3,"abund_lm",223,41,0,0,0.0478723404255319,0,0.2,0.285714285714286
20,2,"poisson",3,"occ_depth",264,0,0,0,0.0672645739910314,0.214285714285714,0,0.4375
20,2,"poisson",3,"occ_full",264,0,0,0,0.0762331838565022,0.214285714285714,0,0.25
20,2,"poisson",3,"occ_lmd",264,0,0,0,0.0717488789237668,0.142857142857143,0,0.375
20,2,"poisson",3,"occ_lmd_lN",264,0,0,0,0.0941704035874439,0.142857142857143,0,0.25
20,2,"poisson",3,"occ_ztnb",223,41,0,0,0.0425531914893617,0.181818181818182,0,0.214285714285714
20,2,"poisson",3,"occ_ztnb_lN",223,41,0,0,0.0957446808510638,0.181818181818182,0,0.142857142857143
20,2,"poisson",3,"zip",256,8,0,0,0.0091324200913242,0,0,0.0714285714285714
20,2,"poisson",3,"zinb",0,264,0,NA,NA,NA,NA,NA
50,2,"poisson",3,"naive",294,0,0,0,0.0570175438596491,0.357142857142857,0.0476190476190476,0.470588235294118
50,2,"poisson",3,"depthcov",294,0,0,0,0.0394736842105263,0.321428571428571,0.0952380952380952,0.294117647058824
50,2,"poisson",3,"er_lm",294,0,0.25,0.0666666666666667,0.043859649122807,0.321428571428571,0.238095238095238,0.470588235294118
50,2,"poisson",3,"abund_ztnb_t",278,16,0.6,0.0555555555555556,0.115740740740741,0.115384615384615,0.333333333333333,0.266666666666667
50,2,"poisson",3,"abund_ztnb",280,14,0.5,0.0833333333333333,0.13302752293578,0.115384615384615,0.380952380952381,0.266666666666667
50,2,"poisson",3,"abund_lm_depth",280,14,0.428571428571429,0.111111111111111,0.055045871559633,0.0769230769230769,0.333333333333333,0.266666666666667
50,2,"poisson",3,"abund_lm",280,14,0.5,0.0277777777777778,0.0917431192660551,0.0384615384615385,0.333333333333333,0.2
50,2,"poisson",3,"occ_depth",294,0,0,0,0.0394736842105263,0.357142857142857,0.0476190476190476,0.588235294117647
50,2,"poisson",3,"occ_full",294,0,0,0,0.0657894736842105,0.357142857142857,0.0476190476190476,0.588235294117647
50,2,"poisson",3,"occ_lmd",294,0,0,0,0.0657894736842105,0.357142857142857,0.0476190476190476,0.588235294117647
50,2,"poisson",3,"occ_lmd_lN",294,0,0,0,0.0657894736842105,0.321428571428571,0.0476190476190476,0.470588235294118
50,2,"poisson",3,"occ_ztnb",280,14,0,0,0.0596330275229358,0.192307692307692,0,0.333333333333333
50,2,"poisson",3,"occ_ztnb_lN",280,14,0.5,0.024390243902439,0.0642201834862385,0.153846153846154,0.0476190476190476,0.2
50,2,"poisson",3,"zip",289,5,0,0,0.0222222222222222,0.25,0.0476190476190476,0.4
50,2,"poisson",3,"zinb",287,7,0,0,0.0134529147982063,0.107142857142857,0,0.2
100,2,"poisson",3,"naive",300,0,0.230769230769231,0.294117647058824,0.102127659574468,0.7,0.193548387096774,0.5
100,2,"poisson",3,"depthcov",300,0,0.333333333333333,0.0588235294117647,0.0765957446808511,0.3,0.129032258064516,0.571428571428571
100,2,"poisson",3,"er_lm",300,0,0.363636363636364,0.205882352941176,0.0297872340425532,0.6,0.548387096774194,0.5
100,2,"poisson",3,"abund_ztnb_t",291,9,0.0666666666666667,0.325581395348837,0.074235807860262,0,0.533333333333333,0.615384615384615
100,2,"poisson",3,"abund_ztnb",293,7,0.0625,0.348837209302326,0.0822510822510823,0,0.566666666666667,0.538461538461538
100,2,"poisson",3,"abund_lm_depth",293,7,0.166666666666667,0.232558139534884,0.051948051948052,0,0.4,0.615384615384615
100,2,"poisson",3,"abund_lm",293,7,0.15,0.395348837209302,0.125541125541126,0.0526315789473684,0.633333333333333,0.461538461538462
100,2,"poisson",3,"occ_depth",300,0,0.166666666666667,0.294117647058824,0.0595744680851064,0.65,0.193548387096774,0.642857142857143
100,2,"poisson",3,"occ_full",300,0,0.153846153846154,0.323529411764706,0.0936170212765957,0.7,0.0967741935483871,0.642857142857143
100,2,"poisson",3,"occ_lmd",300,0,0.230769230769231,0.294117647058824,0.0893617021276596,0.7,0.0967741935483871,0.642857142857143
100,2,"poisson",3,"occ_lmd_lN",300,0,0.166666666666667,0.147058823529412,0.0808510638297872,0.4,0.193548387096774,0.714285714285714
100,2,"poisson",3,"occ_ztnb",293,7,0.538461538461538,0.1875,0.0692640692640693,0.421052631578947,0.1,0.461538461538462
100,2,"poisson",3,"occ_ztnb_lN",293,7,0.666666666666667,0.09375,0.0909090909090909,0.368421052631579,0.133333333333333,0.461538461538462
100,2,"poisson",3,"zip",297,3,0,0,0.0598290598290598,0.631578947368421,0.0645161290322581,0.461538461538462
100,2,"poisson",3,"zinb",292,8,0,0,0.0174672489082969,0.210526315789474,0.032258064516129,0.384615384615385
20,4,"poisson",3,"naive",271,0,0,0,0.0739130434782609,0.375,0.0714285714285714,0.0526315789473684
20,4,"poisson",3,"depthcov",271,0,0,0,0.00869565217391304,0.125,0,0
20,4,"poisson",3,"er_lm",271,0,0,0,0.0521739130434783,0.5,0.0714285714285714,0.157894736842105
20,4,"poisson",3,"abund_ztnb_t",230,41,0,0,0.0564102564102564,0,0.230769230769231,0.176470588235294
20,4,"poisson",3,"abund_ztnb",231,40,0,0.0333333333333333,0.076530612244898,0,0.384615384615385,0.235294117647059
20,4,"poisson",3,"abund_lm_depth",231,40,0,0,0.0612244897959184,0.2,0.153846153846154,0.176470588235294
20,4,"poisson",3,"abund_lm",231,40,0,0,0.0969387755102041,0,0.230769230769231,0.470588235294118
20,4,"poisson",3,"occ_depth",271,0,0,0,0.0608695652173913,0.375,0,0.105263157894737
20,4,"poisson",3,"occ_full",271,0,0,0,0.091304347826087,0.375,0,0.157894736842105
20,4,"poisson",3,"occ_lmd",271,0,0,0,0.091304347826087,0.375,0,0.157894736842105
20,4,"poisson",3,"occ_lmd_lN",271,0,0,0,0.0782608695652174,0.25,0,0.0526315789473684
20,4,"poisson",3,"occ_ztnb",231,40,0,0,0.0663265306122449,0.4,0,0.117647058823529
20,4,"poisson",3,"occ_ztnb_lN",231,40,0,0,0.076530612244898,0.4,0.0769230769230769,0
20,4,"poisson",3,"zip",259,12,0,0,0.0182648401826484,0.285714285714286,0,0.0526315789473684
20,4,"poisson",3,"zinb",0,271,0,NA,NA,NA,NA,NA
50,4,"poisson",3,"naive",295,0,0,0,0.120331950207469,0.411764705882353,0.15,0.411764705882353
50,4,"poisson",3,"depthcov",295,0,0,0,0.045643153526971,0.117647058823529,0.1,0.117647058823529
50,4,"poisson",3,"er_lm",295,0,0.2,0.117647058823529,0.0622406639004149,0.352941176470588,0.25,0.529411764705882
50,4,"poisson",3,"abund_ztnb_t",280,15,0.375,0.138888888888889,0.091703056768559,0,0.55,0.3125
50,4,"poisson",3,"abund_ztnb",281,14,0.5,0.138888888888889,0.0956521739130435,0,0.5,0.3125
50,4,"poisson",3,"abund_lm_depth",281,14,0,0,0.0608695652173913,0,0.3,0.0625
50,4,"poisson",3,"abund_lm",281,14,0.416666666666667,0.194444444444444,0.156521739130435,0.2,0.6,0.4375
50,4,"poisson",3,"occ_depth",295,0,0,0.0882352941176471,0.0580912863070539,0.529411764705882,0.15,0.411764705882353
50,4,"poisson",3,"occ_full",295,0,0.166666666666667,0.147058823529412,0.0788381742738589,0.529411764705882,0.1,0.411764705882353
50,4,"poisson",3,"occ_lmd",295,0,0.166666666666667,0.147058823529412,0.0829875518672199,0.588235294117647,0.1,0.411764705882353
50,4,"poisson",3,"occ_lmd_lN",295,0,0,0,0.0622406639004149,0.235294117647059,0.05,0.117647058823529
50,4,"poisson",3,"occ_ztnb",281,14,0,0,0.0652173913043478,0.4,0,0.4375
50,4,"poisson",3,"occ_ztnb_lN",281,14,0,0,0.0826086956521739,0.133333333333333,0.05,0.125
50,4,"poisson",3,"zip",291,4,0,0,0.0630252100840336,0.375,0.05,0.352941176470588
50,4,"poisson",3,"zinb",287,8,0,0,0.0127659574468085,0.125,0,0.375
100,4,"poisson",3,"naive",299,0,0.63265306122449,0.473684210526316,0.267241379310345,0.75,0.172413793103448,0.833333333333333
100,4,"poisson",3,"depthcov",299,0,0,0,0.0474137931034483,0.4,0.103448275862069,0.444444444444444
100,4,"poisson",3,"er_lm",299,0,0.451612903225806,0.447368421052632,0.0517241379310345,0.55,0.517241379310345,0.777777777777778
100,4,"poisson",3,"abund_ztnb_t",296,3,0.210526315789474,0.319148936170213,0.109170305676856,0.05,0.620689655172414,0.611111111111111
100,4,"poisson",3,"abund_ztnb",297,2,0.285714285714286,0.319148936170213,0.104347826086957,0.1,0.551724137931034,0.555555555555556
100,4,"poisson",3,"abund_lm_depth",296,3,0.3,0.148936170212766,0.100436681222707,0.05,0.413793103448276,0.277777777777778
100,4,"poisson",3,"abund_lm",297,2,0.62962962962963,0.638297872340426,0.317391304347826,0.45,0.724137931034483,0.722222222222222
100,4,"poisson",3,"occ_depth",299,0,0.117647058823529,0.394736842105263,0.0732758620689655,0.7,0.206896551724138,0.722222222222222
100,4,"poisson",3,"occ_full",299,0,0.379310344827586,0.473684210526316,0.150862068965517,0.8,0.103448275862069,0.777777777777778
100,4,"poisson",3,"occ_lmd",299,0,0.4,0.473684210526316,0.15948275862069,0.8,0.103448275862069,0.777777777777778
100,4,"poisson",3,"occ_lmd_lN",299,0,0,0.0789473684210526,0.0603448275862069,0.4,0.103448275862069,0.5
100,4,"poisson",3,"occ_ztnb",297,2,0.307692307692308,0.236842105263158,0.108695652173913,0.65,0.0344827586206897,0.388888888888889
100,4,"poisson",3,"occ_ztnb_lN",297,2,0,0.0789473684210526,0.0347826086956522,0.3,0.0689655172413793,0.222222222222222
100,4,"poisson",3,"zip",297,2,0.25,0.315789473684211,0.1,0.7,0.0689655172413793,0.611111111111111
100,4,"poisson",3,"zinb",291,8,0,0.0526315789473684,0.0266666666666667,0.35,0.0357142857142857,0.277777777777778
20,1,"nb",3,"naive",259,0,0,0,0.0144230769230769,0.05,0.0526315789473684,0.166666666666667
20,1,"nb",3,"depthcov",259,0,0,0,0.0144230769230769,0,0.0526315789473684,0.166666666666667
20,1,"nb",3,"er_lm",259,0,0,0,0.0576923076923077,0.1,0.0526315789473684,0.333333333333333
20,1,"nb",3,"abund_ztnb_t",200,59,0,0,0.0421686746987952,0,0.214285714285714,0.142857142857143
20,1,"nb",3,"abund_ztnb",200,59,1,0,0.102409638554217,0,0.214285714285714,0.142857142857143
20,1,"nb",3,"abund_lm_depth",200,59,0,0,0.0301204819277108,0.0769230769230769,0.0714285714285714,0.142857142857143
20,1,"nb",3,"abund_lm",200,59,0,0,0.0481927710843374,0,0.0714285714285714,0.142857142857143
20,1,"nb",3,"occ_depth",259,0,0,0,0.0865384615384615,0.1,0.0526315789473684,0.416666666666667
20,1,"nb",3,"occ_full",259,0,0,0,0.0817307692307692,0.1,0.0526315789473684,0.333333333333333
20,1,"nb",3,"occ_lmd",259,0,0,0,0.0817307692307692,0.15,0,0.333333333333333
20,1,"nb",3,"occ_lmd_lN",259,0,0,0,0.100961538461538,0.15,0,0.333333333333333
20,1,"nb",3,"occ_ztnb",200,59,0,0,0.0602409638554217,0.0769230769230769,0,0.142857142857143
20,1,"nb",3,"occ_ztnb_lN",200,59,0,0,0.0843373493975904,0.153846153846154,0,0.142857142857143
20,1,"nb",3,"zip",248,11,0,0,0.015,0,0,0.1
20,1,"nb",3,"zinb",0,259,0,NA,NA,NA,NA,NA
50,1,"nb",3,"naive",293,0,0,0.0769230769230769,0.0418410041841004,0.25,0,0.4
50,1,"nb",3,"depthcov",293,0,0,0.0769230769230769,0.0418410041841004,0.291666666666667,0,0.466666666666667
50,1,"nb",3,"er_lm",293,0,0.25,0.0769230769230769,0.0418410041841004,0.25,0.0666666666666667,0.6
50,1,"nb",3,"abund_ztnb_t",274,19,0.285714285714286,0.172413793103448,0.0977777777777778,0.1,0.466666666666667,0.357142857142857
50,1,"nb",3,"abund_ztnb",276,17,0.428571428571429,0.137931034482759,0.119469026548673,0.142857142857143,0.6,0.428571428571429
50,1,"nb",3,"abund_lm_depth",276,17,0.5,0.0344827586206897,0.0530973451327434,0.0952380952380952,0.266666666666667,0.357142857142857
50,1,"nb",3,"abund_lm",276,17,0,0,0.0486725663716814,0.0952380952380952,0.2,0.428571428571429
50,1,"nb",3,"occ_depth",293,0,0,0.0769230769230769,0.0418410041841004,0.291666666666667,0,0.466666666666667
50,1,"nb",3,"occ_full",293,0,0,0.0769230769230769,0.0502092050209205,0.25,0.0666666666666667,0.4
50,1,"nb",3,"occ_lmd",293,0,0,0.0769230769230769,0.0502092050209205,0.25,0,0.4
50,1,"nb",3,"occ_lmd_lN",293,0,0,0.0769230769230769,0.0585774058577406,0.291666666666667,0,0.4
50,1,"nb",3,"occ_ztnb",276,17,0.666666666666667,0.0285714285714286,0.084070796460177,0.142857142857143,0.133333333333333,0.285714285714286
50,1,"nb",3,"occ_ztnb_lN",276,17,0.666666666666667,0.0285714285714286,0.0884955752212389,0.142857142857143,0.133333333333333,0.285714285714286
50,1,"nb",3,"zip",293,0,0,0.0256410256410256,0.0292887029288703,0.208333333333333,0,0.333333333333333
50,1,"nb",3,"zinb",287,6,0,0,0.00854700854700855,0.0869565217391304,0,0.0666666666666667
100,1,"nb",3,"naive",297,0,0,0.13953488372093,0.0432900432900433,0.478260869565217,0.304347826086957,0.7
100,1,"nb",3,"depthcov",297,0,0,0.162790697674419,0.0476190476190476,0.521739130434783,0.304347826086957,0.7
100,1,"nb",3,"er_lm",297,0,0,0.27906976744186,0.0346320346320346,0.478260869565217,0.391304347826087,0.75
100,1,"nb",3,"abund_ztnb_t",284,13,0.111111111111111,0.2,0.10762331838565,0.19047619047619,0.590909090909091,0.388888888888889
100,1,"nb",3,"abund_ztnb",285,12,0.111111111111111,0.2,0.143497757847534,0.181818181818182,0.681818181818182,0.333333333333333
100,1,"nb",3,"abund_lm_depth",285,12,0,0.1,0.062780269058296,0.0909090909090909,0.545454545454545,0.333333333333333
100,1,"nb",3,"abund_lm",285,12,0.166666666666667,0.125,0.062780269058296,0.181818181818182,0.545454545454545,0.388888888888889
100,1,"nb",3,"occ_depth",297,0,0,0.27906976744186,0.0562770562770563,0.521739130434783,0.304347826086957,0.75
100,1,"nb",3,"occ_full",297,0,0,0.186046511627907,0.0735930735930736,0.565217391304348,0.130434782608696,0.65
100,1,"nb",3,"occ_lmd",297,0,0,0.186046511627907,0.0735930735930736,0.521739130434783,0.130434782608696,0.65
100,1,"nb",3,"occ_lmd_lN",297,0,0,0.162790697674419,0.0692640692640693,0.521739130434783,0.130434782608696,0.65
100,1,"nb",3,"occ_ztnb",285,12,0.5,0.1,0.062780269058296,0.227272727272727,0.181818181818182,0.555555555555556
100,1,"nb",3,"occ_ztnb_lN",285,12,0.5,0.1,0.0672645739910314,0.272727272727273,0.181818181818182,0.555555555555556
100,1,"nb",3,"zip",293,4,0,0.142857142857143,0.0263157894736842,0.521739130434783,0.217391304347826,0.526315789473684
100,1,"nb",3,"zinb",285,12,0,0.05,0.0135135135135135,0.142857142857143,0.0434782608695652,0.315789473684211
20,2,"nb",3,"naive",258,0,0,0,0.0275229357798165,0.1875,0.0909090909090909,0
20,2,"nb",3,"depthcov",258,0,0,0,0.0275229357798165,0.0625,0,0
20,2,"nb",3,"er_lm",258,0,0,0,0.0504587155963303,0.1875,0.181818181818182,0.0769230769230769
20,2,"nb",3,"abund_ztnb_t",187,71,0,0,0.0822784810126582,0,0.285714285714286,0.2
20,2,"nb",3,"abund_ztnb",188,70,0,0,0.132075471698113,0,0.428571428571429,0.2
20,2,"nb",3,"abund_lm_depth",188,70,0,0,0.0566037735849057,0,0.285714285714286,0
20,2,"nb",3,"abund_lm",188,70,0,0,0.0566037735849057,0.0833333333333333,0.285714285714286,0.1
20,2,"nb",3,"occ_depth",258,0,0,0,0.0688073394495413,0.3125,0.0909090909090909,0.230769230769231
20,2,"nb",3,"occ_full",258,0,0,0,0.0642201834862385,0.25,0.0909090909090909,0.230769230769231
20,2,"nb",3,"occ_lmd",258,0,0,0,0.0688073394495413,0.25,0.0909090909090909,0.230769230769231
20,2,"nb",3,"occ_lmd_lN",258,0,0,0,0.0871559633027523,0.1875,0,0.153846153846154
20,2,"nb",3,"occ_ztnb",188,70,0,0,0.0440251572327044,0.25,0,0.1
20,2,"nb",3,"occ_ztnb_lN",188,70,0,0,0.0943396226415094,0.0833333333333333,0,0.1
20,2,"nb",3,"zip",247,11,0,0,0.0192307692307692,0.125,0.0909090909090909,0
20,2,"nb",3,"zinb",0,258,0,NA,NA,NA,NA,NA
50,2,"nb",3,"naive",297,0,0,0,0.0769230769230769,0.5,0.222222222222222,0.363636363636364
50,2,"nb",3,"depthcov",297,0,0,0,0.048582995951417,0.2,0.0555555555555556,0.363636363636364
50,2,"nb",3,"er_lm",297,0,0.2,0.125,0.0688259109311741,0.3,0.111111111111111,0.272727272727273
50,2,"nb",3,"abund_ztnb_t",284,13,0,0.0540540540540541,0.104602510460251,0.125,0.388888888888889,0.578947368421053
50,2,"nb",3,"abund_ztnb",285,12,0,0.027027027027027,0.129166666666667,0.125,0.5,0.631578947368421
50,2,"nb",3,"abund_lm_depth",285,12,0,0,0.05,0.125,0.222222222222222,0.421052631578947
50,2,"nb",3,"abund_lm",285,12,0,0.027027027027027,0.1125,0,0.222222222222222,0.421052631578947
50,2,"nb",3,"occ_depth",297,0,0,0.09375,0.0769230769230769,0.4,0.111111111111111,0.454545454545455
50,2,"nb",3,"occ_full",297,0,0,0.09375,0.0890688259109312,0.4,0.166666666666667,0.5
50,2,"nb",3,"occ_lmd",297,0,0,0.09375,0.0850202429149798,0.4,0.0555555555555556,0.5
50,2,"nb",3,"occ_lmd_lN",297,0,0,0,0.0850202429149798,0.2,0.0555555555555556,0.363636363636364
50,2,"nb",3,"occ_ztnb",285,12,0.4,0.111111111111111,0.075,0.125,0.166666666666667,0.526315789473684
50,2,"nb",3,"occ_ztnb_lN",285,12,1,0,0.075,0,0.0555555555555556,0.315789473684211
50,2,"nb",3,"zip",295,2,0,0,0.0528455284552846,0.4,0.0555555555555556,0.380952380952381
50,2,"nb",3,"zinb",287,10,0,0,0.00840336134453781,0.1,0,0.142857142857143
100,2,"nb",3,"naive",299,0,0.5,0.214285714285714,0.150406504065041,0.75,0.4,0.25
100,2,"nb",3,"depthcov",299,0,0,0,0.0650406504065041,0.5625,0.2,0.25
100,2,"nb",3,"er_lm",299,0,0.555555555555556,0.142857142857143,0.0609756097560976,0.6875,0.56,0.666666666666667
100,2,"nb",3,"abund_ztnb_t",294,5,0.285714285714286,0.27027027027027,0.112033195020747,0.1875,0.52,0.416666666666667
100,2,"nb",3,"abund_ztnb",294,5,0.3125,0.297297297297297,0.116182572614108,0.0625,0.52,0.416666666666667
100,2,"nb",3,"abund_lm_depth",294,5,0,0,0.0663900414937759,0.125,0.32,0.333333333333333
100,2,"nb",3,"abund_lm",294,5,0.5,0.486486486486487,0.199170124481328,0.3125,0.6,0.5
100,2,"nb",3,"occ_depth",299,0,0.4,0.214285714285714,0.0691056910569106,0.6875,0.24,0.416666666666667
100,2,"nb",3,"occ_full",299,0,0.4,0.107142857142857,0.134146341463415,0.75,0.32,0.25
100,2,"nb",3,"occ_lmd",299,0,0.4,0.107142857142857,0.134146341463415,0.6875,0.32,0.25
100,2,"nb",3,"occ_lmd_lN",299,0,0,0.0357142857142857,0.0894308943089431,0.5625,0.28,0.333333333333333
100,2,"nb",3,"occ_ztnb",294,5,0.333333333333333,0.0714285714285714,0.0912863070539419,0.4375,0.12,0.25
100,2,"nb",3,"occ_ztnb_lN",294,5,1,0,0.0829875518672199,0.4375,0.08,0
100,2,"nb",3,"zip",296,3,0.333333333333333,0.142857142857143,0.0946502057613169,0.6875,0.2,0.166666666666667
100,2,"nb",3,"zinb",290,9,0,0,0.0210084033613445,0.1875,0.04,0.0909090909090909
20,4,"nb",3,"naive",269,0,0,0,0.0533333333333333,0.307692307692308,0.153846153846154,0.222222222222222
20,4,"nb",3,"depthcov",269,0,0,0,0.00888888888888889,0,0,0
20,4,"nb",3,"er_lm",269,0,0,0,0.0622222222222222,0.153846153846154,0.153846153846154,0.166666666666667
20,4,"nb",3,"abund_ztnb_t",210,59,0,0.0384615384615385,0.114285714285714,0.222222222222222,0.4,0.3125
20,4,"nb",3,"abund_ztnb",212,57,0.833333333333333,0.0384615384615385,0.170454545454545,0.2,0.4,0.3125
20,4,"nb",3,"abund_lm_depth",212,57,0,0,0.0340909090909091,0.1,0.2,0.1875
20,4,"nb",3,"abund_lm",212,57,1,0,0.0965909090909091,0.1,0.3,0.125
20,4,"nb",3,"occ_depth",269,0,0,0,0.08,0.307692307692308,0,0.111111111111111
20,4,"nb",3,"occ_full",269,0,0,0,0.0977777777777778,0.538461538461538,0.0769230769230769,0.222222222222222
20,4,"nb",3,"occ_lmd",269,0,0,0,0.102222222222222,0.461538461538462,0.0769230769230769,0.166666666666667
20,4,"nb",3,"occ_lmd_lN",269,0,0,0,0.0755555555555556,0.0769230769230769,0.153846153846154,0.111111111111111
20,4,"nb",3,"occ_ztnb",212,57,0,0,0.0681818181818182,0.2,0,0.1875
20,4,"nb",3,"occ_ztnb_lN",212,57,0,0,0.0625,0.1,0.1,0.125
20,4,"nb",3,"zip",259,10,0,0,0.0231481481481481,0.166666666666667,0,0.166666666666667
20,4,"nb",3,"zinb",0,269,0,NA,NA,NA,NA,NA
50,4,"nb",3,"naive",296,0,0.5,0.0434782608695652,0.13135593220339,0.555555555555556,0.142857142857143,0.578947368421053
50,4,"nb",3,"depthcov",296,0,0,0,0.0338983050847458,0.111111111111111,0,0.105263157894737
50,4,"nb",3,"er_lm",296,0,0.2,0.0869565217391304,0.0550847457627119,0.37037037037037,0.142857142857143,0.578947368421053
50,4,"nb",3,"abund_ztnb_t",279,17,0,0.0333333333333333,0.0707964601769911,0.217391304347826,0.307692307692308,0.647058823529412
50,4,"nb",3,"abund_ztnb",280,16,0,0.032258064516129,0.0663716814159292,0.217391304347826,0.384615384615385,0.555555555555556
50,4,"nb",3,"abund_lm_depth",280,16,0,0,0.0663716814159292,0.0869565217391304,0.153846153846154,0.111111111111111
50,4,"nb",3,"abund_lm",280,16,0.5,0.0967741935483871,0.141592920353982,0.130434782608696,0.384615384615385,0.333333333333333
50,4,"nb",3,"occ_depth",296,0,0.3,0.152173913043478,0.0805084745762712,0.555555555555556,0.214285714285714,0.473684210526316
50,4,"nb",3,"occ_full",296,0,0.444444444444444,0.108695652173913,0.105932203389831,0.62962962962963,0.142857142857143,0.578947368421053
50,4,"nb",3,"occ_lmd",296,0,0.444444444444444,0.108695652173913,0.110169491525424,0.592592592592593,0.214285714285714,0.578947368421053
50,4,"nb",3,"occ_lmd_lN",296,0,1,0,0.0635593220338983,0.296296296296296,0.0714285714285714,0.157894736842105
50,4,"nb",3,"occ_ztnb",280,16,0.285714285714286,0.121951219512195,0.0663716814159292,0.391304347826087,0.153846153846154,0.277777777777778
50,4,"nb",3,"occ_ztnb_lN",280,16,0,0,0.0575221238938053,0.173913043478261,0.0769230769230769,0.111111111111111
50,4,"nb",3,"zip",288,8,0,0.0238095238095238,0.0818965517241379,0.458333333333333,0.0714285714285714,0.5
50,4,"nb",3,"zinb",284,12,0,0,0.0263157894736842,0.208333333333333,0.0714285714285714,0.166666666666667
100,4,"nb",3,"naive",300,0,0.552631578947368,0.414634146341463,0.226890756302521,0.666666666666667,0.285714285714286,0.565217391304348
100,4,"nb",3,"depthcov",300,0,0,0,0.0336134453781513,0.111111111111111,0,0.347826086956522
100,4,"nb",3,"er_lm",300,0,0.2,0.195121951219512,0.046218487394958,0.444444444444444,0.571428571428571,0.521739130434783
100,4,"nb",3,"abund_ztnb_t",299,1,0.2,0.363636363636364,0.109243697478992,0.176470588235294,0.80952380952381,0.521739130434783
100,4,"nb",3,"abund_ztnb",299,1,0.214285714285714,0.25,0.113445378151261,0.176470588235294,0.80952380952381,0.478260869565217
100,4,"nb",3,"abund_lm_depth",299,1,0,0,0.0672268907563025,0.0588235294117647,0.333333333333333,0.173913043478261
100,4,"nb",3,"abund_lm",299,1,0.5,0.590909090909091,0.260504201680672,0.294117647058824,0.761904761904762,0.652173913043478
100,4,"nb",3,"occ_depth",300,0,0,0.24390243902439,0.0504201680672269,0.444444444444444,0.238095238095238,0.521739130434783
100,4,"nb",3,"occ_full",300,0,0.375,0.24390243902439,0.126050420168067,0.555555555555556,0.238095238095238,0.521739130434783
100,4,"nb",3,"occ_lmd",300,0,0.333333333333333,0.24390243902439,0.126050420168067,0.555555555555556,0.238095238095238,0.521739130434783
100,4,"nb",3,"occ_lmd_lN",300,0,0,0,0.0504201680672269,0.166666666666667,0,0.391304347826087
100,4,"nb",3,"occ_ztnb",299,1,0.166666666666667,0.125,0.0882352941176471,0.294117647058824,0.0952380952380952,0.391304347826087
100,4,"nb",3,"occ_ztnb_lN",299,1,0,0,0.0588235294117647,0.117647058823529,0.0476190476190476,0.217391304347826
100,4,"nb",3,"zip",300,0,0.142857142857143,0.146341463414634,0.109243697478992,0.444444444444444,0.142857142857143,0.521739130434783
100,4,"nb",3,"zinb",294,6,0,0,0.021551724137931,0.222222222222222,0.0476190476190476,0.304347826086957
20,1,"poisson",4,"naive",263,0,0,0,0.0324074074074074,0.125,0,0.0666666666666667
20,1,"poisson",4,"depthcov",263,0,0,0,0.0324074074074074,0.125,0,0.0666666666666667
20,1,"poisson",4,"er_lm",263,0,0,0,0.0740740740740741,0.25,0.125,0.2
20,1,"poisson",4,"abund_ztnb_t",198,65,0,0,0.0666666666666667,0.0769230769230769,0.363636363636364,0
20,1,"poisson",4,"abund_ztnb",198,65,0,0,0.0909090909090909,0.153846153846154,0.545454545454545,0
20,1,"poisson",4,"abund_lm_depth",198,65,0,0,0.0424242424242424,0,0.272727272727273,0.222222222222222
20,1,"poisson",4,"abund_lm",198,65,0,0,0.0484848484848485,0,0.363636363636364,0
20,1,"poisson",4,"occ_depth",263,0,0,0,0.0833333333333333,0.4375,0.0625,0.2
20,1,"poisson",4,"occ_full",263,0,0,0,0.0925925925925926,0.3125,0.0625,0.2
20,1,"poisson",4,"occ_lmd",263,0,0,0,0.087962962962963,0.4375,0.0625,0.2
20,1,"poisson",4,"occ_lmd_lN",263,0,0,0,0.0972222222222222,0.4375,0.0625,0.2
20,1,"poisson",4,"occ_ztnb",198,65,0,0,0.0666666666666667,0.384615384615385,0,0.222222222222222
20,1,"poisson",4,"occ_ztnb_lN",198,65,0,0,0.096969696969697,0.461538461538462,0.0909090909090909,0.222222222222222
20,1,"poisson",4,"zip",254,9,0,0,0.018957345971564,0.0666666666666667,0,0.0769230769230769
20,1,"poisson",4,"zinb",0,263,0,NA,NA,NA,NA,NA
50,1,"poisson",4,"naive",293,0,0,0,0.0436681222707424,0.3,0.0476190476190476,0.434782608695652
50,1,"poisson",4,"depthcov",293,0,0,0,0.0524017467248908,0.3,0.0476190476190476,0.434782608695652
50,1,"poisson",4,"er_lm",293,0,0.111111111111111,0.186046511627907,0.0698689956331878,0.4,0.19047619047619,0.521739130434783
50,1,"poisson",4,"abund_ztnb_t",276,17,0,0.0476190476190476,0.0651162790697674,0.0526315789473684,0.315789473684211,0.304347826086957
50,1,"poisson",4,"abund_ztnb",276,17,0,0.0476190476190476,0.0883720930232558,0.105263157894737,0.368421052631579,0.260869565217391
50,1,"poisson",4,"abund_lm_depth",276,17,0.5,0.0476190476190476,0.0511627906976744,0,0.315789473684211,0.304347826086957
50,1,"poisson",4,"abund_lm",276,17,0,0.0238095238095238,0.0465116279069767,0,0.315789473684211,0.347826086956522
50,1,"poisson",4,"occ_depth",293,0,0,0.0697674418604651,0.0655021834061135,0.4,0,0.434782608695652
50,1,"poisson",4,"occ_full",293,0,0,0.0930232558139535,0.074235807860262,0.35,0,0.391304347826087
50,1,"poisson",4,"occ_lmd",293,0,0,0.0930232558139535,0.074235807860262,0.35,0,0.391304347826087
50,1,"poisson",4,"occ_lmd_lN",293,0,0,0.0930232558139535,0.0960698689956332,0.35,0.0952380952380952,0.391304347826087
50,1,"poisson",4,"occ_ztnb",276,17,0.25,0.0714285714285714,0.0558139534883721,0.315789473684211,0.105263157894737,0.347826086956522
50,1,"poisson",4,"occ_ztnb_lN",276,17,0.25,0.0714285714285714,0.0604651162790698,0.315789473684211,0.105263157894737,0.304347826086957
50,1,"poisson",4,"zip",289,4,0,0,0.0442477876106195,0.210526315789474,0,0.391304347826087
50,1,"poisson",4,"zinb",288,5,0,0,0.0177777777777778,0.210526315789474,0,0.260869565217391
100,1,"poisson",4,"naive",300,0,0,0.214285714285714,0.0468085106382979,0.571428571428571,0.173913043478261,0.642857142857143
100,1,"poisson",4,"depthcov",300,0,0,0.19047619047619,0.0468085106382979,0.642857142857143,0.173913043478261,0.571428571428571
100,1,"poisson",4,"er_lm",300,0,0.153846153846154,0.261904761904762,0.0425531914893617,0.535714285714286,0.391304347826087,0.642857142857143
100,1,"poisson",4,"abund_ztnb_t",294,6,0.0714285714285714,0.361111111111111,0.0952380952380952,0.111111111111111,0.5,0.5
100,1,"poisson",4,"abund_ztnb",296,4,0.117647058823529,0.416666666666667,0.107296137339056,0.148148148148148,0.545454545454545,0.5
100,1,"poisson",4,"abund_lm_depth",296,4,0.0833333333333333,0.305555555555556,0.0515021459227468,0.037037037037037,0.5,0.642857142857143
100,1,"poisson",4,"abund_lm",296,4,0,0.305555555555556,0.0600858369098712,0.037037037037037,0.545454545454545,0.642857142857143
100,1,"poisson",4,"occ_depth",300,0,0.0769230769230769,0.285714285714286,0.0468085106382979,0.714285714285714,0.217391304347826,0.714285714285714
100,1,"poisson",4,"occ_full",300,0,0.0714285714285714,0.30952380952381,0.0638297872340425,0.642857142857143,0.173913043478261,0.642857142857143
100,1,"poisson",4,"occ_lmd",300,0,0.0714285714285714,0.30952380952381,0.0553191489361702,0.678571428571429,0.217391304347826,0.642857142857143
100,1,"poisson",4,"occ_lmd_lN",300,0,0.1,0.214285714285714,0.0553191489361702,0.571428571428571,0.217391304347826,0.571428571428571
100,1,"poisson",4,"occ_ztnb",296,4,0.434782608695652,0.317073170731707,0.0987124463519313,0.555555555555556,0.318181818181818,0.5
100,1,"poisson",4,"occ_ztnb_lN",296,4,0.428571428571429,0.292682926829268,0.0901287553648069,0.592592592592593,0.318181818181818,0.5
100,1,"poisson",4,"zip",299,1,0,0.170731707317073,0.0468085106382979,0.62962962962963,0.130434782608696,0.5
100,1,"poisson",4,"zinb",295,5,0,0,0.00865800865800866,0.259259259259259,0.0434782608695652,0.357142857142857
20,2,"poisson",4,"naive",259,0,0,0,0.0138248847926267,0.142857142857143,0,0.166666666666667
20,2,"poisson",4,"depthcov",259,0,0,0,0.00921658986175115,0,0.0625,0.166666666666667
20,2,"poisson",4,"er_lm",259,0,0,0.0769230769230769,0.0276497695852535,0.142857142857143,0.0625,0.25
20,2,"poisson",4,"abund_ztnb_t",198,61,0,0,0.107142857142857,0,0.25,0
20,2,"poisson",4,"abund_ztnb",200,59,0,0,0.136094674556213,0,0.25,0
20,2,"poisson",4,"abund_lm_depth",200,59,0,0,0.0591715976331361,0,0.0833333333333333,0
20,2,"poisson",4,"abund_lm",200,59,0,0,0.0473372781065089,0,0.0833333333333333,0
20,2,"poisson",4,"occ_depth",259,0,0,0.0769230769230769,0.0506912442396313,0.285714285714286,0.0625,0.25
20,2,"poisson",4,"occ_full",259,0,0,0.0769230769230769,0.0691244239631336,0.214285714285714,0.0625,0.25
20,2,"poisson",4,"occ_lmd",259,0,0,0.0769230769230769,0.0691244239631336,0.285714285714286,0.0625,0.25
20,2,"poisson",4,"occ_lmd_lN",259,0,0,0.0769230769230769,0.0829493087557604,0.142857142857143,0.125,0.25
20,2,"poisson",4,"occ_ztnb",200,59,0,0,0.0650887573964497,0.153846153846154,0,0
20,2,"poisson",4,"occ_ztnb_lN",200,59,0,0,0.0650887573964497,0.153846153846154,0.0833333333333333,0
20,2,"poisson",4,"zip",251,8,0,0,0.00943396226415094,0.0769230769230769,0,0
20,2,"poisson",4,"zinb",0,259,0,NA,NA,NA,NA,NA
50,2,"poisson",4,"naive",296,0,0,0.0227272727272727,0.0803571428571429,0.476190476190476,0.0714285714285714,0.478260869565217
50,2,"poisson",4,"depthcov",296,0,0,0,0.0580357142857143,0.333333333333333,0.142857142857143,0.304347826086957
50,2,"poisson",4,"er_lm",296,0,0.333333333333333,0.0909090909090909,0.0758928571428571,0.333333333333333,0.178571428571429,0.565217391304348
50,2,"poisson",4,"abund_ztnb_t",285,11,0.25,0.191489361702128,0.0917431192660551,0.2,0.37037037037037,0.55
50,2,"poisson",4,"abund_ztnb",286,10,0.153846153846154,0.234042553191489,0.114155251141553,0.25,0.407407407407407,0.55
50,2,"poisson",4,"abund_lm_depth",286,10,0.285714285714286,0.106382978723404,0.0502283105022831,0.2,0.333333333333333,0.6
50,2,"poisson",4,"abund_lm",286,10,0.388888888888889,0.234042553191489,0.100456621004566,0.2,0.407407407407407,0.5
50,2,"poisson",4,"occ_depth",296,0,0,0.227272727272727,0.0669642857142857,0.523809523809524,0.107142857142857,0.565217391304348
50,2,"poisson",4,"occ_full",296,0,0,0.204545454545455,0.0848214285714286,0.571428571428571,0.0357142857142857,0.565217391304348
50,2,"poisson",4,"occ_lmd",296,0,0,0.204545454545455,0.0892857142857143,0.571428571428571,0.0357142857142857,0.521739130434783
50,2,"poisson",4,"occ_lmd_lN",296,0,0,0.0454545454545455,0.09375,0.333333333333333,0.107142857142857,0.434782608695652
50,2,"poisson",4,"occ_ztnb",286,10,0,0.175,0.0958904109589041,0.4,0.037037037037037,0.45
50,2,"poisson",4,"occ_ztnb_lN",286,10,0,0.025,0.0958904109589041,0.35,0.037037037037037,0.25
50,2,"poisson",4,"zip",291,5,0,0,0.0405405405405405,0.4,0,0.409090909090909
50,2,"poisson",4,"zinb",288,8,0,0,0.0273972602739726,0.25,0,0.272727272727273
100,2,"poisson",4,"naive",296,0,0.384615384615385,0.216216216216216,0.120689655172414,0.6,0.37037037037037,0.705882352941177
100,2,"poisson",4,"depthcov",296,0,0,0.0540540540540541,0.0603448275862069,0.4,0.222222222222222,0.529411764705882
100,2,"poisson",4,"er_lm",296,0,0.357142857142857,0.243243243243243,0.0344827586206897,0.5,0.555555555555556,0.823529411764706
100,2,"poisson",4,"abund_ztnb_t",292,4,0.0588235294117647,0.372093023255814,0.091703056768559,0.15,0.666666666666667,0.5625
100,2,"poisson",4,"abund_ztnb",293,3,0.0952380952380952,0.431818181818182,0.122270742358079,0.1,0.666666666666667,0.529411764705882
100,2,"poisson",4,"abund_lm_depth",293,3,0,0.136363636363636,0.0567685589519651,0.1,0.407407407407407,0.588235294117647
100,2,"poisson",4,"abund_lm",293,3,0.260869565217391,0.386363636363636,0.126637554585153,0.05,0.666666666666667,0.529411764705882
100,2,"poisson",4,"occ_depth",296,0,0.307692307692308,0.243243243243243,0.0474137931034483,0.6,0.37037037037037,0.764705882352941
100,2,"poisson",4,"occ_full",296,0,0.142857142857143,0.162162162162162,0.0646551724137931,0.6,0.185185185185185,0.647058823529412
100,2,"poisson",4,"occ_lmd",296,0,0.125,0.189189189189189,0.0732758620689655,0.65,0.222222222222222,0.647058823529412
100,2,"poisson",4,"occ_lmd_lN",296,0,0.454545454545455,0.162162162162162,0.0905172413793103,0.4,0.222222222222222,0.529411764705882
100,2,"poisson",4,"occ_ztnb",293,3,0.428571428571429,0.108108108108108,0.091703056768559,0.35,0.037037037037037,0.411764705882353
100,2,"poisson",4,"occ_ztnb_lN",293,3,0.333333333333333,0.0540540540540541,0.11353711790393,0.25,0.0740740740740741,0.294117647058824
100,2,"poisson",4,"zip",296,0,0.25,0.162162162162162,0.0689655172413793,0.55,0.296296296296296,0.647058823529412
100,2,"poisson",4,"zinb",288,8,0,0.0540540540540541,0.0265486725663717,0.3,0.04,0.294117647058824
20,4,"poisson",4,"naive",271,0,0,0,0.0509259259259259,0.277777777777778,0,0.15
20,4,"poisson",4,"depthcov",271,0,0,0,0.00925925925925926,0,0,0.05
20,4,"poisson",4,"er_lm",271,0,0.5,0.0263157894736842,0.0694444444444444,0.333333333333333,0,0.3
20,4,"poisson",4,"abund_ztnb_t",223,48,0,0,0.0795454545454545,0.0555555555555556,0.428571428571429,0.4
20,4,"poisson",4,"abund_ztnb",223,48,0,0,0.125,0.111111111111111,0.428571428571429,0.4
20,4,"poisson",4,"abund_lm_depth",223,48,0,0,0.0340909090909091,0,0.142857142857143,0.133333333333333
20,4,"poisson",4,"abund_lm",223,48,0,0,0.0795454545454545,0.0555555555555556,0.357142857142857,0.466666666666667
20,4,"poisson",4,"occ_depth",271,0,1,0,0.0787037037037037,0.388888888888889,0,0.3
20,4,"poisson",4,"occ_full",271,0,1,0,0.0833333333333333,0.388888888888889,0,0.3
20,4,"poisson",4,"occ_lmd",271,0,1,0,0.087962962962963,0.388888888888889,0,0.25
20,4,"poisson",4,"occ_lmd_lN",271,0,0,0,0.0648148148148148,0.111111111111111,0.176470588235294,0.05
20,4,"poisson",4,"occ_ztnb",223,48,1,0,0.0681818181818182,0.333333333333333,0,0.333333333333333
20,4,"poisson",4,"occ_ztnb_lN",223,48,0,0,0.0625,0.166666666666667,0.0714285714285714,0
20,4,"poisson",4,"zip",261,10,0,0,0.0241545893719807,0.277777777777778,0,0.105263157894737
20,4,"poisson",4,"zinb",0,271,0,NA,NA,NA,NA,NA
50,4,"poisson",4,"naive",295,0,0,0.03125,0.132478632478632,0.473684210526316,0.137931034482759,0.230769230769231
50,4,"poisson",4,"depthcov",295,0,0,0,0.0427350427350427,0.157894736842105,0,0.0769230769230769
50,4,"poisson",4,"er_lm",295,0,0.2,0.125,0.0555555555555556,0.473684210526316,0.379310344827586,0.461538461538462
50,4,"poisson",4,"abund_ztnb_t",280,15,0.133333333333333,0.317073170731707,0.113636363636364,0,0.571428571428571,0.538461538461538
50,4,"poisson",4,"abund_ztnb",283,12,0.235294117647059,0.317073170731707,0.130044843049327,0,0.535714285714286,0.461538461538462
50,4,"poisson",4,"abund_lm_depth",283,12,0,0.024390243902439,0.0493273542600897,0,0.285714285714286,0.384615384615385
50,4,"poisson",4,"abund_lm",283,12,0.46875,0.414634146341463,0.197309417040359,0.157894736842105,0.607142857142857,0.538461538461538
50,4,"poisson",4,"occ_depth",295,0,0,0,0.0641025641025641,0.526315789473684,0.172413793103448,0.307692307692308
50,4,"poisson",4,"occ_full",295,0,0.2,0.125,0.132478632478632,0.473684210526316,0.103448275862069,0.384615384615385
50,4,"poisson",4,"occ_lmd",295,0,0.333333333333333,0.125,0.128205128205128,0.473684210526316,0.103448275862069,0.384615384615385
50,4,"poisson",4,"occ_lmd_lN",295,0,0,0,0.0683760683760684,0.210526315789474,0.0689655172413793,0.153846153846154
50,4,"poisson",4,"occ_ztnb",283,12,0.714285714285714,0.0625,0.103139013452915,0.421052631578947,0.0357142857142857,0.230769230769231
50,4,"poisson",4,"occ_ztnb_lN",283,12,0,0,0.0717488789237668,0.263157894736842,0.0357142857142857,0.153846153846154
50,4,"poisson",4,"zip",293,2,0,0,0.0643776824034335,0.315789473684211,0.0357142857142857,0.153846153846154
50,4,"poisson",4,"zinb",291,4,0,0,0.00432900432900433,0.157894736842105,0,0.153846153846154
100,4,"poisson",4,"naive",297,0,0.560975609756098,0.5,0.282051282051282,0.842105263157895,0.148148148148148,0.588235294117647
100,4,"poisson",4,"depthcov",297,0,0,0,0.0598290598290598,0.578947368421053,0.0740740740740741,0.411764705882353
100,4,"poisson",4,"er_lm",297,0,0.142857142857143,0.333333333333333,0.0683760683760684,0.736842105263158,0.37037037037037,0.470588235294118
100,4,"poisson",4,"abund_ztnb_t",295,2,0.227272727272727,0.395348837209302,0.111587982832618,0.0526315789473684,0.518518518518518,0.8125
100,4,"poisson",4,"abund_ztnb",295,2,0.25,0.418604651162791,0.11587982832618,0.0526315789473684,0.481481481481481,0.875
100,4,"poisson",4,"abund_lm_depth",294,3,0,0.166666666666667,0.0600858369098712,0.0526315789473684,0.346153846153846,0.3125
100,4,"poisson",4,"abund_lm",295,2,0.611940298507463,0.604651162790698,0.330472103004292,0.105263157894737,0.703703703703704,0.8125
100,4,"poisson",4,"occ_depth",297,0,0,0.444444444444444,0.094017094017094,0.842105263157895,0.111111111111111,0.647058823529412
100,4,"poisson",4,"occ_full",297,0,0.333333333333333,0.666666666666667,0.158119658119658,0.842105263157895,0.111111111111111,0.647058823529412
100,4,"poisson",4,"occ_lmd",297,0,0.342857142857143,0.638888888888889,0.162393162393162,0.842105263157895,0.111111111111111,0.647058823529412
100,4,"poisson",4,"occ_lmd_lN",297,0,0,0,0.0598290598290598,0.578947368421053,0.037037037037037,0.411764705882353
100,4,"poisson",4,"occ_ztnb",295,2,0.217391304347826,0.514285714285714,0.0901287553648069,0.736842105263158,0.037037037037037,0.5625
100,4,"poisson",4,"occ_ztnb_lN",295,2,0.5,0.0285714285714286,0.0772532188841202,0.526315789473684,0.0740740740740741,0.375
100,4,"poisson",4,"zip",296,1,0.235294117647059,0.371428571428571,0.141025641025641,0.789473684210526,0.0740740740740741,0.625
100,4,"poisson",4,"zinb",291,6,0,0.147058823529412,0.0303030303030303,0.421052631578947,0.0384615384615385,0.533333333333333
20,1,"nb",4,"naive",264,0,0,0,0.0526315789473684,0,0,0
20,1,"nb",4,"depthcov",264,0,0,0,0.0382775119617225,0.0714285714285714,0,0
20,1,"nb",4,"er_lm",264,0,0,0,0.0574162679425837,0.285714285714286,0.185185185185185,0.142857142857143
20,1,"nb",4,"abund_ztnb_t",194,70,0,0,0.0382165605095541,0.111111111111111,0.176470588235294,0.0909090909090909
20,1,"nb",4,"abund_ztnb",194,70,1,0,0.10828025477707,0.333333333333333,0.294117647058824,0.272727272727273
20,1,"nb",4,"abund_lm_depth",194,70,1,0,0.0573248407643312,0.222222222222222,0.117647058823529,0.0909090909090909
20,1,"nb",4,"abund_lm",194,70,0,0,0.0445859872611465,0.111111111111111,0.117647058823529,0.0909090909090909
20,1,"nb",4,"occ_depth",264,0,0,0,0.0813397129186603,0.214285714285714,0.148148148148148,0.142857142857143
20,1,"nb",4,"occ_full",264,0,0,0,0.0717703349282297,0.214285714285714,0.148148148148148,0.214285714285714
20,1,"nb",4,"occ_lmd",264,0,0,0,0.0813397129186603,0.214285714285714,0.148148148148148,0.142857142857143
20,1,"nb",4,"occ_lmd_lN",264,0,0.666666666666667,0.0357142857142857,0.110047846889952,0.214285714285714,0.111111111111111,0.285714285714286
20,1,"nb",4,"occ_ztnb",194,70,0,0,0.0636942675159236,0.111111111111111,0,0.181818181818182
20,1,"nb",4,"occ_ztnb_lN",194,70,0,0,0.089171974522293,0.222222222222222,0,0.181818181818182
20,1,"nb",4,"zip",253,11,0,0,0.0242718446601942,0,0,0
20,1,"nb",4,"zinb",0,264,0,NA,NA,NA,NA,NA
50,1,"nb",4,"naive",292,0,0,0.0526315789473684,0.0427350427350427,0.409090909090909,0,0.375
50,1,"nb",4,"depthcov",292,0,0,0.0526315789473684,0.047008547008547,0.409090909090909,0.05,0.3125
50,1,"nb",4,"er_lm",292,0,0,0.0526315789473684,0.047008547008547,0.409090909090909,0.1,0.375
50,1,"nb",4,"abund_ztnb_t",270,22,0,0,0.0875576036866359,0,0.210526315789474,0.0769230769230769
50,1,"nb",4,"abund_ztnb",271,21,1,0,0.110091743119266,0.0952380952380952,0.210526315789474,0.0769230769230769
50,1,"nb",4,"abund_lm_depth",270,22,0,0,0.032258064516129,0,0.210526315789474,0
50,1,"nb",4,"abund_lm",271,21,0,0,0.0275229357798165,0.0952380952380952,0.263157894736842,0
50,1,"nb",4,"occ_depth",292,0,0,0.0526315789473684,0.0641025641025641,0.454545454545455,0.1,0.625
50,1,"nb",4,"occ_full",292,0,0,0.0526315789473684,0.0683760683760684,0.454545454545455,0.1,0.625
50,1,"nb",4,"occ_lmd",292,0,0,0.0526315789473684,0.0683760683760684,0.454545454545455,0.05,0.625
50,1,"nb",4,"occ_lmd_lN",292,0,0,0.105263157894737,0.0683760683760684,0.454545454545455,0.05,0.625
50,1,"nb",4,"occ_ztnb",271,21,0.25,0.0882352941176471,0.055045871559633,0.380952380952381,0.0526315789473684,0.461538461538462
50,1,"nb",4,"occ_ztnb_lN",271,21,0.25,0.0882352941176471,0.073394495412844,0.428571428571429,0.105263157894737,0.461538461538462
50,1,"nb",4,"zip",285,7,0,0.0588235294117647,0.0258620689655172,0.428571428571429,0.0526315789473684,0.384615384615385
50,1,"nb",4,"zinb",279,13,0,0.0294117647058824,0,0.285714285714286,0,0.230769230769231
100,1,"nb",4,"naive",300,0,0,0.128205128205128,0.0421940928270042,0.4,0.0833333333333333,0.526315789473684
100,1,"nb",4,"depthcov",300,0,0,0.128205128205128,0.0421940928270042,0.4,0.0833333333333333,0.526315789473684
100,1,"nb",4,"er_lm",300,0,0.181818181818182,0.230769230769231,0.0253164556962025,0.25,0.208333333333333,0.473684210526316
100,1,"nb",4,"abund_ztnb_t",294,6,0.153846153846154,0.255813953488372,0.116883116883117,0.1,0.416666666666667,0.526315789473684
100,1,"nb",4,"abund_ztnb",294,6,0.266666666666667,0.255813953488372,0.138528138528139,0.1,0.5,0.578947368421053
100,1,"nb",4,"abund_lm_depth",294,6,0.166666666666667,0.116279069767442,0.0735930735930736,0.1,0.375,0.473684210526316
100,1,"nb",4,"abund_lm",294,6,0,0.116279069767442,0.051948051948052,0,0.291666666666667,0.526315789473684
100,1,"nb",4,"occ_depth",300,0,0,0.230769230769231,0.0464135021097046,0.35,0.125,0.578947368421053
100,1,"nb",4,"occ_full",300,0,0,0.128205128205128,0.0548523206751055,0.3,0.0833333333333333,0.526315789473684
100,1,"nb",4,"occ_lmd",300,0,0,0.179487179487179,0.0506329113924051,0.3,0.125,0.526315789473684
100,1,"nb",4,"occ_lmd_lN",300,0,0,0.153846153846154,0.0421940928270042,0.35,0.125,0.526315789473684
100,1,"nb",4,"occ_ztnb",294,6,0.2,0.102564102564103,0.0692640692640693,0.25,0.166666666666667,0.315789473684211
100,1,"nb",4,"occ_ztnb_lN",294,6,0.333333333333333,0.102564102564103,0.0865800865800866,0.35,0.166666666666667,0.315789473684211
100,1,"nb",4,"zip",298,2,0,0.0769230769230769,0.0468085106382979,0.3,0,0.368421052631579
100,1,"nb",4,"zinb",289,11,0,0.0263157894736842,0.013215859030837,0.157894736842105,0,0.105263157894737
20,2,"nb",4,"naive",269,0,0,0,0.033175355450237,0.0476190476190476,0.0869565217391304,0.142857142857143
20,2,"nb",4,"depthcov",269,0,0,0,0.028436018957346,0.0476190476190476,0.0434782608695652,0.142857142857143
20,2,"nb",4,"er_lm",269,0,0,0,0.037914691943128,0.0952380952380952,0.0869565217391304,0.214285714285714
20,2,"nb",4,"abund_ztnb_t",205,64,0,0,0.0802469135802469,0.125,0.1875,0.181818181818182
20,2,"nb",4,"abund_ztnb",207,62,0,0,0.121951219512195,0.125,0.1875,0.272727272727273
20,2,"nb",4,"abund_lm_depth",207,62,0,0,0.0792682926829268,0.125,0.0625,0.0909090909090909
20,2,"nb",4,"abund_lm",207,62,0,0,0.0792682926829268,0.0625,0.0625,0.0909090909090909
20,2,"nb",4,"occ_depth",269,0,0,0,0.0663507109004739,0.19047619047619,0.173913043478261,0.357142857142857
20,2,"nb",4,"occ_full",269,0,0,0,0.0710900473933649,0.285714285714286,0.173913043478261,0.214285714285714
20,2,"nb",4,"occ_lmd",269,0,0,0,0.0805687203791469,0.238095238095238,0.130434782608696,0.214285714285714
20,2,"nb",4,"occ_lmd_lN",269,0,0.75,0.0285714285714286,0.127962085308057,0.285714285714286,0.0869565217391304,0.214285714285714
20,2,"nb",4,"occ_ztnb",207,62,0.5,0.037037037037037,0.0731707317073171,0.1875,0.125,0.0909090909090909
20,2,"nb",4,"occ_ztnb_lN",207,62,0.75,0.037037037037037,0.0914634146341463,0.25,0.0625,0.181818181818182
20,2,"nb",4,"zip",261,8,0,0,0.0338164251207729,0.0526315789473684,0.0454545454545455,0.153846153846154
20,2,"nb",4,"zinb",0,269,0,NA,NA,NA,NA,NA
50,2,"nb",4,"naive",291,0,0.5,0.0294117647058824,0.0521739130434783,0.266666666666667,0.111111111111111,0.526315789473684
50,2,"nb",4,"depthcov",291,0,0,0,0.0347826086956522,0.266666666666667,0.0740740740740741,0.368421052631579
50,2,"nb",4,"er_lm",291,0,0.4,0.0882352941176471,0.0260869565217391,0.266666666666667,0.259259259259259,0.736842105263158
50,2,"nb",4,"abund_ztnb_t",275,16,0,0,0.119266055045872,0.0714285714285714,0.375,0.210526315789474
50,2,"nb",4,"abund_ztnb",277,14,0,0,0.131818181818182,0.0714285714285714,0.416666666666667,0.210526315789474
50,2,"nb",4,"abund_lm_depth",277,14,0,0,0.0409090909090909,0,0.25,0
50,2,"nb",4,"abund_lm",277,14,0,0.0465116279069767,0.0818181818181818,0,0.416666666666667,0.210526315789474
50,2,"nb",4,"occ_depth",291,0,0.25,0.0882352941176471,0.0478260869565217,0.333333333333333,0.148148148148148,0.631578947368421
50,2,"nb",4,"occ_full",291,0,0.25,0.0882352941176471,0.0652173913043478,0.333333333333333,0.111111111111111,0.473684210526316
50,2,"nb",4,"occ_lmd",291,0,0.25,0.0882352941176471,0.0652173913043478,0.333333333333333,0.111111111111111,0.526315789473684
50,2,"nb",4,"occ_lmd_lN",291,0,0,0,0.0478260869565217,0.4,0.037037037037037,0.368421052631579
50,2,"nb",4,"occ_ztnb",277,14,0,0.0606060606060606,0.0636363636363636,0.357142857142857,0.0833333333333333,0.421052631578947
50,2,"nb",4,"occ_ztnb_lN",277,14,0,0,0.0681818181818182,0.357142857142857,0,0.263157894736842
50,2,"nb",4,"zip",287,4,0,0,0.0353982300884956,0.266666666666667,0.0740740740740741,0.473684210526316
50,2,"nb",4,"zinb",280,11,0,0,0.00909090909090909,0.142857142857143,0,0.157894736842105
100,2,"nb",4,"naive",298,0,0.333333333333333,0.24390243902439,0.0983606557377049,0.538461538461538,0.230769230769231,0.466666666666667
100,2,"nb",4,"depthcov",298,0,0,0.0487804878048781,0.0450819672131148,0.346153846153846,0.153846153846154,0.266666666666667
100,2,"nb",4,"er_lm",298,0,0.0909090909090909,0.24390243902439,0.0573770491803279,0.461538461538462,0.384615384615385,0.4
100,2,"nb",4,"abund_ztnb_t",295,3,0.142857142857143,0.214285714285714,0.0867768595041322,0.12,0.461538461538462,0.533333333333333
100,2,"nb",4,"abund_ztnb",295,3,0.444444444444444,0.178571428571429,0.0743801652892562,0.16,0.384615384615385,0.533333333333333
100,2,"nb",4,"abund_lm_depth",295,3,0,0,0.0454545454545455,0.04,0.307692307692308,0.133333333333333
100,2,"nb",4,"abund_lm",295,3,0,0,0.0785123966942149,0.24,0.615384615384615,0.266666666666667
100,2,"nb",4,"occ_depth",298,0,0,0.195121951219512,0.0655737704918033,0.5,0.230769230769231,0.533333333333333
100,2,"nb",4,"occ_full",298,0,0.2,0.195121951219512,0.069672131147541,0.653846153846154,0.230769230769231,0.6
100,2,"nb",4,"occ_lmd",298,0,0.2,0.195121951219512,0.0737704918032787,0.615384615384615,0.230769230769231,0.6
100,2,"nb",4,"occ_lmd_lN",298,0,0,0.0975609756097561,0.069672131147541,0.384615384615385,0,0.333333333333333
100,2,"nb",4,"occ_ztnb",295,3,0.545454545454545,0.125,0.0702479338842975,0.4,0,0.6
100,2,"nb",4,"occ_ztnb_lN",295,3,0,0.05,0.0826446280991736,0.32,0,0.333333333333333
100,2,"nb",4,"zip",297,1,0.166666666666667,0.25,0.0860655737704918,0.44,0.153846153846154,0.533333333333333
100,2,"nb",4,"zinb",289,9,0,0.0512820512820513,0.0252100840336134,0.24,0,0.214285714285714
20,4,"nb",4,"naive",270,0,0,0,0.0783410138248848,0.5,0,0.1
20,4,"nb",4,"depthcov",270,0,0,0,0.00921658986175115,0.0833333333333333,0,0
20,4,"nb",4,"er_lm",270,0,0,0,0.0552995391705069,0.333333333333333,0.0952380952380952,0.35
20,4,"nb",4,"abund_ztnb_t",218,52,0,0,0.0903954802259887,0.1,0.3,0.636363636363636
20,4,"nb",4,"abund_ztnb",220,50,0,0,0.122905027932961,0.2,0.35,0.454545454545455
20,4,"nb",4,"abund_lm_depth",220,50,0,0,0.0223463687150838,0,0,0.181818181818182
20,4,"nb",4,"abund_lm",220,50,0,0,0.128491620111732,0.1,0.25,0.545454545454545
20,4,"nb",4,"occ_depth",270,0,0,0,0.0645161290322581,0.333333333333333,0.0476190476190476,0.25
20,4,"nb",4,"occ_full",270,0,0,0,0.0967741935483871,0.583333333333333,0,0.3
20,4,"nb",4,"occ_lmd",270,0,0,0,0.110599078341014,0.583333333333333,0,0.3
20,4,"nb",4,"occ_lmd_lN",270,0,0,0,0.0414746543778802,0.0833333333333333,0.0476190476190476,0.15
20,4,"nb",4,"occ_ztnb",220,50,0,0,0.0670391061452514,0.6,0.05,0.363636363636364
20,4,"nb",4,"occ_ztnb_lN",220,50,0,0,0.0391061452513966,0.1,0.1,0.181818181818182
20,4,"nb",4,"zip",261,9,0,0,0.0380952380952381,0.5,0,0.111111111111111
20,4,"nb",4,"zinb",0,270,0,NA,NA,NA,NA,NA
50,4,"nb",4,"naive",297,0,0.571428571428571,0.236842105263158,0.184100418410042,0.5,0.15,0.5
50,4,"nb",4,"depthcov",297,0,0,0,0.0376569037656904,0.333333333333333,0.1,0.35
50,4,"nb",4,"er_lm",297,0,0,0.184210526315789,0.0376569037656904,0.333333333333333,0.25,0.55
50,4,"nb",4,"abund_ztnb_t",284,13,0.4,0.0769230769230769,0.110132158590308,0.0555555555555556,0.368421052631579,0.65
50,4,"nb",4,"abund_ztnb",287,10,0.333333333333333,0.0512820512820513,0.130434782608696,0.0555555555555556,0.421052631578947,0.7
50,4,"nb",4,"abund_lm_depth",287,10,0,0,0.0304347826086957,0,0.105263157894737,0.2
50,4,"nb",4,"abund_lm",287,10,0.636363636363636,0.205128205128205,0.2,0.333333333333333,0.368421052631579,0.45
50,4,"nb",4,"occ_depth",297,0,0,0.210526315789474,0.0753138075313808,0.277777777777778,0.1,0.55
50,4,"nb",4,"occ_full",297,0,0.4375,0.236842105263158,0.146443514644351,0.444444444444444,0.1,0.5
50,4,"nb",4,"occ_lmd",297,0,0.470588235294118,0.236842105263158,0.142259414225941,0.388888888888889,0.1,0.5
50,4,"nb",4,"occ_lmd_lN",297,0,0,0.0263157894736842,0.0585774058577406,0.388888888888889,0.2,0.25
50,4,"nb",4,"occ_ztnb",287,10,0.333333333333333,0.105263157894737,0.11304347826087,0.222222222222222,0,0.4
50,4,"nb",4,"occ_ztnb_lN",287,10,0,0,0.0521739130434783,0.222222222222222,0.105263157894737,0.25
50,4,"nb",4,"zip",293,4,0,0.0526315789473684,0.127659574468085,0.388888888888889,0,0.4
50,4,"nb",4,"zinb",289,8,0,0,0.0172413793103448,0.0555555555555556,0,0.15
100,4,"nb",4,"naive",300,0,0.657894736842105,0.361111111111111,0.25,0.789473684210526,0.25,0.470588235294118
100,4,"nb",4,"depthcov",300,0,0,0,0.040983606557377,0.368421052631579,0.05,0.294117647058824
100,4,"nb",4,"er_lm",300,0,0.333333333333333,0.166666666666667,0.0532786885245902,0.473684210526316,0.3,0.470588235294118
100,4,"nb",4,"abund_ztnb_t",294,6,0.333333333333333,0.216216216216216,0.125523012552301,0.333333333333333,0.4,0.470588235294118
100,4,"nb",4,"abund_ztnb",296,4,0.333333333333333,0.216216216216216,0.125,0.263157894736842,0.45,0.470588235294118
100,4,"nb",4,"abund_lm_depth",296,4,0.5,0.027027027027027,0.0541666666666667,0.0526315789473684,0.3,0.117647058823529
100,4,"nb",4,"abund_lm",296,4,0.723404255319149,0.351351351351351,0.275,0.368421052631579,0.5,0.470588235294118
100,4,"nb",4,"occ_depth",300,0,0.2,0.222222222222222,0.0737704918032787,0.789473684210526,0.1,0.588235294117647
100,4,"nb",4,"occ_full",300,0,0.428571428571429,0.444444444444444,0.139344262295082,0.842105263157895,0.1,0.529411764705882
100,4,"nb",4,"occ_lmd",300,0,0.46875,0.472222222222222,0.147540983606557,0.842105263157895,0.15,0.529411764705882
100,4,"nb",4,"occ_lmd_lN",300,0,0,0.0555555555555556,0.0573770491803279,0.421052631578947,0.05,0.235294117647059
100,4,"nb",4,"occ_ztnb",296,4,0.277777777777778,0.361111111111111,0.0916666666666667,0.526315789473684,0.15,0.529411764705882
100,4,"nb",4,"occ_ztnb_lN",296,4,0,0.0277777777777778,0.0583333333333333,0.421052631578947,0.05,0.294117647058824
100,4,"nb",4,"zip",299,1,0.411764705882353,0.277777777777778,0.123456790123457,0.736842105263158,0.1,0.470588235294118
100,4,"nb",4,"zinb",291,9,0,0,0.038135593220339,0.333333333333333,0.05,0.176470588235294
20,1,"poisson",5,"naive",256,0,0,0,0.0198019801980198,0.0769230769230769,0,0.166666666666667
20,1,"poisson",5,"depthcov",256,0,0,0,0.0148514851485149,0,0.0434782608695652,0.111111111111111
20,1,"poisson",5,"er_lm",256,0,0,0,0.0247524752475248,0.0769230769230769,0.130434782608696,0.388888888888889
20,1,"poisson",5,"abund_ztnb_t",189,67,0,0.0344827586206897,0.0268456375838926,0,0.333333333333333,0.214285714285714
20,1,"poisson",5,"abund_ztnb",192,64,0.333333333333333,0.0666666666666667,0.0927152317880795,0.181818181818182,0.333333333333333,0.266666666666667
20,1,"poisson",5,"abund_lm_depth",192,64,0.5,0.0333333333333333,0.0463576158940397,0.0909090909090909,0.266666666666667,0.133333333333333
20,1,"poisson",5,"abund_lm",192,64,0,0.0666666666666667,0.0397350993377483,0.0909090909090909,0.266666666666667,0.133333333333333
20,1,"poisson",5,"occ_depth",256,0,0,0,0.0544554455445545,0.153846153846154,0.130434782608696,0.388888888888889
20,1,"poisson",5,"occ_full",256,0,0,0,0.0495049504950495,0.307692307692308,0.0869565217391304,0.388888888888889
20,1,"poisson",5,"occ_lmd",256,0,0,0,0.0495049504950495,0.307692307692308,0.0869565217391304,0.333333333333333
20,1,"poisson",5,"occ_lmd_lN",256,0,0,0,0.0594059405940594,0.307692307692308,0.173913043478261,0.333333333333333
20,1,"poisson",5,"occ_ztnb",192,64,0,0,0.0463576158940397,0.272727272727273,0.133333333333333,0.266666666666667
20,1,"poisson",5,"occ_ztnb_lN",192,64,0,0,0.0397350993377483,0.0909090909090909,0.2,0.133333333333333
20,1,"poisson",5,"zip",250,6,0,0,0.0100502512562814,0.0833333333333333,0,0.1875
20,1,"poisson",5,"zinb",0,256,0,NA,NA,NA,NA,NA
50,1,"poisson",5,"naive",292,0,0,0,0.0337552742616034,0.368421052631579,0.0454545454545455,0.285714285714286
50,1,"poisson",5,"depthcov",292,0,0,0,0.0421940928270042,0.421052631578947,0.0454545454545455,0.285714285714286
50,1,"poisson",5,"er_lm",292,0,0,0.0303030303030303,0.0590717299578059,0.368421052631579,0.272727272727273,0.5
50,1,"poisson",5,"abund_ztnb_t",267,25,0.285714285714286,0.147058823529412,0.0925925925925926,0.0588235294117647,0.380952380952381,0.538461538461538
50,1,"poisson",5,"abund_ztnb",268,24,0.2,0.117647058823529,0.101382488479263,0.117647058823529,0.333333333333333,0.692307692307692
50,1,"poisson",5,"abund_lm_depth",268,24,0.5,0.0294117647058824,0.0552995391705069,0,0.333333333333333,0.307692307692308
50,1,"poisson",5,"abund_lm",268,24,0.5,0.0294117647058824,0.0599078341013825,0,0.380952380952381,0.307692307692308
50,1,"poisson",5,"occ_depth",292,0,0,0,0.0590717299578059,0.473684210526316,0.0909090909090909,0.357142857142857
50,1,"poisson",5,"occ_full",292,0,0,0,0.0506329113924051,0.473684210526316,0,0.428571428571429
50,1,"poisson",5,"occ_lmd",292,0,0,0,0.0464135021097046,0.473684210526316,0,0.428571428571429
50,1,"poisson",5,"occ_lmd_lN",292,0,0,0,0.0464135021097046,0.421052631578947,0.0909090909090909,0.357142857142857
50,1,"poisson",5,"occ_ztnb",268,24,0.285714285714286,0.166666666666667,0.101382488479263,0.470588235294118,0.0476190476190476,0.307692307692308
50,1,"poisson",5,"occ_ztnb_lN",268,24,0.375,0.166666666666667,0.115207373271889,0.529411764705882,0.142857142857143,0.307692307692308
50,1,"poisson",5,"zip",291,1,0,0,0.0210970464135021,0.444444444444444,0.0454545454545455,0.214285714285714
50,1,"poisson",5,"zinb",291,1,0,0,0.00843881856540084,0.277777777777778,0,0.0714285714285714
100,1,"poisson",5,"naive",299,0,0.125,0.162790697674419,0.0213675213675214,0.458333333333333,0.136363636363636,0.368421052631579
100,1,"poisson",5,"depthcov",299,0,0.181818181818182,0.209302325581395,0.0213675213675214,0.458333333333333,0.181818181818182,0.368421052631579
100,1,"poisson",5,"er_lm",299,0,0.384615384615385,0.186046511627907,0.0384615384615385,0.416666666666667,0.454545454545455,0.473684210526316
100,1,"poisson",5,"abund_ztnb_t",292,7,0.136363636363636,0.475,0.105263157894737,0.166666666666667,0.772727272727273,0.833333333333333
100,1,"poisson",5,"abund_ztnb",294,5,0.136363636363636,0.475,0.117391304347826,0.166666666666667,0.727272727272727,0.833333333333333
100,1,"poisson",5,"abund_lm_depth",293,6,0,0.4,0.0655021834061135,0,0.727272727272727,0.722222222222222
100,1,"poisson",5,"abund_lm",294,5,0,0.45,0.0652173913043478,0,0.727272727272727,0.666666666666667
100,1,"poisson",5,"occ_depth",299,0,0.2,0.27906976744186,0.0256410256410256,0.5,0.227272727272727,0.421052631578947
100,1,"poisson",5,"occ_full",299,0,0.0909090909090909,0.232558139534884,0.0341880341880342,0.541666666666667,0.136363636363636,0.578947368421053
100,1,"poisson",5,"occ_lmd",299,0,0.2,0.186046511627907,0.0299145299145299,0.541666666666667,0.136363636363636,0.578947368421053
100,1,"poisson",5,"occ_lmd_lN",299,0,0.181818181818182,0.209302325581395,0.0299145299145299,0.5,0.136363636363636,0.526315789473684
100,1,"poisson",5,"occ_ztnb",294,5,0.461538461538462,0.166666666666667,0.091304347826087,0.375,0.0909090909090909,0.611111111111111
100,1,"poisson",5,"occ_ztnb_lN",294,5,0.5,0.142857142857143,0.091304347826087,0.375,0.136363636363636,0.666666666666667
100,1,"poisson",5,"zip",299,0,0,0.162790697674419,0.0256410256410256,0.416666666666667,0.0454545454545455,0.421052631578947
100,1,"poisson",5,"zinb",296,3,0,0.0465116279069767,0.0172413793103448,0.166666666666667,0.0952380952380952,0.263157894736842
20,2,"poisson",5,"naive",266,0,0,0,0.0324074074074074,0.0909090909090909,0.0769230769230769,0.4
20,2,"poisson",5,"depthcov",266,0,0,0,0.00925925925925926,0.0909090909090909,0.0769230769230769,0.0666666666666667
20,2,"poisson",5,"er_lm",266,0,0.5,0.027027027027027,0.0694444444444444,0.227272727272727,0.153846153846154,0.333333333333333
20,2,"poisson",5,"abund_ztnb_t",211,55,0,0,0.0795454545454545,0,0.444444444444444,0.333333333333333
20,2,"poisson",5,"abund_ztnb",212,54,0,0,0.107954545454545,0,0.444444444444444,0.416666666666667
20,2,"poisson",5,"abund_lm_depth",212,54,0,0.0476190476190476,0.0511363636363636,0.0666666666666667,0.333333333333333,0.0833333333333333
20,2,"poisson",5,"abund_lm",212,54,0,0,0.0681818181818182,0,0.333333333333333,0.25
20,2,"poisson",5,"occ_depth",266,0,0.333333333333333,0.0540540540540541,0.0925925925925926,0.227272727272727,0.153846153846154,0.533333333333333
20,2,"poisson",5,"occ_full",266,0,0.333333333333333,0.0540540540540541,0.0972222222222222,0.272727272727273,0.0769230769230769,0.333333333333333
20,2,"poisson",5,"occ_lmd",266,0,0.333333333333333,0.0540540540540541,0.0972222222222222,0.227272727272727,0.0769230769230769,0.333333333333333
20,2,"poisson",5,"occ_lmd_lN",266,0,0.666666666666667,0.027027027027027,0.087962962962963,0.272727272727273,0.153846153846154,0.266666666666667
20,2,"poisson",5,"occ_ztnb",212,54,1,0,0.0681818181818182,0.133333333333333,0.111111111111111,0.0833333333333333
20,2,"poisson",5,"occ_ztnb_lN",212,54,0,0,0.0681818181818182,0.2,0.111111111111111,0.0833333333333333
20,2,"poisson",5,"zip",253,13,0,0,0.0288461538461538,0.105263157894737,0.0769230769230769,0.230769230769231
20,2,"poisson",5,"zinb",0,266,0,NA,NA,NA,NA,NA
50,2,"poisson",5,"naive",296,0,0,0,0.0524193548387097,0.4,0.214285714285714,0.214285714285714
50,2,"poisson",5,"depthcov",296,0,0,0,0.0241935483870968,0.3,0.142857142857143,0.142857142857143
50,2,"poisson",5,"er_lm",296,0,0,0.0588235294117647,0.0403225806451613,0.35,0.285714285714286,0.214285714285714
50,2,"poisson",5,"abund_ztnb_t",279,17,0.5,0.08,0.102127659574468,0.0526315789473684,0.583333333333333,0.307692307692308
50,2,"poisson",5,"abund_ztnb",280,16,0.6,0.08,0.11864406779661,0.105263157894737,0.583333333333333,0.307692307692308
50,2,"poisson",5,"abund_lm_depth",280,16,0.5,0.04,0.0338983050847458,0.0526315789473684,0.0833333333333333,0.230769230769231
50,2,"poisson",5,"abund_lm",280,16,0.333333333333333,0.08,0.0805084745762712,0.105263157894737,0.0833333333333333,0.384615384615385
50,2,"poisson",5,"occ_depth",296,0,0,0.0882352941176471,0.0362903225806452,0.45,0.214285714285714,0.142857142857143
50,2,"poisson",5,"occ_full",296,0,0,0.0882352941176471,0.0524193548387097,0.5,0.142857142857143,0.142857142857143
50,2,"poisson",5,"occ_lmd",296,0,0,0.0882352941176471,0.0483870967741935,0.5,0.142857142857143,0.142857142857143
50,2,"poisson",5,"occ_lmd_lN",296,0,0.2,0.117647058823529,0.0443548387096774,0.4,0.214285714285714,0.214285714285714
50,2,"poisson",5,"occ_ztnb",280,16,0.5,0.0625,0.0593220338983051,0.368421052631579,0.0833333333333333,0.307692307692308
50,2,"poisson",5,"occ_ztnb_lN",280,16,0,0.09375,0.0635593220338983,0.421052631578947,0.0833333333333333,0.307692307692308
50,2,"poisson",5,"zip",291,5,0,0,0.0285714285714286,0.315789473684211,0.0769230769230769,0.142857142857143
50,2,"poisson",5,"zinb",287,9,0,0,0.016597510373444,0.210526315789474,0,0.0714285714285714
100,2,"poisson",5,"naive",298,0,0.4,0.191489361702128,0.166666666666667,0.555555555555556,0.0869565217391304,0.482758620689655
100,2,"poisson",5,"depthcov",298,0,0,0,0.0701754385964912,0.5,0.0869565217391304,0.344827586206897
100,2,"poisson",5,"er_lm",298,0,0.222222222222222,0.297872340425532,0.0701754385964912,0.388888888888889,0.434782608695652,0.517241379310345
100,2,"poisson",5,"abund_ztnb_t",295,3,0.185185185185185,0.431372549019608,0.123348017621145,0.117647058823529,0.739130434782609,0.464285714285714
100,2,"poisson",5,"abund_ztnb",295,3,0.166666666666667,0.392156862745098,0.127753303964758,0.117647058823529,0.739130434782609,0.5
100,2,"poisson",5,"abund_lm_depth",295,3,0.2,0.156862745098039,0.066079295154185,0.117647058823529,0.391304347826087,0.321428571428571
100,2,"poisson",5,"abund_lm",295,3,0.305555555555556,0.490196078431373,0.176211453744493,0.0588235294117647,0.826086956521739,0.571428571428571
100,2,"poisson",5,"occ_depth",298,0,0.222222222222222,0.297872340425532,0.0614035087719298,0.555555555555556,0.0434782608695652,0.551724137931034
100,2,"poisson",5,"occ_full",298,0,0.3125,0.234042553191489,0.100877192982456,0.611111111111111,0,0.517241379310345
100,2,"poisson",5,"occ_lmd",298,0,0.3125,0.234042553191489,0.100877192982456,0.611111111111111,0,0.517241379310345
100,2,"poisson",5,"occ_lmd_lN",298,0,0,0,0.0789473684210526,0.5,0.0869565217391304,0.344827586206897
100,2,"poisson",5,"occ_ztnb",295,3,0.3,0.155555555555556,0.092511013215859,0.529411764705882,0,0.464285714285714
100,2,"poisson",5,"occ_ztnb_lN",295,3,1,0,0.092511013215859,0.411764705882353,0,0.25
100,2,"poisson",5,"zip",297,1,0.428571428571429,0.0869565217391304,0.0789473684210526,0.444444444444444,0,0.464285714285714
100,2,"poisson",5,"zinb",294,4,0,0.0217391304347826,0.0222222222222222,0.277777777777778,0,0.178571428571429
20,4,"poisson",5,"naive",277,0,0,0,0.0803571428571429,0,0.0588235294117647,0.15
20,4,"poisson",5,"depthcov",277,0,0,0,0.0178571428571429,0,0.0588235294117647,0
20,4,"poisson",5,"er_lm",277,0,0,0.0277777777777778,0.0714285714285714,0.125,0.294117647058824,0.3
20,4,"poisson",5,"abund_ztnb_t",225,52,0,0,0.0652173913043478,0.0714285714285714,0.166666666666667,0.2
20,4,"poisson",5,"abund_ztnb",227,50,0,0.0357142857142857,0.140540540540541,0,0.416666666666667,0.1875
20,4,"poisson",5,"abund_lm_depth",227,50,0,0,0.0756756756756757,0,0.0833333333333333,0.0625
20,4,"poisson",5,"abund_lm",227,50,0,0,0.0864864864864865,0.142857142857143,0.25,0.1875
20,4,"poisson",5,"occ_depth",277,0,0,0,0.107142857142857,0.125,0.235294117647059,0.35
20,4,"poisson",5,"occ_full",277,0,0,0,0.120535714285714,0.125,0.117647058823529,0.35
20,4,"poisson",5,"occ_lmd",277,0,0,0.0555555555555556,0.111607142857143,0.125,0.117647058823529,0.35
20,4,"poisson",5,"occ_lmd_lN",277,0,0,0,0.0892857142857143,0.0625,0.117647058823529,0
20,4,"poisson",5,"occ_ztnb",227,50,0,0,0.0918918918918919,0.0714285714285714,0.0833333333333333,0.25
20,4,"poisson",5,"occ_ztnb_lN",227,50,0,0,0.0594594594594595,0.0714285714285714,0.166666666666667,0.0625
20,4,"poisson",5,"zip",260,17,0,0,0.0375586854460094,0,0,0.1875
20,4,"poisson",5,"zinb",0,277,0,NA,NA,NA,NA,NA
50,4,"poisson",5,"naive",297,0,0.375,0.142857142857143,0.206611570247934,0.555555555555556,0.05,0.411764705882353
50,4,"poisson",5,"depthcov",297,0,0,0,0.0454545454545455,0.0555555555555556,0,0.176470588235294
50,4,"poisson",5,"er_lm",297,0,0.333333333333333,0.0571428571428571,0.0661157024793388,0.5,0.15,0.588235294117647
50,4,"poisson",5,"abund_ztnb_t",284,13,0,0.228571428571429,0.0649350649350649,0.0555555555555556,0.368421052631579,0.5
50,4,"poisson",5,"abund_ztnb",284,13,0.1,0.257142857142857,0.0822510822510823,0.0555555555555556,0.421052631578947,0.5
50,4,"poisson",5,"abund_lm_depth",284,13,1,0,0.0346320346320346,0.0555555555555556,0.210526315789474,0.125
50,4,"poisson",5,"abund_lm",284,13,0.4375,0.257142857142857,0.186147186147186,0.166666666666667,0.578947368421053,0.5
50,4,"poisson",5,"occ_depth",297,0,0.2,0.114285714285714,0.0702479338842975,0.666666666666667,0.05,0.352941176470588
50,4,"poisson",5,"occ_full",297,0,0.333333333333333,0.171428571428571,0.136363636363636,0.611111111111111,0.05,0.352941176470588
50,4,"poisson",5,"occ_lmd",297,0,0.416666666666667,0.2,0.132231404958678,0.611111111111111,0.05,0.352941176470588
50,4,"poisson",5,"occ_lmd_lN",297,0,1,0,0.0826446280991736,0.111111111111111,0,0.176470588235294
50,4,"poisson",5,"occ_ztnb",284,13,0,0.147058823529412,0.0735930735930736,0.611111111111111,0.0526315789473684,0.4375
50,4,"poisson",5,"occ_ztnb_lN",284,13,1,0,0.0606060606060606,0.166666666666667,0,0.25
50,4,"poisson",5,"zip",293,4,0,0.0571428571428571,0.0840336134453782,0.611111111111111,0.05,0.352941176470588
50,4,"poisson",5,"zinb",291,6,0,0,0.0210970464135021,0.222222222222222,0,0.3125
100,4,"poisson",5,"naive",300,0,0.590909090909091,0.4,0.215767634854772,0.681818181818182,0.214285714285714,0.608695652173913
100,4,"poisson",5,"depthcov",300,0,0,0,0.024896265560166,0.272727272727273,0,0.347826086956522
100,4,"poisson",5,"er_lm",300,0,0.166666666666667,0.333333333333333,0.04149377593361,0.409090909090909,0.357142857142857,0.521739130434783
100,4,"poisson",5,"abund_ztnb_t",298,2,0.125,0.388888888888889,0.120331950207469,0.0952380952380952,0.714285714285714,0.636363636363636
100,4,"poisson",5,"abund_ztnb",298,2,0.0714285714285714,0.361111111111111,0.12448132780083,0.0476190476190476,0.714285714285714,0.636363636363636
100,4,"poisson",5,"abund_lm_depth",298,2,0,0.0277777777777778,0.0497925311203319,0.0952380952380952,0.285714285714286,0.318181818181818
100,4,"poisson",5,"abund_lm",298,2,0.72463768115942,0.527777777777778,0.261410788381743,0.380952380952381,0.357142857142857,0.681818181818182
100,4,"poisson",5,"occ_depth",300,0,0.210526315789474,0.333333333333333,0.045643153526971,0.590909090909091,0.0714285714285714,0.652173913043478
100,4,"poisson",5,"occ_full",300,0,0.296296296296296,0.422222222222222,0.141078838174274,0.636363636363636,0.142857142857143,0.695652173913043
100,4,"poisson",5,"occ_lmd",300,0,0.321428571428571,0.422222222222222,0.136929460580913,0.636363636363636,0.142857142857143,0.739130434782609
100,4,"poisson",5,"occ_lmd_lN",300,0,0,0,0.04149377593361,0.363636363636364,0,0.434782608695652
100,4,"poisson",5,"occ_ztnb",298,2,0,0.162790697674419,0.0580912863070539,0.619047619047619,0.142857142857143,0.409090909090909
100,4,"poisson",5,"occ_ztnb_lN",298,2,0,0,0.033195020746888,0.333333333333333,0,0.227272727272727
100,4,"poisson",5,"zip",299,1,0,0.204545454545455,0.0871369294605809,0.590909090909091,0.0714285714285714,0.590909090909091
100,4,"poisson",5,"zinb",292,8,0,0.0227272727272727,0.0170940170940171,0.363636363636364,0.0714285714285714,0.318181818181818
20,1,"nb",5,"naive",265,0,0,0,0.019047619047619,0,0.0555555555555556,0.0833333333333333
20,1,"nb",5,"depthcov",265,0,0,0,0.0285714285714286,0,0,0.0833333333333333
20,1,"nb",5,"er_lm",265,0,0,0,0.0380952380952381,0.2,0.0555555555555556,0.166666666666667
20,1,"nb",5,"abund_ztnb_t",199,66,0,0,0.0632911392405063,0.166666666666667,0.133333333333333,0.25
20,1,"nb",5,"abund_ztnb",199,66,0,0,0.0886075949367089,0.222222222222222,0.266666666666667,0.25
20,1,"nb",5,"abund_lm_depth",199,66,0,0,0.0253164556962025,0.0555555555555556,0.0666666666666667,0.25
20,1,"nb",5,"abund_lm",199,66,0,0.0434782608695652,0.0379746835443038,0.111111111111111,0.0666666666666667,0.25
20,1,"nb",5,"occ_depth",265,0,0,0.027027027027027,0.0761904761904762,0.2,0.0555555555555556,0.25
20,1,"nb",5,"occ_full",265,0,0,0.027027027027027,0.080952380952381,0.2,0.0555555555555556,0.25
20,1,"nb",5,"occ_lmd",265,0,0,0.027027027027027,0.0904761904761905,0.2,0.0555555555555556,0.25
20,1,"nb",5,"occ_lmd_lN",265,0,0,0.027027027027027,0.1,0.24,0.0555555555555556,0.25
20,1,"nb",5,"occ_ztnb",199,66,0,0,0.0632911392405063,0.0555555555555556,0,0.25
20,1,"nb",5,"occ_ztnb_lN",199,66,0,0,0.069620253164557,0.0555555555555556,0,0.25
20,1,"nb",5,"zip",255,10,0,0,0.0146341463414634,0,0,0.0909090909090909
20,1,"nb",5,"zinb",0,265,0,NA,NA,NA,NA,NA
50,1,"nb",5,"naive",290,0,0,0,0.0323886639676113,0.2,0.210526315789474,0.444444444444444
50,1,"nb",5,"depthcov",290,0,0,0,0.0323886639676113,0.133333333333333,0.157894736842105,0.444444444444444
50,1,"nb",5,"er_lm",290,0,0,0.125,0.0566801619433198,0.266666666666667,0.368421052631579,0.555555555555556
50,1,"nb",5,"abund_ztnb_t",275,15,0,0,0.0643776824034335,0.133333333333333,0.277777777777778,0.222222222222222
50,1,"nb",5,"abund_ztnb",276,14,0,0,0.0982905982905983,0.133333333333333,0.277777777777778,0.333333333333333
50,1,"nb",5,"abund_lm_depth",276,14,0,0,0.0598290598290598,0,0.166666666666667,0.222222222222222
50,1,"nb",5,"abund_lm",276,14,0,0,0.0641025641025641,0,0.166666666666667,0.222222222222222
50,1,"nb",5,"occ_depth",290,0,0,0.125,0.0607287449392713,0.2,0.157894736842105,0.444444444444444
50,1,"nb",5,"occ_full",290,0,0,0.0416666666666667,0.0647773279352227,0.0666666666666667,0.157894736842105,0.333333333333333
50,1,"nb",5,"occ_lmd",290,0,0,0.0416666666666667,0.048582995951417,0.2,0.105263157894737,0.444444444444444
50,1,"nb",5,"occ_lmd_lN",290,0,0,0.0416666666666667,0.0769230769230769,0.133333333333333,0.105263157894737,0.444444444444444
50,1,"nb",5,"occ_ztnb",276,14,0.333333333333333,0.0833333333333333,0.0769230769230769,0.2,0.0555555555555556,0.333333333333333
50,1,"nb",5,"occ_ztnb_lN",276,14,0.333333333333333,0.0833333333333333,0.0854700854700855,0.266666666666667,0.0555555555555556,0.333333333333333
50,1,"nb",5,"zip",288,2,0,0,0.0204081632653061,0.0666666666666667,0.0526315789473684,0.333333333333333
50,1,"nb",5,"zinb",285,5,0,0,0.00826446280991736,0.0666666666666667,0,0.111111111111111
100,1,"nb",5,"naive",300,0,0.0588235294117647,0.372093023255814,0.0472103004291846,0.421052631578947,0.166666666666667,0.708333333333333
100,1,"nb",5,"depthcov",300,0,0.111111111111111,0.372093023255814,0.0429184549356223,0.421052631578947,0.166666666666667,0.666666666666667
100,1,"nb",5,"er_lm",300,0,0.111111111111111,0.372093023255814,0.0343347639484979,0.421052631578947,0.208333333333333,0.708333333333333
100,1,"nb",5,"abund_ztnb_t",296,4,0.266666666666667,0.229166666666667,0.109170305676856,0,0.416666666666667,0.458333333333333
100,1,"nb",5,"abund_ztnb",297,3,0.1,0.1875,0.104347826086957,0,0.375,0.416666666666667
100,1,"nb",5,"abund_lm_depth",297,3,0,0.145833333333333,0.0608695652173913,0,0.291666666666667,0.333333333333333
100,1,"nb",5,"abund_lm",297,3,0,0.125,0.0608695652173913,0,0.333333333333333,0.333333333333333
100,1,"nb",5,"occ_depth",300,0,0.0588235294117647,0.372093023255814,0.055793991416309,0.421052631578947,0.166666666666667,0.708333333333333
100,1,"nb",5,"occ_full",300,0,0.0625,0.348837209302326,0.0686695278969957,0.473684210526316,0.0833333333333333,0.583333333333333
100,1,"nb",5,"occ_lmd",300,0,0.0625,0.348837209302326,0.055793991416309,0.473684210526316,0.0833333333333333,0.583333333333333
100,1,"nb",5,"occ_lmd_lN",300,0,0.0625,0.348837209302326,0.0600858369098712,0.421052631578947,0.0833333333333333,0.625
100,1,"nb",5,"occ_ztnb",297,3,0.384615384615385,0.186046511627907,0.0695652173913043,0.421052631578947,0,0.291666666666667
100,1,"nb",5,"occ_ztnb_lN",297,3,0.428571428571429,0.186046511627907,0.0869565217391304,0.421052631578947,0,0.291666666666667
100,1,"nb",5,"zip",300,0,0,0.302325581395349,0.0386266094420601,0.421052631578947,0.0416666666666667,0.458333333333333
100,1,"nb",5,"zinb",297,3,0,0.0476190476190476,0.00432900432900433,0.263157894736842,0,0.0434782608695652
20,2,"nb",5,"naive",257,0,0,0,0.06,0.0526315789473684,0,0.125
20,2,"nb",5,"depthcov",257,0,0,0,0.015,0,0.0454545454545455,0
20,2,"nb",5,"er_lm",257,0,0,0.0285714285714286,0.08,0.368421052631579,0.0454545454545455,0.3125
20,2,"nb",5,"abund_ztnb_t",190,67,0,0,0.0789473684210526,0,0.235294117647059,0.1
20,2,"nb",5,"abund_ztnb",191,66,0,0.037037037037037,0.130718954248366,0,0.235294117647059,0.2
20,2,"nb",5,"abund_lm_depth",191,66,0,0,0.0718954248366013,0.272727272727273,0.0588235294117647,0
20,2,"nb",5,"abund_lm",191,66,0.5,0.037037037037037,0.0522875816993464,0.0909090909090909,0.176470588235294,0
20,2,"nb",5,"occ_depth",257,0,0,0.0285714285714286,0.12,0.473684210526316,0.0454545454545455,0.375
20,2,"nb",5,"occ_full",257,0,0,0.0285714285714286,0.135,0.421052631578947,0.0454545454545455,0.3125
20,2,"nb",5,"occ_lmd",257,0,0,0.0285714285714286,0.125,0.421052631578947,0.0454545454545455,0.3125
20,2,"nb",5,"occ_lmd_lN",257,0,0.5,0.0285714285714286,0.075,0.157894736842105,0.0454545454545455,0.125
20,2,"nb",5,"occ_ztnb",191,66,0,0,0.065359477124183,0.181818181818182,0,0.1
20,2,"nb",5,"occ_ztnb_lN",191,66,0,0,0.0522875816993464,0.0909090909090909,0.117647058823529,0.1
20,2,"nb",5,"zip",241,16,0,0,0.0466321243523316,0.0666666666666667,0,0
20,2,"nb",5,"zinb",0,257,0,NA,NA,NA,NA,NA
50,2,"nb",5,"naive",294,0,0,0,0.114155251141553,0.346153846153846,0.0909090909090909,0.444444444444444
50,2,"nb",5,"depthcov",294,0,0,0,0.0319634703196347,0.192307692307692,0.0909090909090909,0.259259259259259
50,2,"nb",5,"er_lm",294,0,0.2,0.0754716981132075,0.0684931506849315,0.423076923076923,0.136363636363636,0.444444444444444
50,2,"nb",5,"abund_ztnb_t",277,17,0,0.0652173913043478,0.110047846889952,0.0454545454545455,0.4,0.461538461538462
50,2,"nb",5,"abund_ztnb",278,16,0,0.0652173913043478,0.10952380952381,0,0.45,0.538461538461538
50,2,"nb",5,"abund_lm_depth",278,16,0,0,0.080952380952381,0.0909090909090909,0.05,0.115384615384615
50,2,"nb",5,"abund_lm",278,16,0,0.0217391304347826,0.104761904761905,0.136363636363636,0.25,0.346153846153846
50,2,"nb",5,"occ_depth",294,0,0.285714285714286,0.0943396226415094,0.0684931506849315,0.538461538461538,0.136363636363636,0.407407407407407
50,2,"nb",5,"occ_full",294,0,0.272727272727273,0.150943396226415,0.100456621004566,0.461538461538462,0.0454545454545455,0.481481481481481
50,2,"nb",5,"occ_lmd",294,0,0.25,0.169811320754717,0.118721461187215,0.461538461538462,0.0454545454545455,0.518518518518518
50,2,"nb",5,"occ_lmd_lN",294,0,0.2,0.0754716981132075,0.0730593607305936,0.307692307692308,0.136363636363636,0.37037037037037
50,2,"nb",5,"occ_ztnb",278,16,0.4,0.0625,0.080952380952381,0.5,0.05,0.384615384615385
50,2,"nb",5,"occ_ztnb_lN",278,16,0.5,0.0416666666666667,0.0904761904761905,0.363636363636364,0.1,0.269230769230769
50,2,"nb",5,"zip",291,3,0,0,0.0867579908675799,0.375,0.0454545454545455,0.346153846153846
50,2,"nb",5,"zinb",289,5,0,0,0.0138248847926267,0.0833333333333333,0,0.115384615384615
100,2,"nb",5,"naive",299,0,0.166666666666667,0.326086956521739,0.110169491525424,0.708333333333333,0.117647058823529,0.5
100,2,"nb",5,"depthcov",299,0,0,0,0.0550847457627119,0.458333333333333,0.0588235294117647,0.590909090909091
100,2,"nb",5,"er_lm",299,0,0.0625,0.326086956521739,0.0635593220338983,0.5,0.352941176470588,0.727272727272727
100,2,"nb",5,"abund_ztnb_t",292,7,0.25,0.166666666666667,0.0689655172413793,0.0833333333333333,0.6875,0.35
100,2,"nb",5,"abund_ztnb",292,7,0.285714285714286,0.138888888888889,0.0646551724137931,0.166666666666667,0.6875,0.45
100,2,"nb",5,"abund_lm_depth",292,7,0,0.0833333333333333,0.0301724137931034,0.0416666666666667,0.3125,0.35
100,2,"nb",5,"abund_lm",292,7,0.2,0.222222222222222,0.137931034482759,0.0833333333333333,0.4375,0.4
100,2,"nb",5,"occ_depth",299,0,0,0.347826086956522,0.0805084745762712,0.541666666666667,0.117647058823529,0.681818181818182
100,2,"nb",5,"occ_full",299,0,0.111111111111111,0.347826086956522,0.105932203389831,0.541666666666667,0.176470588235294,0.590909090909091
100,2,"nb",5,"occ_lmd",299,0,0.0588235294117647,0.347826086956522,0.105932203389831,0.625,0.176470588235294,0.590909090909091
100,2,"nb",5,"occ_lmd_lN",299,0,0,0.130434782608696,0.0593220338983051,0.5,0.0588235294117647,0.545454545454545
100,2,"nb",5,"occ_ztnb",292,7,0.181818181818182,0.204545454545455,0.0732758620689655,0.583333333333333,0.0625,0.25
100,2,"nb",5,"occ_ztnb_lN",292,7,0.333333333333333,0.136363636363636,0.0560344827586207,0.541666666666667,0,0.25
100,2,"nb",5,"zip",296,3,0,0.155555555555556,0.051063829787234,0.5,0,0.476190476190476
100,2,"nb",5,"zinb",286,13,0,0,0.0132743362831858,0.260869565217391,0,0.142857142857143
20,4,"nb",5,"naive",273,0,0,0,0.0737327188940092,0.222222222222222,0.0869565217391304,0.133333333333333
20,4,"nb",5,"depthcov",273,0,0,0,0,0.111111111111111,0,0
20,4,"nb",5,"er_lm",273,0,0,0,0.0414746543778802,0.166666666666667,0.217391304347826,0.133333333333333
20,4,"nb",5,"abund_ztnb_t",217,56,0,0.0344827586206897,0.0523255813953488,0.0625,0.0714285714285714,0.333333333333333
20,4,"nb",5,"abund_ztnb",217,56,0,0.103448275862069,0.0813953488372093,0.0625,0.214285714285714,0.333333333333333
20,4,"nb",5,"abund_lm_depth",217,56,0,0,0.0406976744186047,0.0625,0,0.333333333333333
20,4,"nb",5,"abund_lm",217,56,0.5,0.0344827586206897,0.0988372093023256,0.125,0.0714285714285714,0.266666666666667
20,4,"nb",5,"occ_depth",273,0,0,0,0.0691244239631336,0.166666666666667,0.130434782608696,0.0666666666666667
20,4,"nb",5,"occ_full",273,0,0,0,0.0967741935483871,0.333333333333333,0.173913043478261,0.2
20,4,"nb",5,"occ_lmd",273,0,0,0,0.105990783410138,0.333333333333333,0.173913043478261,0.2
20,4,"nb",5,"occ_lmd_lN",273,0,0,0,0.0921658986175115,0.0555555555555556,0.0434782608695652,0.0666666666666667
20,4,"nb",5,"occ_ztnb",217,56,0,0,0.0581395348837209,0.375,0,0.133333333333333
20,4,"nb",5,"occ_ztnb_lN",217,56,0,0,0.0406976744186047,0.125,0.0714285714285714,0.0666666666666667
20,4,"nb",5,"zip",261,12,0,0,0.0288461538461538,0.166666666666667,0.05,0
20,4,"nb",5,"zinb",0,273,0,NA,NA,NA,NA,NA
50,4,"nb",5,"naive",296,0,0,0,0.099601593625498,0.45,0.214285714285714,0.0909090909090909
50,4,"nb",5,"depthcov",296,0,0,0,0.0398406374501992,0,0.285714285714286,0
50,4,"nb",5,"er_lm",296,0,0,0,0.047808764940239,0.45,0.357142857142857,0.272727272727273
50,4,"nb",5,"abund_ztnb_t",286,10,0.5,0.0416666666666667,0.119834710743802,0.15,0.357142857142857,0.3
50,4,"nb",5,"abund_ztnb",287,9,0.666666666666667,0.0416666666666667,0.131687242798354,0.25,0.357142857142857,0.2
50,4,"nb",5,"abund_lm_depth",287,9,1,0,0.037037037037037,0.05,0.142857142857143,0
50,4,"nb",5,"abund_lm",287,9,1,0,0.213991769547325,0.1,0.357142857142857,0.4
50,4,"nb",5,"occ_depth",296,0,0,0,0.0557768924302789,0.4,0.0714285714285714,0.0909090909090909
50,4,"nb",5,"occ_full",296,0,0,0,0.0796812749003984,0.35,0.0714285714285714,0.0909090909090909
50,4,"nb",5,"occ_lmd",296,0,0,0,0.0717131474103586,0.35,0.142857142857143,0.181818181818182
50,4,"nb",5,"occ_lmd_lN",296,0,1,0,0.051792828685259,0.05,0.214285714285714,0.0909090909090909
50,4,"nb",5,"occ_ztnb",287,9,0,0,0.0534979423868313,0.3,0.0714285714285714,0.1
50,4,"nb",5,"occ_ztnb_lN",287,9,0,0,0.0576131687242798,0.05,0.285714285714286,0
50,4,"nb",5,"zip",294,2,0,0,0.036144578313253,0.25,0.214285714285714,0
50,4,"nb",5,"zinb",286,10,0,0,0.00829875518672199,0.15,0,0
100,4,"nb",5,"naive",299,0,0.511111111111111,0.611111111111111,0.252100840336134,0.523809523809524,0.2,1
100,4,"nb",5,"depthcov",299,0,0,0,0.0504201680672269,0.142857142857143,0.12,0.466666666666667
100,4,"nb",5,"er_lm",299,0,0.0833333333333333,0.305555555555556,0.0420168067226891,0.428571428571429,0.52,0.866666666666667
100,4,"nb",5,"abund_ztnb_t",298,1,0.263157894736842,0.35,0.100840336134454,0.15,0.48,0.8
100,4,"nb",5,"abund_ztnb",298,1,0.176470588235294,0.35,0.0966386554621849,0.15,0.48,0.8
100,4,"nb",5,"abund_lm_depth",298,1,0,0,0.046218487394958,0.15,0.12,0.466666666666667
100,4,"nb",5,"abund_lm",298,1,0.527777777777778,0.425,0.226890756302521,0.25,0.56,0.666666666666667
100,4,"nb",5,"occ_depth",299,0,0.176470588235294,0.388888888888889,0.0546218487394958,0.619047619047619,0.24,0.866666666666667
100,4,"nb",5,"occ_full",299,0,0.227272727272727,0.472222222222222,0.142857142857143,0.666666666666667,0.2,1
100,4,"nb",5,"occ_lmd",299,0,0.260869565217391,0.472222222222222,0.138655462184874,0.666666666666667,0.16,1
100,4,"nb",5,"occ_lmd_lN",299,0,0,0.0555555555555556,0.0672268907563025,0.285714285714286,0.16,0.533333333333333
100,4,"nb",5,"occ_ztnb",298,1,0.333333333333333,0.0571428571428571,0.0588235294117647,0,0.12,0.8
100,4,"nb",5,"occ_ztnb_lN",298,1,0,0,0.0546218487394958,0.05,0.12,0.333333333333333
100,4,"nb",5,"zip",298,1,0,0.257142857142857,0.121848739495798,0.55,0.2,1
100,4,"nb",5,"zinb",295,4,0,0,0.0212765957446809,0,0,0.466666666666667
20,1,"poisson",6,"naive",258,0,0,0,0.0140845070422535,0.105263157894737,0,0.153846153846154
20,1,"poisson",6,"depthcov",258,0,0,0,0.0140845070422535,0.105263157894737,0,0.153846153846154
20,1,"poisson",6,"er_lm",258,0,1,0,0.0234741784037559,0.105263157894737,0.0769230769230769,0.384615384615385
20,1,"poisson",6,"abund_ztnb_t",198,60,0,0,0.0177514792899408,0,0.454545454545455,0.4
20,1,"poisson",6,"abund_ztnb",200,58,0,0,0.0470588235294118,0.111111111111111,0.545454545454545,0.6
20,1,"poisson",6,"abund_lm_depth",200,58,1,0,0.0411764705882353,0.111111111111111,0.272727272727273,0.2
20,1,"poisson",6,"abund_lm",200,58,0,0,0.0176470588235294,0.111111111111111,0.454545454545455,0.3
20,1,"poisson",6,"occ_depth",258,0,0,0,0.0751173708920188,0.263157894736842,0,0.384615384615385
20,1,"poisson",6,"occ_full",258,0,0,0,0.0751173708920188,0.263157894736842,0,0.230769230769231
20,1,"poisson",6,"occ_lmd",258,0,0,0,0.0657276995305164,0.263157894736842,0,0.230769230769231
20,1,"poisson",6,"occ_lmd_lN",258,0,0,0,0.0751173708920188,0.315789473684211,0,0.230769230769231
20,1,"poisson",6,"occ_ztnb",200,58,0,0,0.0529411764705882,0.111111111111111,0,0.1
20,1,"poisson",6,"occ_ztnb_lN",200,58,0,0,0.0647058823529412,0.111111111111111,0,0.1
20,1,"poisson",6,"zip",249,9,0,0,0.00961538461538462,0,0,0
20,1,"poisson",6,"zinb",0,258,0,NA,NA,NA,NA,NA
50,1,"poisson",6,"naive",291,0,0.5,0.0277777777777778,0.0555555555555556,0.269230769230769,0.285714285714286,0.5
50,1,"poisson",6,"depthcov",291,0,0.5,0.0277777777777778,0.0555555555555556,0.269230769230769,0.333333333333333,0.5
50,1,"poisson",6,"er_lm",291,0,0.375,0.138888888888889,0.0512820512820513,0.423076923076923,0.333333333333333,0.6
50,1,"poisson",6,"abund_ztnb_t",271,20,1,0,0.100917431192661,0,0.421052631578947,0.3
50,1,"poisson",6,"abund_ztnb",273,18,0,0,0.109090909090909,0.166666666666667,0.421052631578947,0.3
50,1,"poisson",6,"abund_lm_depth",273,18,1,0,0.0863636363636364,0.0416666666666667,0.315789473684211,0.2
50,1,"poisson",6,"abund_lm",273,18,0,0,0.0681818181818182,0,0.421052631578947,0.1
50,1,"poisson",6,"occ_depth",291,0,0.375,0.138888888888889,0.0769230769230769,0.384615384615385,0.333333333333333,0.6
50,1,"poisson",6,"occ_full",291,0,0,0,0.0726495726495727,0.307692307692308,0.285714285714286,0.5
50,1,"poisson",6,"occ_lmd",291,0,0,0.0833333333333333,0.0726495726495727,0.346153846153846,0.238095238095238,0.5
50,1,"poisson",6,"occ_lmd_lN",291,0,0.333333333333333,0.111111111111111,0.0726495726495727,0.384615384615385,0.238095238095238,0.5
50,1,"poisson",6,"occ_ztnb",273,18,0,0.0882352941176471,0.0681818181818182,0.25,0.105263157894737,0.6
50,1,"poisson",6,"occ_ztnb_lN",273,18,0.25,0.0882352941176471,0.0727272727272727,0.25,0.105263157894737,0.6
50,1,"poisson",6,"zip",284,7,0,0,0.0394736842105263,0.16,0,0.3
50,1,"poisson",6,"zinb",284,7,0,0,0.0219298245614035,0.16,0,0.2
100,1,"poisson",6,"naive",297,0,0.111111111111111,0.242424242424242,0.045643153526971,0.384615384615385,0.173913043478261,0.6
100,1,"poisson",6,"depthcov",297,0,0.1,0.272727272727273,0.04149377593361,0.384615384615385,0.173913043478261,0.6
100,1,"poisson",6,"er_lm",297,0,0.214285714285714,0.333333333333333,0.029045643153527,0.384615384615385,0.478260869565217,0.55
100,1,"poisson",6,"abund_ztnb_t",289,8,0.1,0.428571428571429,0.0683760683760684,0,0.608695652173913,0.578947368421053
100,1,"poisson",6,"abund_ztnb",294,3,0.0526315789473684,0.428571428571429,0.0920502092050209,0,0.608695652173913,0.578947368421053
100,1,"poisson",6,"abund_lm_depth",294,3,0.166666666666667,0.357142857142857,0.0418410041841004,0,0.521739130434783,0.578947368421053
100,1,"poisson",6,"abund_lm",294,3,0.117647058823529,0.357142857142857,0.0376569037656904,0,0.521739130434783,0.578947368421053
100,1,"poisson",6,"occ_depth",297,0,0.1,0.272727272727273,0.0497925311203319,0.384615384615385,0.217391304347826,0.6
100,1,"poisson",6,"occ_full",297,0,0,0.242424242424242,0.0497925311203319,0.384615384615385,0.130434782608696,0.6
100,1,"poisson",6,"occ_lmd",297,0,0,0.242424242424242,0.0539419087136929,0.461538461538462,0.130434782608696,0.6
100,1,"poisson",6,"occ_lmd_lN",297,0,0,0.272727272727273,0.0539419087136929,0.461538461538462,0.130434782608696,0.6
100,1,"poisson",6,"occ_ztnb",294,3,0.461538461538462,0.21875,0.0836820083682008,0.384615384615385,0.0434782608695652,0.578947368421053
100,1,"poisson",6,"occ_ztnb_lN",294,3,0.466666666666667,0.25,0.0920502092050209,0.384615384615385,0.0434782608695652,0.578947368421053
100,1,"poisson",6,"zip",296,1,0,0.151515151515152,0.0375,0.384615384615385,0.0434782608695652,0.45
100,1,"poisson",6,"zinb",289,8,0,0.121212121212121,0.0128755364806867,0.230769230769231,0,0.3
20,2,"poisson",6,"naive",264,0,0,0,0.027906976744186,0.133333333333333,0.0769230769230769,0.19047619047619
20,2,"poisson",6,"depthcov",264,0,0,0,0.0186046511627907,0,0,0
20,2,"poisson",6,"er_lm",264,0,1,0,0.0558139534883721,0.133333333333333,0.307692307692308,0.285714285714286
20,2,"poisson",6,"abund_ztnb_t",213,51,0,0,0.0809248554913295,0.0769230769230769,0.307692307692308,0.428571428571429
20,2,"poisson",6,"abund_ztnb",213,51,0,0.037037037037037,0.104046242774566,0.230769230769231,0.307692307692308,0.428571428571429
20,2,"poisson",6,"abund_lm_depth",213,51,0,0,0.0404624277456647,0,0.230769230769231,0.285714285714286
20,2,"poisson",6,"abund_lm",213,51,0,0,0.0635838150289017,0.153846153846154,0.384615384615385,0.428571428571429
20,2,"poisson",6,"occ_depth",264,0,0,0,0.0790697674418605,0.2,0.153846153846154,0.285714285714286
20,2,"poisson",6,"occ_full",264,0,0,0,0.0790697674418605,0.2,0.0769230769230769,0.285714285714286
20,2,"poisson",6,"occ_lmd",264,0,0,0,0.0790697674418605,0.266666666666667,0.0769230769230769,0.285714285714286
20,2,"poisson",6,"occ_lmd_lN",264,0,0,0,0.125581395348837,0.133333333333333,0.153846153846154,0.0476190476190476
20,2,"poisson",6,"occ_ztnb",213,51,0,0,0.0404624277456647,0.230769230769231,0.0769230769230769,0.214285714285714
20,2,"poisson",6,"occ_ztnb_lN",213,51,0,0,0.069364161849711,0.153846153846154,0.0769230769230769,0
20,2,"poisson",6,"zip",254,10,0,0,0.0192307692307692,0.0714285714285714,0,0.210526315789474
20,2,"poisson",6,"zinb",0,264,0,NA,NA,NA,NA,NA
50,2,"poisson",6,"naive",288,0,0,0.0277777777777778,0.0765957446808511,0.333333333333333,0.0588235294117647,0.444444444444444
50,2,"poisson",6,"depthcov",288,0,0,0,0.0340425531914894,0.0555555555555556,0,0.222222222222222
50,2,"poisson",6,"er_lm",288,0,0,0.0277777777777778,0.025531914893617,0.277777777777778,0.117647058823529,0.388888888888889
50,2,"poisson",6,"abund_ztnb_t",262,26,0,0.0967741935483871,0.102803738317757,0.235294117647059,0.4,0.625
50,2,"poisson",6,"abund_ztnb",264,24,0.4,0.0967741935483871,0.134259259259259,0.235294117647059,0.466666666666667,0.625
50,2,"poisson",6,"abund_lm_depth",264,24,0,0,0.0462962962962963,0.0588235294117647,0.266666666666667,0.25
50,2,"poisson",6,"abund_lm",264,24,0.428571428571429,0.129032258064516,0.12962962962963,0.294117647058824,0.4,0.5
50,2,"poisson",6,"occ_depth",288,0,0,0.0277777777777778,0.0595744680851064,0.333333333333333,0,0.333333333333333
50,2,"poisson",6,"occ_full",288,0,0,0.0277777777777778,0.0851063829787234,0.333333333333333,0,0.5
50,2,"poisson",6,"occ_lmd",288,0,0,0.0277777777777778,0.0851063829787234,0.277777777777778,0,0.333333333333333
50,2,"poisson",6,"occ_lmd_lN",288,0,0,0.0277777777777778,0.0382978723404255,0.0555555555555556,0.0588235294117647,0.277777777777778
50,2,"poisson",6,"occ_ztnb",264,24,0,0.0909090909090909,0.087962962962963,0.529411764705882,0,0.375
50,2,"poisson",6,"occ_ztnb_lN",264,24,0.5,0.0303030303030303,0.0509259259259259,0.235294117647059,0.2,0.1875
50,2,"poisson",6,"zip",285,3,0,0.0277777777777778,0.0474137931034483,0.277777777777778,0,0.444444444444444
50,2,"poisson",6,"zinb",283,5,0,0,0.0130434782608696,0.111111111111111,0,0.222222222222222
100,2,"poisson",6,"naive",299,0,0.133333333333333,0.40625,0.119521912350598,0.538461538461538,0.1875,0.736842105263158
100,2,"poisson",6,"depthcov",299,0,0,0.03125,0.0597609561752988,0.461538461538462,0.0625,0.578947368421053
100,2,"poisson",6,"er_lm",299,0,0.1875,0.40625,0.051792828685259,0.538461538461538,0.5,0.684210526315789
100,2,"poisson",6,"abund_ztnb_t",295,4,0.304347826086957,0.457142857142857,0.125506072874494,0,0.75,0.684210526315789
100,2,"poisson",6,"abund_ztnb",297,2,0.333333333333333,0.4,0.144578313253012,0,0.8125,0.684210526315789
100,2,"poisson",6,"abund_lm_depth",297,2,0,0.171428571428571,0.0401606425702811,0,0.5625,0.421052631578947
100,2,"poisson",6,"abund_lm",297,2,0.333333333333333,0.514285714285714,0.152610441767068,0.0769230769230769,0.8125,0.631578947368421
100,2,"poisson",6,"occ_depth",299,0,0.0714285714285714,0.40625,0.0637450199203187,0.461538461538462,0.25,0.736842105263158
100,2,"poisson",6,"occ_full",299,0,0.0714285714285714,0.40625,0.099601593625498,0.461538461538462,0.0625,0.736842105263158
100,2,"poisson",6,"occ_lmd",299,0,0.0714285714285714,0.40625,0.107569721115538,0.461538461538462,0.0625,0.736842105263158
100,2,"poisson",6,"occ_lmd_lN",299,0,0,0.03125,0.0677290836653386,0.461538461538462,0,0.578947368421053
100,2,"poisson",6,"occ_ztnb",297,2,0.266666666666667,0.34375,0.0763052208835341,0.461538461538462,0.1875,0.684210526315789
100,2,"poisson",6,"occ_ztnb_lN",297,2,0.5,0.0625,0.0642570281124498,0.461538461538462,0.125,0.473684210526316
100,2,"poisson",6,"zip",299,0,0,0.375,0.0637450199203187,0.461538461538462,0.1875,0.736842105263158
100,2,"poisson",6,"zinb",295,4,0,0,0.0161943319838057,0.384615384615385,0.0625,0.526315789473684
20,4,"poisson",6,"naive",276,0,0,0,0.0538116591928251,0.05,0.0952380952380952,0.166666666666667
20,4,"poisson",6,"depthcov",276,0,0,0,0.0224215246636771,0.05,0,0.0833333333333333
20,4,"poisson",6,"er_lm",276,0,1,0,0.0672645739910314,0.1,0,0.333333333333333
20,4,"poisson",6,"abund_ztnb_t",237,39,0,0,0.0569948186528497,0.0625,0.315789473684211,0.111111111111111
20,4,"poisson",6,"abund_ztnb",238,38,0,0,0.0721649484536082,0.0625,0.368421052631579,0.111111111111111
20,4,"poisson",6,"abund_lm_depth",238,38,0,0,0.0824742268041237,0.0625,0.105263157894737,0
20,4,"poisson",6,"abund_lm",238,38,0,0,0.0567010309278351,0.125,0.157894736842105,0.111111111111111
20,4,"poisson",6,"occ_depth",276,0,0,0,0.0582959641255605,0.3,0,0.416666666666667
20,4,"poisson",6,"occ_full",276,0,0,0,0.0672645739910314,0.3,0,0.333333333333333
20,4,"poisson",6,"occ_lmd",276,0,0,0,0.0672645739910314,0.3,0,0.333333333333333
20,4,"poisson",6,"occ_lmd_lN",276,0,0,0,0.0582959641255605,0.2,0.0476190476190476,0.166666666666667
20,4,"poisson",6,"occ_ztnb",238,38,0,0,0.0360824742268041,0.25,0,0.222222222222222
20,4,"poisson",6,"occ_ztnb_lN",238,38,0,0,0.0412371134020619,0.125,0.105263157894737,0.222222222222222
20,4,"poisson",6,"zip",271,5,0,0,0.0273972602739726,0,0,0.0909090909090909
20,4,"poisson",6,"zinb",0,276,0,NA,NA,NA,NA,NA
50,4,"poisson",6,"naive",292,0,0.25,0.0789473684210526,0.12280701754386,0.35,0.0384615384615385,0.5
50,4,"poisson",6,"depthcov",292,0,0,0,0.0482456140350877,0.1,0.0384615384615385,0.166666666666667
50,4,"poisson",6,"er_lm",292,0,0.25,0.0789473684210526,0.0482456140350877,0.4,0.192307692307692,0.388888888888889
50,4,"poisson",6,"abund_ztnb_t",285,7,0,0.24390243902439,0.115555555555556,0.0526315789473684,0.56,0.625
50,4,"poisson",6,"abund_ztnb",286,6,0.0666666666666667,0.341463414634146,0.12,0.05,0.56,0.5625
50,4,"poisson",6,"abund_lm_depth",286,6,0,0,0.04,0,0.24,0.1875
50,4,"poisson",6,"abund_lm",286,6,0.388888888888889,0.268292682926829,0.151111111111111,0.15,0.56,0.5625
50,4,"poisson",6,"occ_depth",292,0,0.25,0.0789473684210526,0.0657894736842105,0.45,0.0769230769230769,0.444444444444444
50,4,"poisson",6,"occ_full",292,0,0.25,0.0789473684210526,0.0921052631578947,0.5,0.0769230769230769,0.5
50,4,"poisson",6,"occ_lmd",292,0,0.25,0.0789473684210526,0.0964912280701754,0.45,0.0769230769230769,0.5
50,4,"poisson",6,"occ_lmd_lN",292,0,0,0.0263157894736842,0.0789473684210526,0.1,0.0384615384615385,0.222222222222222
50,4,"poisson",6,"occ_ztnb",286,6,0,0.0555555555555556,0.0533333333333333,0.4,0.04,0.4375
50,4,"poisson",6,"occ_ztnb_lN",286,6,0,0.0277777777777778,0.0444444444444444,0.15,0,0.1875
50,4,"poisson",6,"zip",289,3,0,0,0.0440528634361234,0.4,0,0.470588235294118
50,4,"poisson",6,"zinb",284,8,0,0,0.018018018018018,0.3,0,0.117647058823529
100,4,"poisson",6,"naive",300,0,0.480769230769231,0.6,0.258474576271186,0.769230769230769,0.105263157894737,0.684210526315789
100,4,"poisson",6,"depthcov",300,0,0,0,0.0593220338983051,0.346153846153846,0.0526315789473684,0.473684210526316
100,4,"poisson",6,"er_lm",300,0,0.0666666666666667,0.311111111111111,0.0296610169491525,0.576923076923077,0.421052631578947,0.631578947368421
100,4,"poisson",6,"abund_ztnb_t",298,2,0.210526315789474,0.394736842105263,0.102564102564103,0.0769230769230769,0.789473684210526,0.631578947368421
100,4,"poisson",6,"abund_ztnb",300,0,0.263157894736842,0.368421052631579,0.105932203389831,0.115384615384615,0.789473684210526,0.526315789473684
100,4,"poisson",6,"abund_lm_depth",300,0,0.5,0.0263157894736842,0.038135593220339,0.153846153846154,0.368421052631579,0.315789473684211
100,4,"poisson",6,"abund_lm",300,0,0.619047619047619,0.631578947368421,0.296610169491525,0.269230769230769,0.894736842105263,0.578947368421053
100,4,"poisson",6,"occ_depth",300,0,0.0625,0.333333333333333,0.038135593220339,0.730769230769231,0.105263157894737,0.736842105263158
100,4,"poisson",6,"occ_full",300,0,0.258064516129032,0.511111111111111,0.148305084745763,0.807692307692308,0.0526315789473684,0.736842105263158
100,4,"poisson",6,"occ_lmd",300,0,0.323529411764706,0.511111111111111,0.144067796610169,0.807692307692308,0.0526315789473684,0.736842105263158
100,4,"poisson",6,"occ_lmd_lN",300,0,0.333333333333333,0.0444444444444444,0.0805084745762712,0.384615384615385,0.0526315789473684,0.421052631578947
100,4,"poisson",6,"occ_ztnb",300,0,0.15,0.377777777777778,0.0889830508474576,0.769230769230769,0,0.578947368421053
100,4,"poisson",6,"occ_ztnb_lN",300,0,0.285714285714286,0.111111111111111,0.0677966101694915,0.384615384615385,0.105263157894737,0.368421052631579
100,4,"poisson",6,"zip",300,0,0.0909090909090909,0.444444444444444,0.110169491525424,0.730769230769231,0.0526315789473684,0.684210526315789
100,4,"poisson",6,"zinb",298,2,0,0.111111111111111,0.0213675213675214,0.576923076923077,0,0.473684210526316
20,1,"nb",6,"naive",247,0,0,0,0.0492610837438424,0.117647058823529,0.0625,0.181818181818182
20,1,"nb",6,"depthcov",247,0,0,0,0.0443349753694581,0.117647058823529,0.0625,0.0909090909090909
20,1,"nb",6,"er_lm",247,0,0,0,0.0738916256157636,0.176470588235294,0.125,0.272727272727273
20,1,"nb",6,"abund_ztnb_t",190,57,0,0,0.0838709677419355,0,0.142857142857143,0
20,1,"nb",6,"abund_ztnb",191,56,0,0,0.16025641025641,0,0.142857142857143,0
20,1,"nb",6,"abund_lm_depth",191,56,0,0,0.0705128205128205,0,0,0
20,1,"nb",6,"abund_lm",191,56,0,0,0.0384615384615385,0,0.0714285714285714,0
20,1,"nb",6,"occ_depth",247,0,0,0,0.083743842364532,0.235294117647059,0.0625,0.272727272727273
20,1,"nb",6,"occ_full",247,0,0,0,0.0689655172413793,0.176470588235294,0.125,0.272727272727273
20,1,"nb",6,"occ_lmd",247,0,0,0,0.0788177339901478,0.176470588235294,0.125,0.272727272727273
20,1,"nb",6,"occ_lmd_lN",247,0,0,0,0.123152709359606,0.176470588235294,0.125,0.272727272727273
20,1,"nb",6,"occ_ztnb",191,56,0,0,0.0705128205128205,0.142857142857143,0.142857142857143,0.285714285714286
20,1,"nb",6,"occ_ztnb_lN",191,56,0,0,0.108974358974359,0.142857142857143,0,0.285714285714286
20,1,"nb",6,"zip",241,6,0,0,0.0251256281407035,0.125,0.0625,0.2
20,1,"nb",6,"zinb",0,247,0,NA,NA,NA,NA,NA
50,1,"nb",6,"naive",289,0,0,0,0.0210970464135021,0.333333333333333,0.136363636363636,0.266666666666667
50,1,"nb",6,"depthcov",289,0,0,0,0.0210970464135021,0.333333333333333,0.136363636363636,0.333333333333333
50,1,"nb",6,"er_lm",289,0,0,0.0666666666666667,0.029535864978903,0.333333333333333,0.227272727272727,0.4
50,1,"nb",6,"abund_ztnb_t",270,19,0,0.0571428571428571,0.0896860986547085,0.25,0.380952380952381,0.214285714285714
50,1,"nb",6,"abund_ztnb",271,18,0,0.0571428571428571,0.116071428571429,0.25,0.428571428571429,0.214285714285714
50,1,"nb",6,"abund_lm_depth",271,18,0.333333333333333,0.0571428571428571,0.0446428571428571,0.166666666666667,0.380952380952381,0.214285714285714
50,1,"nb",6,"abund_lm",271,18,0,0.0571428571428571,0.0625,0.0833333333333333,0.333333333333333,0.214285714285714
50,1,"nb",6,"occ_depth",289,0,0.333333333333333,0.0666666666666667,0.0379746835443038,0.4,0.181818181818182,0.466666666666667
50,1,"nb",6,"occ_full",289,0,0.25,0.1,0.0464135021097046,0.466666666666667,0.181818181818182,0.333333333333333
50,1,"nb",6,"occ_lmd",289,0,0.333333333333333,0.0666666666666667,0.0421940928270042,0.466666666666667,0.181818181818182,0.4
50,1,"nb",6,"occ_lmd_lN",289,0,0.333333333333333,0.0666666666666667,0.0548523206751055,0.4,0.136363636363636,0.333333333333333
50,1,"nb",6,"occ_ztnb",271,18,0.4,0.115384615384615,0.0535714285714286,0.5,0.0952380952380952,0.142857142857143
50,1,"nb",6,"occ_ztnb_lN",271,18,0.5,0.115384615384615,0.0714285714285714,0.5,0.0476190476190476,0.214285714285714
50,1,"nb",6,"zip",285,4,0,0,0.0340425531914894,0.357142857142857,0.142857142857143,0.266666666666667
50,1,"nb",6,"zinb",278,11,0,0,0.00436681222707424,0.142857142857143,0,0
100,1,"nb",6,"naive",298,0,0,0.282051282051282,0.033195020746888,0.416666666666667,0.277777777777778,0.533333333333333
100,1,"nb",6,"depthcov",298,0,0,0.282051282051282,0.033195020746888,0.375,0.277777777777778,0.533333333333333
100,1,"nb",6,"er_lm",298,0,0.142857142857143,0.307692307692308,0.004149377593361,0.375,0.5,0.533333333333333
100,1,"nb",6,"abund_ztnb_t",290,8,0.375,0.151515151515152,0.106837606837607,0.0869565217391304,0.444444444444444,0.533333333333333
100,1,"nb",6,"abund_ztnb",293,5,0.25,0.181818181818182,0.143459915611814,0.0869565217391304,0.5,0.533333333333333
100,1,"nb",6,"abund_lm_depth",293,5,0,0.151515151515152,0.0548523206751055,0,0.388888888888889,0.6
100,1,"nb",6,"abund_lm",293,5,0,0.181818181818182,0.0421940928270042,0,0.388888888888889,0.533333333333333
100,1,"nb",6,"occ_depth",298,0,0,0.307692307692308,0.04149377593361,0.5,0.277777777777778,0.533333333333333
100,1,"nb",6,"occ_full",298,0,0,0.282051282051282,0.0580912863070539,0.5,0.111111111111111,0.6
100,1,"nb",6,"occ_lmd",298,0,0,0.256410256410256,0.0663900414937759,0.458333333333333,0.111111111111111,0.6
100,1,"nb",6,"occ_lmd_lN",298,0,0,0.256410256410256,0.0663900414937759,0.458333333333333,0.111111111111111,0.533333333333333
100,1,"nb",6,"occ_ztnb",293,5,0.428571428571429,0.105263157894737,0.0843881856540084,0.304347826086957,0.111111111111111,0.4
100,1,"nb",6,"occ_ztnb_lN",293,5,0.428571428571429,0.105263157894737,0.0928270042194093,0.304347826086957,0.111111111111111,0.466666666666667
100,1,"nb",6,"zip",295,3,0,0.131578947368421,0.0418410041841004,0.434782608695652,0.111111111111111,0.4
100,1,"nb",6,"zinb",291,7,0,0,0.0127118644067797,0.0434782608695652,0,0.142857142857143
20,2,"nb",6,"naive",269,0,0,0,0.0518867924528302,0.142857142857143,0,0
20,2,"nb",6,"depthcov",269,0,0,0,0.0330188679245283,0,0,0
20,2,"nb",6,"er_lm",269,0,0,0,0.0377358490566038,0.214285714285714,0.130434782608696,0.15
20,2,"nb",6,"abund_ztnb_t",209,60,0,0,0.0898203592814371,0,0.125,0.2
20,2,"nb",6,"abund_ztnb",209,60,0,0,0.149700598802395,0,0.1875,0.266666666666667
20,2,"nb",6,"abund_lm_depth",209,60,0,0,0.0479041916167665,0.0909090909090909,0.0625,0
20,2,"nb",6,"abund_lm",209,60,1,0,0.101796407185629,0,0.125,0.266666666666667
20,2,"nb",6,"occ_depth",269,0,0,0,0.0660377358490566,0.285714285714286,0.0869565217391304,0.15
20,2,"nb",6,"occ_full",269,0,0,0,0.0849056603773585,0.285714285714286,0.0869565217391304,0.15
20,2,"nb",6,"occ_lmd",269,0,0,0,0.0754716981132075,0.285714285714286,0.0434782608695652,0.1
20,2,"nb",6,"occ_lmd_lN",269,0,0,0,0.0660377358490566,0.0714285714285714,0.130434782608696,0.05
20,2,"nb",6,"occ_ztnb",209,60,1,0,0.0838323353293413,0.272727272727273,0,0.0666666666666667
20,2,"nb",6,"occ_ztnb_lN",209,60,0,0,0.0658682634730539,0.0909090909090909,0.25,0.0666666666666667
20,2,"nb",6,"zip",260,9,0,0,0.0289855072463768,0.153846153846154,0,0
20,2,"nb",6,"zinb",0,269,0,NA,NA,NA,NA,NA
50,2,"nb",6,"naive",296,0,0,0,0.0785123966942149,0.409090909090909,0.0476190476190476,0.0909090909090909
50,2,"nb",6,"depthcov",296,0,0,0,0.0537190082644628,0.318181818181818,0,0.0909090909090909
50,2,"nb",6,"er_lm",296,0,1,0,0.0454545454545455,0.181818181818182,0.0952380952380952,0.181818181818182
50,2,"nb",6,"abund_ztnb_t",281,15,0.2,0.142857142857143,0.0775862068965517,0.0952380952380952,0.3,0.25
50,2,"nb",6,"abund_ztnb",282,14,0,0.107142857142857,0.0905172413793103,0.136363636363636,0.3,0.25
50,2,"nb",6,"abund_lm_depth",282,14,0,0.0714285714285714,0.0474137931034483,0.0909090909090909,0.25,0.25
50,2,"nb",6,"abund_lm",282,14,0.5,0.0357142857142857,0.0560344827586207,0.227272727272727,0.3,0.25
50,2,"nb",6,"occ_depth",296,0,0,0,0.0909090909090909,0.363636363636364,0,0.0909090909090909
50,2,"nb",6,"occ_full",296,0,0,0,0.0909090909090909,0.454545454545455,0,0.0909090909090909
50,2,"nb",6,"occ_lmd",296,0,0,0,0.0950413223140496,0.5,0,0.0909090909090909
50,2,"nb",6,"occ_lmd_lN",296,0,0,0,0.0785123966942149,0.227272727272727,0,0.0909090909090909
50,2,"nb",6,"occ_ztnb",282,14,0,0,0.0603448275862069,0.318181818181818,0,0.25
50,2,"nb",6,"occ_ztnb_lN",282,14,0,0,0.0862068965517241,0.272727272727273,0,0.25
50,2,"nb",6,"zip",293,3,0,0,0.0543933054393305,0.272727272727273,0,0.0909090909090909
50,2,"nb",6,"zinb",290,6,0,0,0.0127118644067797,0.181818181818182,0,0.0909090909090909
100,2,"nb",6,"naive",299,0,0.25,0.0909090909090909,0.0695652173913043,0.578947368421053,0.25,0.714285714285714
100,2,"nb",6,"depthcov",299,0,0,0,0.0652173913043478,0.315789473684211,0.111111111111111,0.571428571428571
100,2,"nb",6,"er_lm",299,0,0.461538461538462,0.212121212121212,0.0608695652173913,0.368421052631579,0.361111111111111,0.714285714285714
100,2,"nb",6,"abund_ztnb_t",291,8,0.15,0.361702127659574,0.146666666666667,0.0526315789473684,0.588235294117647,0.461538461538462
100,2,"nb",6,"abund_ztnb",294,5,0.15,0.346938775510204,0.150442477876106,0.105263157894737,0.638888888888889,0.461538461538462
100,2,"nb",6,"abund_lm_depth",294,5,0,0.0612244897959184,0.0663716814159292,0,0.388888888888889,0.538461538461538
100,2,"nb",6,"abund_lm",294,5,0.485714285714286,0.36734693877551,0.176991150442478,0.157894736842105,0.527777777777778,0.692307692307692
100,2,"nb",6,"occ_depth",299,0,0,0.0606060606060606,0.0608695652173913,0.473684210526316,0.166666666666667,0.785714285714286
100,2,"nb",6,"occ_full",299,0,0,0.0909090909090909,0.0652173913043478,0.578947368421053,0.111111111111111,0.571428571428571
100,2,"nb",6,"occ_lmd",299,0,0,0.0909090909090909,0.0608695652173913,0.526315789473684,0.138888888888889,0.642857142857143
100,2,"nb",6,"occ_lmd_lN",299,0,0,0.0909090909090909,0.0695652173913043,0.315789473684211,0.0277777777777778,0.642857142857143
100,2,"nb",6,"occ_ztnb",294,5,0.5,0.03125,0.0663716814159292,0.473684210526316,0.0833333333333333,0.538461538461538
100,2,"nb",6,"occ_ztnb_lN",294,5,0.428571428571429,0.125,0.0707964601769911,0.315789473684211,0.111111111111111,0.461538461538462
100,2,"nb",6,"zip",297,2,0,0.0303030303030303,0.0570175438596491,0.473684210526316,0.0833333333333333,0.642857142857143
100,2,"nb",6,"zinb",290,9,0,0,0.00896860986547085,0.263157894736842,0,0.428571428571429
20,4,"nb",6,"naive",273,0,0,0,0.0535714285714286,0.133333333333333,0.05,0.285714285714286
20,4,"nb",6,"depthcov",273,0,0,0,0.00892857142857143,0,0,0
20,4,"nb",6,"er_lm",273,0,0.25,0.103448275862069,0.0625,0.2,0.1,0.214285714285714
20,4,"nb",6,"abund_ztnb_t",221,52,0,0,0.129943502824859,0.0769230769230769,0.166666666666667,0.153846153846154
20,4,"nb",6,"abund_ztnb",222,51,0,0.032258064516129,0.140449438202247,0.0769230769230769,0.166666666666667,0.230769230769231
20,4,"nb",6,"abund_lm_depth",222,51,0,0,0.0730337078651685,0,0.0555555555555556,0.0769230769230769
20,4,"nb",6,"abund_lm",222,51,0,0,0.117977528089888,0,0.333333333333333,0.307692307692308
20,4,"nb",6,"occ_depth",273,0,0.4,0.103448275862069,0.0803571428571429,0.2,0.1,0.214285714285714
20,4,"nb",6,"occ_full",273,0,0.5,0.0689655172413793,0.0892857142857143,0.2,0.1,0.357142857142857
20,4,"nb",6,"occ_lmd",273,0,0.5,0.0689655172413793,0.0892857142857143,0.2,0.1,0.357142857142857
20,4,"nb",6,"occ_lmd_lN",273,0,0,0,0.0803571428571429,0.133333333333333,0,0.0714285714285714
20,4,"nb",6,"occ_ztnb",222,51,0.666666666666667,0.0384615384615385,0.0842696629213483,0.230769230769231,0,0.307692307692308
20,4,"nb",6,"occ_ztnb_lN",222,51,0,0,0.0730337078651685,0.0769230769230769,0.111111111111111,0.153846153846154
20,4,"nb",6,"zip",265,8,0,0,0.0276497695852535,0.0714285714285714,0.05,0.214285714285714
20,4,"nb",6,"zinb",0,273,0,NA,NA,NA,NA,NA
50,4,"nb",6,"naive",296,0,0,0.0256410256410256,0.172995780590717,0.35,0.2,0.263157894736842
50,4,"nb",6,"depthcov",296,0,0,0,0.0337552742616034,0.05,0,0.157894736842105
50,4,"nb",6,"er_lm",296,0,0,0.0512820512820513,0.0548523206751055,0.35,0.25,0.368421052631579
50,4,"nb",6,"abund_ztnb_t",280,16,0,0.0606060606060606,0.109170305676856,0.111111111111111,0.4375,0.647058823529412
50,4,"nb",6,"abund_ztnb",280,16,0.4,0.0909090909090909,0.131004366812227,0.111111111111111,0.375,0.588235294117647
50,4,"nb",6,"abund_lm_depth",280,16,0,0,0.0305676855895196,0.111111111111111,0.125,0.176470588235294
50,4,"nb",6,"abund_lm",280,16,0.3,0.212121212121212,0.170305676855895,0.0555555555555556,0.5,0.470588235294118
50,4,"nb",6,"occ_depth",296,0,0,0.102564102564103,0.0759493670886076,0.45,0.1,0.315789473684211
50,4,"nb",6,"occ_full",296,0,0.4,0.0769230769230769,0.118143459915612,0.5,0.1,0.263157894736842
50,4,"nb",6,"occ_lmd",296,0,0.4,0.0769230769230769,0.130801687763713,0.5,0.1,0.210526315789474
50,4,"nb",6,"occ_lmd_lN",296,0,0,0,0.0759493670886076,0.1,0.05,0.157894736842105
50,4,"nb",6,"occ_ztnb",280,16,0.333333333333333,0.0571428571428571,0.074235807860262,0.333333333333333,0.125,0.294117647058824
50,4,"nb",6,"occ_ztnb_lN",280,16,0,0,0.0611353711790393,0.0555555555555556,0,0.176470588235294
50,4,"nb",6,"zip",293,3,0,0,0.0893617021276596,0.2,0.0526315789473684,0.105263157894737
50,4,"nb",6,"zinb",283,13,0,0,0.0219298245614035,0.105263157894737,0,0.117647058823529
100,4,"nb",6,"naive",300,0,0.666666666666667,0.393939393939394,0.269709543568465,0.666666666666667,0.269230769230769,0.555555555555556
100,4,"nb",6,"depthcov",300,0,0,0,0.037344398340249,0.333333333333333,0,0.166666666666667
100,4,"nb",6,"er_lm",300,0,0.428571428571429,0.121212121212121,0.045643153526971,0.533333333333333,0.423076923076923,0.388888888888889
100,4,"nb",6,"abund_ztnb_t",296,4,0.117647058823529,0.340909090909091,0.109243697478992,0.142857142857143,0.576923076923077,0.611111111111111
100,4,"nb",6,"abund_ztnb",297,3,0.117647058823529,0.340909090909091,0.117154811715481,0.214285714285714,0.538461538461538,0.555555555555556
100,4,"nb",6,"abund_lm_depth",297,3,0,0.0227272727272727,0.0292887029288703,0.0714285714285714,0.115384615384615,0.166666666666667
100,4,"nb",6,"abund_lm",297,3,0.596153846153846,0.477272727272727,0.322175732217573,0.142857142857143,0.653846153846154,0.666666666666667
100,4,"nb",6,"occ_depth",300,0,0.166666666666667,0.151515151515152,0.0622406639004149,0.866666666666667,0.115384615384615,0.611111111111111
100,4,"nb",6,"occ_full",300,0,0.3,0.424242424242424,0.149377593360996,0.866666666666667,0.192307692307692,0.666666666666667
100,4,"nb",6,"occ_lmd",300,0,0.363636363636364,0.424242424242424,0.157676348547718,0.8,0.192307692307692,0.611111111111111
100,4,"nb",6,"occ_lmd_lN",300,0,0,0,0.045643153526971,0.333333333333333,0,0.222222222222222
100,4,"nb",6,"occ_ztnb",297,3,0.0588235294117647,0.5,0.0627615062761506,0.785714285714286,0.0769230769230769,0.611111111111111
100,4,"nb",6,"occ_ztnb_lN",297,3,0,0,0.0292887029288703,0.357142857142857,0.0384615384615385,0.333333333333333
100,4,"nb",6,"zip",299,1,0.0909090909090909,0.303030303030303,0.141666666666667,0.666666666666667,0.115384615384615,0.611111111111111
100,4,"nb",6,"zinb",290,10,0,0,0.021551724137931,0.4,0,0.277777777777778
20,1,"poisson",7,"naive",256,0,0,0,0.0478468899521531,0.0588235294117647,0.0769230769230769,0.0588235294117647
20,1,"poisson",7,"depthcov",256,0,0,0,0.0526315789473684,0.0588235294117647,0.0769230769230769,0.0588235294117647
20,1,"poisson",7,"er_lm",256,0,0.5,0.0294117647058824,0.076555023923445,0.294117647058824,0.230769230769231,0.352941176470588
20,1,"poisson",7,"abund_ztnb_t",184,72,0,0.0476190476190476,0.0335570469798658,0.142857142857143,0,0.333333333333333
20,1,"poisson",7,"abund_ztnb",186,70,0,0.0476190476190476,0.0662251655629139,0.285714285714286,0.333333333333333,0.25
20,1,"poisson",7,"abund_lm_depth",186,70,0,0,0.0264900662251656,0.142857142857143,0.222222222222222,0.0833333333333333
20,1,"poisson",7,"abund_lm",186,70,0,0,0.00662251655629139,0.0714285714285714,0.333333333333333,0.0833333333333333
20,1,"poisson",7,"occ_depth",256,0,0,0.0882352941176471,0.0909090909090909,0.352941176470588,0.230769230769231,0.352941176470588
20,1,"poisson",7,"occ_full",256,0,0,0.0882352941176471,0.076555023923445,0.176470588235294,0.230769230769231,0.352941176470588
20,1,"poisson",7,"occ_lmd",256,0,0,0.0882352941176471,0.076555023923445,0.176470588235294,0.153846153846154,0.411764705882353
20,1,"poisson",7,"occ_lmd_lN",256,0,0,0.0882352941176471,0.0813397129186603,0.176470588235294,0.153846153846154,0.411764705882353
20,1,"poisson",7,"occ_ztnb",186,70,0,0.0769230769230769,0.0860927152317881,0.142857142857143,0.111111111111111,0.25
20,1,"poisson",7,"occ_ztnb_lN",186,70,0,0.0769230769230769,0.0860927152317881,0.142857142857143,0.111111111111111,0.333333333333333
20,1,"poisson",7,"zip",249,7,0,0,0.0388349514563107,0.0625,0.0833333333333333,0.0666666666666667
20,1,"poisson",7,"zinb",0,256,0,NA,NA,NA,NA,NA
50,1,"poisson",7,"naive",288,0,0,0,0.0216450216450216,0.222222222222222,0.25,0.4
50,1,"poisson",7,"depthcov",288,0,0,0,0.0303030303030303,0.277777777777778,0.25,0.4
50,1,"poisson",7,"er_lm",288,0,0.5,0.0606060606060606,0.0432900432900433,0.333333333333333,0.416666666666667,0.466666666666667
50,1,"poisson",7,"abund_ztnb_t",264,24,0.125,0.194444444444444,0.118483412322275,0.176470588235294,0.409090909090909,0.5
50,1,"poisson",7,"abund_ztnb",270,18,0.1,0.25,0.147465437788018,0.176470588235294,0.5,0.428571428571429
50,1,"poisson",7,"abund_lm_depth",270,18,0.285714285714286,0.138888888888889,0.0875576036866359,0.117647058823529,0.545454545454545,0.214285714285714
50,1,"poisson",7,"abund_lm",270,18,0.2,0.111111111111111,0.0875576036866359,0.0588235294117647,0.5,0.214285714285714
50,1,"poisson",7,"occ_depth",288,0,0.2,0.121212121212121,0.0476190476190476,0.333333333333333,0.25,0.533333333333333
50,1,"poisson",7,"occ_full",288,0,0,0.0909090909090909,0.0476190476190476,0.222222222222222,0.125,0.333333333333333
50,1,"poisson",7,"occ_lmd",288,0,0,0.0909090909090909,0.051948051948052,0.277777777777778,0.166666666666667,0.333333333333333
50,1,"poisson",7,"occ_lmd_lN",288,0,0,0.0909090909090909,0.0432900432900433,0.277777777777778,0.166666666666667,0.333333333333333
50,1,"poisson",7,"occ_ztnb",270,18,0.5,0.032258064516129,0.0737327188940092,0.176470588235294,0.136363636363636,0.142857142857143
50,1,"poisson",7,"occ_ztnb_lN",270,18,0.5,0.032258064516129,0.0921658986175115,0.176470588235294,0.0909090909090909,0.214285714285714
50,1,"poisson",7,"zip",285,3,0,0,0.0130434782608696,0.176470588235294,0.0833333333333333,0.214285714285714
50,1,"poisson",7,"zinb",283,5,0,0,0,0.176470588235294,0.0416666666666667,0
100,1,"poisson",7,"naive",298,0,0,0.147058823529412,0.0416666666666667,0.764705882352941,0.208333333333333,0.529411764705882
100,1,"poisson",7,"depthcov",298,0,0,0.147058823529412,0.0458333333333333,0.764705882352941,0.291666666666667,0.529411764705882
100,1,"poisson",7,"er_lm",298,0,0.416666666666667,0.205882352941176,0.0541666666666667,0.588235294117647,0.416666666666667,0.588235294117647
100,1,"poisson",7,"abund_ztnb_t",293,5,0.266666666666667,0.268292682926829,0.0974576271186441,0,0.541666666666667,0.529411764705882
100,1,"poisson",7,"abund_ztnb",295,3,0.166666666666667,0.24390243902439,0.105485232067511,0,0.583333333333333,0.529411764705882
100,1,"poisson",7,"abund_lm_depth",295,3,0,0.170731707317073,0.0506329113924051,0,0.541666666666667,0.470588235294118
100,1,"poisson",7,"abund_lm",295,3,0.153846153846154,0.268292682926829,0.0464135021097046,0,0.5,0.470588235294118
100,1,"poisson",7,"occ_depth",298,0,0.222222222222222,0.205882352941176,0.05,0.764705882352941,0.25,0.529411764705882
100,1,"poisson",7,"occ_full",298,0,0.111111111111111,0.235294117647059,0.0458333333333333,0.705882352941177,0.125,0.647058823529412
100,1,"poisson",7,"occ_lmd",298,0,0.125,0.205882352941176,0.0416666666666667,0.705882352941177,0.166666666666667,0.588235294117647
100,1,"poisson",7,"occ_lmd_lN",298,0,0.125,0.205882352941176,0.0458333333333333,0.705882352941177,0.125,0.588235294117647
100,1,"poisson",7,"occ_ztnb",295,3,0.3,0.205882352941176,0.0886075949367089,0.470588235294118,0.0416666666666667,0.529411764705882
100,1,"poisson",7,"occ_ztnb_lN",295,3,0.384615384615385,0.235294117647059,0.0843881856540084,0.470588235294118,0.0416666666666667,0.529411764705882
100,1,"poisson",7,"zip",298,0,0,0.147058823529412,0.0375,0.588235294117647,0.125,0.411764705882353
100,1,"poisson",7,"zinb",290,8,0,0.0294117647058824,0.00854700854700855,0.294117647058824,0,0.294117647058824
20,2,"poisson",7,"naive",270,0,0,0,0.085972850678733,0.166666666666667,0,0.157894736842105
20,2,"poisson",7,"depthcov",270,0,0,0,0.00452488687782805,0,0,0.0526315789473684
20,2,"poisson",7,"er_lm",270,0,0,0.032258064516129,0.085972850678733,0.25,0.0555555555555556,0.368421052631579
20,2,"poisson",7,"abund_ztnb_t",214,56,1,0,0.0666666666666667,0,0.266666666666667,0.25
20,2,"poisson",7,"abund_ztnb",215,55,0.666666666666667,0.037037037037037,0.0828729281767956,0,0.266666666666667,0.416666666666667
20,2,"poisson",7,"abund_lm_depth",215,55,0,0,0.0662983425414365,0,0,0.25
20,2,"poisson",7,"abund_lm",215,55,1,0,0.0828729281767956,0,0.266666666666667,0.333333333333333
20,2,"poisson",7,"occ_depth",270,0,0,0,0.104072398190045,0.25,0.0555555555555556,0.315789473684211
20,2,"poisson",7,"occ_full",270,0,0,0,0.104072398190045,0.166666666666667,0,0.315789473684211
20,2,"poisson",7,"occ_lmd",270,0,0,0,0.113122171945701,0.166666666666667,0,0.315789473684211
20,2,"poisson",7,"occ_lmd_lN",270,0,0,0,0.0769230769230769,0.0833333333333333,0.111111111111111,0.157894736842105
20,2,"poisson",7,"occ_ztnb",215,55,0,0,0.0773480662983425,0,0,0.166666666666667
20,2,"poisson",7,"occ_ztnb_lN",215,55,0,0,0.0828729281767956,0.142857142857143,0.133333333333333,0.0833333333333333
20,2,"poisson",7,"zip",261,9,0,0,0.0324074074074074,0,0,0.117647058823529
20,2,"poisson",7,"zinb",0,270,0,NA,NA,NA,NA,NA
50,2,"poisson",7,"naive",292,0,0.333333333333333,0.0571428571428571,0.0608695652173913,0.333333333333333,0.111111111111111,0.411764705882353
50,2,"poisson",7,"depthcov",292,0,0,0,0.0304347826086957,0.277777777777778,0.148148148148148,0.235294117647059
50,2,"poisson",7,"er_lm",292,0,0,0.0571428571428571,0.0956521739130435,0.333333333333333,0.37037037037037,0.411764705882353
50,2,"poisson",7,"abund_ztnb_t",276,16,0.25,0.0697674418604651,0.0930232558139535,0.0555555555555556,0.423076923076923,0.529411764705882
50,2,"poisson",7,"abund_ztnb",277,15,0,0.0465116279069767,0.115740740740741,0.111111111111111,0.461538461538462,0.470588235294118
50,2,"poisson",7,"abund_lm_depth",277,15,0,0,0.0648148148148148,0,0.346153846153846,0.294117647058824
50,2,"poisson",7,"abund_lm",277,15,0,0.0930232558139535,0.134259259259259,0.0555555555555556,0.576923076923077,0.235294117647059
50,2,"poisson",7,"occ_depth",292,0,0,0.0857142857142857,0.0826086956521739,0.5,0.185185185185185,0.411764705882353
50,2,"poisson",7,"occ_full",292,0,0.25,0.0857142857142857,0.1,0.388888888888889,0.111111111111111,0.352941176470588
50,2,"poisson",7,"occ_lmd",292,0,0.25,0.0857142857142857,0.104347826086957,0.388888888888889,0.148148148148148,0.411764705882353
50,2,"poisson",7,"occ_lmd_lN",292,0,0.4,0.171428571428571,0.0739130434782609,0.444444444444444,0.185185185185185,0.235294117647059
50,2,"poisson",7,"occ_ztnb",277,15,0.333333333333333,0.0571428571428571,0.0833333333333333,0.555555555555556,0.0769230769230769,0.235294117647059
50,2,"poisson",7,"occ_ztnb_lN",277,15,0.5,0.0285714285714286,0.0555555555555556,0.444444444444444,0.0769230769230769,0.176470588235294
50,2,"poisson",7,"zip",286,6,0,0,0.0444444444444444,0.277777777777778,0.0384615384615385,0.294117647058824
50,2,"poisson",7,"zinb",285,7,0,0,0.0223214285714286,0.222222222222222,0,0.117647058823529
100,2,"poisson",7,"naive",299,0,0.238095238095238,0.363636363636364,0.0912863070539419,0.521739130434783,0.357142857142857,0.523809523809524
100,2,"poisson",7,"depthcov",299,0,0,0.0227272727272727,0.033195020746888,0.347826086956522,0.0714285714285714,0.476190476190476
100,2,"poisson",7,"er_lm",299,0,0.111111111111111,0.363636363636364,0.020746887966805,0.434782608695652,0.214285714285714,0.666666666666667
100,2,"poisson",7,"abund_ztnb_t",294,5,0.25,0.264705882352941,0.143459915611814,0.0434782608695652,0.571428571428571,0.4
100,2,"poisson",7,"abund_ztnb",296,3,0.357142857142857,0.264705882352941,0.138075313807531,0.0434782608695652,0.642857142857143,0.4
100,2,"poisson",7,"abund_lm_depth",295,4,0.3,0.212121212121212,0.0669456066945607,0,0.5,0.263157894736842
100,2,"poisson",7,"abund_lm",296,3,0.357142857142857,0.264705882352941,0.200836820083682,0.130434782608696,0.5,0.5
100,2,"poisson",7,"occ_depth",299,0,0.05,0.431818181818182,0.045643153526971,0.521739130434783,0.142857142857143,0.714285714285714
100,2,"poisson",7,"occ_full",299,0,0.217391304347826,0.409090909090909,0.0829875518672199,0.608695652173913,0.214285714285714,0.666666666666667
100,2,"poisson",7,"occ_lmd",299,0,0.217391304347826,0.409090909090909,0.0829875518672199,0.608695652173913,0.214285714285714,0.571428571428571
100,2,"poisson",7,"occ_lmd_lN",299,0,0,0.0681818181818182,0.033195020746888,0.304347826086957,0.0714285714285714,0.523809523809524
100,2,"poisson",7,"occ_ztnb",296,3,0.25,0.27906976744186,0.0836820083682008,0.434782608695652,0.214285714285714,0.55
100,2,"poisson",7,"occ_ztnb_lN",296,3,0.333333333333333,0.0930232558139535,0.0878661087866109,0.347826086956522,0.142857142857143,0.5
100,2,"poisson",7,"zip",298,1,0.111111111111111,0.372093023255814,0.0663900414937759,0.478260869565217,0.142857142857143,0.55
100,2,"poisson",7,"zinb",297,2,0,0.0697674418604651,0,0.173913043478261,0.142857142857143,0.35
20,4,"poisson",7,"naive",275,0,0,0,0.0666666666666667,0.176470588235294,0.25,0.153846153846154
20,4,"poisson",7,"depthcov",275,0,0,0,0.00444444444444444,0,0,0.0769230769230769
20,4,"poisson",7,"er_lm",275,0,0,0,0.0711111111111111,0.235294117647059,0.3,0.384615384615385
20,4,"poisson",7,"abund_ztnb_t",228,47,1,0,0.0904255319148936,0,0.25,0.166666666666667
20,4,"poisson",7,"abund_ztnb",230,45,0.666666666666667,0.0357142857142857,0.105263157894737,0,0.3125,0.166666666666667
20,4,"poisson",7,"abund_lm_depth",230,45,0,0,0.0473684210526316,0,0.125,0.0833333333333333
20,4,"poisson",7,"abund_lm",230,45,1,0,0.126315789473684,0,0.3125,0.25
20,4,"poisson",7,"occ_depth",275,0,0,0.0333333333333333,0.0933333333333333,0.294117647058824,0.25,0.384615384615385
20,4,"poisson",7,"occ_full",275,0,0,0.0333333333333333,0.128888888888889,0.294117647058824,0.2,0.461538461538462
20,4,"poisson",7,"occ_lmd",275,0,0,0.0333333333333333,0.111111111111111,0.294117647058824,0.15,0.307692307692308
20,4,"poisson",7,"occ_lmd_lN",275,0,0,0,0.0933333333333333,0.0588235294117647,0.15,0.0769230769230769
20,4,"poisson",7,"occ_ztnb",230,45,0,0,0.068421052631579,0.25,0.125,0.333333333333333
20,4,"poisson",7,"occ_ztnb_lN",230,45,0,0,0.0736842105263158,0.0833333333333333,0,0.0833333333333333
20,4,"poisson",7,"zip",264,11,0,0,0.0277777777777778,0,0.2,0
20,4,"poisson",7,"zinb",0,275,0,NA,NA,NA,NA,NA
50,4,"poisson",7,"naive",294,0,0,0,0.167381974248927,0.333333333333333,0.181818181818182,0.133333333333333
50,4,"poisson",7,"depthcov",294,0,0,0,0.0472103004291846,0.208333333333333,0,0.133333333333333
50,4,"poisson",7,"er_lm",294,0,0.5,0.0512820512820513,0.0686695278969957,0.333333333333333,0.363636363636364,0.333333333333333
50,4,"poisson",7,"abund_ztnb_t",280,14,0.0625,0.416666666666667,0.0807174887892377,0,0.619047619047619,0.6
50,4,"poisson",7,"abund_ztnb",281,13,0.0625,0.416666666666667,0.0803571428571429,0,0.619047619047619,0.666666666666667
50,4,"poisson",7,"abund_lm_depth",281,13,0,0.0277777777777778,0.0491071428571429,0.0476190476190476,0.285714285714286,0.333333333333333
50,4,"poisson",7,"abund_lm",281,13,0.333333333333333,0.388888888888889,0.183035714285714,0.0952380952380952,0.666666666666667,0.6
50,4,"poisson",7,"occ_depth",294,0,0,0.0256410256410256,0.0600858369098712,0.25,0.0454545454545455,0.266666666666667
50,4,"poisson",7,"occ_full",294,0,0.5,0.0512820512820513,0.0987124463519313,0.333333333333333,0.136363636363636,0.266666666666667
50,4,"poisson",7,"occ_lmd",294,0,0.6,0.0512820512820513,0.103004291845494,0.291666666666667,0.136363636363636,0.333333333333333
50,4,"poisson",7,"occ_lmd_lN",294,0,0,0,0.0600858369098712,0.208333333333333,0.0454545454545455,0.133333333333333
50,4,"poisson",7,"occ_ztnb",281,13,0.333333333333333,0.0555555555555556,0.0714285714285714,0.285714285714286,0.0476190476190476,0.333333333333333
50,4,"poisson",7,"occ_ztnb_lN",281,13,0,0,0.0625,0.238095238095238,0.0476190476190476,0.133333333333333
50,4,"poisson",7,"zip",291,3,0,0,0.0732758620689655,0.227272727272727,0.0909090909090909,0.2
50,4,"poisson",7,"zinb",291,3,0,0,0.021551724137931,0.136363636363636,0.0454545454545455,0.0666666666666667
100,4,"poisson",7,"naive",299,0,0.413793103448276,0.447368421052632,0.218487394957983,0.647058823529412,0.173913043478261,0.571428571428571
100,4,"poisson",7,"depthcov",299,0,0,0,0.0630252100840336,0.352941176470588,0,0.428571428571429
100,4,"poisson",7,"er_lm",299,0,0.19047619047619,0.447368421052632,0.0588235294117647,0.529411764705882,0.217391304347826,0.761904761904762
100,4,"poisson",7,"abund_ztnb_t",296,3,0.235294117647059,0.295454545454545,0.119148936170213,0.0588235294117647,0.739130434782609,0.380952380952381
100,4,"poisson",7,"abund_ztnb",298,1,0.25,0.272727272727273,0.126582278481013,0.0588235294117647,0.826086956521739,0.428571428571429
100,4,"poisson",7,"abund_lm_depth",298,1,0,0.0454545454545455,0.0421940928270042,0,0.260869565217391,0.142857142857143
100,4,"poisson",7,"abund_lm",298,1,0.584905660377358,0.5,0.236286919831224,0.0588235294117647,0.739130434782609,0.571428571428571
100,4,"poisson",7,"occ_depth",299,0,0.19047619047619,0.447368421052632,0.0714285714285714,0.705882352941177,0.0434782608695652,0.761904761904762
100,4,"poisson",7,"occ_full",299,0,0.424242424242424,0.5,0.130252100840336,0.705882352941177,0.130434782608696,0.571428571428571
100,4,"poisson",7,"occ_lmd",299,0,0.393939393939394,0.526315789473684,0.130252100840336,0.705882352941177,0.130434782608696,0.619047619047619
100,4,"poisson",7,"occ_lmd_lN",299,0,0,0.131578947368421,0.0756302521008403,0.470588235294118,0,0.428571428571429
100,4,"poisson",7,"occ_ztnb",298,1,0.4,0.394736842105263,0.0717299578059072,0.705882352941177,0.0869565217391304,0.571428571428571
100,4,"poisson",7,"occ_ztnb_lN",298,1,0,0.131578947368421,0.0928270042194093,0.470588235294118,0.0869565217391304,0.380952380952381
100,4,"poisson",7,"zip",298,1,0.222222222222222,0.368421052631579,0.118143459915612,0.588235294117647,0.0869565217391304,0.571428571428571
100,4,"poisson",7,"zinb",294,5,0,0.210526315789474,0.0300429184549356,0.470588235294118,0,0.380952380952381
20,1,"nb",7,"naive",247,0,0,0,0.0443349753694581,0.0714285714285714,0.0666666666666667,0.0666666666666667
20,1,"nb",7,"depthcov",247,0,0,0,0.0295566502463054,0.0714285714285714,0.0666666666666667,0.133333333333333
20,1,"nb",7,"er_lm",247,0,0,0.0344827586206897,0.0541871921182266,0.0714285714285714,0.133333333333333,0.0666666666666667
20,1,"nb",7,"abund_ztnb_t",186,61,0,0,0.0451612903225806,0,0.1,0.0909090909090909
20,1,"nb",7,"abund_ztnb",186,61,1,0,0.0903225806451613,0.1,0.1,0.0909090909090909
20,1,"nb",7,"abund_lm_depth",186,61,0,0,0.0258064516129032,0,0.1,0.0909090909090909
20,1,"nb",7,"abund_lm",186,61,0,0,0.032258064516129,0.1,0.1,0.0909090909090909
20,1,"nb",7,"occ_depth",247,0,0,0,0.103448275862069,0.142857142857143,0.133333333333333,0.2
20,1,"nb",7,"occ_full",247,0,0,0,0.083743842364532,0.142857142857143,0.133333333333333,0.133333333333333
20,1,"nb",7,"occ_lmd",247,0,0,0,0.0935960591133005,0.142857142857143,0.133333333333333,0.133333333333333
20,1,"nb",7,"occ_lmd_lN",247,0,0,0,0.0640394088669951,0.214285714285714,0.133333333333333,0
20,1,"nb",7,"occ_ztnb",186,61,0,0,0.0516129032258065,0.1,0,0.0909090909090909
20,1,"nb",7,"occ_ztnb_lN",186,61,0,0,0.0516129032258065,0.1,0,0.0909090909090909
20,1,"nb",7,"zip",238,9,0,0,0.0255102040816327,0,0,0
20,1,"nb",7,"zinb",0,247,0,NA,NA,NA,NA,NA
50,1,"nb",7,"naive",287,0,0,0.0263157894736842,0.0135135135135135,0.315789473684211,0.222222222222222,0.315789473684211
50,1,"nb",7,"depthcov",287,0,0,0.0263157894736842,0.0225225225225225,0.315789473684211,0.222222222222222,0.368421052631579
50,1,"nb",7,"er_lm",287,0,0,0.184210526315789,0.0405405405405405,0.421052631578947,0.333333333333333,0.578947368421053
50,1,"nb",7,"abund_ztnb_t",264,23,0.4,0.0697674418604651,0.0634146341463415,0.125,0.333333333333333,0.5
50,1,"nb",7,"abund_ztnb",265,22,0.4,0.0697674418604651,0.0825242718446602,0.125,0.333333333333333,0.5625
50,1,"nb",7,"abund_lm_depth",265,22,0.333333333333333,0.0465116279069767,0.0242718446601942,0.0625,0.296296296296296,0.25
50,1,"nb",7,"abund_lm",265,22,0.5,0.0232558139534884,0.0388349514563107,0.0625,0.296296296296296,0.3125
50,1,"nb",7,"occ_depth",287,0,0,0.157894736842105,0.0405405405405405,0.473684210526316,0.259259259259259,0.421052631578947
50,1,"nb",7,"occ_full",287,0,0,0.105263157894737,0.0405405405405405,0.473684210526316,0.185185185185185,0.368421052631579
50,1,"nb",7,"occ_lmd",287,0,0,0.105263157894737,0.036036036036036,0.473684210526316,0.185185185185185,0.368421052631579
50,1,"nb",7,"occ_lmd_lN",287,0,0,0.131578947368421,0.0405405405405405,0.473684210526316,0.222222222222222,0.368421052631579
50,1,"nb",7,"occ_ztnb",265,22,0,0.09375,0.0339805825242718,0.25,0.037037037037037,0.1875
50,1,"nb",7,"occ_ztnb_lN",265,22,0.25,0.09375,0.0436893203883495,0.1875,0.0740740740740741,0.1875
50,1,"nb",7,"zip",280,7,0,0.0285714285714286,0.00917431192660551,0.411764705882353,0.185185185185185,0.222222222222222
50,1,"nb",7,"zinb",276,11,0,0.0294117647058824,0,0.0625,0,0.166666666666667
100,1,"nb",7,"naive",296,0,0.0833333333333333,0.22,0.0495495495495495,0.458333333333333,0.333333333333333,0.5
100,1,"nb",7,"depthcov",296,0,0.0833333333333333,0.22,0.0540540540540541,0.458333333333333,0.333333333333333,0.5
100,1,"nb",7,"er_lm",296,0,0.3125,0.22,0.0540540540540541,0.5,0.333333333333333,0.576923076923077
100,1,"nb",7,"abund_ztnb_t",283,13,0,0.155555555555556,0.11214953271028,0.0833333333333333,0.380952380952381,0.375
100,1,"nb",7,"abund_ztnb",287,9,0.125,0.152173913043478,0.119815668202765,0.125,0.409090909090909,0.458333333333333
100,1,"nb",7,"abund_lm_depth",286,10,0,0.0652173913043478,0.0925925925925926,0,0.318181818181818,0.333333333333333
100,1,"nb",7,"abund_lm",287,9,0,0.0652173913043478,0.0921658986175115,0,0.272727272727273,0.291666666666667
100,1,"nb",7,"occ_depth",296,0,0.1,0.36,0.0675675675675676,0.458333333333333,0.375,0.576923076923077
100,1,"nb",7,"occ_full",296,0,0.0526315789473684,0.36,0.0765765765765766,0.416666666666667,0.208333333333333,0.730769230769231
100,1,"nb",7,"occ_lmd",296,0,0.05,0.38,0.0720720720720721,0.5,0.208333333333333,0.730769230769231
100,1,"nb",7,"occ_lmd_lN",296,0,0.05,0.38,0.0675675675675676,0.458333333333333,0.208333333333333,0.730769230769231
100,1,"nb",7,"occ_ztnb",287,9,0.210526315789474,0.3125,0.0829493087557604,0.333333333333333,0.136363636363636,0.541666666666667
100,1,"nb",7,"occ_ztnb_lN",287,9,0.304347826086957,0.333333333333333,0.0967741935483871,0.333333333333333,0.136363636363636,0.541666666666667
100,1,"nb",7,"zip",293,3,0.166666666666667,0.104166666666667,0.0452488687782805,0.375,0.25,0.541666666666667
100,1,"nb",7,"zinb",287,9,0,0.0208333333333333,0.00925925925925926,0.208333333333333,0,0.25
20,2,"nb",7,"naive",267,0,0,0,0.0327102803738318,0.117647058823529,0,0.133333333333333
20,2,"nb",7,"depthcov",267,0,0,0,0.0327102803738318,0.117647058823529,0,0.133333333333333
20,2,"nb",7,"er_lm",267,0,0,0,0.0607476635514019,0.176470588235294,0.0476190476190476,0.266666666666667
20,2,"nb",7,"abund_ztnb_t",204,63,0,0,0.100591715976331,0,0.142857142857143,0.0909090909090909
20,2,"nb",7,"abund_ztnb",205,62,0,0,0.194117647058824,0,0.285714285714286,0.0909090909090909
20,2,"nb",7,"abund_lm_depth",205,62,0,0,0.0588235294117647,0,0.142857142857143,0
20,2,"nb",7,"abund_lm",205,62,0,0,0.0705882352941176,0,0.214285714285714,0
20,2,"nb",7,"occ_depth",267,0,0,0,0.0794392523364486,0.176470588235294,0.0476190476190476,0.4
20,2,"nb",7,"occ_full",267,0,0,0,0.0794392523364486,0.176470588235294,0,0.4
20,2,"nb",7,"occ_lmd",267,0,0,0,0.0747663551401869,0.176470588235294,0.0476190476190476,0.333333333333333
20,2,"nb",7,"occ_lmd_lN",267,0,0,0,0.0934579439252336,0.117647058823529,0.0476190476190476,0.4
20,2,"nb",7,"occ_ztnb",205,62,0,0,0.0764705882352941,0.1,0.0714285714285714,0.272727272727273
20,2,"nb",7,"occ_ztnb_lN",205,62,0,0,0.0882352941176471,0.2,0.142857142857143,0.363636363636364
20,2,"nb",7,"zip",262,5,0,0,0.028436018957346,0.125,0,0.0714285714285714
20,2,"nb",7,"zinb",0,267,0,NA,NA,NA,NA,NA
50,2,"nb",7,"naive",291,0,0,0.0681818181818182,0.0954545454545455,0.260869565217391,0.111111111111111,0.476190476190476
50,2,"nb",7,"depthcov",291,0,0,0,0.0454545454545455,0.347826086956522,0.0740740740740741,0.238095238095238
50,2,"nb",7,"er_lm",291,0,0.285714285714286,0.113636363636364,0.0636363636363636,0.260869565217391,0.111111111111111,0.476190476190476
50,2,"nb",7,"abund_ztnb_t",266,25,0.333333333333333,0.146341463414634,0.122549019607843,0.0476190476190476,0.391304347826087,0.277777777777778
50,2,"nb",7,"abund_ztnb",269,22,0.333333333333333,0.142857142857143,0.12621359223301,0.0952380952380952,0.416666666666667,0.388888888888889
50,2,"nb",7,"abund_lm_depth",269,22,0,0,0.0436893203883495,0,0.25,0.388888888888889
50,2,"nb",7,"abund_lm",269,22,0,0,0.101941747572816,0.19047619047619,0.416666666666667,0.277777777777778
50,2,"nb",7,"occ_depth",291,0,0,0.136363636363636,0.0863636363636364,0.434782608695652,0.0740740740740741,0.571428571428571
50,2,"nb",7,"occ_full",291,0,0.125,0.159090909090909,0.113636363636364,0.434782608695652,0.111111111111111,0.523809523809524
50,2,"nb",7,"occ_lmd",291,0,0.125,0.159090909090909,0.1,0.391304347826087,0.0740740740740741,0.523809523809524
50,2,"nb",7,"occ_lmd_lN",291,0,0.333333333333333,0.0454545454545455,0.0863636363636364,0.478260869565217,0.0740740740740741,0.333333333333333
50,2,"nb",7,"occ_ztnb",269,22,0.2,0.102564102564103,0.0922330097087379,0.333333333333333,0.125,0.277777777777778
50,2,"nb",7,"occ_ztnb_lN",269,22,0,0.0512820512820513,0.0679611650485437,0.333333333333333,0.0416666666666667,0.166666666666667
50,2,"nb",7,"zip",285,6,0,0.05,0.0642201834862385,0.285714285714286,0.111111111111111,0.421052631578947
50,2,"nb",7,"zinb",283,8,0,0,0.00460829493087558,0.142857142857143,0,0.157894736842105
100,2,"nb",7,"naive",300,0,0,0.0909090909090909,0.0843373493975904,0.5625,0.111111111111111,0.588235294117647
100,2,"nb",7,"depthcov",300,0,0,0.0303030303030303,0.036144578313253,0.3125,0.0555555555555556,0.294117647058824
100,2,"nb",7,"er_lm",300,0,0,0.272727272727273,0.0522088353413655,0.375,0.444444444444444,0.529411764705882
100,2,"nb",7,"abund_ztnb_t",297,3,0.230769230769231,0.294117647058824,0.117408906882591,0.125,0.529411764705882,0.352941176470588
100,2,"nb",7,"abund_ztnb",297,3,0.111111111111111,0.235294117647059,0.105263157894737,0.125,0.588235294117647,0.352941176470588
100,2,"nb",7,"abund_lm_depth",297,3,0,0.0588235294117647,0.048582995951417,0,0.470588235294118,0.235294117647059
100,2,"nb",7,"abund_lm",297,3,0.3125,0.323529411764706,0.137651821862348,0.25,0.647058823529412,0.352941176470588
100,2,"nb",7,"occ_depth",300,0,0.111111111111111,0.242424242424242,0.0602409638554217,0.625,0.277777777777778,0.529411764705882
100,2,"nb",7,"occ_full",300,0,0.2,0.242424242424242,0.0803212851405622,0.5,0.166666666666667,0.529411764705882
100,2,"nb",7,"occ_lmd",300,0,0.181818181818182,0.272727272727273,0.0843373493975904,0.5,0.166666666666667,0.529411764705882
100,2,"nb",7,"occ_lmd_lN",300,0,0.333333333333333,0.0606060606060606,0.0441767068273092,0.375,0.222222222222222,0.294117647058824
100,2,"nb",7,"occ_ztnb",297,3,0.333333333333333,0.121212121212121,0.0607287449392713,0.375,0.176470588235294,0.294117647058824
100,2,"nb",7,"occ_ztnb_lN",297,3,0.25,0.0909090909090909,0.0566801619433198,0.1875,0,0.176470588235294
100,2,"nb",7,"zip",297,3,0,0,0.048582995951417,0.5,0.0588235294117647,0.588235294117647
100,2,"nb",7,"zinb",287,13,0,0,0.0126582278481013,0.25,0.0588235294117647,0.176470588235294
20,4,"nb",7,"naive",265,0,0,0,0.0540540540540541,0,0.142857142857143,0.181818181818182
20,4,"nb",7,"depthcov",265,0,0,0,0.0135135135135135,0,0,0
20,4,"nb",7,"er_lm",265,0,0,0,0.0630630630630631,0.0909090909090909,0.238095238095238,0.272727272727273
20,4,"nb",7,"abund_ztnb_t",217,48,0,0,0.0659340659340659,0.222222222222222,0.277777777777778,0.5
20,4,"nb",7,"abund_ztnb",218,47,0.333333333333333,0.0769230769230769,0.109289617486339,0.111111111111111,0.277777777777778,0.5
20,4,"nb",7,"abund_lm_depth",218,47,0,0,0.0710382513661202,0,0.0555555555555556,0.375
20,4,"nb",7,"abund_lm",218,47,0,0,0.0655737704918033,0.111111111111111,0.277777777777778,0.375
20,4,"nb",7,"occ_depth",265,0,0,0,0.0855855855855856,0.181818181818182,0.19047619047619,0.272727272727273
20,4,"nb",7,"occ_full",265,0,1,0,0.0900900900900901,0.272727272727273,0.238095238095238,0.363636363636364
20,4,"nb",7,"occ_lmd",265,0,1,0,0.0900900900900901,0.181818181818182,0.238095238095238,0.363636363636364
20,4,"nb",7,"occ_lmd_lN",265,0,0,0,0.0900900900900901,0,0.0952380952380952,0.272727272727273
20,4,"nb",7,"occ_ztnb",218,47,0,0,0.0710382513661202,0.111111111111111,0.222222222222222,0.25
20,4,"nb",7,"occ_ztnb_lN",218,47,0,0,0.0655737704918033,0.111111111111111,0,0.25
20,4,"nb",7,"zip",257,8,0,0,0.0325581395348837,0,0.142857142857143,0.2
20,4,"nb",7,"zinb",0,265,0,NA,NA,NA,NA,NA
50,4,"nb",7,"naive",298,0,0,0.0294117647058824,0.165289256198347,0.409090909090909,0.0909090909090909,0.333333333333333
50,4,"nb",7,"depthcov",298,0,0,0,0.0413223140495868,0.272727272727273,0,0
50,4,"nb",7,"er_lm",298,0,0.25,0.0882352941176471,0.0330578512396694,0.318181818181818,0.136363636363636,0.5
50,4,"nb",7,"abund_ztnb_t",279,19,0,0.0303030303030303,0.150442477876106,0.35,0.476190476190476,0.333333333333333
50,4,"nb",7,"abund_ztnb",282,16,0,0.0303030303030303,0.117903930131004,0.3,0.476190476190476,0.25
50,4,"nb",7,"abund_lm_depth",282,16,0,0,0.0567685589519651,0.1,0.0952380952380952,0.166666666666667
50,4,"nb",7,"abund_lm",282,16,0.428571428571429,0.121212121212121,0.165938864628821,0.1,0.523809523809524,0.416666666666667
50,4,"nb",7,"occ_depth",298,0,0,0.176470588235294,0.0661157024793388,0.545454545454545,0.136363636363636,0.416666666666667
50,4,"nb",7,"occ_full",298,0,0.333333333333333,0.117647058823529,0.115702479338843,0.5,0.0909090909090909,0.5
50,4,"nb",7,"occ_lmd",298,0,0.333333333333333,0.117647058823529,0.12396694214876,0.5,0.136363636363636,0.5
50,4,"nb",7,"occ_lmd_lN",298,0,0,0,0.0578512396694215,0.454545454545455,0,0.166666666666667
50,4,"nb",7,"occ_ztnb",282,16,0.5,0.0625,0.074235807860262,0.3,0.0952380952380952,0.416666666666667
50,4,"nb",7,"occ_ztnb_lN",282,16,0,0,0.0480349344978166,0.25,0,0.333333333333333
50,4,"nb",7,"zip",294,4,0,0.03125,0.0833333333333333,0.4,0.0909090909090909,0.333333333333333
50,4,"nb",7,"zinb",291,7,0,0,0.0168776371308017,0.1,0.0454545454545455,0
100,4,"nb",7,"naive",299,0,0.595238095238095,0.404761904761905,0.221757322175732,0.65,0.333333333333333,0.636363636363636
100,4,"nb",7,"depthcov",299,0,0,0,0.0167364016736402,0.2,0.111111111111111,0.318181818181818
100,4,"nb",7,"er_lm",299,0,0.25,0.285714285714286,0.0418410041841004,0.65,0.611111111111111,0.727272727272727
100,4,"nb",7,"abund_ztnb_t",295,4,0.25,0.15,0.127659574468085,0.2,0.555555555555556,0.5
100,4,"nb",7,"abund_ztnb",296,3,0.25,0.15,0.127118644067797,0.15,0.555555555555556,0.5
100,4,"nb",7,"abund_lm_depth",296,3,0,0,0.0550847457627119,0.1,0.222222222222222,0.181818181818182
100,4,"nb",7,"abund_lm",296,3,0.71875,0.45,0.313559322033898,0.25,0.666666666666667,0.545454545454545
100,4,"nb",7,"occ_depth",299,0,0.238095238095238,0.380952380952381,0.0669456066945607,0.6,0.333333333333333,0.590909090909091
100,4,"nb",7,"occ_full",299,0,0.391304347826087,0.333333333333333,0.158995815899582,0.55,0.333333333333333,0.727272727272727
100,4,"nb",7,"occ_lmd",299,0,0.363636363636364,0.333333333333333,0.158995815899582,0.55,0.333333333333333,0.727272727272727
100,4,"nb",7,"occ_lmd_lN",299,0,0,0.0238095238095238,0.0376569037656904,0.25,0.0555555555555556,0.318181818181818
100,4,"nb",7,"occ_ztnb",296,3,0,0.19047619047619,0.0720338983050847,0.5,0.111111111111111,0.5
100,4,"nb",7,"occ_ztnb_lN",296,3,0,0,0.0254237288135593,0.15,0.0555555555555556,0.181818181818182
100,4,"nb",7,"zip",297,2,0.416666666666667,0.333333333333333,0.109704641350211,0.7,0.166666666666667,0.636363636363636
100,4,"nb",7,"zinb",288,11,0,0.025,0.0173160173160173,0.5,0.0588235294117647,0.272727272727273
20,1,"poisson",8,"naive",267,0,0,0,0.0443349753694581,0.111111111111111,0.0434782608695652,0.173913043478261
20,1,"poisson",8,"depthcov",267,0,0,0,0.0443349753694581,0.111111111111111,0.0434782608695652,0.173913043478261
20,1,"poisson",8,"er_lm",267,0,0.5,0.024390243902439,0.0886699507389163,0.166666666666667,0.130434782608696,0.304347826086957
20,1,"poisson",8,"abund_ztnb_t",206,61,0,0,0.0764331210191083,0.166666666666667,0.315789473684211,0.388888888888889
20,1,"poisson",8,"abund_ztnb",207,60,0,0.108108108108108,0.113924050632911,0.166666666666667,0.368421052631579,0.444444444444444
20,1,"poisson",8,"abund_lm_depth",207,60,0,0,0.0822784810126582,0,0.315789473684211,0.166666666666667
20,1,"poisson",8,"abund_lm",207,60,0,0,0.0506329113924051,0.0833333333333333,0.263157894736842,0.222222222222222
20,1,"poisson",8,"occ_depth",267,0,0.5,0.024390243902439,0.113300492610837,0.166666666666667,0.0869565217391304,0.260869565217391
20,1,"poisson",8,"occ_full",267,0,0,0.024390243902439,0.0886699507389163,0.166666666666667,0.0434782608695652,0.217391304347826
20,1,"poisson",8,"occ_lmd",267,0,0,0.024390243902439,0.0935960591133005,0.166666666666667,0.0434782608695652,0.217391304347826
20,1,"poisson",8,"occ_lmd_lN",267,0,0,0.0487804878048781,0.118226600985222,0.222222222222222,0.0869565217391304,0.347826086956522
20,1,"poisson",8,"occ_ztnb",207,60,0,0,0.0822784810126582,0.25,0,0.222222222222222
20,1,"poisson",8,"occ_ztnb_lN",207,60,0,0.0333333333333333,0.126582278481013,0.25,0,0.333333333333333
20,1,"poisson",8,"zip",260,7,0,0,0.0252525252525253,0.117647058823529,0,0.136363636363636
20,1,"poisson",8,"zinb",0,267,0,NA,NA,NA,NA,NA
50,1,"poisson",8,"naive",291,0,0,0,0.0391304347826087,0.166666666666667,0.111111111111111,0.5625
50,1,"poisson",8,"depthcov",291,0,0,0,0.0478260869565217,0.166666666666667,0.111111111111111,0.5625
50,1,"poisson",8,"er_lm",291,0,0,0,0.0565217391304348,0.111111111111111,0.148148148148148,0.5625
50,1,"poisson",8,"abund_ztnb_t",271,20,0,0.30952380952381,0.0947867298578199,0.111111111111111,0.692307692307692,0.5
50,1,"poisson",8,"abund_ztnb",276,15,0,0.30952380952381,0.106481481481481,0.166666666666667,0.730769230769231,0.5
50,1,"poisson",8,"abund_lm_depth",276,15,0,0.0952380952380952,0.0648148148148148,0,0.423076923076923,0.375
50,1,"poisson",8,"abund_lm",276,15,0,0.166666666666667,0.0833333333333333,0,0.423076923076923,0.375
50,1,"poisson",8,"occ_depth",291,0,0,0,0.0739130434782609,0.222222222222222,0.111111111111111,0.5625
50,1,"poisson",8,"occ_full",291,0,0,0,0.0782608695652174,0.166666666666667,0.037037037037037,0.5625
50,1,"poisson",8,"occ_lmd",291,0,0,0,0.0695652173913043,0.166666666666667,0.037037037037037,0.5625
50,1,"poisson",8,"occ_lmd_lN",291,0,0,0,0.0826086956521739,0.166666666666667,0.037037037037037,0.5625
50,1,"poisson",8,"occ_ztnb",276,15,0.4,0.0882352941176471,0.0972222222222222,0.166666666666667,0.0769230769230769,0.4375
50,1,"poisson",8,"occ_ztnb_lN",276,15,0.5,0.117647058823529,0.0972222222222222,0.222222222222222,0.0769230769230769,0.4375
50,1,"poisson",8,"zip",287,4,0,0,0.0265486725663717,0.111111111111111,0.037037037037037,0.4375
50,1,"poisson",8,"zinb",287,4,0,0,0.0176991150442478,0,0.037037037037037,0.25
100,1,"poisson",8,"naive",299,0,0.0833333333333333,0.34375,0.0401606425702811,0.625,0.222222222222222,0.625
100,1,"poisson",8,"depthcov",299,0,0.111111111111111,0.25,0.036144578313253,0.6875,0.222222222222222,0.625
100,1,"poisson",8,"er_lm",299,0,0.2,0.25,0.0281124497991968,0.5625,0.444444444444444,0.625
100,1,"poisson",8,"abund_ztnb_t",290,9,0.0909090909090909,0.294117647058824,0.104166666666667,0,0.666666666666667,0.5625
100,1,"poisson",8,"abund_ztnb",291,8,0.0833333333333333,0.323529411764706,0.112033195020747,0,0.611111111111111,0.5625
100,1,"poisson",8,"abund_lm_depth",290,9,0,0.235294117647059,0.0791666666666667,0,0.611111111111111,0.5625
100,1,"poisson",8,"abund_lm",291,8,0.0714285714285714,0.382352941176471,0.0663900414937759,0,0.611111111111111,0.5625
100,1,"poisson",8,"occ_depth",299,0,0.0769230769230769,0.375,0.0401606425702811,0.6875,0.222222222222222,0.625
100,1,"poisson",8,"occ_full",299,0,0,0.375,0.0401606425702811,0.75,0.222222222222222,0.6875
100,1,"poisson",8,"occ_lmd",299,0,0.0769230769230769,0.375,0.0441767068273092,0.8125,0.222222222222222,0.625
100,1,"poisson",8,"occ_lmd_lN",299,0,0,0.3125,0.036144578313253,0.8125,0.222222222222222,0.625
100,1,"poisson",8,"occ_ztnb",291,8,0.285714285714286,0.3125,0.0622406639004149,0.6875,0.111111111111111,0.5625
100,1,"poisson",8,"occ_ztnb_lN",291,8,0.230769230769231,0.3125,0.0829875518672199,0.625,0.111111111111111,0.625
100,1,"poisson",8,"zip",298,1,0.1,0.28125,0.0362903225806452,0.6875,0.111111111111111,0.5625
100,1,"poisson",8,"zinb",297,2,0,0.09375,0.00809716599190283,0.5,0.0555555555555556,0.375
20,2,"poisson",8,"naive",281,0,0,0,0.0303030303030303,0.0909090909090909,0,0.2
20,2,"poisson",8,"depthcov",281,0,0,0,0.025974025974026,0.0909090909090909,0,0.133333333333333
20,2,"poisson",8,"er_lm",281,0,0,0,0.0606060606060606,0.0909090909090909,0.0833333333333333,0.333333333333333
20,2,"poisson",8,"abund_ztnb_t",221,60,0,0,0.0860215053763441,0,0.25,0.222222222222222
20,2,"poisson",8,"abund_ztnb",221,60,1,0,0.112903225806452,0.1,0.5,0.444444444444444
20,2,"poisson",8,"abund_lm_depth",221,60,0,0,0.043010752688172,0.1,0.25,0.111111111111111
20,2,"poisson",8,"abund_lm",221,60,0,0,0.0537634408602151,0.1,0.375,0.222222222222222
20,2,"poisson",8,"occ_depth",281,0,0,0,0.0649350649350649,0.181818181818182,0,0.533333333333333
20,2,"poisson",8,"occ_full",281,0,0,0,0.0692640692640693,0.181818181818182,0,0.466666666666667
20,2,"poisson",8,"occ_lmd",281,0,0,0,0.0606060606060606,0.0909090909090909,0,0.466666666666667
20,2,"poisson",8,"occ_lmd_lN",281,0,0,0.0384615384615385,0.108225108225108,0.181818181818182,0.125,0.4
20,2,"poisson",8,"occ_ztnb",221,60,0,0,0.0376344086021505,0.2,0,0.333333333333333
20,2,"poisson",8,"occ_ztnb_lN",221,60,0,0.0526315789473684,0.0752688172043011,0.1,0.0625,0.333333333333333
20,2,"poisson",8,"zip",273,8,0,0,0.0265486725663717,0.0909090909090909,0,0.0833333333333333
20,2,"poisson",8,"zinb",0,281,0,NA,NA,NA,NA,NA
50,2,"poisson",8,"naive",295,0,0,0.0238095238095238,0.0689655172413793,0.285714285714286,0,0.357142857142857
50,2,"poisson",8,"depthcov",295,0,0,0,0.0431034482758621,0.142857142857143,0,0.214285714285714
50,2,"poisson",8,"er_lm",295,0,0,0.142857142857143,0.0603448275862069,0.357142857142857,0.19047619047619,0.285714285714286
50,2,"poisson",8,"abund_ztnb_t",281,14,0,0.0625,0.0852017937219731,0.0769230769230769,0.444444444444444,0.571428571428571
50,2,"poisson",8,"abund_ztnb",283,12,0,0.0625,0.0933333333333333,0.0769230769230769,0.444444444444444,0.571428571428571
50,2,"poisson",8,"abund_lm_depth",283,12,0,0.0625,0.0266666666666667,0.115384615384615,0.388888888888889,0.285714285714286
50,2,"poisson",8,"abund_lm",283,12,0,0.125,0.04,0,0.5,0.571428571428571
50,2,"poisson",8,"occ_depth",295,0,0,0.119047619047619,0.0560344827586207,0.428571428571429,0,0.357142857142857
50,2,"poisson",8,"occ_full",295,0,0.5,0.0476190476190476,0.0603448275862069,0.357142857142857,0,0.571428571428571
50,2,"poisson",8,"occ_lmd",295,0,0.4,0.0714285714285714,0.0517241379310345,0.357142857142857,0,0.428571428571429
50,2,"poisson",8,"occ_lmd_lN",295,0,0,0.0476190476190476,0.0431034482758621,0.25,0,0.214285714285714
50,2,"poisson",8,"occ_ztnb",283,12,0.333333333333333,0.05,0.0711111111111111,0.269230769230769,0.0555555555555556,0.428571428571429
50,2,"poisson",8,"occ_ztnb_lN",283,12,0,0,0.0577777777777778,0.230769230769231,0,0.0714285714285714
50,2,"poisson",8,"zip",292,3,0,0,0.0216450216450216,0.269230769230769,0,0.428571428571429
50,2,"poisson",8,"zinb",290,5,0,0,0.00873362445414847,0.153846153846154,0,0.142857142857143
100,2,"poisson",8,"naive",300,0,0.363636363636364,0.35,0.139344262295082,0.583333333333333,0.125,0.6875
100,2,"poisson",8,"depthcov",300,0,0,0.025,0.0532786885245902,0.5,0.0625,0.5
100,2,"poisson",8,"er_lm",300,0,0,0.4,0.0491803278688525,0.583333333333333,0.3125,0.75
100,2,"poisson",8,"abund_ztnb_t",296,4,0.2,0.4,0.127572016460905,0.217391304347826,0.533333333333333,0.666666666666667
100,2,"poisson",8,"abund_ztnb",298,2,0.2,0.375,0.131687242798354,0.217391304347826,0.5,0.625
100,2,"poisson",8,"abund_lm_depth",298,2,0,0.25,0.0576131687242798,0.130434782608696,0.5,0.4375
100,2,"poisson",8,"abund_lm",298,2,0.615384615384615,0.46875,0.218106995884774,0.173913043478261,0.5625,0.6875
100,2,"poisson",8,"occ_depth",300,0,0.0666666666666667,0.35,0.069672131147541,0.625,0.0625,0.6875
100,2,"poisson",8,"occ_full",300,0,0.133333333333333,0.325,0.0942622950819672,0.625,0.125,0.5625
100,2,"poisson",8,"occ_lmd",300,0,0.133333333333333,0.325,0.10655737704918,0.625,0.125,0.5625
100,2,"poisson",8,"occ_lmd_lN",300,0,0.25,0.15,0.0532786885245902,0.416666666666667,0.0625,0.5
100,2,"poisson",8,"occ_ztnb",298,2,0.384615384615385,0.205128205128205,0.0905349794238683,0.391304347826087,0.0625,0.375
100,2,"poisson",8,"occ_ztnb_lN",298,2,0.166666666666667,0.128205128205128,0.0781893004115226,0.304347826086957,0.0625,0.3125
100,2,"poisson",8,"zip",299,1,0,0.205128205128205,0.0819672131147541,0.521739130434783,0.0625,0.4375
100,2,"poisson",8,"zinb",296,4,0,0.0769230769230769,0.00826446280991736,0.304347826086957,0,0.1875
20,4,"poisson",8,"naive",261,0,0,0,0.0181818181818182,0.1,0,0.166666666666667
20,4,"poisson",8,"depthcov",261,0,0,0,0,0,0.105263157894737,0
20,4,"poisson",8,"er_lm",261,0,0,0,0.0272727272727273,0.1,0.0526315789473684,0.333333333333333
20,4,"poisson",8,"abund_ztnb_t",218,43,1,0,0.0815217391304348,0,0.266666666666667,0.3
20,4,"poisson",8,"abund_ztnb",218,43,1,0,0.119565217391304,0,0.266666666666667,0.3
20,4,"poisson",8,"abund_lm_depth",218,43,0,0,0.0380434782608696,0,0.133333333333333,0.2
20,4,"poisson",8,"abund_lm",218,43,0.666666666666667,0.04,0.114130434782609,0,0.266666666666667,0.4
20,4,"poisson",8,"occ_depth",261,0,0,0,0.05,0.1,0.105263157894737,0.25
20,4,"poisson",8,"occ_full",261,0,0,0,0.0590909090909091,0.2,0.0526315789473684,0.333333333333333
20,4,"poisson",8,"occ_lmd",261,0,0,0,0.0590909090909091,0.2,0.0526315789473684,0.333333333333333
20,4,"poisson",8,"occ_lmd_lN",261,0,0,0.0454545454545455,0.0863636363636364,0.2,0.157894736842105,0
20,4,"poisson",8,"occ_ztnb",218,43,0,0,0.0652173913043478,0.111111111111111,0.0666666666666667,0.1
20,4,"poisson",8,"occ_ztnb_lN",218,43,0,0.0526315789473684,0.0815217391304348,0.111111111111111,0.0666666666666667,0
20,4,"poisson",8,"zip",256,5,0,0,0.00925925925925926,0,0,0.181818181818182
20,4,"poisson",8,"zinb",0,261,0,NA,NA,NA,NA,NA
50,4,"poisson",8,"naive",295,0,0,0,0.154811715481172,0.352941176470588,0.0526315789473684,0.25
50,4,"poisson",8,"depthcov",295,0,0,0,0.0669456066945607,0.235294117647059,0,0.15
50,4,"poisson",8,"er_lm",295,0,0,0.027027027027027,0.0585774058577406,0.352941176470588,0.263157894736842,0.35
50,4,"poisson",8,"abund_ztnb_t",284,11,0,0.157894736842105,0.0822510822510823,0.133333333333333,0.631578947368421,0.421052631578947
50,4,"poisson",8,"abund_ztnb",285,10,0.111111111111111,0.210526315789474,0.0991379310344828,0.133333333333333,0.578947368421053,0.473684210526316
50,4,"poisson",8,"abund_lm_depth",285,10,0,0.0526315789473684,0.0517241379310345,0,0.157894736842105,0.210526315789474
50,4,"poisson",8,"abund_lm",285,10,0.333333333333333,0.210526315789474,0.129310344827586,0.133333333333333,0.526315789473684,0.315789473684211
50,4,"poisson",8,"occ_depth",295,0,0,0.135135135135135,0.100418410041841,0.529411764705882,0.0526315789473684,0.3
50,4,"poisson",8,"occ_full",295,0,0,0.135135135135135,0.125523012552301,0.529411764705882,0,0.25
50,4,"poisson",8,"occ_lmd",295,0,0,0.135135135135135,0.121338912133891,0.529411764705882,0,0.25
50,4,"poisson",8,"occ_lmd_lN",295,0,0,0.027027027027027,0.0753138075313808,0.235294117647059,0,0.15
50,4,"poisson",8,"occ_ztnb",285,10,0,0.117647058823529,0.0775862068965517,0.533333333333333,0,0.263157894736842
50,4,"poisson",8,"occ_ztnb_lN",285,10,0,0.0294117647058824,0.0603448275862069,0.333333333333333,0.0526315789473684,0.157894736842105
50,4,"poisson",8,"zip",293,2,0,0,0.0717299578059072,0.411764705882353,0,0.2
50,4,"poisson",8,"zinb",287,8,0,0,0.021551724137931,0.176470588235294,0,0.2
100,4,"poisson",8,"naive",299,0,0.725490196078431,0.378378378378378,0.269709543568465,0.684210526315789,0.238095238095238,0.5
100,4,"poisson",8,"depthcov",299,0,0,0,0.029045643153527,0.368421052631579,0.142857142857143,0.277777777777778
100,4,"poisson",8,"er_lm",299,0,0.2,0.432432432432432,0.04149377593361,0.684210526315789,0.476190476190476,0.555555555555556
100,4,"poisson",8,"abund_ztnb_t",294,5,0.0833333333333333,0.564102564102564,0.080168776371308,0.0555555555555556,0.571428571428571,0.722222222222222
100,4,"poisson",8,"abund_ztnb",296,3,0.0833333333333333,0.564102564102564,0.0669456066945607,0.0555555555555556,0.619047619047619,0.722222222222222
100,4,"poisson",8,"abund_lm_depth",296,3,0,0.102564102564103,0.0502092050209205,0.0555555555555556,0.380952380952381,0.388888888888889
100,4,"poisson",8,"abund_lm",296,3,0.613333333333333,0.743589743589744,0.313807531380753,0.111111111111111,0.619047619047619,0.888888888888889
100,4,"poisson",8,"occ_depth",299,0,0.25,0.324324324324324,0.0829875518672199,0.684210526315789,0.19047619047619,0.555555555555556
100,4,"poisson",8,"occ_full",299,0,0.5625,0.378378378378378,0.190871369294606,0.736842105263158,0.0952380952380952,0.5
100,4,"poisson",8,"occ_lmd",299,0,0.575757575757576,0.378378378378378,0.190871369294606,0.736842105263158,0.0952380952380952,0.5
100,4,"poisson",8,"occ_lmd_lN",299,0,0.5,0.027027027027027,0.037344398340249,0.473684210526316,0.19047619047619,0.277777777777778
100,4,"poisson",8,"occ_ztnb",296,3,0.125,0.194444444444444,0.0753138075313808,0.611111111111111,0.0476190476190476,0.555555555555556
100,4,"poisson",8,"occ_ztnb_lN",296,3,0,0,0.0376569037656904,0.444444444444444,0.0476190476190476,0.333333333333333
100,4,"poisson",8,"zip",297,2,0.4,0.333333333333333,0.1375,0.666666666666667,0.142857142857143,0.5
100,4,"poisson",8,"zinb",291,8,0,0.171428571428571,0.0425531914893617,0.555555555555556,0,0.411764705882353
20,1,"nb",8,"naive",245,0,0,0,0.0155440414507772,0.111111111111111,0.0714285714285714,0
20,1,"nb",8,"depthcov",245,0,0,0,0.0155440414507772,0.0740740740740741,0.0714285714285714,0
20,1,"nb",8,"er_lm",245,0,0,0,0.0518134715025907,0.185185185185185,0.0714285714285714,0.0909090909090909
20,1,"nb",8,"abund_ztnb_t",170,75,0,0,0.037593984962406,0,0.0833333333333333,0.25
20,1,"nb",8,"abund_ztnb",171,74,0,0,0.119402985074627,0.176470588235294,0.0833333333333333,0.125
20,1,"nb",8,"abund_lm_depth",171,74,0,0,0.0597014925373134,0.0588235294117647,0,0
20,1,"nb",8,"abund_lm",171,74,0,0,0.0373134328358209,0,0,0.125
20,1,"nb",8,"occ_depth",245,0,0,0,0.0880829015544041,0.222222222222222,0.214285714285714,0.272727272727273
20,1,"nb",8,"occ_full",245,0,0,0,0.0880829015544041,0.222222222222222,0.0714285714285714,0.272727272727273
20,1,"nb",8,"occ_lmd",245,0,0,0,0.0880829015544041,0.222222222222222,0.142857142857143,0.0909090909090909
20,1,"nb",8,"occ_lmd_lN",245,0,0,0,0.10880829015544,0.222222222222222,0.214285714285714,0.181818181818182
20,1,"nb",8,"occ_ztnb",171,74,0,0,0.0597014925373134,0.117647058823529,0.0833333333333333,0
20,1,"nb",8,"occ_ztnb_lN",171,74,0,0,0.082089552238806,0.176470588235294,0.0833333333333333,0
20,1,"nb",8,"zip",233,12,0,0,0.00540540540540541,0.0833333333333333,0,0
20,1,"nb",8,"zinb",0,245,0,NA,NA,NA,NA,NA
50,1,"nb",8,"naive",289,0,0,0,0.0228310502283105,0.193548387096774,0.115384615384615,0.230769230769231
50,1,"nb",8,"depthcov",289,0,0,0,0.0365296803652968,0.193548387096774,0.153846153846154,0.230769230769231
50,1,"nb",8,"er_lm",289,0,0,0,0.0319634703196347,0.161290322580645,0.307692307692308,0.384615384615385
50,1,"nb",8,"abund_ztnb_t",265,24,0,0,0.0696517412935323,0.107142857142857,0.36,0.363636363636364
50,1,"nb",8,"abund_ztnb",266,23,0,0,0.0742574257425743,0.142857142857143,0.44,0.363636363636364
50,1,"nb",8,"abund_lm_depth",266,23,0,0,0.0495049504950495,0.0357142857142857,0.2,0.363636363636364
50,1,"nb",8,"abund_lm",266,23,0,0,0.0445544554455446,0.0714285714285714,0.2,0.363636363636364
50,1,"nb",8,"occ_depth",289,0,0,0,0.0593607305936073,0.193548387096774,0.115384615384615,0.307692307692308
50,1,"nb",8,"occ_full",289,0,0,0,0.0639269406392694,0.258064516129032,0.0769230769230769,0.307692307692308
50,1,"nb",8,"occ_lmd",289,0,0,0,0.0639269406392694,0.258064516129032,0.0769230769230769,0.307692307692308
50,1,"nb",8,"occ_lmd_lN",289,0,0,0,0.0730593607305936,0.290322580645161,0.115384615384615,0.307692307692308
50,1,"nb",8,"occ_ztnb",266,23,0,0,0.0495049504950495,0.25,0.04,0.0909090909090909
50,1,"nb",8,"occ_ztnb_lN",266,23,0,0.0256410256410256,0.0594059405940594,0.25,0.04,0.181818181818182
50,1,"nb",8,"zip",284,5,0,0,0.013953488372093,0.193548387096774,0.0769230769230769,0.0833333333333333
50,1,"nb",8,"zinb",280,9,0,0,0,0.129032258064516,0,0
100,1,"nb",8,"naive",298,0,0.2,0.19047619047619,0.0603448275862069,0.391304347826087,0.166666666666667,0.526315789473684
100,1,"nb",8,"depthcov",298,0,0.3,0.166666666666667,0.0517241379310345,0.391304347826087,0.166666666666667,0.526315789473684
100,1,"nb",8,"er_lm",298,0,0.266666666666667,0.261904761904762,0.0474137931034483,0.391304347826087,0.375,0.631578947368421
100,1,"nb",8,"abund_ztnb_t",289,9,0.333333333333333,0.15,0.115044247787611,0,0.636363636363636,0.222222222222222
100,1,"nb",8,"abund_ztnb",289,9,0.333333333333333,0.15,0.13716814159292,0,0.636363636363636,0.222222222222222
100,1,"nb",8,"abund_lm_depth",289,9,0,0,0.0486725663716814,0,0.363636363636364,0.277777777777778
100,1,"nb",8,"abund_lm",289,9,0,0,0.0575221238938053,0.0434782608695652,0.363636363636364,0.277777777777778
100,1,"nb",8,"occ_depth",298,0,0.25,0.285714285714286,0.0603448275862069,0.478260869565217,0.25,0.578947368421053
100,1,"nb",8,"occ_full",298,0,0.266666666666667,0.261904761904762,0.0775862068965517,0.391304347826087,0.125,0.631578947368421
100,1,"nb",8,"occ_lmd",298,0,0.230769230769231,0.238095238095238,0.0646551724137931,0.434782608695652,0.125,0.631578947368421
100,1,"nb",8,"occ_lmd_lN",298,0,0.285714285714286,0.238095238095238,0.0732758620689655,0.434782608695652,0.166666666666667,0.631578947368421
100,1,"nb",8,"occ_ztnb",289,9,0.333333333333333,0.146341463414634,0.106194690265487,0.304347826086957,0.0909090909090909,0.611111111111111
100,1,"nb",8,"occ_ztnb_lN",289,9,0.375,0.121951219512195,0.115044247787611,0.478260869565217,0.0909090909090909,0.611111111111111
100,1,"nb",8,"zip",296,2,0.142857142857143,0.146341463414634,0.0689655172413793,0.391304347826087,0.0434782608695652,0.444444444444444
100,1,"nb",8,"zinb",294,4,0,0,0.0173160173160173,0.217391304347826,0,0.333333333333333
20,2,"nb",8,"naive",259,0,0,0,0.0310880829015544,0.2,0.0952380952380952,0.133333333333333
20,2,"nb",8,"depthcov",259,0,0,0,0.0362694300518135,0,0.0476190476190476,0
20,2,"nb",8,"er_lm",259,0,0,0,0.0362694300518135,0.3,0.285714285714286,0.333333333333333
20,2,"nb",8,"abund_ztnb_t",197,62,0,0,0.0559440559440559,0.0833333333333333,0.3,0.3
20,2,"nb",8,"abund_ztnb",199,60,0.25,0.1,0.104166666666667,0.16,0.4,0.4
20,2,"nb",8,"abund_lm_depth",199,60,0,0,0.0347222222222222,0.04,0.15,0
20,2,"nb",8,"abund_lm",199,60,0,0,0.0763888888888889,0.04,0.3,0.1
20,2,"nb",8,"occ_depth",259,0,0,0,0.0673575129533679,0.4,0.142857142857143,0.2
20,2,"nb",8,"occ_full",259,0,0,0,0.0829015544041451,0.3,0.0476190476190476,0.2
20,2,"nb",8,"occ_lmd",259,0,0,0,0.0880829015544041,0.3,0.0476190476190476,0.2
20,2,"nb",8,"occ_lmd_lN",259,0,0,0,0.0932642487046632,0.166666666666667,0.142857142857143,0.133333333333333
20,2,"nb",8,"occ_ztnb",199,60,0,0,0.0694444444444444,0.2,0,0.3
20,2,"nb",8,"occ_ztnb_lN",199,60,0,0,0.0833333333333333,0.12,0.05,0
20,2,"nb",8,"zip",248,11,0,0,0.016304347826087,0.142857142857143,0,0.133333333333333
20,2,"nb",8,"zinb",0,259,0,NA,NA,NA,NA,NA
50,2,"nb",8,"naive",289,0,0,0.0512820512820513,0.0652173913043478,0.5,0.15,0.470588235294118
50,2,"nb",8,"depthcov",289,0,0,0,0.0347826086956522,0.454545454545455,0,0.352941176470588
50,2,"nb",8,"er_lm",289,0,0,0.205128205128205,0.0391304347826087,0.454545454545455,0.25,0.411764705882353
50,2,"nb",8,"abund_ztnb_t",275,14,0,0,0.085972850678733,0,0.333333333333333,0.176470588235294
50,2,"nb",8,"abund_ztnb",276,13,0.75,0.0285714285714286,0.103603603603604,0,0.333333333333333,0.176470588235294
50,2,"nb",8,"abund_lm_depth",276,13,0,0,0.0495495495495495,0,0.222222222222222,0.176470588235294
50,2,"nb",8,"abund_lm",276,13,0,0,0.0720720720720721,0.0526315789473684,0.0555555555555556,0.176470588235294
50,2,"nb",8,"occ_depth",289,0,0,0.205128205128205,0.0565217391304348,0.590909090909091,0.2,0.470588235294118
50,2,"nb",8,"occ_full",289,0,0.111111111111111,0.205128205128205,0.0739130434782609,0.636363636363636,0.1,0.411764705882353
50,2,"nb",8,"occ_lmd",289,0,0.2,0.205128205128205,0.0739130434782609,0.590909090909091,0.1,0.411764705882353
50,2,"nb",8,"occ_lmd_lN",289,0,0,0.179487179487179,0.0608695652173913,0.590909090909091,0.05,0.294117647058824
50,2,"nb",8,"occ_ztnb",276,13,0.25,0.166666666666667,0.0405405405405405,0.578947368421053,0.0555555555555556,0.235294117647059
50,2,"nb",8,"occ_ztnb_lN",276,13,0,0.111111111111111,0.0495495495495495,0.526315789473684,0,0.235294117647059
50,2,"nb",8,"zip",284,5,0,0.0526315789473684,0.0484581497797357,0.523809523809524,0.105263157894737,0.352941176470588
50,2,"nb",8,"zinb",281,8,0,0,0.0133928571428571,0.238095238095238,0,0.176470588235294
100,2,"nb",8,"naive",299,0,0.485714285714286,0.514285714285714,0.178137651821862,0.5625,0.294117647058824,0.736842105263158
100,2,"nb",8,"depthcov",299,0,0,0.0571428571428571,0.0526315789473684,0.5,0.294117647058824,0.526315789473684
100,2,"nb",8,"er_lm",299,0,0.166666666666667,0.428571428571429,0.0607287449392713,0.5,0.411764705882353,0.736842105263158
100,2,"nb",8,"abund_ztnb_t",294,5,0,0.142857142857143,0.11522633744856,0.0625,0.588235294117647,0.5
100,2,"nb",8,"abund_ztnb",294,5,0,0.171428571428571,0.111111111111111,0.0625,0.588235294117647,0.555555555555556
100,2,"nb",8,"abund_lm_depth",294,5,0,0.0571428571428571,0.0452674897119342,0.125,0.235294117647059,0.222222222222222
100,2,"nb",8,"abund_lm",294,5,0.384615384615385,0.228571428571429,0.160493827160494,0.1875,0.470588235294118,0.5
100,2,"nb",8,"occ_depth",299,0,0.166666666666667,0.428571428571429,0.0688259109311741,0.625,0.176470588235294,0.736842105263158
100,2,"nb",8,"occ_full",299,0,0.36,0.457142857142857,0.133603238866397,0.6875,0.117647058823529,0.789473684210526
100,2,"nb",8,"occ_lmd",299,0,0.36,0.457142857142857,0.133603238866397,0.6875,0.117647058823529,0.789473684210526
100,2,"nb",8,"occ_lmd_lN",299,0,0.181818181818182,0.257142857142857,0.0688259109311741,0.5625,0.176470588235294,0.736842105263158
100,2,"nb",8,"occ_ztnb",294,5,0.3,0.411764705882353,0.0699588477366255,0.6875,0.117647058823529,0.444444444444444
100,2,"nb",8,"occ_ztnb_lN",294,5,0.142857142857143,0.176470588235294,0.0823045267489712,0.5,0.0588235294117647,0.611111111111111
100,2,"nb",8,"zip",299,0,0.285714285714286,0.428571428571429,0.101214574898785,0.5625,0.0588235294117647,0.631578947368421
100,2,"nb",8,"zinb",289,10,0,0.142857142857143,0.00421940928270042,0.3125,0,0.315789473684211
20,4,"nb",8,"naive",262,0,0,0,0.0576923076923077,0.0476190476190476,0.0476190476190476,0.0833333333333333
20,4,"nb",8,"depthcov",262,0,0,0,0.0192307692307692,0,0,0
20,4,"nb",8,"er_lm",262,0,0,0,0.0625,0.0476190476190476,0.0952380952380952,0.0833333333333333
20,4,"nb",8,"abund_ztnb_t",216,46,0,0,0.0532544378698225,0.19047619047619,0.222222222222222,0.25
20,4,"nb",8,"abund_ztnb",217,45,1,0,0.0823529411764706,0.238095238095238,0.277777777777778,0.5
20,4,"nb",8,"abund_lm_depth",217,45,0,0,0.0470588235294118,0,0.111111111111111,0.125
20,4,"nb",8,"abund_lm",217,45,1,0,0.0529411764705882,0.0952380952380952,0.222222222222222,0.375
20,4,"nb",8,"occ_depth",262,0,0,0,0.0817307692307692,0.0952380952380952,0.0952380952380952,0.166666666666667
20,4,"nb",8,"occ_full",262,0,0,0,0.0865384615384615,0.142857142857143,0.0476190476190476,0.25
20,4,"nb",8,"occ_lmd",262,0,0,0,0.0865384615384615,0.19047619047619,0.0476190476190476,0.166666666666667
20,4,"nb",8,"occ_lmd_lN",262,0,0,0,0.0625,0,0.0476190476190476,0.0833333333333333
20,4,"nb",8,"occ_ztnb",217,45,0,0,0.0647058823529412,0.238095238095238,0,0.125
20,4,"nb",8,"occ_ztnb_lN",217,45,0,0,0.0411764705882353,0.0476190476190476,0,0
20,4,"nb",8,"zip",252,10,0,0,0.04,0,0,0.0909090909090909
20,4,"nb",8,"zinb",0,262,0,NA,NA,NA,NA,NA
50,4,"nb",8,"naive",298,0,0.470588235294118,0.195652173913043,0.137339055793991,0.416666666666667,0.263157894736842,0.5
50,4,"nb",8,"depthcov",298,0,0,0,0.0386266094420601,0.0833333333333333,0.105263157894737,0.0454545454545455
50,4,"nb",8,"er_lm",298,0,0,0.0434782608695652,0.0686695278969957,0.291666666666667,0.263157894736842,0.545454545454545
50,4,"nb",8,"abund_ztnb_t",287,11,0,0.075,0.142857142857143,0.130434782608696,0.473684210526316,0.333333333333333
50,4,"nb",8,"abund_ztnb",289,9,0.5,0.1,0.154867256637168,0.130434782608696,0.473684210526316,0.428571428571429
50,4,"nb",8,"abund_lm_depth",289,9,0,0,0.0752212389380531,0.130434782608696,0.157894736842105,0
50,4,"nb",8,"abund_lm",289,9,0.428571428571429,0.1,0.150442477876106,0.130434782608696,0.368421052631579,0.476190476190476
50,4,"nb",8,"occ_depth",298,0,0.5,0.0217391304347826,0.0944206008583691,0.333333333333333,0.105263157894737,0.5
50,4,"nb",8,"occ_full",298,0,0.6,0.0869565217391304,0.107296137339056,0.416666666666667,0.157894736842105,0.5
50,4,"nb",8,"occ_lmd",298,0,0.466666666666667,0.173913043478261,0.111587982832618,0.416666666666667,0.105263157894737,0.5
50,4,"nb",8,"occ_lmd_lN",298,0,0,0,0.0901287553648069,0.125,0.157894736842105,0.136363636363636
50,4,"nb",8,"occ_ztnb",289,9,0.5,0.0227272727272727,0.079646017699115,0.217391304347826,0.0526315789473684,0.333333333333333
50,4,"nb",8,"occ_ztnb_lN",289,9,0,0,0.0575221238938053,0.0869565217391304,0.157894736842105,0.0952380952380952
50,4,"nb",8,"zip",295,3,1,0,0.0956521739130435,0.25,0.157894736842105,0.363636363636364
50,4,"nb",8,"zinb",292,6,0,0,0.0308370044052863,0.166666666666667,0.0526315789473684,0.136363636363636
100,4,"nb",8,"naive",298,0,0.6,0.482758620689655,0.241935483870968,0.785714285714286,0.238095238095238,0.733333333333333
100,4,"nb",8,"depthcov",298,0,0,0.0344827586206897,0.0806451612903226,0.5,0.19047619047619,0.466666666666667
100,4,"nb",8,"er_lm",298,0,0.277777777777778,0.448275862068966,0.0806451612903226,0.5,0.571428571428571,0.866666666666667
100,4,"nb",8,"abund_ztnb_t",296,2,0.25,0.333333333333333,0.0894308943089431,0.142857142857143,0.523809523809524,0.6
100,4,"nb",8,"abund_ztnb",297,1,0.214285714285714,0.305555555555556,0.0931174089068826,0.142857142857143,0.523809523809524,0.533333333333333
100,4,"nb",8,"abund_lm_depth",297,1,0,0.138888888888889,0.0445344129554656,0.0714285714285714,0.476190476190476,0.266666666666667
100,4,"nb",8,"abund_lm",297,1,0.625,0.5,0.218623481781377,0.357142857142857,0.666666666666667,0.6
100,4,"nb",8,"occ_depth",298,0,0.1875,0.448275862068966,0.092741935483871,0.5,0.142857142857143,0.733333333333333
100,4,"nb",8,"occ_full",298,0,0.454545454545455,0.413793103448276,0.149193548387097,0.714285714285714,0.142857142857143,0.666666666666667
100,4,"nb",8,"occ_lmd",298,0,0.458333333333333,0.448275862068966,0.153225806451613,0.642857142857143,0.142857142857143,0.666666666666667
100,4,"nb",8,"occ_lmd_lN",298,0,0.333333333333333,0.0689655172413793,0.0967741935483871,0.571428571428571,0.19047619047619,0.533333333333333
100,4,"nb",8,"occ_ztnb",297,1,0.1,0.310344827586207,0.0647773279352227,0.571428571428571,0.0952380952380952,0.6
100,4,"nb",8,"occ_ztnb_lN",297,1,0,0.103448275862069,0.0526315789473684,0.5,0.142857142857143,0.4
100,4,"nb",8,"zip",298,0,0.388888888888889,0.379310344827586,0.149193548387097,0.642857142857143,0.142857142857143,0.733333333333333
100,4,"nb",8,"zinb",293,5,0,0.137931034482759,0.0123456790123457,0.357142857142857,0.0476190476190476,0.4
