"n","c_depth","disp","rep","method","n_taxa","n_fail","fdr","tpr","rej_null","rej_prev_only","rej_abund_only","rej_both"
20,1,"poisson",1,"naive",244,0,0,0,0.0194174757281553,0,0,0.0833333333333333
20,1,"poisson",1,"depthcov",244,0,0,0,0.0194174757281553,0,0,0.0833333333333333
20,1,"poisson",1,"er_lm",244,0,0,0.0384615384615385,0.0388349514563107,0.214285714285714,0.166666666666667,0.333333333333333
20,1,"poisson",1,"abund_lm",182,62,0,0,0.0382165605095541,0,0.25,0
20,1,"poisson",1,"occ_depth",244,0,0,0,0.0825242718446602,0.357142857142857,0,0.333333333333333
20,1,"poisson",1,"occ_full",244,0,0,0,0.0776699029126214,0.428571428571429,0,0.333333333333333
20,1,"poisson",1,"occ_cal",244,0,0,0,0.0728155339805825,0.428571428571429,0,0.333333333333333
20,1,"poisson",1,"abund_trunc",182,62,0,0,0.089171974522293,0,0.375,0
20,1,"poisson",1,"occ_trunc",244,0,0,0,0.0776699029126214,0.428571428571429,0,0.333333333333333
20,1,"poisson",1,"abund_ztnb",182,62,0,0,0.114649681528662,0,0.375,0
20,1,"poisson",1,"occ_ztnb",182,62,0,0,0.0700636942675159,0.181818181818182,0,0.166666666666667
20,1,"poisson",1,"lm_pseudo",244,0,0,0,0.0436893203883495,0.0714285714285714,0.166666666666667,0.25
20,1,"poisson",1,"lm_pseudo_depth",244,0,0,0,0.0631067961165049,0.142857142857143,0.166666666666667,0.333333333333333
20,1,"poisson",1,"abund_lm_depth",182,62,0,0,0.0828025477707006,0,0.25,0
20,1,"poisson",1,"zip",235,9,0,0,0.00495049504950495,0,0,0.111111111111111
20,1,"poisson",1,"lm_pseudo_mc",244,0,0,0,0.0485436893203883,0.142857142857143,0.166666666666667,0.333333333333333
50,1,"poisson",1,"naive",287,0,0,0,0.0486725663716814,0.357142857142857,0.0869565217391304,0.375
50,1,"poisson",1,"depthcov",287,0,0,0,0.0486725663716814,0.357142857142857,0.0869565217391304,0.375
50,1,"poisson",1,"er_lm",287,0,0.125,0.184210526315789,0.0486725663716814,0.285714285714286,0.173913043478261,0.583333333333333
50,1,"poisson",1,"abund_lm",272,15,0.142857142857143,0.13953488372093,0.032258064516129,0.0833333333333333,0.272727272727273,0.666666666666667
50,1,"poisson",1,"occ_depth",287,0,0.285714285714286,0.131578947368421,0.0707964601769911,0.357142857142857,0.0869565217391304,0.416666666666667
50,1,"poisson",1,"occ_full",287,0,0.428571428571429,0.105263157894737,0.0575221238938053,0.357142857142857,0.0434782608695652,0.458333333333333
50,1,"poisson",1,"occ_cal",287,0,0,0.0263157894736842,0.0575221238938053,0.428571428571429,0.0434782608695652,0.333333333333333
50,1,"poisson",1,"abund_trunc",272,15,0.125,0.162790697674419,0.0368663594470046,0.0833333333333333,0.318181818181818,0.714285714285714
50,1,"poisson",1,"occ_trunc",287,0,0.4,0.0789473684210526,0.0619469026548673,0.357142857142857,0.0434782608695652,0.458333333333333
50,1,"poisson",1,"abund_ztnb",270,17,0.25,0.13953488372093,0.0972222222222222,0.0909090909090909,0.318181818181818,0.714285714285714
50,1,"poisson",1,"occ_ztnb",272,15,1,0,0.0737327188940092,0.416666666666667,0.0454545454545455,0.428571428571429
50,1,"poisson",1,"lm_pseudo",287,0,0.3,0.148936170212766,0.0486725663716814,0.357142857142857,0.130434782608696,0.458333333333333
50,1,"poisson",1,"lm_pseudo_depth",287,0,0.272727272727273,0.170212765957447,0.0575221238938053,0.357142857142857,0.173913043478261,0.5
50,1,"poisson",1,"abund_lm_depth",272,15,0,0.0930232558139535,0.0460829493087558,0,0.227272727272727,0.666666666666667
50,1,"poisson",1,"zip",285,2,0,0,0.0488888888888889,0.285714285714286,0,0.304347826086957
50,1,"poisson",1,"lm_pseudo_mc",287,0,0.333333333333333,0.127659574468085,0.0442477876106195,0.357142857142857,0.173913043478261,0.5
100,1,"poisson",1,"naive",299,0,0,0.138888888888889,0.0619834710743802,0.526315789473684,0.19047619047619,0.529411764705882
100,1,"poisson",1,"depthcov",299,0,0,0.111111111111111,0.0371900826446281,0.578947368421053,0.19047619047619,0.588235294117647
100,1,"poisson",1,"er_lm",299,0,0.2,0.222222222222222,0.0537190082644628,0.526315789473684,0.428571428571429,0.470588235294118
100,1,"poisson",1,"abund_lm",294,5,0.0714285714285714,0.342105263157895,0.0886075949367089,0.105263157894737,0.523809523809524,0.588235294117647
100,1,"poisson",1,"occ_depth",299,0,0,0.166666666666667,0.0537190082644628,0.631578947368421,0.238095238095238,0.588235294117647
100,1,"poisson",1,"occ_full",299,0,0,0.194444444444444,0.0661157024793388,0.631578947368421,0.0952380952380952,0.588235294117647
100,1,"poisson",1,"occ_cal",299,0,0,0.222222222222222,0.0785123966942149,0.526315789473684,0.142857142857143,0.529411764705882
100,1,"poisson",1,"abund_trunc",294,5,0.125,0.368421052631579,0.0928270042194093,0.157894736842105,0.571428571428571,0.588235294117647
100,1,"poisson",1,"occ_trunc",299,0,0,0.194444444444444,0.0826446280991736,0.631578947368421,0.0952380952380952,0.588235294117647
100,1,"poisson",1,"abund_ztnb",294,5,0,0.421052631578947,0.0928270042194093,0.105263157894737,0.666666666666667,0.529411764705882
100,1,"poisson",1,"occ_ztnb",294,5,0.466666666666667,0.222222222222222,0.0886075949367089,0.526315789473684,0.0952380952380952,0.529411764705882
100,1,"poisson",1,"lm_pseudo",299,0,0.333333333333333,0.315789473684211,0.111570247933884,0.684210526315789,0.619047619047619,0.470588235294118
100,1,"poisson",1,"lm_pseudo_depth",299,0,0.363636363636364,0.184210526315789,0.0289256198347107,0.526315789473684,0.571428571428571,0.529411764705882
100,1,"poisson",1,"abund_lm_depth",294,5,0.0714285714285714,0.342105263157895,0.0506329113924051,0.105263157894737,0.476190476190476,0.529411764705882
100,1,"poisson",1,"zip",298,1,0,0.166666666666667,0.0663900414937759,0.473684210526316,0.0952380952380952,0.470588235294118
100,1,"poisson",1,"lm_pseudo_mc",299,0,0.25,0.236842105263158,0.0330578512396694,0.421052631578947,0.523809523809524,0.529411764705882
20,2,"poisson",1,"naive",262,0,0,0,0.0506912442396313,0.105263157894737,0,0.111111111111111
20,2,"poisson",1,"depthcov",262,0,0,0,0.00921658986175115,0.105263157894737,0,0
20,2,"poisson",1,"er_lm",262,0,0,0,0.0552995391705069,0.157894736842105,0.117647058823529,0.222222222222222
20,2,"poisson",1,"abund_lm",198,64,0,0,0.072289156626506,0.166666666666667,0.307692307692308,0.142857142857143
20,2,"poisson",1,"occ_depth",262,0,0,0,0.0645161290322581,0.157894736842105,0.0588235294117647,0.222222222222222
20,2,"poisson",1,"occ_full",262,0,0,0,0.0829493087557604,0.157894736842105,0,0.222222222222222
20,2,"poisson",1,"occ_cal",262,0,0,0,0.0875576036866359,0.157894736842105,0,0.222222222222222
20,2,"poisson",1,"abund_trunc",198,64,0.5,0.05,0.114457831325301,0.166666666666667,0.384615384615385,0.142857142857143
20,2,"poisson",1,"occ_trunc",262,0,0,0,0.0783410138248848,0.157894736842105,0,0.222222222222222
20,2,"poisson",1,"abund_ztnb",198,64,0,0,0.114457831325301,0.25,0.384615384615385,0.142857142857143
20,2,"poisson",1,"occ_ztnb",198,64,0,0,0.072289156626506,0.166666666666667,0.153846153846154,0.142857142857143
20,2,"poisson",1,"lm_pseudo",262,0,0.785714285714286,0.115384615384615,0.211981566820276,0.578947368421053,0.294117647058824,0.333333333333333
20,2,"poisson",1,"lm_pseudo_depth",262,0,0,0,0.0599078341013825,0.315789473684211,0.235294117647059,0
20,2,"poisson",1,"abund_lm_depth",198,64,0,0,0.0481927710843374,0.0833333333333333,0.230769230769231,0.142857142857143
20,2,"poisson",1,"zip",250,12,0,0,0.0144230769230769,0.117647058823529,0,0.125
20,2,"poisson",1,"lm_pseudo_mc",262,0,1,0,0.0506912442396313,0.263157894736842,0.176470588235294,0.111111111111111
50,2,"poisson",1,"naive",296,0,1,0,0.0956521739130435,0.208333333333333,0.227272727272727,0.6
50,2,"poisson",1,"depthcov",296,0,0,0,0.0434782608695652,0.0833333333333333,0.136363636363636,0.35
50,2,"poisson",1,"er_lm",296,0,0,0.159090909090909,0.0478260869565217,0.125,0.227272727272727,0.6
50,2,"poisson",1,"abund_lm",281,15,0,0.225,0.114155251141553,0.0909090909090909,0.571428571428571,0.631578947368421
50,2,"poisson",1,"occ_depth",296,0,0,0,0.0695652173913043,0.125,0.181818181818182,0.5
50,2,"poisson",1,"occ_full",296,0,0.5,0.0227272727272727,0.0869565217391304,0.125,0.227272727272727,0.45
50,2,"poisson",1,"occ_cal",296,0,0.5,0.0227272727272727,0.0434782608695652,0.125,0.136363636363636,0.3
50,2,"poisson",1,"abund_trunc",281,15,0.0833333333333333,0.275,0.105022831050228,0.0454545454545455,0.714285714285714,0.578947368421053
50,2,"poisson",1,"occ_trunc",296,0,0.5,0.0227272727272727,0.091304347826087,0.166666666666667,0.181818181818182,0.4
50,2,"poisson",1,"abund_ztnb",281,15,0.111111111111111,0.2,0.0867579908675799,0,0.571428571428571,0.421052631578947
50,2,"poisson",1,"occ_ztnb",281,15,1,0,0.0730593607305936,0.136363636363636,0.0476190476190476,0.368421052631579
50,2,"poisson",1,"lm_pseudo",296,0,0.797297297297297,0.357142857142857,0.330434782608696,0.375,0.363636363636364,0.6
50,2,"poisson",1,"lm_pseudo_depth",296,0,0,0.0238095238095238,0.0391304347826087,0.0833333333333333,0.181818181818182,0.5
50,2,"poisson",1,"abund_lm_depth",281,15,0,0,0.0365296803652968,0,0.380952380952381,0.315789473684211
50,2,"poisson",1,"zip",294,2,0,0,0.0614035087719298,0.125,0.0454545454545455,0.5
50,2,"poisson",1,"lm_pseudo_mc",296,0,0.181818181818182,0.214285714285714,0.0956521739130435,0.291666666666667,0.272727272727273,0.55
100,2,"poisson",1,"naive",300,0,0.347826086956522,0.306122448979592,0.121739130434783,0.642857142857143,0.238095238095238,0.523809523809524
100,2,"poisson",1,"depthcov",300,0,0,0.122448979591837,0.0782608695652174,0.464285714285714,0.285714285714286,0.333333333333333
100,2,"poisson",1,"er_lm",300,0,0.333333333333333,0.285714285714286,0.0434782608695652,0.571428571428571,0.523809523809524,0.523809523809524
100,2,"poisson",1,"abund_lm",296,4,0.4,0.658536585365854,0.179824561403509,0.296296296296296,0.714285714285714,0.8
100,2,"poisson",1,"occ_depth",300,0,0.142857142857143,0.36734693877551,0.0565217391304348,0.642857142857143,0.333333333333333,0.619047619047619
100,2,"poisson",1,"occ_full",300,0,0.193548387096774,0.510204081632653,0.091304347826087,0.642857142857143,0.238095238095238,0.571428571428571
100,2,"poisson",1,"occ_cal",300,0,0.0476190476190476,0.408163265306122,0.0956521739130435,0.642857142857143,0.238095238095238,0.571428571428571
100,2,"poisson",1,"abund_trunc",296,4,0.341463414634146,0.658536585365854,0.12280701754386,0.222222222222222,0.714285714285714,0.8
100,2,"poisson",1,"occ_trunc",300,0,0.133333333333333,0.530612244897959,0.0695652173913043,0.642857142857143,0.238095238095238,0.571428571428571
100,2,"poisson",1,"abund_ztnb",296,4,0.233333333333333,0.560975609756098,0.0964912280701754,0.148148148148148,0.571428571428571,0.7
100,2,"poisson",1,"occ_ztnb",296,4,0.181818181818182,0.382978723404255,0.0833333333333333,0.481481481481481,0.19047619047619,0.5
100,2,"poisson",1,"lm_pseudo",300,0,0.791304347826087,0.571428571428571,0.382608695652174,0.714285714285714,0.571428571428571,0.80952380952381
100,2,"poisson",1,"lm_pseudo_depth",300,0,0.25,0.142857142857143,0.0608695652173913,0.392857142857143,0.571428571428571,0.476190476190476
100,2,"poisson",1,"abund_lm_depth",296,4,0.0555555555555556,0.414634146341463,0.0657894736842105,0.0740740740740741,0.571428571428571,0.7
100,2,"poisson",1,"zip",298,2,0.0909090909090909,0.212765957446809,0.0652173913043478,0.481481481481481,0.142857142857143,0.5
100,2,"poisson",1,"lm_pseudo_mc",300,0,0.46875,0.404761904761905,0.108695652173913,0.642857142857143,0.476190476190476,0.476190476190476
20,4,"poisson",1,"naive",273,0,0,0,0.0515021459227468,0.0833333333333333,0.111111111111111,0.1
20,4,"poisson",1,"depthcov",273,0,0,0,0.00429184549356223,0,0,0
20,4,"poisson",1,"er_lm",273,0,0,0,0.0600858369098712,0.0833333333333333,0.222222222222222,0.2
20,4,"poisson",1,"abund_lm",227,46,0,0,0.0670103092783505,0.0909090909090909,0.133333333333333,0
20,4,"poisson",1,"occ_depth",273,0,0,0,0.0987124463519313,0,0.222222222222222,0.2
20,4,"poisson",1,"occ_full",273,0,0,0,0.11587982832618,0.0833333333333333,0.0555555555555556,0.1
20,4,"poisson",1,"occ_cal",273,0,0,0,0.0643776824034335,0.0833333333333333,0,0
20,4,"poisson",1,"abund_trunc",227,46,0,0,0.103092783505155,0.181818181818182,0.266666666666667,0.142857142857143
20,4,"poisson",1,"occ_trunc",273,0,0,0,0.103004291845494,0.0833333333333333,0.0555555555555556,0.1
20,4,"poisson",1,"abund_ztnb",227,46,0,0,0.118556701030928,0,0.266666666666667,0
20,4,"poisson",1,"occ_ztnb",227,46,0,0,0.077319587628866,0,0,0.285714285714286
20,4,"poisson",1,"lm_pseudo",273,0,0.916666666666667,0.0357142857142857,0.231759656652361,0.0833333333333333,0.277777777777778,0.5
20,4,"poisson",1,"lm_pseudo_depth",273,0,0,0,0.055793991416309,0,0.166666666666667,0
20,4,"poisson",1,"abund_lm_depth",227,46,0,0,0.0515463917525773,0.0909090909090909,0.2,0.285714285714286
20,4,"poisson",1,"zip",261,12,0,0,0.0225225225225225,0,0,0
20,4,"poisson",1,"lm_pseudo_mc",273,0,0,0,0.0600858369098712,0,0.111111111111111,0.1
50,4,"poisson",1,"naive",294,0,0.375,0.151515151515152,0.1440329218107,0.434782608695652,0.222222222222222,0.4
50,4,"poisson",1,"depthcov",294,0,0,0,0.0452674897119342,0.347826086956522,0,0.1
50,4,"poisson",1,"er_lm",294,0,0.6,0.0606060606060606,0.0534979423868313,0.347826086956522,0.333333333333333,0.3
50,4,"poisson",1,"abund_lm",283,11,0.4,0.333333333333333,0.191489361702128,0.142857142857143,0.647058823529412,0.7
50,4,"poisson",1,"occ_depth",294,0,0,0.0606060606060606,0.0411522633744856,0.478260869565217,0.222222222222222,0.3
50,4,"poisson",1,"occ_full",294,0,0,0.151515151515152,0.0946502057613169,0.478260869565217,0.111111111111111,0.4
50,4,"poisson",1,"occ_cal",294,0,0,0.151515151515152,0.0740740740740741,0.391304347826087,0,0.2
50,4,"poisson",1,"abund_trunc",283,11,0.473684210526316,0.37037037037037,0.119148936170213,0.0952380952380952,0.647058823529412,0.8
50,4,"poisson",1,"occ_trunc",294,0,0,0.0909090909090909,0.0823045267489712,0.434782608695652,0.111111111111111,0.4
50,4,"poisson",1,"abund_ztnb",283,11,0.25,0.222222222222222,0.102127659574468,0.142857142857143,0.588235294117647,0.6
50,4,"poisson",1,"occ_ztnb",283,11,0,0.0645161290322581,0.0765957446808511,0.428571428571429,0.117647058823529,0.3
50,4,"poisson",1,"lm_pseudo",294,0,0.933333333333333,0.285714285714286,0.481481481481481,0.652173913043478,0.5,0.3
50,4,"poisson",1,"lm_pseudo_depth",294,0,0,0,0.0329218106995885,0.260869565217391,0.0555555555555556,0.1
50,4,"poisson",1,"abund_lm_depth",283,11,0,0,0.0851063829787234,0,0.352941176470588,0.2
50,4,"poisson",1,"zip",290,4,0,0,0.05,0.391304347826087,0.117647058823529,0.2
50,4,"poisson",1,"lm_pseudo_mc",294,0,0.818181818181818,0.142857142857143,0.139917695473251,0.608695652173913,0.388888888888889,0.3
100,4,"poisson",1,"naive",299,0,0.509433962264151,0.565217391304348,0.273913043478261,0.769230769230769,0.260869565217391,0.6
100,4,"poisson",1,"depthcov",299,0,0,0,0.0608695652173913,0.153846153846154,0.130434782608696,0.15
100,4,"poisson",1,"er_lm",299,0,0.28,0.391304347826087,0.0434782608695652,0.576923076923077,0.478260869565217,0.55
100,4,"poisson",1,"abund_lm",299,0,0.604938271604938,0.744186046511628,0.343478260869565,0.346153846153846,0.91304347826087,0.75
100,4,"poisson",1,"occ_depth",299,0,0.173913043478261,0.41304347826087,0.0652173913043478,0.730769230769231,0.260869565217391,0.65
100,4,"poisson",1,"occ_full",299,0,0.324324324324324,0.543478260869565,0.143478260869565,0.769230769230769,0.217391304347826,0.65
100,4,"poisson",1,"occ_cal",299,0,0.2,0.173913043478261,0.0956521739130435,0.576923076923077,0.0434782608695652,0.45
100,4,"poisson",1,"abund_trunc",299,0,0.380952380952381,0.604651162790698,0.208695652173913,0.230769230769231,0.956521739130435,0.65
100,4,"poisson",1,"occ_trunc",299,0,0.28125,0.5,0.126086956521739,0.730769230769231,0.173913043478261,0.65
100,4,"poisson",1,"abund_ztnb",299,0,0.1,0.418604651162791,0.11304347826087,0.115384615384615,0.652173913043478,0.45
100,4,"poisson",1,"occ_ztnb",299,0,0.2,0.347826086956522,0.104347826086957,0.653846153846154,0.217391304347826,0.5
100,4,"poisson",1,"lm_pseudo",299,0,0.822660098522167,0.837209302325581,0.678260869565217,0.653846153846154,0.782608695652174,0.9
100,4,"poisson",1,"lm_pseudo_depth",299,0,0,0,0.0478260869565217,0.269230769230769,0.217391304347826,0.35
100,4,"poisson",1,"abund_lm_depth",299,0,0,0.0697674418604651,0.0478260869565217,0.0384615384615385,0.434782608695652,0.2
100,4,"poisson",1,"zip",299,0,0.363636363636364,0.456521739130435,0.130434782608696,0.653846153846154,0.217391304347826,0.55
100,4,"poisson",1,"lm_pseudo_mc",299,0,0.770114942528736,0.465116279069767,0.317391304347826,0.846153846153846,0.391304347826087,0.75
20,1,"nb",1,"naive",246,0,0,0,0.0152284263959391,0.0526315789473684,0.111111111111111,0.166666666666667
20,1,"nb",1,"depthcov",246,0,0,0,0.0152284263959391,0.0526315789473684,0.111111111111111,0.166666666666667
20,1,"nb",1,"er_lm",246,0,0,0,0.0558375634517767,0.157894736842105,0.277777777777778,0.333333333333333
20,1,"nb",1,"abund_lm",185,61,0,0,0.0405405405405405,0.0714285714285714,0.0833333333333333,0.181818181818182
20,1,"nb",1,"occ_depth",246,0,0,0,0.106598984771574,0.315789473684211,0.277777777777778,0.333333333333333
20,1,"nb",1,"occ_full",246,0,0,0,0.0964467005076142,0.263157894736842,0.166666666666667,0.166666666666667
20,1,"nb",1,"occ_cal",246,0,0,0,0.0862944162436548,0.210526315789474,0.166666666666667,0.0833333333333333
20,1,"nb",1,"abund_trunc",185,61,0,0,0.0675675675675676,0.285714285714286,0.333333333333333,0.181818181818182
20,1,"nb",1,"occ_trunc",246,0,0,0,0.0913705583756345,0.263157894736842,0.166666666666667,0.166666666666667
20,1,"nb",1,"abund_ztnb",184,62,0,0,0.108843537414966,0.214285714285714,0.416666666666667,0.181818181818182
20,1,"nb",1,"occ_ztnb",185,61,0,0,0.0608108108108108,0.0714285714285714,0.0833333333333333,0.181818181818182
20,1,"nb",1,"lm_pseudo",246,0,0,0,0.0406091370558376,0.157894736842105,0.277777777777778,0.25
20,1,"nb",1,"lm_pseudo_depth",246,0,0,0,0.0456852791878173,0.210526315789474,0.333333333333333,0.25
20,1,"nb",1,"abund_lm_depth",184,62,0,0,0.0612244897959184,0,0.0833333333333333,0.181818181818182
20,1,"nb",1,"zip",232,14,0,0,0.0106382978723404,0,0,0.0833333333333333
20,1,"nb",1,"lm_pseudo_mc",246,0,0,0,0.0355329949238579,0.210526315789474,0.277777777777778,0.25
50,1,"nb",1,"naive",293,0,0,0,0.0429184549356223,0.368421052631579,0.05,0.380952380952381
50,1,"nb",1,"depthcov",293,0,0,0,0.0515021459227468,0.315789473684211,0.05,0.380952380952381
50,1,"nb",1,"er_lm",293,0,0,0,0.0429184549356223,0.263157894736842,0.15,0.476190476190476
50,1,"nb",1,"abund_lm",273,20,0,0.0512820512820513,0.032258064516129,0.117647058823529,0.3,0.315789473684211
50,1,"nb",1,"occ_depth",293,0,0,0,0.0729613733905579,0.368421052631579,0.05,0.428571428571429
50,1,"nb",1,"occ_full",293,0,0,0,0.0600858369098712,0.421052631578947,0,0.380952380952381
50,1,"nb",1,"occ_cal",293,0,0,0,0.0815450643776824,0.421052631578947,0,0.333333333333333
50,1,"nb",1,"abund_trunc",273,20,0,0.0769230769230769,0.0552995391705069,0.176470588235294,0.35,0.368421052631579
50,1,"nb",1,"occ_trunc",293,0,0,0,0.0729613733905579,0.421052631578947,0,0.476190476190476
50,1,"nb",1,"abund_ztnb",273,20,0.142857142857143,0.153846153846154,0.110599078341014,0.176470588235294,0.35,0.421052631578947
50,1,"nb",1,"occ_ztnb",273,20,0,0.0277777777777778,0.115207373271889,0.352941176470588,0.1,0.368421052631579
50,1,"nb",1,"lm_pseudo",293,0,0,0.0487804878048781,0.0515021459227468,0.315789473684211,0.3,0.380952380952381
50,1,"nb",1,"lm_pseudo_depth",293,0,0,0.0731707317073171,0.0515021459227468,0.315789473684211,0.25,0.380952380952381
50,1,"nb",1,"abund_lm_depth",273,20,0,0,0.032258064516129,0.0588235294117647,0.3,0.315789473684211
50,1,"nb",1,"zip",291,2,0,0,0.0517241379310345,0.315789473684211,0,0.2
50,1,"nb",1,"lm_pseudo_mc",293,0,0,0.024390243902439,0.0472103004291846,0.315789473684211,0.25,0.285714285714286
100,1,"nb",1,"naive",298,0,0.0833333333333333,0.239130434782609,0.0735930735930736,0.461538461538462,0.19047619047619,0.7
100,1,"nb",1,"depthcov",298,0,0,0.130434782608696,0.0562770562770563,0.5,0.238095238095238,0.6
100,1,"nb",1,"er_lm",298,0,0.0625,0.326086956521739,0.0606060606060606,0.5,0.380952380952381,0.75
100,1,"nb",1,"abund_lm",291,7,0.125,0.179487179487179,0.066079295154185,0,0.3,0.421052631578947
100,1,"nb",1,"occ_depth",298,0,0.238095238095238,0.347826086956522,0.0822510822510823,0.5,0.285714285714286,0.7
100,1,"nb",1,"occ_full",298,0,0.111111111111111,0.173913043478261,0.0909090909090909,0.5,0.19047619047619,0.7
100,1,"nb",1,"occ_cal",298,0,0,0.108695652173913,0.0692640692640693,0.423076923076923,0.142857142857143,0.45
100,1,"nb",1,"abund_trunc",291,7,0.1,0.230769230769231,0.0704845814977974,0.04,0.35,0.526315789473684
100,1,"nb",1,"occ_trunc",298,0,0.111111111111111,0.173913043478261,0.103896103896104,0.461538461538462,0.142857142857143,0.6
100,1,"nb",1,"abund_ztnb",290,8,0.166666666666667,0.256410256410256,0.106194690265487,0.12,0.45,0.473684210526316
100,1,"nb",1,"occ_ztnb",291,7,0.4,0.136363636363636,0.079295154185022,0.32,0.2,0.315789473684211
100,1,"nb",1,"lm_pseudo",298,0,0.36,0.390243902439024,0.0692640692640693,0.615384615384615,0.380952380952381,0.7
100,1,"nb",1,"lm_pseudo_depth",298,0,0.1875,0.317073170731707,0.0476190476190476,0.538461538461538,0.333333333333333,0.85
100,1,"nb",1,"abund_lm_depth",291,7,0,0.153846153846154,0.0572687224669604,0,0.35,0.526315789473684
100,1,"nb",1,"zip",294,4,0,0.0681818181818182,0.0652173913043478,0.44,0.1,0.473684210526316
100,1,"nb",1,"lm_pseudo_mc",298,0,0.285714285714286,0.365853658536585,0.051948051948052,0.423076923076923,0.380952380952381,0.7
20,2,"nb",1,"naive",254,0,0,0,0.0480769230769231,0.1,0.1,0
20,2,"nb",1,"depthcov",254,0,0,0,0.00961538461538462,0.1,0.05,0
20,2,"nb",1,"er_lm",254,0,1,0,0.0721153846153846,0.2,0.15,0.125
20,2,"nb",1,"abund_lm",192,62,0,0,0.04375,0.285714285714286,0.0666666666666667,0.2
20,2,"nb",1,"occ_depth",254,0,1,0,0.0817307692307692,0.3,0.2,0.3125
20,2,"nb",1,"occ_full",254,0,1,0,0.0721153846153846,0.3,0.1,0.25
20,2,"nb",1,"occ_cal",254,0,0.5,0.0384615384615385,0.0576923076923077,0.3,0.1,0.1875
20,2,"nb",1,"abund_trunc",192,62,1,0,0.0875,0.285714285714286,0.266666666666667,0.2
20,2,"nb",1,"occ_trunc",254,0,1,0,0.0769230769230769,0.3,0.1,0.25
20,2,"nb",1,"abund_ztnb",192,62,0,0,0.075,0.571428571428571,0.4,0.3
20,2,"nb",1,"occ_ztnb",192,62,0,0,0.06875,0.285714285714286,0.133333333333333,0
20,2,"nb",1,"lm_pseudo",254,0,0,0,0.120192307692308,0.4,0.15,0.3125
20,2,"nb",1,"lm_pseudo_depth",254,0,1,0,0.0384615384615385,0.1,0.15,0
20,2,"nb",1,"abund_lm_depth",192,62,0,0,0.05,0.142857142857143,0.133333333333333,0.1
20,2,"nb",1,"zip",248,6,0,0,0.0388349514563107,0,0.0526315789473684,0
20,2,"nb",1,"lm_pseudo_mc",254,0,0,0,0.0673076923076923,0.3,0.15,0.375
50,2,"nb",1,"naive",291,0,0,0.0555555555555556,0.0815450643776824,0.529411764705882,0.136363636363636,0.421052631578947
50,2,"nb",1,"depthcov",291,0,0,0,0.0472103004291846,0.470588235294118,0.136363636363636,0.368421052631579
50,2,"nb",1,"er_lm",291,0,0,0.0555555555555556,0.0515021459227468,0.470588235294118,0.227272727272727,0.368421052631579
50,2,"nb",1,"abund_lm",277,14,0.5,0.0256410256410256,0.0904977375565611,0.0588235294117647,0.333333333333333,0.388888888888889
50,2,"nb",1,"occ_depth",291,0,0,0.0833333333333333,0.055793991416309,0.588235294117647,0.0909090909090909,0.421052631578947
50,2,"nb",1,"occ_full",291,0,0,0.0277777777777778,0.055793991416309,0.529411764705882,0.0909090909090909,0.473684210526316
50,2,"nb",1,"occ_cal",291,0,0,0.0277777777777778,0.0515021459227468,0.529411764705882,0.0454545454545455,0.210526315789474
50,2,"nb",1,"abund_trunc",277,14,0.25,0.0769230769230769,0.0995475113122172,0.0588235294117647,0.380952380952381,0.388888888888889
50,2,"nb",1,"occ_trunc",291,0,0,0.0277777777777778,0.055793991416309,0.588235294117647,0.0909090909090909,0.421052631578947
50,2,"nb",1,"abund_ztnb",276,15,0,0,0.127272727272727,0.117647058823529,0.285714285714286,0.333333333333333
50,2,"nb",1,"occ_ztnb",277,14,0,0.0285714285714286,0.0316742081447964,0.529411764705882,0.19047619047619,0.333333333333333
50,2,"nb",1,"lm_pseudo",291,0,0.735849056603774,0.341463414634146,0.278969957081545,0.705882352941177,0.363636363636364,0.526315789473684
50,2,"nb",1,"lm_pseudo_depth",291,0,0.6,0.0487804878048781,0.0944206008583691,0.352941176470588,0.272727272727273,0.368421052631579
50,2,"nb",1,"abund_lm_depth",277,14,0,0,0.0678733031674208,0,0.238095238095238,0.166666666666667
50,2,"nb",1,"zip",287,4,0,0.0277777777777778,0.0393013100436681,0.529411764705882,0.0909090909090909,0.315789473684211
50,2,"nb",1,"lm_pseudo_mc",291,0,1,0,0.0600858369098712,0.470588235294118,0.227272727272727,0.421052631578947
100,2,"nb",1,"naive",300,0,0.363636363636364,0.2,0.129166666666667,0.578947368421053,0.16,0.375
100,2,"nb",1,"depthcov",300,0,0,0,0.0166666666666667,0.368421052631579,0.16,0.3125
100,2,"nb",1,"er_lm",300,0,0.25,0.171428571428571,0.0791666666666667,0.421052631578947,0.52,0.625
100,2,"nb",1,"abund_lm",296,4,0.2,0.3,0.130801687763713,0.105263157894737,0.6,0.4
100,2,"nb",1,"occ_depth",300,0,0.2,0.228571428571429,0.0875,0.578947368421053,0.08,0.625
100,2,"nb",1,"occ_full",300,0,0.125,0.2,0.0958333333333333,0.631578947368421,0.12,0.5625
100,2,"nb",1,"occ_cal",300,0,0,0.114285714285714,0.0708333333333333,0.526315789473684,0.08,0.5
100,2,"nb",1,"abund_trunc",296,4,0.111111111111111,0.2,0.0843881856540084,0.0526315789473684,0.64,0.6
100,2,"nb",1,"occ_trunc",300,0,0.125,0.2,0.075,0.631578947368421,0.08,0.5625
100,2,"nb",1,"abund_ztnb",296,4,0,0.125,0.0843881856540084,0.105263157894737,0.52,0.333333333333333
100,2,"nb",1,"occ_ztnb",296,4,0,0.0588235294117647,0.0717299578059072,0.526315789473684,0.04,0.333333333333333
100,2,"nb",1,"lm_pseudo",300,0,0.722222222222222,0.731707317073171,0.395833333333333,0.578947368421053,0.72,0.9375
100,2,"nb",1,"lm_pseudo_depth",300,0,0.5,0.0487804878048781,0.0375,0.368421052631579,0.44,0.5625
100,2,"nb",1,"abund_lm_depth",296,4,0,0.05,0.0548523206751055,0.0526315789473684,0.44,0.133333333333333
100,2,"nb",1,"zip",298,2,0.166666666666667,0.147058823529412,0.0836820083682008,0.578947368421053,0.04,0.333333333333333
100,2,"nb",1,"lm_pseudo_mc",300,0,0.333333333333333,0.341463414634146,0.1125,0.368421052631579,0.44,0.6875
20,4,"nb",1,"naive",257,0,0,0,0.0333333333333333,0.25,0.0526315789473684,0.166666666666667
20,4,"nb",1,"depthcov",257,0,0,0,0.0142857142857143,0,0.0526315789473684,0
20,4,"nb",1,"er_lm",257,0,0,0,0.0571428571428571,0.0625,0.157894736842105,0
20,4,"nb",1,"abund_lm",206,51,0,0,0.0828402366863905,0.181818181818182,0.1875,0.1
20,4,"nb",1,"occ_depth",257,0,0,0,0.0571428571428571,0.3125,0.105263157894737,0.25
20,4,"nb",1,"occ_full",257,0,0,0,0.0714285714285714,0.4375,0.105263157894737,0.25
20,4,"nb",1,"occ_cal",257,0,0,0,0.0619047619047619,0.375,0.105263157894737,0.166666666666667
20,4,"nb",1,"abund_trunc",206,51,1,0,0.0946745562130177,0.181818181818182,0.375,0.1
20,4,"nb",1,"occ_trunc",257,0,0,0,0.0666666666666667,0.4375,0.105263157894737,0.25
20,4,"nb",1,"abund_ztnb",206,51,0,0,0.124260355029586,0.0909090909090909,0.3125,0.2
20,4,"nb",1,"occ_ztnb",206,51,0,0,0.0473372781065089,0.636363636363636,0.0625,0.2
20,4,"nb",1,"lm_pseudo",257,0,0.666666666666667,0.129032258064516,0.219047619047619,0.5,0.368421052631579,0.416666666666667
20,4,"nb",1,"lm_pseudo_depth",257,0,0,0,0.0571428571428571,0,0.157894736842105,0.0833333333333333
20,4,"nb",1,"abund_lm_depth",206,51,0,0,0.0532544378698225,0.0909090909090909,0.0625,0.1
20,4,"nb",1,"zip",252,5,0,0,0.00970873786407767,0.266666666666667,0.0526315789473684,0.0833333333333333
20,4,"nb",1,"lm_pseudo_mc",257,0,0,0,0.0857142857142857,0.125,0.157894736842105,0.166666666666667
50,4,"nb",1,"naive",299,0,0,0.0689655172413793,0.121951219512195,0.6,0.166666666666667,0.111111111111111
50,4,"nb",1,"depthcov",299,0,0,0,0.0691056910569106,0.1,0.0833333333333333,0.111111111111111
50,4,"nb",1,"er_lm",299,0,1,0,0.0772357723577236,0.35,0.208333333333333,0.444444444444444
50,4,"nb",1,"abund_lm",286,13,0,0,0.130252100840336,0.157894736842105,0.5,0.428571428571429
50,4,"nb",1,"occ_depth",299,0,0,0,0.0609756097560976,0.55,0.166666666666667,0.333333333333333
50,4,"nb",1,"occ_full",299,0,0,0,0.0894308943089431,0.6,0.166666666666667,0.333333333333333
50,4,"nb",1,"occ_cal",299,0,0,0,0.0853658536585366,0.4,0.0833333333333333,0.222222222222222
50,4,"nb",1,"abund_trunc",286,13,0,0,0.100840336134454,0.105263157894737,0.5,0.428571428571429
50,4,"nb",1,"occ_trunc",299,0,0,0,0.0853658536585366,0.55,0.125,0.333333333333333
50,4,"nb",1,"abund_ztnb",286,13,0,0,0.0672268907563025,0.105263157894737,0.454545454545455,0.285714285714286
50,4,"nb",1,"occ_ztnb",286,13,0,0,0.0756302521008403,0.368421052631579,0.0909090909090909,0.142857142857143
50,4,"nb",1,"lm_pseudo",299,0,0.844827586206897,0.545454545454545,0.451219512195122,0.45,0.5,0.666666666666667
50,4,"nb",1,"lm_pseudo_depth",299,0,0,0,0.0447154471544715,0.15,0.0833333333333333,0.222222222222222
50,4,"nb",1,"abund_lm_depth",286,13,0,0,0.0336134453781513,0,0.0909090909090909,0
50,4,"nb",1,"zip",294,5,0,0,0.0740740740740741,0.4,0.0869565217391304,0.125
50,4,"nb",1,"lm_pseudo_mc",299,0,0.583333333333333,0.151515151515152,0.117886178861789,0.45,0.333333333333333,0.333333333333333
100,4,"nb",1,"naive",298,0,0.676923076923077,0.5,0.301724137931034,0.7,0.333333333333333,0.636363636363636
100,4,"nb",1,"depthcov",298,0,0,0,0.0474137931034483,0.35,0.0416666666666667,0.454545454545455
100,4,"nb",1,"er_lm",298,0,0.285714285714286,0.357142857142857,0.0775862068965517,0.55,0.583333333333333,0.772727272727273
100,4,"nb",1,"abund_lm",296,2,0.666666666666667,0.555555555555556,0.318965517241379,0.210526315789474,0.608695652173913,0.636363636363636
100,4,"nb",1,"occ_depth",298,0,0.125,0.5,0.0818965517241379,0.55,0.333333333333333,0.681818181818182
100,4,"nb",1,"occ_full",298,0,0.41025641025641,0.547619047619048,0.181034482758621,0.65,0.125,0.727272727272727
100,4,"nb",1,"occ_cal",298,0,0.277777777777778,0.30952380952381,0.125,0.6,0.0416666666666667,0.636363636363636
100,4,"nb",1,"abund_trunc",296,2,0.464285714285714,0.333333333333333,0.193965517241379,0.157894736842105,0.739130434782609,0.545454545454545
100,4,"nb",1,"occ_trunc",298,0,0.290322580645161,0.523809523809524,0.137931034482759,0.65,0.0833333333333333,0.772727272727273
100,4,"nb",1,"abund_ztnb",296,2,0.416666666666667,0.155555555555556,0.155172413793103,0.0526315789473684,0.608695652173913,0.409090909090909
100,4,"nb",1,"occ_ztnb",296,2,0.15,0.414634146341463,0.0862068965517241,0.578947368421053,0.130434782608696,0.545454545454545
100,4,"nb",1,"lm_pseudo",298,0,0.840425531914894,0.652173913043478,0.676724137931034,0.6,0.541666666666667,0.772727272727273
100,4,"nb",1,"lm_pseudo_depth",298,0,0,0,0.0560344827586207,0.4,0.208333333333333,0.5
100,4,"nb",1,"abund_lm_depth",296,2,0,0,0.0517241379310345,0.0526315789473684,0.173913043478261,0.0909090909090909
100,4,"nb",1,"zip",298,0,0.346153846153846,0.404761904761905,0.137931034482759,0.65,0.125,0.681818181818182
100,4,"nb",1,"lm_pseudo_mc",298,0,0.605263157894737,0.652173913043478,0.21551724137931,0.75,0.583333333333333,0.863636363636364
20,1,"poisson",2,"naive",257,0,0,0,0.0194174757281553,0.2,0,0.0666666666666667
20,1,"poisson",2,"depthcov",257,0,0,0,0.0145631067961165,0.0666666666666667,0,0.0666666666666667
20,1,"poisson",2,"er_lm",257,0,0,0.0333333333333333,0.0436893203883495,0.2,0.0476190476190476,0.2
20,1,"poisson",2,"abund_lm",202,55,0,0,0.04375,0.0833333333333333,0.333333333333333,0.166666666666667
20,1,"poisson",2,"occ_depth",257,0,0,0.0333333333333333,0.058252427184466,0.266666666666667,0.0476190476190476,0.333333333333333
20,1,"poisson",2,"occ_full",257,0,0,0.0333333333333333,0.0728155339805825,0.266666666666667,0,0.4
20,1,"poisson",2,"occ_cal",257,0,0,0.0333333333333333,0.0533980582524272,0.4,0,0.333333333333333
20,1,"poisson",2,"abund_trunc",202,55,0.142857142857143,0.2,0.0875,0.0833333333333333,0.5,0.166666666666667
20,1,"poisson",2,"occ_trunc",257,0,0,0.0333333333333333,0.0631067961165049,0.266666666666667,0.0476190476190476,0.4
20,1,"poisson",2,"abund_ztnb",202,55,0,0.0666666666666667,0.1125,0.166666666666667,0.444444444444444,0.25
20,1,"poisson",2,"occ_ztnb",202,55,0,0.0416666666666667,0.04375,0.333333333333333,0.0555555555555556,0.333333333333333
20,1,"poisson",2,"lm_pseudo",257,0,0,0.0555555555555556,0.0533980582524272,0.133333333333333,0.142857142857143,0.266666666666667
20,1,"poisson",2,"lm_pseudo_depth",257,0,0,0.0555555555555556,0.0533980582524272,0.0666666666666667,0.0952380952380952,0.133333333333333
20,1,"poisson",2,"abund_lm_depth",202,55,0,0,0.05,0.0833333333333333,0.333333333333333,0.166666666666667
20,1,"poisson",2,"zip",250,7,0,0,0.0099009900990099,0.133333333333333,0,0.0833333333333333
20,1,"poisson",2,"lm_pseudo_mc",257,0,0,0.0555555555555556,0.0533980582524272,0.133333333333333,0.142857142857143,0.2
50,1,"poisson",2,"naive",294,0,0,0,0.0167364016736402,0.210526315789474,0.227272727272727,0.357142857142857
50,1,"poisson",2,"depthcov",294,0,0,0,0.0167364016736402,0.210526315789474,0.181818181818182,0.5
50,1,"poisson",2,"er_lm",294,0,0,0.0606060606060606,0.0209205020920502,0.210526315789474,0.363636363636364,0.428571428571429
50,1,"poisson",2,"abund_lm",268,26,0,0,0.0590909090909091,0.0588235294117647,0.277777777777778,0.230769230769231
50,1,"poisson",2,"occ_depth",294,0,0,0.0606060606060606,0.0460251046025105,0.263157894736842,0.363636363636364,0.5
50,1,"poisson",2,"occ_full",294,0,0,0.0606060606060606,0.0585774058577406,0.421052631578947,0.318181818181818,0.428571428571429
50,1,"poisson",2,"occ_cal",294,0,0,0.0606060606060606,0.0585774058577406,0.368421052631579,0.272727272727273,0.428571428571429
50,1,"poisson",2,"abund_trunc",268,26,0,0,0.0772727272727273,0.176470588235294,0.333333333333333,0.230769230769231
50,1,"poisson",2,"occ_trunc",294,0,0,0.0606060606060606,0.0627615062761506,0.421052631578947,0.318181818181818,0.428571428571429
50,1,"poisson",2,"abund_ztnb",268,26,1,0,0.104545454545455,0.294117647058824,0.277777777777778,0.384615384615385
50,1,"poisson",2,"occ_ztnb",268,26,0.25,0.2,0.05,0.411764705882353,0.111111111111111,0.384615384615385
50,1,"poisson",2,"lm_pseudo",294,0,0,0.0277777777777778,0.0753138075313808,0.157894736842105,0.318181818181818,0.214285714285714
50,1,"poisson",2,"lm_pseudo_depth",294,0,0,0.0555555555555556,0.0251046025104603,0.105263157894737,0.318181818181818,0.285714285714286
50,1,"poisson",2,"abund_lm_depth",268,26,0,0,0.0409090909090909,0.117647058823529,0.277777777777778,0.153846153846154
50,1,"poisson",2,"zip",285,9,0,0,0.0213675213675214,0.222222222222222,0.1,0.384615384615385
50,1,"poisson",2,"lm_pseudo_mc",294,0,0,0.0277777777777778,0.00836820083682008,0.0526315789473684,0.318181818181818,0.214285714285714
100,1,"poisson",2,"naive",298,0,0,0.25,0.0614754098360656,0.5625,0.272727272727273,0.625
100,1,"poisson",2,"depthcov",298,0,0.111111111111111,0.25,0.0614754098360656,0.5625,0.318181818181818,0.625
100,1,"poisson",2,"er_lm",298,0,0.555555555555556,0.25,0.0655737704918033,0.5,0.590909090909091,0.6875
100,1,"poisson",2,"abund_lm",294,4,0,0.315789473684211,0.05,0,0.636363636363636,0.5625
100,1,"poisson",2,"occ_depth",298,0,0.25,0.28125,0.0655737704918033,0.5625,0.318181818181818,0.625
100,1,"poisson",2,"occ_full",298,0,0,0.25,0.0737704918032787,0.5625,0.227272727272727,0.5
100,1,"poisson",2,"occ_cal",298,0,0,0.21875,0.0819672131147541,0.5,0.181818181818182,0.3125
100,1,"poisson",2,"abund_trunc",294,4,0,0.342105263157895,0.0583333333333333,0,0.636363636363636,0.5625
100,1,"poisson",2,"occ_trunc",298,0,0,0.25,0.0819672131147541,0.5625,0.181818181818182,0.5
100,1,"poisson",2,"abund_ztnb",294,4,0.15,0.447368421052632,0.1125,0,0.727272727272727,0.75
100,1,"poisson",2,"occ_ztnb",294,4,0.4,0.1875,0.0875,0.375,0.136363636363636,0.25
100,1,"poisson",2,"lm_pseudo",298,0,0.1,0.473684210526316,0.0450819672131148,0.5,0.590909090909091,0.6875
100,1,"poisson",2,"lm_pseudo_depth",298,0,0.1,0.473684210526316,0.0573770491803279,0.5,0.590909090909091,0.6875
100,1,"poisson",2,"abund_lm_depth",294,4,0,0.315789473684211,0.0708333333333333,0,0.636363636363636,0.5625
100,1,"poisson",2,"zip",298,0,0,0.1875,0.0655737704918033,0.5,0.181818181818182,0.375
100,1,"poisson",2,"lm_pseudo_mc",298,0,0.105263157894737,0.447368421052632,0.040983606557377,0.5,0.590909090909091,0.6875
20,2,"poisson",2,"naive",266,0,0,0,0.0516431924882629,0.117647058823529,0,0
20,2,"poisson",2,"depthcov",266,0,0,0,0.0234741784037559,0.0588235294117647,0.0476190476190476,0
20,2,"poisson",2,"er_lm",266,0,0,0,0.0469483568075117,0.176470588235294,0.19047619047619,0.2
20,2,"poisson",2,"abund_lm",222,44,0,0.0416666666666667,0.0765027322404372,0.0666666666666667,0.0909090909090909,0.230769230769231
20,2,"poisson",2,"occ_depth",266,0,0,0.03125,0.0516431924882629,0.176470588235294,0.0952380952380952,0.133333333333333
20,2,"poisson",2,"occ_full",266,0,0.5,0.03125,0.0610328638497653,0.235294117647059,0.0476190476190476,0.133333333333333
20,2,"poisson",2,"occ_cal",266,0,0,0,0.0516431924882629,0.176470588235294,0,0.133333333333333
20,2,"poisson",2,"abund_trunc",222,44,0,0.0833333333333333,0.114754098360656,0.0666666666666667,0.272727272727273,0.230769230769231
20,2,"poisson",2,"occ_trunc",266,0,0.5,0.03125,0.0563380281690141,0.235294117647059,0.0476190476190476,0.133333333333333
20,2,"poisson",2,"abund_ztnb",222,44,0,0.0416666666666667,0.0983606557377049,0.0666666666666667,0.272727272727273,0.307692307692308
20,2,"poisson",2,"occ_ztnb",222,44,0.5,0.0357142857142857,0.0491803278688525,0.2,0,0.0769230769230769
20,2,"poisson",2,"lm_pseudo",266,0,0.695652173913043,0.194444444444444,0.173708920187793,0.411764705882353,0.523809523809524,0.466666666666667
20,2,"poisson",2,"lm_pseudo_depth",266,0,0,0,0.0328638497652582,0.0588235294117647,0.0952380952380952,0.133333333333333
20,2,"poisson",2,"abund_lm_depth",222,44,0,0,0.0655737704918033,0.133333333333333,0.181818181818182,0
20,2,"poisson",2,"zip",256,10,0,0,0.0192307692307692,0.0714285714285714,0,0
20,2,"poisson",2,"lm_pseudo_mc",266,0,1,0,0.0751173708920188,0.294117647058824,0.285714285714286,0.2
50,2,"poisson",2,"naive",289,0,0,0,0.038961038961039,0.44,0.235294117647059,0.5
50,2,"poisson",2,"depthcov",289,0,0,0,0.0303030303030303,0.44,0.235294117647059,0.4375
50,2,"poisson",2,"er_lm",289,0,0.25,0.0731707317073171,0.0476190476190476,0.36,0.352941176470588,0.4375
50,2,"poisson",2,"abund_lm",278,11,0.25,0.193548387096774,0.0941704035874439,0.0416666666666667,0.4375,0.266666666666667
50,2,"poisson",2,"occ_depth",289,0,0,0.121951219512195,0.0476190476190476,0.52,0.235294117647059,0.625
50,2,"poisson",2,"occ_full",289,0,0.125,0.170731707317073,0.0562770562770563,0.48,0.0588235294117647,0.6875
50,2,"poisson",2,"occ_cal",289,0,0.125,0.170731707317073,0.0606060606060606,0.48,0.0588235294117647,0.6875
50,2,"poisson",2,"abund_trunc",278,11,0.3,0.225806451612903,0.0941704035874439,0.0416666666666667,0.5,0.333333333333333
50,2,"poisson",2,"occ_trunc",289,0,0.125,0.170731707317073,0.0606060606060606,0.48,0.0588235294117647,0.625
50,2,"poisson",2,"abund_ztnb",277,12,0.222222222222222,0.225806451612903,0.117117117117117,0.0833333333333333,0.625,0.466666666666667
50,2,"poisson",2,"occ_ztnb",278,11,0.2,0.102564102564103,0.0762331838565022,0.416666666666667,0,0.6
50,2,"poisson",2,"lm_pseudo",289,0,0.692307692307692,0.242424242424242,0.186147186147186,0.6,0.470588235294118,0.4375
50,2,"poisson",2,"lm_pseudo_depth",289,0,0.666666666666667,0.0303030303030303,0.0303030303030303,0.44,0.411764705882353,0.4375
50,2,"poisson",2,"abund_lm_depth",278,11,0,0.0967741935483871,0.0448430493273543,0,0.375,0.2
50,2,"poisson",2,"zip",288,1,0,0,0.0303030303030303,0.375,0.0588235294117647,0.5
50,2,"poisson",2,"lm_pseudo_mc",289,0,0.571428571428571,0.0909090909090909,0.0346320346320346,0.4,0.470588235294118,0.375
100,2,"poisson",2,"naive",298,0,0.181818181818182,0.439024390243902,0.153526970954357,0.636363636363636,0.3125,0.578947368421053
100,2,"poisson",2,"depthcov",298,0,0,0.024390243902439,0.033195020746888,0.545454545454545,0.125,0.473684210526316
100,2,"poisson",2,"er_lm",298,0,0.3125,0.268292682926829,0.0497925311203319,0.636363636363636,0.6875,0.631578947368421
100,2,"poisson",2,"abund_lm",290,8,0.142857142857143,0.342857142857143,0.124463519313305,0.0454545454545455,0.75,0.578947368421053
100,2,"poisson",2,"occ_depth",298,0,0,0.390243902439024,0.0497925311203319,0.681818181818182,0.125,0.578947368421053
100,2,"poisson",2,"occ_full",298,0,0.05,0.463414634146341,0.0912863070539419,0.681818181818182,0.0625,0.684210526315789
100,2,"poisson",2,"occ_cal",298,0,0.111111111111111,0.390243902439024,0.0829875518672199,0.545454545454545,0.0625,0.631578947368421
100,2,"poisson",2,"abund_trunc",290,8,0,0.342857142857143,0.0729613733905579,0,0.75,0.631578947368421
100,2,"poisson",2,"occ_trunc",298,0,0.0555555555555556,0.414634146341463,0.0746887966804979,0.636363636363636,0.0625,0.684210526315789
100,2,"poisson",2,"abund_ztnb",290,8,0.0833333333333333,0.314285714285714,0.0987124463519313,0,0.75,0.578947368421053
100,2,"poisson",2,"occ_ztnb",290,8,0.125,0.341463414634146,0.0386266094420601,0.636363636363636,0.0625,0.526315789473684
100,2,"poisson",2,"lm_pseudo",298,0,0.834645669291339,0.6,0.477178423236515,0.636363636363636,0.5625,0.631578947368421
100,2,"poisson",2,"lm_pseudo_depth",298,0,0.444444444444444,0.142857142857143,0.0663900414937759,0.545454545454545,0.4375,0.578947368421053
100,2,"poisson",2,"abund_lm_depth",289,9,0,0.142857142857143,0.0431034482758621,0,0.3125,0.526315789473684
100,2,"poisson",2,"zip",296,2,0,0.317073170731707,0.0627615062761506,0.636363636363636,0.125,0.526315789473684
100,2,"poisson",2,"lm_pseudo_mc",298,0,0.515151515151515,0.457142857142857,0.112033195020747,0.681818181818182,0.75,0.631578947368421
20,4,"poisson",2,"naive",271,0,0,0,0.027027027027027,0.105263157894737,0,0.19047619047619
20,4,"poisson",2,"depthcov",271,0,0,0,0.0135135135135135,0.0526315789473684,0.111111111111111,0.0476190476190476
20,4,"poisson",2,"er_lm",271,0,0,0,0.0405405405405405,0.368421052631579,0.222222222222222,0.238095238095238
20,4,"poisson",2,"abund_lm",219,52,0,0,0.0888888888888889,0.166666666666667,0.25,0.263157894736842
20,4,"poisson",2,"occ_depth",271,0,0,0,0.0540540540540541,0.315789473684211,0.111111111111111,0.238095238095238
20,4,"poisson",2,"occ_full",271,0,0,0,0.0585585585585586,0.315789473684211,0.222222222222222,0.238095238095238
20,4,"poisson",2,"occ_cal",271,0,0,0,0.0405405405405405,0.315789473684211,0.222222222222222,0.238095238095238
20,4,"poisson",2,"abund_trunc",219,52,0,0.037037037037037,0.111111111111111,0.25,0.375,0.368421052631579
20,4,"poisson",2,"occ_trunc",271,0,0,0,0.0630630630630631,0.315789473684211,0.222222222222222,0.238095238095238
20,4,"poisson",2,"abund_ztnb",219,52,0,0.037037037037037,0.1,0.25,0.5,0.421052631578947
20,4,"poisson",2,"occ_ztnb",219,52,0,0,0.0444444444444444,0.166666666666667,0.125,0.210526315789474
20,4,"poisson",2,"lm_pseudo",271,0,0.837837837837838,0.2,0.247747747747748,0.315789473684211,0.333333333333333,0.333333333333333
20,4,"poisson",2,"lm_pseudo_depth",271,0,0,0,0.0585585585585586,0.157894736842105,0.222222222222222,0.142857142857143
20,4,"poisson",2,"abund_lm_depth",219,52,0,0,0.0444444444444444,0.0833333333333333,0.125,0.157894736842105
20,4,"poisson",2,"zip",258,13,0,0,0.0186915887850467,0.133333333333333,0,0.142857142857143
20,4,"poisson",2,"lm_pseudo_mc",271,0,0,0,0.0675675675675676,0.368421052631579,0.222222222222222,0.238095238095238
50,4,"poisson",2,"naive",295,0,0.571428571428571,0.115384615384615,0.147410358565737,0.583333333333333,0.166666666666667,0.571428571428571
50,4,"poisson",2,"depthcov",295,0,0,0,0.047808764940239,0.166666666666667,0,0.214285714285714
50,4,"poisson",2,"er_lm",295,0,0,0.153846153846154,0.0358565737051793,0.5,0.333333333333333,0.5
50,4,"poisson",2,"abund_lm",289,6,0.642857142857143,0.15625,0.155102040816327,0.0833333333333333,0.722222222222222,0.571428571428571
50,4,"poisson",2,"occ_depth",295,0,0,0.0769230769230769,0.051792828685259,0.583333333333333,0.0555555555555556,0.5
50,4,"poisson",2,"occ_full",295,0,0.2,0.153846153846154,0.103585657370518,0.5,0.0555555555555556,0.5
50,4,"poisson",2,"occ_cal",295,0,0.5,0.0384615384615385,0.099601593625498,0.416666666666667,0.0555555555555556,0.428571428571429
50,4,"poisson",2,"abund_trunc",289,6,0.545454545454545,0.15625,0.114285714285714,0.0833333333333333,0.777777777777778,0.571428571428571
50,4,"poisson",2,"occ_trunc",295,0,0.5,0.0384615384615385,0.0916334661354582,0.5,0.0555555555555556,0.428571428571429
50,4,"poisson",2,"abund_ztnb",289,6,0,0,0.138775510204082,0.0833333333333333,0.611111111111111,0.571428571428571
50,4,"poisson",2,"occ_ztnb",289,6,0.2,0.153846153846154,0.0653061224489796,0.416666666666667,0.111111111111111,0.357142857142857
50,4,"poisson",2,"lm_pseudo",295,0,0.868421052631579,0.46875,0.438247011952191,0.75,0.555555555555556,0.642857142857143
50,4,"poisson",2,"lm_pseudo_depth",295,0,0,0,0.0199203187250996,0.0833333333333333,0.0555555555555556,0.428571428571429
50,4,"poisson",2,"abund_lm_depth",289,6,0,0,0.0448979591836735,0.0833333333333333,0.333333333333333,0.285714285714286
50,4,"poisson",2,"zip",292,3,0,0,0.0604838709677419,0.5,0.111111111111111,0.5
50,4,"poisson",2,"lm_pseudo_mc",295,0,0.692307692307692,0.125,0.123505976095618,0.583333333333333,0.277777777777778,0.428571428571429
100,4,"poisson",2,"naive",299,0,0.69047619047619,0.30952380952381,0.292887029288703,0.611111111111111,0.388888888888889,0.416666666666667
100,4,"poisson",2,"depthcov",299,0,0,0,0.0376569037656904,0.555555555555556,0.0555555555555556,0.208333333333333
100,4,"poisson",2,"er_lm",299,0,0.25,0.285714285714286,0.0543933054393305,0.555555555555556,0.555555555555556,0.5
100,4,"poisson",2,"abund_lm",295,4,0.671428571428571,0.575,0.329113924050633,0.388888888888889,0.666666666666667,0.681818181818182
100,4,"poisson",2,"occ_depth",299,0,0,0.285714285714286,0.0711297071129707,0.666666666666667,0.277777777777778,0.458333333333333
100,4,"poisson",2,"occ_full",299,0,0.461538461538462,0.333333333333333,0.121338912133891,0.666666666666667,0.166666666666667,0.541666666666667
100,4,"poisson",2,"occ_cal",299,0,0.222222222222222,0.166666666666667,0.100418410041841,0.444444444444444,0.111111111111111,0.375
100,4,"poisson",2,"abund_trunc",295,4,0.45,0.55,0.189873417721519,0.166666666666667,0.722222222222222,0.772727272727273
100,4,"poisson",2,"occ_trunc",299,0,0.25,0.285714285714286,0.108786610878661,0.666666666666667,0.166666666666667,0.541666666666667
100,4,"poisson",2,"abund_ztnb",295,4,0.0588235294117647,0.4,0.10126582278481,0.111111111111111,0.666666666666667,0.545454545454545
100,4,"poisson",2,"occ_ztnb",295,4,0.222222222222222,0.35,0.080168776371308,0.555555555555556,0.111111111111111,0.5
100,4,"poisson",2,"lm_pseudo",299,0,0.834170854271357,0.785714285714286,0.677824267782427,0.666666666666667,0.666666666666667,0.875
100,4,"poisson",2,"lm_pseudo_depth",299,0,0.5,0.0476190476190476,0.0376569037656904,0.5,0.277777777777778,0.333333333333333
100,4,"poisson",2,"abund_lm_depth",295,4,0,0.025,0.0675105485232067,0.111111111111111,0.388888888888889,0.5
100,4,"poisson",2,"zip",297,2,0.181818181818182,0.219512195121951,0.105042016806723,0.666666666666667,0.111111111111111,0.434782608695652
100,4,"poisson",2,"lm_pseudo_mc",299,0,0.676056338028169,0.547619047619048,0.263598326359833,0.777777777777778,0.666666666666667,0.625
20,1,"nb",2,"naive",250,0,0,0,0.0252525252525253,0.125,0.0555555555555556,0.1
20,1,"nb",2,"depthcov",250,0,1,0,0.0252525252525253,0.166666666666667,0,0.1
20,1,"nb",2,"er_lm",250,0,0,0,0.0252525252525253,0.0416666666666667,0,0.3
20,1,"nb",2,"abund_lm",182,68,0,0,0.034965034965035,0,0.2,0
20,1,"nb",2,"occ_depth",250,0,0,0,0.0707070707070707,0.25,0.111111111111111,0.2
20,1,"nb",2,"occ_full",250,0,0,0,0.095959595959596,0.208333333333333,0.111111111111111,0.2
20,1,"nb",2,"occ_cal",250,0,0,0,0.0757575757575758,0.166666666666667,0.166666666666667,0.2
20,1,"nb",2,"abund_trunc",182,68,0,0,0.0769230769230769,0,0.4,0.285714285714286
20,1,"nb",2,"occ_trunc",250,0,0,0,0.0909090909090909,0.208333333333333,0.111111111111111,0.2
20,1,"nb",2,"abund_ztnb",182,68,0,0,0.0979020979020979,0,0.466666666666667,0.142857142857143
20,1,"nb",2,"occ_ztnb",182,68,0,0,0.0769230769230769,0.117647058823529,0.0666666666666667,0.285714285714286
20,1,"nb",2,"lm_pseudo",250,0,0,0,0.0353535353535354,0.0833333333333333,0,0.2
20,1,"nb",2,"lm_pseudo_depth",250,0,0,0,0.0252525252525253,0.0833333333333333,0,0.2
20,1,"nb",2,"abund_lm_depth",182,68,0,0,0.048951048951049,0,0.0666666666666667,0.142857142857143
20,1,"nb",2,"zip",241,9,0,0,0.0157894736842105,0.0416666666666667,0.0588235294117647,0.1
20,1,"nb",2,"lm_pseudo_mc",250,0,0,0,0.0303030303030303,0.0833333333333333,0,0.2
50,1,"nb",2,"naive",288,0,0,0,0.0263157894736842,0.222222222222222,0.0769230769230769,0.3125
50,1,"nb",2,"depthcov",288,0,0,0,0.0307017543859649,0.222222222222222,0.0769230769230769,0.3125
50,1,"nb",2,"er_lm",288,0,0,0.0882352941176471,0.0614035087719298,0.166666666666667,0.307692307692308,0.3125
50,1,"nb",2,"abund_lm",257,31,0,0.0256410256410256,0.0246305418719212,0.133333333333333,0.24,0.357142857142857
50,1,"nb",2,"occ_depth",288,0,0,0.147058823529412,0.0745614035087719,0.277777777777778,0.0769230769230769,0.4375
50,1,"nb",2,"occ_full",288,0,0,0.117647058823529,0.0570175438596491,0.277777777777778,0.0769230769230769,0.4375
50,1,"nb",2,"occ_cal",288,0,0,0.0882352941176471,0.0657894736842105,0.277777777777778,0.0384615384615385,0.3125
50,1,"nb",2,"abund_trunc",257,31,0,0.0256410256410256,0.0295566502463054,0.133333333333333,0.24,0.5
50,1,"nb",2,"occ_trunc",288,0,0,0.0882352941176471,0.0657894736842105,0.277777777777778,0.0769230769230769,0.375
50,1,"nb",2,"abund_ztnb",257,31,0.25,0.153846153846154,0.0738916256157636,0.2,0.36,0.285714285714286
50,1,"nb",2,"occ_ztnb",257,31,0,0.0344827586206897,0.0492610837438424,0.333333333333333,0.04,0.214285714285714
50,1,"nb",2,"lm_pseudo",288,0,0,0,0.0526315789473684,0.166666666666667,0.269230769230769,0.3125
50,1,"nb",2,"lm_pseudo_depth",288,0,0,0.0476190476190476,0.0701754385964912,0.166666666666667,0.269230769230769,0.375
50,1,"nb",2,"abund_lm_depth",257,31,0,0.0256410256410256,0.0443349753694581,0.133333333333333,0.24,0.214285714285714
50,1,"nb",2,"zip",284,4,0,0,0.0265486725663717,0.235294117647059,0.0384615384615385,0.0666666666666667
50,1,"nb",2,"lm_pseudo_mc",288,0,0,0,0.0570175438596491,0.111111111111111,0.269230769230769,0.3125
100,1,"nb",2,"naive",298,0,0,0.114285714285714,0.0443548387096774,0.45,0.133333333333333,0.466666666666667
100,1,"nb",2,"depthcov",298,0,0,0.114285714285714,0.0403225806451613,0.45,0.133333333333333,0.466666666666667
100,1,"nb",2,"er_lm",298,0,0.222222222222222,0.2,0.0443548387096774,0.45,0.266666666666667,0.6
100,1,"nb",2,"abund_lm",292,6,0,0.185185185185185,0.0528455284552846,0,0.666666666666667,0.333333333333333
100,1,"nb",2,"occ_depth",298,0,0,0.142857142857143,0.0443548387096774,0.45,0.2,0.533333333333333
100,1,"nb",2,"occ_full",298,0,0.25,0.171428571428571,0.0604838709677419,0.5,0.0666666666666667,0.533333333333333
100,1,"nb",2,"occ_cal",298,0,0.25,0.0857142857142857,0.0645161290322581,0.55,0.133333333333333,0.533333333333333
100,1,"nb",2,"abund_trunc",292,6,0,0.185185185185185,0.0691056910569106,0,0.733333333333333,0.25
100,1,"nb",2,"occ_trunc",298,0,0.333333333333333,0.114285714285714,0.0725806451612903,0.5,0.0666666666666667,0.533333333333333
100,1,"nb",2,"abund_ztnb",292,6,0.25,0.222222222222222,0.121951219512195,0.0526315789473684,0.6,0.583333333333333
100,1,"nb",2,"occ_ztnb",292,6,0.714285714285714,0.0645161290322581,0.0975609756097561,0.368421052631579,0.133333333333333,0.416666666666667
100,1,"nb",2,"lm_pseudo",298,0,0.25,0.2,0.032258064516129,0.25,0.333333333333333,0.466666666666667
100,1,"nb",2,"lm_pseudo_depth",298,0,0.3,0.233333333333333,0.0443548387096774,0.35,0.333333333333333,0.6
100,1,"nb",2,"abund_lm_depth",292,6,0.166666666666667,0.185185185185185,0.0691056910569106,0,0.6,0.25
100,1,"nb",2,"zip",296,2,0,0.0909090909090909,0.0403225806451613,0.315789473684211,0.133333333333333,0.428571428571429
100,1,"nb",2,"lm_pseudo_mc",298,0,0.142857142857143,0.2,0.0282258064516129,0.3,0.333333333333333,0.6
20,2,"nb",2,"naive",257,0,0,0,0.00980392156862745,0.0526315789473684,0,0
20,2,"nb",2,"depthcov",257,0,0,0,0.0147058823529412,0.0526315789473684,0,0.0555555555555556
20,2,"nb",2,"er_lm",257,0,0,0,0.0343137254901961,0.210526315789474,0,0.222222222222222
20,2,"nb",2,"abund_lm",197,60,0,0,0.0387096774193548,0.0833333333333333,0.0625,0.214285714285714
20,2,"nb",2,"occ_depth",257,0,0.5,0.027027027027027,0.0637254901960784,0.263157894736842,0,0.222222222222222
20,2,"nb",2,"occ_full",257,0,0.5,0.027027027027027,0.0784313725490196,0.263157894736842,0,0.277777777777778
20,2,"nb",2,"occ_cal",257,0,1,0,0.053921568627451,0.263157894736842,0,0.222222222222222
20,2,"nb",2,"abund_trunc",197,60,0,0,0.0645161290322581,0.0833333333333333,0.0625,0.214285714285714
20,2,"nb",2,"occ_trunc",257,0,0.5,0.027027027027027,0.0784313725490196,0.263157894736842,0,0.277777777777778
20,2,"nb",2,"abund_ztnb",197,60,0,0,0.0967741935483871,0.0833333333333333,0.1875,0.214285714285714
20,2,"nb",2,"occ_ztnb",197,60,0,0,0.0516129032258065,0.166666666666667,0,0.285714285714286
20,2,"nb",2,"lm_pseudo",257,0,1,0,0.0833333333333333,0.368421052631579,0.0625,0.277777777777778
20,2,"nb",2,"lm_pseudo_depth",257,0,0,0,0.0392156862745098,0.157894736842105,0.0625,0.111111111111111
20,2,"nb",2,"abund_lm_depth",197,60,0,0,0.0258064516129032,0,0.0625,0.142857142857143
20,2,"nb",2,"zip",245,12,0,0,0.00510204081632653,0.0625,0,0
20,2,"nb",2,"lm_pseudo_mc",257,0,0,0,0.0245098039215686,0.263157894736842,0.0625,0.222222222222222
50,2,"nb",2,"naive",295,0,0,0.1875,0.0933333333333333,0.428571428571429,0.0454545454545455,0.666666666666667
50,2,"nb",2,"depthcov",295,0,0,0,0.0222222222222222,0.238095238095238,0,0.407407407407407
50,2,"nb",2,"er_lm",295,0,0.166666666666667,0.208333333333333,0.0311111111111111,0.428571428571429,0.136363636363636,0.666666666666667
50,2,"nb",2,"abund_lm",284,11,0.5,0.0425531914893617,0.110091743119266,0.105263157894737,0.318181818181818,0.36
50,2,"nb",2,"occ_depth",295,0,0.133333333333333,0.270833333333333,0.0311111111111111,0.571428571428571,0.0454545454545455,0.666666666666667
50,2,"nb",2,"occ_full",295,0,0.181818181818182,0.1875,0.08,0.571428571428571,0,0.703703703703704
50,2,"nb",2,"occ_cal",295,0,0.25,0.0625,0.0577777777777778,0.476190476190476,0,0.518518518518518
50,2,"nb",2,"abund_trunc",284,11,0.333333333333333,0.0425531914893617,0.0963302752293578,0.105263157894737,0.363636363636364,0.4
50,2,"nb",2,"occ_trunc",295,0,0.2,0.166666666666667,0.0533333333333333,0.523809523809524,0.0454545454545455,0.62962962962963
50,2,"nb",2,"abund_ztnb",284,11,0.25,0.0638297872340425,0.110091743119266,0.157894736842105,0.318181818181818,0.48
50,2,"nb",2,"occ_ztnb",284,11,0.333333333333333,0.0909090909090909,0.0458715596330275,0.421052631578947,0.0909090909090909,0.36
50,2,"nb",2,"lm_pseudo",295,0,0.694444444444444,0.448979591836735,0.342222222222222,0.380952380952381,0.545454545454545,0.740740740740741
50,2,"nb",2,"lm_pseudo_depth",295,0,0,0.0612244897959184,0.0488888888888889,0.333333333333333,0.0454545454545455,0.518518518518518
50,2,"nb",2,"abund_lm_depth",284,11,0,0,0.0688073394495413,0.105263157894737,0.136363636363636,0.2
50,2,"nb",2,"zip",291,4,0,0,0.0493273542600897,0.4,0.0454545454545455,0.461538461538462
50,2,"nb",2,"lm_pseudo_mc",295,0,0.3,0.285714285714286,0.0533333333333333,0.666666666666667,0.136363636363636,0.703703703703704
100,2,"nb",2,"naive",297,0,0.111111111111111,0.444444444444444,0.146443514644351,0.611111111111111,0.136363636363636,0.666666666666667
100,2,"nb",2,"depthcov",297,0,0,0.166666666666667,0.0251046025104603,0.555555555555556,0.0454545454545455,0.555555555555556
100,2,"nb",2,"er_lm",297,0,0.125,0.388888888888889,0.0418410041841004,0.5,0.181818181818182,0.555555555555556
100,2,"nb",2,"abund_lm",294,3,0.411764705882353,0.256410256410256,0.168776371308017,0.0555555555555556,0.454545454545455,0.529411764705882
100,2,"nb",2,"occ_depth",297,0,0,0.5,0.0460251046025105,0.611111111111111,0.0909090909090909,0.666666666666667
100,2,"nb",2,"occ_full",297,0,0,0.472222222222222,0.0753138075313808,0.611111111111111,0.0454545454545455,0.666666666666667
100,2,"nb",2,"occ_cal",297,0,0,0.333333333333333,0.0627615062761506,0.611111111111111,0.0454545454545455,0.611111111111111
100,2,"nb",2,"abund_trunc",294,3,0.25,0.307692307692308,0.122362869198312,0.111111111111111,0.5,0.529411764705882
100,2,"nb",2,"occ_trunc",297,0,0,0.472222222222222,0.0711297071129707,0.611111111111111,0.0454545454545455,0.722222222222222
100,2,"nb",2,"abund_ztnb",294,3,0.285714285714286,0.384615384615385,0.0928270042194093,0.111111111111111,0.545454545454545,0.588235294117647
100,2,"nb",2,"occ_ztnb",294,3,0.142857142857143,0.342857142857143,0.0717299578059072,0.611111111111111,0.0454545454545455,0.647058823529412
100,2,"nb",2,"lm_pseudo",297,0,0.81203007518797,0.625,0.439330543933054,0.666666666666667,0.590909090909091,0.833333333333333
100,2,"nb",2,"lm_pseudo_depth",297,0,0.272727272727273,0.2,0.0669456066945607,0.611111111111111,0.227272727272727,0.5
100,2,"nb",2,"abund_lm_depth",294,3,0,0.128205128205128,0.0717299578059072,0.166666666666667,0.318181818181818,0.352941176470588
100,2,"nb",2,"zip",297,0,0,0.361111111111111,0.096234309623431,0.611111111111111,0.0909090909090909,0.5
100,2,"nb",2,"lm_pseudo_mc",297,0,0.555555555555556,0.2,0.104602510460251,0.611111111111111,0.227272727272727,0.666666666666667
20,4,"nb",2,"naive",269,0,0,0,0.0576923076923077,0.0909090909090909,0.0555555555555556,0.0476190476190476
20,4,"nb",2,"depthcov",269,0,0,0,0.0240384615384615,0,0.0555555555555556,0.0952380952380952
20,4,"nb",2,"er_lm",269,0,0,0.0232558139534884,0.0528846153846154,0.136363636363636,0.0555555555555556,0.142857142857143
20,4,"nb",2,"abund_lm",229,40,0,0,0.138121546961326,0.0526315789473684,0.153846153846154,0.25
20,4,"nb",2,"occ_depth",269,0,0,0.0232558139534884,0.0528846153846154,0.0909090909090909,0.0555555555555556,0.238095238095238
20,4,"nb",2,"occ_full",269,0,0,0.0232558139534884,0.0721153846153846,0.0909090909090909,0.0555555555555556,0.19047619047619
20,4,"nb",2,"occ_cal",269,0,0,0,0.0721153846153846,0.0909090909090909,0.0555555555555556,0.0952380952380952
20,4,"nb",2,"abund_trunc",229,40,0,0,0.154696132596685,0.0526315789473684,0.307692307692308,0.4375
20,4,"nb",2,"occ_trunc",269,0,0,0.0232558139534884,0.0625,0.0909090909090909,0,0.19047619047619
20,4,"nb",2,"abund_ztnb",228,41,0,0,0.166666666666667,0.105263157894737,0.307692307692308,0.1875
20,4,"nb",2,"occ_ztnb",229,40,0,0.0285714285714286,0.0552486187845304,0.105263157894737,0,0.25
20,4,"nb",2,"lm_pseudo",269,0,0.761904761904762,0.256410256410256,0.288461538461538,0.181818181818182,0.222222222222222,0.523809523809524
20,4,"nb",2,"lm_pseudo_depth",269,0,0,0,0.0625,0.136363636363636,0.111111111111111,0.19047619047619
20,4,"nb",2,"abund_lm_depth",229,40,0,0,0.0441988950276243,0,0.230769230769231,0.0625
20,4,"nb",2,"zip",262,7,0,0,0.0196078431372549,0.0476190476190476,0,0.0526315789473684
20,4,"nb",2,"lm_pseudo_mc",269,0,0.25,0.0769230769230769,0.0865384615384615,0.0909090909090909,0.277777777777778,0.19047619047619
50,4,"nb",2,"naive",294,0,0.333333333333333,0.0526315789473684,0.153846153846154,0.388888888888889,0.0909090909090909,0.4
50,4,"nb",2,"depthcov",294,0,0,0,0.047008547008547,0.277777777777778,0.0454545454545455,0.1
50,4,"nb",2,"er_lm",294,0,0.2,0.105263157894737,0.0641025641025641,0.388888888888889,0.318181818181818,0.55
50,4,"nb",2,"abund_lm",282,12,0.5625,0.175,0.167400881057269,0.133333333333333,0.571428571428571,0.421052631578947
50,4,"nb",2,"occ_depth",294,0,0,0.184210526315789,0.0769230769230769,0.388888888888889,0.136363636363636,0.55
50,4,"nb",2,"occ_full",294,0,0.25,0.157894736842105,0.141025641025641,0.5,0,0.45
50,4,"nb",2,"occ_cal",294,0,0,0.0263157894736842,0.11965811965812,0.333333333333333,0,0.25
50,4,"nb",2,"abund_trunc",282,12,0.692307692307692,0.1,0.101321585903084,0.2,0.428571428571429,0.368421052631579
50,4,"nb",2,"occ_trunc",294,0,0.285714285714286,0.131578947368421,0.123931623931624,0.5,0,0.4
50,4,"nb",2,"abund_ztnb",282,12,0,0.075,0.118942731277533,0.2,0.19047619047619,0.368421052631579
50,4,"nb",2,"occ_ztnb",282,12,0,0.0294117647058824,0.0837004405286344,0.333333333333333,0,0.263157894736842
50,4,"nb",2,"lm_pseudo",294,0,0.811594202898551,0.619047619047619,0.521367521367521,0.722222222222222,0.590909090909091,0.8
50,4,"nb",2,"lm_pseudo_depth",294,0,0.25,0.0714285714285714,0.0683760683760684,0.277777777777778,0.181818181818182,0.45
50,4,"nb",2,"abund_lm_depth",282,12,0,0.05,0.066079295154185,0.2,0.0952380952380952,0.368421052631579
50,4,"nb",2,"zip",287,7,0,0.0285714285714286,0.0782608695652174,0.4375,0.0454545454545455,0.315789473684211
50,4,"nb",2,"lm_pseudo_mc",294,0,0.388888888888889,0.261904761904762,0.0897435897435897,0.333333333333333,0.363636363636364,0.55
100,4,"nb",2,"naive",299,0,0.564102564102564,0.425,0.22707423580786,0.727272727272727,0.1,0.611111111111111
100,4,"nb",2,"depthcov",299,0,0,0,0.0393013100436681,0.272727272727273,0.1,0.277777777777778
100,4,"nb",2,"er_lm",299,0,0.1,0.225,0.0567685589519651,0.318181818181818,0.133333333333333,0.555555555555556
100,4,"nb",2,"abund_lm",293,6,0.5,0.553191489361702,0.244444444444444,0.285714285714286,0.724137931034483,0.777777777777778
100,4,"nb",2,"occ_depth",299,0,0.142857142857143,0.15,0.0786026200873362,0.454545454545455,0.1,0.555555555555556
100,4,"nb",2,"occ_full",299,0,0.538461538461538,0.15,0.139737991266376,0.545454545454545,0.0666666666666667,0.555555555555556
100,4,"nb",2,"occ_cal",299,0,0.6,0.05,0.104803493449782,0.363636363636364,0.0333333333333333,0.388888888888889
100,4,"nb",2,"abund_trunc",293,6,0.303030303030303,0.48936170212766,0.106666666666667,0.238095238095238,0.620689655172414,0.722222222222222
100,4,"nb",2,"occ_trunc",299,0,0.444444444444444,0.125,0.126637554585153,0.409090909090909,0.133333333333333,0.444444444444444
100,4,"nb",2,"abund_ztnb",293,6,0.25,0.382978723404255,0.115555555555556,0.0476190476190476,0.655172413793103,0.5
100,4,"nb",2,"occ_ztnb",293,6,0,0.128205128205128,0.0844444444444444,0.380952380952381,0.137931034482759,0.388888888888889
100,4,"nb",2,"lm_pseudo",299,0,0.803571428571429,0.6875,0.567685589519651,0.545454545454545,0.666666666666667,0.833333333333333
100,4,"nb",2,"lm_pseudo_depth",299,0,0.2,0.0833333333333333,0.0524017467248908,0.227272727272727,0.166666666666667,0.5
100,4,"nb",2,"abund_lm_depth",293,6,0,0,0.0444444444444444,0.0952380952380952,0.413793103448276,0.388888888888889
100,4,"nb",2,"zip",298,1,0.333333333333333,0.1,0.118421052631579,0.545454545454545,0.1,0.611111111111111
100,4,"nb",2,"lm_pseudo_mc",299,0,0.68,0.333333333333333,0.209606986899563,0.772727272727273,0.433333333333333,0.722222222222222
20,1,"poisson",3,"naive",260,0,0,0,0.0327102803738318,0.125,0.133333333333333,0.0666666666666667
20,1,"poisson",3,"depthcov",260,0,0,0,0.0327102803738318,0.125,0.133333333333333,0.0666666666666667
20,1,"poisson",3,"er_lm",260,0,0,0,0.0420560747663551,0.4375,0.133333333333333,0.333333333333333
20,1,"poisson",3,"abund_lm",205,55,0,0,0.0178571428571429,0.0909090909090909,0,0.230769230769231
20,1,"poisson",3,"occ_depth",260,0,0,0,0.0514018691588785,0.3125,0.133333333333333,0.266666666666667
20,1,"poisson",3,"occ_full",260,0,0,0,0.0607476635514019,0.3125,0.133333333333333,0.266666666666667
20,1,"poisson",3,"occ_cal",260,0,0,0,0.0514018691588785,0.375,0.0666666666666667,0.133333333333333
20,1,"poisson",3,"abund_trunc",205,55,0,0,0.0535714285714286,0.0909090909090909,0.153846153846154,0.230769230769231
20,1,"poisson",3,"occ_trunc",260,0,0,0,0.0607476635514019,0.3125,0.0666666666666667,0.266666666666667
20,1,"poisson",3,"abund_ztnb",205,55,0,0,0.125,0.0909090909090909,0.230769230769231,0.384615384615385
20,1,"poisson",3,"occ_ztnb",205,55,0,0,0.0654761904761905,0.181818181818182,0.0769230769230769,0.230769230769231
20,1,"poisson",3,"lm_pseudo",260,0,0,0,0.0280373831775701,0.25,0.133333333333333,0.266666666666667
20,1,"poisson",3,"lm_pseudo_depth",260,0,0,0,0.0327102803738318,0.375,0.133333333333333,0.333333333333333
20,1,"poisson",3,"abund_lm_depth",205,55,0,0.0384615384615385,0.0178571428571429,0.0909090909090909,0.0769230769230769,0.230769230769231
20,1,"poisson",3,"zip",254,6,0,0,0.00943396226415094,0.0769230769230769,0,0
20,1,"poisson",3,"lm_pseudo_mc",260,0,0,0,0.0280373831775701,0.25,0.133333333333333,0.266666666666667
50,1,"poisson",3,"naive",293,0,0,0,0.0269058295964126,0.478260869565217,0.129032258064516,0.5625
50,1,"poisson",3,"depthcov",293,0,0,0,0.0358744394618834,0.434782608695652,0.129032258064516,0.5
50,1,"poisson",3,"er_lm",293,0,0.25,0.0769230769230769,0.0538116591928251,0.565217391304348,0.225806451612903,0.625
50,1,"poisson",3,"abund_lm",277,16,0,0.0434782608695652,0.0480769230769231,0.0434782608695652,0.32258064516129,0.4
50,1,"poisson",3,"occ_depth",293,0,0,0,0.0582959641255605,0.521739130434783,0.0967741935483871,0.5625
50,1,"poisson",3,"occ_full",293,0,0,0,0.0582959641255605,0.521739130434783,0.0967741935483871,0.4375
50,1,"poisson",3,"occ_cal",293,0,0,0,0.0448430493273543,0.521739130434783,0.0645161290322581,0.1875
50,1,"poisson",3,"abund_trunc",277,16,0.125,0.152173913043478,0.0625,0.130434782608696,0.387096774193548,0.4
50,1,"poisson",3,"occ_trunc",293,0,0,0,0.062780269058296,0.521739130434783,0.0645161290322581,0.375
50,1,"poisson",3,"abund_ztnb",277,16,0.230769230769231,0.217391304347826,0.105769230769231,0.0869565217391304,0.451612903225806,0.6
50,1,"poisson",3,"occ_ztnb",277,16,0,0,0.0528846153846154,0.434782608695652,0.161290322580645,0.333333333333333
50,1,"poisson",3,"lm_pseudo",293,0,0,0.0638297872340425,0.062780269058296,0.434782608695652,0.225806451612903,0.6875
50,1,"poisson",3,"lm_pseudo_depth",293,0,0,0.0851063829787234,0.0672645739910314,0.478260869565217,0.258064516129032,0.6875
50,1,"poisson",3,"abund_lm_depth",277,16,0,0.0434782608695652,0.0336538461538462,0.0434782608695652,0.387096774193548,0.333333333333333
50,1,"poisson",3,"zip",290,3,0,0,0.00909090909090909,0.391304347826087,0.032258064516129,0.3125
50,1,"poisson",3,"lm_pseudo_mc",293,0,0,0.106382978723404,0.0493273542600897,0.478260869565217,0.258064516129032,0.6875
100,1,"poisson",3,"naive",300,0,0,0.297297297297297,0.0285714285714286,0.647058823529412,0,0.7
100,1,"poisson",3,"depthcov",300,0,0,0.297297297297297,0.0326530612244898,0.647058823529412,0,0.7
100,1,"poisson",3,"er_lm",300,0,0,0.324324324324324,0.0408163265306122,0.588235294117647,0.222222222222222,0.65
100,1,"poisson",3,"abund_lm",294,6,0,0.289473684210526,0.0418410041841004,0.0588235294117647,0.555555555555556,0.55
100,1,"poisson",3,"occ_depth",300,0,0,0.432432432432432,0.036734693877551,0.588235294117647,0,0.7
100,1,"poisson",3,"occ_full",300,0,0,0.27027027027027,0.0489795918367347,0.588235294117647,0,0.7
100,1,"poisson",3,"occ_cal",300,0,0,0.297297297297297,0.0408163265306122,0.529411764705882,0,0.55
100,1,"poisson",3,"abund_trunc",294,6,0,0.315789473684211,0.0502092050209205,0.0588235294117647,0.555555555555556,0.6
100,1,"poisson",3,"occ_trunc",300,0,0,0.27027027027027,0.0448979591836735,0.647058823529412,0,0.65
100,1,"poisson",3,"abund_ztnb",294,6,0,0.394736842105263,0.0878661087866109,0.0588235294117647,0.611111111111111,0.7
100,1,"poisson",3,"occ_ztnb",294,6,0.272727272727273,0.216216216216216,0.0585774058577406,0.470588235294118,0,0.45
100,1,"poisson",3,"lm_pseudo",300,0,0.181818181818182,0.236842105263158,0.0244897959183673,0.588235294117647,0.333333333333333,0.6
100,1,"poisson",3,"lm_pseudo_depth",300,0,0.230769230769231,0.263157894736842,0.0408163265306122,0.588235294117647,0.333333333333333,0.6
100,1,"poisson",3,"abund_lm_depth",294,6,0,0.236842105263158,0.0376569037656904,0.0588235294117647,0.555555555555556,0.55
100,1,"poisson",3,"zip",300,0,0,0.243243243243243,0.036734693877551,0.411764705882353,0,0.65
100,1,"poisson",3,"lm_pseudo_mc",300,0,0.181818181818182,0.236842105263158,0.036734693877551,0.529411764705882,0.333333333333333,0.6
20,2,"poisson",3,"naive",264,0,0,0,0.0224215246636771,0,0,0.1875
20,2,"poisson",3,"depthcov",264,0,0,0,0.0134529147982063,0,0,0.1875
20,2,"poisson",3,"er_lm",264,0,0,0,0.0224215246636771,0.142857142857143,0,0.3125
20,2,"poisson",3,"abund_lm",223,41,0,0,0.0478723404255319,0,0.2,0.285714285714286
20,2,"poisson",3,"occ_depth",264,0,0,0,0.0672645739910314,0.214285714285714,0,0.4375
20,2,"poisson",3,"occ_full",264,0,0,0,0.0762331838565022,0.214285714285714,0,0.25
20,2,"poisson",3,"occ_cal",264,0,0,0,0.062780269058296,0.214285714285714,0,0.1875
20,2,"poisson",3,"abund_trunc",223,41,0,0.0416666666666667,0.074468085106383,0,0.2,0.357142857142857
20,2,"poisson",3,"occ_trunc",264,0,0,0,0.0672645739910314,0.214285714285714,0,0.3125
20,2,"poisson",3,"abund_ztnb",223,41,0,0.0833333333333333,0.111702127659574,0.181818181818182,0.2,0.428571428571429
20,2,"poisson",3,"occ_ztnb",223,41,0,0,0.0425531914893617,0.181818181818182,0,0.214285714285714
20,2,"poisson",3,"lm_pseudo",264,0,0,0,0.0224215246636771,0.214285714285714,0,0.3125
20,2,"poisson",3,"lm_pseudo_depth",264,0,0,0,0.0403587443946188,0.142857142857143,0,0.375
20,2,"poisson",3,"abund_lm_depth",223,41,0,0,0.0478723404255319,0.0909090909090909,0.1,0.357142857142857
20,2,"poisson",3,"zip",256,8,0,0,0.0091324200913242,0,0,0.0714285714285714
20,2,"poisson",3,"lm_pseudo_mc",264,0,0,0.037037037037037,0.0358744394618834,0.142857142857143,0,0.375
50,2,"poisson",3,"naive",294,0,0,0,0.0570175438596491,0.357142857142857,0.0476190476190476,0.470588235294118
50,2,"poisson",3,"depthcov",294,0,0,0,0.0394736842105263,0.321428571428571,0.0952380952380952,0.294117647058824
50,2,"poisson",3,"er_lm",294,0,0.25,0.0666666666666667,0.043859649122807,0.321428571428571,0.238095238095238,0.470588235294118
50,2,"poisson",3,"abund_lm",280,14,0.5,0.0277777777777778,0.0917431192660551,0.0384615384615385,0.333333333333333,0.2
50,2,"poisson",3,"occ_depth",294,0,0,0,0.0394736842105263,0.357142857142857,0.0476190476190476,0.588235294117647
50,2,"poisson",3,"occ_full",294,0,0,0,0.0657894736842105,0.357142857142857,0.0476190476190476,0.588235294117647
50,2,"poisson",3,"occ_cal",294,0,0,0,0.0745614035087719,0.321428571428571,0.0952380952380952,0.529411764705882
50,2,"poisson",3,"abund_trunc",280,14,0.166666666666667,0.138888888888889,0.0871559633027523,0.0384615384615385,0.380952380952381,0.2
50,2,"poisson",3,"occ_trunc",294,0,0,0,0.0657894736842105,0.321428571428571,0.0476190476190476,0.529411764705882
50,2,"poisson",3,"abund_ztnb",280,14,0.5,0.0833333333333333,0.13302752293578,0.115384615384615,0.380952380952381,0.266666666666667
50,2,"poisson",3,"occ_ztnb",280,14,0,0,0.0596330275229358,0.192307692307692,0,0.333333333333333
50,2,"poisson",3,"lm_pseudo",294,0,0.666666666666667,0.315789473684211,0.175438596491228,0.464285714285714,0.380952380952381,0.705882352941177
50,2,"poisson",3,"lm_pseudo_depth",294,0,0,0.0526315789473684,0.0526315789473684,0.25,0.238095238095238,0.352941176470588
50,2,"poisson",3,"abund_lm_depth",280,14,0.428571428571429,0.111111111111111,0.055045871559633,0.0769230769230769,0.333333333333333,0.266666666666667
50,2,"poisson",3,"zip",289,5,0,0,0.0222222222222222,0.25,0.0476190476190476,0.4
50,2,"poisson",3,"lm_pseudo_mc",294,0,0,0.0263157894736842,0.0657894736842105,0.392857142857143,0.142857142857143,0.529411764705882
100,2,"poisson",3,"naive",300,0,0.230769230769231,0.294117647058824,0.102127659574468,0.7,0.193548387096774,0.5
100,2,"poisson",3,"depthcov",300,0,0.333333333333333,0.0588235294117647,0.0765957446808511,0.3,0.129032258064516,0.571428571428571
100,2,"poisson",3,"er_lm",300,0,0.363636363636364,0.205882352941176,0.0297872340425532,0.6,0.548387096774194,0.5
100,2,"poisson",3,"abund_lm",293,7,0.15,0.395348837209302,0.125541125541126,0.0526315789473684,0.633333333333333,0.461538461538462
100,2,"poisson",3,"occ_depth",300,0,0.166666666666667,0.294117647058824,0.0595744680851064,0.65,0.193548387096774,0.642857142857143
100,2,"poisson",3,"occ_full",300,0,0.153846153846154,0.323529411764706,0.0936170212765957,0.7,0.0967741935483871,0.642857142857143
100,2,"poisson",3,"occ_cal",300,0,0.25,0.176470588235294,0.0723404255319149,0.65,0.129032258064516,0.642857142857143
100,2,"poisson",3,"abund_trunc",293,7,0.1,0.418604651162791,0.0952380952380952,0.0526315789473684,0.633333333333333,0.538461538461538
100,2,"poisson",3,"occ_trunc",300,0,0.266666666666667,0.323529411764706,0.0765957446808511,0.6,0.0645161290322581,0.642857142857143
100,2,"poisson",3,"abund_ztnb",293,7,0.0625,0.348837209302326,0.0822510822510823,0,0.566666666666667,0.538461538461538
100,2,"poisson",3,"occ_ztnb",293,7,0.538461538461538,0.1875,0.0692640692640693,0.421052631578947,0.1,0.461538461538462
100,2,"poisson",3,"lm_pseudo",300,0,0.705263157894737,0.622222222222222,0.327659574468085,0.6,0.709677419354839,0.714285714285714
100,2,"poisson",3,"lm_pseudo_depth",300,0,0.125,0.155555555555556,0.0595744680851064,0.35,0.258064516129032,0.571428571428571
100,2,"poisson",3,"abund_lm_depth",293,7,0.166666666666667,0.232558139534884,0.051948051948052,0,0.4,0.615384615384615
100,2,"poisson",3,"zip",297,3,0,0,0.0598290598290598,0.631578947368421,0.0645161290322581,0.461538461538462
100,2,"poisson",3,"lm_pseudo_mc",300,0,0.428571428571429,0.444444444444444,0.114893617021277,0.65,0.580645161290323,0.714285714285714
20,4,"poisson",3,"naive",271,0,0,0,0.0739130434782609,0.375,0.0714285714285714,0.0526315789473684
20,4,"poisson",3,"depthcov",271,0,0,0,0.00869565217391304,0.125,0,0
20,4,"poisson",3,"er_lm",271,0,0,0,0.0521739130434783,0.5,0.0714285714285714,0.157894736842105
20,4,"poisson",3,"abund_lm",231,40,0,0,0.0969387755102041,0,0.230769230769231,0.470588235294118
20,4,"poisson",3,"occ_depth",271,0,0,0,0.0608695652173913,0.375,0,0.105263157894737
20,4,"poisson",3,"occ_full",271,0,0,0,0.091304347826087,0.375,0,0.157894736842105
20,4,"poisson",3,"occ_cal",271,0,0,0,0.0608695652173913,0.375,0,0.105263157894737
20,4,"poisson",3,"abund_trunc",231,40,0,0,0.122448979591837,0,0.307692307692308,0.352941176470588
20,4,"poisson",3,"occ_trunc",271,0,0,0,0.091304347826087,0.375,0,0.157894736842105
20,4,"poisson",3,"abund_ztnb",231,40,0,0.0333333333333333,0.076530612244898,0,0.384615384615385,0.235294117647059
20,4,"poisson",3,"occ_ztnb",231,40,0,0,0.0663265306122449,0.4,0,0.117647058823529
20,4,"poisson",3,"lm_pseudo",271,0,0.8,0.0606060606060606,0.243478260869565,0.625,0.285714285714286,0.263157894736842
20,4,"poisson",3,"lm_pseudo_depth",271,0,1,0,0.0347826086956522,0.125,0,0.0526315789473684
20,4,"poisson",3,"abund_lm_depth",231,40,0,0,0.0612244897959184,0.2,0.153846153846154,0.176470588235294
20,4,"poisson",3,"zip",259,12,0,0,0.0182648401826484,0.285714285714286,0,0.0526315789473684
20,4,"poisson",3,"lm_pseudo_mc",271,0,0.666666666666667,0.0303030303030303,0.0434782608695652,0.625,0.0714285714285714,0.157894736842105
50,4,"poisson",3,"naive",295,0,0,0,0.120331950207469,0.411764705882353,0.15,0.411764705882353
50,4,"poisson",3,"depthcov",295,0,0,0,0.045643153526971,0.117647058823529,0.1,0.117647058823529
50,4,"poisson",3,"er_lm",295,0,0.2,0.117647058823529,0.0622406639004149,0.352941176470588,0.25,0.529411764705882
50,4,"poisson",3,"abund_lm",281,14,0.416666666666667,0.194444444444444,0.156521739130435,0.2,0.6,0.4375
50,4,"poisson",3,"occ_depth",295,0,0,0.0882352941176471,0.0580912863070539,0.529411764705882,0.15,0.411764705882353
50,4,"poisson",3,"occ_full",295,0,0.166666666666667,0.147058823529412,0.0788381742738589,0.529411764705882,0.1,0.411764705882353
50,4,"poisson",3,"occ_cal",295,0,0,0,0.0580912863070539,0.411764705882353,0,0.294117647058824
50,4,"poisson",3,"abund_trunc",281,14,0.444444444444444,0.138888888888889,0.126086956521739,0.0666666666666667,0.6,0.4375
50,4,"poisson",3,"occ_trunc",295,0,0.25,0.0882352941176471,0.0622406639004149,0.529411764705882,0.05,0.411764705882353
50,4,"poisson",3,"abund_ztnb",281,14,0.5,0.138888888888889,0.0956521739130435,0,0.5,0.3125
50,4,"poisson",3,"occ_ztnb",281,14,0,0,0.0652173913043478,0.4,0,0.4375
50,4,"poisson",3,"lm_pseudo",295,0,0.770833333333333,0.594594594594595,0.360995850622407,0.647058823529412,0.5,0.823529411764706
50,4,"poisson",3,"lm_pseudo_depth",295,0,0,0,0.0622406639004149,0.117647058823529,0.2,0.235294117647059
50,4,"poisson",3,"abund_lm_depth",281,14,0,0,0.0608695652173913,0,0.3,0.0625
50,4,"poisson",3,"zip",291,4,0,0,0.0630252100840336,0.375,0.05,0.352941176470588
50,4,"poisson",3,"lm_pseudo_mc",295,0,0.444444444444444,0.27027027027027,0.132780082987552,0.764705882352941,0.45,0.529411764705882
100,4,"poisson",3,"naive",299,0,0.63265306122449,0.473684210526316,0.267241379310345,0.75,0.172413793103448,0.833333333333333
100,4,"poisson",3,"depthcov",299,0,0,0,0.0474137931034483,0.4,0.103448275862069,0.444444444444444
100,4,"poisson",3,"er_lm",299,0,0.451612903225806,0.447368421052632,0.0517241379310345,0.55,0.517241379310345,0.777777777777778
100,4,"poisson",3,"abund_lm",297,2,0.62962962962963,0.638297872340426,0.317391304347826,0.45,0.724137931034483,0.722222222222222
100,4,"poisson",3,"occ_depth",299,0,0.117647058823529,0.394736842105263,0.0732758620689655,0.7,0.206896551724138,0.722222222222222
100,4,"poisson",3,"occ_full",299,0,0.379310344827586,0.473684210526316,0.150862068965517,0.8,0.103448275862069,0.777777777777778
100,4,"poisson",3,"occ_cal",299,0,0.476190476190476,0.289473684210526,0.103448275862069,0.7,0.172413793103448,0.611111111111111
100,4,"poisson",3,"abund_trunc",297,2,0.450980392156863,0.595744680851064,0.217391304347826,0.15,0.655172413793103,0.722222222222222
100,4,"poisson",3,"occ_trunc",299,0,0.416666666666667,0.368421052631579,0.125,0.8,0.103448275862069,0.777777777777778
100,4,"poisson",3,"abund_ztnb",297,2,0.285714285714286,0.319148936170213,0.104347826086957,0.1,0.551724137931034,0.555555555555556
100,4,"poisson",3,"occ_ztnb",297,2,0.307692307692308,0.236842105263158,0.108695652173913,0.65,0.0344827586206897,0.388888888888889
100,4,"poisson",3,"lm_pseudo",299,0,0.804347826086957,0.765957446808511,0.616379310344828,0.7,0.793103448275862,0.888888888888889
100,4,"poisson",3,"lm_pseudo_depth",299,0,0.111111111111111,0.170212765957447,0.0689655172413793,0.2,0.241379310344828,0.555555555555556
100,4,"poisson",3,"abund_lm_depth",296,3,0.3,0.148936170212766,0.100436681222707,0.05,0.413793103448276,0.277777777777778
100,4,"poisson",3,"zip",297,2,0.25,0.315789473684211,0.1,0.7,0.0689655172413793,0.611111111111111
100,4,"poisson",3,"lm_pseudo_mc",299,0,0.666666666666667,0.446808510638298,0.232758620689655,0.75,0.379310344827586,0.666666666666667
20,1,"nb",3,"naive",259,0,0,0,0.0144230769230769,0.05,0.0526315789473684,0.166666666666667
20,1,"nb",3,"depthcov",259,0,0,0,0.0144230769230769,0,0.0526315789473684,0.166666666666667
20,1,"nb",3,"er_lm",259,0,0,0,0.0576923076923077,0.1,0.0526315789473684,0.333333333333333
20,1,"nb",3,"abund_lm",200,59,0,0,0.0481927710843374,0,0.0714285714285714,0.142857142857143
20,1,"nb",3,"occ_depth",259,0,0,0,0.0865384615384615,0.1,0.0526315789473684,0.416666666666667
20,1,"nb",3,"occ_full",259,0,0,0,0.0817307692307692,0.1,0.0526315789473684,0.333333333333333
20,1,"nb",3,"occ_cal",259,0,0,0,0.0673076923076923,0.1,0,0.333333333333333
20,1,"nb",3,"abund_trunc",200,59,0,0,0.0903614457831325,0,0.142857142857143,0.285714285714286
20,1,"nb",3,"occ_trunc",259,0,0,0,0.0817307692307692,0.1,0,0.333333333333333
20,1,"nb",3,"abund_ztnb",199,60,1,0,0.103030303030303,0,0.214285714285714,0.142857142857143
20,1,"nb",3,"occ_ztnb",200,59,0,0,0.0602409638554217,0.0769230769230769,0,0.142857142857143
20,1,"nb",3,"lm_pseudo",259,0,0,0,0.0240384615384615,0.05,0.0526315789473684,0.25
20,1,"nb",3,"lm_pseudo_depth",259,0,0,0,0.0480769230769231,0.1,0.0526315789473684,0.416666666666667
20,1,"nb",3,"abund_lm_depth",200,59,0,0,0.0301204819277108,0.0769230769230769,0.0714285714285714,0.142857142857143
20,1,"nb",3,"zip",248,11,0,0,0.015,0,0,0.1
20,1,"nb",3,"lm_pseudo_mc",259,0,0,0,0.0288461538461538,0.05,0.0526315789473684,0.25
50,1,"nb",3,"naive",293,0,0,0.0769230769230769,0.0418410041841004,0.25,0,0.4
50,1,"nb",3,"depthcov",293,0,0,0.0769230769230769,0.0418410041841004,0.291666666666667,0,0.466666666666667
50,1,"nb",3,"er_lm",293,0,0.25,0.0769230769230769,0.0418410041841004,0.25,0.0666666666666667,0.6
50,1,"nb",3,"abund_lm",276,17,0,0,0.0486725663716814,0.0952380952380952,0.2,0.428571428571429
50,1,"nb",3,"occ_depth",293,0,0,0.0769230769230769,0.0418410041841004,0.291666666666667,0,0.466666666666667
50,1,"nb",3,"occ_full",293,0,0,0.0769230769230769,0.0502092050209205,0.25,0.0666666666666667,0.4
50,1,"nb",3,"occ_cal",293,0,0,0.0512820512820513,0.0460251046025105,0.291666666666667,0.0666666666666667,0.333333333333333
50,1,"nb",3,"abund_trunc",276,17,0,0.0689655172413793,0.0707964601769911,0.0952380952380952,0.4,0.428571428571429
50,1,"nb",3,"occ_trunc",293,0,0,0.102564102564103,0.0543933054393305,0.25,0.0666666666666667,0.466666666666667
50,1,"nb",3,"abund_ztnb",275,18,0.428571428571429,0.137931034482759,0.119469026548673,0.15,0.6,0.428571428571429
50,1,"nb",3,"occ_ztnb",276,17,0.666666666666667,0.0285714285714286,0.084070796460177,0.142857142857143,0.133333333333333,0.285714285714286
50,1,"nb",3,"lm_pseudo",293,0,0,0.0666666666666667,0.0460251046025105,0.25,0.133333333333333,0.533333333333333
50,1,"nb",3,"lm_pseudo_depth",293,0,0,0.0666666666666667,0.0543933054393305,0.25,0.133333333333333,0.6
50,1,"nb",3,"abund_lm_depth",276,17,0.5,0.0344827586206897,0.0530973451327434,0.0952380952380952,0.266666666666667,0.357142857142857
50,1,"nb",3,"zip",293,0,0,0.0256410256410256,0.0292887029288703,0.208333333333333,0,0.333333333333333
50,1,"nb",3,"lm_pseudo_mc",293,0,0,0.0666666666666667,0.0376569037656904,0.25,0.133333333333333,0.533333333333333
100,1,"nb",3,"naive",297,0,0,0.13953488372093,0.0432900432900433,0.478260869565217,0.304347826086957,0.7
100,1,"nb",3,"depthcov",297,0,0,0.162790697674419,0.0476190476190476,0.521739130434783,0.304347826086957,0.7
100,1,"nb",3,"er_lm",297,0,0,0.27906976744186,0.0346320346320346,0.478260869565217,0.391304347826087,0.75
100,1,"nb",3,"abund_lm",285,12,0.166666666666667,0.125,0.062780269058296,0.181818181818182,0.545454545454545,0.388888888888889
100,1,"nb",3,"occ_depth",297,0,0,0.27906976744186,0.0562770562770563,0.521739130434783,0.304347826086957,0.75
100,1,"nb",3,"occ_full",297,0,0,0.186046511627907,0.0735930735930736,0.565217391304348,0.130434782608696,0.65
100,1,"nb",3,"occ_cal",297,0,0,0.116279069767442,0.0649350649350649,0.521739130434783,0.0869565217391304,0.65
100,1,"nb",3,"abund_trunc",285,12,0.166666666666667,0.125,0.0896860986547085,0.181818181818182,0.545454545454545,0.388888888888889
100,1,"nb",3,"occ_trunc",297,0,0,0.162790697674419,0.0692640692640693,0.565217391304348,0.0869565217391304,0.65
100,1,"nb",3,"abund_ztnb",284,13,0.111111111111111,0.2,0.144144144144144,0.181818181818182,0.681818181818182,0.333333333333333
100,1,"nb",3,"occ_ztnb",285,12,0.5,0.1,0.062780269058296,0.227272727272727,0.181818181818182,0.555555555555556
100,1,"nb",3,"lm_pseudo",297,0,0.285714285714286,0.232558139534884,0.038961038961039,0.521739130434783,0.391304347826087,0.75
100,1,"nb",3,"lm_pseudo_depth",297,0,0.375,0.232558139534884,0.051948051948052,0.565217391304348,0.521739130434783,0.7
100,1,"nb",3,"abund_lm_depth",285,12,0,0.1,0.062780269058296,0.0909090909090909,0.545454545454545,0.333333333333333
100,1,"nb",3,"zip",293,4,0,0.142857142857143,0.0263157894736842,0.521739130434783,0.217391304347826,0.526315789473684
100,1,"nb",3,"lm_pseudo_mc",297,0,0.363636363636364,0.162790697674419,0.0346320346320346,0.391304347826087,0.434782608695652,0.65
20,2,"nb",3,"naive",258,0,0,0,0.0275229357798165,0.1875,0.0909090909090909,0
20,2,"nb",3,"depthcov",258,0,0,0,0.0275229357798165,0.0625,0,0
20,2,"nb",3,"er_lm",258,0,0,0,0.0504587155963303,0.1875,0.181818181818182,0.0769230769230769
20,2,"nb",3,"abund_lm",188,70,0,0,0.0566037735849057,0.0833333333333333,0.285714285714286,0.1
20,2,"nb",3,"occ_depth",258,0,0,0,0.0688073394495413,0.3125,0.0909090909090909,0.230769230769231
20,2,"nb",3,"occ_full",258,0,0,0,0.0642201834862385,0.25,0.0909090909090909,0.230769230769231
20,2,"nb",3,"occ_cal",258,0,0,0,0.0642201834862385,0.25,0,0.153846153846154
20,2,"nb",3,"abund_trunc",188,70,0.75,0.0588235294117647,0.10062893081761,0.0833333333333333,0.571428571428571,0.1
20,2,"nb",3,"occ_trunc",258,0,0,0,0.0596330275229358,0.25,0.0909090909090909,0.153846153846154
20,2,"nb",3,"abund_ztnb",188,70,0,0,0.132075471698113,0,0.428571428571429,0.2
20,2,"nb",3,"occ_ztnb",188,70,0,0,0.0440251572327044,0.25,0,0.1
20,2,"nb",3,"lm_pseudo",258,0,1,0,0.13302752293578,0.375,0.0909090909090909,0.461538461538462
20,2,"nb",3,"lm_pseudo_depth",258,0,0,0,0.036697247706422,0.1875,0,0.153846153846154
20,2,"nb",3,"abund_lm_depth",188,70,0,0,0.0566037735849057,0,0.285714285714286,0
20,2,"nb",3,"zip",247,11,0,0,0.0192307692307692,0.125,0.0909090909090909,0
20,2,"nb",3,"lm_pseudo_mc",258,0,0,0,0.0504587155963303,0.25,0.181818181818182,0.230769230769231
50,2,"nb",3,"naive",297,0,0,0,0.0769230769230769,0.5,0.222222222222222,0.363636363636364
50,2,"nb",3,"depthcov",297,0,0,0,0.048582995951417,0.2,0.0555555555555556,0.363636363636364
50,2,"nb",3,"er_lm",297,0,0.2,0.125,0.0688259109311741,0.3,0.111111111111111,0.272727272727273
50,2,"nb",3,"abund_lm",285,12,0,0.027027027027027,0.1125,0,0.222222222222222,0.421052631578947
50,2,"nb",3,"occ_depth",297,0,0,0.09375,0.0769230769230769,0.4,0.111111111111111,0.454545454545455
50,2,"nb",3,"occ_full",297,0,0,0.09375,0.0890688259109312,0.4,0.166666666666667,0.5
50,2,"nb",3,"occ_cal",297,0,0,0,0.0728744939271255,0.4,0.166666666666667,0.363636363636364
50,2,"nb",3,"abund_trunc",285,12,0,0.0540540540540541,0.108333333333333,0,0.388888888888889,0.526315789473684
50,2,"nb",3,"occ_trunc",297,0,0,0.09375,0.101214574898785,0.4,0.166666666666667,0.545454545454545
50,2,"nb",3,"abund_ztnb",285,12,0,0.027027027027027,0.129166666666667,0.125,0.5,0.631578947368421
50,2,"nb",3,"occ_ztnb",285,12,0.4,0.111111111111111,0.075,0.125,0.166666666666667,0.526315789473684
50,2,"nb",3,"lm_pseudo",297,0,0.782608695652174,0.375,0.307692307692308,0.5,0.388888888888889,0.590909090909091
50,2,"nb",3,"lm_pseudo_depth",297,0,0.2,0.1,0.0404858299595142,0.2,0.166666666666667,0.227272727272727
50,2,"nb",3,"abund_lm_depth",285,12,0,0,0.05,0.125,0.222222222222222,0.421052631578947
50,2,"nb",3,"zip",295,2,0,0,0.0528455284552846,0.4,0.0555555555555556,0.380952380952381
50,2,"nb",3,"lm_pseudo_mc",297,0,0.25,0.15,0.0890688259109312,0.5,0.111111111111111,0.409090909090909
100,2,"nb",3,"naive",299,0,0.5,0.214285714285714,0.150406504065041,0.75,0.4,0.25
100,2,"nb",3,"depthcov",299,0,0,0,0.0650406504065041,0.5625,0.2,0.25
100,2,"nb",3,"er_lm",299,0,0.555555555555556,0.142857142857143,0.0609756097560976,0.6875,0.56,0.666666666666667
100,2,"nb",3,"abund_lm",294,5,0.5,0.486486486486487,0.199170124481328,0.3125,0.6,0.5
100,2,"nb",3,"occ_depth",299,0,0.4,0.214285714285714,0.0691056910569106,0.6875,0.24,0.416666666666667
100,2,"nb",3,"occ_full",299,0,0.4,0.107142857142857,0.134146341463415,0.75,0.32,0.25
100,2,"nb",3,"occ_cal",299,0,0.333333333333333,0.0714285714285714,0.105691056910569,0.625,0.12,0.25
100,2,"nb",3,"abund_trunc",294,5,0.444444444444444,0.405405405405405,0.132780082987552,0.25,0.6,0.5
100,2,"nb",3,"occ_trunc",299,0,0.333333333333333,0.0714285714285714,0.109756097560976,0.75,0.24,0.25
100,2,"nb",3,"abund_ztnb",294,5,0.3125,0.297297297297297,0.116182572614108,0.0625,0.52,0.416666666666667
100,2,"nb",3,"occ_ztnb",294,5,0.333333333333333,0.0714285714285714,0.0912863070539419,0.4375,0.12,0.25
100,2,"nb",3,"lm_pseudo",299,0,0.833333333333333,0.621621621621622,0.504065040650406,0.625,0.72,0.666666666666667
100,2,"nb",3,"lm_pseudo_depth",299,0,0.333333333333333,0.0540540540540541,0.0447154471544715,0.4375,0.44,0.416666666666667
100,2,"nb",3,"abund_lm_depth",294,5,0,0,0.0663900414937759,0.125,0.32,0.333333333333333
100,2,"nb",3,"zip",296,3,0.333333333333333,0.142857142857143,0.0946502057613169,0.6875,0.2,0.166666666666667
100,2,"nb",3,"lm_pseudo_mc",299,0,0.580645161290323,0.351351351351351,0.126016260162602,0.75,0.56,0.583333333333333
20,4,"nb",3,"naive",269,0,0,0,0.0533333333333333,0.307692307692308,0.153846153846154,0.222222222222222
20,4,"nb",3,"depthcov",269,0,0,0,0.00888888888888889,0,0,0
20,4,"nb",3,"er_lm",269,0,0,0,0.0622222222222222,0.153846153846154,0.153846153846154,0.166666666666667
20,4,"nb",3,"abund_lm",212,57,1,0,0.0965909090909091,0.1,0.3,0.125
20,4,"nb",3,"occ_depth",269,0,0,0,0.08,0.307692307692308,0,0.111111111111111
20,4,"nb",3,"occ_full",269,0,0,0,0.0977777777777778,0.538461538461538,0.0769230769230769,0.222222222222222
20,4,"nb",3,"occ_cal",269,0,0,0,0.0577777777777778,0.384615384615385,0.0769230769230769,0.0555555555555556
20,4,"nb",3,"abund_trunc",212,57,0.75,0.0384615384615385,0.107954545454545,0.1,0.3,0.3125
20,4,"nb",3,"occ_trunc",269,0,0,0,0.0977777777777778,0.538461538461538,0.0769230769230769,0.222222222222222
20,4,"nb",3,"abund_ztnb",212,57,0.833333333333333,0.0384615384615385,0.170454545454545,0.2,0.4,0.3125
20,4,"nb",3,"occ_ztnb",212,57,0,0,0.0681818181818182,0.2,0,0.1875
20,4,"nb",3,"lm_pseudo",269,0,0.882352941176471,0.129032258064516,0.24,0.538461538461538,0.307692307692308,0.388888888888889
20,4,"nb",3,"lm_pseudo_depth",269,0,0,0,0.0533333333333333,0,0,0.222222222222222
20,4,"nb",3,"abund_lm_depth",212,57,0,0,0.0340909090909091,0.1,0.2,0.1875
20,4,"nb",3,"zip",259,10,0,0,0.0231481481481481,0.166666666666667,0,0.166666666666667
20,4,"nb",3,"lm_pseudo_mc",269,0,0.571428571428571,0.0967741935483871,0.12,0.153846153846154,0.0769230769230769,0.222222222222222
50,4,"nb",3,"naive",296,0,0.5,0.0434782608695652,0.13135593220339,0.555555555555556,0.142857142857143,0.578947368421053
50,4,"nb",3,"depthcov",296,0,0,0,0.0338983050847458,0.111111111111111,0,0.105263157894737
50,4,"nb",3,"er_lm",296,0,0.2,0.0869565217391304,0.0550847457627119,0.37037037037037,0.142857142857143,0.578947368421053
50,4,"nb",3,"abund_lm",280,16,0.5,0.0967741935483871,0.141592920353982,0.130434782608696,0.384615384615385,0.333333333333333
50,4,"nb",3,"occ_depth",296,0,0.3,0.152173913043478,0.0805084745762712,0.555555555555556,0.214285714285714,0.473684210526316
50,4,"nb",3,"occ_full",296,0,0.444444444444444,0.108695652173913,0.105932203389831,0.62962962962963,0.142857142857143,0.578947368421053
50,4,"nb",3,"occ_cal",296,0,0,0,0.0635593220338983,0.518518518518518,0.0714285714285714,0.315789473684211
50,4,"nb",3,"abund_trunc",280,16,0.666666666666667,0.032258064516129,0.110619469026549,0.130434782608696,0.538461538461538,0.5
50,4,"nb",3,"occ_trunc",296,0,0.333333333333333,0.0869565217391304,0.105932203389831,0.555555555555556,0.142857142857143,0.473684210526316
50,4,"nb",3,"abund_ztnb",279,17,0,0.0333333333333333,0.0663716814159292,0.217391304347826,0.416666666666667,0.555555555555556
50,4,"nb",3,"occ_ztnb",280,16,0.285714285714286,0.121951219512195,0.0663716814159292,0.391304347826087,0.153846153846154,0.277777777777778
50,4,"nb",3,"lm_pseudo",296,0,0.860869565217391,0.484848484848485,0.427966101694915,0.555555555555556,0.5,0.526315789473684
50,4,"nb",3,"lm_pseudo_depth",296,0,1,0,0.0296610169491525,0.148148148148148,0,0.157894736842105
50,4,"nb",3,"abund_lm_depth",280,16,0,0,0.0663716814159292,0.0869565217391304,0.153846153846154,0.111111111111111
50,4,"nb",3,"zip",288,8,0,0.0238095238095238,0.0818965517241379,0.458333333333333,0.0714285714285714,0.5
50,4,"nb",3,"lm_pseudo_mc",296,0,0.636363636363636,0.363636363636364,0.148305084745763,0.592592592592593,0.357142857142857,0.789473684210526
100,4,"nb",3,"naive",300,0,0.552631578947368,0.414634146341463,0.226890756302521,0.666666666666667,0.285714285714286,0.565217391304348
100,4,"nb",3,"depthcov",300,0,0,0,0.0336134453781513,0.111111111111111,0,0.347826086956522
100,4,"nb",3,"er_lm",300,0,0.2,0.195121951219512,0.046218487394958,0.444444444444444,0.571428571428571,0.521739130434783
100,4,"nb",3,"abund_lm",299,1,0.5,0.590909090909091,0.260504201680672,0.294117647058824,0.761904761904762,0.652173913043478
100,4,"nb",3,"occ_depth",300,0,0,0.24390243902439,0.0504201680672269,0.444444444444444,0.238095238095238,0.521739130434783
100,4,"nb",3,"occ_full",300,0,0.375,0.24390243902439,0.126050420168067,0.555555555555556,0.238095238095238,0.521739130434783
100,4,"nb",3,"occ_cal",300,0,0.5,0.0975609756097561,0.092436974789916,0.444444444444444,0.0952380952380952,0.478260869565217
100,4,"nb",3,"abund_trunc",299,1,0.366666666666667,0.431818181818182,0.134453781512605,0.235294117647059,0.714285714285714,0.521739130434783
100,4,"nb",3,"occ_trunc",300,0,0.294117647058824,0.292682926829268,0.121848739495798,0.555555555555556,0.19047619047619,0.521739130434783
100,4,"nb",3,"abund_ztnb",299,1,0.214285714285714,0.25,0.113445378151261,0.176470588235294,0.80952380952381,0.478260869565217
100,4,"nb",3,"occ_ztnb",299,1,0.166666666666667,0.125,0.0882352941176471,0.294117647058824,0.0952380952380952,0.391304347826087
100,4,"nb",3,"lm_pseudo",300,0,0.826530612244898,0.772727272727273,0.672268907563025,0.611111111111111,0.761904761904762,0.782608695652174
100,4,"nb",3,"lm_pseudo_depth",300,0,0,0,0.0420168067226891,0.166666666666667,0.238095238095238,0.217391304347826
100,4,"nb",3,"abund_lm_depth",299,1,0,0,0.0672268907563025,0.0588235294117647,0.333333333333333,0.173913043478261
100,4,"nb",3,"zip",300,0,0.142857142857143,0.146341463414634,0.109243697478992,0.444444444444444,0.142857142857143,0.521739130434783
100,4,"nb",3,"lm_pseudo_mc",300,0,0.647058823529412,0.409090909090909,0.189075630252101,0.611111111111111,0.523809523809524,0.608695652173913
20,1,"poisson",4,"naive",263,0,0,0,0.0324074074074074,0.125,0,0.0666666666666667
20,1,"poisson",4,"depthcov",263,0,0,0,0.0324074074074074,0.125,0,0.0666666666666667
20,1,"poisson",4,"er_lm",263,0,0,0,0.0740740740740741,0.25,0.125,0.2
20,1,"poisson",4,"abund_lm",198,65,0,0,0.0484848484848485,0,0.363636363636364,0
20,1,"poisson",4,"occ_depth",263,0,0,0,0.0833333333333333,0.4375,0.0625,0.2
20,1,"poisson",4,"occ_full",263,0,0,0,0.0925925925925926,0.3125,0.0625,0.2
20,1,"poisson",4,"occ_cal",263,0,0,0,0.0740740740740741,0.375,0.0625,0.2
20,1,"poisson",4,"abund_trunc",198,65,0,0,0.0787878787878788,0.0769230769230769,0.454545454545455,0
20,1,"poisson",4,"occ_trunc",263,0,0,0,0.087962962962963,0.3125,0.0625,0.2
20,1,"poisson",4,"abund_ztnb",197,66,0,0,0.0914634146341463,0.153846153846154,0.545454545454545,0
20,1,"poisson",4,"occ_ztnb",198,65,0,0,0.0666666666666667,0.384615384615385,0,0.222222222222222
20,1,"poisson",4,"lm_pseudo",263,0,0,0,0.0694444444444444,0.3125,0.0625,0.2
20,1,"poisson",4,"lm_pseudo_depth",263,0,0,0,0.087962962962963,0.3125,0.0625,0.2
20,1,"poisson",4,"abund_lm_depth",198,65,0,0,0.0424242424242424,0,0.272727272727273,0.222222222222222
20,1,"poisson",4,"zip",254,9,0,0,0.018957345971564,0.0666666666666667,0,0.0769230769230769
20,1,"poisson",4,"lm_pseudo_mc",263,0,0,0,0.0694444444444444,0.3125,0.0625,0.2
50,1,"poisson",4,"naive",293,0,0,0,0.0436681222707424,0.3,0.0476190476190476,0.434782608695652
50,1,"poisson",4,"depthcov",293,0,0,0,0.0524017467248908,0.3,0.0476190476190476,0.434782608695652
50,1,"poisson",4,"er_lm",293,0,0.111111111111111,0.186046511627907,0.0698689956331878,0.4,0.19047619047619,0.521739130434783
50,1,"poisson",4,"abund_lm",276,17,0,0.0238095238095238,0.0465116279069767,0,0.315789473684211,0.347826086956522
50,1,"poisson",4,"occ_depth",293,0,0,0.0697674418604651,0.0655021834061135,0.4,0,0.434782608695652
50,1,"poisson",4,"occ_full",293,0,0,0.0930232558139535,0.074235807860262,0.35,0,0.391304347826087
50,1,"poisson",4,"occ_cal",293,0,0,0.0465116279069767,0.0567685589519651,0.4,0,0.260869565217391
50,1,"poisson",4,"abund_trunc",276,17,0,0.0238095238095238,0.0558139534883721,0.0526315789473684,0.315789473684211,0.347826086956522
50,1,"poisson",4,"occ_trunc",293,0,0,0.0697674418604651,0.074235807860262,0.35,0.0476190476190476,0.347826086956522
50,1,"poisson",4,"abund_ztnb",276,17,0,0.0476190476190476,0.0883720930232558,0.105263157894737,0.368421052631579,0.260869565217391
50,1,"poisson",4,"occ_ztnb",276,17,0.25,0.0714285714285714,0.0558139534883721,0.315789473684211,0.105263157894737,0.347826086956522
50,1,"poisson",4,"lm_pseudo",293,0,0.166666666666667,0.113636363636364,0.0305676855895196,0.15,0.19047619047619,0.521739130434783
50,1,"poisson",4,"lm_pseudo_depth",293,0,0.142857142857143,0.136363636363636,0.0524017467248908,0.25,0.285714285714286,0.565217391304348
50,1,"poisson",4,"abund_lm_depth",276,17,0.5,0.0476190476190476,0.0511627906976744,0,0.315789473684211,0.304347826086957
50,1,"poisson",4,"zip",289,4,0,0,0.0442477876106195,0.210526315789474,0,0.391304347826087
50,1,"poisson",4,"lm_pseudo_mc",293,0,0.142857142857143,0.136363636363636,0.0262008733624454,0.2,0.142857142857143,0.521739130434783
100,1,"poisson",4,"naive",300,0,0,0.214285714285714,0.0468085106382979,0.571428571428571,0.173913043478261,0.642857142857143
100,1,"poisson",4,"depthcov",300,0,0,0.19047619047619,0.0468085106382979,0.642857142857143,0.173913043478261,0.571428571428571
100,1,"poisson",4,"er_lm",300,0,0.153846153846154,0.261904761904762,0.0425531914893617,0.535714285714286,0.391304347826087,0.642857142857143
100,1,"poisson",4,"abund_lm",296,4,0,0.305555555555556,0.0600858369098712,0.037037037037037,0.545454545454545,0.642857142857143
100,1,"poisson",4,"occ_depth",300,0,0.0769230769230769,0.285714285714286,0.0468085106382979,0.714285714285714,0.217391304347826,0.714285714285714
100,1,"poisson",4,"occ_full",300,0,0.0714285714285714,0.30952380952381,0.0638297872340425,0.642857142857143,0.173913043478261,0.642857142857143
100,1,"poisson",4,"occ_cal",300,0,0.111111111111111,0.19047619047619,0.0553191489361702,0.678571428571429,0.130434782608696,0.5
100,1,"poisson",4,"abund_trunc",296,4,0,0.333333333333333,0.055793991416309,0.037037037037037,0.681818181818182,0.642857142857143
100,1,"poisson",4,"occ_trunc",300,0,0.0666666666666667,0.333333333333333,0.0638297872340425,0.642857142857143,0.130434782608696,0.571428571428571
100,1,"poisson",4,"abund_ztnb",296,4,0.117647058823529,0.416666666666667,0.107296137339056,0.148148148148148,0.545454545454545,0.5
100,1,"poisson",4,"occ_ztnb",296,4,0.434782608695652,0.317073170731707,0.0987124463519313,0.555555555555556,0.318181818181818,0.5
100,1,"poisson",4,"lm_pseudo",300,0,0.333333333333333,0.216216216216216,0.051063829787234,0.607142857142857,0.304347826086957,0.428571428571429
100,1,"poisson",4,"lm_pseudo_depth",300,0,0.444444444444444,0.27027027027027,0.0425531914893617,0.607142857142857,0.434782608695652,0.642857142857143
100,1,"poisson",4,"abund_lm_depth",296,4,0.0833333333333333,0.305555555555556,0.0515021459227468,0.037037037037037,0.5,0.642857142857143
100,1,"poisson",4,"zip",299,1,0,0.170731707317073,0.0468085106382979,0.62962962962963,0.130434782608696,0.5
100,1,"poisson",4,"lm_pseudo_mc",300,0,0.470588235294118,0.243243243243243,0.0297872340425532,0.571428571428571,0.347826086956522,0.571428571428571
20,2,"poisson",4,"naive",259,0,0,0,0.0138248847926267,0.142857142857143,0,0.166666666666667
20,2,"poisson",4,"depthcov",259,0,0,0,0.00921658986175115,0,0.0625,0.166666666666667
20,2,"poisson",4,"er_lm",259,0,0,0.0769230769230769,0.0276497695852535,0.142857142857143,0.0625,0.25
20,2,"poisson",4,"abund_lm",200,59,0,0,0.0473372781065089,0,0.0833333333333333,0
20,2,"poisson",4,"occ_depth",259,0,0,0.0769230769230769,0.0506912442396313,0.285714285714286,0.0625,0.25
20,2,"poisson",4,"occ_full",259,0,0,0.0769230769230769,0.0691244239631336,0.214285714285714,0.0625,0.25
20,2,"poisson",4,"occ_cal",259,0,0,0.0769230769230769,0.0645161290322581,0.214285714285714,0.0625,0.25
20,2,"poisson",4,"abund_trunc",200,59,1,0,0.100591715976331,0.153846153846154,0.0833333333333333,0
20,2,"poisson",4,"occ_trunc",259,0,0,0.0769230769230769,0.0691244239631336,0.214285714285714,0.0625,0.25
20,2,"poisson",4,"abund_ztnb",199,60,0,0,0.136904761904762,0,0.25,0
20,2,"poisson",4,"occ_ztnb",200,59,0,0,0.0650887573964497,0.153846153846154,0,0
20,2,"poisson",4,"lm_pseudo",259,0,0.5,0.0357142857142857,0.0460829493087558,0.214285714285714,0.1875,0.416666666666667
20,2,"poisson",4,"lm_pseudo_depth",259,0,0.5,0.0357142857142857,0.0276497695852535,0.0714285714285714,0.0625,0.25
20,2,"poisson",4,"abund_lm_depth",200,59,0,0,0.0591715976331361,0,0.0833333333333333,0
20,2,"poisson",4,"zip",251,8,0,0,0.00943396226415094,0.0769230769230769,0,0
20,2,"poisson",4,"lm_pseudo_mc",259,0,0.333333333333333,0.0714285714285714,0.032258064516129,0.142857142857143,0.1875,0.333333333333333
50,2,"poisson",4,"naive",296,0,0,0.0227272727272727,0.0803571428571429,0.476190476190476,0.0714285714285714,0.478260869565217
50,2,"poisson",4,"depthcov",296,0,0,0,0.0580357142857143,0.333333333333333,0.142857142857143,0.304347826086957
50,2,"poisson",4,"er_lm",296,0,0.333333333333333,0.0909090909090909,0.0758928571428571,0.333333333333333,0.178571428571429,0.565217391304348
50,2,"poisson",4,"abund_lm",286,10,0.388888888888889,0.234042553191489,0.100456621004566,0.2,0.407407407407407,0.5
50,2,"poisson",4,"occ_depth",296,0,0,0.227272727272727,0.0669642857142857,0.523809523809524,0.107142857142857,0.565217391304348
50,2,"poisson",4,"occ_full",296,0,0,0.204545454545455,0.0848214285714286,0.571428571428571,0.0357142857142857,0.565217391304348
50,2,"poisson",4,"occ_cal",296,0,0,0.136363636363636,0.09375,0.428571428571429,0.0357142857142857,0.347826086956522
50,2,"poisson",4,"abund_trunc",286,10,0.421052631578947,0.234042553191489,0.123287671232877,0.3,0.444444444444444,0.45
50,2,"poisson",4,"occ_trunc",296,0,0,0.204545454545455,0.0892857142857143,0.571428571428571,0.0357142857142857,0.478260869565217
50,2,"poisson",4,"abund_ztnb",286,10,0.153846153846154,0.234042553191489,0.114155251141553,0.25,0.407407407407407,0.55
50,2,"poisson",4,"occ_ztnb",286,10,0,0.175,0.0958904109589041,0.4,0.037037037037037,0.45
50,2,"poisson",4,"lm_pseudo",296,0,0.702702702702703,0.431372549019608,0.316964285714286,0.380952380952381,0.428571428571429,0.608695652173913
50,2,"poisson",4,"lm_pseudo_depth",296,0,0.285714285714286,0.0980392156862745,0.0803571428571429,0.285714285714286,0.285714285714286,0.565217391304348
50,2,"poisson",4,"abund_lm_depth",286,10,0.285714285714286,0.106382978723404,0.0502283105022831,0.2,0.333333333333333,0.6
50,2,"poisson",4,"zip",291,5,0,0,0.0405405405405405,0.4,0,0.409090909090909
50,2,"poisson",4,"lm_pseudo_mc",296,0,0.375,0.0980392156862745,0.0669642857142857,0.428571428571429,0.321428571428571,0.695652173913043
100,2,"poisson",4,"naive",296,0,0.384615384615385,0.216216216216216,0.120689655172414,0.6,0.37037037037037,0.705882352941177
100,2,"poisson",4,"depthcov",296,0,0,0.0540540540540541,0.0603448275862069,0.4,0.222222222222222,0.529411764705882
100,2,"poisson",4,"er_lm",296,0,0.357142857142857,0.243243243243243,0.0344827586206897,0.5,0.555555555555556,0.823529411764706
100,2,"poisson",4,"abund_lm",293,3,0.260869565217391,0.386363636363636,0.126637554585153,0.05,0.666666666666667,0.529411764705882
100,2,"poisson",4,"occ_depth",296,0,0.307692307692308,0.243243243243243,0.0474137931034483,0.6,0.37037037037037,0.764705882352941
100,2,"poisson",4,"occ_full",296,0,0.142857142857143,0.162162162162162,0.0646551724137931,0.6,0.185185185185185,0.647058823529412
100,2,"poisson",4,"occ_cal",296,0,0,0,0.0775862068965517,0.5,0.222222222222222,0.411764705882353
100,2,"poisson",4,"abund_trunc",293,3,0.15,0.386363636363636,0.117903930131004,0.1,0.62962962962963,0.647058823529412
100,2,"poisson",4,"occ_trunc",296,0,0.166666666666667,0.135135135135135,0.0689655172413793,0.6,0.185185185185185,0.588235294117647
100,2,"poisson",4,"abund_ztnb",292,4,0.0952380952380952,0.431818181818182,0.12280701754386,0.1,0.666666666666667,0.529411764705882
100,2,"poisson",4,"occ_ztnb",293,3,0.428571428571429,0.108108108108108,0.091703056768559,0.35,0.037037037037037,0.411764705882353
100,2,"poisson",4,"lm_pseudo",296,0,0.754237288135593,0.659090909090909,0.439655172413793,0.7,0.518518518518518,0.882352941176471
100,2,"poisson",4,"lm_pseudo_depth",296,0,0.142857142857143,0.272727272727273,0.0301724137931034,0.25,0.444444444444444,0.764705882352941
100,2,"poisson",4,"abund_lm_depth",293,3,0,0.136363636363636,0.0567685589519651,0.1,0.407407407407407,0.588235294117647
100,2,"poisson",4,"zip",296,0,0.25,0.162162162162162,0.0689655172413793,0.55,0.296296296296296,0.647058823529412
100,2,"poisson",4,"lm_pseudo_mc",296,0,0.333333333333333,0.545454545454545,0.125,0.55,0.62962962962963,0.823529411764706
20,4,"poisson",4,"naive",271,0,0,0,0.0509259259259259,0.277777777777778,0,0.15
20,4,"poisson",4,"depthcov",271,0,0,0,0.00925925925925926,0,0,0.05
20,4,"poisson",4,"er_lm",271,0,0.5,0.0263157894736842,0.0694444444444444,0.333333333333333,0,0.3
20,4,"poisson",4,"abund_lm",223,48,0,0,0.0795454545454545,0.0555555555555556,0.357142857142857,0.466666666666667
20,4,"poisson",4,"occ_depth",271,0,1,0,0.0787037037037037,0.388888888888889,0,0.3
20,4,"poisson",4,"occ_full",271,0,1,0,0.0833333333333333,0.388888888888889,0,0.3
20,4,"poisson",4,"occ_cal",271,0,1,0,0.0694444444444444,0.388888888888889,0,0.25
20,4,"poisson",4,"abund_trunc",223,48,0.666666666666667,0.0689655172413793,0.0965909090909091,0.0555555555555556,0.428571428571429,0.466666666666667
20,4,"poisson",4,"occ_trunc",271,0,1,0,0.0833333333333333,0.388888888888889,0,0.3
20,4,"poisson",4,"abund_ztnb",223,48,0,0,0.125,0.111111111111111,0.428571428571429,0.4
20,4,"poisson",4,"occ_ztnb",223,48,1,0,0.0681818181818182,0.333333333333333,0,0.333333333333333
20,4,"poisson",4,"lm_pseudo",271,0,0.866666666666667,0.108108108108108,0.240740740740741,0.5,0.176470588235294,0.45
20,4,"poisson",4,"lm_pseudo_depth",271,0,0,0,0.0324074074074074,0.0555555555555556,0.235294117647059,0.05
20,4,"poisson",4,"abund_lm_depth",223,48,0,0,0.0340909090909091,0,0.142857142857143,0.133333333333333
20,4,"poisson",4,"zip",261,10,0,0,0.0241545893719807,0.277777777777778,0,0.105263157894737
20,4,"poisson",4,"lm_pseudo_mc",271,0,0,0,0.0694444444444444,0.388888888888889,0,0.35
50,4,"poisson",4,"naive",295,0,0,0.03125,0.132478632478632,0.473684210526316,0.137931034482759,0.230769230769231
50,4,"poisson",4,"depthcov",295,0,0,0,0.0427350427350427,0.157894736842105,0,0.0769230769230769
50,4,"poisson",4,"er_lm",295,0,0.2,0.125,0.0555555555555556,0.473684210526316,0.379310344827586,0.461538461538462
50,4,"poisson",4,"abund_lm",283,12,0.46875,0.414634146341463,0.197309417040359,0.157894736842105,0.607142857142857,0.538461538461538
50,4,"poisson",4,"occ_depth",295,0,0,0,0.0641025641025641,0.526315789473684,0.172413793103448,0.307692307692308
50,4,"poisson",4,"occ_full",295,0,0.2,0.125,0.132478632478632,0.473684210526316,0.103448275862069,0.384615384615385
50,4,"poisson",4,"occ_cal",295,0,0,0.0625,0.0854700854700855,0.368421052631579,0.0689655172413793,0.307692307692308
50,4,"poisson",4,"abund_trunc",283,12,0.304347826086957,0.390243902439024,0.152466367713004,0.105263157894737,0.642857142857143,0.615384615384615
50,4,"poisson",4,"occ_trunc",295,0,0.2,0.125,0.11965811965812,0.526315789473684,0.103448275862069,0.384615384615385
50,4,"poisson",4,"abund_ztnb",283,12,0.235294117647059,0.317073170731707,0.130044843049327,0,0.535714285714286,0.461538461538462
50,4,"poisson",4,"occ_ztnb",283,12,0.714285714285714,0.0625,0.103139013452915,0.421052631578947,0.0357142857142857,0.230769230769231
50,4,"poisson",4,"lm_pseudo",295,0,0.793388429752066,0.595238095238095,0.452991452991453,0.736842105263158,0.689655172413793,0.538461538461538
50,4,"poisson",4,"lm_pseudo_depth",295,0,0,0,0.0427350427350427,0.157894736842105,0.0344827586206897,0.153846153846154
50,4,"poisson",4,"abund_lm_depth",283,12,0,0.024390243902439,0.0493273542600897,0,0.285714285714286,0.384615384615385
50,4,"poisson",4,"zip",293,2,0,0,0.0643776824034335,0.315789473684211,0.0357142857142857,0.153846153846154
50,4,"poisson",4,"lm_pseudo_mc",295,0,0.583333333333333,0.238095238095238,0.158119658119658,0.526315789473684,0.310344827586207,0.538461538461538
100,4,"poisson",4,"naive",297,0,0.560975609756098,0.5,0.282051282051282,0.842105263157895,0.148148148148148,0.588235294117647
100,4,"poisson",4,"depthcov",297,0,0,0,0.0598290598290598,0.578947368421053,0.0740740740740741,0.411764705882353
100,4,"poisson",4,"er_lm",297,0,0.142857142857143,0.333333333333333,0.0683760683760684,0.736842105263158,0.37037037037037,0.470588235294118
100,4,"poisson",4,"abund_lm",295,2,0.611940298507463,0.604651162790698,0.330472103004292,0.105263157894737,0.703703703703704,0.8125
100,4,"poisson",4,"occ_depth",297,0,0,0.444444444444444,0.094017094017094,0.842105263157895,0.111111111111111,0.647058823529412
100,4,"poisson",4,"occ_full",297,0,0.333333333333333,0.666666666666667,0.158119658119658,0.842105263157895,0.111111111111111,0.647058823529412
100,4,"poisson",4,"occ_cal",297,0,0.315789473684211,0.361111111111111,0.111111111111111,0.736842105263158,0.111111111111111,0.647058823529412
100,4,"poisson",4,"abund_trunc",295,2,0.371428571428571,0.511627906976744,0.210300429184549,0.0526315789473684,0.666666666666667,0.8125
100,4,"poisson",4,"occ_trunc",297,0,0.34375,0.583333333333333,0.123931623931624,0.789473684210526,0.111111111111111,0.647058823529412
100,4,"poisson",4,"abund_ztnb",295,2,0.25,0.418604651162791,0.11587982832618,0.0526315789473684,0.481481481481481,0.875
100,4,"poisson",4,"occ_ztnb",295,2,0.217391304347826,0.514285714285714,0.0901287553648069,0.736842105263158,0.037037037037037,0.5625
100,4,"poisson",4,"lm_pseudo",297,0,0.845714285714286,0.613636363636364,0.598290598290598,0.684210526315789,0.518518518518518,0.823529411764706
100,4,"poisson",4,"lm_pseudo_depth",297,0,0,0,0.0512820512820513,0.421052631578947,0.111111111111111,0.470588235294118
100,4,"poisson",4,"abund_lm_depth",294,3,0,0.166666666666667,0.0600858369098712,0.0526315789473684,0.346153846153846,0.3125
100,4,"poisson",4,"zip",296,1,0.235294117647059,0.371428571428571,0.141025641025641,0.789473684210526,0.0740740740740741,0.625
100,4,"poisson",4,"lm_pseudo_mc",297,0,0.696428571428571,0.386363636363636,0.226495726495726,0.842105263157895,0.37037037037037,0.764705882352941
20,1,"nb",4,"naive",264,0,0,0,0.0526315789473684,0,0,0
20,1,"nb",4,"depthcov",264,0,0,0,0.0382775119617225,0.0714285714285714,0,0
20,1,"nb",4,"er_lm",264,0,0,0,0.0574162679425837,0.285714285714286,0.185185185185185,0.142857142857143
20,1,"nb",4,"abund_lm",194,70,0,0,0.0445859872611465,0.111111111111111,0.117647058823529,0.0909090909090909
20,1,"nb",4,"occ_depth",264,0,0,0,0.0813397129186603,0.214285714285714,0.148148148148148,0.142857142857143
20,1,"nb",4,"occ_full",264,0,0,0,0.0717703349282297,0.214285714285714,0.148148148148148,0.214285714285714
20,1,"nb",4,"occ_cal",264,0,0,0,0.062200956937799,0.214285714285714,0.148148148148148,0.142857142857143
20,1,"nb",4,"abund_trunc",194,70,1,0,0.0636942675159236,0.222222222222222,0.117647058823529,0.272727272727273
20,1,"nb",4,"occ_trunc",264,0,0,0,0.0669856459330144,0.214285714285714,0.148148148148148,0.214285714285714
20,1,"nb",4,"abund_ztnb",194,70,1,0,0.10828025477707,0.333333333333333,0.294117647058824,0.272727272727273
20,1,"nb",4,"occ_ztnb",194,70,0,0,0.0636942675159236,0.111111111111111,0,0.181818181818182
20,1,"nb",4,"lm_pseudo",264,0,0,0,0.076555023923445,0.142857142857143,0.111111111111111,0.142857142857143
20,1,"nb",4,"lm_pseudo_depth",264,0,0,0,0.0669856459330144,0.142857142857143,0.148148148148148,0.0714285714285714
20,1,"nb",4,"abund_lm_depth",194,70,1,0,0.0573248407643312,0.222222222222222,0.117647058823529,0.0909090909090909
20,1,"nb",4,"zip",253,11,0,0,0.0242718446601942,0,0,0
20,1,"nb",4,"lm_pseudo_mc",264,0,0,0,0.0669856459330144,0.285714285714286,0.259259259259259,0.142857142857143
50,1,"nb",4,"naive",292,0,0,0.0526315789473684,0.0427350427350427,0.409090909090909,0,0.375
50,1,"nb",4,"depthcov",292,0,0,0.0526315789473684,0.047008547008547,0.409090909090909,0.05,0.3125
50,1,"nb",4,"er_lm",292,0,0,0.0526315789473684,0.047008547008547,0.409090909090909,0.1,0.375
50,1,"nb",4,"abund_lm",271,21,0,0,0.0275229357798165,0.0952380952380952,0.263157894736842,0
50,1,"nb",4,"occ_depth",292,0,0,0.0526315789473684,0.0641025641025641,0.454545454545455,0.1,0.625
50,1,"nb",4,"occ_full",292,0,0,0.0526315789473684,0.0683760683760684,0.454545454545455,0.1,0.625
50,1,"nb",4,"occ_cal",292,0,0,0.0526315789473684,0.0726495726495727,0.454545454545455,0.1,0.625
50,1,"nb",4,"abund_trunc",271,21,0,0,0.0458715596330275,0.142857142857143,0.263157894736842,0
50,1,"nb",4,"occ_trunc",292,0,0,0.0789473684210526,0.0641025641025641,0.454545454545455,0.1,0.625
50,1,"nb",4,"abund_ztnb",271,21,1,0,0.110091743119266,0.0952380952380952,0.210526315789474,0.0769230769230769
50,1,"nb",4,"occ_ztnb",271,21,0.25,0.0882352941176471,0.055045871559633,0.380952380952381,0.0526315789473684,0.461538461538462
50,1,"nb",4,"lm_pseudo",292,0,0.666666666666667,0.0277777777777778,0.0598290598290598,0.318181818181818,0.1,0.3125
50,1,"nb",4,"lm_pseudo_depth",292,0,0.5,0.0277777777777778,0.0769230769230769,0.363636363636364,0.1,0.4375
50,1,"nb",4,"abund_lm_depth",270,22,0,0,0.032258064516129,0,0.210526315789474,0
50,1,"nb",4,"zip",285,7,0,0.0588235294117647,0.0258620689655172,0.428571428571429,0.0526315789473684,0.384615384615385
50,1,"nb",4,"lm_pseudo_mc",292,0,0.5,0.0277777777777778,0.0598290598290598,0.363636363636364,0.1,0.25
100,1,"nb",4,"naive",300,0,0,0.128205128205128,0.0421940928270042,0.4,0.0833333333333333,0.526315789473684
100,1,"nb",4,"depthcov",300,0,0,0.128205128205128,0.0421940928270042,0.4,0.0833333333333333,0.526315789473684
100,1,"nb",4,"er_lm",300,0,0.181818181818182,0.230769230769231,0.0253164556962025,0.25,0.208333333333333,0.473684210526316
100,1,"nb",4,"abund_lm",294,6,0,0.116279069767442,0.051948051948052,0,0.291666666666667,0.526315789473684
100,1,"nb",4,"occ_depth",300,0,0,0.230769230769231,0.0464135021097046,0.35,0.125,0.578947368421053
100,1,"nb",4,"occ_full",300,0,0,0.128205128205128,0.0548523206751055,0.3,0.0833333333333333,0.526315789473684
100,1,"nb",4,"occ_cal",300,0,0,0.0512820512820513,0.0590717299578059,0.35,0.0416666666666667,0.421052631578947
100,1,"nb",4,"abund_trunc",294,6,0,0.116279069767442,0.0649350649350649,0.05,0.333333333333333,0.578947368421053
100,1,"nb",4,"occ_trunc",300,0,0,0.0769230769230769,0.0632911392405063,0.35,0.125,0.526315789473684
100,1,"nb",4,"abund_ztnb",294,6,0.266666666666667,0.255813953488372,0.138528138528139,0.1,0.5,0.578947368421053
100,1,"nb",4,"occ_ztnb",294,6,0.2,0.102564102564103,0.0692640692640693,0.25,0.166666666666667,0.315789473684211
100,1,"nb",4,"lm_pseudo",300,0,0.2,0.186046511627907,0.0210970464135021,0.25,0.208333333333333,0.473684210526316
100,1,"nb",4,"lm_pseudo_depth",300,0,0.25,0.209302325581395,0.0253164556962025,0.3,0.25,0.526315789473684
100,1,"nb",4,"abund_lm_depth",294,6,0.166666666666667,0.116279069767442,0.0735930735930736,0.1,0.375,0.473684210526316
100,1,"nb",4,"zip",298,2,0,0.0769230769230769,0.0468085106382979,0.3,0,0.368421052631579
100,1,"nb",4,"lm_pseudo_mc",300,0,0.2,0.186046511627907,0.0210970464135021,0.25,0.208333333333333,0.473684210526316
20,2,"nb",4,"naive",269,0,0,0,0.033175355450237,0.0476190476190476,0.0869565217391304,0.142857142857143
20,2,"nb",4,"depthcov",269,0,0,0,0.028436018957346,0.0476190476190476,0.0434782608695652,0.142857142857143
20,2,"nb",4,"er_lm",269,0,0,0,0.037914691943128,0.0952380952380952,0.0869565217391304,0.214285714285714
20,2,"nb",4,"abund_lm",207,62,0,0,0.0792682926829268,0.0625,0.0625,0.0909090909090909
20,2,"nb",4,"occ_depth",269,0,0,0,0.0663507109004739,0.19047619047619,0.173913043478261,0.357142857142857
20,2,"nb",4,"occ_full",269,0,0,0,0.0710900473933649,0.285714285714286,0.173913043478261,0.214285714285714
20,2,"nb",4,"occ_cal",269,0,0,0,0.0758293838862559,0.285714285714286,0.130434782608696,0.142857142857143
20,2,"nb",4,"abund_trunc",207,62,0,0,0.0975609756097561,0.125,0.125,0.181818181818182
20,2,"nb",4,"occ_trunc",269,0,0,0,0.0758293838862559,0.238095238095238,0.173913043478261,0.214285714285714
20,2,"nb",4,"abund_ztnb",207,62,0,0,0.121951219512195,0.125,0.1875,0.272727272727273
20,2,"nb",4,"occ_ztnb",207,62,0.5,0.037037037037037,0.0731707317073171,0.1875,0.125,0.0909090909090909
20,2,"nb",4,"lm_pseudo",269,0,0,0,0.0758293838862559,0.238095238095238,0.0869565217391304,0.428571428571429
20,2,"nb",4,"lm_pseudo_depth",269,0,0,0,0.0758293838862559,0.142857142857143,0.0869565217391304,0.428571428571429
20,2,"nb",4,"abund_lm_depth",207,62,0,0,0.0792682926829268,0.125,0.0625,0.0909090909090909
20,2,"nb",4,"zip",261,8,0,0,0.0338164251207729,0.0526315789473684,0.0454545454545455,0.153846153846154
20,2,"nb",4,"lm_pseudo_mc",269,0,0,0,0.0521327014218009,0.0952380952380952,0.0869565217391304,0.142857142857143
50,2,"nb",4,"naive",291,0,0.5,0.0294117647058824,0.0521739130434783,0.266666666666667,0.111111111111111,0.526315789473684
50,2,"nb",4,"depthcov",291,0,0,0,0.0347826086956522,0.266666666666667,0.0740740740740741,0.368421052631579
50,2,"nb",4,"er_lm",291,0,0.4,0.0882352941176471,0.0260869565217391,0.266666666666667,0.259259259259259,0.736842105263158
50,2,"nb",4,"abund_lm",277,14,0,0.0465116279069767,0.0818181818181818,0,0.416666666666667,0.210526315789474
50,2,"nb",4,"occ_depth",291,0,0.25,0.0882352941176471,0.0478260869565217,0.333333333333333,0.148148148148148,0.631578947368421
50,2,"nb",4,"occ_full",291,0,0.25,0.0882352941176471,0.0652173913043478,0.333333333333333,0.111111111111111,0.473684210526316
50,2,"nb",4,"occ_cal",291,0,0,0,0.0608695652173913,0.4,0.111111111111111,0.473684210526316
50,2,"nb",4,"abund_trunc",277,14,0,0.0465116279069767,0.0818181818181818,0,0.416666666666667,0.263157894736842
50,2,"nb",4,"occ_trunc",291,0,0,0.0882352941176471,0.0608695652173913,0.333333333333333,0.0740740740740741,0.473684210526316
50,2,"nb",4,"abund_ztnb",277,14,0,0,0.131818181818182,0.0714285714285714,0.416666666666667,0.210526315789474
50,2,"nb",4,"occ_ztnb",277,14,0,0.0606060606060606,0.0636363636363636,0.357142857142857,0.0833333333333333,0.421052631578947
50,2,"nb",4,"lm_pseudo",291,0,0.666666666666667,0.326086956521739,0.273913043478261,0.666666666666667,0.407407407407407,0.526315789473684
50,2,"nb",4,"lm_pseudo_depth",291,0,0,0,0.0478260869565217,0.333333333333333,0.148148148148148,0.368421052631579
50,2,"nb",4,"abund_lm_depth",277,14,0,0,0.0409090909090909,0,0.25,0
50,2,"nb",4,"zip",287,4,0,0,0.0353982300884956,0.266666666666667,0.0740740740740741,0.473684210526316
50,2,"nb",4,"lm_pseudo_mc",291,0,0.2,0.0869565217391304,0.0347826086956522,0.466666666666667,0.296296296296296,0.684210526315789
100,2,"nb",4,"naive",298,0,0.333333333333333,0.24390243902439,0.0983606557377049,0.538461538461538,0.230769230769231,0.466666666666667
100,2,"nb",4,"depthcov",298,0,0,0.0487804878048781,0.0450819672131148,0.346153846153846,0.153846153846154,0.266666666666667
100,2,"nb",4,"er_lm",298,0,0.0909090909090909,0.24390243902439,0.0573770491803279,0.461538461538462,0.384615384615385,0.4
100,2,"nb",4,"abund_lm",295,3,0,0,0.0785123966942149,0.24,0.615384615384615,0.266666666666667
100,2,"nb",4,"occ_depth",298,0,0,0.195121951219512,0.0655737704918033,0.5,0.230769230769231,0.533333333333333
100,2,"nb",4,"occ_full",298,0,0.2,0.195121951219512,0.069672131147541,0.653846153846154,0.230769230769231,0.6
100,2,"nb",4,"occ_cal",298,0,0.25,0.146341463414634,0.069672131147541,0.615384615384615,0.0769230769230769,0.2
100,2,"nb",4,"abund_trunc",295,3,0,0.0357142857142857,0.0702479338842975,0.16,0.461538461538462,0.333333333333333
100,2,"nb",4,"occ_trunc",298,0,0.333333333333333,0.146341463414634,0.069672131147541,0.653846153846154,0.153846153846154,0.533333333333333
100,2,"nb",4,"abund_ztnb",295,3,0.444444444444444,0.178571428571429,0.0743801652892562,0.16,0.384615384615385,0.533333333333333
100,2,"nb",4,"occ_ztnb",295,3,0.545454545454545,0.125,0.0702479338842975,0.4,0,0.6
100,2,"nb",4,"lm_pseudo",298,0,0.847058823529412,0.464285714285714,0.360655737704918,0.576923076923077,0.384615384615385,0.6
100,2,"nb",4,"lm_pseudo_depth",298,0,0.571428571428571,0.107142857142857,0.0368852459016393,0.384615384615385,0.230769230769231,0.333333333333333
100,2,"nb",4,"abund_lm_depth",295,3,0,0,0.0454545454545455,0.04,0.307692307692308,0.133333333333333
100,2,"nb",4,"zip",297,1,0.166666666666667,0.25,0.0860655737704918,0.44,0.153846153846154,0.533333333333333
100,2,"nb",4,"lm_pseudo_mc",298,0,0.545454545454545,0.178571428571429,0.0778688524590164,0.576923076923077,0.307692307692308,0.533333333333333
20,4,"nb",4,"naive",270,0,0,0,0.0783410138248848,0.5,0,0.1
20,4,"nb",4,"depthcov",270,0,0,0,0.00921658986175115,0.0833333333333333,0,0
20,4,"nb",4,"er_lm",270,0,0,0,0.0552995391705069,0.333333333333333,0.0952380952380952,0.35
20,4,"nb",4,"abund_lm",220,50,0,0,0.128491620111732,0.1,0.25,0.545454545454545
20,4,"nb",4,"occ_depth",270,0,0,0,0.0645161290322581,0.333333333333333,0.0476190476190476,0.25
20,4,"nb",4,"occ_full",270,0,0,0,0.0967741935483871,0.583333333333333,0,0.3
20,4,"nb",4,"occ_cal",270,0,0,0,0.0552995391705069,0.416666666666667,0,0.3
20,4,"nb",4,"abund_trunc",220,50,0,0,0.150837988826816,0.1,0.25,0.636363636363636
20,4,"nb",4,"occ_trunc",270,0,0,0,0.0921658986175115,0.583333333333333,0,0.3
20,4,"nb",4,"abund_ztnb",220,50,0,0,0.122905027932961,0.2,0.35,0.454545454545455
20,4,"nb",4,"occ_ztnb",220,50,0,0,0.0670391061452514,0.6,0.05,0.363636363636364
20,4,"nb",4,"lm_pseudo",270,0,0.742857142857143,0.439024390243902,0.341013824884793,0.416666666666667,0.380952380952381,0.7
20,4,"nb",4,"lm_pseudo_depth",270,0,0,0,0.0230414746543779,0.0833333333333333,0,0.25
20,4,"nb",4,"abund_lm_depth",220,50,0,0,0.0223463687150838,0,0,0.181818181818182
20,4,"nb",4,"zip",261,9,0,0,0.0380952380952381,0.5,0,0.111111111111111
20,4,"nb",4,"lm_pseudo_mc",270,0,0.5,0.0731707317073171,0.0737327188940092,0.25,0.142857142857143,0.5
50,4,"nb",4,"naive",297,0,0.571428571428571,0.236842105263158,0.184100418410042,0.5,0.15,0.5
50,4,"nb",4,"depthcov",297,0,0,0,0.0376569037656904,0.333333333333333,0.1,0.35
50,4,"nb",4,"er_lm",297,0,0,0.184210526315789,0.0376569037656904,0.333333333333333,0.25,0.55
50,4,"nb",4,"abund_lm",287,10,0.636363636363636,0.205128205128205,0.2,0.333333333333333,0.368421052631579,0.45
50,4,"nb",4,"occ_depth",297,0,0,0.210526315789474,0.0753138075313808,0.277777777777778,0.1,0.55
50,4,"nb",4,"occ_full",297,0,0.4375,0.236842105263158,0.146443514644351,0.444444444444444,0.1,0.5
50,4,"nb",4,"occ_cal",297,0,0.4,0.157894736842105,0.0711297071129707,0.333333333333333,0.05,0.2
50,4,"nb",4,"abund_trunc",287,10,0.555555555555556,0.102564102564103,0.156521739130435,0.0555555555555556,0.263157894736842,0.65
50,4,"nb",4,"occ_trunc",297,0,0.384615384615385,0.210526315789474,0.117154811715481,0.277777777777778,0.1,0.4
50,4,"nb",4,"abund_ztnb",287,10,0.333333333333333,0.0512820512820513,0.130434782608696,0.0555555555555556,0.421052631578947,0.7
50,4,"nb",4,"occ_ztnb",287,10,0.333333333333333,0.105263157894737,0.11304347826087,0.222222222222222,0,0.4
50,4,"nb",4,"lm_pseudo",297,0,0.844444444444444,0.525,0.510460251046025,0.666666666666667,0.55,0.8
50,4,"nb",4,"lm_pseudo_depth",297,0,0,0,0.0460251046025105,0.277777777777778,0.25,0.4
50,4,"nb",4,"abund_lm_depth",287,10,0,0,0.0304347826086957,0,0.105263157894737,0.2
50,4,"nb",4,"zip",293,4,0,0.0526315789473684,0.127659574468085,0.388888888888889,0,0.4
50,4,"nb",4,"lm_pseudo_mc",297,0,0.59375,0.325,0.205020920502092,0.444444444444444,0.25,0.65
100,4,"nb",4,"naive",300,0,0.657894736842105,0.361111111111111,0.25,0.789473684210526,0.25,0.470588235294118
100,4,"nb",4,"depthcov",300,0,0,0,0.040983606557377,0.368421052631579,0.05,0.294117647058824
100,4,"nb",4,"er_lm",300,0,0.333333333333333,0.166666666666667,0.0532786885245902,0.473684210526316,0.3,0.470588235294118
100,4,"nb",4,"abund_lm",296,4,0.723404255319149,0.351351351351351,0.275,0.368421052631579,0.5,0.470588235294118
100,4,"nb",4,"occ_depth",300,0,0.2,0.222222222222222,0.0737704918032787,0.789473684210526,0.1,0.588235294117647
100,4,"nb",4,"occ_full",300,0,0.428571428571429,0.444444444444444,0.139344262295082,0.842105263157895,0.1,0.529411764705882
100,4,"nb",4,"occ_cal",300,0,0.285714285714286,0.277777777777778,0.131147540983607,0.578947368421053,0.05,0.529411764705882
100,4,"nb",4,"abund_trunc",296,4,0.473684210526316,0.27027027027027,0.158333333333333,0.263157894736842,0.5,0.470588235294118
100,4,"nb",4,"occ_trunc",300,0,0.35,0.361111111111111,0.127049180327869,0.842105263157895,0.1,0.529411764705882
100,4,"nb",4,"abund_ztnb",296,4,0.333333333333333,0.216216216216216,0.125,0.263157894736842,0.45,0.470588235294118
100,4,"nb",4,"occ_ztnb",296,4,0.277777777777778,0.361111111111111,0.0916666666666667,0.526315789473684,0.15,0.529411764705882
100,4,"nb",4,"lm_pseudo",300,0,0.84375,0.810810810810811,0.668032786885246,0.578947368421053,0.75,0.941176470588235
100,4,"nb",4,"lm_pseudo_depth",300,0,0,0,0.0532786885245902,0.263157894736842,0.2,0.294117647058824
100,4,"nb",4,"abund_lm_depth",296,4,0.5,0.027027027027027,0.0541666666666667,0.0526315789473684,0.3,0.117647058823529
100,4,"nb",4,"zip",299,1,0.411764705882353,0.277777777777778,0.123456790123457,0.736842105263158,0.1,0.470588235294118
100,4,"nb",4,"lm_pseudo_mc",300,0,0.764705882352941,0.432432432432432,0.25,0.736842105263158,0.5,0.705882352941177
20,1,"poisson",5,"naive",256,0,0,0,0.0198019801980198,0.0769230769230769,0,0.166666666666667
20,1,"poisson",5,"depthcov",256,0,0,0,0.0148514851485149,0,0.0434782608695652,0.111111111111111
20,1,"poisson",5,"er_lm",256,0,0,0,0.0247524752475248,0.0769230769230769,0.130434782608696,0.388888888888889
20,1,"poisson",5,"abund_lm",192,64,0,0.0666666666666667,0.0397350993377483,0.0909090909090909,0.266666666666667,0.133333333333333
20,1,"poisson",5,"occ_depth",256,0,0,0,0.0544554455445545,0.153846153846154,0.130434782608696,0.388888888888889
20,1,"poisson",5,"occ_full",256,0,0,0,0.0495049504950495,0.307692307692308,0.0869565217391304,0.388888888888889
20,1,"poisson",5,"occ_cal",256,0,0,0,0.0445544554455446,0.230769230769231,0.0869565217391304,0.388888888888889
20,1,"poisson",5,"abund_trunc",192,64,0.5,0.0666666666666667,0.0728476821192053,0.181818181818182,0.266666666666667,0.333333333333333
20,1,"poisson",5,"occ_trunc",256,0,0,0,0.0495049504950495,0.307692307692308,0.0869565217391304,0.388888888888889
20,1,"poisson",5,"abund_ztnb",191,65,0.333333333333333,0.0666666666666667,0.0933333333333333,0.181818181818182,0.333333333333333,0.266666666666667
20,1,"poisson",5,"occ_ztnb",192,64,0,0,0.0463576158940397,0.272727272727273,0.133333333333333,0.266666666666667
20,1,"poisson",5,"lm_pseudo",256,0,0,0,0.0445544554455446,0.0769230769230769,0.217391304347826,0.388888888888889
20,1,"poisson",5,"lm_pseudo_depth",256,0,0,0,0.0297029702970297,0,0.173913043478261,0.277777777777778
20,1,"poisson",5,"abund_lm_depth",192,64,0.5,0.0333333333333333,0.0463576158940397,0.0909090909090909,0.266666666666667,0.133333333333333
20,1,"poisson",5,"zip",250,6,0,0,0.0100502512562814,0.0833333333333333,0,0.1875
20,1,"poisson",5,"lm_pseudo_mc",256,0,0,0,0.0346534653465347,0.0769230769230769,0.130434782608696,0.333333333333333
50,1,"poisson",5,"naive",292,0,0,0,0.0337552742616034,0.368421052631579,0.0454545454545455,0.285714285714286
50,1,"poisson",5,"depthcov",292,0,0,0,0.0421940928270042,0.421052631578947,0.0454545454545455,0.285714285714286
50,1,"poisson",5,"er_lm",292,0,0,0.0303030303030303,0.0590717299578059,0.368421052631579,0.272727272727273,0.5
50,1,"poisson",5,"abund_lm",268,24,0.5,0.0294117647058824,0.0599078341013825,0,0.380952380952381,0.307692307692308
50,1,"poisson",5,"occ_depth",292,0,0,0,0.0590717299578059,0.473684210526316,0.0909090909090909,0.357142857142857
50,1,"poisson",5,"occ_full",292,0,0,0,0.0506329113924051,0.473684210526316,0,0.428571428571429
50,1,"poisson",5,"occ_cal",292,0,0,0,0.0590717299578059,0.473684210526316,0,0.285714285714286
50,1,"poisson",5,"abund_trunc",268,24,0.333333333333333,0.0588235294117647,0.0829493087557604,0,0.380952380952381,0.384615384615385
50,1,"poisson",5,"occ_trunc",292,0,0,0,0.0548523206751055,0.473684210526316,0,0.357142857142857
50,1,"poisson",5,"abund_ztnb",268,24,0.2,0.117647058823529,0.101382488479263,0.117647058823529,0.333333333333333,0.692307692307692
50,1,"poisson",5,"occ_ztnb",268,24,0.285714285714286,0.166666666666667,0.101382488479263,0.470588235294118,0.0476190476190476,0.307692307692308
50,1,"poisson",5,"lm_pseudo",292,0,0,0.111111111111111,0.0379746835443038,0.421052631578947,0.181818181818182,0.5
50,1,"poisson",5,"lm_pseudo_depth",292,0,0,0.111111111111111,0.0506329113924051,0.421052631578947,0.227272727272727,0.571428571428571
50,1,"poisson",5,"abund_lm_depth",268,24,0.5,0.0294117647058824,0.0552995391705069,0,0.333333333333333,0.307692307692308
50,1,"poisson",5,"zip",291,1,0,0,0.0210970464135021,0.444444444444444,0.0454545454545455,0.214285714285714
50,1,"poisson",5,"lm_pseudo_mc",292,0,0,0.111111111111111,0.0379746835443038,0.421052631578947,0.181818181818182,0.571428571428571
100,1,"poisson",5,"naive",299,0,0.125,0.162790697674419,0.0213675213675214,0.458333333333333,0.136363636363636,0.368421052631579
100,1,"poisson",5,"depthcov",299,0,0.181818181818182,0.209302325581395,0.0213675213675214,0.458333333333333,0.181818181818182,0.368421052631579
100,1,"poisson",5,"er_lm",299,0,0.384615384615385,0.186046511627907,0.0384615384615385,0.416666666666667,0.454545454545455,0.473684210526316
100,1,"poisson",5,"abund_lm",294,5,0,0.45,0.0652173913043478,0,0.727272727272727,0.666666666666667
100,1,"poisson",5,"occ_depth",299,0,0.2,0.27906976744186,0.0256410256410256,0.5,0.227272727272727,0.421052631578947
100,1,"poisson",5,"occ_full",299,0,0.0909090909090909,0.232558139534884,0.0341880341880342,0.541666666666667,0.136363636363636,0.578947368421053
100,1,"poisson",5,"occ_cal",299,0,0.125,0.162790697674419,0.0299145299145299,0.416666666666667,0.0454545454545455,0.526315789473684
100,1,"poisson",5,"abund_trunc",294,5,0,0.425,0.0652173913043478,0,0.772727272727273,0.722222222222222
100,1,"poisson",5,"occ_trunc",299,0,0.1,0.209302325581395,0.0427350427350427,0.541666666666667,0.136363636363636,0.578947368421053
100,1,"poisson",5,"abund_ztnb",294,5,0.136363636363636,0.475,0.117391304347826,0.166666666666667,0.727272727272727,0.833333333333333
100,1,"poisson",5,"occ_ztnb",294,5,0.461538461538462,0.166666666666667,0.091304347826087,0.375,0.0909090909090909,0.611111111111111
100,1,"poisson",5,"lm_pseudo",299,0,0.272727272727273,0.195121951219512,0.0384615384615385,0.416666666666667,0.409090909090909,0.421052631578947
100,1,"poisson",5,"lm_pseudo_depth",299,0,0.272727272727273,0.195121951219512,0.0341880341880342,0.416666666666667,0.5,0.421052631578947
100,1,"poisson",5,"abund_lm_depth",293,6,0,0.4,0.0655021834061135,0,0.727272727272727,0.722222222222222
100,1,"poisson",5,"zip",299,0,0,0.162790697674419,0.0256410256410256,0.416666666666667,0.0454545454545455,0.421052631578947
100,1,"poisson",5,"lm_pseudo_mc",299,0,0.272727272727273,0.195121951219512,0.0299145299145299,0.458333333333333,0.454545454545455,0.421052631578947
20,2,"poisson",5,"naive",266,0,0,0,0.0324074074074074,0.0909090909090909,0.0769230769230769,0.4
20,2,"poisson",5,"depthcov",266,0,0,0,0.00925925925925926,0.0909090909090909,0.0769230769230769,0.0666666666666667
20,2,"poisson",5,"er_lm",266,0,0.5,0.027027027027027,0.0694444444444444,0.227272727272727,0.153846153846154,0.333333333333333
20,2,"poisson",5,"abund_lm",212,54,0,0,0.0681818181818182,0,0.333333333333333,0.25
20,2,"poisson",5,"occ_depth",266,0,0.333333333333333,0.0540540540540541,0.0925925925925926,0.227272727272727,0.153846153846154,0.533333333333333
20,2,"poisson",5,"occ_full",266,0,0.333333333333333,0.0540540540540541,0.0972222222222222,0.272727272727273,0.0769230769230769,0.333333333333333
20,2,"poisson",5,"occ_cal",266,0,0.5,0.027027027027027,0.0694444444444444,0.227272727272727,0.0769230769230769,0.266666666666667
20,2,"poisson",5,"abund_trunc",212,54,0,0,0.0909090909090909,0,0.777777777777778,0.416666666666667
20,2,"poisson",5,"occ_trunc",266,0,0.333333333333333,0.0540540540540541,0.0925925925925926,0.272727272727273,0.0769230769230769,0.266666666666667
20,2,"poisson",5,"abund_ztnb",212,54,0,0,0.107954545454545,0,0.444444444444444,0.416666666666667
20,2,"poisson",5,"occ_ztnb",212,54,1,0,0.0681818181818182,0.133333333333333,0.111111111111111,0.0833333333333333
20,2,"poisson",5,"lm_pseudo",266,0,0.818181818181818,0.0714285714285714,0.171296296296296,0.318181818181818,0.384615384615385,0.466666666666667
20,2,"poisson",5,"lm_pseudo_depth",266,0,0.666666666666667,0.0357142857142857,0.0601851851851852,0.227272727272727,0.230769230769231,0.2
20,2,"poisson",5,"abund_lm_depth",212,54,0,0.0476190476190476,0.0511363636363636,0.0666666666666667,0.333333333333333,0.0833333333333333
20,2,"poisson",5,"zip",253,13,0,0,0.0288461538461538,0.105263157894737,0.0769230769230769,0.230769230769231
20,2,"poisson",5,"lm_pseudo_mc",266,0,1,0,0.0833333333333333,0.181818181818182,0.230769230769231,0.466666666666667
50,2,"poisson",5,"naive",296,0,0,0,0.0524193548387097,0.4,0.214285714285714,0.214285714285714
50,2,"poisson",5,"depthcov",296,0,0,0,0.0241935483870968,0.3,0.142857142857143,0.142857142857143
50,2,"poisson",5,"er_lm",296,0,0,0.0588235294117647,0.0403225806451613,0.35,0.285714285714286,0.214285714285714
50,2,"poisson",5,"abund_lm",280,16,0.333333333333333,0.08,0.0805084745762712,0.105263157894737,0.0833333333333333,0.384615384615385
50,2,"poisson",5,"occ_depth",296,0,0,0.0882352941176471,0.0362903225806452,0.45,0.214285714285714,0.142857142857143
50,2,"poisson",5,"occ_full",296,0,0,0.0882352941176471,0.0524193548387097,0.5,0.142857142857143,0.142857142857143
50,2,"poisson",5,"occ_cal",296,0,0.25,0.0882352941176471,0.0524193548387097,0.5,0.214285714285714,0.142857142857143
50,2,"poisson",5,"abund_trunc",280,16,0.333333333333333,0.08,0.0847457627118644,0.105263157894737,0.166666666666667,0.307692307692308
50,2,"poisson",5,"occ_trunc",296,0,0,0.0882352941176471,0.0524193548387097,0.5,0.142857142857143,0.214285714285714
50,2,"poisson",5,"abund_ztnb",280,16,0.6,0.08,0.11864406779661,0.105263157894737,0.583333333333333,0.307692307692308
50,2,"poisson",5,"occ_ztnb",280,16,0.5,0.0625,0.0593220338983051,0.368421052631579,0.0833333333333333,0.307692307692308
50,2,"poisson",5,"lm_pseudo",296,0,0.806451612903226,0.214285714285714,0.201612903225806,0.65,0.285714285714286,0.5
50,2,"poisson",5,"lm_pseudo_depth",296,0,1,0,0.0403225806451613,0.35,0.214285714285714,0.142857142857143
50,2,"poisson",5,"abund_lm_depth",280,16,0.5,0.04,0.0338983050847458,0.0526315789473684,0.0833333333333333,0.230769230769231
50,2,"poisson",5,"zip",291,5,0,0,0.0285714285714286,0.315789473684211,0.0769230769230769,0.142857142857143
50,2,"poisson",5,"lm_pseudo_mc",296,0,1,0,0.0524193548387097,0.45,0.285714285714286,0.214285714285714
100,2,"poisson",5,"naive",298,0,0.4,0.191489361702128,0.166666666666667,0.555555555555556,0.0869565217391304,0.482758620689655
100,2,"poisson",5,"depthcov",298,0,0,0,0.0701754385964912,0.5,0.0869565217391304,0.344827586206897
100,2,"poisson",5,"er_lm",298,0,0.222222222222222,0.297872340425532,0.0701754385964912,0.388888888888889,0.434782608695652,0.517241379310345
100,2,"poisson",5,"abund_lm",295,3,0.305555555555556,0.490196078431373,0.176211453744493,0.0588235294117647,0.826086956521739,0.571428571428571
100,2,"poisson",5,"occ_depth",298,0,0.222222222222222,0.297872340425532,0.0614035087719298,0.555555555555556,0.0434782608695652,0.551724137931034
100,2,"poisson",5,"occ_full",298,0,0.3125,0.234042553191489,0.100877192982456,0.611111111111111,0,0.517241379310345
100,2,"poisson",5,"occ_cal",298,0,0.444444444444444,0.106382978723404,0.087719298245614,0.555555555555556,0,0.379310344827586
100,2,"poisson",5,"abund_trunc",295,3,0.296296296296296,0.372549019607843,0.140969162995595,0.0588235294117647,0.869565217391304,0.5
100,2,"poisson",5,"occ_trunc",298,0,0.375,0.212765957446809,0.0921052631578947,0.555555555555556,0,0.551724137931034
100,2,"poisson",5,"abund_ztnb",295,3,0.166666666666667,0.392156862745098,0.127753303964758,0.117647058823529,0.739130434782609,0.5
100,2,"poisson",5,"occ_ztnb",295,3,0.3,0.155555555555556,0.092511013215859,0.529411764705882,0,0.464285714285714
100,2,"poisson",5,"lm_pseudo",298,0,0.714285714285714,0.692307692307692,0.399122807017544,0.833333333333333,0.782608695652174,0.724137931034483
100,2,"poisson",5,"lm_pseudo_depth",298,0,0.454545454545455,0.115384615384615,0.0833333333333333,0.277777777777778,0.434782608695652,0.448275862068966
100,2,"poisson",5,"abund_lm_depth",295,3,0.2,0.156862745098039,0.066079295154185,0.117647058823529,0.391304347826087,0.321428571428571
100,2,"poisson",5,"zip",297,1,0.428571428571429,0.0869565217391304,0.0789473684210526,0.444444444444444,0,0.464285714285714
100,2,"poisson",5,"lm_pseudo_mc",298,0,0.522727272727273,0.403846153846154,0.131578947368421,0.777777777777778,0.565217391304348,0.620689655172414
20,4,"poisson",5,"naive",277,0,0,0,0.0803571428571429,0,0.0588235294117647,0.15
20,4,"poisson",5,"depthcov",277,0,0,0,0.0178571428571429,0,0.0588235294117647,0
20,4,"poisson",5,"er_lm",277,0,0,0.0277777777777778,0.0714285714285714,0.125,0.294117647058824,0.3
20,4,"poisson",5,"abund_lm",227,50,0,0,0.0864864864864865,0.142857142857143,0.25,0.1875
20,4,"poisson",5,"occ_depth",277,0,0,0,0.107142857142857,0.125,0.235294117647059,0.35
20,4,"poisson",5,"occ_full",277,0,0,0,0.120535714285714,0.125,0.117647058823529,0.35
20,4,"poisson",5,"occ_cal",277,0,0.25,0.0833333333333333,0.0758928571428571,0.0625,0.117647058823529,0.25
20,4,"poisson",5,"abund_trunc",227,50,0.75,0.0357142857142857,0.118918918918919,0.142857142857143,0.333333333333333,0.125
20,4,"poisson",5,"occ_trunc",277,0,0,0,0.102678571428571,0.1875,0.117647058823529,0.35
20,4,"poisson",5,"abund_ztnb",226,51,0,0.0357142857142857,0.141304347826087,0,0.416666666666667,0.1875
20,4,"poisson",5,"occ_ztnb",227,50,0,0,0.0918918918918919,0.0714285714285714,0.0833333333333333,0.25
20,4,"poisson",5,"lm_pseudo",277,0,0.84,0.216216216216216,0.290178571428571,0.3125,0.176470588235294,0.4
20,4,"poisson",5,"lm_pseudo_depth",277,0,0,0,0.0401785714285714,0.125,0.117647058823529,0.1
20,4,"poisson",5,"abund_lm_depth",227,50,0,0,0.0756756756756757,0,0.0833333333333333,0.0625
20,4,"poisson",5,"zip",260,17,0,0,0.0375586854460094,0,0,0.1875
20,4,"poisson",5,"lm_pseudo_mc",277,0,0.333333333333333,0.0540540540540541,0.0803571428571429,0.3125,0.235294117647059,0.3
50,4,"poisson",5,"naive",297,0,0.375,0.142857142857143,0.206611570247934,0.555555555555556,0.05,0.411764705882353
50,4,"poisson",5,"depthcov",297,0,0,0,0.0454545454545455,0.0555555555555556,0,0.176470588235294
50,4,"poisson",5,"er_lm",297,0,0.333333333333333,0.0571428571428571,0.0661157024793388,0.5,0.15,0.588235294117647
50,4,"poisson",5,"abund_lm",284,13,0.4375,0.257142857142857,0.186147186147186,0.166666666666667,0.578947368421053,0.5
50,4,"poisson",5,"occ_depth",297,0,0.2,0.114285714285714,0.0702479338842975,0.666666666666667,0.05,0.352941176470588
50,4,"poisson",5,"occ_full",297,0,0.333333333333333,0.171428571428571,0.136363636363636,0.611111111111111,0.05,0.352941176470588
50,4,"poisson",5,"occ_cal",297,0,0,0.0285714285714286,0.0909090909090909,0.388888888888889,0,0.352941176470588
50,4,"poisson",5,"abund_trunc",284,13,0.272727272727273,0.228571428571429,0.138528138528139,0.111111111111111,0.578947368421053,0.625
50,4,"poisson",5,"occ_trunc",297,0,0.333333333333333,0.171428571428571,0.115702479338843,0.666666666666667,0,0.352941176470588
50,4,"poisson",5,"abund_ztnb",284,13,0.1,0.257142857142857,0.0822510822510823,0.0555555555555556,0.421052631578947,0.5
50,4,"poisson",5,"occ_ztnb",284,13,0,0.147058823529412,0.0735930735930736,0.611111111111111,0.0526315789473684,0.4375
50,4,"poisson",5,"lm_pseudo",297,0,0.826771653543307,0.594594594594595,0.471074380165289,0.388888888888889,0.6,0.823529411764706
50,4,"poisson",5,"lm_pseudo_depth",297,0,0,0,0.0454545454545455,0,0.1,0.294117647058824
50,4,"poisson",5,"abund_lm_depth",284,13,1,0,0.0346320346320346,0.0555555555555556,0.210526315789474,0.125
50,4,"poisson",5,"zip",293,4,0,0.0571428571428571,0.0840336134453782,0.611111111111111,0.05,0.352941176470588
50,4,"poisson",5,"lm_pseudo_mc",297,0,0.607142857142857,0.297297297297297,0.173553719008264,0.555555555555556,0.3,0.647058823529412
100,4,"poisson",5,"naive",300,0,0.590909090909091,0.4,0.215767634854772,0.681818181818182,0.214285714285714,0.608695652173913
100,4,"poisson",5,"depthcov",300,0,0,0,0.024896265560166,0.272727272727273,0,0.347826086956522
100,4,"poisson",5,"er_lm",300,0,0.166666666666667,0.333333333333333,0.04149377593361,0.409090909090909,0.357142857142857,0.521739130434783
100,4,"poisson",5,"abund_lm",298,2,0.72463768115942,0.527777777777778,0.261410788381743,0.380952380952381,0.357142857142857,0.681818181818182
100,4,"poisson",5,"occ_depth",300,0,0.210526315789474,0.333333333333333,0.045643153526971,0.590909090909091,0.0714285714285714,0.652173913043478
100,4,"poisson",5,"occ_full",300,0,0.296296296296296,0.422222222222222,0.141078838174274,0.636363636363636,0.142857142857143,0.695652173913043
100,4,"poisson",5,"occ_cal",300,0,0.0666666666666667,0.311111111111111,0.0829875518672199,0.636363636363636,0,0.521739130434783
100,4,"poisson",5,"abund_trunc",298,2,0.627906976744186,0.444444444444444,0.170124481327801,0.285714285714286,0.571428571428571,0.681818181818182
100,4,"poisson",5,"occ_trunc",300,0,0.296296296296296,0.422222222222222,0.107883817427386,0.727272727272727,0.0714285714285714,0.652173913043478
100,4,"poisson",5,"abund_ztnb",297,3,0.0714285714285714,0.361111111111111,0.125,0.0476190476190476,0.714285714285714,0.636363636363636
100,4,"poisson",5,"occ_ztnb",298,2,0,0.162790697674419,0.0580912863070539,0.619047619047619,0.142857142857143,0.409090909090909
100,4,"poisson",5,"lm_pseudo",300,0,0.871657754010695,0.648648648648649,0.655601659751037,0.727272727272727,0.642857142857143,0.652173913043478
100,4,"poisson",5,"lm_pseudo_depth",300,0,0.5,0.027027027027027,0.0497925311203319,0.227272727272727,0,0.391304347826087
100,4,"poisson",5,"abund_lm_depth",298,2,0,0.0277777777777778,0.0497925311203319,0.0952380952380952,0.285714285714286,0.318181818181818
100,4,"poisson",5,"zip",299,1,0,0.204545454545455,0.0871369294605809,0.590909090909091,0.0714285714285714,0.590909090909091
100,4,"poisson",5,"lm_pseudo_mc",300,0,0.666666666666667,0.486486486486487,0.174273858921162,0.636363636363636,0.5,0.652173913043478
20,1,"nb",5,"naive",265,0,0,0,0.019047619047619,0,0.0555555555555556,0.0833333333333333
20,1,"nb",5,"depthcov",265,0,0,0,0.0285714285714286,0,0,0.0833333333333333
20,1,"nb",5,"er_lm",265,0,0,0,0.0380952380952381,0.2,0.0555555555555556,0.166666666666667
20,1,"nb",5,"abund_lm",199,66,0,0.0434782608695652,0.0379746835443038,0.111111111111111,0.0666666666666667,0.25
20,1,"nb",5,"occ_depth",265,0,0,0.027027027027027,0.0761904761904762,0.2,0.0555555555555556,0.25
20,1,"nb",5,"occ_full",265,0,0,0.027027027027027,0.080952380952381,0.2,0.0555555555555556,0.25
20,1,"nb",5,"occ_cal",265,0,0,0.027027027027027,0.0714285714285714,0.2,0,0.25
20,1,"nb",5,"abund_trunc",199,66,0,0.0434782608695652,0.069620253164557,0.111111111111111,0.2,0.25
20,1,"nb",5,"occ_trunc",265,0,0,0.027027027027027,0.080952380952381,0.2,0,0.25
20,1,"nb",5,"abund_ztnb",199,66,0,0,0.0886075949367089,0.222222222222222,0.266666666666667,0.25
20,1,"nb",5,"occ_ztnb",199,66,0,0,0.0632911392405063,0.0555555555555556,0,0.25
20,1,"nb",5,"lm_pseudo",265,0,0,0,0.0476190476190476,0.24,0.111111111111111,0.25
20,1,"nb",5,"lm_pseudo_depth",265,0,0,0,0.0380952380952381,0.24,0.166666666666667,0.25
20,1,"nb",5,"abund_lm_depth",199,66,0,0,0.0253164556962025,0.0555555555555556,0.0666666666666667,0.25
20,1,"nb",5,"zip",255,10,0,0,0.0146341463414634,0,0,0.0909090909090909
20,1,"nb",5,"lm_pseudo_mc",265,0,0,0,0.0428571428571429,0.28,0.111111111111111,0.25
50,1,"nb",5,"naive",290,0,0,0,0.0323886639676113,0.2,0.210526315789474,0.444444444444444
50,1,"nb",5,"depthcov",290,0,0,0,0.0323886639676113,0.133333333333333,0.157894736842105,0.444444444444444
50,1,"nb",5,"er_lm",290,0,0,0.125,0.0566801619433198,0.266666666666667,0.368421052631579,0.555555555555556
50,1,"nb",5,"abund_lm",276,14,0,0,0.0641025641025641,0,0.166666666666667,0.222222222222222
50,1,"nb",5,"occ_depth",290,0,0,0.125,0.0607287449392713,0.2,0.157894736842105,0.444444444444444
50,1,"nb",5,"occ_full",290,0,0,0.0416666666666667,0.0647773279352227,0.0666666666666667,0.157894736842105,0.333333333333333
50,1,"nb",5,"occ_cal",290,0,0,0.0416666666666667,0.048582995951417,0.2,0.0526315789473684,0.333333333333333
50,1,"nb",5,"abund_trunc",276,14,0,0,0.0726495726495727,0,0.222222222222222,0.222222222222222
50,1,"nb",5,"occ_trunc",290,0,0,0.0416666666666667,0.0728744939271255,0.0666666666666667,0.105263157894737,0.333333333333333
50,1,"nb",5,"abund_ztnb",275,15,0,0,0.0987124463519313,0.133333333333333,0.277777777777778,0.333333333333333
50,1,"nb",5,"occ_ztnb",276,14,0.333333333333333,0.0833333333333333,0.0769230769230769,0.2,0.0555555555555556,0.333333333333333
50,1,"nb",5,"lm_pseudo",290,0,0,0.0714285714285714,0.048582995951417,0.2,0.263157894736842,0.333333333333333
50,1,"nb",5,"lm_pseudo_depth",290,0,0,0.0714285714285714,0.048582995951417,0.2,0.315789473684211,0.555555555555556
50,1,"nb",5,"abund_lm_depth",276,14,0,0,0.0598290598290598,0,0.166666666666667,0.222222222222222
50,1,"nb",5,"zip",288,2,0,0,0.0204081632653061,0.0666666666666667,0.0526315789473684,0.333333333333333
50,1,"nb",5,"lm_pseudo_mc",290,0,0,0.0357142857142857,0.0404858299595142,0.133333333333333,0.315789473684211,0.555555555555556
100,1,"nb",5,"naive",300,0,0.0588235294117647,0.372093023255814,0.0472103004291846,0.421052631578947,0.166666666666667,0.708333333333333
100,1,"nb",5,"depthcov",300,0,0.111111111111111,0.372093023255814,0.0429184549356223,0.421052631578947,0.166666666666667,0.666666666666667
100,1,"nb",5,"er_lm",300,0,0.111111111111111,0.372093023255814,0.0343347639484979,0.421052631578947,0.208333333333333,0.708333333333333
100,1,"nb",5,"abund_lm",297,3,0,0.125,0.0608695652173913,0,0.333333333333333,0.333333333333333
100,1,"nb",5,"occ_depth",300,0,0.0588235294117647,0.372093023255814,0.055793991416309,0.421052631578947,0.166666666666667,0.708333333333333
100,1,"nb",5,"occ_full",300,0,0.0625,0.348837209302326,0.0686695278969957,0.473684210526316,0.0833333333333333,0.583333333333333
100,1,"nb",5,"occ_cal",300,0,0.0714285714285714,0.302325581395349,0.0643776824034335,0.526315789473684,0.0833333333333333,0.5
100,1,"nb",5,"abund_trunc",297,3,0,0.125,0.0652173913043478,0,0.375,0.416666666666667
100,1,"nb",5,"occ_trunc",300,0,0.0666666666666667,0.325581395348837,0.0772532188841202,0.473684210526316,0.0833333333333333,0.541666666666667
100,1,"nb",5,"abund_ztnb",297,3,0.1,0.1875,0.104347826086957,0,0.375,0.416666666666667
100,1,"nb",5,"occ_ztnb",297,3,0.384615384615385,0.186046511627907,0.0695652173913043,0.421052631578947,0,0.291666666666667
100,1,"nb",5,"lm_pseudo",300,0,0.235294117647059,0.270833333333333,0.055793991416309,0.368421052631579,0.333333333333333,0.708333333333333
100,1,"nb",5,"lm_pseudo_depth",300,0,0.285714285714286,0.3125,0.0343347639484979,0.368421052631579,0.375,0.708333333333333
100,1,"nb",5,"abund_lm_depth",297,3,0,0.145833333333333,0.0608695652173913,0,0.291666666666667,0.333333333333333
100,1,"nb",5,"zip",300,0,0,0.302325581395349,0.0386266094420601,0.421052631578947,0.0416666666666667,0.458333333333333
100,1,"nb",5,"lm_pseudo_mc",300,0,0.25,0.25,0.0300429184549356,0.421052631578947,0.333333333333333,0.666666666666667
20,2,"nb",5,"naive",257,0,0,0,0.06,0.0526315789473684,0,0.125
20,2,"nb",5,"depthcov",257,0,0,0,0.015,0,0.0454545454545455,0
20,2,"nb",5,"er_lm",257,0,0,0.0285714285714286,0.08,0.368421052631579,0.0454545454545455,0.3125
20,2,"nb",5,"abund_lm",191,66,0.5,0.037037037037037,0.0522875816993464,0.0909090909090909,0.176470588235294,0
20,2,"nb",5,"occ_depth",257,0,0,0.0285714285714286,0.12,0.473684210526316,0.0454545454545455,0.375
20,2,"nb",5,"occ_full",257,0,0,0.0285714285714286,0.135,0.421052631578947,0.0454545454545455,0.3125
20,2,"nb",5,"occ_cal",257,0,0.5,0.0285714285714286,0.105,0.421052631578947,0.0454545454545455,0.3125
20,2,"nb",5,"abund_trunc",191,66,0.6,0.0740740740740741,0.0915032679738562,0.0909090909090909,0.294117647058824,0.1
20,2,"nb",5,"occ_trunc",257,0,0,0.0285714285714286,0.135,0.421052631578947,0.0454545454545455,0.3125
20,2,"nb",5,"abund_ztnb",191,66,0,0.037037037037037,0.130718954248366,0,0.235294117647059,0.2
20,2,"nb",5,"occ_ztnb",191,66,0,0,0.065359477124183,0.181818181818182,0,0.1
20,2,"nb",5,"lm_pseudo",257,0,0.666666666666667,0.0526315789473684,0.11,0.631578947368421,0.227272727272727,0.5625
20,2,"nb",5,"lm_pseudo_depth",257,0,1,0,0.035,0.210526315789474,0,0.0625
20,2,"nb",5,"abund_lm_depth",191,66,0,0,0.0718954248366013,0.272727272727273,0.0588235294117647,0
20,2,"nb",5,"zip",241,16,0,0,0.0466321243523316,0.0666666666666667,0,0
20,2,"nb",5,"lm_pseudo_mc",257,0,1,0,0.065,0.315789473684211,0.181818181818182,0.3125
50,2,"nb",5,"naive",294,0,0,0,0.114155251141553,0.346153846153846,0.0909090909090909,0.444444444444444
50,2,"nb",5,"depthcov",294,0,0,0,0.0319634703196347,0.192307692307692,0.0909090909090909,0.259259259259259
50,2,"nb",5,"er_lm",294,0,0.2,0.0754716981132075,0.0684931506849315,0.423076923076923,0.136363636363636,0.444444444444444
50,2,"nb",5,"abund_lm",278,16,0,0.0217391304347826,0.104761904761905,0.136363636363636,0.25,0.346153846153846
50,2,"nb",5,"occ_depth",294,0,0.285714285714286,0.0943396226415094,0.0684931506849315,0.538461538461538,0.136363636363636,0.407407407407407
50,2,"nb",5,"occ_full",294,0,0.272727272727273,0.150943396226415,0.100456621004566,0.461538461538462,0.0454545454545455,0.481481481481481
50,2,"nb",5,"occ_cal",294,0,0,0.0188679245283019,0.0867579908675799,0.423076923076923,0.0454545454545455,0.481481481481481
50,2,"nb",5,"abund_trunc",278,16,0,0.0217391304347826,0.10952380952381,0.136363636363636,0.4,0.346153846153846
50,2,"nb",5,"occ_trunc",294,0,0.333333333333333,0.113207547169811,0.100456621004566,0.461538461538462,0.0909090909090909,0.481481481481481
50,2,"nb",5,"abund_ztnb",278,16,0,0.0652173913043478,0.10952380952381,0,0.45,0.538461538461538
50,2,"nb",5,"occ_ztnb",278,16,0.4,0.0625,0.080952380952381,0.5,0.05,0.384615384615385
50,2,"nb",5,"lm_pseudo",294,0,0.719512195121951,0.469387755102041,0.292237442922374,0.615384615384615,0.454545454545455,0.555555555555556
50,2,"nb",5,"lm_pseudo_depth",294,0,0.5,0.0408163265306122,0.045662100456621,0.307692307692308,0.136363636363636,0.333333333333333
50,2,"nb",5,"abund_lm_depth",278,16,0,0,0.080952380952381,0.0909090909090909,0.05,0.115384615384615
50,2,"nb",5,"zip",291,3,0,0,0.0867579908675799,0.375,0.0454545454545455,0.346153846153846
50,2,"nb",5,"lm_pseudo_mc",294,0,0.578947368421053,0.163265306122449,0.0776255707762557,0.538461538461538,0.272727272727273,0.555555555555556
100,2,"nb",5,"naive",299,0,0.166666666666667,0.326086956521739,0.110169491525424,0.708333333333333,0.117647058823529,0.5
100,2,"nb",5,"depthcov",299,0,0,0,0.0550847457627119,0.458333333333333,0.0588235294117647,0.590909090909091
100,2,"nb",5,"er_lm",299,0,0.0625,0.326086956521739,0.0635593220338983,0.5,0.352941176470588,0.727272727272727
100,2,"nb",5,"abund_lm",292,7,0.2,0.222222222222222,0.137931034482759,0.0833333333333333,0.4375,0.4
100,2,"nb",5,"occ_depth",299,0,0,0.347826086956522,0.0805084745762712,0.541666666666667,0.117647058823529,0.681818181818182
100,2,"nb",5,"occ_full",299,0,0.111111111111111,0.347826086956522,0.105932203389831,0.541666666666667,0.176470588235294,0.590909090909091
100,2,"nb",5,"occ_cal",299,0,0.0666666666666667,0.304347826086957,0.0889830508474576,0.5,0.0588235294117647,0.5
100,2,"nb",5,"abund_trunc",292,7,0,0.166666666666667,0.107758620689655,0.0833333333333333,0.4375,0.35
100,2,"nb",5,"occ_trunc",299,0,0.0666666666666667,0.304347826086957,0.0932203389830508,0.541666666666667,0.117647058823529,0.545454545454545
100,2,"nb",5,"abund_ztnb",292,7,0.285714285714286,0.138888888888889,0.0646551724137931,0.166666666666667,0.6875,0.45
100,2,"nb",5,"occ_ztnb",292,7,0.181818181818182,0.204545454545455,0.0732758620689655,0.583333333333333,0.0625,0.25
100,2,"nb",5,"lm_pseudo",299,0,0.777777777777778,0.666666666666667,0.406779661016949,0.5,0.705882352941177,0.818181818181818
100,2,"nb",5,"lm_pseudo_depth",299,0,0.285714285714286,0.128205128205128,0.0550847457627119,0.416666666666667,0.235294117647059,0.590909090909091
100,2,"nb",5,"abund_lm_depth",292,7,0,0.0833333333333333,0.0301724137931034,0.0416666666666667,0.3125,0.35
100,2,"nb",5,"zip",296,3,0,0.155555555555556,0.051063829787234,0.5,0,0.476190476190476
100,2,"nb",5,"lm_pseudo_mc",299,0,0.375,0.384615384615385,0.0932203389830508,0.541666666666667,0.470588235294118,0.818181818181818
20,4,"nb",5,"naive",273,0,0,0,0.0737327188940092,0.222222222222222,0.0869565217391304,0.133333333333333
20,4,"nb",5,"depthcov",273,0,0,0,0,0.111111111111111,0,0
20,4,"nb",5,"er_lm",273,0,0,0,0.0414746543778802,0.166666666666667,0.217391304347826,0.133333333333333
20,4,"nb",5,"abund_lm",217,56,0.5,0.0344827586206897,0.0988372093023256,0.125,0.0714285714285714,0.266666666666667
20,4,"nb",5,"occ_depth",273,0,0,0,0.0691244239631336,0.166666666666667,0.130434782608696,0.0666666666666667
20,4,"nb",5,"occ_full",273,0,0,0,0.0967741935483871,0.333333333333333,0.173913043478261,0.2
20,4,"nb",5,"occ_cal",273,0,0,0,0.0645161290322581,0.222222222222222,0.0869565217391304,0.0666666666666667
20,4,"nb",5,"abund_trunc",217,56,0.5,0.137931034482759,0.104651162790698,0.0625,0.0714285714285714,0.333333333333333
20,4,"nb",5,"occ_trunc",273,0,0,0,0.0967741935483871,0.333333333333333,0.130434782608696,0.2
20,4,"nb",5,"abund_ztnb",217,56,0,0.103448275862069,0.0813953488372093,0.0625,0.214285714285714,0.333333333333333
20,4,"nb",5,"occ_ztnb",217,56,0,0,0.0581395348837209,0.375,0,0.133333333333333
20,4,"nb",5,"lm_pseudo",273,0,0.847826086956522,0.184210526315789,0.36405529953917,0.5,0.347826086956522,0.266666666666667
20,4,"nb",5,"lm_pseudo_depth",273,0,0,0,0.0276497695852535,0.111111111111111,0,0
20,4,"nb",5,"abund_lm_depth",217,56,0,0,0.0406976744186047,0.0625,0,0.333333333333333
20,4,"nb",5,"zip",261,12,0,0,0.0288461538461538,0.166666666666667,0.05,0
20,4,"nb",5,"lm_pseudo_mc",273,0,0.571428571428571,0.0789473684210526,0.0691244239631336,0.166666666666667,0.260869565217391,0.0666666666666667
50,4,"nb",5,"naive",296,0,0,0,0.099601593625498,0.45,0.214285714285714,0.0909090909090909
50,4,"nb",5,"depthcov",296,0,0,0,0.0398406374501992,0,0.285714285714286,0
50,4,"nb",5,"er_lm",296,0,0,0,0.047808764940239,0.45,0.357142857142857,0.272727272727273
50,4,"nb",5,"abund_lm",287,9,1,0,0.213991769547325,0.1,0.357142857142857,0.4
50,4,"nb",5,"occ_depth",296,0,0,0,0.0557768924302789,0.4,0.0714285714285714,0.0909090909090909
50,4,"nb",5,"occ_full",296,0,0,0,0.0796812749003984,0.35,0.0714285714285714,0.0909090909090909
50,4,"nb",5,"occ_cal",296,0,0,0,0.0597609561752988,0.25,0.0714285714285714,0
50,4,"nb",5,"abund_trunc",287,9,0,0,0.148148148148148,0.1,0.428571428571429,0.5
50,4,"nb",5,"occ_trunc",296,0,0,0,0.0677290836653386,0.35,0.0714285714285714,0.0909090909090909
50,4,"nb",5,"abund_ztnb",287,9,0.666666666666667,0.0416666666666667,0.131687242798354,0.25,0.357142857142857,0.2
50,4,"nb",5,"occ_ztnb",287,9,0,0,0.0534979423868313,0.3,0.0714285714285714,0.1
50,4,"nb",5,"lm_pseudo",296,0,0.896825396825397,0.52,0.525896414342629,0.55,0.428571428571429,0.727272727272727
50,4,"nb",5,"lm_pseudo_depth",296,0,0,0,0.0557768924302789,0.15,0.428571428571429,0.0909090909090909
50,4,"nb",5,"abund_lm_depth",287,9,1,0,0.037037037037037,0.05,0.142857142857143,0
50,4,"nb",5,"zip",294,2,0,0,0.036144578313253,0.25,0.214285714285714,0
50,4,"nb",5,"lm_pseudo_mc",296,0,0.761904761904762,0.2,0.107569721115538,0.6,0.285714285714286,0.636363636363636
100,4,"nb",5,"naive",299,0,0.511111111111111,0.611111111111111,0.252100840336134,0.523809523809524,0.2,1
100,4,"nb",5,"depthcov",299,0,0,0,0.0504201680672269,0.142857142857143,0.12,0.466666666666667
100,4,"nb",5,"er_lm",299,0,0.0833333333333333,0.305555555555556,0.0420168067226891,0.428571428571429,0.52,0.866666666666667
100,4,"nb",5,"abund_lm",298,1,0.527777777777778,0.425,0.226890756302521,0.25,0.56,0.666666666666667
100,4,"nb",5,"occ_depth",299,0,0.176470588235294,0.388888888888889,0.0546218487394958,0.619047619047619,0.24,0.866666666666667
100,4,"nb",5,"occ_full",299,0,0.227272727272727,0.472222222222222,0.142857142857143,0.666666666666667,0.2,1
100,4,"nb",5,"occ_cal",299,0,0.333333333333333,0.166666666666667,0.0882352941176471,0.428571428571429,0.08,0.666666666666667
100,4,"nb",5,"abund_trunc",298,1,0.352941176470588,0.275,0.134453781512605,0.2,0.6,0.666666666666667
100,4,"nb",5,"occ_trunc",299,0,0.210526315789474,0.416666666666667,0.109243697478992,0.571428571428571,0.2,0.933333333333333
100,4,"nb",5,"abund_ztnb",298,1,0.176470588235294,0.35,0.0966386554621849,0.15,0.48,0.8
100,4,"nb",5,"occ_ztnb",298,1,0.333333333333333,0.0571428571428571,0.0588235294117647,0,0.12,0.8
100,4,"nb",5,"lm_pseudo",299,0,0.842696629213483,0.7,0.592436974789916,0.571428571428571,0.76,0.866666666666667
100,4,"nb",5,"lm_pseudo_depth",299,0,0.4,0.075,0.0420168067226891,0.19047619047619,0.12,0.6
100,4,"nb",5,"abund_lm_depth",298,1,0,0,0.046218487394958,0.15,0.12,0.466666666666667
100,4,"nb",5,"zip",298,1,0,0.257142857142857,0.121848739495798,0.55,0.2,1
100,4,"nb",5,"lm_pseudo_mc",299,0,0.596153846153846,0.525,0.197478991596639,0.571428571428571,0.52,0.8
20,1,"poisson",6,"naive",258,0,0,0,0.0140845070422535,0.105263157894737,0,0.153846153846154
20,1,"poisson",6,"depthcov",258,0,0,0,0.0140845070422535,0.105263157894737,0,0.153846153846154
20,1,"poisson",6,"er_lm",258,0,1,0,0.0234741784037559,0.105263157894737,0.0769230769230769,0.384615384615385
20,1,"poisson",6,"abund_lm",200,58,0,0,0.0176470588235294,0.111111111111111,0.454545454545455,0.3
20,1,"poisson",6,"occ_depth",258,0,0,0,0.0751173708920188,0.263157894736842,0,0.384615384615385
20,1,"poisson",6,"occ_full",258,0,0,0,0.0751173708920188,0.263157894736842,0,0.230769230769231
20,1,"poisson",6,"occ_cal",258,0,0,0,0.07981220657277,0.263157894736842,0,0.230769230769231
20,1,"poisson",6,"abund_trunc",200,58,0,0,0.0411764705882353,0.111111111111111,0.545454545454545,0.3
20,1,"poisson",6,"occ_trunc",258,0,0,0,0.0704225352112676,0.210526315789474,0,0.230769230769231
20,1,"poisson",6,"abund_ztnb",199,59,0,0,0.0473372781065089,0.111111111111111,0.545454545454545,0.6
20,1,"poisson",6,"occ_ztnb",200,58,0,0,0.0529411764705882,0.111111111111111,0,0.1
20,1,"poisson",6,"lm_pseudo",258,0,0,0,0.0328638497652582,0.105263157894737,0.0769230769230769,0.461538461538462
20,1,"poisson",6,"lm_pseudo_depth",258,0,0,0,0.0375586854460094,0.157894736842105,0.0769230769230769,0.461538461538462
20,1,"poisson",6,"abund_lm_depth",200,58,1,0,0.0411764705882353,0.111111111111111,0.272727272727273,0.2
20,1,"poisson",6,"zip",249,9,0,0,0.00961538461538462,0,0,0
20,1,"poisson",6,"lm_pseudo_mc",258,0,0,0,0.0375586854460094,0.0526315789473684,0.153846153846154,0.461538461538462
50,1,"poisson",6,"naive",291,0,0.5,0.0277777777777778,0.0555555555555556,0.269230769230769,0.285714285714286,0.5
50,1,"poisson",6,"depthcov",291,0,0.5,0.0277777777777778,0.0555555555555556,0.269230769230769,0.333333333333333,0.5
50,1,"poisson",6,"er_lm",291,0,0.375,0.138888888888889,0.0512820512820513,0.423076923076923,0.333333333333333,0.6
50,1,"poisson",6,"abund_lm",273,18,0,0,0.0681818181818182,0,0.421052631578947,0.1
50,1,"poisson",6,"occ_depth",291,0,0.375,0.138888888888889,0.0769230769230769,0.384615384615385,0.333333333333333,0.6
50,1,"poisson",6,"occ_full",291,0,0,0,0.0726495726495727,0.307692307692308,0.285714285714286,0.5
50,1,"poisson",6,"occ_cal",291,0,0,0,0.0683760683760684,0.269230769230769,0.19047619047619,0.5
50,1,"poisson",6,"abund_trunc",273,18,0.8,0.0344827586206897,0.0863636363636364,0,0.421052631578947,0.2
50,1,"poisson",6,"occ_trunc",291,0,0,0,0.0769230769230769,0.307692307692308,0.238095238095238,0.5
50,1,"poisson",6,"abund_ztnb",273,18,0,0,0.109090909090909,0.166666666666667,0.421052631578947,0.3
50,1,"poisson",6,"occ_ztnb",273,18,0,0.0882352941176471,0.0681818181818182,0.25,0.105263157894737,0.6
50,1,"poisson",6,"lm_pseudo",291,0,0.2,0.129032258064516,0.0598290598290598,0.346153846153846,0.380952380952381,0.6
50,1,"poisson",6,"lm_pseudo_depth",291,0,0.333333333333333,0.193548387096774,0.0683760683760684,0.384615384615385,0.380952380952381,0.6
50,1,"poisson",6,"abund_lm_depth",273,18,1,0,0.0863636363636364,0.0416666666666667,0.315789473684211,0.2
50,1,"poisson",6,"zip",284,7,0,0,0.0394736842105263,0.16,0,0.3
50,1,"poisson",6,"lm_pseudo_mc",291,0,0.2,0.129032258064516,0.0598290598290598,0.307692307692308,0.380952380952381,0.6
100,1,"poisson",6,"naive",297,0,0.111111111111111,0.242424242424242,0.045643153526971,0.384615384615385,0.173913043478261,0.6
100,1,"poisson",6,"depthcov",297,0,0.1,0.272727272727273,0.04149377593361,0.384615384615385,0.173913043478261,0.6
100,1,"poisson",6,"er_lm",297,0,0.214285714285714,0.333333333333333,0.029045643153527,0.384615384615385,0.478260869565217,0.55
100,1,"poisson",6,"abund_lm",294,3,0.117647058823529,0.357142857142857,0.0376569037656904,0,0.521739130434783,0.578947368421053
100,1,"poisson",6,"occ_depth",297,0,0.1,0.272727272727273,0.0497925311203319,0.384615384615385,0.217391304347826,0.6
100,1,"poisson",6,"occ_full",297,0,0,0.242424242424242,0.0497925311203319,0.384615384615385,0.130434782608696,0.6
100,1,"poisson",6,"occ_cal",297,0,0.166666666666667,0.151515151515152,0.0622406639004149,0.307692307692308,0.130434782608696,0.45
100,1,"poisson",6,"abund_trunc",294,3,0.166666666666667,0.357142857142857,0.0585774058577406,0,0.521739130434783,0.578947368421053
100,1,"poisson",6,"occ_trunc",297,0,0,0.212121212121212,0.0539419087136929,0.307692307692308,0.130434782608696,0.65
100,1,"poisson",6,"abund_ztnb",294,3,0.0526315789473684,0.428571428571429,0.0920502092050209,0,0.608695652173913,0.578947368421053
100,1,"poisson",6,"occ_ztnb",294,3,0.461538461538462,0.21875,0.0836820083682008,0.384615384615385,0.0434782608695652,0.578947368421053
100,1,"poisson",6,"lm_pseudo",297,0,0.153846153846154,0.255813953488372,0.024896265560166,0.461538461538462,0.478260869565217,0.65
100,1,"poisson",6,"lm_pseudo_depth",297,0,0.1875,0.302325581395349,0.033195020746888,0.461538461538462,0.478260869565217,0.65
100,1,"poisson",6,"abund_lm_depth",294,3,0.166666666666667,0.357142857142857,0.0418410041841004,0,0.521739130434783,0.578947368421053
100,1,"poisson",6,"zip",296,1,0,0.151515151515152,0.0375,0.384615384615385,0.0434782608695652,0.45
100,1,"poisson",6,"lm_pseudo_mc",297,0,0.142857142857143,0.27906976744186,0.024896265560166,0.461538461538462,0.478260869565217,0.6
20,2,"poisson",6,"naive",264,0,0,0,0.027906976744186,0.133333333333333,0.0769230769230769,0.19047619047619
20,2,"poisson",6,"depthcov",264,0,0,0,0.0186046511627907,0,0,0
20,2,"poisson",6,"er_lm",264,0,1,0,0.0558139534883721,0.133333333333333,0.307692307692308,0.285714285714286
20,2,"poisson",6,"abund_lm",213,51,0,0,0.0635838150289017,0.153846153846154,0.384615384615385,0.428571428571429
20,2,"poisson",6,"occ_depth",264,0,0,0,0.0790697674418605,0.2,0.153846153846154,0.285714285714286
20,2,"poisson",6,"occ_full",264,0,0,0,0.0790697674418605,0.2,0.0769230769230769,0.285714285714286
20,2,"poisson",6,"occ_cal",264,0,0,0,0.0883720930232558,0.2,0.0769230769230769,0.142857142857143
20,2,"poisson",6,"abund_trunc",213,51,0,0.185185185185185,0.0867052023121387,0.230769230769231,0.384615384615385,0.428571428571429
20,2,"poisson",6,"occ_trunc",264,0,0,0,0.0837209302325581,0.2,0.0769230769230769,0.238095238095238
20,2,"poisson",6,"abund_ztnb",213,51,0,0.037037037037037,0.104046242774566,0.230769230769231,0.307692307692308,0.428571428571429
20,2,"poisson",6,"occ_ztnb",213,51,0,0,0.0404624277456647,0.230769230769231,0.0769230769230769,0.214285714285714
20,2,"poisson",6,"lm_pseudo",264,0,0.7,0.0882352941176471,0.162790697674419,0.2,0.461538461538462,0.476190476190476
20,2,"poisson",6,"lm_pseudo_depth",264,0,0,0,0.0790697674418605,0.133333333333333,0.230769230769231,0.238095238095238
20,2,"poisson",6,"abund_lm_depth",213,51,0,0,0.0404624277456647,0,0.230769230769231,0.285714285714286
20,2,"poisson",6,"zip",254,10,0,0,0.0192307692307692,0.0714285714285714,0,0.210526315789474
20,2,"poisson",6,"lm_pseudo_mc",264,0,0.5,0.0294117647058824,0.0790697674418605,0.2,0.230769230769231,0.380952380952381
50,2,"poisson",6,"naive",288,0,0,0.0277777777777778,0.0765957446808511,0.333333333333333,0.0588235294117647,0.444444444444444
50,2,"poisson",6,"depthcov",288,0,0,0,0.0340425531914894,0.0555555555555556,0,0.222222222222222
50,2,"poisson",6,"er_lm",288,0,0,0.0277777777777778,0.025531914893617,0.277777777777778,0.117647058823529,0.388888888888889
50,2,"poisson",6,"abund_lm",264,24,0.428571428571429,0.129032258064516,0.12962962962963,0.294117647058824,0.4,0.5
50,2,"poisson",6,"occ_depth",288,0,0,0.0277777777777778,0.0595744680851064,0.333333333333333,0,0.333333333333333
50,2,"poisson",6,"occ_full",288,0,0,0.0277777777777778,0.0851063829787234,0.333333333333333,0,0.5
50,2,"poisson",6,"occ_cal",288,0,0,0,0.0553191489361702,0.444444444444444,0,0.333333333333333
50,2,"poisson",6,"abund_trunc",264,24,0.4,0.0967741935483871,0.12037037037037,0.352941176470588,0.4,0.5625
50,2,"poisson",6,"occ_trunc",288,0,0,0.0277777777777778,0.0808510638297872,0.333333333333333,0,0.333333333333333
50,2,"poisson",6,"abund_ztnb",262,26,0.4,0.0967741935483871,0.135514018691589,0.235294117647059,0.466666666666667,0.625
50,2,"poisson",6,"occ_ztnb",264,24,0,0.0909090909090909,0.087962962962963,0.529411764705882,0,0.375
50,2,"poisson",6,"lm_pseudo",288,0,0.813953488372093,0.457142857142857,0.34468085106383,0.555555555555556,0.294117647058824,0.833333333333333
50,2,"poisson",6,"lm_pseudo_depth",288,0,0,0.0285714285714286,0.0382978723404255,0.0555555555555556,0,0.222222222222222
50,2,"poisson",6,"abund_lm_depth",264,24,0,0,0.0462962962962963,0.0588235294117647,0.266666666666667,0.25
50,2,"poisson",6,"zip",285,3,0,0.0277777777777778,0.0474137931034483,0.277777777777778,0,0.444444444444444
50,2,"poisson",6,"lm_pseudo_mc",288,0,0.333333333333333,0.0571428571428571,0.0638297872340425,0.277777777777778,0.176470588235294,0.555555555555556
100,2,"poisson",6,"naive",299,0,0.133333333333333,0.40625,0.119521912350598,0.538461538461538,0.1875,0.736842105263158
100,2,"poisson",6,"depthcov",299,0,0,0.03125,0.0597609561752988,0.461538461538462,0.0625,0.578947368421053
100,2,"poisson",6,"er_lm",299,0,0.1875,0.40625,0.051792828685259,0.538461538461538,0.5,0.684210526315789
100,2,"poisson",6,"abund_lm",297,2,0.333333333333333,0.514285714285714,0.152610441767068,0.0769230769230769,0.8125,0.631578947368421
100,2,"poisson",6,"occ_depth",299,0,0.0714285714285714,0.40625,0.0637450199203187,0.461538461538462,0.25,0.736842105263158
100,2,"poisson",6,"occ_full",299,0,0.0714285714285714,0.40625,0.099601593625498,0.461538461538462,0.0625,0.736842105263158
100,2,"poisson",6,"occ_cal",299,0,0.1,0.28125,0.0836653386454183,0.461538461538462,0.125,0.631578947368421
100,2,"poisson",6,"abund_trunc",297,2,0.157894736842105,0.457142857142857,0.120481927710843,0,0.9375,0.684210526315789
100,2,"poisson",6,"occ_trunc",299,0,0.0714285714285714,0.40625,0.0876494023904383,0.461538461538462,0.0625,0.736842105263158
100,2,"poisson",6,"abund_ztnb",297,2,0.333333333333333,0.4,0.144578313253012,0,0.8125,0.684210526315789
100,2,"poisson",6,"occ_ztnb",297,2,0.266666666666667,0.34375,0.0763052208835341,0.461538461538462,0.1875,0.684210526315789
100,2,"poisson",6,"lm_pseudo",299,0,0.764150943396226,0.714285714285714,0.426294820717131,0.692307692307692,0.75,0.736842105263158
100,2,"poisson",6,"lm_pseudo_depth",299,0,0.111111111111111,0.228571428571429,0.0677290836653386,0.461538461538462,0.1875,0.578947368421053
100,2,"poisson",6,"abund_lm_depth",297,2,0,0.171428571428571,0.0401606425702811,0,0.5625,0.421052631578947
100,2,"poisson",6,"zip",299,0,0,0.375,0.0637450199203187,0.461538461538462,0.1875,0.736842105263158
100,2,"poisson",6,"lm_pseudo_mc",299,0,0.517241379310345,0.4,0.111553784860558,0.692307692307692,0.5625,0.684210526315789
20,4,"poisson",6,"naive",276,0,0,0,0.0538116591928251,0.05,0.0952380952380952,0.166666666666667
20,4,"poisson",6,"depthcov",276,0,0,0,0.0224215246636771,0.05,0,0.0833333333333333
20,4,"poisson",6,"er_lm",276,0,1,0,0.0672645739910314,0.1,0,0.333333333333333
20,4,"poisson",6,"abund_lm",238,38,0,0,0.0567010309278351,0.125,0.157894736842105,0.111111111111111
20,4,"poisson",6,"occ_depth",276,0,0,0,0.0582959641255605,0.3,0,0.416666666666667
20,4,"poisson",6,"occ_full",276,0,0,0,0.0672645739910314,0.3,0,0.333333333333333
20,4,"poisson",6,"occ_cal",276,0,0,0,0.0582959641255605,0.3,0,0.333333333333333
20,4,"poisson",6,"abund_trunc",238,38,0,0,0.0670103092783505,0.125,0.210526315789474,0.111111111111111
20,4,"poisson",6,"occ_trunc",276,0,0,0,0.0672645739910314,0.25,0,0.333333333333333
20,4,"poisson",6,"abund_ztnb",238,38,0,0,0.0721649484536082,0.0625,0.368421052631579,0.111111111111111
20,4,"poisson",6,"occ_ztnb",238,38,0,0,0.0360824742268041,0.25,0,0.222222222222222
20,4,"poisson",6,"lm_pseudo",276,0,0.857142857142857,0.0606060606060606,0.152466367713004,0.35,0.0952380952380952,0.5
20,4,"poisson",6,"lm_pseudo_depth",276,0,0,0,0.0538116591928251,0.15,0,0.0833333333333333
20,4,"poisson",6,"abund_lm_depth",238,38,0,0,0.0824742268041237,0.0625,0.105263157894737,0
20,4,"poisson",6,"zip",271,5,0,0,0.0273972602739726,0,0,0.0909090909090909
20,4,"poisson",6,"lm_pseudo_mc",276,0,0,0,0.0717488789237668,0.3,0.0476190476190476,0.25
50,4,"poisson",6,"naive",292,0,0.25,0.0789473684210526,0.12280701754386,0.35,0.0384615384615385,0.5
50,4,"poisson",6,"depthcov",292,0,0,0,0.0482456140350877,0.1,0.0384615384615385,0.166666666666667
50,4,"poisson",6,"er_lm",292,0,0.25,0.0789473684210526,0.0482456140350877,0.4,0.192307692307692,0.388888888888889
50,4,"poisson",6,"abund_lm",286,6,0.388888888888889,0.268292682926829,0.151111111111111,0.15,0.56,0.5625
50,4,"poisson",6,"occ_depth",292,0,0.25,0.0789473684210526,0.0657894736842105,0.45,0.0769230769230769,0.444444444444444
50,4,"poisson",6,"occ_full",292,0,0.25,0.0789473684210526,0.0921052631578947,0.5,0.0769230769230769,0.5
50,4,"poisson",6,"occ_cal",292,0,0,0.0789473684210526,0.0833333333333333,0.45,0.153846153846154,0.388888888888889
50,4,"poisson",6,"abund_trunc",286,6,0.230769230769231,0.24390243902439,0.124444444444444,0.05,0.6,0.5625
50,4,"poisson",6,"occ_trunc",292,0,0.25,0.0789473684210526,0.0921052631578947,0.5,0.0769230769230769,0.444444444444444
50,4,"poisson",6,"abund_ztnb",286,6,0.0666666666666667,0.341463414634146,0.12,0.05,0.56,0.5625
50,4,"poisson",6,"occ_ztnb",286,6,0,0.0555555555555556,0.0533333333333333,0.4,0.04,0.4375
50,4,"poisson",6,"lm_pseudo",292,0,0.821705426356589,0.522727272727273,0.460526315789474,0.75,0.5,0.666666666666667
50,4,"poisson",6,"lm_pseudo_depth",292,0,0,0,0.0175438596491228,0.15,0.153846153846154,0.166666666666667
50,4,"poisson",6,"abund_lm_depth",286,6,0,0,0.04,0,0.24,0.1875
50,4,"poisson",6,"zip",289,3,0,0,0.0440528634361234,0.4,0,0.470588235294118
50,4,"poisson",6,"lm_pseudo_mc",292,0,0.25,0.204545454545455,0.105263157894737,0.55,0.192307692307692,0.5
100,4,"poisson",6,"naive",300,0,0.480769230769231,0.6,0.258474576271186,0.769230769230769,0.105263157894737,0.684210526315789
100,4,"poisson",6,"depthcov",300,0,0,0,0.0593220338983051,0.346153846153846,0.0526315789473684,0.473684210526316
100,4,"poisson",6,"er_lm",300,0,0.0666666666666667,0.311111111111111,0.0296610169491525,0.576923076923077,0.421052631578947,0.631578947368421
100,4,"poisson",6,"abund_lm",300,0,0.619047619047619,0.631578947368421,0.296610169491525,0.269230769230769,0.894736842105263,0.578947368421053
100,4,"poisson",6,"occ_depth",300,0,0.0625,0.333333333333333,0.038135593220339,0.730769230769231,0.105263157894737,0.736842105263158
100,4,"poisson",6,"occ_full",300,0,0.258064516129032,0.511111111111111,0.148305084745763,0.807692307692308,0.0526315789473684,0.736842105263158
100,4,"poisson",6,"occ_cal",300,0,0.0714285714285714,0.288888888888889,0.11864406779661,0.692307692307692,0.0526315789473684,0.578947368421053
100,4,"poisson",6,"abund_trunc",300,0,0.321428571428571,0.5,0.182203389830508,0.115384615384615,0.894736842105263,0.578947368421053
100,4,"poisson",6,"occ_trunc",300,0,0.153846153846154,0.488888888888889,0.122881355932203,0.807692307692308,0.0526315789473684,0.631578947368421
100,4,"poisson",6,"abund_ztnb",300,0,0.263157894736842,0.368421052631579,0.105932203389831,0.115384615384615,0.789473684210526,0.526315789473684
100,4,"poisson",6,"occ_ztnb",300,0,0.15,0.377777777777778,0.0889830508474576,0.769230769230769,0,0.578947368421053
100,4,"poisson",6,"lm_pseudo",300,0,0.861271676300578,0.631578947368421,0.605932203389831,0.692307692307692,0.368421052631579,0.894736842105263
100,4,"poisson",6,"lm_pseudo_depth",300,0,0.4,0.0789473684210526,0.0466101694915254,0.307692307692308,0.157894736842105,0.473684210526316
100,4,"poisson",6,"abund_lm_depth",300,0,0.5,0.0263157894736842,0.038135593220339,0.153846153846154,0.368421052631579,0.315789473684211
100,4,"poisson",6,"zip",300,0,0.0909090909090909,0.444444444444444,0.110169491525424,0.730769230769231,0.0526315789473684,0.684210526315789
100,4,"poisson",6,"lm_pseudo_mc",300,0,0.666666666666667,0.5,0.152542372881356,0.769230769230769,0.526315789473684,0.736842105263158
20,1,"nb",6,"naive",247,0,0,0,0.0492610837438424,0.117647058823529,0.0625,0.181818181818182
20,1,"nb",6,"depthcov",247,0,0,0,0.0443349753694581,0.117647058823529,0.0625,0.0909090909090909
20,1,"nb",6,"er_lm",247,0,0,0,0.0738916256157636,0.176470588235294,0.125,0.272727272727273
20,1,"nb",6,"abund_lm",191,56,0,0,0.0384615384615385,0,0.0714285714285714,0
20,1,"nb",6,"occ_depth",247,0,0,0,0.083743842364532,0.235294117647059,0.0625,0.272727272727273
20,1,"nb",6,"occ_full",247,0,0,0,0.0689655172413793,0.176470588235294,0.125,0.272727272727273
20,1,"nb",6,"occ_cal",247,0,0,0,0.0788177339901478,0.176470588235294,0.125,0.181818181818182
20,1,"nb",6,"abund_trunc",191,56,0,0,0.0833333333333333,0,0.142857142857143,0
20,1,"nb",6,"occ_trunc",247,0,0,0,0.0689655172413793,0.176470588235294,0.125,0.272727272727273
20,1,"nb",6,"abund_ztnb",191,56,0,0,0.16025641025641,0,0.142857142857143,0
20,1,"nb",6,"occ_ztnb",191,56,0,0,0.0705128205128205,0.142857142857143,0.142857142857143,0.285714285714286
20,1,"nb",6,"lm_pseudo",247,0,0,0,0.0738916256157636,0.117647058823529,0.125,0.0909090909090909
20,1,"nb",6,"lm_pseudo_depth",247,0,0,0,0.0738916256157636,0.176470588235294,0.0625,0.181818181818182
20,1,"nb",6,"abund_lm_depth",191,56,0,0,0.0705128205128205,0,0,0
20,1,"nb",6,"zip",241,6,0,0,0.0251256281407035,0.125,0.0625,0.2
20,1,"nb",6,"lm_pseudo_mc",247,0,0,0,0.0541871921182266,0.117647058823529,0.0625,0.0909090909090909
50,1,"nb",6,"naive",289,0,0,0,0.0210970464135021,0.333333333333333,0.136363636363636,0.266666666666667
50,1,"nb",6,"depthcov",289,0,0,0,0.0210970464135021,0.333333333333333,0.136363636363636,0.333333333333333
50,1,"nb",6,"er_lm",289,0,0,0.0666666666666667,0.029535864978903,0.333333333333333,0.227272727272727,0.4
50,1,"nb",6,"abund_lm",271,18,0,0.0571428571428571,0.0625,0.0833333333333333,0.333333333333333,0.214285714285714
50,1,"nb",6,"occ_depth",289,0,0.333333333333333,0.0666666666666667,0.0379746835443038,0.4,0.181818181818182,0.466666666666667
50,1,"nb",6,"occ_full",289,0,0.25,0.1,0.0464135021097046,0.466666666666667,0.181818181818182,0.333333333333333
50,1,"nb",6,"occ_cal",289,0,0.25,0.1,0.0548523206751055,0.466666666666667,0.136363636363636,0.2
50,1,"nb",6,"abund_trunc",271,18,0,0.0571428571428571,0.0848214285714286,0.0833333333333333,0.333333333333333,0.285714285714286
50,1,"nb",6,"occ_trunc",289,0,0.25,0.1,0.0590717299578059,0.533333333333333,0.136363636363636,0.266666666666667
50,1,"nb",6,"abund_ztnb",271,18,0,0.0571428571428571,0.116071428571429,0.25,0.428571428571429,0.214285714285714
50,1,"nb",6,"occ_ztnb",271,18,0.4,0.115384615384615,0.0535714285714286,0.5,0.0952380952380952,0.142857142857143
50,1,"nb",6,"lm_pseudo",289,0,0.2,0.108108108108108,0.0253164556962025,0.2,0.227272727272727,0.333333333333333
50,1,"nb",6,"lm_pseudo_depth",289,0,0.2,0.108108108108108,0.0253164556962025,0.266666666666667,0.227272727272727,0.4
50,1,"nb",6,"abund_lm_depth",271,18,0.333333333333333,0.0571428571428571,0.0446428571428571,0.166666666666667,0.380952380952381,0.214285714285714
50,1,"nb",6,"zip",285,4,0,0,0.0340425531914894,0.357142857142857,0.142857142857143,0.266666666666667
50,1,"nb",6,"lm_pseudo_mc",289,0,0.5,0.027027027027027,0.0126582278481013,0.2,0.181818181818182,0.4
100,1,"nb",6,"naive",298,0,0,0.282051282051282,0.033195020746888,0.416666666666667,0.277777777777778,0.533333333333333
100,1,"nb",6,"depthcov",298,0,0,0.282051282051282,0.033195020746888,0.375,0.277777777777778,0.533333333333333
100,1,"nb",6,"er_lm",298,0,0.142857142857143,0.307692307692308,0.004149377593361,0.375,0.5,0.533333333333333
100,1,"nb",6,"abund_lm",293,5,0,0.181818181818182,0.0421940928270042,0,0.388888888888889,0.533333333333333
100,1,"nb",6,"occ_depth",298,0,0,0.307692307692308,0.04149377593361,0.5,0.277777777777778,0.533333333333333
100,1,"nb",6,"occ_full",298,0,0,0.282051282051282,0.0580912863070539,0.5,0.111111111111111,0.6
100,1,"nb",6,"occ_cal",298,0,0,0.179487179487179,0.0705394190871369,0.541666666666667,0.0555555555555556,0.466666666666667
100,1,"nb",6,"abund_trunc",293,5,0,0.181818181818182,0.0548523206751055,0,0.444444444444444,0.533333333333333
100,1,"nb",6,"occ_trunc",298,0,0,0.205128205128205,0.0705394190871369,0.5,0.111111111111111,0.6
100,1,"nb",6,"abund_ztnb",293,5,0.25,0.181818181818182,0.143459915611814,0.0869565217391304,0.5,0.533333333333333
100,1,"nb",6,"occ_ztnb",293,5,0.428571428571429,0.105263157894737,0.0843881856540084,0.304347826086957,0.111111111111111,0.4
100,1,"nb",6,"lm_pseudo",298,0,0.307692307692308,0.272727272727273,0.012448132780083,0.333333333333333,0.444444444444444,0.533333333333333
100,1,"nb",6,"lm_pseudo_depth",298,0,0.333333333333333,0.303030303030303,0.016597510373444,0.416666666666667,0.555555555555556,0.533333333333333
100,1,"nb",6,"abund_lm_depth",293,5,0,0.151515151515152,0.0548523206751055,0,0.388888888888889,0.6
100,1,"nb",6,"zip",295,3,0,0.131578947368421,0.0418410041841004,0.434782608695652,0.111111111111111,0.4
100,1,"nb",6,"lm_pseudo_mc",298,0,0.25,0.272727272727273,0.00829875518672199,0.375,0.555555555555556,0.533333333333333
20,2,"nb",6,"naive",269,0,0,0,0.0518867924528302,0.142857142857143,0,0
20,2,"nb",6,"depthcov",269,0,0,0,0.0330188679245283,0,0,0
20,2,"nb",6,"er_lm",269,0,0,0,0.0377358490566038,0.214285714285714,0.130434782608696,0.15
20,2,"nb",6,"abund_lm",209,60,1,0,0.101796407185629,0,0.125,0.266666666666667
20,2,"nb",6,"occ_depth",269,0,0,0,0.0660377358490566,0.285714285714286,0.0869565217391304,0.15
20,2,"nb",6,"occ_full",269,0,0,0,0.0849056603773585,0.285714285714286,0.0869565217391304,0.15
20,2,"nb",6,"occ_cal",269,0,0,0,0.080188679245283,0.357142857142857,0.0434782608695652,0.1
20,2,"nb",6,"abund_trunc",209,60,1,0,0.125748502994012,0,0.125,0.133333333333333
20,2,"nb",6,"occ_trunc",269,0,0,0,0.0943396226415094,0.285714285714286,0.0434782608695652,0.1
20,2,"nb",6,"abund_ztnb",209,60,0,0,0.149700598802395,0,0.1875,0.266666666666667
20,2,"nb",6,"occ_ztnb",209,60,1,0,0.0838323353293413,0.272727272727273,0,0.0666666666666667
20,2,"nb",6,"lm_pseudo",269,0,1,0,0.183962264150943,0.357142857142857,0.304347826086957,0.45
20,2,"nb",6,"lm_pseudo_depth",269,0,0,0,0.0188679245283019,0.0714285714285714,0.0434782608695652,0
20,2,"nb",6,"abund_lm_depth",209,60,0,0,0.0479041916167665,0.0909090909090909,0.0625,0
20,2,"nb",6,"zip",260,9,0,0,0.0289855072463768,0.153846153846154,0,0
20,2,"nb",6,"lm_pseudo_mc",269,0,0,0,0.0660377358490566,0.285714285714286,0.0434782608695652,0.15
50,2,"nb",6,"naive",296,0,0,0,0.0785123966942149,0.409090909090909,0.0476190476190476,0.0909090909090909
50,2,"nb",6,"depthcov",296,0,0,0,0.0537190082644628,0.318181818181818,0,0.0909090909090909
50,2,"nb",6,"er_lm",296,0,1,0,0.0454545454545455,0.181818181818182,0.0952380952380952,0.181818181818182
50,2,"nb",6,"abund_lm",282,14,0.5,0.0357142857142857,0.0560344827586207,0.227272727272727,0.3,0.25
50,2,"nb",6,"occ_depth",296,0,0,0,0.0909090909090909,0.363636363636364,0,0.0909090909090909
50,2,"nb",6,"occ_full",296,0,0,0,0.0909090909090909,0.454545454545455,0,0.0909090909090909
50,2,"nb",6,"occ_cal",296,0,0,0,0.0785123966942149,0.363636363636364,0,0.0909090909090909
50,2,"nb",6,"abund_trunc",282,14,0.333333333333333,0.0714285714285714,0.0603448275862069,0.136363636363636,0.3,0.25
50,2,"nb",6,"occ_trunc",296,0,0,0,0.0826446280991736,0.363636363636364,0,0.0909090909090909
50,2,"nb",6,"abund_ztnb",282,14,0,0.107142857142857,0.0905172413793103,0.136363636363636,0.3,0.25
50,2,"nb",6,"occ_ztnb",282,14,0,0,0.0603448275862069,0.318181818181818,0,0.25
50,2,"nb",6,"lm_pseudo",296,0,0.851351351351351,0.34375,0.330578512396694,0.681818181818182,0.285714285714286,0.545454545454545
50,2,"nb",6,"lm_pseudo_depth",296,0,0,0,0.0578512396694215,0.272727272727273,0.0952380952380952,0.181818181818182
50,2,"nb",6,"abund_lm_depth",282,14,0,0.0714285714285714,0.0474137931034483,0.0909090909090909,0.25,0.25
50,2,"nb",6,"zip",293,3,0,0,0.0543933054393305,0.272727272727273,0,0.0909090909090909
50,2,"nb",6,"lm_pseudo_mc",296,0,0,0,0.0661157024793388,0.409090909090909,0.0952380952380952,0.272727272727273
100,2,"nb",6,"naive",299,0,0.25,0.0909090909090909,0.0695652173913043,0.578947368421053,0.25,0.714285714285714
100,2,"nb",6,"depthcov",299,0,0,0,0.0652173913043478,0.315789473684211,0.111111111111111,0.571428571428571
100,2,"nb",6,"er_lm",299,0,0.461538461538462,0.212121212121212,0.0608695652173913,0.368421052631579,0.361111111111111,0.714285714285714
100,2,"nb",6,"abund_lm",294,5,0.485714285714286,0.36734693877551,0.176991150442478,0.157894736842105,0.527777777777778,0.692307692307692
100,2,"nb",6,"occ_depth",299,0,0,0.0606060606060606,0.0608695652173913,0.473684210526316,0.166666666666667,0.785714285714286
100,2,"nb",6,"occ_full",299,0,0,0.0909090909090909,0.0652173913043478,0.578947368421053,0.111111111111111,0.571428571428571
100,2,"nb",6,"occ_cal",299,0,0,0.0909090909090909,0.091304347826087,0.526315789473684,0.0277777777777778,0.5
100,2,"nb",6,"abund_trunc",294,5,0.25,0.306122448979592,0.146017699115044,0.0526315789473684,0.555555555555556,0.692307692307692
100,2,"nb",6,"occ_trunc",299,0,0,0.0909090909090909,0.0608695652173913,0.578947368421053,0.0277777777777778,0.571428571428571
100,2,"nb",6,"abund_ztnb",294,5,0.15,0.346938775510204,0.150442477876106,0.105263157894737,0.638888888888889,0.461538461538462
100,2,"nb",6,"occ_ztnb",294,5,0.5,0.03125,0.0663716814159292,0.473684210526316,0.0833333333333333,0.538461538461538
100,2,"nb",6,"lm_pseudo",299,0,0.740384615384615,0.54,0.38695652173913,0.526315789473684,0.638888888888889,0.714285714285714
100,2,"nb",6,"lm_pseudo_depth",299,0,0.25,0.12,0.0521739130434783,0.263157894736842,0.333333333333333,0.642857142857143
100,2,"nb",6,"abund_lm_depth",294,5,0,0.0612244897959184,0.0663716814159292,0,0.388888888888889,0.538461538461538
100,2,"nb",6,"zip",297,2,0,0.0303030303030303,0.0570175438596491,0.473684210526316,0.0833333333333333,0.642857142857143
100,2,"nb",6,"lm_pseudo_mc",299,0,0.25,0.36,0.0956521739130435,0.578947368421053,0.444444444444444,0.714285714285714
20,4,"nb",6,"naive",273,0,0,0,0.0535714285714286,0.133333333333333,0.05,0.285714285714286
20,4,"nb",6,"depthcov",273,0,0,0,0.00892857142857143,0,0,0
20,4,"nb",6,"er_lm",273,0,0.25,0.103448275862069,0.0625,0.2,0.1,0.214285714285714
20,4,"nb",6,"abund_lm",222,51,0,0,0.117977528089888,0,0.333333333333333,0.307692307692308
20,4,"nb",6,"occ_depth",273,0,0.4,0.103448275862069,0.0803571428571429,0.2,0.1,0.214285714285714
20,4,"nb",6,"occ_full",273,0,0.5,0.0689655172413793,0.0892857142857143,0.2,0.1,0.357142857142857
20,4,"nb",6,"occ_cal",273,0,0,0,0.0625,0.2,0.05,0.214285714285714
20,4,"nb",6,"abund_trunc",222,51,0,0.032258064516129,0.129213483146067,0,0.388888888888889,0.230769230769231
20,4,"nb",6,"occ_trunc",273,0,0.5,0.0689655172413793,0.0848214285714286,0.2,0.05,0.285714285714286
20,4,"nb",6,"abund_ztnb",222,51,0,0.032258064516129,0.140449438202247,0.0769230769230769,0.166666666666667,0.230769230769231
20,4,"nb",6,"occ_ztnb",222,51,0.666666666666667,0.0384615384615385,0.0842696629213483,0.230769230769231,0,0.307692307692308
20,4,"nb",6,"lm_pseudo",273,0,0.731707317073171,0.323529411764706,0.272321428571429,0.466666666666667,0.5,0.5
20,4,"nb",6,"lm_pseudo_depth",273,0,0,0,0.0535714285714286,0.2,0.1,0.0714285714285714
20,4,"nb",6,"abund_lm_depth",222,51,0,0,0.0730337078651685,0,0.0555555555555556,0.0769230769230769
20,4,"nb",6,"zip",265,8,0,0,0.0276497695852535,0.0714285714285714,0.05,0.214285714285714
20,4,"nb",6,"lm_pseudo_mc",273,0,0.875,0.0294117647058824,0.0803571428571429,0.266666666666667,0.2,0.214285714285714
50,4,"nb",6,"naive",296,0,0,0.0256410256410256,0.172995780590717,0.35,0.2,0.263157894736842
50,4,"nb",6,"depthcov",296,0,0,0,0.0337552742616034,0.05,0,0.157894736842105
50,4,"nb",6,"er_lm",296,0,0,0.0512820512820513,0.0548523206751055,0.35,0.25,0.368421052631579
50,4,"nb",6,"abund_lm",280,16,0.3,0.212121212121212,0.170305676855895,0.0555555555555556,0.5,0.470588235294118
50,4,"nb",6,"occ_depth",296,0,0,0.102564102564103,0.0759493670886076,0.45,0.1,0.315789473684211
50,4,"nb",6,"occ_full",296,0,0.4,0.0769230769230769,0.118143459915612,0.5,0.1,0.263157894736842
50,4,"nb",6,"occ_cal",296,0,0,0.0256410256410256,0.10126582278481,0.25,0.1,0.263157894736842
50,4,"nb",6,"abund_trunc",280,16,0,0.0909090909090909,0.11353711790393,0.0555555555555556,0.4375,0.529411764705882
50,4,"nb",6,"occ_trunc",296,0,0,0.0512820512820513,0.105485232067511,0.5,0.1,0.368421052631579
50,4,"nb",6,"abund_ztnb",280,16,0.4,0.0909090909090909,0.131004366812227,0.111111111111111,0.375,0.588235294117647
50,4,"nb",6,"occ_ztnb",280,16,0.333333333333333,0.0571428571428571,0.074235807860262,0.333333333333333,0.125,0.294117647058824
50,4,"nb",6,"lm_pseudo",296,0,0.816793893129771,0.615384615384615,0.481012658227848,0.75,0.65,0.789473684210526
50,4,"nb",6,"lm_pseudo_depth",296,0,0,0.0256410256410256,0.0506329113924051,0.15,0.05,0.263157894736842
50,4,"nb",6,"abund_lm_depth",280,16,0,0,0.0305676855895196,0.111111111111111,0.125,0.176470588235294
50,4,"nb",6,"zip",293,3,0,0,0.0893617021276596,0.2,0.0526315789473684,0.105263157894737
50,4,"nb",6,"lm_pseudo_mc",296,0,0.625,0.153846153846154,0.10126582278481,0.55,0.25,0.526315789473684
100,4,"nb",6,"naive",300,0,0.666666666666667,0.393939393939394,0.269709543568465,0.666666666666667,0.269230769230769,0.555555555555556
100,4,"nb",6,"depthcov",300,0,0,0,0.037344398340249,0.333333333333333,0,0.166666666666667
100,4,"nb",6,"er_lm",300,0,0.428571428571429,0.121212121212121,0.045643153526971,0.533333333333333,0.423076923076923,0.388888888888889
100,4,"nb",6,"abund_lm",297,3,0.596153846153846,0.477272727272727,0.322175732217573,0.142857142857143,0.653846153846154,0.666666666666667
100,4,"nb",6,"occ_depth",300,0,0.166666666666667,0.151515151515152,0.0622406639004149,0.866666666666667,0.115384615384615,0.611111111111111
100,4,"nb",6,"occ_full",300,0,0.3,0.424242424242424,0.149377593360996,0.866666666666667,0.192307692307692,0.666666666666667
100,4,"nb",6,"occ_cal",300,0,0.428571428571429,0.121212121212121,0.120331950207469,0.666666666666667,0.192307692307692,0.444444444444444
100,4,"nb",6,"abund_trunc",297,3,0.263157894736842,0.318181818181818,0.125523012552301,0.0714285714285714,0.615384615384615,0.611111111111111
100,4,"nb",6,"occ_trunc",300,0,0.222222222222222,0.424242424242424,0.136929460580913,0.866666666666667,0.153846153846154,0.722222222222222
100,4,"nb",6,"abund_ztnb",297,3,0.117647058823529,0.340909090909091,0.117154811715481,0.214285714285714,0.538461538461538,0.555555555555556
100,4,"nb",6,"occ_ztnb",297,3,0.0588235294117647,0.5,0.0627615062761506,0.785714285714286,0.0769230769230769,0.611111111111111
100,4,"nb",6,"lm_pseudo",300,0,0.842696629213483,0.636363636363636,0.634854771784232,0.733333333333333,0.692307692307692,0.722222222222222
100,4,"nb",6,"lm_pseudo_depth",300,0,0,0.0227272727272727,0.024896265560166,0.333333333333333,0.115384615384615,0.111111111111111
100,4,"nb",6,"abund_lm_depth",297,3,0,0.0227272727272727,0.0292887029288703,0.0714285714285714,0.115384615384615,0.166666666666667
100,4,"nb",6,"zip",299,1,0.0909090909090909,0.303030303030303,0.141666666666667,0.666666666666667,0.115384615384615,0.611111111111111
100,4,"nb",6,"lm_pseudo_mc",300,0,0.775,0.204545454545455,0.20746887966805,0.733333333333333,0.384615384615385,0.444444444444444
20,1,"poisson",7,"naive",256,0,0,0,0.0478468899521531,0.0588235294117647,0.0769230769230769,0.0588235294117647
20,1,"poisson",7,"depthcov",256,0,0,0,0.0526315789473684,0.0588235294117647,0.0769230769230769,0.0588235294117647
20,1,"poisson",7,"er_lm",256,0,0.5,0.0294117647058824,0.076555023923445,0.294117647058824,0.230769230769231,0.352941176470588
20,1,"poisson",7,"abund_lm",186,70,0,0,0.00662251655629139,0.0714285714285714,0.333333333333333,0.0833333333333333
20,1,"poisson",7,"occ_depth",256,0,0,0.0882352941176471,0.0909090909090909,0.352941176470588,0.230769230769231,0.352941176470588
20,1,"poisson",7,"occ_full",256,0,0,0.0882352941176471,0.076555023923445,0.176470588235294,0.230769230769231,0.352941176470588
20,1,"poisson",7,"occ_cal",256,0,0,0.0588235294117647,0.0717703349282297,0.235294117647059,0.153846153846154,0.352941176470588
20,1,"poisson",7,"abund_trunc",186,70,0,0.0476190476190476,0.0596026490066225,0.214285714285714,0.333333333333333,0.333333333333333
20,1,"poisson",7,"occ_trunc",256,0,0.2,0.117647058823529,0.0669856459330144,0.176470588235294,0.153846153846154,0.352941176470588
20,1,"poisson",7,"abund_ztnb",185,71,0,0.05,0.0662251655629139,0.285714285714286,0.375,0.25
20,1,"poisson",7,"occ_ztnb",186,70,0,0.0769230769230769,0.0860927152317881,0.142857142857143,0.111111111111111,0.25
20,1,"poisson",7,"lm_pseudo",256,0,1,0,0.062200956937799,0.176470588235294,0.230769230769231,0.352941176470588
20,1,"poisson",7,"lm_pseudo_depth",256,0,1,0,0.0717703349282297,0.235294117647059,0.230769230769231,0.352941176470588
20,1,"poisson",7,"abund_lm_depth",186,70,0,0,0.0264900662251656,0.142857142857143,0.222222222222222,0.0833333333333333
20,1,"poisson",7,"zip",249,7,0,0,0.0388349514563107,0.0625,0.0833333333333333,0.0666666666666667
20,1,"poisson",7,"lm_pseudo_mc",256,0,1,0,0.0574162679425837,0.294117647058824,0.230769230769231,0.352941176470588
50,1,"poisson",7,"naive",288,0,0,0,0.0216450216450216,0.222222222222222,0.25,0.4
50,1,"poisson",7,"depthcov",288,0,0,0,0.0303030303030303,0.277777777777778,0.25,0.4
50,1,"poisson",7,"er_lm",288,0,0.5,0.0606060606060606,0.0432900432900433,0.333333333333333,0.416666666666667,0.466666666666667
50,1,"poisson",7,"abund_lm",270,18,0.2,0.111111111111111,0.0875576036866359,0.0588235294117647,0.5,0.214285714285714
50,1,"poisson",7,"occ_depth",288,0,0.2,0.121212121212121,0.0476190476190476,0.333333333333333,0.25,0.533333333333333
50,1,"poisson",7,"occ_full",288,0,0,0.0909090909090909,0.0476190476190476,0.222222222222222,0.125,0.333333333333333
50,1,"poisson",7,"occ_cal",288,0,0,0.0909090909090909,0.038961038961039,0.277777777777778,0.0833333333333333,0.266666666666667
50,1,"poisson",7,"abund_trunc",270,18,0.222222222222222,0.194444444444444,0.105990783410138,0.0588235294117647,0.545454545454545,0.285714285714286
50,1,"poisson",7,"occ_trunc",288,0,0,0.0909090909090909,0.051948051948052,0.222222222222222,0.0833333333333333,0.333333333333333
50,1,"poisson",7,"abund_ztnb",270,18,0.1,0.25,0.147465437788018,0.176470588235294,0.5,0.428571428571429
50,1,"poisson",7,"occ_ztnb",270,18,0.5,0.032258064516129,0.0737327188940092,0.176470588235294,0.136363636363636,0.142857142857143
50,1,"poisson",7,"lm_pseudo",288,0,0.25,0.0769230769230769,0.038961038961039,0.333333333333333,0.458333333333333,0.533333333333333
50,1,"poisson",7,"lm_pseudo_depth",288,0,0.333333333333333,0.102564102564103,0.0432900432900433,0.388888888888889,0.458333333333333,0.666666666666667
50,1,"poisson",7,"abund_lm_depth",270,18,0.285714285714286,0.138888888888889,0.0875576036866359,0.117647058823529,0.545454545454545,0.214285714285714
50,1,"poisson",7,"zip",285,3,0,0,0.0130434782608696,0.176470588235294,0.0833333333333333,0.214285714285714
50,1,"poisson",7,"lm_pseudo_mc",288,0,0.25,0.0769230769230769,0.0303030303030303,0.277777777777778,0.416666666666667,0.466666666666667
100,1,"poisson",7,"naive",298,0,0,0.147058823529412,0.0416666666666667,0.764705882352941,0.208333333333333,0.529411764705882
100,1,"poisson",7,"depthcov",298,0,0,0.147058823529412,0.0458333333333333,0.764705882352941,0.291666666666667,0.529411764705882
100,1,"poisson",7,"er_lm",298,0,0.416666666666667,0.205882352941176,0.0541666666666667,0.588235294117647,0.416666666666667,0.588235294117647
100,1,"poisson",7,"abund_lm",295,3,0.153846153846154,0.268292682926829,0.0464135021097046,0,0.5,0.470588235294118
100,1,"poisson",7,"occ_depth",298,0,0.222222222222222,0.205882352941176,0.05,0.764705882352941,0.25,0.529411764705882
100,1,"poisson",7,"occ_full",298,0,0.111111111111111,0.235294117647059,0.0458333333333333,0.705882352941177,0.125,0.647058823529412
100,1,"poisson",7,"occ_cal",298,0,0,0.176470588235294,0.0583333333333333,0.647058823529412,0.125,0.647058823529412
100,1,"poisson",7,"abund_trunc",295,3,0.153846153846154,0.268292682926829,0.0464135021097046,0,0.5,0.470588235294118
100,1,"poisson",7,"occ_trunc",298,0,0.111111111111111,0.235294117647059,0.05,0.705882352941177,0.125,0.647058823529412
100,1,"poisson",7,"abund_ztnb",293,5,0.166666666666667,0.24390243902439,0.106382978723404,0,0.583333333333333,0.529411764705882
100,1,"poisson",7,"occ_ztnb",295,3,0.3,0.205882352941176,0.0886075949367089,0.470588235294118,0.0416666666666667,0.529411764705882
100,1,"poisson",7,"lm_pseudo",298,0,0.428571428571429,0.0975609756097561,0.0375,0.470588235294118,0.458333333333333,0.352941176470588
100,1,"poisson",7,"lm_pseudo_depth",298,0,0.444444444444444,0.121951219512195,0.0541666666666667,0.588235294117647,0.5,0.411764705882353
100,1,"poisson",7,"abund_lm_depth",295,3,0,0.170731707317073,0.0506329113924051,0,0.541666666666667,0.470588235294118
100,1,"poisson",7,"zip",298,0,0,0.147058823529412,0.0375,0.588235294117647,0.125,0.411764705882353
100,1,"poisson",7,"lm_pseudo_mc",298,0,0.428571428571429,0.0975609756097561,0.0416666666666667,0.529411764705882,0.5,0.352941176470588
20,2,"poisson",7,"naive",270,0,0,0,0.085972850678733,0.166666666666667,0,0.157894736842105
20,2,"poisson",7,"depthcov",270,0,0,0,0.00452488687782805,0,0,0.0526315789473684
20,2,"poisson",7,"er_lm",270,0,0,0.032258064516129,0.085972850678733,0.25,0.0555555555555556,0.368421052631579
20,2,"poisson",7,"abund_lm",215,55,1,0,0.0828729281767956,0,0.266666666666667,0.333333333333333
20,2,"poisson",7,"occ_depth",270,0,0,0,0.104072398190045,0.25,0.0555555555555556,0.315789473684211
20,2,"poisson",7,"occ_full",270,0,0,0,0.104072398190045,0.166666666666667,0,0.315789473684211
20,2,"poisson",7,"occ_cal",270,0,0,0,0.0769230769230769,0.166666666666667,0,0.157894736842105
20,2,"poisson",7,"abund_trunc",215,55,1,0,0.104972375690608,0,0.266666666666667,0.333333333333333
20,2,"poisson",7,"occ_trunc",270,0,0,0,0.0995475113122172,0.166666666666667,0,0.263157894736842
20,2,"poisson",7,"abund_ztnb",215,55,0.666666666666667,0.037037037037037,0.0828729281767956,0,0.266666666666667,0.416666666666667
20,2,"poisson",7,"occ_ztnb",215,55,0,0,0.0773480662983425,0,0,0.166666666666667
20,2,"poisson",7,"lm_pseudo",270,0,0.8,0.0810810810810811,0.190045248868778,0.5,0.277777777777778,0.421052631578947
20,2,"poisson",7,"lm_pseudo_depth",270,0,0,0,0.0588235294117647,0.0833333333333333,0,0.263157894736842
20,2,"poisson",7,"abund_lm_depth",215,55,0,0,0.0662983425414365,0,0,0.25
20,2,"poisson",7,"zip",261,9,0,0,0.0324074074074074,0,0,0.117647058823529
20,2,"poisson",7,"lm_pseudo_mc",270,0,0.166666666666667,0.135135135135135,0.0723981900452489,0.333333333333333,0.0555555555555556,0.421052631578947
50,2,"poisson",7,"naive",292,0,0.333333333333333,0.0571428571428571,0.0608695652173913,0.333333333333333,0.111111111111111,0.411764705882353
50,2,"poisson",7,"depthcov",292,0,0,0,0.0304347826086957,0.277777777777778,0.148148148148148,0.235294117647059
50,2,"poisson",7,"er_lm",292,0,0,0.0571428571428571,0.0956521739130435,0.333333333333333,0.37037037037037,0.411764705882353
50,2,"poisson",7,"abund_lm",277,15,0,0.0930232558139535,0.134259259259259,0.0555555555555556,0.576923076923077,0.235294117647059
50,2,"poisson",7,"occ_depth",292,0,0,0.0857142857142857,0.0826086956521739,0.5,0.185185185185185,0.411764705882353
50,2,"poisson",7,"occ_full",292,0,0.25,0.0857142857142857,0.1,0.388888888888889,0.111111111111111,0.352941176470588
50,2,"poisson",7,"occ_cal",292,0,0.333333333333333,0.0571428571428571,0.091304347826087,0.388888888888889,0.0740740740740741,0.235294117647059
50,2,"poisson",7,"abund_trunc",277,15,0.2,0.0930232558139535,0.106481481481481,0.166666666666667,0.5,0.294117647058824
50,2,"poisson",7,"occ_trunc",292,0,0,0.0857142857142857,0.108695652173913,0.388888888888889,0.148148148148148,0.352941176470588
50,2,"poisson",7,"abund_ztnb",277,15,0,0.0465116279069767,0.115740740740741,0.111111111111111,0.461538461538462,0.470588235294118
50,2,"poisson",7,"occ_ztnb",277,15,0.333333333333333,0.0571428571428571,0.0833333333333333,0.555555555555556,0.0769230769230769,0.235294117647059
50,2,"poisson",7,"lm_pseudo",292,0,0.68,0.363636363636364,0.252173913043478,0.611111111111111,0.518518518518518,0.529411764705882
50,2,"poisson",7,"lm_pseudo_depth",292,0,0.5,0.0227272727272727,0.0478260869565217,0.166666666666667,0.296296296296296,0.352941176470588
50,2,"poisson",7,"abund_lm_depth",277,15,0,0,0.0648148148148148,0,0.346153846153846,0.294117647058824
50,2,"poisson",7,"zip",286,6,0,0,0.0444444444444444,0.277777777777778,0.0384615384615385,0.294117647058824
50,2,"poisson",7,"lm_pseudo_mc",292,0,0.333333333333333,0.0909090909090909,0.0695652173913043,0.444444444444444,0.296296296296296,0.411764705882353
100,2,"poisson",7,"naive",299,0,0.238095238095238,0.363636363636364,0.0912863070539419,0.521739130434783,0.357142857142857,0.523809523809524
100,2,"poisson",7,"depthcov",299,0,0,0.0227272727272727,0.033195020746888,0.347826086956522,0.0714285714285714,0.476190476190476
100,2,"poisson",7,"er_lm",299,0,0.111111111111111,0.363636363636364,0.020746887966805,0.434782608695652,0.214285714285714,0.666666666666667
100,2,"poisson",7,"abund_lm",296,3,0.357142857142857,0.264705882352941,0.200836820083682,0.130434782608696,0.5,0.5
100,2,"poisson",7,"occ_depth",299,0,0.05,0.431818181818182,0.045643153526971,0.521739130434783,0.142857142857143,0.714285714285714
100,2,"poisson",7,"occ_full",299,0,0.217391304347826,0.409090909090909,0.0829875518672199,0.608695652173913,0.214285714285714,0.666666666666667
100,2,"poisson",7,"occ_cal",299,0,0.111111111111111,0.181818181818182,0.0746887966804979,0.391304347826087,0.142857142857143,0.571428571428571
100,2,"poisson",7,"abund_trunc",296,3,0.2,0.235294117647059,0.129707112970711,0.130434782608696,0.571428571428571,0.5
100,2,"poisson",7,"occ_trunc",299,0,0.2,0.363636363636364,0.0829875518672199,0.521739130434783,0.142857142857143,0.666666666666667
100,2,"poisson",7,"abund_ztnb",296,3,0.357142857142857,0.264705882352941,0.138075313807531,0.0434782608695652,0.642857142857143,0.4
100,2,"poisson",7,"occ_ztnb",296,3,0.25,0.27906976744186,0.0836820083682008,0.434782608695652,0.214285714285714,0.55
100,2,"poisson",7,"lm_pseudo",299,0,0.768518518518518,0.714285714285714,0.398340248962656,0.652173913043478,0.357142857142857,0.952380952380952
100,2,"poisson",7,"lm_pseudo_depth",299,0,0,0.171428571428571,0.033195020746888,0.434782608695652,0.142857142857143,0.523809523809524
100,2,"poisson",7,"abund_lm_depth",295,4,0.3,0.212121212121212,0.0669456066945607,0,0.5,0.263157894736842
100,2,"poisson",7,"zip",298,1,0.111111111111111,0.372093023255814,0.0663900414937759,0.478260869565217,0.142857142857143,0.55
100,2,"poisson",7,"lm_pseudo_mc",299,0,0.466666666666667,0.457142857142857,0.0912863070539419,0.652173913043478,0.357142857142857,0.80952380952381
20,4,"poisson",7,"naive",275,0,0,0,0.0666666666666667,0.176470588235294,0.25,0.153846153846154
20,4,"poisson",7,"depthcov",275,0,0,0,0.00444444444444444,0,0,0.0769230769230769
20,4,"poisson",7,"er_lm",275,0,0,0,0.0711111111111111,0.235294117647059,0.3,0.384615384615385
20,4,"poisson",7,"abund_lm",230,45,1,0,0.126315789473684,0,0.3125,0.25
20,4,"poisson",7,"occ_depth",275,0,0,0.0333333333333333,0.0933333333333333,0.294117647058824,0.25,0.384615384615385
20,4,"poisson",7,"occ_full",275,0,0,0.0333333333333333,0.128888888888889,0.294117647058824,0.2,0.461538461538462
20,4,"poisson",7,"occ_cal",275,0,0,0.0333333333333333,0.0755555555555556,0.176470588235294,0,0.153846153846154
20,4,"poisson",7,"abund_trunc",230,45,0.5,0.178571428571429,0.157894736842105,0,0.375,0.25
20,4,"poisson",7,"occ_trunc",275,0,0,0.0333333333333333,0.111111111111111,0.235294117647059,0.2,0.307692307692308
20,4,"poisson",7,"abund_ztnb",230,45,0.666666666666667,0.0357142857142857,0.105263157894737,0,0.3125,0.166666666666667
20,4,"poisson",7,"occ_ztnb",230,45,0,0,0.068421052631579,0.25,0.125,0.333333333333333
20,4,"poisson",7,"lm_pseudo",275,0,0.803921568627451,0.303030303030303,0.306666666666667,0.411764705882353,0.45,0.538461538461538
20,4,"poisson",7,"lm_pseudo_depth",275,0,0,0,0.0488888888888889,0.117647058823529,0.1,0.230769230769231
20,4,"poisson",7,"abund_lm_depth",230,45,0,0,0.0473684210526316,0,0.125,0.0833333333333333
20,4,"poisson",7,"zip",264,11,0,0,0.0277777777777778,0,0.2,0
20,4,"poisson",7,"lm_pseudo_mc",275,0,0.538461538461538,0.181818181818182,0.0977777777777778,0.470588235294118,0.45,0.307692307692308
50,4,"poisson",7,"naive",294,0,0,0,0.167381974248927,0.333333333333333,0.181818181818182,0.133333333333333
50,4,"poisson",7,"depthcov",294,0,0,0,0.0472103004291846,0.208333333333333,0,0.133333333333333
50,4,"poisson",7,"er_lm",294,0,0.5,0.0512820512820513,0.0686695278969957,0.333333333333333,0.363636363636364,0.333333333333333
50,4,"poisson",7,"abund_lm",281,13,0.333333333333333,0.388888888888889,0.183035714285714,0.0952380952380952,0.666666666666667,0.6
50,4,"poisson",7,"occ_depth",294,0,0,0.0256410256410256,0.0600858369098712,0.25,0.0454545454545455,0.266666666666667
50,4,"poisson",7,"occ_full",294,0,0.5,0.0512820512820513,0.0987124463519313,0.333333333333333,0.136363636363636,0.266666666666667
50,4,"poisson",7,"occ_cal",294,0,0,0,0.0772532188841202,0.291666666666667,0.0454545454545455,0.4
50,4,"poisson",7,"abund_trunc",281,13,0.285714285714286,0.416666666666667,0.147321428571429,0.0952380952380952,0.666666666666667,0.533333333333333
50,4,"poisson",7,"occ_trunc",294,0,0,0.0512820512820513,0.0987124463519313,0.333333333333333,0.0909090909090909,0.266666666666667
50,4,"poisson",7,"abund_ztnb",281,13,0.0625,0.416666666666667,0.0803571428571429,0,0.619047619047619,0.666666666666667
50,4,"poisson",7,"occ_ztnb",281,13,0.333333333333333,0.0555555555555556,0.0714285714285714,0.285714285714286,0.0476190476190476,0.333333333333333
50,4,"poisson",7,"lm_pseudo",294,0,0.819548872180451,0.648648648648649,0.484978540772532,0.5,0.681818181818182,0.8
50,4,"poisson",7,"lm_pseudo_depth",294,0,0.8,0.027027027027027,0.0686695278969957,0.125,0.136363636363636,0.266666666666667
50,4,"poisson",7,"abund_lm_depth",281,13,0,0.0277777777777778,0.0491071428571429,0.0476190476190476,0.285714285714286,0.333333333333333
50,4,"poisson",7,"zip",291,3,0,0,0.0732758620689655,0.227272727272727,0.0909090909090909,0.2
50,4,"poisson",7,"lm_pseudo_mc",294,0,0.684210526315789,0.162162162162162,0.171673819742489,0.5,0.318181818181818,0.333333333333333
100,4,"poisson",7,"naive",299,0,0.413793103448276,0.447368421052632,0.218487394957983,0.647058823529412,0.173913043478261,0.571428571428571
100,4,"poisson",7,"depthcov",299,0,0,0,0.0630252100840336,0.352941176470588,0,0.428571428571429
100,4,"poisson",7,"er_lm",299,0,0.19047619047619,0.447368421052632,0.0588235294117647,0.529411764705882,0.217391304347826,0.761904761904762
100,4,"poisson",7,"abund_lm",298,1,0.584905660377358,0.5,0.236286919831224,0.0588235294117647,0.739130434782609,0.571428571428571
100,4,"poisson",7,"occ_depth",299,0,0.19047619047619,0.447368421052632,0.0714285714285714,0.705882352941177,0.0434782608695652,0.761904761904762
100,4,"poisson",7,"occ_full",299,0,0.424242424242424,0.5,0.130252100840336,0.705882352941177,0.130434782608696,0.571428571428571
100,4,"poisson",7,"occ_cal",299,0,0.346153846153846,0.447368421052632,0.121848739495798,0.647058823529412,0.0869565217391304,0.619047619047619
100,4,"poisson",7,"abund_trunc",298,1,0.447368421052632,0.477272727272727,0.168776371308017,0.0588235294117647,0.739130434782609,0.619047619047619
100,4,"poisson",7,"occ_trunc",299,0,0.387096774193548,0.5,0.109243697478992,0.764705882352941,0.0869565217391304,0.571428571428571
100,4,"poisson",7,"abund_ztnb",298,1,0.25,0.272727272727273,0.126582278481013,0.0588235294117647,0.826086956521739,0.428571428571429
100,4,"poisson",7,"occ_ztnb",298,1,0.4,0.394736842105263,0.0717299578059072,0.705882352941177,0.0869565217391304,0.571428571428571
100,4,"poisson",7,"lm_pseudo",299,0,0.798816568047337,0.772727272727273,0.554621848739496,0.882352941176471,0.739130434782609,0.952380952380952
100,4,"poisson",7,"lm_pseudo_depth",299,0,0.333333333333333,0.0454545454545455,0.0714285714285714,0.352941176470588,0.0869565217391304,0.523809523809524
100,4,"poisson",7,"abund_lm_depth",298,1,0,0.0454545454545455,0.0421940928270042,0,0.260869565217391,0.142857142857143
100,4,"poisson",7,"zip",298,1,0.222222222222222,0.368421052631579,0.118143459915612,0.588235294117647,0.0869565217391304,0.571428571428571
100,4,"poisson",7,"lm_pseudo_mc",299,0,0.6,0.454545454545455,0.214285714285714,0.647058823529412,0.391304347826087,0.857142857142857
20,1,"nb",7,"naive",247,0,0,0,0.0443349753694581,0.0714285714285714,0.0666666666666667,0.0666666666666667
20,1,"nb",7,"depthcov",247,0,0,0,0.0295566502463054,0.0714285714285714,0.0666666666666667,0.133333333333333
20,1,"nb",7,"er_lm",247,0,0,0.0344827586206897,0.0541871921182266,0.0714285714285714,0.133333333333333,0.0666666666666667
20,1,"nb",7,"abund_lm",186,61,0,0,0.032258064516129,0.1,0.1,0.0909090909090909
20,1,"nb",7,"occ_depth",247,0,0,0,0.103448275862069,0.142857142857143,0.133333333333333,0.2
20,1,"nb",7,"occ_full",247,0,0,0,0.083743842364532,0.142857142857143,0.133333333333333,0.133333333333333
20,1,"nb",7,"occ_cal",247,0,0,0,0.0738916256157636,0.142857142857143,0.133333333333333,0.133333333333333
20,1,"nb",7,"abund_trunc",186,61,1,0,0.0580645161290323,0.2,0.1,0.0909090909090909
20,1,"nb",7,"occ_trunc",247,0,0,0,0.083743842364532,0.142857142857143,0.133333333333333,0.133333333333333
20,1,"nb",7,"abund_ztnb",186,61,1,0,0.0903225806451613,0.1,0.1,0.0909090909090909
20,1,"nb",7,"occ_ztnb",186,61,0,0,0.0516129032258065,0.1,0,0.0909090909090909
20,1,"nb",7,"lm_pseudo",247,0,0,0,0.0738916256157636,0.214285714285714,0.133333333333333,0.2
20,1,"nb",7,"lm_pseudo_depth",247,0,0,0,0.0492610837438424,0.0714285714285714,0.133333333333333,0.133333333333333
20,1,"nb",7,"abund_lm_depth",186,61,0,0,0.0258064516129032,0,0.1,0.0909090909090909
20,1,"nb",7,"zip",238,9,0,0,0.0255102040816327,0,0,0
20,1,"nb",7,"lm_pseudo_mc",247,0,0,0,0.0541871921182266,0,0.133333333333333,0.0666666666666667
50,1,"nb",7,"naive",287,0,0,0.0263157894736842,0.0135135135135135,0.315789473684211,0.222222222222222,0.315789473684211
50,1,"nb",7,"depthcov",287,0,0,0.0263157894736842,0.0225225225225225,0.315789473684211,0.222222222222222,0.368421052631579
50,1,"nb",7,"er_lm",287,0,0,0.184210526315789,0.0405405405405405,0.421052631578947,0.333333333333333,0.578947368421053
50,1,"nb",7,"abund_lm",265,22,0.5,0.0232558139534884,0.0388349514563107,0.0625,0.296296296296296,0.3125
50,1,"nb",7,"occ_depth",287,0,0,0.157894736842105,0.0405405405405405,0.473684210526316,0.259259259259259,0.421052631578947
50,1,"nb",7,"occ_full",287,0,0,0.105263157894737,0.0405405405405405,0.473684210526316,0.185185185185185,0.368421052631579
50,1,"nb",7,"occ_cal",287,0,0,0.131578947368421,0.0405405405405405,0.421052631578947,0.148148148148148,0.263157894736842
50,1,"nb",7,"abund_trunc",265,22,0.5,0.0232558139534884,0.058252427184466,0.125,0.333333333333333,0.375
50,1,"nb",7,"occ_trunc",287,0,0,0.105263157894737,0.045045045045045,0.473684210526316,0.185185185185185,0.210526315789474
50,1,"nb",7,"abund_ztnb",265,22,0.4,0.0697674418604651,0.0825242718446602,0.125,0.333333333333333,0.5625
50,1,"nb",7,"occ_ztnb",265,22,0,0.09375,0.0339805825242718,0.25,0.037037037037037,0.1875
50,1,"nb",7,"lm_pseudo",287,0,0.25,0.0652173913043478,0.045045045045045,0.263157894736842,0.333333333333333,0.578947368421053
50,1,"nb",7,"lm_pseudo_depth",287,0,0.25,0.0652173913043478,0.045045045045045,0.263157894736842,0.407407407407407,0.578947368421053
50,1,"nb",7,"abund_lm_depth",265,22,0.333333333333333,0.0465116279069767,0.0242718446601942,0.0625,0.296296296296296,0.25
50,1,"nb",7,"zip",280,7,0,0.0285714285714286,0.00917431192660551,0.411764705882353,0.185185185185185,0.222222222222222
50,1,"nb",7,"lm_pseudo_mc",287,0,0.333333333333333,0.0434782608695652,0.027027027027027,0.315789473684211,0.37037037037037,0.473684210526316
100,1,"nb",7,"naive",296,0,0.0833333333333333,0.22,0.0495495495495495,0.458333333333333,0.333333333333333,0.5
100,1,"nb",7,"depthcov",296,0,0.0833333333333333,0.22,0.0540540540540541,0.458333333333333,0.333333333333333,0.5
100,1,"nb",7,"er_lm",296,0,0.3125,0.22,0.0540540540540541,0.5,0.333333333333333,0.576923076923077
100,1,"nb",7,"abund_lm",287,9,0,0.0652173913043478,0.0921658986175115,0,0.272727272727273,0.291666666666667
100,1,"nb",7,"occ_depth",296,0,0.1,0.36,0.0675675675675676,0.458333333333333,0.375,0.576923076923077
100,1,"nb",7,"occ_full",296,0,0.0526315789473684,0.36,0.0765765765765766,0.416666666666667,0.208333333333333,0.730769230769231
100,1,"nb",7,"occ_cal",296,0,0.1,0.18,0.0810810810810811,0.416666666666667,0.208333333333333,0.692307692307692
100,1,"nb",7,"abund_trunc",287,9,0,0.0652173913043478,0.101382488479263,0,0.318181818181818,0.375
100,1,"nb",7,"occ_trunc",296,0,0.0666666666666667,0.28,0.0720720720720721,0.416666666666667,0.25,0.769230769230769
100,1,"nb",7,"abund_ztnb",285,11,0.125,0.152173913043478,0.12093023255814,0.125,0.409090909090909,0.458333333333333
100,1,"nb",7,"occ_ztnb",287,9,0.210526315789474,0.3125,0.0829493087557604,0.333333333333333,0.136363636363636,0.541666666666667
100,1,"nb",7,"lm_pseudo",296,0,0.166666666666667,0.2,0.036036036036036,0.375,0.375,0.538461538461538
100,1,"nb",7,"lm_pseudo_depth",296,0,0.166666666666667,0.3,0.0495495495495495,0.5,0.375,0.576923076923077
100,1,"nb",7,"abund_lm_depth",286,10,0,0.0652173913043478,0.0925925925925926,0,0.318181818181818,0.333333333333333
100,1,"nb",7,"zip",293,3,0.166666666666667,0.104166666666667,0.0452488687782805,0.375,0.25,0.541666666666667
100,1,"nb",7,"lm_pseudo_mc",296,0,0.166666666666667,0.2,0.036036036036036,0.333333333333333,0.375,0.538461538461538
20,2,"nb",7,"naive",267,0,0,0,0.0327102803738318,0.117647058823529,0,0.133333333333333
20,2,"nb",7,"depthcov",267,0,0,0,0.0327102803738318,0.117647058823529,0,0.133333333333333
20,2,"nb",7,"er_lm",267,0,0,0,0.0607476635514019,0.176470588235294,0.0476190476190476,0.266666666666667
20,2,"nb",7,"abund_lm",205,62,0,0,0.0705882352941176,0,0.214285714285714,0
20,2,"nb",7,"occ_depth",267,0,0,0,0.0794392523364486,0.176470588235294,0.0476190476190476,0.4
20,2,"nb",7,"occ_full",267,0,0,0,0.0794392523364486,0.176470588235294,0,0.4
20,2,"nb",7,"occ_cal",267,0,0,0,0.0794392523364486,0.117647058823529,0,0.266666666666667
20,2,"nb",7,"abund_trunc",205,62,0,0,0.123529411764706,0,0.285714285714286,0.0909090909090909
20,2,"nb",7,"occ_trunc",267,0,0,0,0.0794392523364486,0.176470588235294,0,0.4
20,2,"nb",7,"abund_ztnb",205,62,0,0,0.194117647058824,0,0.285714285714286,0.0909090909090909
20,2,"nb",7,"occ_ztnb",205,62,0,0,0.0764705882352941,0.1,0.0714285714285714,0.272727272727273
20,2,"nb",7,"lm_pseudo",267,0,0,0.0277777777777778,0.0420560747663551,0.235294117647059,0.0952380952380952,0.133333333333333
20,2,"nb",7,"lm_pseudo_depth",267,0,0,0.0277777777777778,0.0560747663551402,0.235294117647059,0.0952380952380952,0.133333333333333
20,2,"nb",7,"abund_lm_depth",205,62,0,0,0.0588235294117647,0,0.142857142857143,0
20,2,"nb",7,"zip",262,5,0,0,0.028436018957346,0.125,0,0.0714285714285714
20,2,"nb",7,"lm_pseudo_mc",267,0,0,0,0.0467289719626168,0.235294117647059,0.0952380952380952,0.133333333333333
50,2,"nb",7,"naive",291,0,0,0.0681818181818182,0.0954545454545455,0.260869565217391,0.111111111111111,0.476190476190476
50,2,"nb",7,"depthcov",291,0,0,0,0.0454545454545455,0.347826086956522,0.0740740740740741,0.238095238095238
50,2,"nb",7,"er_lm",291,0,0.285714285714286,0.113636363636364,0.0636363636363636,0.260869565217391,0.111111111111111,0.476190476190476
50,2,"nb",7,"abund_lm",269,22,0,0,0.101941747572816,0.19047619047619,0.416666666666667,0.277777777777778
50,2,"nb",7,"occ_depth",291,0,0,0.136363636363636,0.0863636363636364,0.434782608695652,0.0740740740740741,0.571428571428571
50,2,"nb",7,"occ_full",291,0,0.125,0.159090909090909,0.113636363636364,0.434782608695652,0.111111111111111,0.523809523809524
50,2,"nb",7,"occ_cal",291,0,0,0.0454545454545455,0.0863636363636364,0.478260869565217,0.111111111111111,0.476190476190476
50,2,"nb",7,"abund_trunc",269,22,0,0,0.087378640776699,0.0952380952380952,0.375,0.388888888888889
50,2,"nb",7,"occ_trunc",291,0,0.142857142857143,0.136363636363636,0.0909090909090909,0.478260869565217,0.111111111111111,0.476190476190476
50,2,"nb",7,"abund_ztnb",269,22,0.333333333333333,0.142857142857143,0.12621359223301,0.0952380952380952,0.416666666666667,0.388888888888889
50,2,"nb",7,"occ_ztnb",269,22,0.2,0.102564102564103,0.0922330097087379,0.333333333333333,0.125,0.277777777777778
50,2,"nb",7,"lm_pseudo",291,0,0.709677419354839,0.375,0.259090909090909,0.608695652173913,0.518518518518518,0.714285714285714
50,2,"nb",7,"lm_pseudo_depth",291,0,0.5,0.0416666666666667,0.0590909090909091,0.260869565217391,0.111111111111111,0.238095238095238
50,2,"nb",7,"abund_lm_depth",269,22,0,0,0.0436893203883495,0,0.25,0.388888888888889
50,2,"nb",7,"zip",285,6,0,0.05,0.0642201834862385,0.285714285714286,0.111111111111111,0.421052631578947
50,2,"nb",7,"lm_pseudo_mc",291,0,0.285714285714286,0.104166666666667,0.0636363636363636,0.304347826086957,0.185185185185185,0.571428571428571
100,2,"nb",7,"naive",300,0,0,0.0909090909090909,0.0843373493975904,0.5625,0.111111111111111,0.588235294117647
100,2,"nb",7,"depthcov",300,0,0,0.0303030303030303,0.036144578313253,0.3125,0.0555555555555556,0.294117647058824
100,2,"nb",7,"er_lm",300,0,0,0.272727272727273,0.0522088353413655,0.375,0.444444444444444,0.529411764705882
100,2,"nb",7,"abund_lm",297,3,0.3125,0.323529411764706,0.137651821862348,0.25,0.647058823529412,0.352941176470588
100,2,"nb",7,"occ_depth",300,0,0.111111111111111,0.242424242424242,0.0602409638554217,0.625,0.277777777777778,0.529411764705882
100,2,"nb",7,"occ_full",300,0,0.2,0.242424242424242,0.0803212851405622,0.5,0.166666666666667,0.529411764705882
100,2,"nb",7,"occ_cal",300,0,0,0.151515151515152,0.0602409638554217,0.5,0.111111111111111,0.470588235294118
100,2,"nb",7,"abund_trunc",297,3,0.272727272727273,0.235294117647059,0.0809716599190283,0.1875,0.647058823529412,0.352941176470588
100,2,"nb",7,"occ_trunc",300,0,0.272727272727273,0.242424242424242,0.0763052208835341,0.5625,0.277777777777778,0.529411764705882
100,2,"nb",7,"abund_ztnb",297,3,0.111111111111111,0.235294117647059,0.105263157894737,0.125,0.588235294117647,0.352941176470588
100,2,"nb",7,"occ_ztnb",297,3,0.333333333333333,0.121212121212121,0.0607287449392713,0.375,0.176470588235294,0.294117647058824
100,2,"nb",7,"lm_pseudo",300,0,0.852713178294574,0.542857142857143,0.473895582329317,0.4375,0.611111111111111,0.647058823529412
100,2,"nb",7,"lm_pseudo_depth",300,0,0,0.0857142857142857,0.0240963855421687,0.25,0.166666666666667,0.411764705882353
100,2,"nb",7,"abund_lm_depth",297,3,0,0.0588235294117647,0.048582995951417,0,0.470588235294118,0.235294117647059
100,2,"nb",7,"zip",297,3,0,0,0.048582995951417,0.5,0.0588235294117647,0.588235294117647
100,2,"nb",7,"lm_pseudo_mc",300,0,0.333333333333333,0.228571428571429,0.0923694779116466,0.3125,0.611111111111111,0.529411764705882
20,4,"nb",7,"naive",265,0,0,0,0.0540540540540541,0,0.142857142857143,0.181818181818182
20,4,"nb",7,"depthcov",265,0,0,0,0.0135135135135135,0,0,0
20,4,"nb",7,"er_lm",265,0,0,0,0.0630630630630631,0.0909090909090909,0.238095238095238,0.272727272727273
20,4,"nb",7,"abund_lm",218,47,0,0,0.0655737704918033,0.111111111111111,0.277777777777778,0.375
20,4,"nb",7,"occ_depth",265,0,0,0,0.0855855855855856,0.181818181818182,0.19047619047619,0.272727272727273
20,4,"nb",7,"occ_full",265,0,1,0,0.0900900900900901,0.272727272727273,0.238095238095238,0.363636363636364
20,4,"nb",7,"occ_cal",265,0,0,0,0.0675675675675676,0.272727272727273,0.142857142857143,0.272727272727273
20,4,"nb",7,"abund_trunc",218,47,1,0,0.092896174863388,0.111111111111111,0.222222222222222,0.5
20,4,"nb",7,"occ_trunc",265,0,1,0,0.0855855855855856,0.363636363636364,0.238095238095238,0.363636363636364
20,4,"nb",7,"abund_ztnb",218,47,0.333333333333333,0.0769230769230769,0.109289617486339,0.111111111111111,0.277777777777778,0.5
20,4,"nb",7,"occ_ztnb",218,47,0,0,0.0710382513661202,0.111111111111111,0.222222222222222,0.25
20,4,"nb",7,"lm_pseudo",265,0,0.615384615384615,0.15625,0.202702702702703,0.363636363636364,0.333333333333333,0.272727272727273
20,4,"nb",7,"lm_pseudo_depth",265,0,0,0,0.0630630630630631,0.0909090909090909,0.142857142857143,0.181818181818182
20,4,"nb",7,"abund_lm_depth",218,47,0,0,0.0710382513661202,0,0.0555555555555556,0.375
20,4,"nb",7,"zip",257,8,0,0,0.0325581395348837,0,0.142857142857143,0.2
20,4,"nb",7,"lm_pseudo_mc",265,0,0,0,0.0675675675675676,0.181818181818182,0.333333333333333,0.363636363636364
50,4,"nb",7,"naive",298,0,0,0.0294117647058824,0.165289256198347,0.409090909090909,0.0909090909090909,0.333333333333333
50,4,"nb",7,"depthcov",298,0,0,0,0.0413223140495868,0.272727272727273,0,0
50,4,"nb",7,"er_lm",298,0,0.25,0.0882352941176471,0.0330578512396694,0.318181818181818,0.136363636363636,0.5
50,4,"nb",7,"abund_lm",282,16,0.428571428571429,0.121212121212121,0.165938864628821,0.1,0.523809523809524,0.416666666666667
50,4,"nb",7,"occ_depth",298,0,0,0.176470588235294,0.0661157024793388,0.545454545454545,0.136363636363636,0.416666666666667
50,4,"nb",7,"occ_full",298,0,0.333333333333333,0.117647058823529,0.115702479338843,0.5,0.0909090909090909,0.5
50,4,"nb",7,"occ_cal",298,0,1,0,0.0785123966942149,0.5,0,0.333333333333333
50,4,"nb",7,"abund_trunc",282,16,0.5,0.0303030303030303,0.117903930131004,0.1,0.428571428571429,0.416666666666667
50,4,"nb",7,"occ_trunc",298,0,0.333333333333333,0.117647058823529,0.107438016528926,0.454545454545455,0.0909090909090909,0.5
50,4,"nb",7,"abund_ztnb",282,16,0,0.0303030303030303,0.117903930131004,0.3,0.476190476190476,0.25
50,4,"nb",7,"occ_ztnb",282,16,0.5,0.0625,0.074235807860262,0.3,0.0952380952380952,0.416666666666667
50,4,"nb",7,"lm_pseudo",298,0,0.838709677419355,0.588235294117647,0.454545454545455,0.590909090909091,0.636363636363636,0.666666666666667
50,4,"nb",7,"lm_pseudo_depth",298,0,0,0,0.0371900826446281,0.363636363636364,0.0909090909090909,0.25
50,4,"nb",7,"abund_lm_depth",282,16,0,0,0.0567685589519651,0.1,0.0952380952380952,0.166666666666667
50,4,"nb",7,"zip",294,4,0,0.03125,0.0833333333333333,0.4,0.0909090909090909,0.333333333333333
50,4,"nb",7,"lm_pseudo_mc",298,0,0.5,0.235294117647059,0.148760330578512,0.454545454545455,0.318181818181818,0.416666666666667
100,4,"nb",7,"naive",299,0,0.595238095238095,0.404761904761905,0.221757322175732,0.65,0.333333333333333,0.636363636363636
100,4,"nb",7,"depthcov",299,0,0,0,0.0167364016736402,0.2,0.111111111111111,0.318181818181818
100,4,"nb",7,"er_lm",299,0,0.25,0.285714285714286,0.0418410041841004,0.65,0.611111111111111,0.727272727272727
100,4,"nb",7,"abund_lm",296,3,0.71875,0.45,0.313559322033898,0.25,0.666666666666667,0.545454545454545
100,4,"nb",7,"occ_depth",299,0,0.238095238095238,0.380952380952381,0.0669456066945607,0.6,0.333333333333333,0.590909090909091
100,4,"nb",7,"occ_full",299,0,0.391304347826087,0.333333333333333,0.158995815899582,0.55,0.333333333333333,0.727272727272727
100,4,"nb",7,"occ_cal",299,0,0.25,0.214285714285714,0.108786610878661,0.55,0.0555555555555556,0.545454545454545
100,4,"nb",7,"abund_trunc",296,3,0.277777777777778,0.325,0.190677966101695,0.2,0.611111111111111,0.5
100,4,"nb",7,"occ_trunc",299,0,0.277777777777778,0.30952380952381,0.125523012552301,0.6,0.111111111111111,0.636363636363636
100,4,"nb",7,"abund_ztnb",296,3,0.25,0.15,0.127118644067797,0.15,0.555555555555556,0.5
100,4,"nb",7,"occ_ztnb",296,3,0,0.19047619047619,0.0720338983050847,0.5,0.111111111111111,0.5
100,4,"nb",7,"lm_pseudo",299,0,0.848837209302326,0.65,0.610878661087866,0.85,0.666666666666667,0.681818181818182
100,4,"nb",7,"lm_pseudo_depth",299,0,0.333333333333333,0.05,0.0167364016736402,0.2,0.166666666666667,0.272727272727273
100,4,"nb",7,"abund_lm_depth",296,3,0,0,0.0550847457627119,0.1,0.222222222222222,0.181818181818182
100,4,"nb",7,"zip",297,2,0.416666666666667,0.333333333333333,0.109704641350211,0.7,0.166666666666667,0.636363636363636
100,4,"nb",7,"lm_pseudo_mc",299,0,0.583333333333333,0.5,0.209205020920502,0.85,0.777777777777778,0.727272727272727
20,1,"poisson",8,"naive",267,0,0,0,0.0443349753694581,0.111111111111111,0.0434782608695652,0.173913043478261
20,1,"poisson",8,"depthcov",267,0,0,0,0.0443349753694581,0.111111111111111,0.0434782608695652,0.173913043478261
20,1,"poisson",8,"er_lm",267,0,0.5,0.024390243902439,0.0886699507389163,0.166666666666667,0.130434782608696,0.304347826086957
20,1,"poisson",8,"abund_lm",207,60,0,0,0.0506329113924051,0.0833333333333333,0.263157894736842,0.222222222222222
20,1,"poisson",8,"occ_depth",267,0,0.5,0.024390243902439,0.113300492610837,0.166666666666667,0.0869565217391304,0.260869565217391
20,1,"poisson",8,"occ_full",267,0,0,0.024390243902439,0.0886699507389163,0.166666666666667,0.0434782608695652,0.217391304347826
20,1,"poisson",8,"occ_cal",267,0,0,0.024390243902439,0.0788177339901478,0.0555555555555556,0.0434782608695652,0.130434782608696
20,1,"poisson",8,"abund_trunc",207,60,0.25,0.0810810810810811,0.107594936708861,0.0833333333333333,0.368421052631579,0.277777777777778
20,1,"poisson",8,"occ_trunc",267,0,0,0.024390243902439,0.0935960591133005,0.166666666666667,0.0434782608695652,0.130434782608696
20,1,"poisson",8,"abund_ztnb",207,60,0,0.108108108108108,0.113924050632911,0.166666666666667,0.368421052631579,0.444444444444444
20,1,"poisson",8,"occ_ztnb",207,60,0,0,0.0822784810126582,0.25,0,0.222222222222222
20,1,"poisson",8,"lm_pseudo",267,0,0,0.0217391304347826,0.0788177339901478,0.166666666666667,0.217391304347826,0.217391304347826
20,1,"poisson",8,"lm_pseudo_depth",267,0,0,0.0217391304347826,0.083743842364532,0.166666666666667,0.217391304347826,0.260869565217391
20,1,"poisson",8,"abund_lm_depth",207,60,0,0,0.0822784810126582,0,0.315789473684211,0.166666666666667
20,1,"poisson",8,"zip",260,7,0,0,0.0252525252525253,0.117647058823529,0,0.136363636363636
20,1,"poisson",8,"lm_pseudo_mc",267,0,0,0.0217391304347826,0.0886699507389163,0.166666666666667,0.217391304347826,0.217391304347826
50,1,"poisson",8,"naive",291,0,0,0,0.0391304347826087,0.166666666666667,0.111111111111111,0.5625
50,1,"poisson",8,"depthcov",291,0,0,0,0.0478260869565217,0.166666666666667,0.111111111111111,0.5625
50,1,"poisson",8,"er_lm",291,0,0,0,0.0565217391304348,0.111111111111111,0.148148148148148,0.5625
50,1,"poisson",8,"abund_lm",276,15,0,0.166666666666667,0.0833333333333333,0,0.423076923076923,0.375
50,1,"poisson",8,"occ_depth",291,0,0,0,0.0739130434782609,0.222222222222222,0.111111111111111,0.5625
50,1,"poisson",8,"occ_full",291,0,0,0,0.0782608695652174,0.166666666666667,0.037037037037037,0.5625
50,1,"poisson",8,"occ_cal",291,0,0,0,0.0782608695652174,0.111111111111111,0.037037037037037,0.3125
50,1,"poisson",8,"abund_trunc",276,15,0,0.19047619047619,0.0925925925925926,0,0.538461538461538,0.375
50,1,"poisson",8,"occ_trunc",291,0,0,0,0.0826086956521739,0.166666666666667,0.037037037037037,0.5625
50,1,"poisson",8,"abund_ztnb",274,17,0,0.30952380952381,0.107476635514019,0.166666666666667,0.730769230769231,0.5
50,1,"poisson",8,"occ_ztnb",276,15,0.4,0.0882352941176471,0.0972222222222222,0.166666666666667,0.0769230769230769,0.4375
50,1,"poisson",8,"lm_pseudo",291,0,0,0,0.0521739130434783,0.111111111111111,0.296296296296296,0.5625
50,1,"poisson",8,"lm_pseudo_depth",291,0,0,0,0.0695652173913043,0.111111111111111,0.37037037037037,0.5625
50,1,"poisson",8,"abund_lm_depth",276,15,0,0.0952380952380952,0.0648148148148148,0,0.423076923076923,0.375
50,1,"poisson",8,"zip",287,4,0,0,0.0265486725663717,0.111111111111111,0.037037037037037,0.4375
50,1,"poisson",8,"lm_pseudo_mc",291,0,0,0,0.0478260869565217,0.111111111111111,0.296296296296296,0.5625
100,1,"poisson",8,"naive",299,0,0.0833333333333333,0.34375,0.0401606425702811,0.625,0.222222222222222,0.625
100,1,"poisson",8,"depthcov",299,0,0.111111111111111,0.25,0.036144578313253,0.6875,0.222222222222222,0.625
100,1,"poisson",8,"er_lm",299,0,0.2,0.25,0.0281124497991968,0.5625,0.444444444444444,0.625
100,1,"poisson",8,"abund_lm",291,8,0.0714285714285714,0.382352941176471,0.0663900414937759,0,0.611111111111111,0.5625
100,1,"poisson",8,"occ_depth",299,0,0.0769230769230769,0.375,0.0401606425702811,0.6875,0.222222222222222,0.625
100,1,"poisson",8,"occ_full",299,0,0,0.375,0.0401606425702811,0.75,0.222222222222222,0.6875
100,1,"poisson",8,"occ_cal",299,0,0,0.34375,0.0401606425702811,0.6875,0.166666666666667,0.75
100,1,"poisson",8,"abund_trunc",291,8,0.0714285714285714,0.382352941176471,0.0705394190871369,0,0.611111111111111,0.5625
100,1,"poisson",8,"occ_trunc",299,0,0,0.34375,0.036144578313253,0.75,0.166666666666667,0.6875
100,1,"poisson",8,"abund_ztnb",291,8,0.0833333333333333,0.323529411764706,0.112033195020747,0,0.611111111111111,0.5625
100,1,"poisson",8,"occ_ztnb",291,8,0.285714285714286,0.3125,0.0622406639004149,0.6875,0.111111111111111,0.5625
100,1,"poisson",8,"lm_pseudo",299,0,0.166666666666667,0.294117647058824,0.0642570281124498,0.5625,0.722222222222222,0.5625
100,1,"poisson",8,"lm_pseudo_depth",299,0,0.166666666666667,0.294117647058824,0.0441767068273092,0.4375,0.666666666666667,0.6875
100,1,"poisson",8,"abund_lm_depth",290,9,0,0.235294117647059,0.0791666666666667,0,0.611111111111111,0.5625
100,1,"poisson",8,"zip",298,1,0.1,0.28125,0.0362903225806452,0.6875,0.111111111111111,0.5625
100,1,"poisson",8,"lm_pseudo_mc",299,0,0.181818181818182,0.264705882352941,0.0281124497991968,0.5,0.555555555555556,0.5625
20,2,"poisson",8,"naive",281,0,0,0,0.0303030303030303,0.0909090909090909,0,0.2
20,2,"poisson",8,"depthcov",281,0,0,0,0.025974025974026,0.0909090909090909,0,0.133333333333333
20,2,"poisson",8,"er_lm",281,0,0,0,0.0606060606060606,0.0909090909090909,0.0833333333333333,0.333333333333333
20,2,"poisson",8,"abund_lm",221,60,0,0,0.0537634408602151,0.1,0.375,0.222222222222222
20,2,"poisson",8,"occ_depth",281,0,0,0,0.0649350649350649,0.181818181818182,0,0.533333333333333
20,2,"poisson",8,"occ_full",281,0,0,0,0.0692640692640693,0.181818181818182,0,0.466666666666667
20,2,"poisson",8,"occ_cal",281,0,0,0,0.0649350649350649,0.181818181818182,0,0.466666666666667
20,2,"poisson",8,"abund_trunc",221,60,1,0,0.0806451612903226,0.2,0.4375,0.444444444444444
20,2,"poisson",8,"occ_trunc",281,0,0,0,0.0692640692640693,0.181818181818182,0,0.466666666666667
20,2,"poisson",8,"abund_ztnb",221,60,1,0,0.112903225806452,0.1,0.5,0.444444444444444
20,2,"poisson",8,"occ_ztnb",221,60,0,0,0.0376344086021505,0.2,0,0.333333333333333
20,2,"poisson",8,"lm_pseudo",281,0,0,0,0.0735930735930736,0.181818181818182,0.208333333333333,0.533333333333333
20,2,"poisson",8,"lm_pseudo_depth",281,0,0,0.0256410256410256,0.0822510822510823,0.0909090909090909,0.166666666666667,0.533333333333333
20,2,"poisson",8,"abund_lm_depth",221,60,0,0,0.043010752688172,0.1,0.25,0.111111111111111
20,2,"poisson",8,"zip",273,8,0,0,0.0265486725663717,0.0909090909090909,0,0.0833333333333333
20,2,"poisson",8,"lm_pseudo_mc",281,0,0,0,0.0562770562770563,0.0909090909090909,0.0416666666666667,0.533333333333333
50,2,"poisson",8,"naive",295,0,0,0.0238095238095238,0.0689655172413793,0.285714285714286,0,0.357142857142857
50,2,"poisson",8,"depthcov",295,0,0,0,0.0431034482758621,0.142857142857143,0,0.214285714285714
50,2,"poisson",8,"er_lm",295,0,0,0.142857142857143,0.0603448275862069,0.357142857142857,0.19047619047619,0.285714285714286
50,2,"poisson",8,"abund_lm",283,12,0,0.125,0.04,0,0.5,0.571428571428571
50,2,"poisson",8,"occ_depth",295,0,0,0.119047619047619,0.0560344827586207,0.428571428571429,0,0.357142857142857
50,2,"poisson",8,"occ_full",295,0,0.5,0.0476190476190476,0.0603448275862069,0.357142857142857,0,0.571428571428571
50,2,"poisson",8,"occ_cal",295,0,0.25,0.0714285714285714,0.0431034482758621,0.321428571428571,0.0476190476190476,0.357142857142857
50,2,"poisson",8,"abund_trunc",283,12,0,0.09375,0.0577777777777778,0.0384615384615385,0.5,0.5
50,2,"poisson",8,"occ_trunc",295,0,0.5,0.0476190476190476,0.0603448275862069,0.321428571428571,0,0.5
50,2,"poisson",8,"abund_ztnb",283,12,0,0.0625,0.0933333333333333,0.0769230769230769,0.444444444444444,0.571428571428571
50,2,"poisson",8,"occ_ztnb",283,12,0.333333333333333,0.05,0.0711111111111111,0.269230769230769,0.0555555555555556,0.428571428571429
50,2,"poisson",8,"lm_pseudo",295,0,0.745098039215686,0.371428571428571,0.258620689655172,0.571428571428571,0.523809523809524,0.642857142857143
50,2,"poisson",8,"lm_pseudo_depth",295,0,0.333333333333333,0.0571428571428571,0.021551724137931,0.25,0.142857142857143,0.214285714285714
50,2,"poisson",8,"abund_lm_depth",283,12,0,0.0625,0.0266666666666667,0.115384615384615,0.388888888888889,0.285714285714286
50,2,"poisson",8,"zip",292,3,0,0,0.0216450216450216,0.269230769230769,0,0.428571428571429
50,2,"poisson",8,"lm_pseudo_mc",295,0,0.555555555555556,0.114285714285714,0.0775862068965517,0.464285714285714,0.0952380952380952,0.285714285714286
100,2,"poisson",8,"naive",300,0,0.363636363636364,0.35,0.139344262295082,0.583333333333333,0.125,0.6875
100,2,"poisson",8,"depthcov",300,0,0,0.025,0.0532786885245902,0.5,0.0625,0.5
100,2,"poisson",8,"er_lm",300,0,0,0.4,0.0491803278688525,0.583333333333333,0.3125,0.75
100,2,"poisson",8,"abund_lm",298,2,0.615384615384615,0.46875,0.218106995884774,0.173913043478261,0.5625,0.6875
100,2,"poisson",8,"occ_depth",300,0,0.0666666666666667,0.35,0.069672131147541,0.625,0.0625,0.6875
100,2,"poisson",8,"occ_full",300,0,0.133333333333333,0.325,0.0942622950819672,0.625,0.125,0.5625
100,2,"poisson",8,"occ_cal",300,0,0.111111111111111,0.2,0.0819672131147541,0.541666666666667,0.0625,0.5
100,2,"poisson",8,"abund_trunc",298,2,0.428571428571429,0.375,0.156378600823045,0.173913043478261,0.5625,0.6875
100,2,"poisson",8,"occ_trunc",300,0,0.0909090909090909,0.25,0.0942622950819672,0.625,0.125,0.5
100,2,"poisson",8,"abund_ztnb",297,3,0.2,0.375,0.132231404958678,0.217391304347826,0.5,0.625
100,2,"poisson",8,"occ_ztnb",298,2,0.384615384615385,0.205128205128205,0.0905349794238683,0.391304347826087,0.0625,0.375
100,2,"poisson",8,"lm_pseudo",300,0,0.815126050420168,0.6875,0.405737704918033,0.708333333333333,0.625,0.75
100,2,"poisson",8,"lm_pseudo_depth",300,0,0.571428571428571,0.09375,0.0450819672131148,0.541666666666667,0.375,0.6875
100,2,"poisson",8,"abund_lm_depth",298,2,0,0.25,0.0576131687242798,0.130434782608696,0.5,0.4375
100,2,"poisson",8,"zip",299,1,0,0.205128205128205,0.0819672131147541,0.521739130434783,0.0625,0.4375
100,2,"poisson",8,"lm_pseudo_mc",300,0,0.548387096774194,0.4375,0.127049180327869,0.625,0.5,0.875
20,4,"poisson",8,"naive",261,0,0,0,0.0181818181818182,0.1,0,0.166666666666667
20,4,"poisson",8,"depthcov",261,0,0,0,0,0,0.105263157894737,0
20,4,"poisson",8,"er_lm",261,0,0,0,0.0272727272727273,0.1,0.0526315789473684,0.333333333333333
20,4,"poisson",8,"abund_lm",218,43,0.666666666666667,0.04,0.114130434782609,0,0.266666666666667,0.4
20,4,"poisson",8,"occ_depth",261,0,0,0,0.05,0.1,0.105263157894737,0.25
20,4,"poisson",8,"occ_full",261,0,0,0,0.0590909090909091,0.2,0.0526315789473684,0.333333333333333
20,4,"poisson",8,"occ_cal",261,0,0,0,0.0545454545454545,0.2,0.0526315789473684,0.25
20,4,"poisson",8,"abund_trunc",218,43,0.6,0.08,0.130434782608696,0.111111111111111,0.333333333333333,0.4
20,4,"poisson",8,"occ_trunc",261,0,0,0,0.0590909090909091,0.2,0.105263157894737,0.333333333333333
20,4,"poisson",8,"abund_ztnb",218,43,1,0,0.119565217391304,0,0.266666666666667,0.3
20,4,"poisson",8,"occ_ztnb",218,43,0,0,0.0652173913043478,0.111111111111111,0.0666666666666667,0.1
20,4,"poisson",8,"lm_pseudo",261,0,0.75,0.032258064516129,0.209090909090909,0.5,0.421052631578947,0.333333333333333
20,4,"poisson",8,"lm_pseudo_depth",261,0,0,0,0.05,0.2,0.105263157894737,0.0833333333333333
20,4,"poisson",8,"abund_lm_depth",218,43,0,0,0.0380434782608696,0,0.133333333333333,0.2
20,4,"poisson",8,"zip",256,5,0,0,0.00925925925925926,0,0,0.181818181818182
20,4,"poisson",8,"lm_pseudo_mc",261,0,0,0,0.0272727272727273,0.2,0.0526315789473684,0.333333333333333
50,4,"poisson",8,"naive",295,0,0,0,0.154811715481172,0.352941176470588,0.0526315789473684,0.25
50,4,"poisson",8,"depthcov",295,0,0,0,0.0669456066945607,0.235294117647059,0,0.15
50,4,"poisson",8,"er_lm",295,0,0,0.027027027027027,0.0585774058577406,0.352941176470588,0.263157894736842,0.35
50,4,"poisson",8,"abund_lm",285,10,0.333333333333333,0.210526315789474,0.129310344827586,0.133333333333333,0.526315789473684,0.315789473684211
50,4,"poisson",8,"occ_depth",295,0,0,0.135135135135135,0.100418410041841,0.529411764705882,0.0526315789473684,0.3
50,4,"poisson",8,"occ_full",295,0,0,0.135135135135135,0.125523012552301,0.529411764705882,0,0.25
50,4,"poisson",8,"occ_cal",295,0,0,0.0540540540540541,0.100418410041841,0.529411764705882,0,0.2
50,4,"poisson",8,"abund_trunc",285,10,0.111111111111111,0.210526315789474,0.0862068965517241,0.133333333333333,0.473684210526316,0.315789473684211
50,4,"poisson",8,"occ_trunc",295,0,0,0.135135135135135,0.117154811715481,0.588235294117647,0,0.25
50,4,"poisson",8,"abund_ztnb",284,11,0.111111111111111,0.216216216216216,0.0991379310344828,0.133333333333333,0.578947368421053,0.5
50,4,"poisson",8,"occ_ztnb",285,10,0,0.117647058823529,0.0775862068965517,0.533333333333333,0,0.263157894736842
50,4,"poisson",8,"lm_pseudo",295,0,0.780952380952381,0.58974358974359,0.380753138075314,0.823529411764706,0.578947368421053,0.75
50,4,"poisson",8,"lm_pseudo_depth",295,0,0,0,0.0753138075313808,0.235294117647059,0.157894736842105,0.2
50,4,"poisson",8,"abund_lm_depth",285,10,0,0.0526315789473684,0.0517241379310345,0,0.157894736842105,0.210526315789474
50,4,"poisson",8,"zip",293,2,0,0,0.0717299578059072,0.411764705882353,0,0.2
50,4,"poisson",8,"lm_pseudo_mc",295,0,0.666666666666667,0.179487179487179,0.108786610878661,0.647058823529412,0.315789473684211,0.6
100,4,"poisson",8,"naive",299,0,0.725490196078431,0.378378378378378,0.269709543568465,0.684210526315789,0.238095238095238,0.5
100,4,"poisson",8,"depthcov",299,0,0,0,0.029045643153527,0.368421052631579,0.142857142857143,0.277777777777778
100,4,"poisson",8,"er_lm",299,0,0.2,0.432432432432432,0.04149377593361,0.684210526315789,0.476190476190476,0.555555555555556
100,4,"poisson",8,"abund_lm",296,3,0.613333333333333,0.743589743589744,0.313807531380753,0.111111111111111,0.619047619047619,0.888888888888889
100,4,"poisson",8,"occ_depth",299,0,0.25,0.324324324324324,0.0829875518672199,0.684210526315789,0.19047619047619,0.555555555555556
100,4,"poisson",8,"occ_full",299,0,0.5625,0.378378378378378,0.190871369294606,0.736842105263158,0.0952380952380952,0.5
100,4,"poisson",8,"occ_cal",299,0,0.727272727272727,0.0810810810810811,0.12448132780083,0.526315789473684,0.0952380952380952,0.222222222222222
100,4,"poisson",8,"abund_trunc",296,3,0.416666666666667,0.717948717948718,0.200836820083682,0.111111111111111,0.666666666666667,1
100,4,"poisson",8,"occ_trunc",299,0,0.515151515151515,0.432432432432432,0.157676348547718,0.684210526315789,0.0952380952380952,0.5
100,4,"poisson",8,"abund_ztnb",296,3,0.0833333333333333,0.564102564102564,0.0669456066945607,0.0555555555555556,0.619047619047619,0.722222222222222
100,4,"poisson",8,"occ_ztnb",296,3,0.125,0.194444444444444,0.0753138075313808,0.611111111111111,0.0476190476190476,0.555555555555556
100,4,"poisson",8,"lm_pseudo",299,0,0.845360824742268,0.769230769230769,0.655601659751037,0.684210526315789,0.666666666666667,0.888888888888889
100,4,"poisson",8,"lm_pseudo_depth",299,0,0,0.102564102564103,0.020746887966805,0.315789473684211,0.333333333333333,0.444444444444444
100,4,"poisson",8,"abund_lm_depth",296,3,0,0.102564102564103,0.0502092050209205,0.0555555555555556,0.380952380952381,0.388888888888889
100,4,"poisson",8,"zip",297,2,0.4,0.333333333333333,0.1375,0.666666666666667,0.142857142857143,0.5
100,4,"poisson",8,"lm_pseudo_mc",299,0,0.698412698412698,0.487179487179487,0.211618257261411,0.894736842105263,0.523809523809524,0.722222222222222
20,1,"nb",8,"naive",245,0,0,0,0.0155440414507772,0.111111111111111,0.0714285714285714,0
20,1,"nb",8,"depthcov",245,0,0,0,0.0155440414507772,0.0740740740740741,0.0714285714285714,0
20,1,"nb",8,"er_lm",245,0,0,0,0.0518134715025907,0.185185185185185,0.0714285714285714,0.0909090909090909
20,1,"nb",8,"abund_lm",171,74,0,0,0.0373134328358209,0,0,0.125
20,1,"nb",8,"occ_depth",245,0,0,0,0.0880829015544041,0.222222222222222,0.214285714285714,0.272727272727273
20,1,"nb",8,"occ_full",245,0,0,0,0.0880829015544041,0.222222222222222,0.0714285714285714,0.272727272727273
20,1,"nb",8,"occ_cal",245,0,0,0,0.0880829015544041,0.148148148148148,0.214285714285714,0.363636363636364
20,1,"nb",8,"abund_trunc",171,74,0,0,0.0746268656716418,0.117647058823529,0.0833333333333333,0.125
20,1,"nb",8,"occ_trunc",245,0,0,0,0.0829015544041451,0.185185185185185,0.0714285714285714,0.181818181818182
20,1,"nb",8,"abund_ztnb",171,74,0,0,0.119402985074627,0.176470588235294,0.0833333333333333,0.125
20,1,"nb",8,"occ_ztnb",171,74,0,0,0.0597014925373134,0.117647058823529,0.0833333333333333,0
20,1,"nb",8,"lm_pseudo",245,0,0,0,0.0880829015544041,0.185185185185185,0.142857142857143,0.272727272727273
20,1,"nb",8,"lm_pseudo_depth",245,0,0,0,0.0569948186528497,0.185185185185185,0.214285714285714,0.272727272727273
20,1,"nb",8,"abund_lm_depth",171,74,0,0,0.0597014925373134,0.0588235294117647,0,0
20,1,"nb",8,"zip",233,12,0,0,0.00540540540540541,0.0833333333333333,0,0
20,1,"nb",8,"lm_pseudo_mc",245,0,0,0,0.0362694300518135,0.148148148148148,0.214285714285714,0.181818181818182
50,1,"nb",8,"naive",289,0,0,0,0.0228310502283105,0.193548387096774,0.115384615384615,0.230769230769231
50,1,"nb",8,"depthcov",289,0,0,0,0.0365296803652968,0.193548387096774,0.153846153846154,0.230769230769231
50,1,"nb",8,"er_lm",289,0,0,0,0.0319634703196347,0.161290322580645,0.307692307692308,0.384615384615385
50,1,"nb",8,"abund_lm",266,23,0,0,0.0445544554455446,0.0714285714285714,0.2,0.363636363636364
50,1,"nb",8,"occ_depth",289,0,0,0,0.0593607305936073,0.193548387096774,0.115384615384615,0.307692307692308
50,1,"nb",8,"occ_full",289,0,0,0,0.0639269406392694,0.258064516129032,0.0769230769230769,0.307692307692308
50,1,"nb",8,"occ_cal",289,0,0,0,0.0639269406392694,0.225806451612903,0.0384615384615385,0.307692307692308
50,1,"nb",8,"abund_trunc",266,23,0,0.0277777777777778,0.0594059405940594,0.0714285714285714,0.2,0.363636363636364
50,1,"nb",8,"occ_trunc",289,0,0,0,0.0684931506849315,0.290322580645161,0.0769230769230769,0.307692307692308
50,1,"nb",8,"abund_ztnb",266,23,0,0,0.0742574257425743,0.142857142857143,0.44,0.363636363636364
50,1,"nb",8,"occ_ztnb",266,23,0,0,0.0495049504950495,0.25,0.04,0.0909090909090909
50,1,"nb",8,"lm_pseudo",289,0,0,0.0256410256410256,0.0319634703196347,0.161290322580645,0.192307692307692,0.384615384615385
50,1,"nb",8,"lm_pseudo_depth",289,0,0,0.0256410256410256,0.0410958904109589,0.193548387096774,0.230769230769231,0.461538461538462
50,1,"nb",8,"abund_lm_depth",266,23,0,0,0.0495049504950495,0.0357142857142857,0.2,0.363636363636364
50,1,"nb",8,"zip",284,5,0,0,0.013953488372093,0.193548387096774,0.0769230769230769,0.0833333333333333
50,1,"nb",8,"lm_pseudo_mc",289,0,0,0.0256410256410256,0.0182648401826484,0.161290322580645,0.230769230769231,0.384615384615385
100,1,"nb",8,"naive",298,0,0.2,0.19047619047619,0.0603448275862069,0.391304347826087,0.166666666666667,0.526315789473684
100,1,"nb",8,"depthcov",298,0,0.3,0.166666666666667,0.0517241379310345,0.391304347826087,0.166666666666667,0.526315789473684
100,1,"nb",8,"er_lm",298,0,0.266666666666667,0.261904761904762,0.0474137931034483,0.391304347826087,0.375,0.631578947368421
100,1,"nb",8,"abund_lm",289,9,0,0,0.0575221238938053,0.0434782608695652,0.363636363636364,0.277777777777778
100,1,"nb",8,"occ_depth",298,0,0.25,0.285714285714286,0.0603448275862069,0.478260869565217,0.25,0.578947368421053
100,1,"nb",8,"occ_full",298,0,0.266666666666667,0.261904761904762,0.0775862068965517,0.391304347826087,0.125,0.631578947368421
100,1,"nb",8,"occ_cal",298,0,0.181818181818182,0.214285714285714,0.0775862068965517,0.434782608695652,0.125,0.631578947368421
100,1,"nb",8,"abund_trunc",289,9,0,0,0.0575221238938053,0.0434782608695652,0.363636363636364,0.277777777777778
100,1,"nb",8,"occ_trunc",298,0,0.307692307692308,0.214285714285714,0.0775862068965517,0.391304347826087,0.0833333333333333,0.684210526315789
100,1,"nb",8,"abund_ztnb",289,9,0.333333333333333,0.15,0.13716814159292,0,0.636363636363636,0.222222222222222
100,1,"nb",8,"occ_ztnb",289,9,0.333333333333333,0.146341463414634,0.106194690265487,0.304347826086957,0.0909090909090909,0.611111111111111
100,1,"nb",8,"lm_pseudo",298,0,0.461538461538462,0.162790697674419,0.0603448275862069,0.391304347826087,0.375,0.578947368421053
100,1,"nb",8,"lm_pseudo_depth",298,0,0.461538461538462,0.162790697674419,0.0560344827586207,0.304347826086957,0.458333333333333,0.631578947368421
100,1,"nb",8,"abund_lm_depth",289,9,0,0,0.0486725663716814,0,0.363636363636364,0.277777777777778
100,1,"nb",8,"zip",296,2,0.142857142857143,0.146341463414634,0.0689655172413793,0.391304347826087,0.0434782608695652,0.444444444444444
100,1,"nb",8,"lm_pseudo_mc",298,0,0.454545454545455,0.13953488372093,0.0517241379310345,0.304347826086957,0.458333333333333,0.578947368421053
20,2,"nb",8,"naive",259,0,0,0,0.0310880829015544,0.2,0.0952380952380952,0.133333333333333
20,2,"nb",8,"depthcov",259,0,0,0,0.0362694300518135,0,0.0476190476190476,0
20,2,"nb",8,"er_lm",259,0,0,0,0.0362694300518135,0.3,0.285714285714286,0.333333333333333
20,2,"nb",8,"abund_lm",199,60,0,0,0.0763888888888889,0.04,0.3,0.1
20,2,"nb",8,"occ_depth",259,0,0,0,0.0673575129533679,0.4,0.142857142857143,0.2
20,2,"nb",8,"occ_full",259,0,0,0,0.0829015544041451,0.3,0.0476190476190476,0.2
20,2,"nb",8,"occ_cal",259,0,0,0,0.0725388601036269,0.233333333333333,0,0.2
20,2,"nb",8,"abund_trunc",199,60,0.333333333333333,0.0666666666666667,0.104166666666667,0.12,0.35,0.2
20,2,"nb",8,"occ_trunc",259,0,0,0,0.0880829015544041,0.266666666666667,0,0.266666666666667
20,2,"nb",8,"abund_ztnb",198,61,0.25,0.1,0.104895104895105,0.16,0.4,0.4
20,2,"nb",8,"occ_ztnb",199,60,0,0,0.0694444444444444,0.2,0,0.3
20,2,"nb",8,"lm_pseudo",259,0,0.7,0.25,0.217616580310881,0.266666666666667,0.428571428571429,0.533333333333333
20,2,"nb",8,"lm_pseudo_depth",259,0,0,0,0.0414507772020725,0.166666666666667,0.238095238095238,0.133333333333333
20,2,"nb",8,"abund_lm_depth",199,60,0,0,0.0347222222222222,0.04,0.15,0
20,2,"nb",8,"zip",248,11,0,0,0.016304347826087,0.142857142857143,0,0.133333333333333
20,2,"nb",8,"lm_pseudo_mc",259,0,0.5,0.0555555555555556,0.0414507772020725,0.233333333333333,0.380952380952381,0.333333333333333
50,2,"nb",8,"naive",289,0,0,0.0512820512820513,0.0652173913043478,0.5,0.15,0.470588235294118
50,2,"nb",8,"depthcov",289,0,0,0,0.0347826086956522,0.454545454545455,0,0.352941176470588
50,2,"nb",8,"er_lm",289,0,0,0.205128205128205,0.0391304347826087,0.454545454545455,0.25,0.411764705882353
50,2,"nb",8,"abund_lm",276,13,0,0,0.0720720720720721,0.0526315789473684,0.0555555555555556,0.176470588235294
50,2,"nb",8,"occ_depth",289,0,0,0.205128205128205,0.0565217391304348,0.590909090909091,0.2,0.470588235294118
50,2,"nb",8,"occ_full",289,0,0.111111111111111,0.205128205128205,0.0739130434782609,0.636363636363636,0.1,0.411764705882353
50,2,"nb",8,"occ_cal",289,0,0,0.153846153846154,0.0652173913043478,0.545454545454545,0.1,0.294117647058824
50,2,"nb",8,"abund_trunc",276,13,1,0,0.0720720720720721,0.0526315789473684,0.111111111111111,0.176470588235294
50,2,"nb",8,"occ_trunc",289,0,0.125,0.179487179487179,0.0739130434782609,0.636363636363636,0.1,0.411764705882353
50,2,"nb",8,"abund_ztnb",276,13,0.75,0.0285714285714286,0.103603603603604,0,0.333333333333333,0.176470588235294
50,2,"nb",8,"occ_ztnb",276,13,0.25,0.166666666666667,0.0405405405405405,0.578947368421053,0.0555555555555556,0.235294117647059
50,2,"nb",8,"lm_pseudo",289,0,0.833333333333333,0.189189189189189,0.230434782608696,0.636363636363636,0.25,0.352941176470588
50,2,"nb",8,"lm_pseudo_depth",289,0,0.4,0.0810810810810811,0.0695652173913043,0.409090909090909,0.1,0.411764705882353
50,2,"nb",8,"abund_lm_depth",276,13,0,0,0.0495495495495495,0,0.222222222222222,0.176470588235294
50,2,"nb",8,"zip",284,5,0,0.0526315789473684,0.0484581497797357,0.523809523809524,0.105263157894737,0.352941176470588
50,2,"nb",8,"lm_pseudo_mc",289,0,0.285714285714286,0.135135135135135,0.0565217391304348,0.5,0.15,0.411764705882353
100,2,"nb",8,"naive",299,0,0.485714285714286,0.514285714285714,0.178137651821862,0.5625,0.294117647058824,0.736842105263158
100,2,"nb",8,"depthcov",299,0,0,0.0571428571428571,0.0526315789473684,0.5,0.294117647058824,0.526315789473684
100,2,"nb",8,"er_lm",299,0,0.166666666666667,0.428571428571429,0.0607287449392713,0.5,0.411764705882353,0.736842105263158
100,2,"nb",8,"abund_lm",294,5,0.384615384615385,0.228571428571429,0.160493827160494,0.1875,0.470588235294118,0.5
100,2,"nb",8,"occ_depth",299,0,0.166666666666667,0.428571428571429,0.0688259109311741,0.625,0.176470588235294,0.736842105263158
100,2,"nb",8,"occ_full",299,0,0.36,0.457142857142857,0.133603238866397,0.6875,0.117647058823529,0.789473684210526
100,2,"nb",8,"occ_cal",299,0,0.35,0.371428571428571,0.097165991902834,0.625,0.117647058823529,0.631578947368421
100,2,"nb",8,"abund_trunc",294,5,0.222222222222222,0.2,0.0823045267489712,0.1875,0.588235294117647,0.444444444444444
100,2,"nb",8,"occ_trunc",299,0,0.285714285714286,0.428571428571429,0.101214574898785,0.6875,0.117647058823529,0.736842105263158
100,2,"nb",8,"abund_ztnb",294,5,0,0.171428571428571,0.111111111111111,0.0625,0.588235294117647,0.555555555555556
100,2,"nb",8,"occ_ztnb",294,5,0.3,0.411764705882353,0.0699588477366255,0.6875,0.117647058823529,0.444444444444444
100,2,"nb",8,"lm_pseudo",299,0,0.844444444444444,0.583333333333333,0.51417004048583,0.75,0.470588235294118,0.684210526315789
100,2,"nb",8,"lm_pseudo_depth",299,0,0.285714285714286,0.138888888888889,0.0404858299595142,0.375,0.352941176470588,0.526315789473684
100,2,"nb",8,"abund_lm_depth",294,5,0,0.0571428571428571,0.0452674897119342,0.125,0.235294117647059,0.222222222222222
100,2,"nb",8,"zip",299,0,0.285714285714286,0.428571428571429,0.101214574898785,0.5625,0.0588235294117647,0.631578947368421
100,2,"nb",8,"lm_pseudo_mc",299,0,0.464285714285714,0.416666666666667,0.129554655870445,0.625,0.470588235294118,0.684210526315789
20,4,"nb",8,"naive",262,0,0,0,0.0576923076923077,0.0476190476190476,0.0476190476190476,0.0833333333333333
20,4,"nb",8,"depthcov",262,0,0,0,0.0192307692307692,0,0,0
20,4,"nb",8,"er_lm",262,0,0,0,0.0625,0.0476190476190476,0.0952380952380952,0.0833333333333333
20,4,"nb",8,"abund_lm",217,45,1,0,0.0529411764705882,0.0952380952380952,0.222222222222222,0.375
20,4,"nb",8,"occ_depth",262,0,0,0,0.0817307692307692,0.0952380952380952,0.0952380952380952,0.166666666666667
20,4,"nb",8,"occ_full",262,0,0,0,0.0865384615384615,0.142857142857143,0.0476190476190476,0.25
20,4,"nb",8,"occ_cal",262,0,0,0,0.0721153846153846,0.0952380952380952,0.0476190476190476,0.25
20,4,"nb",8,"abund_trunc",217,45,1,0,0.0882352941176471,0.0952380952380952,0.277777777777778,0.375
20,4,"nb",8,"occ_trunc",262,0,0,0,0.0913461538461538,0.19047619047619,0.0476190476190476,0.166666666666667
20,4,"nb",8,"abund_ztnb",217,45,1,0,0.0823529411764706,0.238095238095238,0.277777777777778,0.5
20,4,"nb",8,"occ_ztnb",217,45,0,0,0.0647058823529412,0.238095238095238,0,0.125
20,4,"nb",8,"lm_pseudo",262,0,0.555555555555556,0.121212121212121,0.192307692307692,0.19047619047619,0.380952380952381,0.25
20,4,"nb",8,"lm_pseudo_depth",262,0,0,0,0.0288461538461538,0,0.0476190476190476,0.166666666666667
20,4,"nb",8,"abund_lm_depth",217,45,0,0,0.0470588235294118,0,0.111111111111111,0.125
20,4,"nb",8,"zip",252,10,0,0,0.04,0,0,0.0909090909090909
20,4,"nb",8,"lm_pseudo_mc",262,0,0,0,0.0192307692307692,0.0476190476190476,0.238095238095238,0.25
50,4,"nb",8,"naive",298,0,0.470588235294118,0.195652173913043,0.137339055793991,0.416666666666667,0.263157894736842,0.5
50,4,"nb",8,"depthcov",298,0,0,0,0.0386266094420601,0.0833333333333333,0.105263157894737,0.0454545454545455
50,4,"nb",8,"er_lm",298,0,0,0.0434782608695652,0.0686695278969957,0.291666666666667,0.263157894736842,0.545454545454545
50,4,"nb",8,"abund_lm",289,9,0.428571428571429,0.1,0.150442477876106,0.130434782608696,0.368421052631579,0.476190476190476
50,4,"nb",8,"occ_depth",298,0,0.5,0.0217391304347826,0.0944206008583691,0.333333333333333,0.105263157894737,0.5
50,4,"nb",8,"occ_full",298,0,0.6,0.0869565217391304,0.107296137339056,0.416666666666667,0.157894736842105,0.5
50,4,"nb",8,"occ_cal",298,0,0.5,0.0217391304347826,0.0901287553648069,0.208333333333333,0.105263157894737,0.318181818181818
50,4,"nb",8,"abund_trunc",289,9,0.5,0.05,0.119469026548673,0.130434782608696,0.368421052631579,0.380952380952381
50,4,"nb",8,"occ_trunc",298,0,0.555555555555556,0.0869565217391304,0.111587982832618,0.416666666666667,0.105263157894737,0.5
50,4,"nb",8,"abund_ztnb",289,9,0.5,0.1,0.154867256637168,0.130434782608696,0.473684210526316,0.428571428571429
50,4,"nb",8,"occ_ztnb",289,9,0.5,0.0227272727272727,0.079646017699115,0.217391304347826,0.0526315789473684,0.333333333333333
50,4,"nb",8,"lm_pseudo",298,0,0.804347826086957,0.439024390243902,0.373390557939914,0.375,0.421052631578947,0.818181818181818
50,4,"nb",8,"lm_pseudo_depth",298,0,0,0,0.0515021459227468,0.125,0.105263157894737,0.136363636363636
50,4,"nb",8,"abund_lm_depth",289,9,0,0,0.0752212389380531,0.130434782608696,0.157894736842105,0
50,4,"nb",8,"zip",295,3,1,0,0.0956521739130435,0.25,0.157894736842105,0.363636363636364
50,4,"nb",8,"lm_pseudo_mc",298,0,0.545454545454545,0.24390243902439,0.150214592274678,0.458333333333333,0.157894736842105,0.5
100,4,"nb",8,"naive",298,0,0.6,0.482758620689655,0.241935483870968,0.785714285714286,0.238095238095238,0.733333333333333
100,4,"nb",8,"depthcov",298,0,0,0.0344827586206897,0.0806451612903226,0.5,0.19047619047619,0.466666666666667
100,4,"nb",8,"er_lm",298,0,0.277777777777778,0.448275862068966,0.0806451612903226,0.5,0.571428571428571,0.866666666666667
100,4,"nb",8,"abund_lm",297,1,0.625,0.5,0.218623481781377,0.357142857142857,0.666666666666667,0.6
100,4,"nb",8,"occ_depth",298,0,0.1875,0.448275862068966,0.092741935483871,0.5,0.142857142857143,0.733333333333333
100,4,"nb",8,"occ_full",298,0,0.454545454545455,0.413793103448276,0.149193548387097,0.714285714285714,0.142857142857143,0.666666666666667
100,4,"nb",8,"occ_cal",298,0,0.307692307692308,0.310344827586207,0.133064516129032,0.714285714285714,0.0952380952380952,0.6
100,4,"nb",8,"abund_trunc",297,1,0.391304347826087,0.388888888888889,0.133603238866397,0.214285714285714,0.714285714285714,0.6
100,4,"nb",8,"occ_trunc",298,0,0.285714285714286,0.344827586206897,0.133064516129032,0.642857142857143,0.142857142857143,0.666666666666667
100,4,"nb",8,"abund_ztnb",297,1,0.214285714285714,0.305555555555556,0.0931174089068826,0.142857142857143,0.523809523809524,0.533333333333333
100,4,"nb",8,"occ_ztnb",297,1,0.1,0.310344827586207,0.0647773279352227,0.571428571428571,0.0952380952380952,0.6
100,4,"nb",8,"lm_pseudo",298,0,0.864197530864197,0.611111111111111,0.576612903225806,0.785714285714286,0.619047619047619,0.666666666666667
100,4,"nb",8,"lm_pseudo_depth",298,0,0.181818181818182,0.25,0.0725806451612903,0.285714285714286,0.428571428571429,0.533333333333333
100,4,"nb",8,"abund_lm_depth",297,1,0,0.138888888888889,0.0445344129554656,0.0714285714285714,0.476190476190476,0.266666666666667
100,4,"nb",8,"zip",298,0,0.388888888888889,0.379310344827586,0.149193548387097,0.642857142857143,0.142857142857143,0.733333333333333
100,4,"nb",8,"lm_pseudo_mc",298,0,0.588235294117647,0.388888888888889,0.217741935483871,0.714285714285714,0.476190476190476,0.733333333333333
