feature	expected_direction
OTU_97.1	-1
OTU_97.10	1
OTU_97.100	-1
OTU_97.1000	1
OTU_97.10003	-1
OTU_97.10005	-1
OTU_97.10006	-1
OTU_97.10007	1
OTU_97.10008	-1
OTU_97.10011	-1
OTU_97.10017	-1
OTU_97.10021	1
OTU_97.10025	-1
OTU_97.10026	-1
OTU_97.10032	-1
OTU_97.10040	-1
OTU_97.10045	-1
OTU_97.10049	-1
OTU_97.10053	-1
OTU_97.10054	-1
OTU_97.10056	-1
OTU_97.10059	-1
OTU_97.10064	-1
OTU_97.10066	-1
OTU_97.10070	-1
OTU_97.10072	-1
OTU_97.10076	-1
OTU_97.10077	-1
OTU_97.10078	-1
OTU_97.1008	-1
OTU_97.10087	-1
OTU_97.10088	-1
OTU_97.1009	-1
OTU_97.10090	-1
OTU_97.10091	-1
OTU_97.10098	-1
OTU_97.101	-1
OTU_97.10101	-1
OTU_97.10102	-1
OTU_97.10103	-1
OTU_97.10106	-1
OTU_97.10107	-1
OTU_97.10111	-1
OTU_97.10115	-1
OTU_97.10119	1
OTU_97.1012	-1
OTU_97.10121	-1
OTU_97.10123	-1
OTU_97.10124	-1
OTU_97.10126	-1
OTU_97.10128	-1
OTU_97.10134	-1
OTU_97.10136	1
OTU_97.10138	-1
OTU_97.10139	-1
OTU_97.1014	-1
OTU_97.10142	-1
OTU_97.10151	-1
OTU_97.10154	-1
OTU_97.10155	-1
OTU_97.10157	-1
OTU_97.10160	1
OTU_97.10167	1
OTU_97.10169	-1
OTU_97.10171	-1
OTU_97.10177	-1
OTU_97.10178	-1
OTU_97.10185	-1
OTU_97.10188	-1
OTU_97.10190	-1
OTU_97.10194	-1
OTU_97.10198	-1
OTU_97.102	-1
OTU_97.10201	-1
OTU_97.10202	-1
OTU_97.10207	-1
OTU_97.10211	-1
OTU_97.10216	-1
OTU_97.10217	-1
OTU_97.1022	-1
OTU_97.10220	-1
OTU_97.1023	-1
OTU_97.10231	1
OTU_97.10233	-1
OTU_97.10235	-1
OTU_97.10241	-1
OTU_97.10242	1
OTU_97.10246	-1
OTU_97.10247	-1
OTU_97.10255	-1
OTU_97.10257	-1
OTU_97.10260	-1
OTU_97.10264	-1
OTU_97.1027	-1
OTU_97.10271	-1
OTU_97.10272	-1
OTU_97.10274	-1
OTU_97.10276	-1
OTU_97.10278	-1
OTU_97.10280	-1
OTU_97.10283	1
OTU_97.10288	-1
OTU_97.10289	-1
OTU_97.10290	-1
OTU_97.10294	-1
OTU_97.10297	-1
OTU_97.10299	-1
OTU_97.103	-1
OTU_97.1030	-1
OTU_97.10303	-1
OTU_97.10305	-1
OTU_97.10308	-1
OTU_97.10310	-1
OTU_97.10316	-1
OTU_97.10319	-1
OTU_97.1032	-1
OTU_97.10327	1
OTU_97.10328	-1
OTU_97.10330	1
OTU_97.10332	-1
OTU_97.10339	-1
OTU_97.1034	-1
OTU_97.10340	-1
OTU_97.10341	-1
OTU_97.10344	-1
OTU_97.10345	-1
OTU_97.10347	-1
OTU_97.10350	-1
OTU_97.10359	-1
OTU_97.10361	-1
OTU_97.1037	1
OTU_97.10372	-1
OTU_97.10375	-1
OTU_97.10377	-1
OTU_97.10384	1
OTU_97.10385	-1
OTU_97.10388	-1
OTU_97.10390	-1
OTU_97.10391	-1
OTU_97.10393	-1
OTU_97.10396	-1
OTU_97.10399	-1
OTU_97.104	-1
OTU_97.1040	-1
OTU_97.10400	-1
OTU_97.1041	-1
OTU_97.10410	-1
OTU_97.10411	-1
OTU_97.1042	-1
OTU_97.10423	-1
OTU_97.1043	1
OTU_97.10439	-1
OTU_97.10449	-1
OTU_97.10453	-1
OTU_97.10458	-1
OTU_97.10459	-1
OTU_97.10460	1
OTU_97.10461	-1
OTU_97.10462	-1
OTU_97.10463	-1
OTU_97.10469	-1
OTU_97.10474	-1
OTU_97.1048	-1
OTU_97.10481	1
OTU_97.10486	1
OTU_97.10487	-1
OTU_97.1049	-1
OTU_97.10490	1
OTU_97.10494	-1
OTU_97.10496	-1
OTU_97.10499	-1
OTU_97.10502	-1
OTU_97.10506	-1
OTU_97.10507	-1
OTU_97.10509	-1
OTU_97.10513	-1
OTU_97.10517	-1
OTU_97.10518	1
OTU_97.10519	1
OTU_97.10522	-1
OTU_97.1053	-1
OTU_97.10535	1
OTU_97.10538	-1
OTU_97.10540	-1
OTU_97.10544	-1
OTU_97.10545	-1
OTU_97.10546	1
OTU_97.10550	-1
OTU_97.10552	-1
OTU_97.10561	-1
OTU_97.10562	-1
OTU_97.10567	1
OTU_97.10574	-1
OTU_97.10575	-1
OTU_97.1058	-1
OTU_97.10581	1
OTU_97.10582	-1
OTU_97.10586	-1
OTU_97.10589	-1
OTU_97.10596	-1
OTU_97.10598	-1
OTU_97.10599	1
OTU_97.10602	-1
OTU_97.10605	-1
OTU_97.10609	1
OTU_97.10611	-1
OTU_97.10616	-1
OTU_97.10619	-1
OTU_97.10623	-1
OTU_97.10630	-1
OTU_97.10635	-1
OTU_97.10638	-1
OTU_97.10641	1
OTU_97.10643	-1
OTU_97.10646	-1
OTU_97.10647	-1
OTU_97.10649	-1
OTU_97.1065	-1
OTU_97.10656	-1
OTU_97.10672	-1
OTU_97.10673	-1
OTU_97.10674	-1
OTU_97.10677	-1
OTU_97.10681	-1
OTU_97.10682	1
OTU_97.10688	-1
OTU_97.1069	-1
OTU_97.10691	-1
OTU_97.10692	-1
OTU_97.10694	1
OTU_97.10695	-1
OTU_97.10700	-1
OTU_97.10701	1
OTU_97.10703	-1
OTU_97.10707	-1
OTU_97.10709	-1
OTU_97.10711	-1
OTU_97.10715	-1
OTU_97.10717	-1
OTU_97.1072	-1
OTU_97.10728	-1
OTU_97.1073	-1
OTU_97.10731	-1
OTU_97.10732	-1
OTU_97.10733	-1
OTU_97.10734	-1
OTU_97.10740	-1
OTU_97.10744	1
OTU_97.10746	-1
OTU_97.10747	-1
OTU_97.10755	-1
OTU_97.10757	1
OTU_97.1076	-1
OTU_97.10760	-1
OTU_97.10761	-1
OTU_97.10762	-1
OTU_97.10766	-1
OTU_97.10767	-1
OTU_97.10768	-1
OTU_97.10769	-1
OTU_97.10770	-1
OTU_97.10772	1
OTU_97.10774	1
OTU_97.10776	-1
OTU_97.10777	-1
OTU_97.10778	1
OTU_97.1078	-1
OTU_97.10781	-1
OTU_97.10782	-1
OTU_97.10783	-1
OTU_97.10785	-1
OTU_97.10787	-1
OTU_97.10788	-1
OTU_97.10789	1
OTU_97.10796	-1
OTU_97.10804	-1
OTU_97.10805	-1
OTU_97.10806	-1
OTU_97.10808	-1
OTU_97.1081	-1
OTU_97.10811	1
OTU_97.10814	1
OTU_97.10819	-1
OTU_97.10821	-1
OTU_97.10823	-1
OTU_97.10827	-1
OTU_97.10829	-1
OTU_97.10838	-1
OTU_97.10839	-1
OTU_97.1084	-1
OTU_97.10843	-1
OTU_97.10852	-1
OTU_97.10856	-1
OTU_97.10858	-1
OTU_97.10860	-1
OTU_97.10864	-1
OTU_97.10869	-1
OTU_97.10870	1
OTU_97.10872	-1
OTU_97.10874	-1
OTU_97.10876	-1
OTU_97.10879	-1
OTU_97.10884	-1
OTU_97.10885	-1
OTU_97.10888	-1
OTU_97.1089	-1
OTU_97.10892	1
OTU_97.10894	-1
OTU_97.10898	-1
OTU_97.10899	-1
OTU_97.109	-1
OTU_97.10901	-1
OTU_97.10908	-1
OTU_97.10909	-1
OTU_97.10921	-1
OTU_97.10923	-1
OTU_97.10924	-1
OTU_97.10925	-1
OTU_97.10928	-1
OTU_97.1093	-1
OTU_97.10931	1
OTU_97.10935	-1
OTU_97.10936	-1
OTU_97.10942	-1
OTU_97.10944	-1
OTU_97.10946	-1
OTU_97.10949	-1
OTU_97.1095	-1
OTU_97.10950	-1
OTU_97.10953	-1
OTU_97.10957	-1
OTU_97.10958	-1
OTU_97.10963	-1
OTU_97.10966	-1
OTU_97.10973	1
OTU_97.10974	-1
OTU_97.10975	-1
OTU_97.10980	1
OTU_97.10981	-1
OTU_97.10982	-1
OTU_97.10985	1
OTU_97.10986	-1
OTU_97.10987	-1
OTU_97.10990	-1
OTU_97.10992	-1
OTU_97.10999	-1
OTU_97.11	1
OTU_97.1100	1
OTU_97.11001	-1
OTU_97.11004	-1
OTU_97.11008	-1
OTU_97.1101	-1
OTU_97.11011	-1
OTU_97.11015	-1
OTU_97.11018	1
OTU_97.11019	-1
OTU_97.1102	-1
OTU_97.11027	-1
OTU_97.11028	1
OTU_97.11031	-1
OTU_97.11032	-1
OTU_97.11038	-1
OTU_97.11039	1
OTU_97.11044	-1
OTU_97.11045	-1
OTU_97.11047	-1
OTU_97.11052	-1
OTU_97.11062	-1
OTU_97.11066	-1
OTU_97.11071	-1
OTU_97.11072	1
OTU_97.11075	-1
OTU_97.11076	-1
OTU_97.11077	-1
OTU_97.11079	-1
OTU_97.11084	-1
OTU_97.11089	1
OTU_97.11091	-1
OTU_97.11092	-1
OTU_97.11095	-1
OTU_97.11096	-1
OTU_97.11097	-1
OTU_97.11099	-1
OTU_97.11100	-1
OTU_97.11101	-1
OTU_97.11108	-1
OTU_97.11109	-1
OTU_97.11110	-1
OTU_97.11115	1
OTU_97.11116	-1
OTU_97.11118	-1
OTU_97.11121	-1
OTU_97.11125	-1
OTU_97.11127	-1
OTU_97.11128	-1
OTU_97.11129	-1
OTU_97.1113	-1
OTU_97.11130	-1
OTU_97.11132	-1
OTU_97.11138	-1
OTU_97.1114	-1
OTU_97.11149	-1
OTU_97.11156	-1
OTU_97.1117	-1
OTU_97.11172	1
OTU_97.11174	-1
OTU_97.11180	1
OTU_97.11192	-1
OTU_97.11194	-1
OTU_97.11195	-1
OTU_97.11196	-1
OTU_97.11198	-1
OTU_97.11199	-1
OTU_97.11203	-1
OTU_97.11206	1
OTU_97.11211	-1
OTU_97.11213	-1
OTU_97.11215	-1
OTU_97.11218	-1
OTU_97.11220	-1
OTU_97.11223	-1
OTU_97.11224	-1
OTU_97.11225	-1
OTU_97.1123	-1
OTU_97.11232	-1
OTU_97.11233	-1
OTU_97.11236	-1
OTU_97.11238	-1
OTU_97.11239	1
OTU_97.1124	-1
OTU_97.11240	1
OTU_97.11244	-1
OTU_97.11245	-1
OTU_97.11248	-1
OTU_97.11258	-1
OTU_97.1126	-1
OTU_97.11262	-1
OTU_97.11264	-1
OTU_97.11268	-1
OTU_97.1127	-1
OTU_97.11271	-1
OTU_97.11272	-1
OTU_97.11274	-1
OTU_97.11277	-1
OTU_97.11285	-1
OTU_97.11287	1
OTU_97.11292	-1
OTU_97.11297	-1
OTU_97.11299	-1
OTU_97.113	1
OTU_97.1130	1
OTU_97.11303	-1
OTU_97.11305	-1
OTU_97.11307	-1
OTU_97.11308	1
OTU_97.11309	-1
OTU_97.11314	-1
OTU_97.11321	-1
OTU_97.11323	-1
OTU_97.11328	-1
OTU_97.1133	-1
OTU_97.11334	-1
OTU_97.11335	-1
OTU_97.11338	-1
OTU_97.11341	-1
OTU_97.11350	-1
OTU_97.11361	-1
OTU_97.11363	-1
OTU_97.11364	-1
OTU_97.11365	-1
OTU_97.11376	-1
OTU_97.11377	-1
OTU_97.1138	1
OTU_97.11383	-1
OTU_97.11384	-1
OTU_97.11388	-1
OTU_97.11393	-1
OTU_97.11397	-1
OTU_97.11399	-1
OTU_97.11401	-1
OTU_97.11404	-1
OTU_97.11405	1
OTU_97.11411	-1
OTU_97.11413	-1
OTU_97.1142	-1
OTU_97.11422	-1
OTU_97.11423	-1
OTU_97.11425	-1
OTU_97.11426	-1
OTU_97.11428	-1
OTU_97.11430	-1
OTU_97.11438	-1
OTU_97.11439	-1
OTU_97.1144	-1
OTU_97.11440	-1
OTU_97.11441	-1
OTU_97.11442	-1
OTU_97.11445	-1
OTU_97.11446	-1
OTU_97.11447	-1
OTU_97.11450	-1
OTU_97.11451	1
OTU_97.11455	-1
OTU_97.11464	-1
OTU_97.11465	-1
OTU_97.11466	-1
OTU_97.11468	-1
OTU_97.11470	-1
OTU_97.11478	-1
OTU_97.11480	-1
OTU_97.11481	-1
OTU_97.11486	-1
OTU_97.11487	-1
OTU_97.11490	-1
OTU_97.11492	-1
OTU_97.11494	1
OTU_97.11498	-1
OTU_97.11499	-1
OTU_97.115	-1
OTU_97.11501	-1
OTU_97.11508	-1
OTU_97.11510	-1
OTU_97.11512	-1
OTU_97.11515	-1
OTU_97.1152	-1
OTU_97.11520	-1
OTU_97.11522	-1
OTU_97.11525	-1
OTU_97.11526	-1
OTU_97.11528	-1
OTU_97.11537	-1
OTU_97.11546	-1
OTU_97.11547	-1
OTU_97.11551	-1
OTU_97.11556	-1
OTU_97.11558	-1
OTU_97.11564	-1
OTU_97.11565	-1
OTU_97.11567	-1
OTU_97.11569	-1
OTU_97.11571	-1
OTU_97.11574	-1
OTU_97.11577	1
OTU_97.11583	-1
OTU_97.11586	-1
OTU_97.11589	-1
OTU_97.11593	-1
OTU_97.116	-1
OTU_97.11601	-1
OTU_97.11603	-1
OTU_97.11604	-1
OTU_97.11607	-1
OTU_97.11608	-1
OTU_97.11612	-1
OTU_97.11616	-1
OTU_97.11619	-1
OTU_97.11620	1
OTU_97.11627	-1
OTU_97.11637	-1
OTU_97.1164	1
OTU_97.11644	-1
OTU_97.11649	-1
OTU_97.1165	-1
OTU_97.11650	-1
OTU_97.11657	-1
OTU_97.1166	-1
OTU_97.11661	-1
OTU_97.11677	-1
OTU_97.11679	-1
OTU_97.11681	-1
OTU_97.11682	-1
OTU_97.11685	-1
OTU_97.11688	-1
OTU_97.1169	-1
OTU_97.11691	-1
OTU_97.11693	-1
OTU_97.117	-1
OTU_97.11704	-1
OTU_97.11706	-1
OTU_97.11707	-1
OTU_97.11708	-1
OTU_97.11709	-1
OTU_97.11713	-1
OTU_97.11714	-1
OTU_97.11717	-1
OTU_97.11718	-1
OTU_97.11720	-1
OTU_97.11726	1
OTU_97.11727	1
OTU_97.11734	-1
OTU_97.11739	-1
OTU_97.1174	-1
OTU_97.11741	1
OTU_97.11742	-1
OTU_97.1175	-1
OTU_97.11754	1
OTU_97.11756	1
OTU_97.1176	-1
OTU_97.11761	1
OTU_97.11765	-1
OTU_97.11767	-1
OTU_97.11770	-1
OTU_97.11775	-1
OTU_97.11776	-1
OTU_97.11782	-1
OTU_97.11784	-1
OTU_97.11785	-1
OTU_97.11786	-1
OTU_97.11789	-1
OTU_97.11790	-1
OTU_97.11796	-1
OTU_97.11800	-1
OTU_97.11802	-1
OTU_97.11807	-1
OTU_97.11808	-1
OTU_97.11809	-1
OTU_97.11814	-1
OTU_97.11815	-1
OTU_97.11816	-1
OTU_97.11820	-1
OTU_97.11822	1
OTU_97.1183	-1
OTU_97.11832	-1
OTU_97.11834	-1
OTU_97.11840	-1
OTU_97.11841	-1
OTU_97.11846	-1
OTU_97.1185	1
OTU_97.11850	-1
OTU_97.11851	-1
OTU_97.11853	-1
OTU_97.11854	-1
OTU_97.11856	1
OTU_97.11860	-1
OTU_97.11861	-1
OTU_97.11863	-1
OTU_97.11864	-1
OTU_97.11869	-1
OTU_97.11870	-1
OTU_97.11872	-1
OTU_97.11874	-1
OTU_97.11876	1
OTU_97.11877	-1
OTU_97.11879	-1
OTU_97.1188	1
OTU_97.11880	-1
OTU_97.11882	-1
OTU_97.11883	-1
OTU_97.11885	-1
OTU_97.11887	-1
OTU_97.1189	-1
OTU_97.11891	-1
OTU_97.11896	-1
OTU_97.119	-1
OTU_97.11903	-1
OTU_97.11904	-1
OTU_97.11905	-1
OTU_97.11909	-1
OTU_97.11914	-1
OTU_97.11916	-1
OTU_97.11920	-1
OTU_97.11921	-1
OTU_97.11922	1
OTU_97.11924	-1
OTU_97.11927	-1
OTU_97.11928	-1
OTU_97.11929	-1
OTU_97.1193	-1
OTU_97.11930	-1
OTU_97.11932	-1
OTU_97.11935	-1
OTU_97.11943	-1
OTU_97.11945	1
OTU_97.11948	1
OTU_97.11949	1
OTU_97.11951	-1
OTU_97.11955	-1
OTU_97.11960	-1
OTU_97.11961	-1
OTU_97.11962	1
OTU_97.11964	-1
OTU_97.11965	-1
OTU_97.11974	1
OTU_97.11976	-1
OTU_97.11978	-1
OTU_97.11980	-1
OTU_97.11987	-1
OTU_97.11988	-1
OTU_97.1199	-1
OTU_97.11991	-1
OTU_97.11992	-1
OTU_97.11993	-1
OTU_97.11997	-1
OTU_97.11999	1
OTU_97.12	-1
OTU_97.120	-1
OTU_97.12001	1
OTU_97.12002	-1
OTU_97.12003	-1
OTU_97.12004	-1
OTU_97.12009	-1
OTU_97.1201	-1
OTU_97.12011	-1
OTU_97.12012	-1
OTU_97.12018	-1
OTU_97.12019	-1
OTU_97.1202	-1
OTU_97.12021	-1
OTU_97.12026	-1
OTU_97.12039	-1
OTU_97.1204	1
OTU_97.12042	-1
OTU_97.12046	1
OTU_97.12047	-1
OTU_97.1205	-1
OTU_97.12053	-1
OTU_97.12055	-1
OTU_97.12060	-1
OTU_97.12062	1
OTU_97.12065	1
OTU_97.12066	1
OTU_97.12072	1
OTU_97.12074	-1
OTU_97.12075	-1
OTU_97.12077	-1
OTU_97.12078	-1
OTU_97.12079	-1
OTU_97.12081	-1
OTU_97.12084	1
OTU_97.1209	-1
OTU_97.12090	-1
OTU_97.12092	-1
OTU_97.12096	-1
OTU_97.12098	-1
OTU_97.121	-1
OTU_97.12101	-1
OTU_97.12106	-1
OTU_97.12108	1
OTU_97.12109	-1
OTU_97.1211	-1
OTU_97.12114	-1
OTU_97.12116	-1
OTU_97.12117	-1
OTU_97.12120	-1
OTU_97.12121	1
OTU_97.12125	-1
OTU_97.12126	-1
OTU_97.12129	-1
OTU_97.1213	-1
OTU_97.12130	-1
OTU_97.12131	-1
OTU_97.12132	-1
OTU_97.12134	1
OTU_97.12141	-1
OTU_97.12142	-1
OTU_97.12148	-1
OTU_97.12154	-1
OTU_97.12156	-1
OTU_97.12158	-1
OTU_97.12163	1
OTU_97.12164	-1
OTU_97.12167	-1
OTU_97.12168	1
OTU_97.12172	-1
OTU_97.12175	-1
OTU_97.12177	-1
OTU_97.12179	-1
OTU_97.1218	-1
OTU_97.12181	-1
OTU_97.12185	-1
OTU_97.12187	-1
OTU_97.12188	-1
OTU_97.12192	-1
OTU_97.12198	-1
OTU_97.122	-1
OTU_97.12200	-1
OTU_97.12201	1
OTU_97.12205	-1
OTU_97.12207	1
OTU_97.1221	-1
OTU_97.12210	-1
OTU_97.12212	-1
OTU_97.12214	-1
OTU_97.12217	1
OTU_97.12220	-1
OTU_97.12221	-1
OTU_97.12222	-1
OTU_97.12224	-1
OTU_97.12230	-1
OTU_97.12231	-1
OTU_97.12234	-1
OTU_97.12235	-1
OTU_97.12237	-1
OTU_97.12239	-1
OTU_97.1224	-1
OTU_97.12243	-1
OTU_97.12244	-1
OTU_97.12245	-1
OTU_97.12247	-1
OTU_97.12248	-1
OTU_97.1225	-1
OTU_97.12250	-1
OTU_97.12252	1
OTU_97.12254	-1
OTU_97.12257	-1
OTU_97.12259	-1
OTU_97.12262	-1
OTU_97.12264	-1
OTU_97.12278	-1
OTU_97.1228	-1
OTU_97.12287	1
OTU_97.12288	-1
OTU_97.1229	-1
OTU_97.12292	-1
OTU_97.12297	-1
OTU_97.12298	-1
OTU_97.123	1
OTU_97.1230	-1
OTU_97.12303	-1
OTU_97.12304	-1
OTU_97.12306	-1
OTU_97.12309	-1
OTU_97.1231	1
OTU_97.12312	-1
OTU_97.12315	-1
OTU_97.12316	-1
OTU_97.12317	-1
OTU_97.1232	-1
OTU_97.12321	-1
OTU_97.12322	-1
OTU_97.12328	-1
OTU_97.12329	1
OTU_97.12339	-1
OTU_97.12340	-1
OTU_97.12345	-1
OTU_97.12347	-1
OTU_97.1235	-1
OTU_97.12354	-1
OTU_97.12357	-1
OTU_97.12358	-1
OTU_97.12363	-1
OTU_97.12366	-1
OTU_97.12369	-1
OTU_97.12370	-1
OTU_97.12371	-1
OTU_97.12376	-1
OTU_97.12379	1
OTU_97.1238	-1
OTU_97.12381	-1
OTU_97.12383	-1
OTU_97.12386	-1
OTU_97.12390	-1
OTU_97.12397	-1
OTU_97.12398	-1
OTU_97.124	-1
OTU_97.12405	1
OTU_97.12406	-1
OTU_97.12407	1
OTU_97.12408	-1
OTU_97.12410	-1
OTU_97.12411	-1
OTU_97.12412	-1
OTU_97.12413	1
OTU_97.12415	-1
OTU_97.12416	1
OTU_97.12417	-1
OTU_97.12418	-1
OTU_97.12419	-1
OTU_97.12424	-1
OTU_97.12428	-1
OTU_97.12432	-1
OTU_97.12434	-1
OTU_97.12438	-1
OTU_97.12439	-1
OTU_97.12448	-1
OTU_97.12449	-1
OTU_97.12458	-1
OTU_97.1246	-1
OTU_97.12462	-1
OTU_97.12466	-1
OTU_97.12473	-1
OTU_97.12476	-1
OTU_97.1248	-1
OTU_97.12480	-1
OTU_97.12484	-1
OTU_97.12486	-1
OTU_97.12488	-1
OTU_97.12491	-1
OTU_97.12494	-1
OTU_97.12498	-1
OTU_97.125	-1
OTU_97.12508	-1
OTU_97.12519	-1
OTU_97.12520	-1
OTU_97.12530	-1
OTU_97.12535	-1
OTU_97.12536	-1
OTU_97.1254	-1
OTU_97.12540	-1
OTU_97.12542	-1
OTU_97.12545	-1
OTU_97.12546	-1
OTU_97.12547	-1
OTU_97.12551	-1
OTU_97.12552	-1
OTU_97.12554	-1
OTU_97.12558	-1
OTU_97.12559	-1
OTU_97.12569	-1
OTU_97.1257	-1
OTU_97.12572	-1
OTU_97.12573	-1
OTU_97.12574	-1
OTU_97.12575	1
OTU_97.12576	-1
OTU_97.12583	-1
OTU_97.12588	-1
OTU_97.12589	1
OTU_97.12593	-1
OTU_97.12594	-1
OTU_97.12595	-1
OTU_97.12598	-1
OTU_97.12599	-1
OTU_97.126	-1
OTU_97.12602	-1
OTU_97.12604	-1
OTU_97.12621	-1
OTU_97.12629	-1
OTU_97.12632	-1
OTU_97.12633	-1
OTU_97.12634	-1
OTU_97.12644	-1
OTU_97.12646	-1
OTU_97.12649	1
OTU_97.12651	1
OTU_97.12652	-1
OTU_97.12653	-1
OTU_97.12654	-1
OTU_97.12655	1
OTU_97.12657	1
OTU_97.12659	-1
OTU_97.12667	-1
OTU_97.12669	-1
OTU_97.1267	1
OTU_97.12673	-1
OTU_97.12676	-1
OTU_97.12677	-1
OTU_97.12679	-1
OTU_97.12684	-1
OTU_97.12687	-1
OTU_97.12689	-1
OTU_97.1269	-1
OTU_97.12690	-1
OTU_97.12692	-1
OTU_97.12693	-1
OTU_97.12695	-1
OTU_97.12696	-1
OTU_97.12698	-1
OTU_97.12699	-1
OTU_97.127	-1
OTU_97.1270	1
OTU_97.12700	-1
OTU_97.12707	-1
OTU_97.12709	-1
OTU_97.12711	-1
OTU_97.12712	-1
OTU_97.12713	-1
OTU_97.12718	-1
OTU_97.1272	-1
OTU_97.12722	-1
OTU_97.12723	-1
OTU_97.12724	-1
OTU_97.12725	-1
OTU_97.12729	-1
OTU_97.12731	-1
OTU_97.12742	-1
OTU_97.12743	-1
OTU_97.12744	-1
OTU_97.12745	-1
OTU_97.12746	-1
OTU_97.12750	-1
OTU_97.12751	-1
OTU_97.12752	-1
OTU_97.12753	-1
OTU_97.12754	-1
OTU_97.12755	-1
OTU_97.12756	1
OTU_97.12757	-1
OTU_97.12758	-1
OTU_97.12760	-1
OTU_97.12761	-1
OTU_97.12763	1
OTU_97.12767	-1
OTU_97.12770	1
OTU_97.12772	1
OTU_97.1278	-1
OTU_97.12784	-1
OTU_97.12788	-1
OTU_97.12790	-1
OTU_97.12792	-1
OTU_97.12796	-1
OTU_97.12802	-1
OTU_97.12804	1
OTU_97.12814	-1
OTU_97.12818	-1
OTU_97.12828	-1
OTU_97.12830	-1
OTU_97.12836	-1
OTU_97.12839	-1
OTU_97.1284	-1
OTU_97.12843	-1
OTU_97.12845	-1
OTU_97.12846	-1
OTU_97.12847	1
OTU_97.12848	-1
OTU_97.12850	-1
OTU_97.12852	-1
OTU_97.12855	-1
OTU_97.12858	-1
OTU_97.1286	-1
OTU_97.12862	-1
OTU_97.12863	-1
OTU_97.12867	-1
OTU_97.12869	-1
OTU_97.12873	-1
OTU_97.12874	-1
OTU_97.12875	-1
OTU_97.12879	-1
OTU_97.12884	-1
OTU_97.12889	1
OTU_97.1289	-1
OTU_97.12895	-1
OTU_97.12900	-1
OTU_97.12901	-1
OTU_97.12902	-1
OTU_97.12906	1
OTU_97.12907	-1
OTU_97.12914	1
OTU_97.12915	-1
OTU_97.12918	-1
OTU_97.12919	-1
OTU_97.1292	-1
OTU_97.12922	-1
OTU_97.12925	-1
OTU_97.12928	1
OTU_97.12929	-1
OTU_97.12933	-1
OTU_97.12934	-1
OTU_97.12936	-1
OTU_97.12940	-1
OTU_97.12941	-1
OTU_97.12942	-1
OTU_97.12943	-1
OTU_97.12948	1
OTU_97.12949	-1
OTU_97.1295	-1
OTU_97.12950	1
OTU_97.12951	-1
OTU_97.12956	-1
OTU_97.12958	1
OTU_97.1296	-1
OTU_97.12962	-1
OTU_97.12969	-1
OTU_97.12973	-1
OTU_97.12975	-1
OTU_97.12976	-1
OTU_97.12977	-1
OTU_97.12981	-1
OTU_97.12982	-1
OTU_97.13	-1
OTU_97.130	-1
OTU_97.13007	-1
OTU_97.13009	-1
OTU_97.13018	-1
OTU_97.13020	1
OTU_97.13024	-1
OTU_97.13026	-1
OTU_97.13028	-1
OTU_97.13037	1
OTU_97.13039	-1
OTU_97.13042	-1
OTU_97.13046	-1
OTU_97.13048	-1
OTU_97.13049	-1
OTU_97.1305	1
OTU_97.13050	-1
OTU_97.13054	-1
OTU_97.13056	-1
OTU_97.13058	-1
OTU_97.13064	-1
OTU_97.13066	-1
OTU_97.1307	-1
OTU_97.13070	1
OTU_97.13086	-1
OTU_97.1309	-1
OTU_97.13095	1
OTU_97.13099	1
OTU_97.1310	-1
OTU_97.13103	-1
OTU_97.13107	1
OTU_97.13108	-1
OTU_97.13110	-1
OTU_97.13112	-1
OTU_97.13113	-1
OTU_97.13114	-1
OTU_97.13115	-1
OTU_97.13118	1
OTU_97.13121	1
OTU_97.13125	-1
OTU_97.13126	-1
OTU_97.13147	-1
OTU_97.13148	-1
OTU_97.1315	-1
OTU_97.13150	-1
OTU_97.13151	-1
OTU_97.13153	-1
OTU_97.13155	-1
OTU_97.13159	-1
OTU_97.13160	-1
OTU_97.13162	-1
OTU_97.13164	-1
OTU_97.13168	-1
OTU_97.13169	-1
OTU_97.13173	1
OTU_97.13175	-1
OTU_97.13178	-1
OTU_97.13179	-1
OTU_97.1318	-1
OTU_97.13181	-1
OTU_97.13183	-1
OTU_97.13184	-1
OTU_97.13189	1
OTU_97.1319	-1
OTU_97.13192	-1
OTU_97.13195	-1
OTU_97.13196	1
OTU_97.13197	-1
OTU_97.132	-1
OTU_97.1320	-1
OTU_97.13202	-1
OTU_97.13204	-1
OTU_97.13205	-1
OTU_97.13207	1
OTU_97.1321	-1
OTU_97.13213	-1
OTU_97.13215	-1
OTU_97.13216	1
OTU_97.13217	-1
OTU_97.13222	-1
OTU_97.13224	-1
OTU_97.13227	-1
OTU_97.13230	-1
OTU_97.13232	-1
OTU_97.13234	-1
OTU_97.13235	-1
OTU_97.13240	-1
OTU_97.13244	-1
OTU_97.13247	-1
OTU_97.13248	-1
OTU_97.13250	-1
OTU_97.13251	-1
OTU_97.13253	-1
OTU_97.13256	-1
OTU_97.13257	-1
OTU_97.13258	-1
OTU_97.13259	-1
OTU_97.13261	-1
OTU_97.13265	-1
OTU_97.13266	1
OTU_97.13268	-1
OTU_97.13270	-1
OTU_97.13272	-1
OTU_97.13289	1
OTU_97.1329	-1
OTU_97.13295	-1
OTU_97.13297	-1
OTU_97.13299	-1
OTU_97.13309	-1
OTU_97.13315	-1
OTU_97.1332	-1
OTU_97.13322	-1
OTU_97.13330	-1
OTU_97.13335	-1
OTU_97.13336	-1
OTU_97.13340	-1
OTU_97.13343	-1
OTU_97.13350	-1
OTU_97.13352	-1
OTU_97.13353	1
OTU_97.13356	-1
OTU_97.13359	-1
OTU_97.13360	-1
OTU_97.13363	-1
OTU_97.13364	-1
OTU_97.13368	-1
OTU_97.1337	1
OTU_97.13375	-1
OTU_97.1338	-1
OTU_97.13383	-1
OTU_97.13384	-1
OTU_97.13385	1
OTU_97.13386	1
OTU_97.13388	-1
OTU_97.13389	-1
OTU_97.1339	-1
OTU_97.13390	1
OTU_97.13391	-1
OTU_97.13394	-1
OTU_97.13395	-1
OTU_97.134	-1
OTU_97.13402	-1
OTU_97.13406	-1
OTU_97.13407	-1
OTU_97.13408	-1
OTU_97.13409	-1
OTU_97.13413	-1
OTU_97.13416	-1
OTU_97.1342	-1
OTU_97.13420	-1
OTU_97.13426	-1
OTU_97.13429	-1
OTU_97.1343	-1
OTU_97.13436	-1
OTU_97.13437	-1
OTU_97.13440	-1
OTU_97.13441	-1
OTU_97.13445	-1
OTU_97.13447	-1
OTU_97.13452	-1
OTU_97.13456	-1
OTU_97.13459	-1
OTU_97.13461	1
OTU_97.13464	-1
OTU_97.13467	1
OTU_97.13473	1
OTU_97.13475	-1
OTU_97.13478	-1
OTU_97.13479	-1
OTU_97.1348	-1
OTU_97.13480	-1
OTU_97.13482	-1
OTU_97.13484	-1
OTU_97.13488	-1
OTU_97.13491	-1
OTU_97.13495	-1
OTU_97.135	-1
OTU_97.1350	-1
OTU_97.13506	-1
OTU_97.13509	-1
OTU_97.1351	-1
OTU_97.13510	-1
OTU_97.13512	-1
OTU_97.13519	-1
OTU_97.1352	-1
OTU_97.13520	-1
OTU_97.13523	1
OTU_97.13531	-1
OTU_97.13533	1
OTU_97.1354	-1
OTU_97.13546	-1
OTU_97.13555	-1
OTU_97.13556	-1
OTU_97.13558	-1
OTU_97.13560	-1
OTU_97.13563	-1
OTU_97.13565	-1
OTU_97.1357	-1
OTU_97.13574	-1
OTU_97.13576	1
OTU_97.13577	-1
OTU_97.13581	-1
OTU_97.13582	-1
OTU_97.13584	-1
OTU_97.13585	-1
OTU_97.13586	-1
OTU_97.13588	1
OTU_97.13590	-1
OTU_97.13591	-1
OTU_97.13595	-1
OTU_97.13596	1
OTU_97.136	-1
OTU_97.13602	-1
OTU_97.13603	1
OTU_97.13604	-1
OTU_97.13608	-1
OTU_97.13610	-1
OTU_97.13611	-1
OTU_97.13613	-1
OTU_97.13619	-1
OTU_97.13627	-1
OTU_97.13631	-1
OTU_97.13634	-1
OTU_97.13636	-1
OTU_97.13638	-1
OTU_97.13640	-1
OTU_97.13642	-1
OTU_97.13643	1
OTU_97.13645	-1
OTU_97.13647	-1
OTU_97.13648	-1
OTU_97.13652	1
OTU_97.13654	-1
OTU_97.13658	-1
OTU_97.13660	-1
OTU_97.13667	1
OTU_97.13669	1
OTU_97.13671	-1
OTU_97.13674	-1
OTU_97.13678	-1
OTU_97.1368	-1
OTU_97.13680	-1
OTU_97.13682	1
OTU_97.13685	-1
OTU_97.13686	-1
OTU_97.1369	-1
OTU_97.13694	-1
OTU_97.137	-1
OTU_97.1370	-1
OTU_97.13705	1
OTU_97.13708	-1
OTU_97.13709	1
OTU_97.1371	-1
OTU_97.13711	-1
OTU_97.13713	-1
OTU_97.13719	-1
OTU_97.13720	1
OTU_97.13728	1
OTU_97.13731	1
OTU_97.13733	-1
OTU_97.13734	1
OTU_97.1374	1
OTU_97.13748	-1
OTU_97.1375	-1
OTU_97.13751	-1
OTU_97.13753	-1
OTU_97.13757	1
OTU_97.13760	-1
OTU_97.13761	-1
OTU_97.13762	-1
OTU_97.13767	-1
OTU_97.13768	-1
OTU_97.13770	1
OTU_97.13771	-1
OTU_97.13774	-1
OTU_97.1378	-1
OTU_97.13780	-1
OTU_97.1379	-1
OTU_97.13790	-1
OTU_97.13797	-1
OTU_97.13799	-1
OTU_97.13801	-1
OTU_97.13802	-1
OTU_97.13804	-1
OTU_97.13805	-1
OTU_97.13808	-1
OTU_97.13813	-1
OTU_97.13814	-1
OTU_97.13819	-1
OTU_97.13821	1
OTU_97.13822	-1
OTU_97.13823	-1
OTU_97.13828	-1
OTU_97.13829	-1
OTU_97.13837	-1
OTU_97.13838	-1
OTU_97.13839	-1
OTU_97.13841	-1
OTU_97.13842	-1
OTU_97.13845	-1
OTU_97.13846	-1
OTU_97.13849	-1
OTU_97.13852	-1
OTU_97.13857	-1
OTU_97.1386	-1
OTU_97.13860	-1
OTU_97.13861	-1
OTU_97.13863	-1
OTU_97.13865	-1
OTU_97.13867	-1
OTU_97.13869	-1
OTU_97.13872	-1
OTU_97.13875	-1
OTU_97.13877	-1
OTU_97.1388	-1
OTU_97.13882	-1
OTU_97.13886	-1
OTU_97.13887	-1
OTU_97.13892	-1
OTU_97.13895	-1
OTU_97.13896	-1
OTU_97.1390	-1
OTU_97.13900	-1
OTU_97.13903	-1
OTU_97.13907	-1
OTU_97.13914	-1
OTU_97.13916	-1
OTU_97.13917	-1
OTU_97.13918	-1
OTU_97.13919	-1
OTU_97.13922	-1
OTU_97.13923	-1
OTU_97.13925	-1
OTU_97.13928	-1
OTU_97.13931	-1
OTU_97.13932	-1
OTU_97.13933	-1
OTU_97.13936	-1
OTU_97.13937	-1
OTU_97.13938	-1
OTU_97.13941	1
OTU_97.13944	-1
OTU_97.13945	-1
OTU_97.13949	-1
OTU_97.1395	-1
OTU_97.13951	-1
OTU_97.13955	-1
OTU_97.1396	-1
OTU_97.13961	-1
OTU_97.13963	-1
OTU_97.13964	-1
OTU_97.13966	-1
OTU_97.13974	-1
OTU_97.13975	-1
OTU_97.13976	-1
OTU_97.13978	-1
OTU_97.13980	-1
OTU_97.13981	-1
OTU_97.13982	-1
OTU_97.13983	-1
OTU_97.13984	-1
OTU_97.13985	-1
OTU_97.13993	1
OTU_97.13994	-1
OTU_97.13995	-1
OTU_97.13996	-1
OTU_97.14	-1
OTU_97.140	1
OTU_97.14001	-1
OTU_97.14002	1
OTU_97.14003	-1
OTU_97.14009	-1
OTU_97.1401	-1
OTU_97.14011	-1
OTU_97.14012	-1
OTU_97.14014	-1
OTU_97.14015	-1
OTU_97.14019	-1
OTU_97.14020	-1
OTU_97.14023	-1
OTU_97.14025	-1
OTU_97.14026	-1
OTU_97.14029	-1
OTU_97.1403	-1
OTU_97.14032	-1
OTU_97.14037	-1
OTU_97.14038	-1
OTU_97.14042	1
OTU_97.14044	-1
OTU_97.1405	-1
OTU_97.14058	1
OTU_97.14060	-1
OTU_97.14062	1
OTU_97.14064	-1
OTU_97.14065	-1
OTU_97.14068	-1
OTU_97.1407	-1
OTU_97.14071	-1
OTU_97.14072	-1
OTU_97.14079	-1
OTU_97.1408	-1
OTU_97.14080	-1
OTU_97.14083	-1
OTU_97.14085	-1
OTU_97.14091	-1
OTU_97.14092	-1
OTU_97.14096	-1
OTU_97.14099	-1
OTU_97.14100	-1
OTU_97.14105	1
OTU_97.1411	-1
OTU_97.14117	-1
OTU_97.14118	-1
OTU_97.1412	-1
OTU_97.14122	-1
OTU_97.14124	-1
OTU_97.14130	-1
OTU_97.14131	-1
OTU_97.14135	1
OTU_97.14136	-1
OTU_97.14137	1
OTU_97.14138	-1
OTU_97.14139	1
OTU_97.1414	-1
OTU_97.14144	-1
OTU_97.1415	1
OTU_97.14151	-1
OTU_97.14154	-1
OTU_97.14158	-1
OTU_97.14159	-1
OTU_97.1416	-1
OTU_97.14160	-1
OTU_97.14161	-1
OTU_97.14163	-1
OTU_97.14164	-1
OTU_97.14165	-1
OTU_97.14170	-1
OTU_97.14173	-1
OTU_97.1418	-1
OTU_97.14180	-1
OTU_97.14186	-1
OTU_97.14187	-1
OTU_97.1419	-1
OTU_97.14192	-1
OTU_97.14193	-1
OTU_97.14196	-1
OTU_97.14200	-1
OTU_97.14202	-1
OTU_97.14205	-1
OTU_97.14206	-1
OTU_97.14212	-1
OTU_97.14214	-1
OTU_97.14219	-1
OTU_97.14220	-1
OTU_97.14223	-1
OTU_97.14226	-1
OTU_97.14233	1
OTU_97.14238	-1
OTU_97.14241	-1
OTU_97.14242	-1
OTU_97.14243	-1
OTU_97.14244	-1
OTU_97.14245	-1
OTU_97.14248	-1
OTU_97.14249	-1
OTU_97.14250	-1
OTU_97.14253	-1
OTU_97.14257	-1
OTU_97.14259	-1
OTU_97.14261	-1
OTU_97.14263	-1
OTU_97.14266	-1
OTU_97.14267	-1
OTU_97.14272	-1
OTU_97.14273	1
OTU_97.14282	-1
OTU_97.14283	1
OTU_97.14286	-1
OTU_97.14292	1
OTU_97.14295	-1
OTU_97.14302	1
OTU_97.14303	-1
OTU_97.14306	-1
OTU_97.14308	-1
OTU_97.14313	-1
OTU_97.14314	-1
OTU_97.14317	-1
OTU_97.14318	1
OTU_97.14319	1
OTU_97.14322	-1
OTU_97.14323	1
OTU_97.14326	-1
OTU_97.1433	-1
OTU_97.14330	-1
OTU_97.14333	-1
OTU_97.14335	-1
OTU_97.1434	-1
OTU_97.14340	-1
OTU_97.14345	-1
OTU_97.14350	1
OTU_97.14354	-1
OTU_97.14358	-1
OTU_97.14362	-1
OTU_97.14368	-1
OTU_97.14372	1
OTU_97.14377	-1
OTU_97.14378	-1
OTU_97.14380	-1
OTU_97.14384	1
OTU_97.14387	-1
OTU_97.14388	-1
OTU_97.14389	-1
OTU_97.14393	-1
OTU_97.14395	-1
OTU_97.14396	-1
OTU_97.14397	-1
OTU_97.14399	1
OTU_97.144	-1
OTU_97.14401	-1
OTU_97.1441	-1
OTU_97.14413	-1
OTU_97.14417	1
OTU_97.14419	-1
OTU_97.14424	-1
OTU_97.14425	-1
OTU_97.14430	-1
OTU_97.14431	-1
OTU_97.14434	-1
OTU_97.14436	-1
OTU_97.14439	-1
OTU_97.1444	-1
OTU_97.14441	-1
OTU_97.1445	-1
OTU_97.14450	-1
OTU_97.1446	-1
OTU_97.14462	-1
OTU_97.14465	-1
OTU_97.1447	-1
OTU_97.14470	-1
OTU_97.14473	-1
OTU_97.14477	-1
OTU_97.14479	-1
OTU_97.14481	-1
OTU_97.14484	-1
OTU_97.14488	-1
OTU_97.1449	1
OTU_97.14491	-1
OTU_97.14495	-1
OTU_97.14499	-1
OTU_97.14500	-1
OTU_97.14504	1
OTU_97.14518	-1
OTU_97.14520	-1
OTU_97.14522	-1
OTU_97.14526	-1
OTU_97.14529	-1
OTU_97.14530	-1
OTU_97.14531	-1
OTU_97.14542	-1
OTU_97.14543	-1
OTU_97.1455	-1
OTU_97.14551	1
OTU_97.14553	-1
OTU_97.14558	-1
OTU_97.14560	-1
OTU_97.14561	-1
OTU_97.14564	-1
OTU_97.14567	-1
OTU_97.14569	-1
OTU_97.14570	-1
OTU_97.14574	-1
OTU_97.1458	1
OTU_97.14587	1
OTU_97.14592	-1
OTU_97.14594	-1
OTU_97.14599	-1
OTU_97.146	-1
OTU_97.14606	-1
OTU_97.1461	-1
OTU_97.14615	-1
OTU_97.14619	-1
OTU_97.14623	-1
OTU_97.1463	-1
OTU_97.14633	-1
OTU_97.14635	-1
OTU_97.14639	-1
OTU_97.14640	-1
OTU_97.14641	-1
OTU_97.14642	-1
OTU_97.14643	-1
OTU_97.14645	-1
OTU_97.14646	-1
OTU_97.1465	-1
OTU_97.14650	-1
OTU_97.14651	-1
OTU_97.14652	-1
OTU_97.14654	-1
OTU_97.14656	-1
OTU_97.14663	1
OTU_97.14665	-1
OTU_97.14667	-1
OTU_97.14670	1
OTU_97.14674	-1
OTU_97.14675	-1
OTU_97.14677	-1
OTU_97.14679	-1
OTU_97.14680	-1
OTU_97.14684	-1
OTU_97.14688	-1
OTU_97.14698	-1
OTU_97.1470	-1
OTU_97.14702	-1
OTU_97.14705	-1
OTU_97.14707	-1
OTU_97.14710	-1
OTU_97.14712	-1
OTU_97.14715	-1
OTU_97.14716	1
OTU_97.14720	-1
OTU_97.14722	-1
OTU_97.14726	-1
OTU_97.14727	-1
OTU_97.14734	-1
OTU_97.14738	-1
OTU_97.14742	-1
OTU_97.14746	1
OTU_97.14749	-1
OTU_97.14750	-1
OTU_97.14751	-1
OTU_97.14760	-1
OTU_97.14762	-1
OTU_97.14773	1
OTU_97.14779	1
OTU_97.14781	-1
OTU_97.14782	-1
OTU_97.14783	-1
OTU_97.14786	1
OTU_97.14789	-1
OTU_97.14791	-1
OTU_97.148	-1
OTU_97.1480	-1
OTU_97.14803	-1
OTU_97.14804	-1
OTU_97.14806	-1
OTU_97.14808	-1
OTU_97.14809	-1
OTU_97.14811	-1
OTU_97.14813	-1
OTU_97.14814	-1
OTU_97.14817	-1
OTU_97.1482	-1
OTU_97.14820	-1
OTU_97.14824	-1
OTU_97.14825	-1
OTU_97.14827	-1
OTU_97.14831	-1
OTU_97.14832	-1
OTU_97.14837	-1
OTU_97.14846	-1
OTU_97.14848	-1
OTU_97.1485	-1
OTU_97.14850	1
OTU_97.14851	-1
OTU_97.14853	-1
OTU_97.14861	-1
OTU_97.14866	-1
OTU_97.14867	-1
OTU_97.1487	-1
OTU_97.14872	-1
OTU_97.14876	-1
OTU_97.14879	-1
OTU_97.14881	1
OTU_97.14882	-1
OTU_97.14887	-1
OTU_97.14889	-1
OTU_97.1489	-1
OTU_97.14890	-1
OTU_97.14891	-1
OTU_97.14892	-1
OTU_97.14893	-1
OTU_97.14894	-1
OTU_97.14895	-1
OTU_97.14901	-1
OTU_97.14905	-1
OTU_97.14909	-1
OTU_97.14911	-1
OTU_97.14913	-1
OTU_97.14917	-1
OTU_97.1492	-1
OTU_97.14920	-1
OTU_97.14922	-1
OTU_97.14923	-1
OTU_97.14926	-1
OTU_97.14927	-1
OTU_97.14933	-1
OTU_97.14934	-1
OTU_97.14935	1
OTU_97.14938	1
OTU_97.1495	-1
OTU_97.14950	-1
OTU_97.14952	-1
OTU_97.14954	-1
OTU_97.14956	-1
OTU_97.1496	-1
OTU_97.14961	1
OTU_97.14962	-1
OTU_97.14964	-1
OTU_97.14972	-1
OTU_97.14974	-1
OTU_97.14977	1
OTU_97.14980	-1
OTU_97.14982	-1
OTU_97.14983	1
OTU_97.14986	-1
OTU_97.14996	-1
OTU_97.14999	-1
OTU_97.15	-1
OTU_97.1501	-1
OTU_97.15013	-1
OTU_97.15014	-1
OTU_97.15015	1
OTU_97.15017	-1
OTU_97.15026	-1
OTU_97.15034	-1
OTU_97.15036	1
OTU_97.15038	1
OTU_97.15047	-1
OTU_97.15053	-1
OTU_97.15055	-1
OTU_97.15056	-1
OTU_97.15058	-1
OTU_97.1506	-1
OTU_97.15060	-1
OTU_97.15065	-1
OTU_97.15071	-1
OTU_97.15075	-1
OTU_97.15076	-1
OTU_97.15086	-1
OTU_97.15088	-1
OTU_97.15089	-1
OTU_97.15091	1
OTU_97.15094	-1
OTU_97.15095	-1
OTU_97.15097	-1
OTU_97.15099	-1
OTU_97.1510	-1
OTU_97.15100	-1
OTU_97.15101	-1
OTU_97.15105	-1
OTU_97.15110	-1
OTU_97.15113	-1
OTU_97.15119	-1
OTU_97.1512	-1
OTU_97.15120	1
OTU_97.15121	-1
OTU_97.15122	-1
OTU_97.15124	-1
OTU_97.15125	-1
OTU_97.15126	-1
OTU_97.15128	-1
OTU_97.15132	-1
OTU_97.15133	-1
OTU_97.1514	-1
OTU_97.15145	-1
OTU_97.15149	-1
OTU_97.15151	-1
OTU_97.15154	-1
OTU_97.15157	-1
OTU_97.15159	1
OTU_97.15161	-1
OTU_97.15162	-1
OTU_97.15163	-1
OTU_97.15171	-1
OTU_97.15172	-1
OTU_97.15174	-1
OTU_97.15176	1
OTU_97.1518	-1
OTU_97.15181	-1
OTU_97.15186	1
OTU_97.15188	-1
OTU_97.1519	1
OTU_97.15192	-1
OTU_97.15195	-1
OTU_97.15197	1
OTU_97.152	-1
OTU_97.15203	-1
OTU_97.15204	1
OTU_97.15205	-1
OTU_97.1521	-1
OTU_97.15211	-1
OTU_97.15214	-1
OTU_97.15216	-1
OTU_97.15217	-1
OTU_97.15221	-1
OTU_97.15223	-1
OTU_97.15225	-1
OTU_97.1523	-1
OTU_97.15230	1
OTU_97.15231	-1
OTU_97.15233	-1
OTU_97.15237	-1
OTU_97.15239	-1
OTU_97.15244	-1
OTU_97.15249	-1
OTU_97.1525	-1
OTU_97.15253	-1
OTU_97.15254	-1
OTU_97.15257	-1
OTU_97.15261	-1
OTU_97.15262	1
OTU_97.15263	-1
OTU_97.15273	-1
OTU_97.15275	1
OTU_97.15276	-1
OTU_97.15278	-1
OTU_97.15281	-1
OTU_97.15283	-1
OTU_97.15291	-1
OTU_97.15292	-1
OTU_97.15296	-1
OTU_97.15297	-1
OTU_97.15298	-1
OTU_97.153	-1
OTU_97.1530	-1
OTU_97.15303	-1
OTU_97.15305	-1
OTU_97.15306	-1
OTU_97.15310	-1
OTU_97.15311	-1
OTU_97.15317	1
OTU_97.15320	1
OTU_97.15324	-1
OTU_97.1533	-1
OTU_97.15331	-1
OTU_97.15332	-1
OTU_97.15333	-1
OTU_97.15338	1
OTU_97.15349	-1
OTU_97.15351	-1
OTU_97.15352	-1
OTU_97.15353	-1
OTU_97.15358	-1
OTU_97.15362	-1
OTU_97.15363	-1
OTU_97.15364	1
OTU_97.15365	-1
OTU_97.15367	-1
OTU_97.15372	-1
OTU_97.15373	-1
OTU_97.15378	-1
OTU_97.15381	-1
OTU_97.15382	-1
OTU_97.15384	-1
OTU_97.15385	-1
OTU_97.15386	-1
OTU_97.15389	-1
OTU_97.1539	-1
OTU_97.15392	-1
OTU_97.15397	-1
OTU_97.15398	-1
OTU_97.15401	-1
OTU_97.15404	-1
OTU_97.15406	-1
OTU_97.15408	1
OTU_97.15409	-1
OTU_97.1541	-1
OTU_97.15412	-1
OTU_97.15415	-1
OTU_97.15416	-1
OTU_97.1542	1
OTU_97.15420	-1
OTU_97.15423	-1
OTU_97.15427	-1
OTU_97.15430	-1
OTU_97.1544	-1
OTU_97.15442	-1
OTU_97.15444	-1
OTU_97.15445	-1
OTU_97.15448	-1
OTU_97.15449	-1
OTU_97.15451	-1
OTU_97.15452	-1
OTU_97.15453	-1
OTU_97.1546	-1
OTU_97.15460	-1
OTU_97.15467	-1
OTU_97.15473	-1
OTU_97.15478	-1
OTU_97.15481	-1
OTU_97.15486	-1
OTU_97.15487	1
OTU_97.15488	-1
OTU_97.1549	-1
OTU_97.15494	-1
OTU_97.15495	-1
OTU_97.15497	-1
OTU_97.15498	-1
OTU_97.15502	-1
OTU_97.15503	1
OTU_97.15506	-1
OTU_97.15508	-1
OTU_97.15510	-1
OTU_97.15512	-1
OTU_97.15516	-1
OTU_97.1553	-1
OTU_97.15539	-1
OTU_97.15541	-1
OTU_97.15548	-1
OTU_97.15552	-1
OTU_97.15556	-1
OTU_97.15557	-1
OTU_97.15563	-1
OTU_97.15569	-1
OTU_97.15576	-1
OTU_97.15577	-1
OTU_97.15578	-1
OTU_97.15587	-1
OTU_97.15594	-1
OTU_97.1560	-1
OTU_97.15600	-1
OTU_97.15608	-1
OTU_97.15609	-1
OTU_97.15610	-1
OTU_97.15614	-1
OTU_97.15615	-1
OTU_97.15618	1
OTU_97.1562	-1
OTU_97.15621	-1
OTU_97.15623	-1
OTU_97.15626	-1
OTU_97.15627	-1
OTU_97.15628	-1
OTU_97.15633	-1
OTU_97.15635	1
OTU_97.15639	-1
OTU_97.15643	-1
OTU_97.15644	1
OTU_97.15655	1
OTU_97.15660	1
OTU_97.15665	-1
OTU_97.15666	-1
OTU_97.15669	-1
OTU_97.15670	-1
OTU_97.15673	-1
OTU_97.1568	-1
OTU_97.15680	-1
OTU_97.15681	-1
OTU_97.15683	-1
OTU_97.15685	1
OTU_97.15687	-1
OTU_97.1569	-1
OTU_97.15690	-1
OTU_97.15692	-1
OTU_97.15695	1
OTU_97.157	-1
OTU_97.15704	-1
OTU_97.15705	-1
OTU_97.15708	-1
OTU_97.15709	-1
OTU_97.1571	-1
OTU_97.15710	1
OTU_97.15712	-1
OTU_97.15717	-1
OTU_97.15719	1
OTU_97.15724	-1
OTU_97.15726	-1
OTU_97.15728	-1
OTU_97.15733	-1
OTU_97.15734	-1
OTU_97.15740	-1
OTU_97.15747	-1
OTU_97.15748	-1
OTU_97.15752	-1
OTU_97.15755	-1
OTU_97.15756	-1
OTU_97.15757	-1
OTU_97.15760	-1
OTU_97.15761	1
OTU_97.15767	-1
OTU_97.15768	1
OTU_97.15769	-1
OTU_97.15776	-1
OTU_97.15787	-1
OTU_97.1579	-1
OTU_97.15792	-1
OTU_97.15793	-1
OTU_97.15795	-1
OTU_97.15796	-1
OTU_97.1580	-1
OTU_97.15801	-1
OTU_97.15803	-1
OTU_97.15804	-1
OTU_97.1581	-1
OTU_97.15816	-1
OTU_97.15818	1
OTU_97.15823	1
OTU_97.15824	-1
OTU_97.15826	-1
OTU_97.15827	1
OTU_97.15830	-1
OTU_97.15837	1
OTU_97.15839	-1
OTU_97.15840	-1
OTU_97.15841	-1
OTU_97.15842	-1
OTU_97.15843	-1
OTU_97.15848	-1
OTU_97.15849	-1
OTU_97.15854	-1
OTU_97.15856	-1
OTU_97.15862	1
OTU_97.15868	-1
OTU_97.15869	-1
OTU_97.1587	-1
OTU_97.15870	1
OTU_97.15871	-1
OTU_97.15872	-1
OTU_97.15874	-1
OTU_97.15877	-1
OTU_97.15881	-1
OTU_97.15884	-1
OTU_97.15885	-1
OTU_97.1589	-1
OTU_97.1590	-1
OTU_97.15904	-1
OTU_97.1591	-1
OTU_97.15912	-1
OTU_97.15913	-1
OTU_97.15916	1
OTU_97.15928	-1
OTU_97.15933	-1
OTU_97.15936	-1
OTU_97.15942	-1
OTU_97.15944	-1
OTU_97.15947	-1
OTU_97.15951	-1
OTU_97.15955	-1
OTU_97.15958	-1
OTU_97.15959	-1
OTU_97.15960	-1
OTU_97.15961	-1
OTU_97.15962	1
OTU_97.15965	-1
OTU_97.15966	-1
OTU_97.15970	1
OTU_97.15972	-1
OTU_97.15973	-1
OTU_97.15980	-1
OTU_97.15982	-1
OTU_97.15983	-1
OTU_97.15984	-1
OTU_97.15986	-1
OTU_97.15988	-1
OTU_97.15990	-1
OTU_97.15992	-1
OTU_97.15995	-1
OTU_97.15999	-1
OTU_97.16	-1
OTU_97.1600	-1
OTU_97.16002	-1
OTU_97.16006	-1
OTU_97.16009	-1
OTU_97.1601	-1
OTU_97.16011	1
OTU_97.16016	-1
OTU_97.16020	1
OTU_97.16023	-1
OTU_97.16025	1
OTU_97.16026	-1
OTU_97.16027	-1
OTU_97.16029	-1
OTU_97.16030	-1
OTU_97.16034	-1
OTU_97.16035	-1
OTU_97.16039	-1
OTU_97.1604	-1
OTU_97.16043	-1
OTU_97.16044	-1
OTU_97.16052	-1
OTU_97.16061	-1
OTU_97.16062	-1
OTU_97.16065	-1
OTU_97.16067	-1
OTU_97.16069	-1
OTU_97.1607	-1
OTU_97.16071	1
OTU_97.16072	-1
OTU_97.16079	1
OTU_97.16082	-1
OTU_97.16084	-1
OTU_97.16085	-1
OTU_97.16086	-1
OTU_97.16091	-1
OTU_97.16093	-1
OTU_97.16095	-1
OTU_97.16099	-1
OTU_97.1610	1
OTU_97.16106	-1
OTU_97.16108	-1
OTU_97.16116	-1
OTU_97.16118	-1
OTU_97.16119	1
OTU_97.16120	-1
OTU_97.16121	-1
OTU_97.16123	-1
OTU_97.16125	-1
OTU_97.16126	-1
OTU_97.16128	-1
OTU_97.16129	-1
OTU_97.1613	-1
OTU_97.16131	-1
OTU_97.16133	-1
OTU_97.16137	-1
OTU_97.16138	-1
OTU_97.16139	-1
OTU_97.16140	-1
OTU_97.16141	1
OTU_97.16142	-1
OTU_97.16146	-1
OTU_97.16148	-1
OTU_97.16155	1
OTU_97.16159	-1
OTU_97.16160	-1
OTU_97.16161	-1
OTU_97.16170	1
OTU_97.16174	-1
OTU_97.16176	-1
OTU_97.16178	-1
OTU_97.16179	-1
OTU_97.1618	-1
OTU_97.16180	1
OTU_97.16182	-1
OTU_97.1619	-1
OTU_97.16190	-1
OTU_97.16192	-1
OTU_97.16193	-1
OTU_97.16194	-1
OTU_97.16196	-1
OTU_97.16197	-1
OTU_97.162	-1
OTU_97.16201	-1
OTU_97.16208	-1
OTU_97.16209	-1
OTU_97.16213	-1
OTU_97.16218	-1
OTU_97.16219	-1
OTU_97.16224	-1
OTU_97.16226	-1
OTU_97.16229	-1
OTU_97.1623	-1
OTU_97.16233	-1
OTU_97.16238	-1
OTU_97.1624	-1
OTU_97.16241	-1
OTU_97.16244	-1
OTU_97.16246	-1
OTU_97.16249	-1
OTU_97.1625	-1
OTU_97.16250	-1
OTU_97.16252	-1
OTU_97.16255	-1
OTU_97.16256	-1
OTU_97.16257	-1
OTU_97.1626	-1
OTU_97.16264	-1
OTU_97.16265	-1
OTU_97.16266	-1
OTU_97.16267	-1
OTU_97.16268	-1
OTU_97.16272	-1
OTU_97.16273	-1
OTU_97.16283	-1
OTU_97.16284	-1
OTU_97.16286	-1
OTU_97.16287	-1
OTU_97.16288	1
OTU_97.16292	-1
OTU_97.16298	-1
OTU_97.16299	-1
OTU_97.16301	-1
OTU_97.16302	-1
OTU_97.16304	1
OTU_97.16306	-1
OTU_97.16308	-1
OTU_97.16319	-1
OTU_97.16330	-1
OTU_97.16334	-1
OTU_97.16335	-1
OTU_97.16339	-1
OTU_97.16340	-1
OTU_97.16342	-1
OTU_97.16343	-1
OTU_97.16346	-1
OTU_97.16347	-1
OTU_97.16351	-1
OTU_97.16352	-1
OTU_97.16354	-1
OTU_97.16356	-1
OTU_97.16357	-1
OTU_97.16362	-1
OTU_97.16365	-1
OTU_97.16371	-1
OTU_97.16373	-1
OTU_97.16375	-1
OTU_97.1638	-1
OTU_97.16383	-1
OTU_97.16386	-1
OTU_97.16387	-1
OTU_97.16392	-1
OTU_97.16395	-1
OTU_97.16396	-1
OTU_97.16399	-1
OTU_97.16401	-1
OTU_97.16402	-1
OTU_97.16410	-1
OTU_97.16411	-1
OTU_97.16414	-1
OTU_97.16415	-1
OTU_97.16421	-1
OTU_97.16428	-1
OTU_97.16431	-1
OTU_97.16435	1
OTU_97.16436	-1
OTU_97.1644	-1
OTU_97.16440	-1
OTU_97.16442	1
OTU_97.16443	-1
OTU_97.16449	1
OTU_97.16450	-1
OTU_97.16452	-1
OTU_97.16454	1
OTU_97.16455	-1
OTU_97.16457	-1
OTU_97.16459	-1
OTU_97.16471	-1
OTU_97.16473	-1
OTU_97.16474	-1
OTU_97.16477	-1
OTU_97.16479	-1
OTU_97.1648	1
OTU_97.16480	-1
OTU_97.16481	1
OTU_97.16484	-1
OTU_97.16487	-1
OTU_97.1649	-1
OTU_97.16490	-1
OTU_97.16491	-1
OTU_97.16496	-1
OTU_97.16499	-1
OTU_97.165	1
OTU_97.16501	-1
OTU_97.16502	-1
OTU_97.16503	-1
OTU_97.16505	-1
OTU_97.16507	1
OTU_97.16508	-1
OTU_97.16510	-1
OTU_97.16512	-1
OTU_97.16513	-1
OTU_97.1652	-1
OTU_97.16521	-1
OTU_97.16522	-1
OTU_97.16524	-1
OTU_97.16527	-1
OTU_97.16529	-1
OTU_97.1653	-1
OTU_97.16531	1
OTU_97.16532	-1
OTU_97.16537	-1
OTU_97.1654	-1
OTU_97.16541	-1
OTU_97.16542	1
OTU_97.16547	-1
OTU_97.16549	-1
OTU_97.16550	-1
OTU_97.16551	-1
OTU_97.16552	-1
OTU_97.16559	1
OTU_97.16563	-1
OTU_97.16565	-1
OTU_97.16570	1
OTU_97.16572	-1
OTU_97.16574	1
OTU_97.16578	1
OTU_97.16581	-1
OTU_97.16582	-1
OTU_97.16584	-1
OTU_97.16586	-1
OTU_97.16587	-1
OTU_97.16588	-1
OTU_97.16591	-1
OTU_97.16594	-1
OTU_97.16595	-1
OTU_97.16596	-1
OTU_97.166	-1
OTU_97.1660	-1
OTU_97.16602	-1
OTU_97.16608	-1
OTU_97.16617	-1
OTU_97.1662	-1
OTU_97.16620	-1
OTU_97.16621	1
OTU_97.16622	-1
OTU_97.16624	-1
OTU_97.16631	-1
OTU_97.16633	-1
OTU_97.16634	-1
OTU_97.16637	-1
OTU_97.16639	-1
OTU_97.1664	-1
OTU_97.16640	-1
OTU_97.16641	-1
OTU_97.16642	1
OTU_97.16649	-1
OTU_97.16652	-1
OTU_97.16653	-1
OTU_97.16656	-1
OTU_97.16659	1
OTU_97.16664	-1
OTU_97.16667	1
OTU_97.16668	-1
OTU_97.16670	-1
OTU_97.16677	1
OTU_97.1668	-1
OTU_97.16683	-1
OTU_97.16686	1
OTU_97.16689	-1
OTU_97.16690	-1
OTU_97.16695	-1
OTU_97.16698	-1
OTU_97.16702	-1
OTU_97.16703	-1
OTU_97.1671	-1
OTU_97.16714	-1
OTU_97.16724	-1
OTU_97.16725	-1
OTU_97.16726	1
OTU_97.16728	-1
OTU_97.16729	1
OTU_97.1673	-1
OTU_97.16732	-1
OTU_97.16739	-1
OTU_97.16741	-1
OTU_97.16742	-1
OTU_97.16744	-1
OTU_97.1675	-1
OTU_97.16750	-1
OTU_97.16751	-1
OTU_97.16755	-1
OTU_97.16758	-1
OTU_97.16759	-1
OTU_97.16769	1
OTU_97.16773	-1
OTU_97.16775	-1
OTU_97.16777	-1
OTU_97.1678	1
OTU_97.16780	-1
OTU_97.16781	1
OTU_97.16783	-1
OTU_97.16785	-1
OTU_97.16787	-1
OTU_97.16791	-1
OTU_97.16796	-1
OTU_97.16800	-1
OTU_97.16803	-1
OTU_97.1681	-1
OTU_97.16813	-1
OTU_97.16819	-1
OTU_97.1682	-1
OTU_97.16820	-1
OTU_97.16830	-1
OTU_97.16832	-1
OTU_97.16833	-1
OTU_97.16834	-1
OTU_97.16838	-1
OTU_97.16843	-1
OTU_97.16846	-1
OTU_97.1685	-1
OTU_97.16852	-1
OTU_97.16853	-1
OTU_97.16855	-1
OTU_97.16859	-1
OTU_97.16860	-1
OTU_97.16863	-1
OTU_97.16864	-1
OTU_97.16865	-1
OTU_97.16869	-1
OTU_97.16870	-1
OTU_97.1688	-1
OTU_97.16880	-1
OTU_97.16883	-1
OTU_97.16885	-1
OTU_97.16887	-1
OTU_97.16889	-1
OTU_97.1689	-1
OTU_97.16890	-1
OTU_97.16893	-1
OTU_97.16894	-1
OTU_97.16896	-1
OTU_97.169	-1
OTU_97.1690	-1
OTU_97.16908	-1
OTU_97.1691	-1
OTU_97.16910	-1
OTU_97.16911	-1
OTU_97.16915	-1
OTU_97.16916	-1
OTU_97.16918	-1
OTU_97.16919	-1
OTU_97.1692	-1
OTU_97.16922	-1
OTU_97.16926	-1
OTU_97.1693	-1
OTU_97.16931	-1
OTU_97.16932	-1
OTU_97.16937	-1
OTU_97.1694	1
OTU_97.16940	-1
OTU_97.16942	-1
OTU_97.16944	-1
OTU_97.16946	-1
OTU_97.16948	-1
OTU_97.16954	-1
OTU_97.1696	-1
OTU_97.16960	-1
OTU_97.16962	-1
OTU_97.16967	-1
OTU_97.16969	1
OTU_97.1697	-1
OTU_97.1698	-1
OTU_97.16980	-1
OTU_97.16988	-1
OTU_97.16989	-1
OTU_97.1699	-1
OTU_97.16993	-1
OTU_97.16994	-1
OTU_97.16996	-1
OTU_97.170	-1
OTU_97.1700	1
OTU_97.17002	-1
OTU_97.17003	-1
OTU_97.17004	-1
OTU_97.17011	-1
OTU_97.17013	-1
OTU_97.17015	-1
OTU_97.17016	-1
OTU_97.17017	-1
OTU_97.1702	-1
OTU_97.17020	-1
OTU_97.17026	-1
OTU_97.1703	-1
OTU_97.1704	-1
OTU_97.17040	-1
OTU_97.17044	-1
OTU_97.17046	-1
OTU_97.17048	-1
OTU_97.17053	-1
OTU_97.17054	-1
OTU_97.17055	1
OTU_97.17059	-1
OTU_97.1706	-1
OTU_97.17060	-1
OTU_97.17066	-1
OTU_97.1707	-1
OTU_97.17070	-1
OTU_97.17077	-1
OTU_97.17079	-1
OTU_97.17083	1
OTU_97.17085	-1
OTU_97.17088	-1
OTU_97.17092	-1
OTU_97.17094	-1
OTU_97.17095	-1
OTU_97.17097	-1
OTU_97.17098	-1
OTU_97.171	-1
OTU_97.17102	-1
OTU_97.17105	1
OTU_97.17106	-1
OTU_97.1711	-1
OTU_97.17113	-1
OTU_97.17114	-1
OTU_97.17117	-1
OTU_97.1712	-1
OTU_97.17126	-1
OTU_97.17128	-1
OTU_97.1713	-1
OTU_97.17133	-1
OTU_97.17139	-1
OTU_97.17140	-1
OTU_97.17141	-1
OTU_97.17145	-1
OTU_97.17147	-1
OTU_97.1715	1
OTU_97.17152	-1
OTU_97.17154	-1
OTU_97.17156	-1
OTU_97.17162	-1
OTU_97.17164	-1
OTU_97.17165	-1
OTU_97.17167	-1
OTU_97.17170	-1
OTU_97.17172	-1
OTU_97.17173	-1
OTU_97.17177	-1
OTU_97.17178	-1
OTU_97.1718	-1
OTU_97.17180	-1
OTU_97.17184	-1
OTU_97.17187	-1
OTU_97.17193	-1
OTU_97.17194	-1
OTU_97.172	-1
OTU_97.1720	1
OTU_97.17200	-1
OTU_97.17201	-1
OTU_97.17202	-1
OTU_97.17208	-1
OTU_97.17210	-1
OTU_97.17212	1
OTU_97.17213	1
OTU_97.17215	-1
OTU_97.17216	-1
OTU_97.1722	-1
OTU_97.17220	-1
OTU_97.17224	-1
OTU_97.17226	-1
OTU_97.17233	-1
OTU_97.17236	1
OTU_97.17239	-1
OTU_97.1724	-1
OTU_97.17242	-1
OTU_97.17243	-1
OTU_97.17247	-1
OTU_97.17249	-1
OTU_97.1725	-1
OTU_97.17251	-1
OTU_97.17256	-1
OTU_97.17263	-1
OTU_97.17270	-1
OTU_97.17271	-1
OTU_97.17276	-1
OTU_97.17277	-1
OTU_97.17278	-1
OTU_97.17285	-1
OTU_97.17291	-1
OTU_97.17295	-1
OTU_97.17301	-1
OTU_97.17304	-1
OTU_97.17305	-1
OTU_97.17306	-1
OTU_97.17310	-1
OTU_97.17313	-1
OTU_97.17317	-1
OTU_97.17318	-1
OTU_97.1732	1
OTU_97.17323	-1
OTU_97.17324	-1
OTU_97.17325	1
OTU_97.17333	-1
OTU_97.17335	-1
OTU_97.17336	-1
OTU_97.17341	-1
OTU_97.17346	-1
OTU_97.17351	-1
OTU_97.17352	-1
OTU_97.17358	-1
OTU_97.1736	-1
OTU_97.17360	-1
OTU_97.17363	-1
OTU_97.17364	-1
OTU_97.17365	-1
OTU_97.17367	-1
OTU_97.17368	-1
OTU_97.17369	-1
OTU_97.1737	-1
OTU_97.17375	1
OTU_97.17376	-1
OTU_97.17378	-1
OTU_97.1738	1
OTU_97.17385	1
OTU_97.17386	-1
OTU_97.17387	1
OTU_97.1739	-1
OTU_97.17393	-1
OTU_97.174	-1
OTU_97.1740	-1
OTU_97.17403	-1
OTU_97.17405	-1
OTU_97.17406	-1
OTU_97.17408	-1
OTU_97.17417	-1
OTU_97.17428	-1
OTU_97.1743	-1
OTU_97.17430	-1
OTU_97.17431	1
OTU_97.17432	1
OTU_97.17434	-1
OTU_97.17436	-1
OTU_97.17437	-1
OTU_97.17439	-1
OTU_97.17442	-1
OTU_97.17444	-1
OTU_97.17445	-1
OTU_97.1745	-1
OTU_97.17455	1
OTU_97.17459	-1
OTU_97.1746	-1
OTU_97.17460	-1
OTU_97.17462	-1
OTU_97.17465	-1
OTU_97.17469	-1
OTU_97.1747	-1
OTU_97.17470	-1
OTU_97.17472	1
OTU_97.17474	-1
OTU_97.17476	-1
OTU_97.17482	-1
OTU_97.17483	-1
OTU_97.17485	-1
OTU_97.17490	-1
OTU_97.17492	1
OTU_97.17493	-1
OTU_97.17495	-1
OTU_97.17501	-1
OTU_97.17508	-1
OTU_97.17511	-1
OTU_97.17513	-1
OTU_97.17519	-1
OTU_97.17520	-1
OTU_97.17533	-1
OTU_97.1754	-1
OTU_97.17540	-1
OTU_97.17542	-1
OTU_97.17547	-1
OTU_97.17549	-1
OTU_97.1755	1
OTU_97.17550	1
OTU_97.17551	1
OTU_97.17552	-1
OTU_97.17554	-1
OTU_97.17557	-1
OTU_97.17559	-1
OTU_97.17561	-1
OTU_97.17572	-1
OTU_97.17574	-1
OTU_97.17578	-1
OTU_97.17579	-1
OTU_97.17582	-1
OTU_97.17589	-1
OTU_97.17590	1
OTU_97.17591	-1
OTU_97.1760	-1
OTU_97.17604	-1
OTU_97.17605	-1
OTU_97.17606	-1
OTU_97.17607	1
OTU_97.17610	-1
OTU_97.17611	1
OTU_97.17620	-1
OTU_97.17622	-1
OTU_97.17627	-1
OTU_97.17629	-1
OTU_97.1763	-1
OTU_97.17631	-1
OTU_97.17638	-1
OTU_97.17639	-1
OTU_97.1764	-1
OTU_97.17643	1
OTU_97.17645	-1
OTU_97.17651	-1
OTU_97.17654	1
OTU_97.17656	-1
OTU_97.17666	-1
OTU_97.17668	-1
OTU_97.17669	-1
OTU_97.17670	-1
OTU_97.17671	-1
OTU_97.17673	1
OTU_97.17678	-1
OTU_97.1768	-1
OTU_97.17680	-1
OTU_97.17681	-1
OTU_97.1769	-1
OTU_97.17696	-1
OTU_97.17699	-1
OTU_97.1770	-1
OTU_97.17700	-1
OTU_97.17706	-1
OTU_97.17707	-1
OTU_97.17709	-1
OTU_97.17711	1
OTU_97.17722	-1
OTU_97.17724	-1
OTU_97.17725	-1
OTU_97.17726	-1
OTU_97.17727	-1
OTU_97.17731	-1
OTU_97.17732	1
OTU_97.17741	-1
OTU_97.17742	-1
OTU_97.17744	-1
OTU_97.17748	1
OTU_97.17749	-1
OTU_97.17750	-1
OTU_97.17751	-1
OTU_97.17754	-1
OTU_97.17755	-1
OTU_97.17757	1
OTU_97.17759	-1
OTU_97.17760	-1
OTU_97.17765	-1
OTU_97.17766	-1
OTU_97.17768	-1
OTU_97.17769	-1
OTU_97.1777	-1
OTU_97.17770	-1
OTU_97.17773	-1
OTU_97.17774	-1
OTU_97.17775	1
OTU_97.17776	-1
OTU_97.17779	1
OTU_97.17782	-1
OTU_97.17783	-1
OTU_97.17784	-1
OTU_97.17788	-1
OTU_97.1779	1
OTU_97.17790	-1
OTU_97.17793	-1
OTU_97.178	-1
OTU_97.17803	-1
OTU_97.17807	1
OTU_97.17812	-1
OTU_97.17813	-1
OTU_97.17820	1
OTU_97.17822	-1
OTU_97.17824	-1
OTU_97.17828	-1
OTU_97.17829	-1
OTU_97.17830	-1
OTU_97.17834	-1
OTU_97.17835	-1
OTU_97.17839	-1
OTU_97.1784	-1
OTU_97.17842	-1
OTU_97.17843	-1
OTU_97.1785	-1
OTU_97.17853	-1
OTU_97.17854	-1
OTU_97.1786	-1
OTU_97.17860	1
OTU_97.17865	-1
OTU_97.17868	-1
OTU_97.17877	-1
OTU_97.17883	-1
OTU_97.17887	-1
OTU_97.17888	-1
OTU_97.1789	-1
OTU_97.17891	-1
OTU_97.17894	-1
OTU_97.17899	-1
OTU_97.179	-1
OTU_97.1790	-1
OTU_97.17900	-1
OTU_97.17907	-1
OTU_97.17908	-1
OTU_97.17909	-1
OTU_97.1791	-1
OTU_97.17910	-1
OTU_97.17912	-1
OTU_97.17913	-1
OTU_97.17919	-1
OTU_97.17921	-1
OTU_97.17928	-1
OTU_97.17929	-1
OTU_97.17933	-1
OTU_97.17939	-1
OTU_97.17942	-1
OTU_97.17943	-1
OTU_97.17946	-1
OTU_97.17950	-1
OTU_97.17953	-1
OTU_97.17957	-1
OTU_97.17958	-1
OTU_97.17960	-1
OTU_97.17961	-1
OTU_97.17966	-1
OTU_97.17967	-1
OTU_97.17974	-1
OTU_97.17977	-1
OTU_97.17979	-1
OTU_97.17981	-1
OTU_97.17988	-1
OTU_97.17989	-1
OTU_97.17990	-1
OTU_97.17991	-1
OTU_97.17993	1
OTU_97.17997	-1
OTU_97.18	-1
OTU_97.180	-1
OTU_97.1800	-1
OTU_97.18001	-1
OTU_97.18009	-1
OTU_97.1801	-1
OTU_97.18012	-1
OTU_97.18013	-1
OTU_97.18016	-1
OTU_97.18020	-1
OTU_97.18023	-1
OTU_97.18026	-1
OTU_97.1803	-1
OTU_97.18034	1
OTU_97.18035	-1
OTU_97.18038	-1
OTU_97.18039	-1
OTU_97.18040	-1
OTU_97.18042	1
OTU_97.18044	-1
OTU_97.18045	-1
OTU_97.18047	-1
OTU_97.18048	-1
OTU_97.18053	-1
OTU_97.18055	-1
OTU_97.18060	-1
OTU_97.18065	-1
OTU_97.18068	-1
OTU_97.18069	-1
OTU_97.1807	1
OTU_97.18070	-1
OTU_97.18077	1
OTU_97.18085	1
OTU_97.18086	-1
OTU_97.18089	-1
OTU_97.18090	-1
OTU_97.18091	-1
OTU_97.18095	-1
OTU_97.18096	-1
OTU_97.18097	1
OTU_97.18099	-1
OTU_97.181	1
OTU_97.1811	-1
OTU_97.18110	1
OTU_97.18116	-1
OTU_97.18117	-1
OTU_97.18118	-1
OTU_97.18119	-1
OTU_97.18120	-1
OTU_97.18124	-1
OTU_97.18127	-1
OTU_97.1813	1
OTU_97.18132	-1
OTU_97.18139	-1
OTU_97.18140	-1
OTU_97.18141	-1
OTU_97.18142	-1
OTU_97.18145	-1
OTU_97.18146	-1
OTU_97.1815	-1
OTU_97.18150	-1
OTU_97.18152	-1
OTU_97.18155	-1
OTU_97.18157	-1
OTU_97.18158	-1
OTU_97.1816	-1
OTU_97.18163	-1
OTU_97.18164	-1
OTU_97.18165	-1
OTU_97.18168	-1
OTU_97.18171	-1
OTU_97.18172	-1
OTU_97.18175	-1
OTU_97.18177	1
OTU_97.18179	-1
OTU_97.1818	-1
OTU_97.18183	-1
OTU_97.18186	1
OTU_97.18187	-1
OTU_97.18189	-1
OTU_97.18192	-1
OTU_97.18194	-1
OTU_97.18197	-1
OTU_97.18199	-1
OTU_97.182	-1
OTU_97.18200	-1
OTU_97.18205	-1
OTU_97.18206	-1
OTU_97.18211	-1
OTU_97.18218	-1
OTU_97.18219	-1
OTU_97.18225	-1
OTU_97.18227	-1
OTU_97.18231	-1
OTU_97.18234	1
OTU_97.18237	1
OTU_97.18240	-1
OTU_97.18242	-1
OTU_97.18243	1
OTU_97.18246	-1
OTU_97.18249	-1
OTU_97.18250	1
OTU_97.18252	-1
OTU_97.18254	-1
OTU_97.18255	1
OTU_97.18259	-1
OTU_97.18261	-1
OTU_97.18268	-1
OTU_97.18269	-1
OTU_97.18274	-1
OTU_97.18275	-1
OTU_97.18279	-1
OTU_97.18280	-1
OTU_97.18288	1
OTU_97.18289	-1
OTU_97.1829	1
OTU_97.18290	-1
OTU_97.18293	-1
OTU_97.18294	1
OTU_97.183	-1
OTU_97.18302	-1
OTU_97.1831	1
OTU_97.18313	-1
OTU_97.18314	1
OTU_97.18317	-1
OTU_97.1832	-1
OTU_97.18321	-1
OTU_97.18324	-1
OTU_97.18325	-1
OTU_97.18329	-1
OTU_97.18333	-1
OTU_97.18334	-1
OTU_97.18336	-1
OTU_97.18339	-1
OTU_97.18341	-1
OTU_97.18344	-1
OTU_97.18345	-1
OTU_97.18347	-1
OTU_97.18348	1
OTU_97.18354	-1
OTU_97.18356	-1
OTU_97.18357	-1
OTU_97.1836	-1
OTU_97.18366	-1
OTU_97.18368	1
OTU_97.18371	-1
OTU_97.18376	-1
OTU_97.18379	-1
OTU_97.1838	-1
OTU_97.18380	-1
OTU_97.18384	-1
OTU_97.18387	-1
OTU_97.18388	-1
OTU_97.18394	-1
OTU_97.18395	-1
OTU_97.18402	-1
OTU_97.18405	-1
OTU_97.18410	-1
OTU_97.18413	-1
OTU_97.18415	-1
OTU_97.1842	-1
OTU_97.18430	1
OTU_97.18431	-1
OTU_97.18434	-1
OTU_97.18435	-1
OTU_97.18438	-1
OTU_97.18439	1
OTU_97.18442	-1
OTU_97.18443	-1
OTU_97.18444	-1
OTU_97.18445	-1
OTU_97.18457	-1
OTU_97.18458	-1
OTU_97.18459	-1
OTU_97.18463	-1
OTU_97.18465	-1
OTU_97.18466	-1
OTU_97.18468	-1
OTU_97.1847	-1
OTU_97.18471	1
OTU_97.18478	-1
OTU_97.1848	-1
OTU_97.18488	-1
OTU_97.18489	-1
OTU_97.18494	-1
OTU_97.18495	1
OTU_97.18496	-1
OTU_97.18498	-1
OTU_97.18499	1
OTU_97.1850	-1
OTU_97.18500	-1
OTU_97.18503	-1
OTU_97.18510	1
OTU_97.18512	-1
OTU_97.18516	-1
OTU_97.18520	-1
OTU_97.18522	-1
OTU_97.18525	-1
OTU_97.18527	-1
OTU_97.18532	-1
OTU_97.18534	-1
OTU_97.18536	-1
OTU_97.18538	-1
OTU_97.18539	1
OTU_97.18540	-1
OTU_97.18542	-1
OTU_97.18545	-1
OTU_97.18548	-1
OTU_97.18551	1
OTU_97.18553	-1
OTU_97.18555	-1
OTU_97.18557	-1
OTU_97.18558	1
OTU_97.18564	-1
OTU_97.18566	1
OTU_97.18567	-1
OTU_97.1857	-1
OTU_97.18570	-1
OTU_97.18575	-1
OTU_97.18576	-1
OTU_97.18577	-1
OTU_97.1858	-1
OTU_97.18581	-1
OTU_97.18589	1
OTU_97.1859	-1
OTU_97.18590	-1
OTU_97.18593	-1
OTU_97.18594	1
OTU_97.18597	-1
OTU_97.18598	-1
OTU_97.186	-1
OTU_97.18601	-1
OTU_97.18603	-1
OTU_97.18605	1
OTU_97.18606	-1
OTU_97.1861	-1
OTU_97.18613	-1
OTU_97.18621	-1
OTU_97.18626	-1
OTU_97.18627	-1
OTU_97.1863	-1
OTU_97.18630	1
OTU_97.18631	-1
OTU_97.18633	-1
OTU_97.18634	1
OTU_97.18636	-1
OTU_97.18640	-1
OTU_97.18642	-1
OTU_97.18645	-1
OTU_97.18646	-1
OTU_97.18647	-1
OTU_97.18648	-1
OTU_97.1865	1
OTU_97.18652	-1
OTU_97.18656	-1
OTU_97.18657	-1
OTU_97.18658	-1
OTU_97.18659	-1
OTU_97.1866	-1
OTU_97.18660	1
OTU_97.1867	-1
OTU_97.18671	1
OTU_97.18674	-1
OTU_97.18676	-1
OTU_97.18679	-1
OTU_97.18683	-1
OTU_97.18688	-1
OTU_97.18691	-1
OTU_97.18692	-1
OTU_97.18697	-1
OTU_97.187	-1
OTU_97.1870	1
OTU_97.18701	1
OTU_97.18704	-1
OTU_97.18706	-1
OTU_97.1871	-1
OTU_97.18716	-1
OTU_97.18719	1
OTU_97.18720	-1
OTU_97.18726	-1
OTU_97.18730	-1
OTU_97.18732	-1
OTU_97.1874	-1
OTU_97.18743	-1
OTU_97.18747	-1
OTU_97.18748	-1
OTU_97.1875	-1
OTU_97.18758	1
OTU_97.18759	-1
OTU_97.1876	-1
OTU_97.18765	-1
OTU_97.18767	-1
OTU_97.18769	-1
OTU_97.18778	-1
OTU_97.18782	-1
OTU_97.18783	-1
OTU_97.18785	-1
OTU_97.18786	-1
OTU_97.18792	-1
OTU_97.18795	-1
OTU_97.18796	-1
OTU_97.18797	-1
OTU_97.1880	1
OTU_97.18804	-1
OTU_97.18806	-1
OTU_97.18817	-1
OTU_97.18819	-1
OTU_97.18820	-1
OTU_97.18821	-1
OTU_97.18822	-1
OTU_97.18823	-1
OTU_97.18824	-1
OTU_97.18825	-1
OTU_97.18827	-1
OTU_97.18828	-1
OTU_97.18829	-1
OTU_97.18830	-1
OTU_97.18831	-1
OTU_97.18833	-1
OTU_97.1884	-1
OTU_97.18841	-1
OTU_97.18845	-1
OTU_97.18846	-1
OTU_97.1885	-1
OTU_97.18854	-1
OTU_97.18855	-1
OTU_97.18857	1
OTU_97.1886	-1
OTU_97.18866	-1
OTU_97.18868	-1
OTU_97.18871	1
OTU_97.18877	-1
OTU_97.18879	-1
OTU_97.1888	-1
OTU_97.18880	-1
OTU_97.18883	-1
OTU_97.18886	-1
OTU_97.1889	-1
OTU_97.18892	-1
OTU_97.18893	-1
OTU_97.18898	1
OTU_97.1890	-1
OTU_97.18903	-1
OTU_97.18911	-1
OTU_97.18913	-1
OTU_97.18914	-1
OTU_97.18916	-1
OTU_97.18917	-1
OTU_97.18918	-1
OTU_97.18919	-1
OTU_97.18920	-1
OTU_97.18924	-1
OTU_97.18930	-1
OTU_97.18931	-1
OTU_97.18936	-1
OTU_97.18937	-1
OTU_97.18941	-1
OTU_97.18942	-1
OTU_97.18944	-1
OTU_97.18946	-1
OTU_97.1895	-1
OTU_97.18952	-1
OTU_97.18957	1
OTU_97.18959	-1
OTU_97.1896	-1
OTU_97.18969	-1
OTU_97.1897	-1
OTU_97.18971	-1
OTU_97.18976	-1
OTU_97.18978	-1
OTU_97.18979	-1
OTU_97.18982	-1
OTU_97.18987	-1
OTU_97.1899	-1
OTU_97.18991	-1
OTU_97.18997	-1
OTU_97.18998	1
OTU_97.19	-1
OTU_97.190	-1
OTU_97.1900	-1
OTU_97.19000	-1
OTU_97.19001	-1
OTU_97.19003	-1
OTU_97.19009	1
OTU_97.19010	-1
OTU_97.19015	-1
OTU_97.19022	-1
OTU_97.19026	-1
OTU_97.19030	1
OTU_97.19036	-1
OTU_97.19039	-1
OTU_97.19041	1
OTU_97.19045	1
OTU_97.19046	-1
OTU_97.19047	-1
OTU_97.19048	-1
OTU_97.19051	-1
OTU_97.19052	-1
OTU_97.1906	-1
OTU_97.19062	-1
OTU_97.19067	-1
OTU_97.19068	-1
OTU_97.19069	-1
OTU_97.1907	1
OTU_97.19070	-1
OTU_97.19071	-1
OTU_97.19072	-1
OTU_97.19073	-1
OTU_97.19081	-1
OTU_97.19086	-1
OTU_97.19089	-1
OTU_97.1909	-1
OTU_97.19092	-1
OTU_97.19097	-1
OTU_97.191	-1
OTU_97.19102	-1
OTU_97.19109	-1
OTU_97.1911	-1
OTU_97.19124	1
OTU_97.19129	1
OTU_97.1913	1
OTU_97.19131	-1
OTU_97.19132	-1
OTU_97.19133	-1
OTU_97.19134	-1
OTU_97.19138	1
OTU_97.19144	-1
OTU_97.19147	-1
OTU_97.19152	1
OTU_97.19157	-1
OTU_97.19158	-1
OTU_97.19159	-1
OTU_97.19161	-1
OTU_97.19162	-1
OTU_97.1917	-1
OTU_97.19170	-1
OTU_97.19181	-1
OTU_97.19185	1
OTU_97.19187	-1
OTU_97.19190	-1
OTU_97.19203	1
OTU_97.19205	-1
OTU_97.19209	-1
OTU_97.19215	-1
OTU_97.19217	-1
OTU_97.19218	-1
OTU_97.19220	1
OTU_97.19223	-1
OTU_97.19226	-1
OTU_97.19235	1
OTU_97.1924	-1
OTU_97.19241	-1
OTU_97.19244	-1
OTU_97.19246	-1
OTU_97.19248	-1
OTU_97.19250	-1
OTU_97.19253	-1
OTU_97.19256	-1
OTU_97.19260	-1
OTU_97.19264	-1
OTU_97.19265	-1
OTU_97.19270	-1
OTU_97.19275	1
OTU_97.19278	-1
OTU_97.1928	-1
OTU_97.19280	-1
OTU_97.19282	-1
OTU_97.19297	-1
OTU_97.19298	-1
OTU_97.1930	-1
OTU_97.19301	-1
OTU_97.19302	-1
OTU_97.19303	-1
OTU_97.19304	-1
OTU_97.19307	-1
OTU_97.19310	1
OTU_97.19312	-1
OTU_97.19314	-1
OTU_97.19315	-1
OTU_97.19316	-1
OTU_97.19317	-1
OTU_97.19318	-1
OTU_97.19320	-1
OTU_97.19323	-1
OTU_97.19326	-1
OTU_97.19328	-1
OTU_97.19333	-1
OTU_97.19335	-1
OTU_97.19336	-1
OTU_97.19337	-1
OTU_97.19340	-1
OTU_97.19342	-1
OTU_97.19343	1
OTU_97.19350	1
OTU_97.19354	-1
OTU_97.19358	-1
OTU_97.19359	-1
OTU_97.19362	-1
OTU_97.19363	-1
OTU_97.19367	-1
OTU_97.19369	-1
OTU_97.19371	-1
OTU_97.19376	-1
OTU_97.19377	1
OTU_97.19379	-1
OTU_97.19381	-1
OTU_97.19382	-1
OTU_97.19386	-1
OTU_97.19389	-1
OTU_97.19395	1
OTU_97.19397	-1
OTU_97.19398	-1
OTU_97.19399	-1
OTU_97.19403	-1
OTU_97.19404	-1
OTU_97.1941	-1
OTU_97.19410	-1
OTU_97.19416	-1
OTU_97.19422	-1
OTU_97.19423	-1
OTU_97.19425	-1
OTU_97.19429	-1
OTU_97.1943	-1
OTU_97.19431	-1
OTU_97.19434	-1
OTU_97.19437	1
OTU_97.19438	-1
OTU_97.19439	-1
OTU_97.1944	-1
OTU_97.19441	-1
OTU_97.19444	-1
OTU_97.19446	-1
OTU_97.19448	-1
OTU_97.19449	-1
OTU_97.19457	-1
OTU_97.1946	-1
OTU_97.19470	-1
OTU_97.19473	-1
OTU_97.19477	-1
OTU_97.1948	-1
OTU_97.19483	-1
OTU_97.19487	-1
OTU_97.19491	-1
OTU_97.19496	-1
OTU_97.19503	-1
OTU_97.19504	-1
OTU_97.19506	-1
OTU_97.19508	-1
OTU_97.19510	-1
OTU_97.19512	-1
OTU_97.19514	-1
OTU_97.19520	-1
OTU_97.19526	-1
OTU_97.19528	-1
OTU_97.19533	-1
OTU_97.19534	-1
OTU_97.19536	-1
OTU_97.19539	-1
OTU_97.19542	-1
OTU_97.19548	-1
OTU_97.1955	-1
OTU_97.19550	-1
OTU_97.19551	-1
OTU_97.19552	-1
OTU_97.19555	-1
OTU_97.19569	-1
OTU_97.1957	-1
OTU_97.19574	-1
OTU_97.19575	-1
OTU_97.19576	1
OTU_97.19577	-1
OTU_97.19578	-1
OTU_97.19579	-1
OTU_97.1958	-1
OTU_97.19580	-1
OTU_97.19589	-1
OTU_97.19599	-1
OTU_97.19605	1
OTU_97.19606	-1
OTU_97.19607	-1
OTU_97.19608	-1
OTU_97.19613	-1
OTU_97.19617	1
OTU_97.19620	-1
OTU_97.19621	-1
OTU_97.19627	-1
OTU_97.19632	-1
OTU_97.19638	-1
OTU_97.1964	1
OTU_97.19642	-1
OTU_97.19646	-1
OTU_97.19649	1
OTU_97.19651	-1
OTU_97.19654	-1
OTU_97.19656	1
OTU_97.19662	-1
OTU_97.19664	-1
OTU_97.19665	-1
OTU_97.19666	-1
OTU_97.19669	-1
OTU_97.1967	1
OTU_97.19671	-1
OTU_97.19672	-1
OTU_97.19677	-1
OTU_97.19679	-1
OTU_97.19680	-1
OTU_97.19681	-1
OTU_97.19683	-1
OTU_97.19690	-1
OTU_97.19694	-1
OTU_97.19695	1
OTU_97.19698	-1
OTU_97.19703	-1
OTU_97.19704	-1
OTU_97.19705	-1
OTU_97.19706	-1
OTU_97.19709	-1
OTU_97.1971	-1
OTU_97.19710	-1
OTU_97.19711	-1
OTU_97.19715	-1
OTU_97.19716	-1
OTU_97.19717	-1
OTU_97.19729	-1
OTU_97.19731	-1
OTU_97.19734	-1
OTU_97.19735	-1
OTU_97.19736	-1
OTU_97.1974	-1
OTU_97.19740	-1
OTU_97.19741	-1
OTU_97.1975	-1
OTU_97.19751	-1
OTU_97.19752	-1
OTU_97.19761	-1
OTU_97.19762	-1
OTU_97.19771	-1
OTU_97.19782	1
OTU_97.19787	-1
OTU_97.19788	-1
OTU_97.19789	1
OTU_97.19790	-1
OTU_97.19794	-1
OTU_97.19796	1
OTU_97.19799	-1
OTU_97.198	-1
OTU_97.19801	-1
OTU_97.19804	-1
OTU_97.19808	-1
OTU_97.19809	-1
OTU_97.19811	-1
OTU_97.19812	-1
OTU_97.19813	-1
OTU_97.19815	1
OTU_97.19818	-1
OTU_97.19822	1
OTU_97.19824	-1
OTU_97.19830	-1
OTU_97.19833	-1
OTU_97.19837	1
OTU_97.19838	1
OTU_97.19844	-1
OTU_97.19845	-1
OTU_97.19847	-1
OTU_97.19850	-1
OTU_97.19851	-1
OTU_97.19854	-1
OTU_97.19855	-1
OTU_97.19857	-1
OTU_97.19860	1
OTU_97.19862	-1
OTU_97.19864	-1
OTU_97.19867	1
OTU_97.19870	-1
OTU_97.19872	-1
OTU_97.19873	-1
OTU_97.19877	-1
OTU_97.19884	1
OTU_97.19885	-1
OTU_97.19888	-1
OTU_97.1989	-1
OTU_97.19891	-1
OTU_97.19892	-1
OTU_97.19894	-1
OTU_97.19896	1
OTU_97.199	-1
OTU_97.1990	-1
OTU_97.19902	-1
OTU_97.19910	-1
OTU_97.19914	-1
OTU_97.19915	-1
OTU_97.19918	-1
OTU_97.19919	-1
OTU_97.1992	-1
OTU_97.19928	-1
OTU_97.19929	1
OTU_97.1993	-1
OTU_97.19930	-1
OTU_97.19932	-1
OTU_97.19949	-1
OTU_97.19950	1
OTU_97.19951	-1
OTU_97.19954	-1
OTU_97.19955	-1
OTU_97.19957	-1
OTU_97.19962	-1
OTU_97.19964	-1
OTU_97.19966	-1
OTU_97.19969	1
OTU_97.19970	1
OTU_97.19972	-1
OTU_97.19976	-1
OTU_97.19978	-1
OTU_97.19980	-1
OTU_97.19984	-1
OTU_97.19986	-1
OTU_97.19989	-1
OTU_97.19991	-1
OTU_97.20	-1
OTU_97.200	-1
OTU_97.20003	1
OTU_97.20009	1
OTU_97.20010	-1
OTU_97.20011	-1
OTU_97.20016	-1
OTU_97.20018	-1
OTU_97.20019	-1
OTU_97.20025	1
OTU_97.20026	1
OTU_97.20028	-1
OTU_97.20029	1
OTU_97.20031	1
OTU_97.20032	-1
OTU_97.20037	-1
OTU_97.2004	-1
OTU_97.20042	-1
OTU_97.20044	1
OTU_97.20045	-1
OTU_97.20056	-1
OTU_97.20061	-1
OTU_97.2007	-1
OTU_97.20071	-1
OTU_97.20073	-1
OTU_97.20081	-1
OTU_97.20082	-1
OTU_97.20084	1
OTU_97.20085	-1
OTU_97.20086	-1
OTU_97.20087	-1
OTU_97.2009	-1
OTU_97.201	-1
OTU_97.20100	-1
OTU_97.20102	-1
OTU_97.20106	-1
OTU_97.20107	1
OTU_97.20108	-1
OTU_97.20110	1
OTU_97.20114	-1
OTU_97.20115	-1
OTU_97.20116	-1
OTU_97.20118	-1
OTU_97.20119	-1
OTU_97.2012	1
OTU_97.20120	1
OTU_97.20121	-1
OTU_97.20129	-1
OTU_97.20132	-1
OTU_97.20134	-1
OTU_97.20136	-1
OTU_97.20143	-1
OTU_97.20144	-1
OTU_97.20147	-1
OTU_97.20153	-1
OTU_97.20155	-1
OTU_97.20156	-1
OTU_97.20157	-1
OTU_97.20167	-1
OTU_97.20172	-1
OTU_97.20175	-1
OTU_97.20176	-1
OTU_97.20178	-1
OTU_97.20181	-1
OTU_97.20188	-1
OTU_97.20189	-1
OTU_97.20190	-1
OTU_97.20193	-1
OTU_97.20194	-1
OTU_97.202	-1
OTU_97.2020	-1
OTU_97.20204	-1
OTU_97.20208	-1
OTU_97.20214	-1
OTU_97.20220	-1
OTU_97.20225	-1
OTU_97.20226	-1
OTU_97.20228	-1
OTU_97.20229	1
OTU_97.20234	-1
OTU_97.2024	-1
OTU_97.20242	-1
OTU_97.20246	-1
OTU_97.20247	1
OTU_97.20249	1
OTU_97.2025	-1
OTU_97.20253	-1
OTU_97.20254	-1
OTU_97.20256	1
OTU_97.20258	-1
OTU_97.20262	-1
OTU_97.20267	-1
OTU_97.20271	-1
OTU_97.20272	1
OTU_97.20273	-1
OTU_97.20276	1
OTU_97.20280	-1
OTU_97.20282	1
OTU_97.20288	-1
OTU_97.20295	1
OTU_97.20296	1
OTU_97.2030	-1
OTU_97.20304	-1
OTU_97.20305	-1
OTU_97.20307	-1
OTU_97.20308	1
OTU_97.20314	-1
OTU_97.20315	-1
OTU_97.20317	1
OTU_97.20320	-1
OTU_97.20322	-1
OTU_97.20324	1
OTU_97.20325	-1
OTU_97.20326	-1
OTU_97.20327	-1
OTU_97.20328	1
OTU_97.20330	1
OTU_97.20332	-1
OTU_97.20333	-1
OTU_97.20337	-1
OTU_97.20338	-1
OTU_97.20339	-1
OTU_97.2034	-1
OTU_97.20342	1
OTU_97.20343	-1
OTU_97.20356	-1
OTU_97.20358	-1
OTU_97.20359	-1
OTU_97.2036	-1
OTU_97.20361	-1
OTU_97.20364	1
OTU_97.20365	-1
OTU_97.20366	-1
OTU_97.20367	1
OTU_97.2037	-1
OTU_97.20372	-1
OTU_97.20373	-1
OTU_97.20378	-1
OTU_97.20379	-1
OTU_97.20381	1
OTU_97.20383	-1
OTU_97.20386	-1
OTU_97.20396	-1
OTU_97.20397	-1
OTU_97.20398	-1
OTU_97.20399	1
OTU_97.204	1
OTU_97.20401	-1
OTU_97.20403	-1
OTU_97.20404	-1
OTU_97.20405	-1
OTU_97.20407	-1
OTU_97.20408	-1
OTU_97.20413	-1
OTU_97.20415	-1
OTU_97.20418	-1
OTU_97.2042	-1
OTU_97.20425	-1
OTU_97.20426	-1
OTU_97.20428	1
OTU_97.2043	-1
OTU_97.20436	-1
OTU_97.20438	-1
OTU_97.20439	1
OTU_97.20440	-1
OTU_97.20449	-1
OTU_97.20451	-1
OTU_97.20455	1
OTU_97.20460	-1
OTU_97.20463	-1
OTU_97.20464	-1
OTU_97.2047	-1
OTU_97.20471	-1
OTU_97.20473	-1
OTU_97.20478	-1
OTU_97.20484	-1
OTU_97.20490	1
OTU_97.20492	-1
OTU_97.20498	1
OTU_97.20499	-1
OTU_97.205	-1
OTU_97.20501	-1
OTU_97.20502	1
OTU_97.20508	-1
OTU_97.2051	-1
OTU_97.20514	1
OTU_97.20518	1
OTU_97.20520	-1
OTU_97.20522	-1
OTU_97.20525	-1
OTU_97.20526	1
OTU_97.20529	1
OTU_97.20531	-1
OTU_97.20532	-1
OTU_97.20536	-1
OTU_97.20537	-1
OTU_97.20539	-1
OTU_97.20540	-1
OTU_97.20548	1
OTU_97.20550	-1
OTU_97.20553	-1
OTU_97.20554	-1
OTU_97.20558	1
OTU_97.20559	-1
OTU_97.20561	-1
OTU_97.20565	-1
OTU_97.20569	1
OTU_97.20572	-1
OTU_97.20575	-1
OTU_97.20576	-1
OTU_97.20581	1
OTU_97.20582	-1
OTU_97.20584	-1
OTU_97.20586	-1
OTU_97.20587	-1
OTU_97.2059	-1
OTU_97.20595	-1
OTU_97.20597	-1
OTU_97.20598	-1
OTU_97.206	-1
OTU_97.20600	1
OTU_97.20603	-1
OTU_97.20611	-1
OTU_97.20613	-1
OTU_97.20614	-1
OTU_97.20617	-1
OTU_97.20623	-1
OTU_97.20624	1
OTU_97.20625	-1
OTU_97.20627	-1
OTU_97.20629	1
OTU_97.20631	1
OTU_97.20636	-1
OTU_97.20637	-1
OTU_97.20641	-1
OTU_97.20652	-1
OTU_97.20657	1
OTU_97.20660	-1
OTU_97.20662	-1
OTU_97.20668	-1
OTU_97.2067	1
OTU_97.20674	-1
OTU_97.20675	-1
OTU_97.20676	-1
OTU_97.20677	-1
OTU_97.2068	-1
OTU_97.20684	-1
OTU_97.20691	-1
OTU_97.20693	-1
OTU_97.20694	-1
OTU_97.20695	-1
OTU_97.20701	1
OTU_97.20702	-1
OTU_97.20704	1
OTU_97.20710	-1
OTU_97.20717	-1
OTU_97.20720	-1
OTU_97.20725	-1
OTU_97.20729	-1
OTU_97.20735	-1
OTU_97.20737	1
OTU_97.20738	-1
OTU_97.2074	-1
OTU_97.20747	-1
OTU_97.20750	-1
OTU_97.20752	-1
OTU_97.20755	-1
OTU_97.20756	-1
OTU_97.20758	-1
OTU_97.20760	-1
OTU_97.20764	-1
OTU_97.20769	-1
OTU_97.20771	-1
OTU_97.20774	1
OTU_97.20775	1
OTU_97.20778	-1
OTU_97.20780	-1
OTU_97.20782	-1
OTU_97.20785	-1
OTU_97.20788	1
OTU_97.20792	-1
OTU_97.20793	-1
OTU_97.20795	-1
OTU_97.20799	-1
OTU_97.208	1
OTU_97.2080	-1
OTU_97.20801	-1
OTU_97.20802	-1
OTU_97.20803	-1
OTU_97.20804	-1
OTU_97.20807	-1
OTU_97.2082	1
OTU_97.2083	-1
OTU_97.20832	-1
OTU_97.20836	-1
OTU_97.20843	1
OTU_97.20847	-1
OTU_97.20848	-1
OTU_97.20850	-1
OTU_97.20855	-1
OTU_97.20857	-1
OTU_97.20862	-1
OTU_97.20865	-1
OTU_97.20875	-1
OTU_97.20882	-1
OTU_97.20883	-1
OTU_97.20885	-1
OTU_97.20886	-1
OTU_97.20890	-1
OTU_97.20896	-1
OTU_97.20898	-1
OTU_97.209	-1
OTU_97.20900	-1
OTU_97.20908	-1
OTU_97.20909	-1
OTU_97.2091	1
OTU_97.20917	-1
OTU_97.2092	1
OTU_97.20923	-1
OTU_97.20925	-1
OTU_97.20928	1
OTU_97.2093	-1
OTU_97.20930	-1
OTU_97.20931	-1
OTU_97.20935	-1
OTU_97.20942	-1
OTU_97.20946	1
OTU_97.20954	-1
OTU_97.20955	-1
OTU_97.20961	-1
OTU_97.20966	-1
OTU_97.20968	-1
OTU_97.20969	-1
OTU_97.20973	-1
OTU_97.20975	-1
OTU_97.20976	-1
OTU_97.20981	-1
OTU_97.20982	1
OTU_97.20983	-1
OTU_97.20987	-1
OTU_97.20989	-1
OTU_97.20990	1
OTU_97.20993	-1
OTU_97.20997	-1
OTU_97.20998	-1
OTU_97.21	-1
OTU_97.2100	1
OTU_97.21000	-1
OTU_97.21003	-1
OTU_97.21005	-1
OTU_97.21013	-1
OTU_97.21015	-1
OTU_97.21016	-1
OTU_97.21018	-1
OTU_97.2102	-1
OTU_97.21020	-1
OTU_97.21021	-1
OTU_97.21025	-1
OTU_97.21029	-1
OTU_97.21032	1
OTU_97.21037	-1
OTU_97.21044	-1
OTU_97.21046	1
OTU_97.21048	-1
OTU_97.21050	-1
OTU_97.21054	-1
OTU_97.2106	-1
OTU_97.21060	-1
OTU_97.21061	-1
OTU_97.21068	-1
OTU_97.21071	-1
OTU_97.21073	-1
OTU_97.2108	-1
OTU_97.21087	-1
OTU_97.2109	1
OTU_97.21095	-1
OTU_97.21098	-1
OTU_97.21102	-1
OTU_97.21103	-1
OTU_97.21104	-1
OTU_97.21105	-1
OTU_97.21106	-1
OTU_97.21107	-1
OTU_97.21108	-1
OTU_97.21110	-1
OTU_97.21112	-1
OTU_97.21113	-1
OTU_97.21117	-1
OTU_97.21119	-1
OTU_97.21122	-1
OTU_97.21123	1
OTU_97.2113	-1
OTU_97.21134	-1
OTU_97.21137	1
OTU_97.2114	-1
OTU_97.21141	1
OTU_97.21143	1
OTU_97.21154	-1
OTU_97.21155	-1
OTU_97.21159	-1
OTU_97.21162	-1
OTU_97.21165	1
OTU_97.21169	-1
OTU_97.2117	-1
OTU_97.21177	1
OTU_97.21178	-1
OTU_97.2118	-1
OTU_97.21180	1
OTU_97.21187	-1
OTU_97.21191	-1
OTU_97.212	-1
OTU_97.21202	-1
OTU_97.21205	1
OTU_97.21209	-1
OTU_97.21215	-1
OTU_97.21218	-1
OTU_97.21219	-1
OTU_97.21222	-1
OTU_97.21223	-1
OTU_97.21224	-1
OTU_97.21229	-1
OTU_97.2123	-1
OTU_97.21230	-1
OTU_97.21235	-1
OTU_97.21248	1
OTU_97.2125	-1
OTU_97.21254	-1
OTU_97.21256	-1
OTU_97.21261	-1
OTU_97.21263	-1
OTU_97.21266	-1
OTU_97.21268	-1
OTU_97.2127	-1
OTU_97.21270	-1
OTU_97.21276	-1
OTU_97.21277	-1
OTU_97.21280	-1
OTU_97.21282	-1
OTU_97.21283	-1
OTU_97.21289	-1
OTU_97.2129	-1
OTU_97.21293	-1
OTU_97.21295	1
OTU_97.21297	1
OTU_97.21298	-1
OTU_97.21301	-1
OTU_97.21303	-1
OTU_97.21305	-1
OTU_97.21309	-1
OTU_97.2131	-1
OTU_97.21310	-1
OTU_97.21311	-1
OTU_97.21313	-1
OTU_97.21321	-1
OTU_97.21322	-1
OTU_97.21324	1
OTU_97.21329	-1
OTU_97.21330	-1
OTU_97.21332	-1
OTU_97.21335	-1
OTU_97.21338	-1
OTU_97.21341	1
OTU_97.21342	-1
OTU_97.21347	1
OTU_97.21350	1
OTU_97.21362	-1
OTU_97.21363	-1
OTU_97.21364	-1
OTU_97.21365	-1
OTU_97.21369	-1
OTU_97.21376	-1
OTU_97.21377	1
OTU_97.21380	-1
OTU_97.21381	-1
OTU_97.21387	-1
OTU_97.21388	-1
OTU_97.21390	-1
OTU_97.21394	1
OTU_97.21397	-1
OTU_97.21399	-1
OTU_97.2140	-1
OTU_97.21404	-1
OTU_97.21407	-1
OTU_97.21412	-1
OTU_97.21413	1
OTU_97.21416	-1
OTU_97.21418	-1
OTU_97.21420	-1
OTU_97.21429	-1
OTU_97.2143	-1
OTU_97.21430	-1
OTU_97.21433	-1
OTU_97.21434	-1
OTU_97.21437	-1
OTU_97.21439	-1
OTU_97.2144	-1
OTU_97.21440	-1
OTU_97.21441	-1
OTU_97.21442	-1
OTU_97.21448	-1
OTU_97.21456	-1
OTU_97.21466	-1
OTU_97.21467	-1
OTU_97.21468	-1
OTU_97.21470	-1
OTU_97.21474	-1
OTU_97.21479	-1
OTU_97.21480	-1
OTU_97.21484	-1
OTU_97.21488	-1
OTU_97.21489	-1
OTU_97.21493	-1
OTU_97.21494	1
OTU_97.21496	-1
OTU_97.215	-1
OTU_97.21505	-1
OTU_97.21508	-1
OTU_97.21512	-1
OTU_97.21513	-1
OTU_97.21514	-1
OTU_97.21523	-1
OTU_97.21524	-1
OTU_97.21528	-1
OTU_97.21529	-1
OTU_97.2153	-1
OTU_97.21533	1
OTU_97.21537	1
OTU_97.21538	-1
OTU_97.21539	1
OTU_97.21548	1
OTU_97.2155	-1
OTU_97.21551	-1
OTU_97.21552	-1
OTU_97.21553	-1
OTU_97.21554	-1
OTU_97.21557	-1
OTU_97.21559	-1
OTU_97.21560	-1
OTU_97.21561	-1
OTU_97.21568	-1
OTU_97.21569	-1
OTU_97.2157	-1
OTU_97.21571	1
OTU_97.21579	-1
OTU_97.21581	-1
OTU_97.21585	-1
OTU_97.21592	-1
OTU_97.21594	-1
OTU_97.2160	-1
OTU_97.21601	-1
OTU_97.21603	-1
OTU_97.21608	-1
OTU_97.21610	-1
OTU_97.21617	-1
OTU_97.21622	-1
OTU_97.21626	-1
OTU_97.2163	-1
OTU_97.21630	-1
OTU_97.21633	-1
OTU_97.21634	-1
OTU_97.21635	-1
OTU_97.21636	-1
OTU_97.21637	-1
OTU_97.2164	-1
OTU_97.21644	-1
OTU_97.21647	-1
OTU_97.21648	1
OTU_97.21649	1
OTU_97.21653	-1
OTU_97.21654	-1
OTU_97.21657	-1
OTU_97.21658	-1
OTU_97.21661	-1
OTU_97.21667	-1
OTU_97.21668	-1
OTU_97.21669	1
OTU_97.21671	1
OTU_97.21673	-1
OTU_97.21675	-1
OTU_97.21678	-1
OTU_97.21682	-1
OTU_97.21683	-1
OTU_97.21685	-1
OTU_97.21686	-1
OTU_97.21691	-1
OTU_97.217	-1
OTU_97.21709	-1
OTU_97.2171	-1
OTU_97.21713	1
OTU_97.21722	-1
OTU_97.21724	-1
OTU_97.21726	-1
OTU_97.2173	-1
OTU_97.21733	-1
OTU_97.21739	-1
OTU_97.2174	-1
OTU_97.21740	-1
OTU_97.21741	-1
OTU_97.21749	-1
OTU_97.2175	-1
OTU_97.21750	-1
OTU_97.21757	-1
OTU_97.21767	-1
OTU_97.21768	-1
OTU_97.21778	-1
OTU_97.2178	-1
OTU_97.21783	-1
OTU_97.21785	-1
OTU_97.21787	-1
OTU_97.21789	-1
OTU_97.21794	-1
OTU_97.21795	-1
OTU_97.21796	-1
OTU_97.21799	-1
OTU_97.218	1
OTU_97.2180	-1
OTU_97.21802	-1
OTU_97.21805	-1
OTU_97.21806	-1
OTU_97.21807	-1
OTU_97.21808	-1
OTU_97.2181	-1
OTU_97.21810	-1
OTU_97.21813	1
OTU_97.21816	-1
OTU_97.21817	-1
OTU_97.2182	-1
OTU_97.21826	-1
OTU_97.21829	-1
OTU_97.2183	-1
OTU_97.21830	-1
OTU_97.21837	-1
OTU_97.21838	-1
OTU_97.21839	-1
OTU_97.2184	-1
OTU_97.21840	-1
OTU_97.21842	-1
OTU_97.21848	-1
OTU_97.2185	1
OTU_97.21852	-1
OTU_97.21853	-1
OTU_97.21856	-1
OTU_97.21857	-1
OTU_97.21858	-1
OTU_97.2186	-1
OTU_97.21862	-1
OTU_97.21864	-1
OTU_97.21866	-1
OTU_97.2187	-1
OTU_97.21870	-1
OTU_97.21872	-1
OTU_97.21873	-1
OTU_97.21875	-1
OTU_97.21876	-1
OTU_97.21877	1
OTU_97.21880	-1
OTU_97.21881	-1
OTU_97.21883	-1
OTU_97.21885	1
OTU_97.21887	-1
OTU_97.21892	-1
OTU_97.21893	-1
OTU_97.21895	1
OTU_97.21897	-1
OTU_97.2190	1
OTU_97.21902	-1
OTU_97.21907	-1
OTU_97.21909	1
OTU_97.21911	1
OTU_97.21913	-1
OTU_97.21915	-1
OTU_97.21920	-1
OTU_97.21922	-1
OTU_97.21925	-1
OTU_97.21928	-1
OTU_97.21929	-1
OTU_97.2193	-1
OTU_97.21930	-1
OTU_97.21932	-1
OTU_97.21933	-1
OTU_97.21935	-1
OTU_97.21938	-1
OTU_97.21939	-1
OTU_97.2194	-1
OTU_97.21941	-1
OTU_97.21949	-1
OTU_97.2195	-1
OTU_97.21952	-1
OTU_97.21960	1
OTU_97.21963	-1
OTU_97.21967	1
OTU_97.21978	-1
OTU_97.21980	-1
OTU_97.21981	-1
OTU_97.21986	1
OTU_97.21988	-1
OTU_97.21994	-1
OTU_97.21995	-1
OTU_97.21997	-1
OTU_97.21999	-1
OTU_97.22	-1
OTU_97.220	-1
OTU_97.22000	-1
OTU_97.22005	-1
OTU_97.22007	-1
OTU_97.22008	1
OTU_97.22012	1
OTU_97.22013	-1
OTU_97.22016	1
OTU_97.22020	-1
OTU_97.22022	-1
OTU_97.22023	-1
OTU_97.22038	-1
OTU_97.22039	-1
OTU_97.22046	-1
OTU_97.2205	1
OTU_97.22052	-1
OTU_97.22054	-1
OTU_97.22057	-1
OTU_97.22062	-1
OTU_97.22064	-1
OTU_97.22076	-1
OTU_97.22077	-1
OTU_97.2208	1
OTU_97.22085	-1
OTU_97.22086	-1
OTU_97.2209	-1
OTU_97.22090	-1
OTU_97.22093	-1
OTU_97.22099	-1
OTU_97.221	-1
OTU_97.22100	-1
OTU_97.22101	-1
OTU_97.22105	-1
OTU_97.22111	-1
OTU_97.22114	1
OTU_97.22115	-1
OTU_97.22116	-1
OTU_97.22117	-1
OTU_97.22119	-1
OTU_97.2212	-1
OTU_97.22121	-1
OTU_97.22123	-1
OTU_97.22125	1
OTU_97.22128	-1
OTU_97.2213	-1
OTU_97.22130	-1
OTU_97.22135	-1
OTU_97.22136	-1
OTU_97.22140	-1
OTU_97.22144	-1
OTU_97.22149	1
OTU_97.22153	-1
OTU_97.22154	-1
OTU_97.2216	-1
OTU_97.22161	-1
OTU_97.22162	-1
OTU_97.22171	-1
OTU_97.22172	-1
OTU_97.22174	-1
OTU_97.22177	1
OTU_97.2218	-1
OTU_97.22180	-1
OTU_97.22183	1
OTU_97.22184	-1
OTU_97.22186	-1
OTU_97.22187	-1
OTU_97.22188	-1
OTU_97.22190	-1
OTU_97.22194	-1
OTU_97.22195	-1
OTU_97.22196	-1
OTU_97.22198	-1
OTU_97.22199	-1
OTU_97.222	-1
OTU_97.22200	-1
OTU_97.22201	-1
OTU_97.22204	-1
OTU_97.22207	1
OTU_97.2221	-1
OTU_97.22214	-1
OTU_97.22216	-1
OTU_97.22221	-1
OTU_97.22226	-1
OTU_97.22227	1
OTU_97.22229	-1
OTU_97.2223	-1
OTU_97.22232	-1
OTU_97.22238	-1
OTU_97.22239	-1
OTU_97.22242	-1
OTU_97.22250	-1
OTU_97.22256	-1
OTU_97.22257	-1
OTU_97.22265	-1
OTU_97.22273	-1
OTU_97.22274	-1
OTU_97.22277	-1
OTU_97.22278	-1
OTU_97.22279	-1
OTU_97.2228	-1
OTU_97.22280	-1
OTU_97.22283	-1
OTU_97.22289	-1
OTU_97.2229	-1
OTU_97.22290	-1
OTU_97.22297	1
OTU_97.22299	-1
OTU_97.22301	-1
OTU_97.22308	-1
OTU_97.22309	-1
OTU_97.2231	1
OTU_97.22312	-1
OTU_97.22318	-1
OTU_97.2232	-1
OTU_97.22320	-1
OTU_97.22324	-1
OTU_97.22325	-1
OTU_97.22327	-1
OTU_97.22331	-1
OTU_97.22335	-1
OTU_97.22337	-1
OTU_97.22340	-1
OTU_97.22341	-1
OTU_97.22344	-1
OTU_97.22345	-1
OTU_97.22346	-1
OTU_97.22358	1
OTU_97.22361	-1
OTU_97.22363	-1
OTU_97.22366	-1
OTU_97.22367	-1
OTU_97.22368	-1
OTU_97.2237	-1
OTU_97.22378	-1
OTU_97.22380	-1
OTU_97.22384	-1
OTU_97.22386	-1
OTU_97.22387	-1
OTU_97.22388	1
OTU_97.22389	-1
OTU_97.2239	1
OTU_97.22393	1
OTU_97.22395	1
OTU_97.2240	-1
OTU_97.22404	-1
OTU_97.22408	-1
OTU_97.22410	-1
OTU_97.22412	-1
OTU_97.22416	-1
OTU_97.22417	-1
OTU_97.2242	-1
OTU_97.22421	-1
OTU_97.22423	-1
OTU_97.22424	-1
OTU_97.22425	-1
OTU_97.22431	1
OTU_97.22438	-1
OTU_97.22439	-1
OTU_97.2244	-1
OTU_97.22441	1
OTU_97.22443	-1
OTU_97.22444	1
OTU_97.22448	-1
OTU_97.22449	1
OTU_97.22456	-1
OTU_97.22457	-1
OTU_97.22461	-1
OTU_97.22466	-1
OTU_97.22468	-1
OTU_97.2247	-1
OTU_97.22472	-1
OTU_97.22475	-1
OTU_97.22482	-1
OTU_97.22484	-1
OTU_97.22489	-1
OTU_97.2249	-1
OTU_97.22491	-1
OTU_97.22499	-1
OTU_97.225	-1
OTU_97.2250	-1
OTU_97.22501	1
OTU_97.22509	-1
OTU_97.2251	-1
OTU_97.22511	-1
OTU_97.22519	-1
OTU_97.2252	1
OTU_97.22525	-1
OTU_97.22526	-1
OTU_97.22528	-1
OTU_97.22530	-1
OTU_97.22532	-1
OTU_97.22536	-1
OTU_97.22539	-1
OTU_97.2254	-1
OTU_97.22541	-1
OTU_97.22544	-1
OTU_97.22546	-1
OTU_97.22548	-1
OTU_97.2255	1
OTU_97.22552	-1
OTU_97.22553	-1
OTU_97.22555	-1
OTU_97.22558	-1
OTU_97.22560	1
OTU_97.22561	-1
OTU_97.22563	-1
OTU_97.22570	-1
OTU_97.22571	-1
OTU_97.22572	1
OTU_97.22575	-1
OTU_97.22577	-1
OTU_97.22579	-1
OTU_97.22581	-1
OTU_97.22583	-1
OTU_97.22584	-1
OTU_97.22585	1
OTU_97.22586	-1
OTU_97.22587	-1
OTU_97.2259	-1
OTU_97.22590	-1
OTU_97.22593	-1
OTU_97.22597	-1
OTU_97.22608	-1
OTU_97.22619	-1
OTU_97.22622	-1
OTU_97.22625	-1
OTU_97.22626	-1
OTU_97.22628	-1
OTU_97.22629	-1
OTU_97.2263	-1
OTU_97.22636	-1
OTU_97.22645	-1
OTU_97.22651	-1
OTU_97.22652	-1
OTU_97.22659	-1
OTU_97.22660	-1
OTU_97.22662	-1
OTU_97.22664	-1
OTU_97.22670	-1
OTU_97.22673	-1
OTU_97.22674	-1
OTU_97.22675	-1
OTU_97.2269	-1
OTU_97.22691	-1
OTU_97.22697	-1
OTU_97.22699	-1
OTU_97.22702	1
OTU_97.22706	-1
OTU_97.22707	-1
OTU_97.2271	-1
OTU_97.22712	1
OTU_97.22716	-1
OTU_97.22721	1
OTU_97.22722	-1
OTU_97.22731	-1
OTU_97.22732	-1
OTU_97.22736	1
OTU_97.22738	-1
OTU_97.22740	-1
OTU_97.22741	-1
OTU_97.22744	-1
OTU_97.22746	-1
OTU_97.2275	-1
OTU_97.22753	-1
OTU_97.22758	-1
OTU_97.22766	-1
OTU_97.22767	-1
OTU_97.22768	-1
OTU_97.22769	-1
OTU_97.2277	-1
OTU_97.22770	-1
OTU_97.22773	-1
OTU_97.22774	-1
OTU_97.22777	-1
OTU_97.22779	-1
OTU_97.22784	-1
OTU_97.22786	-1
OTU_97.22791	-1
OTU_97.22794	-1
OTU_97.2280	-1
OTU_97.22800	-1
OTU_97.22802	-1
OTU_97.22804	1
OTU_97.22805	-1
OTU_97.22807	-1
OTU_97.22811	-1
OTU_97.22812	-1
OTU_97.22813	1
OTU_97.22815	-1
OTU_97.22819	1
OTU_97.22820	-1
OTU_97.22824	-1
OTU_97.22827	-1
OTU_97.22829	-1
OTU_97.22830	1
OTU_97.22834	-1
OTU_97.22844	-1
OTU_97.22848	1
OTU_97.22850	-1
OTU_97.22852	-1
OTU_97.22855	-1
OTU_97.22861	1
OTU_97.22864	-1
OTU_97.22866	-1
OTU_97.22868	-1
OTU_97.22870	1
OTU_97.22871	-1
OTU_97.22877	-1
OTU_97.22882	1
OTU_97.22886	-1
OTU_97.22888	-1
OTU_97.2289	-1
OTU_97.22890	-1
OTU_97.22891	-1
OTU_97.22892	-1
OTU_97.22893	-1
OTU_97.22894	-1
OTU_97.22897	-1
OTU_97.22898	-1
OTU_97.229	-1
OTU_97.22901	-1
OTU_97.22905	1
OTU_97.22915	-1
OTU_97.2292	-1
OTU_97.22926	-1
OTU_97.22927	1
OTU_97.22929	-1
OTU_97.2293	-1
OTU_97.22932	-1
OTU_97.22936	-1
OTU_97.22937	-1
OTU_97.22939	-1
OTU_97.22942	-1
OTU_97.22953	-1
OTU_97.22956	-1
OTU_97.22957	-1
OTU_97.22959	-1
OTU_97.2296	1
OTU_97.22968	-1
OTU_97.22972	1
OTU_97.22979	-1
OTU_97.22980	-1
OTU_97.2299	-1
OTU_97.22990	-1
OTU_97.22992	-1
OTU_97.23	-1
OTU_97.23000	-1
OTU_97.23001	-1
OTU_97.23002	-1
OTU_97.23003	-1
OTU_97.23004	-1
OTU_97.23005	-1
OTU_97.23006	-1
OTU_97.23007	1
OTU_97.23009	-1
OTU_97.23011	-1
OTU_97.23017	-1
OTU_97.23018	-1
OTU_97.23020	-1
OTU_97.23023	1
OTU_97.23024	-1
OTU_97.23025	-1
OTU_97.23030	-1
OTU_97.23031	1
OTU_97.23032	-1
OTU_97.23033	-1
OTU_97.23034	-1
OTU_97.23040	-1
OTU_97.23042	-1
OTU_97.23045	-1
OTU_97.23047	-1
OTU_97.23053	-1
OTU_97.23054	-1
OTU_97.23057	-1
OTU_97.23063	-1
OTU_97.23065	-1
OTU_97.23068	-1
OTU_97.2307	-1
OTU_97.23070	-1
OTU_97.23073	1
OTU_97.23076	-1
OTU_97.23077	-1
OTU_97.23083	-1
OTU_97.23084	-1
OTU_97.2309	-1
OTU_97.23098	1
OTU_97.231	-1
OTU_97.23100	-1
OTU_97.23101	1
OTU_97.23106	-1
OTU_97.23108	1
OTU_97.23110	-1
OTU_97.23113	-1
OTU_97.23114	-1
OTU_97.23117	1
OTU_97.23119	-1
OTU_97.23120	-1
OTU_97.23125	-1
OTU_97.2313	-1
OTU_97.23131	-1
OTU_97.23135	-1
OTU_97.23154	-1
OTU_97.23156	-1
OTU_97.23158	-1
OTU_97.23160	-1
OTU_97.23161	-1
OTU_97.23166	-1
OTU_97.23168	-1
OTU_97.23171	-1
OTU_97.23175	-1
OTU_97.2318	-1
OTU_97.23185	-1
OTU_97.23189	-1
OTU_97.23197	1
OTU_97.23202	-1
OTU_97.23203	-1
OTU_97.23204	-1
OTU_97.23206	-1
OTU_97.23212	-1
OTU_97.23213	1
OTU_97.23215	-1
OTU_97.23217	-1
OTU_97.23218	-1
OTU_97.2322	-1
OTU_97.23220	-1
OTU_97.23221	-1
OTU_97.23223	-1
OTU_97.23229	-1
OTU_97.23237	-1
OTU_97.23238	-1
OTU_97.23239	1
OTU_97.23242	1
OTU_97.23245	-1
OTU_97.23251	-1
OTU_97.23256	-1
OTU_97.23260	-1
OTU_97.23261	-1
OTU_97.23263	-1
OTU_97.23265	-1
OTU_97.23268	1
OTU_97.23270	1
OTU_97.23272	-1
OTU_97.23276	-1
OTU_97.23278	-1
OTU_97.23283	-1
OTU_97.2329	-1
OTU_97.23290	-1
OTU_97.23294	-1
OTU_97.23298	1
OTU_97.23302	-1
OTU_97.23305	-1
OTU_97.23306	-1
OTU_97.23309	-1
OTU_97.23310	1
OTU_97.23312	1
OTU_97.23314	1
OTU_97.23316	-1
OTU_97.23317	-1
OTU_97.23318	-1
OTU_97.23334	-1
OTU_97.23336	-1
OTU_97.23340	-1
OTU_97.23348	-1
OTU_97.23349	-1
OTU_97.2335	1
OTU_97.23353	1
OTU_97.23357	-1
OTU_97.23359	-1
OTU_97.2336	1
OTU_97.23360	-1
OTU_97.23361	-1
OTU_97.23363	-1
OTU_97.23365	-1
OTU_97.23366	-1
OTU_97.23369	1
OTU_97.23378	-1
OTU_97.23385	-1
OTU_97.23386	-1
OTU_97.23387	1
OTU_97.23388	-1
OTU_97.23392	-1
OTU_97.23394	-1
OTU_97.23395	-1
OTU_97.23399	1
OTU_97.23400	-1
OTU_97.23401	1
OTU_97.23405	-1
OTU_97.23413	-1
OTU_97.23414	-1
OTU_97.23419	-1
OTU_97.23421	-1
OTU_97.23423	-1
OTU_97.23429	-1
OTU_97.2343	-1
OTU_97.23435	-1
OTU_97.23436	-1
OTU_97.23438	-1
OTU_97.23442	1
OTU_97.23445	1
OTU_97.23447	-1
OTU_97.23452	-1
OTU_97.23455	-1
OTU_97.23462	-1
OTU_97.23469	1
OTU_97.23477	-1
OTU_97.23478	-1
OTU_97.23480	1
OTU_97.23483	-1
OTU_97.23487	1
OTU_97.2349	-1
OTU_97.23492	-1
OTU_97.23494	-1
OTU_97.23495	-1
OTU_97.23497	-1
OTU_97.23498	-1
OTU_97.23500	-1
OTU_97.23501	1
OTU_97.23503	-1
OTU_97.23504	-1
OTU_97.23507	-1
OTU_97.23519	-1
OTU_97.23520	-1
OTU_97.23523	-1
OTU_97.23524	1
OTU_97.23526	-1
OTU_97.2353	-1
OTU_97.23531	-1
OTU_97.23532	-1
OTU_97.23535	-1
OTU_97.23538	-1
OTU_97.2354	-1
OTU_97.23541	-1
OTU_97.23542	1
OTU_97.23543	-1
OTU_97.23549	-1
OTU_97.23550	-1
OTU_97.23553	-1
OTU_97.23556	-1
OTU_97.23559	-1
OTU_97.23561	-1
OTU_97.23562	-1
OTU_97.23563	-1
OTU_97.23564	-1
OTU_97.23565	-1
OTU_97.2357	1
OTU_97.23576	-1
OTU_97.23577	-1
OTU_97.23578	-1
OTU_97.23583	-1
OTU_97.23585	-1
OTU_97.23586	-1
OTU_97.23590	1
OTU_97.23596	-1
OTU_97.236	-1
OTU_97.23600	-1
OTU_97.23602	-1
OTU_97.23603	-1
OTU_97.23606	-1
OTU_97.23607	-1
OTU_97.23611	-1
OTU_97.23613	-1
OTU_97.23615	-1
OTU_97.23619	1
OTU_97.2362	-1
OTU_97.23626	-1
OTU_97.23627	-1
OTU_97.23630	-1
OTU_97.23639	-1
OTU_97.23648	-1
OTU_97.23650	-1
OTU_97.23651	-1
OTU_97.23652	-1
OTU_97.23655	-1
OTU_97.23659	-1
OTU_97.23661	-1
OTU_97.23667	-1
OTU_97.23668	1
OTU_97.2367	1
OTU_97.23670	-1
OTU_97.23678	-1
OTU_97.23679	-1
OTU_97.23680	-1
OTU_97.23683	-1
OTU_97.2369	-1
OTU_97.23690	-1
OTU_97.23693	-1
OTU_97.23694	-1
OTU_97.23696	-1
OTU_97.23697	1
OTU_97.237	-1
OTU_97.2370	-1
OTU_97.23703	-1
OTU_97.23709	-1
OTU_97.2371	-1
OTU_97.23710	-1
OTU_97.23711	-1
OTU_97.23713	-1
OTU_97.23716	-1
OTU_97.23717	-1
OTU_97.23718	-1
OTU_97.23721	-1
OTU_97.23727	-1
OTU_97.23729	-1
OTU_97.23742	-1
OTU_97.23747	1
OTU_97.23748	-1
OTU_97.23749	-1
OTU_97.2375	1
OTU_97.23751	-1
OTU_97.23753	1
OTU_97.23758	-1
OTU_97.23763	-1
OTU_97.23765	-1
OTU_97.23769	-1
OTU_97.2377	1
OTU_97.23773	-1
OTU_97.2378	-1
OTU_97.23780	-1
OTU_97.23781	-1
OTU_97.23783	-1
OTU_97.23789	1
OTU_97.2379	-1
OTU_97.23791	-1
OTU_97.23793	-1
OTU_97.23796	-1
OTU_97.2380	-1
OTU_97.23800	-1
OTU_97.23807	-1
OTU_97.23808	-1
OTU_97.23810	-1
OTU_97.23813	-1
OTU_97.23814	-1
OTU_97.23819	-1
OTU_97.23823	-1
OTU_97.23824	-1
OTU_97.23826	-1
OTU_97.23830	-1
OTU_97.23831	-1
OTU_97.23836	-1
OTU_97.23840	-1
OTU_97.23841	-1
OTU_97.23847	-1
OTU_97.23848	-1
OTU_97.23849	-1
OTU_97.23850	-1
OTU_97.23856	-1
OTU_97.23871	-1
OTU_97.23874	-1
OTU_97.23877	-1
OTU_97.23879	-1
OTU_97.23881	-1
OTU_97.23886	-1
OTU_97.23887	-1
OTU_97.23888	-1
OTU_97.2389	-1
OTU_97.23892	-1
OTU_97.23898	-1
OTU_97.23899	-1
OTU_97.23906	-1
OTU_97.23912	1
OTU_97.23914	-1
OTU_97.2392	-1
OTU_97.23920	-1
OTU_97.23923	-1
OTU_97.23929	-1
OTU_97.2393	-1
OTU_97.23936	-1
OTU_97.2394	-1
OTU_97.23940	1
OTU_97.23943	-1
OTU_97.23947	-1
OTU_97.23952	-1
OTU_97.23953	-1
OTU_97.23955	-1
OTU_97.23956	-1
OTU_97.23957	-1
OTU_97.2396	-1
OTU_97.23961	-1
OTU_97.23964	-1
OTU_97.23968	-1
OTU_97.2397	-1
OTU_97.23971	-1
OTU_97.2398	-1
OTU_97.23983	1
OTU_97.23987	-1
OTU_97.23993	-1
OTU_97.24	1
OTU_97.24002	-1
OTU_97.24003	-1
OTU_97.24004	-1
OTU_97.24009	1
OTU_97.24017	1
OTU_97.24020	-1
OTU_97.24022	1
OTU_97.24025	-1
OTU_97.2403	-1
OTU_97.24030	1
OTU_97.24031	1
OTU_97.24036	-1
OTU_97.24040	-1
OTU_97.24043	-1
OTU_97.24047	-1
OTU_97.24049	-1
OTU_97.24051	-1
OTU_97.24054	1
OTU_97.24055	-1
OTU_97.24069	-1
OTU_97.2407	1
OTU_97.24074	-1
OTU_97.24076	1
OTU_97.24077	-1
OTU_97.24083	1
OTU_97.24092	-1
OTU_97.241	-1
OTU_97.24105	-1
OTU_97.24111	-1
OTU_97.24113	-1
OTU_97.24116	-1
OTU_97.24119	-1
OTU_97.24122	-1
OTU_97.24124	-1
OTU_97.24125	1
OTU_97.24126	-1
OTU_97.24127	-1
OTU_97.24129	-1
OTU_97.24130	-1
OTU_97.24131	-1
OTU_97.24133	1
OTU_97.24141	-1
OTU_97.24149	-1
OTU_97.24150	-1
OTU_97.24152	-1
OTU_97.24157	-1
OTU_97.24162	-1
OTU_97.24169	-1
OTU_97.2417	-1
OTU_97.24188	-1
OTU_97.2419	-1
OTU_97.24192	-1
OTU_97.24196	1
OTU_97.24200	-1
OTU_97.24203	-1
OTU_97.24206	-1
OTU_97.24207	-1
OTU_97.24210	-1
OTU_97.24213	-1
OTU_97.24217	-1
OTU_97.24218	-1
OTU_97.24219	-1
OTU_97.2422	-1
OTU_97.24220	-1
OTU_97.24226	-1
OTU_97.24227	-1
OTU_97.24228	1
OTU_97.2423	-1
OTU_97.24235	-1
OTU_97.24239	-1
OTU_97.2424	1
OTU_97.24245	-1
OTU_97.24247	-1
OTU_97.24251	-1
OTU_97.24252	-1
OTU_97.24255	-1
OTU_97.24257	-1
OTU_97.24258	-1
OTU_97.24259	1
OTU_97.24266	-1
OTU_97.2427	-1
OTU_97.24274	-1
OTU_97.24275	-1
OTU_97.24278	-1
OTU_97.2428	-1
OTU_97.24281	-1
OTU_97.24284	-1
OTU_97.24285	1
OTU_97.24291	-1
OTU_97.24295	-1
OTU_97.24297	-1
OTU_97.24298	-1
OTU_97.24299	-1
OTU_97.24303	-1
OTU_97.24304	1
OTU_97.24305	1
OTU_97.2431	-1
OTU_97.24310	-1
OTU_97.24312	-1
OTU_97.24314	-1
OTU_97.24315	-1
OTU_97.24317	-1
OTU_97.24322	-1
OTU_97.24323	-1
OTU_97.24326	-1
OTU_97.24329	-1
OTU_97.24331	1
OTU_97.24332	-1
OTU_97.24339	-1
OTU_97.2434	1
OTU_97.24345	-1
OTU_97.24347	-1
OTU_97.24349	-1
OTU_97.2435	-1
OTU_97.24350	-1
OTU_97.24351	-1
OTU_97.24356	-1
OTU_97.24358	-1
OTU_97.2436	-1
OTU_97.24360	-1
OTU_97.24362	-1
OTU_97.24365	-1
OTU_97.24367	-1
OTU_97.2437	-1
OTU_97.24371	-1
OTU_97.24373	-1
OTU_97.24375	-1
OTU_97.24377	-1
OTU_97.24378	-1
OTU_97.24380	-1
OTU_97.24381	-1
OTU_97.24383	-1
OTU_97.24386	-1
OTU_97.24387	-1
OTU_97.24389	-1
OTU_97.24392	-1
OTU_97.24396	-1
OTU_97.24398	-1
OTU_97.24399	1
OTU_97.24403	1
OTU_97.24404	-1
OTU_97.24406	-1
OTU_97.24407	-1
OTU_97.2441	1
OTU_97.24413	-1
OTU_97.24414	1
OTU_97.24417	-1
OTU_97.24421	-1
OTU_97.24423	-1
OTU_97.24426	-1
OTU_97.24427	-1
OTU_97.24428	-1
OTU_97.24432	-1
OTU_97.24437	-1
OTU_97.24438	1
OTU_97.24442	-1
OTU_97.24443	-1
OTU_97.24445	-1
OTU_97.24447	1
OTU_97.24449	-1
OTU_97.24458	-1
OTU_97.24459	-1
OTU_97.24463	1
OTU_97.24464	-1
OTU_97.24469	-1
OTU_97.24470	-1
OTU_97.24472	-1
OTU_97.24477	-1
OTU_97.24484	-1
OTU_97.2449	-1
OTU_97.24490	-1
OTU_97.24491	1
OTU_97.24492	1
OTU_97.24496	-1
OTU_97.24497	-1
OTU_97.24498	-1
OTU_97.245	-1
OTU_97.24500	-1
OTU_97.24504	-1
OTU_97.24506	-1
OTU_97.24507	1
OTU_97.24508	-1
OTU_97.2451	-1
OTU_97.24510	1
OTU_97.24515	-1
OTU_97.24517	-1
OTU_97.24520	1
OTU_97.24523	-1
OTU_97.24526	-1
OTU_97.24535	-1
OTU_97.24536	-1
OTU_97.24537	-1
OTU_97.24539	-1
OTU_97.2454	-1
OTU_97.24540	-1
OTU_97.24542	-1
OTU_97.24547	-1
OTU_97.24548	-1
OTU_97.24556	-1
OTU_97.2456	-1
OTU_97.24561	-1
OTU_97.24566	-1
OTU_97.2457	-1
OTU_97.24570	-1
OTU_97.24575	-1
OTU_97.24576	-1
OTU_97.24578	-1
OTU_97.24584	-1
OTU_97.24587	1
OTU_97.24590	-1
OTU_97.24591	1
OTU_97.24594	-1
OTU_97.24599	-1
OTU_97.2460	-1
OTU_97.24600	-1
OTU_97.24607	-1
OTU_97.24615	-1
OTU_97.24618	-1
OTU_97.24620	-1
OTU_97.24622	-1
OTU_97.24626	-1
OTU_97.24629	-1
OTU_97.2463	-1
OTU_97.24632	-1
OTU_97.24637	1
OTU_97.24638	-1
OTU_97.24640	-1
OTU_97.24645	-1
OTU_97.24649	-1
OTU_97.24651	-1
OTU_97.24652	-1
OTU_97.24654	-1
OTU_97.24658	-1
OTU_97.24659	1
OTU_97.24660	-1
OTU_97.24661	-1
OTU_97.24667	1
OTU_97.24668	-1
OTU_97.24681	-1
OTU_97.24691	-1
OTU_97.24694	-1
OTU_97.24695	-1
OTU_97.247	1
OTU_97.24708	-1
OTU_97.24712	-1
OTU_97.24713	-1
OTU_97.24716	-1
OTU_97.24717	1
OTU_97.24719	-1
OTU_97.24723	-1
OTU_97.24724	-1
OTU_97.24728	-1
OTU_97.24729	-1
OTU_97.2473	-1
OTU_97.24730	-1
OTU_97.24731	-1
OTU_97.24732	-1
OTU_97.24734	-1
OTU_97.24735	1
OTU_97.24736	1
OTU_97.24739	-1
OTU_97.24741	1
OTU_97.24742	-1
OTU_97.24744	-1
OTU_97.24747	-1
OTU_97.24748	1
OTU_97.24753	-1
OTU_97.24761	-1
OTU_97.24762	-1
OTU_97.2477	-1
OTU_97.24770	-1
OTU_97.24777	-1
OTU_97.2478	-1
OTU_97.24780	-1
OTU_97.24782	-1
OTU_97.24785	-1
OTU_97.24789	-1
OTU_97.2479	-1
OTU_97.24792	-1
OTU_97.24796	-1
OTU_97.24799	-1
OTU_97.2480	-1
OTU_97.24802	-1
OTU_97.24803	-1
OTU_97.24806	-1
OTU_97.24807	1
OTU_97.24808	-1
OTU_97.2481	-1
OTU_97.24811	-1
OTU_97.24812	-1
OTU_97.24813	-1
OTU_97.24815	-1
OTU_97.24816	1
OTU_97.24818	-1
OTU_97.24820	-1
OTU_97.24827	-1
OTU_97.24828	-1
OTU_97.24832	1
OTU_97.24836	-1
OTU_97.24840	-1
OTU_97.24848	1
OTU_97.24850	-1
OTU_97.24853	-1
OTU_97.24856	1
OTU_97.24859	-1
OTU_97.24860	-1
OTU_97.24863	-1
OTU_97.24864	1
OTU_97.24870	-1
OTU_97.24871	-1
OTU_97.24872	-1
OTU_97.24880	-1
OTU_97.24887	1
OTU_97.24889	-1
OTU_97.24890	-1
OTU_97.24892	-1
OTU_97.24893	-1
OTU_97.24895	-1
OTU_97.24898	-1
OTU_97.24899	1
OTU_97.249	-1
OTU_97.2490	-1
OTU_97.24901	-1
OTU_97.24907	-1
OTU_97.24911	-1
OTU_97.24918	-1
OTU_97.24921	-1
OTU_97.24922	-1
OTU_97.24923	1
OTU_97.24925	-1
OTU_97.24926	-1
OTU_97.24929	-1
OTU_97.2493	-1
OTU_97.24930	-1
OTU_97.24939	-1
OTU_97.2494	-1
OTU_97.24943	-1
OTU_97.24945	1
OTU_97.2495	-1
OTU_97.24954	1
OTU_97.24955	-1
OTU_97.24957	-1
OTU_97.24961	-1
OTU_97.24963	-1
OTU_97.24970	-1
OTU_97.24972	-1
OTU_97.24973	-1
OTU_97.24975	-1
OTU_97.2498	-1
OTU_97.24980	1
OTU_97.24983	-1
OTU_97.24986	-1
OTU_97.24989	1
OTU_97.24990	-1
OTU_97.24993	-1
OTU_97.24997	-1
OTU_97.24998	-1
OTU_97.25	-1
OTU_97.250	-1
OTU_97.2500	-1
OTU_97.25005	-1
OTU_97.25010	-1
OTU_97.25019	-1
OTU_97.25021	-1
OTU_97.25022	-1
OTU_97.25028	-1
OTU_97.25029	-1
OTU_97.25036	-1
OTU_97.25037	-1
OTU_97.25038	1
OTU_97.25040	-1
OTU_97.25041	-1
OTU_97.25042	-1
OTU_97.25043	-1
OTU_97.25045	-1
OTU_97.25047	-1
OTU_97.25048	-1
OTU_97.25049	1
OTU_97.2505	-1
OTU_97.25052	-1
OTU_97.25057	-1
OTU_97.25062	-1
OTU_97.25065	-1
OTU_97.25067	-1
OTU_97.25069	-1
OTU_97.25077	-1
OTU_97.25080	-1
OTU_97.25085	-1
OTU_97.25089	-1
OTU_97.25090	-1
OTU_97.25098	-1
OTU_97.25100	-1
OTU_97.25101	1
OTU_97.25102	-1
OTU_97.25105	-1
OTU_97.25107	-1
OTU_97.25108	-1
OTU_97.2511	-1
OTU_97.25110	-1
OTU_97.25117	-1
OTU_97.25118	-1
OTU_97.25119	-1
OTU_97.2512	-1
OTU_97.25120	-1
OTU_97.25122	1
OTU_97.25123	-1
OTU_97.25127	-1
OTU_97.25135	-1
OTU_97.25139	-1
OTU_97.2514	-1
OTU_97.25141	-1
OTU_97.25144	-1
OTU_97.2515	1
OTU_97.25150	1
OTU_97.25156	-1
OTU_97.25157	1
OTU_97.25158	-1
OTU_97.2516	-1
OTU_97.25163	-1
OTU_97.25164	-1
OTU_97.25168	-1
OTU_97.25169	1
OTU_97.2517	-1
OTU_97.25171	-1
OTU_97.25174	-1
OTU_97.25176	-1
OTU_97.25180	-1
OTU_97.25183	-1
OTU_97.25185	-1
OTU_97.25186	-1
OTU_97.25194	-1
OTU_97.25196	-1
OTU_97.25199	-1
OTU_97.25201	-1
OTU_97.25203	1
OTU_97.25205	-1
OTU_97.25208	-1
OTU_97.25212	-1
OTU_97.25214	-1
OTU_97.25217	-1
OTU_97.25220	-1
OTU_97.25221	-1
OTU_97.25222	-1
OTU_97.25224	1
OTU_97.25225	-1
OTU_97.25229	-1
OTU_97.25230	-1
OTU_97.25231	-1
OTU_97.25232	-1
OTU_97.25243	-1
OTU_97.25246	-1
OTU_97.25248	-1
OTU_97.25254	-1
OTU_97.25255	-1
OTU_97.25259	-1
OTU_97.25261	-1
OTU_97.25262	-1
OTU_97.25264	-1
OTU_97.25266	-1
OTU_97.25268	-1
OTU_97.25272	-1
OTU_97.25275	-1
OTU_97.25276	-1
OTU_97.25277	-1
OTU_97.25278	-1
OTU_97.25280	-1
OTU_97.25281	-1
OTU_97.25283	-1
OTU_97.25292	-1
OTU_97.25294	-1
OTU_97.25296	1
OTU_97.25299	-1
OTU_97.2530	-1
OTU_97.25301	-1
OTU_97.25305	-1
OTU_97.25309	-1
OTU_97.2531	-1
OTU_97.25313	-1
OTU_97.25316	-1
OTU_97.25324	1
OTU_97.25325	-1
OTU_97.25327	-1
OTU_97.2533	-1
OTU_97.25332	-1
OTU_97.25337	-1
OTU_97.25338	-1
OTU_97.2534	-1
OTU_97.25344	1
OTU_97.25349	-1
OTU_97.25352	-1
OTU_97.25357	-1
OTU_97.2536	-1
OTU_97.25361	-1
OTU_97.25363	-1
OTU_97.25365	1
OTU_97.25366	-1
OTU_97.25369	-1
OTU_97.2537	1
OTU_97.25376	1
OTU_97.25377	-1
OTU_97.2538	-1
OTU_97.25382	-1
OTU_97.25387	-1
OTU_97.2539	-1
OTU_97.25392	-1
OTU_97.25393	1
OTU_97.25397	1
OTU_97.25400	-1
OTU_97.25407	1
OTU_97.25408	-1
OTU_97.25409	-1
OTU_97.25413	1
OTU_97.25416	-1
OTU_97.25417	-1
OTU_97.25421	1
OTU_97.25422	-1
OTU_97.25424	1
OTU_97.25428	-1
OTU_97.25432	-1
OTU_97.25439	1
OTU_97.25440	-1
OTU_97.25442	-1
OTU_97.25443	-1
OTU_97.25450	-1
OTU_97.25453	-1
OTU_97.25454	-1
OTU_97.25457	-1
OTU_97.25458	-1
OTU_97.25460	-1
OTU_97.25465	-1
OTU_97.2547	1
OTU_97.25472	-1
OTU_97.25473	-1
OTU_97.25476	-1
OTU_97.2548	-1
OTU_97.25480	1
OTU_97.25483	-1
OTU_97.25486	-1
OTU_97.25488	-1
OTU_97.25497	1
OTU_97.255	-1
OTU_97.25501	-1
OTU_97.25502	1
OTU_97.25506	1
OTU_97.25509	-1
OTU_97.25513	-1
OTU_97.25515	-1
OTU_97.25524	-1
OTU_97.25526	1
OTU_97.25527	1
OTU_97.25528	-1
OTU_97.25539	-1
OTU_97.25540	-1
OTU_97.25542	-1
OTU_97.25545	1
OTU_97.25547	1
OTU_97.25548	-1
OTU_97.25553	-1
OTU_97.25554	-1
OTU_97.25555	-1
OTU_97.25556	-1
OTU_97.25559	-1
OTU_97.25562	-1
OTU_97.25563	-1
OTU_97.25564	-1
OTU_97.25571	1
OTU_97.25574	-1
OTU_97.25578	-1
OTU_97.25580	-1
OTU_97.25581	-1
OTU_97.25582	-1
OTU_97.25583	-1
OTU_97.25585	-1
OTU_97.25589	1
OTU_97.25590	-1
OTU_97.25592	-1
OTU_97.25594	-1
OTU_97.25598	-1
OTU_97.25599	-1
OTU_97.25601	-1
OTU_97.25604	1
OTU_97.25606	-1
OTU_97.2561	-1
OTU_97.25610	-1
OTU_97.25611	-1
OTU_97.25612	-1
OTU_97.25614	-1
OTU_97.25618	-1
OTU_97.25619	-1
OTU_97.25620	-1
OTU_97.25623	-1
OTU_97.25629	-1
OTU_97.2563	-1
OTU_97.25631	-1
OTU_97.25633	-1
OTU_97.25636	-1
OTU_97.2564	-1
OTU_97.25640	-1
OTU_97.25642	-1
OTU_97.25643	-1
OTU_97.25647	1
OTU_97.25649	1
OTU_97.25650	-1
OTU_97.25651	-1
OTU_97.25654	1
OTU_97.25657	-1
OTU_97.25658	-1
OTU_97.25663	-1
OTU_97.25664	-1
OTU_97.25672	-1
OTU_97.25673	-1
OTU_97.25678	-1
OTU_97.2568	1
OTU_97.25683	-1
OTU_97.25684	-1
OTU_97.25686	1
OTU_97.25690	-1
OTU_97.25691	-1
OTU_97.25698	-1
OTU_97.25699	-1
OTU_97.25703	-1
OTU_97.25707	-1
OTU_97.25709	1
OTU_97.25710	-1
OTU_97.25712	1
OTU_97.25722	-1
OTU_97.25724	-1
OTU_97.25728	-1
OTU_97.25730	-1
OTU_97.25735	-1
OTU_97.25744	-1
OTU_97.2575	-1
OTU_97.25753	-1
OTU_97.25754	-1
OTU_97.25760	-1
OTU_97.25761	-1
OTU_97.25763	-1
OTU_97.25765	-1
OTU_97.2577	-1
OTU_97.25771	-1
OTU_97.25772	1
OTU_97.25775	-1
OTU_97.25783	-1
OTU_97.25786	-1
OTU_97.25791	-1
OTU_97.25796	-1
OTU_97.25797	-1
OTU_97.25802	-1
OTU_97.25809	-1
OTU_97.25811	-1
OTU_97.25814	-1
OTU_97.25816	-1
OTU_97.25817	-1
OTU_97.25818	-1
OTU_97.25824	-1
OTU_97.25827	-1
OTU_97.25831	-1
OTU_97.25833	-1
OTU_97.25834	-1
OTU_97.25835	-1
OTU_97.25839	-1
OTU_97.2584	1
OTU_97.25841	-1
OTU_97.25846	-1
OTU_97.25847	-1
OTU_97.25849	-1
OTU_97.2585	-1
OTU_97.25855	-1
OTU_97.25861	-1
OTU_97.25862	-1
OTU_97.25863	-1
OTU_97.25865	-1
OTU_97.25869	-1
OTU_97.25873	-1
OTU_97.25877	1
OTU_97.2588	-1
OTU_97.25884	-1
OTU_97.25885	-1
OTU_97.25888	-1
OTU_97.2589	1
OTU_97.25891	-1
OTU_97.25897	-1
OTU_97.25898	-1
OTU_97.2590	1
OTU_97.25901	-1
OTU_97.25903	-1
OTU_97.25904	1
OTU_97.25907	-1
OTU_97.2591	-1
OTU_97.25912	-1
OTU_97.25913	-1
OTU_97.25914	-1
OTU_97.25915	-1
OTU_97.25919	1
OTU_97.25922	-1
OTU_97.25924	-1
OTU_97.25925	-1
OTU_97.25929	-1
OTU_97.2593	-1
OTU_97.25930	-1
OTU_97.25936	-1
OTU_97.2594	-1
OTU_97.25945	-1
OTU_97.25951	-1
OTU_97.25952	-1
OTU_97.25955	1
OTU_97.25956	-1
OTU_97.25959	1
OTU_97.25961	1
OTU_97.25963	-1
OTU_97.25964	-1
OTU_97.25965	-1
OTU_97.25967	-1
OTU_97.25969	-1
OTU_97.25973	-1
OTU_97.25974	-1
OTU_97.25978	-1
OTU_97.25979	1
OTU_97.25981	-1
OTU_97.25982	-1
OTU_97.25986	-1
OTU_97.2599	-1
OTU_97.25993	-1
OTU_97.25994	-1
OTU_97.25996	-1
OTU_97.26	-1
OTU_97.260	-1
OTU_97.2600	-1
OTU_97.26002	-1
OTU_97.26004	-1
OTU_97.26011	-1
OTU_97.26013	1
OTU_97.26016	-1
OTU_97.2602	-1
OTU_97.26020	-1
OTU_97.26021	-1
OTU_97.26022	-1
OTU_97.26030	-1
OTU_97.26034	-1
OTU_97.26039	-1
OTU_97.26040	1
OTU_97.26042	-1
OTU_97.26043	-1
OTU_97.26045	-1
OTU_97.26046	-1
OTU_97.26052	-1
OTU_97.26054	-1
OTU_97.26056	-1
OTU_97.26058	-1
OTU_97.26065	-1
OTU_97.26067	-1
OTU_97.26089	-1
OTU_97.26091	-1
OTU_97.26092	1
OTU_97.26094	-1
OTU_97.26095	-1
OTU_97.26096	1
OTU_97.26098	-1
OTU_97.261	-1
OTU_97.26102	-1
OTU_97.26103	-1
OTU_97.26104	1
OTU_97.26106	-1
OTU_97.26108	-1
OTU_97.26109	-1
OTU_97.26110	-1
OTU_97.26111	-1
OTU_97.26112	-1
OTU_97.26114	-1
OTU_97.26116	-1
OTU_97.26118	-1
OTU_97.26121	-1
OTU_97.26130	-1
OTU_97.26135	-1
OTU_97.26138	-1
OTU_97.2614	-1
OTU_97.26142	1
OTU_97.26143	-1
OTU_97.26144	-1
OTU_97.26146	-1
OTU_97.26150	-1
OTU_97.26152	-1
OTU_97.26154	-1
OTU_97.26155	-1
OTU_97.26158	-1
OTU_97.26160	-1
OTU_97.26161	-1
OTU_97.26164	-1
OTU_97.26166	-1
OTU_97.26167	-1
OTU_97.26168	-1
OTU_97.26170	-1
OTU_97.26171	-1
OTU_97.26173	-1
OTU_97.26177	-1
OTU_97.26178	-1
OTU_97.26180	-1
OTU_97.26181	-1
OTU_97.26182	-1
OTU_97.26183	-1
OTU_97.26185	-1
OTU_97.26186	-1
OTU_97.2619	-1
OTU_97.26190	-1
OTU_97.26195	-1
OTU_97.26196	-1
OTU_97.26198	-1
OTU_97.26199	-1
OTU_97.26203	-1
OTU_97.26205	-1
OTU_97.26206	1
OTU_97.26207	-1
OTU_97.26208	-1
OTU_97.26209	1
OTU_97.26216	1
OTU_97.26220	-1
OTU_97.26222	-1
OTU_97.26223	-1
OTU_97.26226	-1
OTU_97.26227	-1
OTU_97.26233	1
OTU_97.26235	-1
OTU_97.26236	-1
OTU_97.26240	-1
OTU_97.26241	-1
OTU_97.26242	-1
OTU_97.26244	-1
OTU_97.26248	-1
OTU_97.2625	-1
OTU_97.26253	-1
OTU_97.26257	-1
OTU_97.26258	-1
OTU_97.26259	-1
OTU_97.26261	-1
OTU_97.26266	1
OTU_97.26269	1
OTU_97.26272	-1
OTU_97.26274	-1
OTU_97.26276	1
OTU_97.26277	1
OTU_97.26279	-1
OTU_97.26281	-1
OTU_97.26283	1
OTU_97.26291	-1
OTU_97.26292	-1
OTU_97.26293	-1
OTU_97.26294	-1
OTU_97.26296	-1
OTU_97.263	-1
OTU_97.2630	-1
OTU_97.26300	-1
OTU_97.26306	-1
OTU_97.2631	-1
OTU_97.26310	-1
OTU_97.26311	-1
OTU_97.26312	-1
OTU_97.26315	-1
OTU_97.26317	-1
OTU_97.26320	-1
OTU_97.26326	-1
OTU_97.26328	-1
OTU_97.2633	1
OTU_97.26330	-1
OTU_97.26332	-1
OTU_97.26333	-1
OTU_97.2634	1
OTU_97.26341	-1
OTU_97.26349	-1
OTU_97.26363	-1
OTU_97.26365	-1
OTU_97.26369	-1
OTU_97.26370	1
OTU_97.26371	-1
OTU_97.26373	-1
OTU_97.26385	-1
OTU_97.26386	-1
OTU_97.2639	-1
OTU_97.26394	-1
OTU_97.26398	-1
OTU_97.264	-1
OTU_97.2640	-1
OTU_97.26402	1
OTU_97.26405	-1
OTU_97.26412	-1
OTU_97.26414	-1
OTU_97.26417	-1
OTU_97.26426	-1
OTU_97.26429	-1
OTU_97.26430	-1
OTU_97.26436	-1
OTU_97.2644	-1
OTU_97.26441	-1
OTU_97.26442	-1
OTU_97.26444	-1
OTU_97.26446	-1
OTU_97.2645	-1
OTU_97.26458	-1
OTU_97.26459	-1
OTU_97.26462	1
OTU_97.26466	-1
OTU_97.26468	-1
OTU_97.26470	-1
OTU_97.26473	-1
OTU_97.26474	-1
OTU_97.26475	-1
OTU_97.26476	-1
OTU_97.26481	-1
OTU_97.26489	-1
OTU_97.2649	1
OTU_97.26491	-1
OTU_97.26492	-1
OTU_97.26493	1
OTU_97.26494	-1
OTU_97.26496	-1
OTU_97.26500	-1
OTU_97.26504	-1
OTU_97.26507	1
OTU_97.2651	-1
OTU_97.26510	1
OTU_97.26511	-1
OTU_97.26513	-1
OTU_97.26519	-1
OTU_97.2652	-1
OTU_97.26523	-1
OTU_97.26524	-1
OTU_97.26525	-1
OTU_97.26526	-1
OTU_97.26528	-1
OTU_97.2653	-1
OTU_97.26534	1
OTU_97.26537	-1
OTU_97.26538	-1
OTU_97.26540	-1
OTU_97.26542	-1
OTU_97.26548	-1
OTU_97.2655	-1
OTU_97.26553	1
OTU_97.26557	-1
OTU_97.26568	-1
OTU_97.26571	-1
OTU_97.26574	-1
OTU_97.26575	-1
OTU_97.26576	-1
OTU_97.26577	-1
OTU_97.26580	-1
OTU_97.26583	-1
OTU_97.26584	-1
OTU_97.26587	-1
OTU_97.2659	-1
OTU_97.26590	-1
OTU_97.26594	-1
OTU_97.26598	1
OTU_97.26599	-1
OTU_97.266	-1
OTU_97.2660	-1
OTU_97.26600	-1
OTU_97.26602	-1
OTU_97.26603	-1
OTU_97.26605	-1
OTU_97.26610	-1
OTU_97.26611	-1
OTU_97.26613	-1
OTU_97.26619	-1
OTU_97.26620	-1
OTU_97.26623	-1
OTU_97.26625	-1
OTU_97.26629	-1
OTU_97.2663	-1
OTU_97.26632	-1
OTU_97.26633	-1
OTU_97.26634	-1
OTU_97.26639	1
OTU_97.2664	-1
OTU_97.26646	-1
OTU_97.26650	-1
OTU_97.26651	-1
OTU_97.26654	-1
OTU_97.26655	-1
OTU_97.26658	-1
OTU_97.26660	-1
OTU_97.26664	-1
OTU_97.26667	-1
OTU_97.26668	1
OTU_97.26671	-1
OTU_97.26677	-1
OTU_97.26678	-1
OTU_97.26684	-1
OTU_97.26686	-1
OTU_97.26692	-1
OTU_97.26694	-1
OTU_97.26697	1
OTU_97.26700	-1
OTU_97.26704	-1
OTU_97.26709	-1
OTU_97.2671	-1
OTU_97.26710	-1
OTU_97.26712	-1
OTU_97.26713	-1
OTU_97.26714	-1
OTU_97.26717	1
OTU_97.26719	1
OTU_97.2672	-1
OTU_97.26721	-1
OTU_97.26724	-1
OTU_97.26729	-1
OTU_97.26732	-1
OTU_97.26737	1
OTU_97.2674	-1
OTU_97.26743	-1
OTU_97.26745	-1
OTU_97.26747	-1
OTU_97.26751	-1
OTU_97.26754	1
OTU_97.26755	-1
OTU_97.2676	-1
OTU_97.26761	-1
OTU_97.26762	-1
OTU_97.26763	-1
OTU_97.26765	-1
OTU_97.26769	-1
OTU_97.2677	-1
OTU_97.26776	1
OTU_97.26782	-1
OTU_97.26790	-1
OTU_97.26792	-1
OTU_97.26793	1
OTU_97.26803	-1
OTU_97.26810	1
OTU_97.26813	-1
OTU_97.26815	-1
OTU_97.26818	-1
OTU_97.2682	1
OTU_97.26820	-1
OTU_97.26822	-1
OTU_97.26823	-1
OTU_97.26824	-1
OTU_97.26825	-1
OTU_97.2684	-1
OTU_97.26841	-1
OTU_97.26844	-1
OTU_97.26846	-1
OTU_97.2685	-1
OTU_97.26852	-1
OTU_97.26856	-1
OTU_97.26858	-1
OTU_97.26859	-1
OTU_97.26862	-1
OTU_97.26865	-1
OTU_97.26867	-1
OTU_97.26869	-1
OTU_97.26871	-1
OTU_97.26874	-1
OTU_97.26875	-1
OTU_97.26876	-1
OTU_97.2688	-1
OTU_97.26880	-1
OTU_97.26884	1
OTU_97.26885	-1
OTU_97.26887	-1
OTU_97.2689	-1
OTU_97.26894	-1
OTU_97.26895	-1
OTU_97.26897	-1
OTU_97.26898	1
OTU_97.26899	-1
OTU_97.26900	1
OTU_97.26903	-1
OTU_97.26907	-1
OTU_97.26908	-1
OTU_97.26911	1
OTU_97.26912	-1
OTU_97.26913	1
OTU_97.26921	-1
OTU_97.26923	-1
OTU_97.26924	1
OTU_97.26927	-1
OTU_97.26928	-1
OTU_97.26929	-1
OTU_97.26930	-1
OTU_97.26931	-1
OTU_97.26933	-1
OTU_97.26934	-1
OTU_97.26935	-1
OTU_97.26937	-1
OTU_97.2695	-1
OTU_97.26953	-1
OTU_97.26956	-1
OTU_97.26958	-1
OTU_97.26959	-1
OTU_97.26961	-1
OTU_97.26964	-1
OTU_97.26973	-1
OTU_97.26978	1
OTU_97.2698	-1
OTU_97.26983	-1
OTU_97.26985	-1
OTU_97.26986	-1
OTU_97.26989	-1
OTU_97.2699	-1
OTU_97.26991	-1
OTU_97.26995	1
OTU_97.26996	-1
OTU_97.26999	-1
OTU_97.27	-1
OTU_97.27001	-1
OTU_97.27002	-1
OTU_97.27005	-1
OTU_97.27008	-1
OTU_97.27012	-1
OTU_97.27013	-1
OTU_97.27019	1
OTU_97.27020	-1
OTU_97.27023	-1
OTU_97.27028	-1
OTU_97.27031	-1
OTU_97.27035	-1
OTU_97.27038	-1
OTU_97.27039	-1
OTU_97.2704	-1
OTU_97.27041	-1
OTU_97.27047	-1
OTU_97.27049	-1
OTU_97.27055	-1
OTU_97.27056	-1
OTU_97.27057	-1
OTU_97.2706	-1
OTU_97.27066	-1
OTU_97.27068	-1
OTU_97.27069	-1
OTU_97.27077	-1
OTU_97.27081	-1
OTU_97.27085	-1
OTU_97.27092	-1
OTU_97.27095	-1
OTU_97.27097	1
OTU_97.27099	-1
OTU_97.271	-1
OTU_97.27101	1
OTU_97.27103	1
OTU_97.27104	-1
OTU_97.27109	-1
OTU_97.27112	-1
OTU_97.27116	-1
OTU_97.27117	-1
OTU_97.27118	-1
OTU_97.27121	-1
OTU_97.27124	-1
OTU_97.27125	-1
OTU_97.27127	-1
OTU_97.27129	-1
OTU_97.27131	-1
OTU_97.27132	-1
OTU_97.27137	-1
OTU_97.27138	-1
OTU_97.27139	-1
OTU_97.27140	-1
OTU_97.27145	-1
OTU_97.27150	-1
OTU_97.27154	-1
OTU_97.27156	-1
OTU_97.27157	-1
OTU_97.27158	-1
OTU_97.27159	-1
OTU_97.27164	-1
OTU_97.27167	-1
OTU_97.27176	-1
OTU_97.27177	1
OTU_97.27186	-1
OTU_97.27188	-1
OTU_97.27193	-1
OTU_97.27201	-1
OTU_97.27203	-1
OTU_97.27207	-1
OTU_97.27209	1
OTU_97.2721	-1
OTU_97.27210	-1
OTU_97.27211	-1
OTU_97.27213	-1
OTU_97.27216	-1
OTU_97.27217	1
OTU_97.27218	-1
OTU_97.27221	-1
OTU_97.27225	-1
OTU_97.27229	1
OTU_97.27232	-1
OTU_97.27234	-1
OTU_97.27236	1
OTU_97.27237	1
OTU_97.27238	1
OTU_97.27240	-1
OTU_97.27245	-1
OTU_97.27249	1
OTU_97.2725	-1
OTU_97.27253	-1
OTU_97.27259	1
OTU_97.27261	1
OTU_97.27262	-1
OTU_97.27265	-1
OTU_97.27266	-1
OTU_97.27267	1
OTU_97.2727	-1
OTU_97.27270	-1
OTU_97.27271	-1
OTU_97.27273	-1
OTU_97.27281	-1
OTU_97.27282	-1
OTU_97.27289	-1
OTU_97.27295	-1
OTU_97.273	-1
OTU_97.27305	1
OTU_97.27312	-1
OTU_97.27313	-1
OTU_97.27315	-1
OTU_97.2732	-1
OTU_97.27324	-1
OTU_97.27328	-1
OTU_97.2734	1
OTU_97.27340	-1
OTU_97.27342	-1
OTU_97.27343	-1
OTU_97.27344	-1
OTU_97.27345	-1
OTU_97.27346	-1
OTU_97.27349	-1
OTU_97.27353	-1
OTU_97.27356	-1
OTU_97.27358	-1
OTU_97.27361	-1
OTU_97.27368	-1
OTU_97.2737	-1
OTU_97.27371	-1
OTU_97.27377	-1
OTU_97.27378	-1
OTU_97.27379	-1
OTU_97.2738	-1
OTU_97.27381	-1
OTU_97.27384	-1
OTU_97.27388	-1
OTU_97.27389	-1
OTU_97.27390	-1
OTU_97.27392	-1
OTU_97.27393	-1
OTU_97.27396	-1
OTU_97.274	-1
OTU_97.27401	-1
OTU_97.27403	-1
OTU_97.27405	-1
OTU_97.27407	-1
OTU_97.27415	-1
OTU_97.27417	-1
OTU_97.2742	-1
OTU_97.27420	-1
OTU_97.27421	-1
OTU_97.27422	-1
OTU_97.27423	-1
OTU_97.27426	-1
OTU_97.27428	-1
OTU_97.27431	-1
OTU_97.27434	-1
OTU_97.27435	-1
OTU_97.27436	1
OTU_97.27442	-1
OTU_97.27448	-1
OTU_97.2745	1
OTU_97.27451	-1
OTU_97.27459	-1
OTU_97.2746	-1
OTU_97.27463	-1
OTU_97.27464	1
OTU_97.27465	-1
OTU_97.27468	-1
OTU_97.27469	1
OTU_97.2747	-1
OTU_97.27472	-1
OTU_97.27474	-1
OTU_97.27476	-1
OTU_97.27478	-1
OTU_97.27486	-1
OTU_97.27488	-1
OTU_97.27494	-1
OTU_97.27496	-1
OTU_97.27499	-1
OTU_97.275	-1
OTU_97.27501	-1
OTU_97.27503	-1
OTU_97.27504	-1
OTU_97.27506	-1
OTU_97.27509	-1
OTU_97.2751	-1
OTU_97.27513	-1
OTU_97.27515	-1
OTU_97.27519	-1
OTU_97.27522	-1
OTU_97.27529	-1
OTU_97.27533	-1
OTU_97.27534	-1
OTU_97.27538	-1
OTU_97.27539	-1
OTU_97.27540	-1
OTU_97.27544	-1
OTU_97.27547	-1
OTU_97.27549	-1
OTU_97.27550	-1
OTU_97.27551	-1
OTU_97.27554	-1
OTU_97.27556	-1
OTU_97.2756	-1
OTU_97.27560	-1
OTU_97.27561	-1
OTU_97.2757	-1
OTU_97.27573	-1
OTU_97.27574	-1
OTU_97.27578	-1
OTU_97.27579	1
OTU_97.27588	1
OTU_97.27590	-1
OTU_97.27591	-1
OTU_97.27596	-1
OTU_97.27597	-1
OTU_97.276	-1
OTU_97.27602	-1
OTU_97.27604	-1
OTU_97.27605	-1
OTU_97.27609	1
OTU_97.27614	-1
OTU_97.27618	-1
OTU_97.27620	-1
OTU_97.27621	-1
OTU_97.27627	-1
OTU_97.27628	-1
OTU_97.27631	-1
OTU_97.27634	-1
OTU_97.27636	-1
OTU_97.2764	-1
OTU_97.27643	-1
OTU_97.27645	-1
OTU_97.27646	-1
OTU_97.2765	-1
OTU_97.27650	-1
OTU_97.27659	-1
OTU_97.2766	-1
OTU_97.27660	-1
OTU_97.2767	-1
OTU_97.27672	-1
OTU_97.27673	-1
OTU_97.27681	-1
OTU_97.27683	-1
OTU_97.27684	-1
OTU_97.27686	-1
OTU_97.2769	-1
OTU_97.27691	-1
OTU_97.27694	1
OTU_97.27697	-1
OTU_97.27698	-1
OTU_97.27699	-1
OTU_97.27701	-1
OTU_97.27702	-1
OTU_97.27706	-1
OTU_97.27707	-1
OTU_97.27714	-1
OTU_97.27717	-1
OTU_97.27719	-1
OTU_97.27726	-1
OTU_97.27728	-1
OTU_97.27731	-1
OTU_97.27733	-1
OTU_97.27738	-1
OTU_97.27743	-1
OTU_97.2775	-1
OTU_97.27750	-1
OTU_97.27753	1
OTU_97.27755	-1
OTU_97.27756	-1
OTU_97.27757	-1
OTU_97.27761	1
OTU_97.27762	-1
OTU_97.27766	-1
OTU_97.27768	-1
OTU_97.27770	-1
OTU_97.27771	-1
OTU_97.27772	-1
OTU_97.27773	-1
OTU_97.27774	-1
OTU_97.27775	-1
OTU_97.27776	-1
OTU_97.27777	-1
OTU_97.27778	-1
OTU_97.27779	1
OTU_97.27780	-1
OTU_97.27781	-1
OTU_97.27783	-1
OTU_97.27786	-1
OTU_97.27793	-1
OTU_97.27796	-1
OTU_97.27797	1
OTU_97.27798	-1
OTU_97.27801	-1
OTU_97.27805	-1
OTU_97.27806	-1
OTU_97.27809	-1
OTU_97.2781	1
OTU_97.27816	-1
OTU_97.27824	-1
OTU_97.27828	-1
OTU_97.2783	-1
OTU_97.27837	-1
OTU_97.27845	-1
OTU_97.27847	-1
OTU_97.27848	1
OTU_97.2785	-1
OTU_97.27851	-1
OTU_97.27852	-1
OTU_97.27853	-1
OTU_97.27854	-1
OTU_97.27855	-1
OTU_97.27856	-1
OTU_97.27857	-1
OTU_97.27859	1
OTU_97.27860	-1
OTU_97.27863	-1
OTU_97.27865	1
OTU_97.27868	-1
OTU_97.27869	-1
OTU_97.2787	-1
OTU_97.27870	-1
OTU_97.27871	-1
OTU_97.27872	-1
OTU_97.27878	-1
OTU_97.27879	-1
OTU_97.27882	-1
OTU_97.27887	-1
OTU_97.27895	-1
OTU_97.27896	-1
OTU_97.27898	-1
OTU_97.27899	-1
OTU_97.27900	-1
OTU_97.27901	-1
OTU_97.27902	-1
OTU_97.27909	1
OTU_97.27910	-1
OTU_97.27919	-1
OTU_97.27920	-1
OTU_97.27922	-1
OTU_97.27927	-1
OTU_97.27930	-1
OTU_97.27932	-1
OTU_97.27934	-1
OTU_97.27937	1
OTU_97.27939	-1
OTU_97.27941	-1
OTU_97.27943	-1
OTU_97.2795	1
OTU_97.27950	-1
OTU_97.27952	1
OTU_97.27966	1
OTU_97.27971	-1
OTU_97.27972	-1
OTU_97.27973	1
OTU_97.27977	-1
OTU_97.27988	-1
OTU_97.27994	-1
OTU_97.27996	-1
OTU_97.28	-1
OTU_97.28005	-1
OTU_97.28007	-1
OTU_97.28008	-1
OTU_97.28011	-1
OTU_97.28018	-1
OTU_97.28020	1
OTU_97.28025	-1
OTU_97.28028	-1
OTU_97.28031	-1
OTU_97.28036	1
OTU_97.28037	1
OTU_97.28038	-1
OTU_97.2804	-1
OTU_97.28043	1
OTU_97.28049	1
OTU_97.28051	-1
OTU_97.28054	-1
OTU_97.28055	-1
OTU_97.28058	-1
OTU_97.28059	-1
OTU_97.2806	-1
OTU_97.28060	-1
OTU_97.28063	1
OTU_97.28064	-1
OTU_97.28066	-1
OTU_97.28067	-1
OTU_97.28070	-1
OTU_97.28071	-1
OTU_97.28074	-1
OTU_97.28076	-1
OTU_97.28077	-1
OTU_97.28078	1
OTU_97.28079	-1
OTU_97.28080	-1
OTU_97.28081	1
OTU_97.28085	-1
OTU_97.28086	-1
OTU_97.28087	-1
OTU_97.28088	-1
OTU_97.28089	-1
OTU_97.2809	-1
OTU_97.28090	-1
OTU_97.28091	-1
OTU_97.28094	-1
OTU_97.28096	-1
OTU_97.28098	-1
OTU_97.281	1
OTU_97.28101	-1
OTU_97.28102	-1
OTU_97.28103	-1
OTU_97.28105	-1
OTU_97.28109	-1
OTU_97.28115	-1
OTU_97.28116	-1
OTU_97.28119	1
OTU_97.28122	-1
OTU_97.28126	-1
OTU_97.28127	-1
OTU_97.2813	1
OTU_97.28130	-1
OTU_97.28132	-1
OTU_97.28134	1
OTU_97.28137	-1
OTU_97.28138	1
OTU_97.28142	-1
OTU_97.28148	-1
OTU_97.2815	-1
OTU_97.28150	-1
OTU_97.28151	-1
OTU_97.28153	-1
OTU_97.28154	-1
OTU_97.28159	-1
OTU_97.28161	-1
OTU_97.28162	-1
OTU_97.28163	-1
OTU_97.28169	-1
OTU_97.28170	-1
OTU_97.28171	-1
OTU_97.28172	-1
OTU_97.28176	-1
OTU_97.28178	-1
OTU_97.2818	-1
OTU_97.28180	-1
OTU_97.28187	-1
OTU_97.28189	-1
OTU_97.28190	-1
OTU_97.28192	-1
OTU_97.28195	-1
OTU_97.28197	-1
OTU_97.28198	-1
OTU_97.28199	-1
OTU_97.2820	-1
OTU_97.28205	-1
OTU_97.28209	-1
OTU_97.28215	-1
OTU_97.28217	-1
OTU_97.28222	-1
OTU_97.28223	-1
OTU_97.28229	1
OTU_97.28233	-1
OTU_97.28234	-1
OTU_97.28237	1
OTU_97.28239	-1
OTU_97.2824	-1
OTU_97.28241	-1
OTU_97.28243	-1
OTU_97.28244	-1
OTU_97.28248	1
OTU_97.28249	1
OTU_97.28252	1
OTU_97.28256	-1
OTU_97.28261	1
OTU_97.28262	1
OTU_97.28266	-1
OTU_97.28268	-1
OTU_97.28276	-1
OTU_97.28277	-1
OTU_97.28280	1
OTU_97.28281	-1
OTU_97.28285	-1
OTU_97.2829	1
OTU_97.28290	-1
OTU_97.28294	-1
OTU_97.283	-1
OTU_97.2830	-1
OTU_97.28305	-1
OTU_97.28306	-1
OTU_97.28308	-1
OTU_97.28309	-1
OTU_97.28312	-1
OTU_97.28313	-1
OTU_97.28318	-1
OTU_97.28320	-1
OTU_97.28321	-1
OTU_97.28325	-1
OTU_97.28329	-1
OTU_97.2833	1
OTU_97.28331	-1
OTU_97.28336	-1
OTU_97.28337	-1
OTU_97.28338	-1
OTU_97.2834	-1
OTU_97.28345	-1
OTU_97.28346	-1
OTU_97.28350	-1
OTU_97.28354	-1
OTU_97.28356	1
OTU_97.2836	1
OTU_97.28373	-1
OTU_97.28377	-1
OTU_97.28378	-1
OTU_97.28384	-1
OTU_97.28385	-1
OTU_97.28388	-1
OTU_97.28397	-1
OTU_97.28400	-1
OTU_97.28405	-1
OTU_97.28406	-1
OTU_97.28412	-1
OTU_97.28415	1
OTU_97.28417	-1
OTU_97.28418	-1
OTU_97.28419	-1
OTU_97.28425	-1
OTU_97.28427	-1
OTU_97.28429	-1
OTU_97.28430	-1
OTU_97.28431	-1
OTU_97.28432	-1
OTU_97.28434	-1
OTU_97.28435	-1
OTU_97.28439	-1
OTU_97.2844	-1
OTU_97.28445	-1
OTU_97.28457	-1
OTU_97.28458	-1
OTU_97.2846	-1
OTU_97.28462	-1
OTU_97.28465	-1
OTU_97.28466	-1
OTU_97.28468	-1
OTU_97.28472	-1
OTU_97.28476	-1
OTU_97.28479	-1
OTU_97.28482	-1
OTU_97.28486	-1
OTU_97.28488	-1
OTU_97.28491	1
OTU_97.28494	-1
OTU_97.2850	-1
OTU_97.28501	1
OTU_97.28502	-1
OTU_97.28506	-1
OTU_97.2851	-1
OTU_97.28511	-1
OTU_97.28513	-1
OTU_97.28516	-1
OTU_97.28517	1
OTU_97.28519	-1
OTU_97.28521	-1
OTU_97.28523	-1
OTU_97.28526	-1
OTU_97.28527	-1
OTU_97.28530	1
OTU_97.28531	-1
OTU_97.28532	-1
OTU_97.28534	-1
OTU_97.28535	-1
OTU_97.28536	-1
OTU_97.2854	-1
OTU_97.28541	-1
OTU_97.28543	-1
OTU_97.28545	-1
OTU_97.28547	-1
OTU_97.28550	-1
OTU_97.28553	-1
OTU_97.28556	-1
OTU_97.28560	-1
OTU_97.28562	1
OTU_97.28564	-1
OTU_97.28571	-1
OTU_97.28575	1
OTU_97.28576	1
OTU_97.28577	-1
OTU_97.28578	-1
OTU_97.28582	-1
OTU_97.28586	-1
OTU_97.28588	-1
OTU_97.2859	-1
OTU_97.28591	-1
OTU_97.28595	-1
OTU_97.28596	-1
OTU_97.28600	-1
OTU_97.28601	-1
OTU_97.28605	-1
OTU_97.2861	-1
OTU_97.28614	-1
OTU_97.28618	-1
OTU_97.28620	-1
OTU_97.28624	-1
OTU_97.28625	-1
OTU_97.28627	-1
OTU_97.28628	-1
OTU_97.28630	-1
OTU_97.28633	-1
OTU_97.28634	-1
OTU_97.28637	-1
OTU_97.28641	-1
OTU_97.28642	-1
OTU_97.28644	-1
OTU_97.28645	1
OTU_97.28647	1
OTU_97.2865	-1
OTU_97.28657	-1
OTU_97.28658	-1
OTU_97.2866	-1
OTU_97.28661	-1
OTU_97.28666	1
OTU_97.28667	-1
OTU_97.28668	-1
OTU_97.28669	-1
OTU_97.28671	1
OTU_97.28674	-1
OTU_97.28678	-1
OTU_97.28681	-1
OTU_97.28683	-1
OTU_97.28688	-1
OTU_97.2869	-1
OTU_97.28692	-1
OTU_97.28695	-1
OTU_97.28696	-1
OTU_97.28698	-1
OTU_97.2870	-1
OTU_97.28701	-1
OTU_97.28705	-1
OTU_97.28712	1
OTU_97.28713	-1
OTU_97.28715	-1
OTU_97.2872	-1
OTU_97.28722	-1
OTU_97.28729	-1
OTU_97.2873	-1
OTU_97.28735	-1
OTU_97.28738	-1
OTU_97.28740	-1
OTU_97.28742	-1
OTU_97.28745	-1
OTU_97.28749	-1
OTU_97.28750	-1
OTU_97.28751	-1
OTU_97.28753	-1
OTU_97.28755	-1
OTU_97.28759	-1
OTU_97.2876	-1
OTU_97.28763	-1
OTU_97.28764	-1
OTU_97.28766	-1
OTU_97.28773	-1
OTU_97.28774	-1
OTU_97.28776	-1
OTU_97.28778	-1
OTU_97.28782	-1
OTU_97.28784	-1
OTU_97.28785	-1
OTU_97.28787	-1
OTU_97.28788	-1
OTU_97.28790	-1
OTU_97.28792	-1
OTU_97.28794	-1
OTU_97.288	-1
OTU_97.28804	-1
OTU_97.28805	-1
OTU_97.28806	-1
OTU_97.28810	-1
OTU_97.28811	-1
OTU_97.28814	-1
OTU_97.28815	-1
OTU_97.28818	1
OTU_97.28822	-1
OTU_97.28825	-1
OTU_97.28826	-1
OTU_97.28829	-1
OTU_97.28830	-1
OTU_97.28832	-1
OTU_97.28834	-1
OTU_97.28835	-1
OTU_97.28836	-1
OTU_97.28838	1
OTU_97.28841	-1
OTU_97.28843	-1
OTU_97.28849	-1
OTU_97.2885	-1
OTU_97.28850	-1
OTU_97.28851	-1
OTU_97.28852	-1
OTU_97.28854	-1
OTU_97.28855	-1
OTU_97.2886	-1
OTU_97.28860	1
OTU_97.28861	-1
OTU_97.28862	-1
OTU_97.28869	-1
OTU_97.28875	-1
OTU_97.28878	-1
OTU_97.28886	-1
OTU_97.28887	-1
OTU_97.28888	-1
OTU_97.2889	-1
OTU_97.28891	-1
OTU_97.28892	-1
OTU_97.28894	1
OTU_97.28896	1
OTU_97.28898	-1
OTU_97.28905	-1
OTU_97.28907	1
OTU_97.28912	-1
OTU_97.28914	-1
OTU_97.28916	-1
OTU_97.28917	-1
OTU_97.28918	-1
OTU_97.28922	-1
OTU_97.28927	-1
OTU_97.28933	-1
OTU_97.28934	-1
OTU_97.28938	-1
OTU_97.28940	-1
OTU_97.28944	-1
OTU_97.28947	-1
OTU_97.28956	-1
OTU_97.2896	1
OTU_97.28960	-1
OTU_97.28961	-1
OTU_97.28964	-1
OTU_97.28967	-1
OTU_97.28968	-1
OTU_97.28969	-1
OTU_97.28970	-1
OTU_97.28972	-1
OTU_97.28974	-1
OTU_97.28976	-1
OTU_97.28977	-1
OTU_97.28978	-1
OTU_97.2898	-1
OTU_97.28980	-1
OTU_97.28985	-1
OTU_97.28987	-1
OTU_97.28988	1
OTU_97.2899	-1
OTU_97.28991	-1
OTU_97.28992	-1
OTU_97.28998	-1
OTU_97.29	1
OTU_97.2900	-1
OTU_97.29002	-1
OTU_97.29005	-1
OTU_97.29012	1
OTU_97.29018	-1
OTU_97.29019	-1
OTU_97.2902	-1
OTU_97.29023	-1
OTU_97.29024	-1
OTU_97.29025	-1
OTU_97.29027	1
OTU_97.29028	-1
OTU_97.29029	-1
OTU_97.29030	-1
OTU_97.29031	-1
OTU_97.29035	-1
OTU_97.29036	-1
OTU_97.29042	-1
OTU_97.29047	-1
OTU_97.29049	-1
OTU_97.2905	-1
OTU_97.29050	-1
OTU_97.29053	-1
OTU_97.29054	-1
OTU_97.29055	-1
OTU_97.29056	-1
OTU_97.29058	-1
OTU_97.29059	-1
OTU_97.29062	-1
OTU_97.29066	-1
OTU_97.29069	1
OTU_97.29077	-1
OTU_97.29079	-1
OTU_97.29081	-1
OTU_97.29082	-1
OTU_97.29083	-1
OTU_97.29084	-1
OTU_97.29085	1
OTU_97.29086	-1
OTU_97.2909	-1
OTU_97.29090	-1
OTU_97.29093	-1
OTU_97.29094	-1
OTU_97.29096	-1
OTU_97.29097	-1
OTU_97.29101	-1
OTU_97.29102	-1
OTU_97.29106	-1
OTU_97.2911	-1
OTU_97.29110	-1
OTU_97.29115	-1
OTU_97.29116	-1
OTU_97.2912	-1
OTU_97.29122	-1
OTU_97.29124	-1
OTU_97.29129	-1
OTU_97.29132	-1
OTU_97.29134	-1
OTU_97.29136	-1
OTU_97.29141	-1
OTU_97.29144	1
OTU_97.29146	1
OTU_97.29154	1
OTU_97.29157	-1
OTU_97.29158	-1
OTU_97.29160	-1
OTU_97.29161	-1
OTU_97.29162	-1
OTU_97.29163	-1
OTU_97.29165	-1
OTU_97.29166	-1
OTU_97.29169	-1
OTU_97.29171	-1
OTU_97.29175	-1
OTU_97.29179	-1
OTU_97.29184	-1
OTU_97.29187	-1
OTU_97.2919	-1
OTU_97.29193	-1
OTU_97.29194	-1
OTU_97.29197	-1
OTU_97.292	-1
OTU_97.29201	-1
OTU_97.29205	-1
OTU_97.29210	-1
OTU_97.29212	1
OTU_97.29215	-1
OTU_97.29216	-1
OTU_97.29219	-1
OTU_97.2922	-1
OTU_97.29223	-1
OTU_97.29231	-1
OTU_97.29232	-1
OTU_97.29234	-1
OTU_97.29241	-1
OTU_97.29244	-1
OTU_97.29247	-1
OTU_97.29248	-1
OTU_97.29249	-1
OTU_97.29253	-1
OTU_97.29256	-1
OTU_97.2926	-1
OTU_97.29260	-1
OTU_97.29264	-1
OTU_97.29268	-1
OTU_97.29274	-1
OTU_97.29276	-1
OTU_97.29277	-1
OTU_97.29278	-1
OTU_97.29280	-1
OTU_97.29286	-1
OTU_97.29288	1
OTU_97.2929	-1
OTU_97.29295	-1
OTU_97.29297	-1
OTU_97.29298	-1
OTU_97.2930	-1
OTU_97.29302	-1
OTU_97.29303	1
OTU_97.29305	1
OTU_97.29307	1
OTU_97.29311	1
OTU_97.29314	-1
OTU_97.29315	-1
OTU_97.2932	-1
OTU_97.29324	-1
OTU_97.29327	-1
OTU_97.2933	1
OTU_97.29337	-1
OTU_97.29339	-1
OTU_97.29342	-1
OTU_97.29344	-1
OTU_97.29347	-1
OTU_97.29351	-1
OTU_97.29352	-1
OTU_97.29353	1
OTU_97.29354	-1
OTU_97.29355	-1
OTU_97.29359	1
OTU_97.29370	-1
OTU_97.29373	1
OTU_97.29374	-1
OTU_97.29377	-1
OTU_97.29378	-1
OTU_97.2938	-1
OTU_97.29384	-1
OTU_97.29385	-1
OTU_97.29386	-1
OTU_97.29388	-1
OTU_97.29390	-1
OTU_97.29392	-1
OTU_97.29394	-1
OTU_97.29395	1
OTU_97.2940	-1
OTU_97.29403	-1
OTU_97.29404	-1
OTU_97.29409	-1
OTU_97.2941	-1
OTU_97.29410	1
OTU_97.29414	1
OTU_97.29415	-1
OTU_97.29418	-1
OTU_97.29421	-1
OTU_97.29424	-1
OTU_97.29433	-1
OTU_97.29434	-1
OTU_97.2944	-1
OTU_97.29442	-1
OTU_97.29444	1
OTU_97.29449	-1
OTU_97.29456	-1
OTU_97.29457	-1
OTU_97.29459	1
OTU_97.2946	-1
OTU_97.29461	-1
OTU_97.29462	-1
OTU_97.29463	-1
OTU_97.29464	1
OTU_97.29465	1
OTU_97.29468	-1
OTU_97.29472	1
OTU_97.29474	1
OTU_97.29479	-1
OTU_97.29480	1
OTU_97.29488	-1
OTU_97.2949	-1
OTU_97.29490	1
OTU_97.29496	-1
OTU_97.29497	-1
OTU_97.29500	-1
OTU_97.29509	-1
OTU_97.29510	-1
OTU_97.29511	-1
OTU_97.29512	-1
OTU_97.29513	-1
OTU_97.29520	-1
OTU_97.29522	-1
OTU_97.29526	-1
OTU_97.29527	-1
OTU_97.29528	1
OTU_97.29529	-1
OTU_97.29537	-1
OTU_97.29540	-1
OTU_97.29542	1
OTU_97.29543	-1
OTU_97.29545	-1
OTU_97.29546	-1
OTU_97.29547	-1
OTU_97.29550	-1
OTU_97.29551	-1
OTU_97.29558	-1
OTU_97.29560	-1
OTU_97.29566	-1
OTU_97.29573	-1
OTU_97.29574	-1
OTU_97.29576	-1
OTU_97.2958	-1
OTU_97.29580	-1
OTU_97.29582	-1
OTU_97.29585	-1
OTU_97.29586	-1
OTU_97.29589	-1
OTU_97.29592	-1
OTU_97.29593	-1
OTU_97.29596	1
OTU_97.29601	-1
OTU_97.29606	-1
OTU_97.29607	-1
OTU_97.29608	1
OTU_97.29609	-1
OTU_97.29610	-1
OTU_97.29613	-1
OTU_97.29615	-1
OTU_97.29617	-1
OTU_97.2962	-1
OTU_97.2963	-1
OTU_97.29639	-1
OTU_97.29640	-1
OTU_97.29641	-1
OTU_97.29643	-1
OTU_97.29649	-1
OTU_97.2965	1
OTU_97.29650	-1
OTU_97.29651	-1
OTU_97.29653	-1
OTU_97.29664	-1
OTU_97.29665	-1
OTU_97.2967	-1
OTU_97.29671	-1
OTU_97.29674	-1
OTU_97.29676	-1
OTU_97.29683	-1
OTU_97.29684	-1
OTU_97.29692	-1
OTU_97.29694	-1
OTU_97.29695	-1
OTU_97.29696	-1
OTU_97.29703	-1
OTU_97.2971	-1
OTU_97.29712	-1
OTU_97.29714	-1
OTU_97.29715	1
OTU_97.29717	-1
OTU_97.29718	-1
OTU_97.29719	-1
OTU_97.2972	-1
OTU_97.29725	-1
OTU_97.29726	-1
OTU_97.29729	-1
OTU_97.29734	-1
OTU_97.29736	-1
OTU_97.29739	-1
OTU_97.29742	-1
OTU_97.29743	-1
OTU_97.29748	-1
OTU_97.29749	-1
OTU_97.29750	-1
OTU_97.29753	-1
OTU_97.29758	-1
OTU_97.29759	-1
OTU_97.2976	-1
OTU_97.29763	-1
OTU_97.29770	-1
OTU_97.29771	-1
OTU_97.29775	-1
OTU_97.29778	-1
OTU_97.29779	-1
OTU_97.29781	1
OTU_97.29783	-1
OTU_97.29784	-1
OTU_97.29787	-1
OTU_97.29789	-1
OTU_97.29790	-1
OTU_97.29798	-1
OTU_97.29799	-1
OTU_97.2980	-1
OTU_97.29804	-1
OTU_97.29807	1
OTU_97.29808	-1
OTU_97.29809	-1
OTU_97.29814	-1
OTU_97.29816	-1
OTU_97.29822	-1
OTU_97.29833	-1
OTU_97.29835	-1
OTU_97.29836	-1
OTU_97.29845	-1
OTU_97.29847	-1
OTU_97.29852	-1
OTU_97.29855	1
OTU_97.29862	-1
OTU_97.29866	-1
OTU_97.29867	-1
OTU_97.29868	1
OTU_97.29870	-1
OTU_97.29878	-1
OTU_97.2988	1
OTU_97.29880	-1
OTU_97.29884	-1
OTU_97.29888	-1
OTU_97.29891	-1
OTU_97.29892	-1
OTU_97.29896	-1
OTU_97.29899	-1
OTU_97.29904	1
OTU_97.29905	-1
OTU_97.2991	-1
OTU_97.29910	-1
OTU_97.29911	-1
OTU_97.29915	-1
OTU_97.29918	-1
OTU_97.29920	-1
OTU_97.29923	-1
OTU_97.29924	-1
OTU_97.29925	-1
OTU_97.29929	-1
OTU_97.29932	1
OTU_97.29936	-1
OTU_97.29937	1
OTU_97.29938	-1
OTU_97.29943	-1
OTU_97.29945	-1
OTU_97.29946	-1
OTU_97.29953	-1
OTU_97.2996	-1
OTU_97.29962	-1
OTU_97.29964	-1
OTU_97.29966	-1
OTU_97.29967	-1
OTU_97.29969	-1
OTU_97.2997	-1
OTU_97.29970	-1
OTU_97.2998	-1
OTU_97.29980	-1
OTU_97.29982	-1
OTU_97.29985	-1
OTU_97.29986	-1
OTU_97.29988	-1
OTU_97.30	-1
OTU_97.30001	-1
OTU_97.30003	1
OTU_97.30006	1
OTU_97.30009	-1
OTU_97.30012	-1
OTU_97.30013	-1
OTU_97.30014	-1
OTU_97.30016	-1
OTU_97.30018	-1
OTU_97.30029	-1
OTU_97.30034	-1
OTU_97.30035	-1
OTU_97.30036	-1
OTU_97.3004	1
OTU_97.30042	-1
OTU_97.30043	-1
OTU_97.30044	-1
OTU_97.30046	-1
OTU_97.30049	-1
OTU_97.30053	-1
OTU_97.30054	-1
OTU_97.30056	-1
OTU_97.30057	-1
OTU_97.30058	-1
OTU_97.30060	-1
OTU_97.30061	-1
OTU_97.30062	-1
OTU_97.30064	-1
OTU_97.30070	-1
OTU_97.30075	-1
OTU_97.30079	-1
OTU_97.3008	-1
OTU_97.30081	-1
OTU_97.30087	-1
OTU_97.3009	-1
OTU_97.30094	1
OTU_97.30099	-1
OTU_97.301	-1
OTU_97.30103	-1
OTU_97.30104	1
OTU_97.30108	-1
OTU_97.30112	1
OTU_97.30114	-1
OTU_97.3012	1
OTU_97.30121	-1
OTU_97.30125	-1
OTU_97.30128	-1
OTU_97.30129	-1
OTU_97.30130	-1
OTU_97.30132	-1
OTU_97.30135	-1
OTU_97.30136	1
OTU_97.30139	1
OTU_97.30142	-1
OTU_97.30145	-1
OTU_97.30149	1
OTU_97.3015	-1
OTU_97.30150	-1
OTU_97.30153	1
OTU_97.30155	-1
OTU_97.30159	-1
OTU_97.3016	-1
OTU_97.30166	1
OTU_97.30167	-1
OTU_97.3017	-1
OTU_97.30172	-1
OTU_97.30173	-1
OTU_97.30176	-1
OTU_97.30179	-1
OTU_97.30180	-1
OTU_97.30184	-1
OTU_97.30185	-1
OTU_97.30187	-1
OTU_97.30192	1
OTU_97.30194	-1
OTU_97.30196	-1
OTU_97.3021	-1
OTU_97.30212	-1
OTU_97.30213	-1
OTU_97.30214	-1
OTU_97.30217	1
OTU_97.30220	-1
OTU_97.30221	1
OTU_97.30223	-1
OTU_97.30224	-1
OTU_97.30225	1
OTU_97.30227	-1
OTU_97.30231	1
OTU_97.30232	-1
OTU_97.30235	-1
OTU_97.30236	-1
OTU_97.30237	-1
OTU_97.30238	-1
OTU_97.30240	-1
OTU_97.30242	-1
OTU_97.30243	1
OTU_97.30244	-1
OTU_97.30247	-1
OTU_97.30250	-1
OTU_97.30254	1
OTU_97.30256	-1
OTU_97.30257	-1
OTU_97.3026	-1
OTU_97.30264	-1
OTU_97.3027	-1
OTU_97.30272	-1
OTU_97.30276	-1
OTU_97.30277	-1
OTU_97.30279	-1
OTU_97.30283	-1
OTU_97.30285	-1
OTU_97.30286	1
OTU_97.30289	1
OTU_97.30290	-1
OTU_97.30292	-1
OTU_97.30293	-1
OTU_97.30294	-1
OTU_97.30295	-1
OTU_97.3030	-1
OTU_97.30304	-1
OTU_97.30305	-1
OTU_97.30306	-1
OTU_97.30307	-1
OTU_97.30308	-1
OTU_97.30310	1
OTU_97.30313	-1
OTU_97.30314	-1
OTU_97.30317	-1
OTU_97.30324	-1
OTU_97.30325	-1
OTU_97.30326	-1
OTU_97.30331	1
OTU_97.30336	-1
OTU_97.30340	-1
OTU_97.30343	-1
OTU_97.30345	-1
OTU_97.30349	1
OTU_97.3035	-1
OTU_97.30351	-1
OTU_97.30353	-1
OTU_97.30358	-1
OTU_97.30359	-1
OTU_97.30360	-1
OTU_97.30361	-1
OTU_97.30363	-1
OTU_97.30367	-1
OTU_97.30369	-1
OTU_97.3037	-1
OTU_97.30377	-1
OTU_97.3038	-1
OTU_97.30380	-1
OTU_97.30381	-1
OTU_97.30383	-1
OTU_97.30384	-1
OTU_97.30388	-1
OTU_97.30394	-1
OTU_97.30397	-1
OTU_97.30399	-1
OTU_97.30403	-1
OTU_97.30407	-1
OTU_97.30409	1
OTU_97.3041	-1
OTU_97.30416	-1
OTU_97.30419	-1
OTU_97.30423	1
OTU_97.30424	-1
OTU_97.30428	-1
OTU_97.30431	1
OTU_97.30434	-1
OTU_97.30435	-1
OTU_97.30442	-1
OTU_97.30444	-1
OTU_97.30448	-1
OTU_97.30453	-1
OTU_97.30455	-1
OTU_97.30456	-1
OTU_97.30458	-1
OTU_97.3046	-1
OTU_97.30462	1
OTU_97.30467	-1
OTU_97.30475	-1
OTU_97.30480	1
OTU_97.30484	-1
OTU_97.30489	1
OTU_97.30491	-1
OTU_97.30492	-1
OTU_97.30495	-1
OTU_97.30502	1
OTU_97.30503	-1
OTU_97.30504	-1
OTU_97.30508	-1
OTU_97.30510	1
OTU_97.30514	1
OTU_97.30516	-1
OTU_97.30518	-1
OTU_97.30520	-1
OTU_97.30523	-1
OTU_97.30524	-1
OTU_97.30525	-1
OTU_97.30528	-1
OTU_97.30529	1
OTU_97.30530	-1
OTU_97.30531	1
OTU_97.30535	-1
OTU_97.30538	1
OTU_97.3054	-1
OTU_97.30540	-1
OTU_97.30542	-1
OTU_97.30545	1
OTU_97.30550	-1
OTU_97.30551	-1
OTU_97.30552	-1
OTU_97.30556	-1
OTU_97.30561	-1
OTU_97.30565	-1
OTU_97.3057	1
OTU_97.30579	-1
OTU_97.3058	-1
OTU_97.30580	-1
OTU_97.30582	-1
OTU_97.30584	1
OTU_97.30585	-1
OTU_97.30588	1
OTU_97.30589	1
OTU_97.30593	-1
OTU_97.30594	-1
OTU_97.3060	-1
OTU_97.30604	-1
OTU_97.30611	-1
OTU_97.30613	-1
OTU_97.30619	-1
OTU_97.3062	-1
OTU_97.30621	-1
OTU_97.30622	-1
OTU_97.30624	1
OTU_97.30625	-1
OTU_97.30627	-1
OTU_97.30630	-1
OTU_97.30631	-1
OTU_97.30632	-1
OTU_97.30635	-1
OTU_97.30636	1
OTU_97.30638	-1
OTU_97.3064	-1
OTU_97.30640	-1
OTU_97.30642	-1
OTU_97.30645	-1
OTU_97.30646	1
OTU_97.30647	-1
OTU_97.30648	-1
OTU_97.30649	-1
OTU_97.3065	-1
OTU_97.30654	-1
OTU_97.30656	-1
OTU_97.30657	-1
OTU_97.3066	-1
OTU_97.30660	1
OTU_97.30663	-1
OTU_97.30670	-1
OTU_97.30672	-1
OTU_97.30673	1
OTU_97.30676	1
OTU_97.30678	-1
OTU_97.30684	-1
OTU_97.30687	-1
OTU_97.30688	-1
OTU_97.30690	-1
OTU_97.30692	1
OTU_97.30698	1
OTU_97.30699	1
OTU_97.307	-1
OTU_97.3070	-1
OTU_97.30700	-1
OTU_97.30703	-1
OTU_97.30706	-1
OTU_97.30707	-1
OTU_97.30708	-1
OTU_97.30709	-1
OTU_97.30714	-1
OTU_97.30715	1
OTU_97.30716	-1
OTU_97.30722	1
OTU_97.30725	-1
OTU_97.30728	-1
OTU_97.30729	-1
OTU_97.3073	-1
OTU_97.30730	-1
OTU_97.30731	1
OTU_97.30734	-1
OTU_97.30737	-1
OTU_97.30739	1
OTU_97.30747	-1
OTU_97.30750	-1
OTU_97.30752	-1
OTU_97.30755	-1
OTU_97.30760	-1
OTU_97.30762	-1
OTU_97.30766	-1
OTU_97.30768	-1
OTU_97.30769	-1
OTU_97.3077	-1
OTU_97.30773	-1
OTU_97.30774	-1
OTU_97.30777	-1
OTU_97.30778	-1
OTU_97.30779	-1
OTU_97.30781	-1
OTU_97.30786	1
OTU_97.30789	-1
OTU_97.30790	1
OTU_97.30795	-1
OTU_97.30796	-1
OTU_97.30798	1
OTU_97.3080	-1
OTU_97.30800	-1
OTU_97.30801	-1
OTU_97.30808	-1
OTU_97.3081	-1
OTU_97.30811	-1
OTU_97.30815	1
OTU_97.30819	-1
OTU_97.30824	-1
OTU_97.30826	-1
OTU_97.30829	-1
OTU_97.30831	1
OTU_97.30833	1
OTU_97.30835	-1
OTU_97.30836	-1
OTU_97.30837	-1
OTU_97.30838	-1
OTU_97.3084	-1
OTU_97.30842	-1
OTU_97.30843	-1
OTU_97.30844	-1
OTU_97.30846	-1
OTU_97.30850	-1
OTU_97.30855	-1
OTU_97.30856	-1
OTU_97.30859	-1
OTU_97.3086	-1
OTU_97.30864	-1
OTU_97.30865	-1
OTU_97.30866	-1
OTU_97.30868	-1
OTU_97.3087	-1
OTU_97.30870	-1
OTU_97.30874	-1
OTU_97.3088	-1
OTU_97.30881	-1
OTU_97.30882	-1
OTU_97.30887	-1
OTU_97.30893	-1
OTU_97.30894	-1
OTU_97.30898	-1
OTU_97.30899	-1
OTU_97.30901	-1
OTU_97.30904	-1
OTU_97.30906	-1
OTU_97.30908	-1
OTU_97.3091	-1
OTU_97.30910	1
OTU_97.30911	-1
OTU_97.30914	1
OTU_97.30923	-1
OTU_97.30927	-1
OTU_97.3093	-1
OTU_97.30932	-1
OTU_97.30934	-1
OTU_97.30937	-1
OTU_97.30938	-1
OTU_97.30941	-1
OTU_97.30943	-1
OTU_97.30946	-1
OTU_97.30947	-1
OTU_97.3095	-1
OTU_97.30952	-1
OTU_97.30953	-1
OTU_97.30955	-1
OTU_97.30956	-1
OTU_97.3096	-1
OTU_97.30960	1
OTU_97.30961	-1
OTU_97.30962	-1
OTU_97.30963	-1
OTU_97.30966	-1
OTU_97.30967	-1
OTU_97.30971	-1
OTU_97.30973	-1
OTU_97.30976	-1
OTU_97.30977	-1
OTU_97.30978	-1
OTU_97.30979	1
OTU_97.30981	-1
OTU_97.30983	-1
OTU_97.30986	-1
OTU_97.30988	-1
OTU_97.3099	-1
OTU_97.30994	-1
OTU_97.30995	-1
OTU_97.30997	-1
OTU_97.30998	-1
OTU_97.31	-1
OTU_97.310	-1
OTU_97.3100	1
OTU_97.31000	-1
OTU_97.31002	-1
OTU_97.31004	-1
OTU_97.31005	-1
OTU_97.31006	-1
OTU_97.31008	-1
OTU_97.31013	-1
OTU_97.31021	-1
OTU_97.31029	-1
OTU_97.31031	-1
OTU_97.31033	1
OTU_97.31036	1
OTU_97.31038	1
OTU_97.31040	-1
OTU_97.31042	-1
OTU_97.31044	-1
OTU_97.31045	1
OTU_97.31046	-1
OTU_97.31053	-1
OTU_97.31054	1
OTU_97.31057	-1
OTU_97.31058	-1
OTU_97.31069	1
OTU_97.31072	1
OTU_97.31074	-1
OTU_97.31076	-1
OTU_97.31077	-1
OTU_97.31079	-1
OTU_97.3108	-1
OTU_97.31080	-1
OTU_97.31082	-1
OTU_97.31085	-1
OTU_97.31091	1
OTU_97.31092	-1
OTU_97.31093	-1
OTU_97.31099	-1
OTU_97.311	-1
OTU_97.31100	-1
OTU_97.31102	-1
OTU_97.31104	-1
OTU_97.31105	-1
OTU_97.31107	-1
OTU_97.31108	-1
OTU_97.31109	-1
OTU_97.31114	-1
OTU_97.31116	-1
OTU_97.31119	1
OTU_97.3112	-1
OTU_97.31120	-1
OTU_97.31121	-1
OTU_97.31122	-1
OTU_97.31125	-1
OTU_97.31126	-1
OTU_97.31127	-1
OTU_97.31128	1
OTU_97.31132	-1
OTU_97.31133	-1
OTU_97.31134	-1
OTU_97.31135	-1
OTU_97.31136	-1
OTU_97.3114	-1
OTU_97.31142	-1
OTU_97.31144	1
OTU_97.31148	-1
OTU_97.31149	-1
OTU_97.31152	-1
OTU_97.31155	-1
OTU_97.31156	1
OTU_97.3116	-1
OTU_97.31163	-1
OTU_97.31164	-1
OTU_97.31165	-1
OTU_97.31168	1
OTU_97.31172	1
OTU_97.31174	-1
OTU_97.31175	1
OTU_97.31176	-1
OTU_97.31179	-1
OTU_97.31183	-1
OTU_97.31188	-1
OTU_97.3119	-1
OTU_97.31194	1
OTU_97.31195	-1
OTU_97.31196	1
OTU_97.31198	1
OTU_97.31199	-1
OTU_97.312	1
OTU_97.3120	-1
OTU_97.31200	-1
OTU_97.31207	-1
OTU_97.31209	-1
OTU_97.31210	-1
OTU_97.31212	-1
OTU_97.31214	1
OTU_97.31217	-1
OTU_97.31219	-1
OTU_97.31220	-1
OTU_97.31221	1
OTU_97.31223	-1
OTU_97.31226	1
OTU_97.31230	-1
OTU_97.31231	-1
OTU_97.31234	-1
OTU_97.31235	-1
OTU_97.31239	-1
OTU_97.31246	-1
OTU_97.31247	-1
OTU_97.31249	1
OTU_97.3125	-1
OTU_97.31252	1
OTU_97.31253	-1
OTU_97.31257	-1
OTU_97.31258	-1
OTU_97.31259	-1
OTU_97.31260	1
OTU_97.31261	-1
OTU_97.31265	-1
OTU_97.31266	-1
OTU_97.31267	-1
OTU_97.31271	-1
OTU_97.31272	-1
OTU_97.31273	-1
OTU_97.3128	-1
OTU_97.31283	1
OTU_97.31287	-1
OTU_97.31289	-1
OTU_97.3129	1
OTU_97.31292	1
OTU_97.31296	-1
OTU_97.31297	1
OTU_97.31299	-1
OTU_97.31301	-1
OTU_97.31302	-1
OTU_97.31304	1
OTU_97.31305	-1
OTU_97.31306	-1
OTU_97.31310	-1
OTU_97.31312	-1
OTU_97.31325	-1
OTU_97.31329	-1
OTU_97.31330	-1
OTU_97.31335	-1
OTU_97.31337	-1
OTU_97.31338	-1
OTU_97.31339	-1
OTU_97.31340	-1
OTU_97.31341	-1
OTU_97.31345	-1
OTU_97.31346	-1
OTU_97.31347	-1
OTU_97.31348	-1
OTU_97.31355	1
OTU_97.31360	-1
OTU_97.31361	-1
OTU_97.31363	-1
OTU_97.31364	1
OTU_97.31368	-1
OTU_97.31369	-1
OTU_97.31370	-1
OTU_97.31375	-1
OTU_97.31377	-1
OTU_97.31378	-1
OTU_97.31382	1
OTU_97.31383	-1
OTU_97.31385	-1
OTU_97.31387	-1
OTU_97.31388	-1
OTU_97.31389	-1
OTU_97.3139	-1
OTU_97.31394	-1
OTU_97.31395	-1
OTU_97.31398	-1
OTU_97.3140	-1
OTU_97.31400	-1
OTU_97.31403	1
OTU_97.31404	1
OTU_97.31405	-1
OTU_97.31406	-1
OTU_97.31407	-1
OTU_97.31408	-1
OTU_97.31411	-1
OTU_97.31417	-1
OTU_97.31418	-1
OTU_97.3142	-1
OTU_97.31422	-1
OTU_97.31424	-1
OTU_97.31428	1
OTU_97.31429	1
OTU_97.3143	1
OTU_97.31430	-1
OTU_97.31433	-1
OTU_97.31435	-1
OTU_97.31439	-1
OTU_97.3144	-1
OTU_97.31444	-1
OTU_97.31445	-1
OTU_97.31446	-1
OTU_97.31456	-1
OTU_97.31458	-1
OTU_97.31465	1
OTU_97.31466	-1
OTU_97.31471	-1
OTU_97.31477	-1
OTU_97.31479	1
OTU_97.31488	-1
OTU_97.31489	-1
OTU_97.31491	-1
OTU_97.31496	-1
OTU_97.31497	-1
OTU_97.31498	-1
OTU_97.315	1
OTU_97.31505	-1
OTU_97.31507	-1
OTU_97.31508	-1
OTU_97.3151	-1
OTU_97.31514	1
OTU_97.31515	-1
OTU_97.31516	1
OTU_97.31519	-1
OTU_97.3152	-1
OTU_97.31521	-1
OTU_97.31523	1
OTU_97.31526	1
OTU_97.31529	1
OTU_97.31530	-1
OTU_97.31535	-1
OTU_97.31538	-1
OTU_97.31541	-1
OTU_97.31546	-1
OTU_97.31550	-1
OTU_97.31556	1
OTU_97.31558	-1
OTU_97.31559	-1
OTU_97.31560	1
OTU_97.31561	-1
OTU_97.31563	1
OTU_97.31564	-1
OTU_97.31567	-1
OTU_97.31569	-1
OTU_97.3157	-1
OTU_97.31570	-1
OTU_97.31577	-1
OTU_97.31583	-1
OTU_97.31585	-1
OTU_97.31586	-1
OTU_97.31590	-1
OTU_97.31595	-1
OTU_97.31596	-1
OTU_97.3160	-1
OTU_97.31600	1
OTU_97.31602	-1
OTU_97.31605	-1
OTU_97.31607	-1
OTU_97.31608	-1
OTU_97.31609	-1
OTU_97.31611	-1
OTU_97.31612	1
OTU_97.31613	-1
OTU_97.31614	-1
OTU_97.31618	-1
OTU_97.31620	1
OTU_97.31622	-1
OTU_97.31629	-1
OTU_97.3163	-1
OTU_97.31634	-1
OTU_97.31637	-1
OTU_97.3164	-1
OTU_97.31640	-1
OTU_97.31641	1
OTU_97.31643	-1
OTU_97.31645	-1
OTU_97.31646	-1
OTU_97.3165	-1
OTU_97.31650	1
OTU_97.31655	1
OTU_97.31656	-1
OTU_97.31657	-1
OTU_97.31658	-1
OTU_97.31661	-1
OTU_97.31662	-1
OTU_97.31664	-1
OTU_97.31666	-1
OTU_97.31668	-1
OTU_97.31675	-1
OTU_97.3168	-1
OTU_97.31684	-1
OTU_97.31691	-1
OTU_97.31692	1
OTU_97.31693	-1
OTU_97.31697	-1
OTU_97.31698	-1
OTU_97.31700	1
OTU_97.31704	1
OTU_97.31706	-1
OTU_97.31709	-1
OTU_97.31713	1
OTU_97.31715	-1
OTU_97.31718	1
OTU_97.31725	-1
OTU_97.31730	-1
OTU_97.31731	1
OTU_97.31737	-1
OTU_97.31738	-1
OTU_97.31742	-1
OTU_97.31743	-1
OTU_97.31750	1
OTU_97.31752	-1
OTU_97.31753	-1
OTU_97.31758	-1
OTU_97.3176	1
OTU_97.31760	-1
OTU_97.31761	-1
OTU_97.31767	-1
OTU_97.31768	-1
OTU_97.31769	1
OTU_97.3177	-1
OTU_97.3178	-1
OTU_97.31781	-1
OTU_97.31782	-1
OTU_97.31786	-1
OTU_97.31787	1
OTU_97.31792	-1
OTU_97.31798	-1
OTU_97.31801	-1
OTU_97.31802	1
OTU_97.31815	-1
OTU_97.31817	1
OTU_97.31818	-1
OTU_97.31819	-1
OTU_97.3182	-1
OTU_97.31827	-1
OTU_97.31835	-1
OTU_97.31840	-1
OTU_97.31842	-1
OTU_97.31847	-1
OTU_97.3185	-1
OTU_97.31850	1
OTU_97.31854	-1
OTU_97.31856	-1
OTU_97.31858	-1
OTU_97.31860	-1
OTU_97.31865	1
OTU_97.31869	-1
OTU_97.31870	-1
OTU_97.31871	1
OTU_97.31875	-1
OTU_97.31885	-1
OTU_97.31886	-1
OTU_97.31887	-1
OTU_97.31889	-1
OTU_97.31890	-1
OTU_97.31891	-1
OTU_97.31892	-1
OTU_97.31895	-1
OTU_97.31896	-1
OTU_97.31897	-1
OTU_97.31905	-1
OTU_97.31908	1
OTU_97.3191	-1
OTU_97.31910	-1
OTU_97.31911	-1
OTU_97.31917	-1
OTU_97.31918	-1
OTU_97.31921	-1
OTU_97.31925	-1
OTU_97.31926	-1
OTU_97.31928	-1
OTU_97.31929	-1
OTU_97.31930	-1
OTU_97.31932	-1
OTU_97.31939	-1
OTU_97.31940	-1
OTU_97.31941	-1
OTU_97.31945	-1
OTU_97.31946	-1
OTU_97.31948	-1
OTU_97.31954	-1
OTU_97.31955	-1
OTU_97.31959	-1
OTU_97.3196	-1
OTU_97.31961	-1
OTU_97.31968	-1
OTU_97.31969	-1
OTU_97.31971	-1
OTU_97.31972	-1
OTU_97.31973	-1
OTU_97.31974	-1
OTU_97.3198	-1
OTU_97.31985	-1
OTU_97.31987	-1
OTU_97.31989	-1
OTU_97.3199	-1
OTU_97.31992	-1
OTU_97.31993	-1
OTU_97.31996	-1
OTU_97.31999	-1
OTU_97.32	-1
OTU_97.320	-1
OTU_97.3200	-1
OTU_97.32001	-1
OTU_97.32002	-1
OTU_97.32003	-1
OTU_97.32004	-1
OTU_97.32008	-1
OTU_97.32011	-1
OTU_97.32014	-1
OTU_97.32015	-1
OTU_97.32017	-1
OTU_97.32019	-1
OTU_97.3202	1
OTU_97.32024	-1
OTU_97.32027	-1
OTU_97.32028	-1
OTU_97.32032	-1
OTU_97.32033	-1
OTU_97.32035	-1
OTU_97.32040	-1
OTU_97.32042	1
OTU_97.32043	-1
OTU_97.32044	-1
OTU_97.32048	1
OTU_97.32050	-1
OTU_97.32052	-1
OTU_97.32053	1
OTU_97.32058	1
OTU_97.32063	-1
OTU_97.32064	-1
OTU_97.32066	-1
OTU_97.32067	-1
OTU_97.32069	-1
OTU_97.32070	-1
OTU_97.32071	-1
OTU_97.32072	1
OTU_97.32073	1
OTU_97.32075	-1
OTU_97.32076	-1
OTU_97.32077	-1
OTU_97.32079	-1
OTU_97.3208	1
OTU_97.32080	-1
OTU_97.32083	-1
OTU_97.32087	1
OTU_97.32089	-1
OTU_97.32092	-1
OTU_97.32093	-1
OTU_97.32094	-1
OTU_97.32095	-1
OTU_97.32099	1
OTU_97.321	-1
OTU_97.32102	-1
OTU_97.32104	-1
OTU_97.32105	-1
OTU_97.32106	-1
OTU_97.32108	-1
OTU_97.32109	-1
OTU_97.32111	1
OTU_97.32112	1
OTU_97.32115	-1
OTU_97.3212	-1
OTU_97.32127	-1
OTU_97.32128	1
OTU_97.32132	-1
OTU_97.32137	-1
OTU_97.32138	-1
OTU_97.32139	1
OTU_97.32140	-1
OTU_97.32145	-1
OTU_97.32151	-1
OTU_97.32157	-1
OTU_97.32159	-1
OTU_97.32161	-1
OTU_97.32163	-1
OTU_97.32164	-1
OTU_97.32168	-1
OTU_97.32175	-1
OTU_97.32176	-1
OTU_97.32179	-1
OTU_97.3218	-1
OTU_97.32180	-1
OTU_97.3219	-1
OTU_97.32190	-1
OTU_97.32191	-1
OTU_97.32193	-1
OTU_97.32199	1
OTU_97.322	-1
OTU_97.3220	1
OTU_97.32200	-1
OTU_97.32205	-1
OTU_97.3221	-1
OTU_97.32210	1
OTU_97.32211	-1
OTU_97.32212	-1
OTU_97.32213	-1
OTU_97.32217	-1
OTU_97.32218	1
OTU_97.3222	-1
OTU_97.32220	1
OTU_97.32224	-1
OTU_97.32225	1
OTU_97.32226	-1
OTU_97.32228	-1
OTU_97.32230	-1
OTU_97.32231	-1
OTU_97.32235	-1
OTU_97.32238	1
OTU_97.32243	-1
OTU_97.32244	-1
OTU_97.32246	-1
OTU_97.32247	-1
OTU_97.32249	-1
OTU_97.32253	-1
OTU_97.32255	1
OTU_97.32257	-1
OTU_97.32259	-1
OTU_97.32263	-1
OTU_97.32267	-1
OTU_97.32272	-1
OTU_97.32273	-1
OTU_97.32279	-1
OTU_97.3228	1
OTU_97.32280	-1
OTU_97.32282	-1
OTU_97.32287	-1
OTU_97.32290	-1
OTU_97.32293	-1
OTU_97.32298	-1
OTU_97.32299	-1
OTU_97.3230	-1
OTU_97.32301	-1
OTU_97.32303	-1
OTU_97.32306	-1
OTU_97.32312	-1
OTU_97.32314	-1
OTU_97.32317	-1
OTU_97.32318	1
OTU_97.32324	-1
OTU_97.32326	-1
OTU_97.32329	-1
OTU_97.3233	-1
OTU_97.32333	-1
OTU_97.32339	-1
OTU_97.32342	-1
OTU_97.32348	-1
OTU_97.32349	-1
OTU_97.32356	-1
OTU_97.32357	-1
OTU_97.32359	-1
OTU_97.3236	-1
OTU_97.32362	-1
OTU_97.32363	1
OTU_97.32365	-1
OTU_97.32366	-1
OTU_97.32369	-1
OTU_97.32370	-1
OTU_97.32371	-1
OTU_97.32373	1
OTU_97.32379	-1
OTU_97.32380	-1
OTU_97.32383	-1
OTU_97.32385	-1
OTU_97.32387	1
OTU_97.32390	-1
OTU_97.32393	-1
OTU_97.32399	1
OTU_97.3240	-1
OTU_97.32400	1
OTU_97.32401	-1
OTU_97.32413	-1
OTU_97.32416	-1
OTU_97.3242	-1
OTU_97.32420	-1
OTU_97.32422	1
OTU_97.32423	-1
OTU_97.32429	-1
OTU_97.32434	-1
OTU_97.32438	1
OTU_97.32441	-1
OTU_97.32455	1
OTU_97.32470	-1
OTU_97.32477	-1
OTU_97.32478	-1
OTU_97.32484	-1
OTU_97.32487	-1
OTU_97.32489	1
OTU_97.32491	-1
OTU_97.32492	-1
OTU_97.32493	-1
OTU_97.32501	-1
OTU_97.32504	-1
OTU_97.32505	-1
OTU_97.32506	-1
OTU_97.32507	1
OTU_97.32508	-1
OTU_97.32512	-1
OTU_97.32516	-1
OTU_97.3252	-1
OTU_97.32525	-1
OTU_97.32529	-1
OTU_97.32530	1
OTU_97.32533	-1
OTU_97.32535	-1
OTU_97.32536	-1
OTU_97.32541	-1
OTU_97.32548	-1
OTU_97.32550	-1
OTU_97.32552	-1
OTU_97.32555	-1
OTU_97.32558	-1
OTU_97.32560	-1
OTU_97.32562	-1
OTU_97.32566	-1
OTU_97.32567	-1
OTU_97.32570	-1
OTU_97.32572	-1
OTU_97.32573	-1
OTU_97.32575	-1
OTU_97.32576	-1
OTU_97.32577	-1
OTU_97.3258	-1
OTU_97.32583	-1
OTU_97.32586	1
OTU_97.32591	-1
OTU_97.32594	-1
OTU_97.32599	-1
OTU_97.32603	1
OTU_97.32606	-1
OTU_97.32609	-1
OTU_97.3261	1
OTU_97.32617	-1
OTU_97.32620	-1
OTU_97.32621	-1
OTU_97.32622	-1
OTU_97.32625	-1
OTU_97.3263	-1
OTU_97.32630	1
OTU_97.32634	-1
OTU_97.32638	-1
OTU_97.32639	-1
OTU_97.32640	-1
OTU_97.32641	-1
OTU_97.32642	-1
OTU_97.32644	-1
OTU_97.32646	1
OTU_97.32651	-1
OTU_97.32652	-1
OTU_97.32654	-1
OTU_97.32655	-1
OTU_97.32656	-1
OTU_97.32657	-1
OTU_97.32658	-1
OTU_97.3266	-1
OTU_97.32661	-1
OTU_97.32665	-1
OTU_97.32667	-1
OTU_97.32669	-1
OTU_97.32671	-1
OTU_97.32673	1
OTU_97.32677	1
OTU_97.32678	-1
OTU_97.32679	-1
OTU_97.32683	-1
OTU_97.32697	-1
OTU_97.32699	-1
OTU_97.327	-1
OTU_97.3270	-1
OTU_97.32700	-1
OTU_97.32701	-1
OTU_97.32702	-1
OTU_97.32706	-1
OTU_97.32709	-1
OTU_97.32710	-1
OTU_97.32713	-1
OTU_97.32719	-1
OTU_97.32726	-1
OTU_97.32727	-1
OTU_97.3273	1
OTU_97.32733	-1
OTU_97.32734	-1
OTU_97.32735	-1
OTU_97.32744	-1
OTU_97.32745	-1
OTU_97.32746	-1
OTU_97.32747	-1
OTU_97.3275	-1
OTU_97.32750	-1
OTU_97.32751	1
OTU_97.32752	-1
OTU_97.32753	1
OTU_97.32754	-1
OTU_97.32755	-1
OTU_97.32756	-1
OTU_97.32757	-1
OTU_97.32761	-1
OTU_97.32763	-1
OTU_97.32767	-1
OTU_97.32768	-1
OTU_97.32769	-1
OTU_97.32771	-1
OTU_97.32772	-1
OTU_97.32773	1
OTU_97.32777	-1
OTU_97.32778	-1
OTU_97.3278	-1
OTU_97.32781	-1
OTU_97.32782	1
OTU_97.32787	-1
OTU_97.32788	1
OTU_97.3279	-1
OTU_97.32790	-1
OTU_97.32793	-1
OTU_97.32795	-1
OTU_97.32798	1
OTU_97.32799	-1
OTU_97.328	-1
OTU_97.32800	-1
OTU_97.32801	-1
OTU_97.32802	-1
OTU_97.32803	-1
OTU_97.32804	-1
OTU_97.32807	-1
OTU_97.32808	-1
OTU_97.32813	-1
OTU_97.32819	-1
OTU_97.32826	-1
OTU_97.32830	-1
OTU_97.32833	-1
OTU_97.32835	-1
OTU_97.32838	-1
OTU_97.32840	-1
OTU_97.32847	-1
OTU_97.32848	-1
OTU_97.32854	-1
OTU_97.32857	-1
OTU_97.32858	-1
OTU_97.32860	-1
OTU_97.32861	-1
OTU_97.32863	-1
OTU_97.32867	1
OTU_97.32871	-1
OTU_97.32873	-1
OTU_97.32874	-1
OTU_97.3288	-1
OTU_97.32880	1
OTU_97.32884	-1
OTU_97.32897	-1
OTU_97.329	-1
OTU_97.32907	-1
OTU_97.3291	-1
OTU_97.32911	-1
OTU_97.32912	-1
OTU_97.32921	-1
OTU_97.32923	-1
OTU_97.32925	-1
OTU_97.32926	1
OTU_97.3293	-1
OTU_97.32930	-1
OTU_97.32932	-1
OTU_97.32941	-1
OTU_97.3295	-1
OTU_97.32952	-1
OTU_97.32955	-1
OTU_97.32956	-1
OTU_97.32971	-1
OTU_97.32972	-1
OTU_97.32973	1
OTU_97.32976	-1
OTU_97.32980	-1
OTU_97.32985	-1
OTU_97.32988	-1
OTU_97.32989	-1
OTU_97.32990	-1
OTU_97.32995	-1
OTU_97.32996	-1
OTU_97.32999	-1
OTU_97.33	-1
OTU_97.330	-1
OTU_97.33000	-1
OTU_97.33001	-1
OTU_97.33004	-1
OTU_97.33008	-1
OTU_97.33010	-1
OTU_97.33018	-1
OTU_97.33019	-1
OTU_97.3302	-1
OTU_97.33021	-1
OTU_97.33024	-1
OTU_97.33025	-1
OTU_97.33030	-1
OTU_97.33033	-1
OTU_97.33038	-1
OTU_97.3304	-1
OTU_97.33041	-1
OTU_97.33045	-1
OTU_97.33048	-1
OTU_97.3305	-1
OTU_97.33050	-1
OTU_97.33053	-1
OTU_97.33055	-1
OTU_97.33058	-1
OTU_97.33061	1
OTU_97.33062	-1
OTU_97.33067	-1
OTU_97.33069	1
OTU_97.33070	-1
OTU_97.33075	-1
OTU_97.33079	-1
OTU_97.33080	-1
OTU_97.33091	-1
OTU_97.33092	-1
OTU_97.33098	-1
OTU_97.33099	-1
OTU_97.331	-1
OTU_97.33101	-1
OTU_97.33110	-1
OTU_97.33112	-1
OTU_97.33113	-1
OTU_97.33115	-1
OTU_97.33119	-1
OTU_97.33121	-1
OTU_97.33123	-1
OTU_97.33127	-1
OTU_97.33130	-1
OTU_97.33133	-1
OTU_97.33138	-1
OTU_97.3314	-1
OTU_97.33141	-1
OTU_97.33143	-1
OTU_97.33146	-1
OTU_97.33147	-1
OTU_97.33148	-1
OTU_97.33149	-1
OTU_97.3315	-1
OTU_97.33153	-1
OTU_97.33154	-1
OTU_97.33155	-1
OTU_97.33156	1
OTU_97.33161	-1
OTU_97.33162	-1
OTU_97.33167	-1
OTU_97.3317	1
OTU_97.33176	-1
OTU_97.33177	1
OTU_97.33181	-1
OTU_97.33187	-1
OTU_97.33194	-1
OTU_97.33195	-1
OTU_97.33198	1
OTU_97.33199	-1
OTU_97.33201	-1
OTU_97.33202	-1
OTU_97.33204	-1
OTU_97.33207	-1
OTU_97.33208	-1
OTU_97.33210	-1
OTU_97.33212	-1
OTU_97.33214	1
OTU_97.33218	1
OTU_97.3322	-1
OTU_97.33221	-1
OTU_97.33225	-1
OTU_97.33227	-1
OTU_97.33229	-1
OTU_97.33231	-1
OTU_97.33233	-1
OTU_97.33236	-1
OTU_97.33238	-1
OTU_97.33239	-1
OTU_97.33241	-1
OTU_97.33245	-1
OTU_97.33246	-1
OTU_97.3325	-1
OTU_97.33256	-1
OTU_97.33258	-1
OTU_97.3326	-1
OTU_97.33261	-1
OTU_97.33264	-1
OTU_97.33266	1
OTU_97.33267	-1
OTU_97.33268	-1
OTU_97.33274	-1
OTU_97.33275	1
OTU_97.33284	-1
OTU_97.33287	-1
OTU_97.33288	-1
OTU_97.33289	-1
OTU_97.3329	-1
OTU_97.33291	-1
OTU_97.33292	-1
OTU_97.33294	-1
OTU_97.33295	-1
OTU_97.33296	-1
OTU_97.333	-1
OTU_97.33303	-1
OTU_97.33304	1
OTU_97.33305	-1
OTU_97.33307	1
OTU_97.33310	1
OTU_97.33311	-1
OTU_97.33313	-1
OTU_97.33328	-1
OTU_97.33329	-1
OTU_97.33330	-1
OTU_97.33331	1
OTU_97.33334	-1
OTU_97.33339	-1
OTU_97.33340	-1
OTU_97.33342	-1
OTU_97.33343	-1
OTU_97.33344	-1
OTU_97.33348	-1
OTU_97.33350	1
OTU_97.33354	1
OTU_97.33356	-1
OTU_97.33358	-1
OTU_97.3336	1
OTU_97.33360	-1
OTU_97.33363	-1
OTU_97.33369	-1
OTU_97.33374	-1
OTU_97.33378	1
OTU_97.3338	-1
OTU_97.33381	1
OTU_97.33383	-1
OTU_97.33385	-1
OTU_97.33386	-1
OTU_97.3339	-1
OTU_97.33393	1
OTU_97.33396	-1
OTU_97.33399	-1
OTU_97.334	-1
OTU_97.33402	-1
OTU_97.33406	-1
OTU_97.33407	-1
OTU_97.33409	-1
OTU_97.33413	-1
OTU_97.33415	-1
OTU_97.33422	-1
OTU_97.33424	-1
OTU_97.33426	-1
OTU_97.33427	-1
OTU_97.33429	-1
OTU_97.33434	-1
OTU_97.33436	-1
OTU_97.33439	-1
OTU_97.3344	-1
OTU_97.33444	-1
OTU_97.33446	-1
OTU_97.33447	-1
OTU_97.33451	-1
OTU_97.33453	-1
OTU_97.33457	-1
OTU_97.33458	-1
OTU_97.33459	1
OTU_97.3346	-1
OTU_97.33463	-1
OTU_97.33467	-1
OTU_97.33469	-1
OTU_97.33470	-1
OTU_97.33472	1
OTU_97.33475	-1
OTU_97.33477	-1
OTU_97.33478	1
OTU_97.33480	-1
OTU_97.33482	1
OTU_97.33484	-1
OTU_97.33485	1
OTU_97.33493	-1
OTU_97.33494	-1
OTU_97.33495	1
OTU_97.335	-1
OTU_97.33500	-1
OTU_97.33505	-1
OTU_97.33508	-1
OTU_97.33511	-1
OTU_97.33513	-1
OTU_97.33514	-1
OTU_97.33515	-1
OTU_97.33518	-1
OTU_97.33520	-1
OTU_97.33528	-1
OTU_97.33530	-1
OTU_97.33531	-1
OTU_97.33532	-1
OTU_97.33536	1
OTU_97.33545	-1
OTU_97.33547	-1
OTU_97.33549	-1
OTU_97.33550	-1
OTU_97.33551	-1
OTU_97.33552	-1
OTU_97.33554	1
OTU_97.33555	-1
OTU_97.33556	-1
OTU_97.33557	-1
OTU_97.33558	-1
OTU_97.33560	-1
OTU_97.33564	-1
OTU_97.33567	-1
OTU_97.33572	-1
OTU_97.33574	-1
OTU_97.33577	-1
OTU_97.33578	-1
OTU_97.33579	-1
OTU_97.33580	-1
OTU_97.33581	-1
OTU_97.33583	-1
OTU_97.33588	-1
OTU_97.33589	-1
OTU_97.33592	-1
OTU_97.336	-1
OTU_97.3360	-1
OTU_97.33601	-1
OTU_97.33604	-1
OTU_97.33608	-1
OTU_97.33611	1
OTU_97.3362	-1
OTU_97.33620	-1
OTU_97.33622	-1
OTU_97.33624	-1
OTU_97.33627	-1
OTU_97.33628	-1
OTU_97.33631	-1
OTU_97.33632	-1
OTU_97.33637	-1
OTU_97.33644	-1
OTU_97.33649	-1
OTU_97.3365	-1
OTU_97.33650	-1
OTU_97.33653	1
OTU_97.33656	-1
OTU_97.33657	-1
OTU_97.3366	1
OTU_97.33664	-1
OTU_97.33665	-1
OTU_97.33668	-1
OTU_97.33670	-1
OTU_97.33671	-1
OTU_97.33672	-1
OTU_97.33673	-1
OTU_97.33675	1
OTU_97.33679	-1
OTU_97.33680	-1
OTU_97.33681	-1
OTU_97.33682	-1
OTU_97.33686	-1
OTU_97.33688	-1
OTU_97.33693	-1
OTU_97.33696	-1
OTU_97.337	1
OTU_97.3370	-1
OTU_97.33703	-1
OTU_97.33705	-1
OTU_97.33707	-1
OTU_97.33709	-1
OTU_97.33710	-1
OTU_97.33711	-1
OTU_97.33714	-1
OTU_97.33716	-1
OTU_97.33725	-1
OTU_97.33727	-1
OTU_97.33728	-1
OTU_97.33729	-1
OTU_97.33731	-1
OTU_97.33732	-1
OTU_97.33733	-1
OTU_97.33736	-1
OTU_97.33749	-1
OTU_97.33750	-1
OTU_97.33753	-1
OTU_97.33756	-1
OTU_97.3376	-1
OTU_97.33760	-1
OTU_97.33761	1
OTU_97.33770	-1
OTU_97.33772	-1
OTU_97.33773	-1
OTU_97.33780	-1
OTU_97.33781	1
OTU_97.33787	-1
OTU_97.33788	-1
OTU_97.33789	-1
OTU_97.33792	-1
OTU_97.33794	-1
OTU_97.33795	-1
OTU_97.33798	1
OTU_97.33801	1
OTU_97.33802	1
OTU_97.33803	-1
OTU_97.33806	1
OTU_97.33807	-1
OTU_97.3381	-1
OTU_97.33810	-1
OTU_97.33814	-1
OTU_97.33819	-1
OTU_97.33829	-1
OTU_97.33834	-1
OTU_97.33837	-1
OTU_97.33840	-1
OTU_97.33841	1
OTU_97.33845	-1
OTU_97.33846	-1
OTU_97.33847	-1
OTU_97.33848	-1
OTU_97.33855	-1
OTU_97.33856	-1
OTU_97.33857	-1
OTU_97.33858	-1
OTU_97.33860	-1
OTU_97.33862	-1
OTU_97.33865	-1
OTU_97.33866	-1
OTU_97.33868	-1
OTU_97.3387	-1
OTU_97.33870	-1
OTU_97.33872	-1
OTU_97.33876	-1
OTU_97.33879	-1
OTU_97.33881	-1
OTU_97.33882	-1
OTU_97.33887	-1
OTU_97.33888	-1
OTU_97.33891	-1
OTU_97.33894	-1
OTU_97.33898	-1
OTU_97.33899	-1
OTU_97.33900	-1
OTU_97.33904	-1
OTU_97.33905	-1
OTU_97.33908	-1
OTU_97.33913	-1
OTU_97.3392	-1
OTU_97.33923	-1
OTU_97.33926	-1
OTU_97.33928	-1
OTU_97.3393	-1
OTU_97.33930	-1
OTU_97.33931	-1
OTU_97.33933	-1
OTU_97.33934	-1
OTU_97.33936	-1
OTU_97.3394	-1
OTU_97.33942	-1
OTU_97.33944	-1
OTU_97.33945	-1
OTU_97.33946	-1
OTU_97.33947	-1
OTU_97.33948	-1
OTU_97.33949	-1
OTU_97.33950	-1
OTU_97.33954	1
OTU_97.33955	-1
OTU_97.33956	-1
OTU_97.33957	-1
OTU_97.33960	1
OTU_97.33961	-1
OTU_97.33963	-1
OTU_97.33966	-1
OTU_97.33970	1
OTU_97.33972	-1
OTU_97.33973	1
OTU_97.33975	-1
OTU_97.33977	-1
OTU_97.33978	-1
OTU_97.33980	-1
OTU_97.33985	-1
OTU_97.33988	-1
OTU_97.33990	-1
OTU_97.33992	-1
OTU_97.33995	-1
OTU_97.34	-1
OTU_97.34000	-1
OTU_97.34001	-1
OTU_97.34003	-1
OTU_97.3401	-1
OTU_97.34015	1
OTU_97.34018	-1
OTU_97.34019	-1
OTU_97.34020	-1
OTU_97.34029	-1
OTU_97.34033	-1
OTU_97.34034	-1
OTU_97.34038	-1
OTU_97.34039	-1
OTU_97.34040	-1
OTU_97.34043	-1
OTU_97.34044	-1
OTU_97.34046	-1
OTU_97.34047	1
OTU_97.34052	-1
OTU_97.34053	-1
OTU_97.34056	1
OTU_97.3406	-1
OTU_97.34060	-1
OTU_97.34063	-1
OTU_97.34066	-1
OTU_97.34071	-1
OTU_97.34073	-1
OTU_97.34074	-1
OTU_97.34076	-1
OTU_97.34077	-1
OTU_97.3408	-1
OTU_97.34084	-1
OTU_97.34086	-1
OTU_97.34087	-1
OTU_97.34090	-1
OTU_97.34091	-1
OTU_97.34092	-1
OTU_97.34093	-1
OTU_97.34094	-1
OTU_97.34097	-1
OTU_97.34098	-1
OTU_97.341	-1
OTU_97.34103	1
OTU_97.34105	-1
OTU_97.34106	-1
OTU_97.34107	-1
OTU_97.34108	-1
OTU_97.34109	-1
OTU_97.34115	-1
OTU_97.34117	1
OTU_97.34118	-1
OTU_97.34119	-1
OTU_97.34120	-1
OTU_97.34121	-1
OTU_97.34123	-1
OTU_97.34124	-1
OTU_97.3413	-1
OTU_97.34130	-1
OTU_97.34134	-1
OTU_97.34138	-1
OTU_97.34139	-1
OTU_97.34140	-1
OTU_97.34141	1
OTU_97.34142	-1
OTU_97.34143	-1
OTU_97.34144	-1
OTU_97.34146	-1
OTU_97.34148	-1
OTU_97.34149	-1
OTU_97.3415	1
OTU_97.34150	-1
OTU_97.34153	-1
OTU_97.34156	1
OTU_97.34159	-1
OTU_97.34162	-1
OTU_97.34165	-1
OTU_97.34166	1
OTU_97.34169	-1
OTU_97.3417	-1
OTU_97.34171	-1
OTU_97.34173	-1
OTU_97.34179	-1
OTU_97.3418	-1
OTU_97.34183	-1
OTU_97.34185	-1
OTU_97.34189	-1
OTU_97.3419	-1
OTU_97.34191	-1
OTU_97.34194	-1
OTU_97.34199	-1
OTU_97.342	-1
OTU_97.3420	1
OTU_97.34200	1
OTU_97.34203	-1
OTU_97.34204	-1
OTU_97.34205	-1
OTU_97.34207	1
OTU_97.34208	-1
OTU_97.34212	-1
OTU_97.34213	-1
OTU_97.34215	-1
OTU_97.3422	-1
OTU_97.34220	1
OTU_97.34221	-1
OTU_97.34227	-1
OTU_97.3423	-1
OTU_97.34230	-1
OTU_97.34231	-1
OTU_97.34233	-1
OTU_97.34235	-1
OTU_97.34236	-1
OTU_97.34237	-1
OTU_97.34238	1
OTU_97.34239	-1
OTU_97.34242	-1
OTU_97.34243	-1
OTU_97.34246	-1
OTU_97.34250	-1
OTU_97.34251	-1
OTU_97.34254	-1
OTU_97.34255	-1
OTU_97.34260	-1
OTU_97.34266	-1
OTU_97.34267	-1
OTU_97.34273	-1
OTU_97.34275	-1
OTU_97.34278	1
OTU_97.34288	1
OTU_97.34294	1
OTU_97.34297	-1
OTU_97.34305	-1
OTU_97.34311	-1
OTU_97.34317	-1
OTU_97.3432	-1
OTU_97.34325	-1
OTU_97.34330	-1
OTU_97.34331	1
OTU_97.34334	-1
OTU_97.34335	-1
OTU_97.34337	-1
OTU_97.34338	-1
OTU_97.3434	1
OTU_97.34340	-1
OTU_97.34344	-1
OTU_97.34345	-1
OTU_97.34346	-1
OTU_97.34351	-1
OTU_97.34353	-1
OTU_97.34354	-1
OTU_97.34356	-1
OTU_97.34357	-1
OTU_97.34358	-1
OTU_97.34360	-1
OTU_97.34362	-1
OTU_97.34363	-1
OTU_97.34365	1
OTU_97.34367	-1
OTU_97.34369	-1
OTU_97.34372	-1
OTU_97.34374	-1
OTU_97.34378	-1
OTU_97.34380	-1
OTU_97.34383	-1
OTU_97.34384	-1
OTU_97.34385	-1
OTU_97.34387	1
OTU_97.34388	-1
OTU_97.34389	-1
OTU_97.34391	-1
OTU_97.34398	-1
OTU_97.34404	-1
OTU_97.34405	1
OTU_97.3441	-1
OTU_97.34412	-1
OTU_97.34413	-1
OTU_97.34415	-1
OTU_97.34417	-1
OTU_97.3442	-1
OTU_97.34424	-1
OTU_97.34425	-1
OTU_97.34426	-1
OTU_97.34429	1
OTU_97.34435	-1
OTU_97.34438	-1
OTU_97.34441	-1
OTU_97.34444	-1
OTU_97.34447	-1
OTU_97.34449	-1
OTU_97.34450	-1
OTU_97.34451	1
OTU_97.34453	-1
OTU_97.34456	-1
OTU_97.34457	-1
OTU_97.34458	-1
OTU_97.34460	-1
OTU_97.34467	-1
OTU_97.34468	-1
OTU_97.34471	-1
OTU_97.34472	-1
OTU_97.34475	-1
OTU_97.34481	-1
OTU_97.34483	-1
OTU_97.34484	-1
OTU_97.34487	-1
OTU_97.34490	-1
OTU_97.34493	-1
OTU_97.34495	1
OTU_97.34497	-1
OTU_97.34498	-1
OTU_97.34501	1
OTU_97.34503	-1
OTU_97.34510	-1
OTU_97.34511	-1
OTU_97.34512	-1
OTU_97.3452	-1
OTU_97.34521	-1
OTU_97.34522	-1
OTU_97.34527	-1
OTU_97.34532	1
OTU_97.34533	-1
OTU_97.34534	-1
OTU_97.34536	1
OTU_97.34537	-1
OTU_97.34538	-1
OTU_97.34539	1
OTU_97.3454	-1
OTU_97.34540	1
OTU_97.34542	-1
OTU_97.34546	-1
OTU_97.3455	-1
OTU_97.34553	-1
OTU_97.34554	-1
OTU_97.34556	-1
OTU_97.34560	-1
OTU_97.34562	-1
OTU_97.34564	-1
OTU_97.34565	-1
OTU_97.34566	-1
OTU_97.34568	-1
OTU_97.34570	-1
OTU_97.34571	-1
OTU_97.34572	-1
OTU_97.34573	-1
OTU_97.34576	-1
OTU_97.34578	-1
OTU_97.34579	1
OTU_97.34584	-1
OTU_97.34586	-1
OTU_97.34589	1
OTU_97.34596	-1
OTU_97.34598	-1
OTU_97.346	-1
OTU_97.34600	-1
OTU_97.34601	-1
OTU_97.34604	-1
OTU_97.34609	-1
OTU_97.3461	-1
OTU_97.34614	-1
OTU_97.34615	1
OTU_97.34616	-1
OTU_97.34617	-1
OTU_97.3462	-1
OTU_97.34620	1
OTU_97.34623	-1
OTU_97.34624	-1
OTU_97.34625	-1
OTU_97.34627	-1
OTU_97.34628	-1
OTU_97.34631	-1
OTU_97.34635	-1
OTU_97.34636	-1
OTU_97.34637	-1
OTU_97.34639	-1
OTU_97.34641	-1
OTU_97.34649	-1
OTU_97.34652	-1
OTU_97.34655	-1
OTU_97.34657	1
OTU_97.34658	-1
OTU_97.3466	-1
OTU_97.34663	-1
OTU_97.34666	-1
OTU_97.34674	-1
OTU_97.34676	-1
OTU_97.34679	-1
OTU_97.3468	-1
OTU_97.34681	-1
OTU_97.34682	1
OTU_97.34683	-1
OTU_97.34684	-1
OTU_97.34686	-1
OTU_97.34690	-1
OTU_97.34692	-1
OTU_97.34695	1
OTU_97.34697	-1
OTU_97.34698	-1
OTU_97.34699	-1
OTU_97.3470	-1
OTU_97.34705	-1
OTU_97.34706	-1
OTU_97.34707	-1
OTU_97.3471	-1
OTU_97.34711	-1
OTU_97.34713	1
OTU_97.34714	1
OTU_97.34717	-1
OTU_97.34719	-1
OTU_97.34726	-1
OTU_97.34727	-1
OTU_97.34728	-1
OTU_97.34730	-1
OTU_97.34731	-1
OTU_97.34732	-1
OTU_97.34733	-1
OTU_97.34735	-1
OTU_97.34737	-1
OTU_97.34739	-1
OTU_97.34740	-1
OTU_97.34742	-1
OTU_97.34746	-1
OTU_97.34747	-1
OTU_97.34752	-1
OTU_97.34754	1
OTU_97.34755	-1
OTU_97.34756	-1
OTU_97.34759	-1
OTU_97.34761	-1
OTU_97.34762	-1
OTU_97.34763	-1
OTU_97.34766	-1
OTU_97.34773	-1
OTU_97.34774	1
OTU_97.34775	1
OTU_97.34776	-1
OTU_97.34777	-1
OTU_97.34780	1
OTU_97.34782	-1
OTU_97.34783	-1
OTU_97.34785	-1
OTU_97.34787	-1
OTU_97.34789	-1
OTU_97.3479	-1
OTU_97.34791	-1
OTU_97.34793	1
OTU_97.34795	-1
OTU_97.34796	-1
OTU_97.34806	-1
OTU_97.34807	-1
OTU_97.34808	1
OTU_97.3481	-1
OTU_97.34810	-1
OTU_97.34811	-1
OTU_97.34818	-1
OTU_97.3482	-1
OTU_97.34824	-1
OTU_97.34825	-1
OTU_97.34828	-1
OTU_97.34834	-1
OTU_97.34836	-1
OTU_97.34837	-1
OTU_97.34839	-1
OTU_97.34842	-1
OTU_97.34843	-1
OTU_97.34844	-1
OTU_97.34847	-1
OTU_97.34848	-1
OTU_97.34852	-1
OTU_97.34858	-1
OTU_97.34863	-1
OTU_97.34865	-1
OTU_97.34872	-1
OTU_97.34874	-1
OTU_97.34876	-1
OTU_97.34879	-1
OTU_97.3488	1
OTU_97.34881	1
OTU_97.34886	1
OTU_97.34887	-1
OTU_97.34889	-1
OTU_97.34891	-1
OTU_97.34893	1
OTU_97.34894	-1
OTU_97.34898	1
OTU_97.34903	1
OTU_97.34907	1
OTU_97.34909	-1
OTU_97.34911	-1
OTU_97.34912	-1
OTU_97.34916	-1
OTU_97.34917	-1
OTU_97.34918	1
OTU_97.34919	-1
OTU_97.3492	-1
OTU_97.34920	-1
OTU_97.34921	1
OTU_97.34922	-1
OTU_97.34923	1
OTU_97.34931	-1
OTU_97.34932	1
OTU_97.34934	-1
OTU_97.34937	-1
OTU_97.34938	1
OTU_97.34940	-1
OTU_97.34941	-1
OTU_97.34944	-1
OTU_97.34945	-1
OTU_97.34946	-1
OTU_97.34950	-1
OTU_97.34953	-1
OTU_97.34954	-1
OTU_97.34955	-1
OTU_97.34957	-1
OTU_97.34958	-1
OTU_97.3496	-1
OTU_97.34962	-1
OTU_97.34964	-1
OTU_97.3497	-1
OTU_97.34978	-1
OTU_97.34979	-1
OTU_97.34982	1
OTU_97.34983	-1
OTU_97.34985	1
OTU_97.34987	-1
OTU_97.34989	1
OTU_97.34991	-1
OTU_97.34992	-1
OTU_97.3500	-1
OTU_97.35008	-1
OTU_97.35009	-1
OTU_97.35012	-1
OTU_97.35014	-1
OTU_97.35015	-1
OTU_97.35018	-1
OTU_97.3502	-1
OTU_97.35020	-1
OTU_97.35021	-1
OTU_97.35025	-1
OTU_97.35026	-1
OTU_97.35027	-1
OTU_97.35028	-1
OTU_97.3503	1
OTU_97.35032	-1
OTU_97.35036	-1
OTU_97.35037	-1
OTU_97.35040	-1
OTU_97.35045	-1
OTU_97.35046	-1
OTU_97.35052	-1
OTU_97.35055	-1
OTU_97.35058	-1
OTU_97.35059	-1
OTU_97.3506	-1
OTU_97.35061	-1
OTU_97.35065	-1
OTU_97.35067	1
OTU_97.35071	-1
OTU_97.35077	-1
OTU_97.35078	-1
OTU_97.35081	-1
OTU_97.35082	1
OTU_97.35084	-1
OTU_97.35085	-1
OTU_97.35088	-1
OTU_97.3509	-1
OTU_97.35090	-1
OTU_97.35092	1
OTU_97.35093	-1
OTU_97.35096	-1
OTU_97.35097	-1
OTU_97.35099	-1
OTU_97.35101	-1
OTU_97.35102	1
OTU_97.35103	1
OTU_97.35105	-1
OTU_97.35106	-1
OTU_97.35107	-1
OTU_97.35109	-1
OTU_97.35110	-1
OTU_97.35111	-1
OTU_97.35113	-1
OTU_97.35117	-1
OTU_97.35119	-1
OTU_97.3512	-1
OTU_97.35122	-1
OTU_97.35123	-1
OTU_97.35127	-1
OTU_97.35130	-1
OTU_97.35134	-1
OTU_97.35135	-1
OTU_97.35136	-1
OTU_97.35138	-1
OTU_97.35139	-1
OTU_97.3514	-1
OTU_97.35140	1
OTU_97.35142	1
OTU_97.35144	-1
OTU_97.35152	-1
OTU_97.35153	1
OTU_97.35157	-1
OTU_97.35161	-1
OTU_97.35166	-1
OTU_97.35167	-1
OTU_97.35169	-1
OTU_97.3517	-1
OTU_97.35170	-1
OTU_97.35171	-1
OTU_97.35173	-1
OTU_97.35177	-1
OTU_97.35178	1
OTU_97.35181	-1
OTU_97.35184	-1
OTU_97.35185	-1
OTU_97.3519	-1
OTU_97.35193	-1
OTU_97.35194	1
OTU_97.35195	-1
OTU_97.35197	-1
OTU_97.35198	1
OTU_97.35202	-1
OTU_97.35203	1
OTU_97.35207	-1
OTU_97.35208	-1
OTU_97.35210	-1
OTU_97.35214	1
OTU_97.3522	1
OTU_97.35221	-1
OTU_97.35222	-1
OTU_97.35223	-1
OTU_97.35226	-1
OTU_97.35231	1
OTU_97.35236	-1
OTU_97.35239	-1
OTU_97.35241	-1
OTU_97.35242	-1
OTU_97.35246	-1
OTU_97.35248	-1
OTU_97.35253	-1
OTU_97.35257	-1
OTU_97.3526	-1
OTU_97.35262	1
OTU_97.35267	-1
OTU_97.35268	1
OTU_97.3527	-1
OTU_97.35275	1
OTU_97.35277	-1
OTU_97.3528	1
OTU_97.35284	-1
OTU_97.35286	-1
OTU_97.35297	-1
OTU_97.35298	1
OTU_97.353	-1
OTU_97.35300	-1
OTU_97.35302	1
OTU_97.35304	1
OTU_97.35309	-1
OTU_97.3531	-1
OTU_97.35310	-1
OTU_97.35311	-1
OTU_97.35313	-1
OTU_97.35320	1
OTU_97.35324	-1
OTU_97.35325	-1
OTU_97.35326	1
OTU_97.35328	-1
OTU_97.3533	-1
OTU_97.35335	-1
OTU_97.35336	-1
OTU_97.35337	-1
OTU_97.3534	-1
OTU_97.35347	-1
OTU_97.3535	1
OTU_97.35354	1
OTU_97.35358	-1
OTU_97.35359	-1
OTU_97.35361	-1
OTU_97.35366	-1
OTU_97.35367	1
OTU_97.35368	1
OTU_97.3537	-1
OTU_97.35376	-1
OTU_97.3538	-1
OTU_97.35386	-1
OTU_97.35390	-1
OTU_97.35391	-1
OTU_97.35394	1
OTU_97.35397	-1
OTU_97.35398	-1
OTU_97.35399	-1
OTU_97.354	-1
OTU_97.35401	-1
OTU_97.35402	-1
OTU_97.35407	-1
OTU_97.35408	-1
OTU_97.35412	-1
OTU_97.35413	-1
OTU_97.35416	1
OTU_97.35417	-1
OTU_97.35420	-1
OTU_97.35422	-1
OTU_97.35424	1
OTU_97.35434	-1
OTU_97.35435	-1
OTU_97.35439	-1
OTU_97.3544	-1
OTU_97.35444	-1
OTU_97.35446	1
OTU_97.35448	-1
OTU_97.35449	-1
OTU_97.3545	1
OTU_97.35451	-1
OTU_97.35454	-1
OTU_97.35455	-1
OTU_97.35456	-1
OTU_97.35459	1
OTU_97.3546	-1
OTU_97.35461	-1
OTU_97.35462	-1
OTU_97.35463	1
OTU_97.35467	-1
OTU_97.35468	1
OTU_97.35469	-1
OTU_97.35471	-1
OTU_97.35474	-1
OTU_97.35477	-1
OTU_97.3548	1
OTU_97.35480	-1
OTU_97.35482	-1
OTU_97.35483	-1
OTU_97.35484	1
OTU_97.35486	-1
OTU_97.35490	-1
OTU_97.35498	-1
OTU_97.35500	1
OTU_97.35501	-1
OTU_97.35504	-1
OTU_97.35505	-1
OTU_97.3551	-1
OTU_97.35511	-1
OTU_97.35513	-1
OTU_97.35515	-1
OTU_97.35517	-1
OTU_97.35523	-1
OTU_97.35529	-1
OTU_97.3553	-1
OTU_97.35531	-1
OTU_97.35534	1
OTU_97.35542	-1
OTU_97.35548	-1
OTU_97.35551	-1
OTU_97.35552	1
OTU_97.35554	1
OTU_97.35556	-1
OTU_97.35559	-1
OTU_97.35560	1
OTU_97.35564	-1
OTU_97.35568	-1
OTU_97.35570	-1
OTU_97.35574	-1
OTU_97.3558	-1
OTU_97.35582	-1
OTU_97.35585	-1
OTU_97.35588	-1
OTU_97.35590	1
OTU_97.35594	-1
OTU_97.35595	-1
OTU_97.35597	-1
OTU_97.35598	-1
OTU_97.35603	-1
OTU_97.35605	-1
OTU_97.35611	-1
OTU_97.35617	-1
OTU_97.3562	-1
OTU_97.35623	-1
OTU_97.35627	-1
OTU_97.35638	-1
OTU_97.3564	-1
OTU_97.35640	-1
OTU_97.35641	-1
OTU_97.35647	-1
OTU_97.35656	-1
OTU_97.35657	-1
OTU_97.3566	-1
OTU_97.35669	1
OTU_97.3567	-1
OTU_97.35672	-1
OTU_97.35675	1
OTU_97.35680	-1
OTU_97.35684	1
OTU_97.35685	-1
OTU_97.35692	-1
OTU_97.35693	-1
OTU_97.35694	-1
OTU_97.357	-1
OTU_97.35700	-1
OTU_97.35701	-1
OTU_97.35702	-1
OTU_97.35705	-1
OTU_97.35706	-1
OTU_97.35710	-1
OTU_97.35712	-1
OTU_97.35714	-1
OTU_97.3572	-1
OTU_97.35725	-1
OTU_97.35727	-1
OTU_97.35729	-1
OTU_97.35732	1
OTU_97.35740	-1
OTU_97.35745	-1
OTU_97.35747	-1
OTU_97.35750	-1
OTU_97.35751	-1
OTU_97.35752	-1
OTU_97.35755	-1
OTU_97.35756	-1
OTU_97.35757	-1
OTU_97.35762	-1
OTU_97.35763	-1
OTU_97.35765	-1
OTU_97.35770	-1
OTU_97.35779	-1
OTU_97.35782	1
OTU_97.35787	-1
OTU_97.35788	-1
OTU_97.35790	-1
OTU_97.35793	-1
OTU_97.35794	-1
OTU_97.35797	-1
OTU_97.35798	-1
OTU_97.35804	-1
OTU_97.35808	-1
OTU_97.35809	-1
OTU_97.35811	-1
OTU_97.35814	-1
OTU_97.35822	-1
OTU_97.35823	-1
OTU_97.35824	1
OTU_97.35825	-1
OTU_97.3583	-1
OTU_97.35832	-1
OTU_97.35833	-1
OTU_97.35834	-1
OTU_97.35840	-1
OTU_97.35843	-1
OTU_97.35846	1
OTU_97.35847	-1
OTU_97.35850	1
OTU_97.35852	-1
OTU_97.35854	1
OTU_97.35856	-1
OTU_97.35859	-1
OTU_97.3586	1
OTU_97.35861	-1
OTU_97.35862	-1
OTU_97.35864	-1
OTU_97.35873	-1
OTU_97.35874	-1
OTU_97.35876	-1
OTU_97.35885	1
OTU_97.3589	-1
OTU_97.35891	-1
OTU_97.35892	-1
OTU_97.35894	1
OTU_97.359	-1
OTU_97.3590	-1
OTU_97.35900	-1
OTU_97.3591	-1
OTU_97.35910	-1
OTU_97.35911	-1
OTU_97.35912	-1
OTU_97.35915	-1
OTU_97.35920	-1
OTU_97.35921	-1
OTU_97.35922	-1
OTU_97.35924	-1
OTU_97.35925	-1
OTU_97.35931	1
OTU_97.35934	-1
OTU_97.35937	1
OTU_97.35940	-1
OTU_97.35941	1
OTU_97.35942	-1
OTU_97.35945	-1
OTU_97.35952	-1
OTU_97.35953	-1
OTU_97.35956	-1
OTU_97.35960	-1
OTU_97.35964	-1
OTU_97.35967	-1
OTU_97.35973	1
OTU_97.35974	-1
OTU_97.35988	-1
OTU_97.35991	-1
OTU_97.35992	-1
OTU_97.35993	-1
OTU_97.36	-1
OTU_97.360	1
OTU_97.3600	-1
OTU_97.36006	-1
OTU_97.3601	-1
OTU_97.36013	-1
OTU_97.36014	-1
OTU_97.36017	-1
OTU_97.36018	-1
OTU_97.36019	-1
OTU_97.36020	-1
OTU_97.36033	-1
OTU_97.36034	-1
OTU_97.36035	1
OTU_97.3604	-1
OTU_97.36046	-1
OTU_97.36047	-1
OTU_97.3605	-1
OTU_97.36063	-1
OTU_97.36067	1
OTU_97.36072	-1
OTU_97.36080	1
OTU_97.36087	-1
OTU_97.36092	1
OTU_97.36104	-1
OTU_97.36105	-1
OTU_97.36108	-1
OTU_97.36109	1
OTU_97.3611	-1
OTU_97.36116	-1
OTU_97.36121	1
OTU_97.36122	1
OTU_97.36123	1
OTU_97.36124	-1
OTU_97.36127	1
OTU_97.36139	1
OTU_97.36142	-1
OTU_97.36148	-1
OTU_97.36153	-1
OTU_97.36154	-1
OTU_97.36155	-1
OTU_97.36157	1
OTU_97.3616	-1
OTU_97.36161	1
OTU_97.36162	-1
OTU_97.36163	-1
OTU_97.36164	-1
OTU_97.36165	-1
OTU_97.36166	-1
OTU_97.3617	-1
OTU_97.36170	-1
OTU_97.36173	-1
OTU_97.36176	1
OTU_97.36177	-1
OTU_97.36178	-1
OTU_97.36180	1
OTU_97.36182	-1
OTU_97.36190	-1
OTU_97.36192	-1
OTU_97.36199	-1
OTU_97.36202	-1
OTU_97.36203	-1
OTU_97.36204	-1
OTU_97.36206	-1
OTU_97.36208	-1
OTU_97.36211	-1
OTU_97.36213	-1
OTU_97.36214	-1
OTU_97.36215	-1
OTU_97.36217	-1
OTU_97.36219	-1
OTU_97.36221	-1
OTU_97.36224	1
OTU_97.36227	-1
OTU_97.36228	1
OTU_97.36229	-1
OTU_97.36234	-1
OTU_97.36235	-1
OTU_97.36238	1
OTU_97.36240	1
OTU_97.36245	-1
OTU_97.36246	-1
OTU_97.36250	-1
OTU_97.36253	1
OTU_97.36254	-1
OTU_97.36255	-1
OTU_97.36257	-1
OTU_97.36258	-1
OTU_97.36260	-1
OTU_97.36262	-1
OTU_97.36263	-1
OTU_97.36264	-1
OTU_97.36266	-1
OTU_97.36268	-1
OTU_97.36269	1
OTU_97.36271	1
OTU_97.36272	-1
OTU_97.36275	-1
OTU_97.36276	-1
OTU_97.36278	1
OTU_97.36279	-1
OTU_97.36280	-1
OTU_97.36281	-1
OTU_97.36283	-1
OTU_97.36284	-1
OTU_97.36286	-1
OTU_97.36287	-1
OTU_97.36288	-1
OTU_97.36289	-1
OTU_97.36295	-1
OTU_97.36296	1
OTU_97.36297	-1
OTU_97.3630	-1
OTU_97.36301	-1
OTU_97.36305	-1
OTU_97.36307	-1
OTU_97.36309	1
OTU_97.3631	-1
OTU_97.36311	-1
OTU_97.36314	-1
OTU_97.36315	-1
OTU_97.36318	-1
OTU_97.36320	-1
OTU_97.36322	-1
OTU_97.36323	-1
OTU_97.36325	1
OTU_97.3633	-1
OTU_97.36330	-1
OTU_97.36338	-1
OTU_97.36339	-1
OTU_97.36342	-1
OTU_97.36346	-1
OTU_97.36348	-1
OTU_97.3635	-1
OTU_97.36352	-1
OTU_97.36362	1
OTU_97.36364	-1
OTU_97.36366	1
OTU_97.36368	-1
OTU_97.3637	-1
OTU_97.36373	-1
OTU_97.36375	-1
OTU_97.36380	-1
OTU_97.36382	-1
OTU_97.36385	-1
OTU_97.36386	-1
OTU_97.36387	-1
OTU_97.36389	-1
OTU_97.3639	-1
OTU_97.36391	1
OTU_97.36393	-1
OTU_97.3640	-1
OTU_97.36404	1
OTU_97.36405	-1
OTU_97.36411	-1
OTU_97.36412	-1
OTU_97.36418	-1
OTU_97.36421	1
OTU_97.36422	1
OTU_97.36423	1
OTU_97.36424	-1
OTU_97.36425	-1
OTU_97.36428	-1
OTU_97.36429	-1
OTU_97.3643	-1
OTU_97.36432	-1
OTU_97.36434	-1
OTU_97.36435	-1
OTU_97.3644	-1
OTU_97.36447	-1
OTU_97.36451	1
OTU_97.36457	-1
OTU_97.36458	1
OTU_97.36461	-1
OTU_97.36465	-1
OTU_97.36469	-1
OTU_97.3647	-1
OTU_97.36471	-1
OTU_97.36477	1
OTU_97.36478	-1
OTU_97.36483	-1
OTU_97.36484	-1
OTU_97.36487	-1
OTU_97.36488	-1
OTU_97.3649	-1
OTU_97.36490	-1
OTU_97.36495	-1
OTU_97.3650	1
OTU_97.36501	-1
OTU_97.36504	-1
OTU_97.36507	-1
OTU_97.36510	-1
OTU_97.36512	-1
OTU_97.36513	1
OTU_97.36515	-1
OTU_97.36516	-1
OTU_97.36517	-1
OTU_97.3652	-1
OTU_97.36528	-1
OTU_97.36530	-1
OTU_97.36531	1
OTU_97.36536	-1
OTU_97.36539	-1
OTU_97.36544	-1
OTU_97.36545	-1
OTU_97.36547	-1
OTU_97.36552	-1
OTU_97.36557	-1
OTU_97.36559	-1
OTU_97.3656	-1
OTU_97.36561	-1
OTU_97.36564	-1
OTU_97.36567	-1
OTU_97.36568	-1
OTU_97.36569	-1
OTU_97.36571	-1
OTU_97.36573	-1
OTU_97.36574	-1
OTU_97.36577	-1
OTU_97.36578	-1
OTU_97.36579	-1
OTU_97.3658	-1
OTU_97.36580	-1
OTU_97.36585	-1
OTU_97.36587	-1
OTU_97.3659	-1
OTU_97.36593	-1
OTU_97.36595	-1
OTU_97.36597	-1
OTU_97.36598	-1
OTU_97.36599	-1
OTU_97.36602	-1
OTU_97.36606	-1
OTU_97.36607	-1
OTU_97.36608	-1
OTU_97.3661	-1
OTU_97.36610	-1
OTU_97.36611	-1
OTU_97.36612	-1
OTU_97.36615	-1
OTU_97.36618	-1
OTU_97.36620	-1
OTU_97.36621	-1
OTU_97.36622	-1
OTU_97.36623	1
OTU_97.36625	1
OTU_97.36631	-1
OTU_97.36632	-1
OTU_97.36634	-1
OTU_97.36638	-1
OTU_97.3664	-1
OTU_97.36643	-1
OTU_97.36646	-1
OTU_97.36649	-1
OTU_97.3665	1
OTU_97.36652	-1
OTU_97.36653	-1
OTU_97.36658	-1
OTU_97.36659	-1
OTU_97.3666	-1
OTU_97.36661	-1
OTU_97.36664	-1
OTU_97.36665	-1
OTU_97.36666	-1
OTU_97.36667	-1
OTU_97.36668	-1
OTU_97.36670	-1
OTU_97.36671	-1
OTU_97.36674	-1
OTU_97.36676	-1
OTU_97.36678	-1
OTU_97.36679	-1
OTU_97.36680	-1
OTU_97.36681	-1
OTU_97.36685	-1
OTU_97.36688	-1
OTU_97.3669	-1
OTU_97.36692	-1
OTU_97.36693	-1
OTU_97.36694	-1
OTU_97.36695	-1
OTU_97.36698	-1
OTU_97.36699	-1
OTU_97.367	-1
OTU_97.36701	-1
OTU_97.36702	-1
OTU_97.36704	-1
OTU_97.36709	-1
OTU_97.36715	-1
OTU_97.36717	-1
OTU_97.36720	-1
OTU_97.36722	-1
OTU_97.36723	-1
OTU_97.36724	-1
OTU_97.36725	-1
OTU_97.36728	-1
OTU_97.3673	-1
OTU_97.36730	-1
OTU_97.36732	-1
OTU_97.36734	-1
OTU_97.36735	-1
OTU_97.36736	-1
OTU_97.36737	-1
OTU_97.36738	-1
OTU_97.36740	-1
OTU_97.36741	-1
OTU_97.36745	-1
OTU_97.36748	-1
OTU_97.3675	-1
OTU_97.36750	-1
OTU_97.36752	-1
OTU_97.36756	-1
OTU_97.3676	-1
OTU_97.36760	-1
OTU_97.36761	-1
OTU_97.36763	-1
OTU_97.36765	-1
OTU_97.36768	-1
OTU_97.3677	-1
OTU_97.36772	-1
OTU_97.36775	-1
OTU_97.36780	-1
OTU_97.36782	-1
OTU_97.36783	-1
OTU_97.36785	-1
OTU_97.36787	-1
OTU_97.36791	-1
OTU_97.36792	-1
OTU_97.36795	-1
OTU_97.36799	-1
OTU_97.368	-1
OTU_97.36802	-1
OTU_97.36804	-1
OTU_97.36805	-1
OTU_97.36807	-1
OTU_97.36810	-1
OTU_97.36811	-1
OTU_97.36812	1
OTU_97.36813	-1
OTU_97.36814	-1
OTU_97.36822	-1
OTU_97.36826	-1
OTU_97.36828	-1
OTU_97.3683	-1
OTU_97.36830	-1
OTU_97.36833	-1
OTU_97.36836	-1
OTU_97.36837	-1
OTU_97.36838	-1
OTU_97.36839	-1
OTU_97.36840	-1
OTU_97.36844	-1
OTU_97.36845	-1
OTU_97.36847	-1
OTU_97.36848	-1
OTU_97.36853	-1
OTU_97.36855	-1
OTU_97.36856	-1
OTU_97.36858	-1
OTU_97.36860	-1
OTU_97.36862	-1
OTU_97.36863	-1
OTU_97.36864	-1
OTU_97.36867	-1
OTU_97.36868	-1
OTU_97.36875	-1
OTU_97.36877	-1
OTU_97.36882	-1
OTU_97.36883	-1
OTU_97.36887	-1
OTU_97.36888	-1
OTU_97.36893	-1
OTU_97.36894	-1
OTU_97.36895	-1
OTU_97.36904	-1
OTU_97.36910	-1
OTU_97.36912	-1
OTU_97.36913	-1
OTU_97.36915	-1
OTU_97.36916	-1
OTU_97.36919	-1
OTU_97.36922	-1
OTU_97.36925	-1
OTU_97.36927	-1
OTU_97.3693	-1
OTU_97.36931	1
OTU_97.36932	-1
OTU_97.36933	-1
OTU_97.36936	-1
OTU_97.3694	-1
OTU_97.36940	-1
OTU_97.36941	-1
OTU_97.36948	-1
OTU_97.3695	-1
OTU_97.36950	-1
OTU_97.36951	-1
OTU_97.36955	-1
OTU_97.36956	1
OTU_97.36958	-1
OTU_97.36960	-1
OTU_97.36963	-1
OTU_97.36964	-1
OTU_97.36966	-1
OTU_97.36969	-1
OTU_97.36970	-1
OTU_97.36975	-1
OTU_97.36977	-1
OTU_97.36978	-1
OTU_97.36980	-1
OTU_97.36981	-1
OTU_97.36982	-1
OTU_97.36983	-1
OTU_97.36987	-1
OTU_97.36988	-1
OTU_97.3699	-1
OTU_97.36990	-1
OTU_97.36991	-1
OTU_97.36995	-1
OTU_97.36996	-1
OTU_97.36997	-1
OTU_97.36998	-1
OTU_97.370	-1
OTU_97.37000	-1
OTU_97.37004	-1
OTU_97.37007	-1
OTU_97.3701	-1
OTU_97.37010	1
OTU_97.37013	-1
OTU_97.37014	-1
OTU_97.37015	-1
OTU_97.37016	-1
OTU_97.37017	-1
OTU_97.37018	-1
OTU_97.3702	-1
OTU_97.37021	-1
OTU_97.37022	-1
OTU_97.37023	-1
OTU_97.3703	-1
OTU_97.37030	-1
OTU_97.37034	-1
OTU_97.37035	-1
OTU_97.37040	-1
OTU_97.37048	-1
OTU_97.37052	-1
OTU_97.37056	-1
OTU_97.37059	-1
OTU_97.37063	-1
OTU_97.37066	-1
OTU_97.3707	-1
OTU_97.37071	-1
OTU_97.37073	-1
OTU_97.37074	-1
OTU_97.37077	-1
OTU_97.37082	-1
OTU_97.37085	-1
OTU_97.37086	-1
OTU_97.37088	-1
OTU_97.37092	-1
OTU_97.37094	-1
OTU_97.37096	-1
OTU_97.37097	-1
OTU_97.371	-1
OTU_97.37100	-1
OTU_97.37104	-1
OTU_97.37105	-1
OTU_97.37106	-1
OTU_97.37108	-1
OTU_97.37109	-1
OTU_97.3711	-1
OTU_97.37111	-1
OTU_97.37112	-1
OTU_97.37113	-1
OTU_97.37114	-1
OTU_97.37115	-1
OTU_97.3712	-1
OTU_97.37120	-1
OTU_97.37126	-1
OTU_97.37128	-1
OTU_97.37130	-1
OTU_97.37131	-1
OTU_97.37134	-1
OTU_97.37136	-1
OTU_97.37137	-1
OTU_97.37141	-1
OTU_97.37142	-1
OTU_97.37145	-1
OTU_97.37148	-1
OTU_97.37150	-1
OTU_97.37151	-1
OTU_97.37156	-1
OTU_97.37158	-1
OTU_97.37161	-1
OTU_97.37163	-1
OTU_97.37175	-1
OTU_97.37177	-1
OTU_97.37178	-1
OTU_97.37181	-1
OTU_97.37183	-1
OTU_97.37184	-1
OTU_97.37186	-1
OTU_97.37189	-1
OTU_97.37192	-1
OTU_97.37196	-1
OTU_97.37197	-1
OTU_97.372	-1
OTU_97.37201	-1
OTU_97.37202	-1
OTU_97.37203	-1
OTU_97.37204	1
OTU_97.37207	-1
OTU_97.37209	1
OTU_97.37210	-1
OTU_97.37215	-1
OTU_97.37218	1
OTU_97.37219	-1
OTU_97.3722	-1
OTU_97.37221	-1
OTU_97.37234	-1
OTU_97.37239	-1
OTU_97.37240	-1
OTU_97.37241	-1
OTU_97.37244	1
OTU_97.37246	-1
OTU_97.37250	-1
OTU_97.37251	-1
OTU_97.37252	-1
OTU_97.37259	-1
OTU_97.3726	-1
OTU_97.37264	1
OTU_97.37265	-1
OTU_97.37270	-1
OTU_97.37271	-1
OTU_97.37273	-1
OTU_97.37277	-1
OTU_97.37279	1
OTU_97.37280	-1
OTU_97.37286	1
OTU_97.37291	-1
OTU_97.37293	-1
OTU_97.37297	-1
OTU_97.37298	-1
OTU_97.37299	-1
OTU_97.3730	-1
OTU_97.37301	-1
OTU_97.37306	-1
OTU_97.37310	-1
OTU_97.37311	1
OTU_97.37314	-1
OTU_97.37317	-1
OTU_97.37319	1
OTU_97.3733	1
OTU_97.37330	-1
OTU_97.37338	1
OTU_97.37350	-1
OTU_97.37353	-1
OTU_97.37358	-1
OTU_97.37362	-1
OTU_97.37363	-1
OTU_97.37365	-1
OTU_97.37367	-1
OTU_97.37369	1
OTU_97.3737	-1
OTU_97.37371	-1
OTU_97.37373	-1
OTU_97.37381	-1
OTU_97.37383	-1
OTU_97.37385	-1
OTU_97.37389	-1
OTU_97.37391	1
OTU_97.37392	-1
OTU_97.37394	-1
OTU_97.37395	-1
OTU_97.37401	-1
OTU_97.37402	-1
OTU_97.37404	-1
OTU_97.37406	-1
OTU_97.37408	-1
OTU_97.37409	-1
OTU_97.37412	1
OTU_97.37414	-1
OTU_97.37418	-1
OTU_97.37420	-1
OTU_97.37422	-1
OTU_97.37423	-1
OTU_97.37425	-1
OTU_97.37438	-1
OTU_97.3744	-1
OTU_97.37441	-1
OTU_97.37443	1
OTU_97.37445	-1
OTU_97.37447	-1
OTU_97.37448	-1
OTU_97.37452	-1
OTU_97.37453	-1
OTU_97.37455	-1
OTU_97.37457	-1
OTU_97.37458	-1
OTU_97.37461	1
OTU_97.37463	-1
OTU_97.37464	1
OTU_97.37465	1
OTU_97.37466	-1
OTU_97.37470	-1
OTU_97.37471	-1
OTU_97.37475	-1
OTU_97.37481	-1
OTU_97.37485	1
OTU_97.37486	-1
OTU_97.37488	-1
OTU_97.37491	-1
OTU_97.37492	1
OTU_97.37493	-1
OTU_97.37497	-1
OTU_97.37498	-1
OTU_97.37500	-1
OTU_97.37504	-1
OTU_97.37506	-1
OTU_97.37509	-1
OTU_97.3751	1
OTU_97.37515	-1
OTU_97.3752	-1
OTU_97.37523	1
OTU_97.37526	-1
OTU_97.37527	-1
OTU_97.37532	-1
OTU_97.37533	-1
OTU_97.37534	-1
OTU_97.37544	-1
OTU_97.37545	-1
OTU_97.37551	1
OTU_97.37552	-1
OTU_97.37553	-1
OTU_97.37554	1
OTU_97.3756	-1
OTU_97.37560	-1
OTU_97.37567	-1
OTU_97.3757	-1
OTU_97.37570	-1
OTU_97.37571	-1
OTU_97.37574	-1
OTU_97.3758	-1
OTU_97.37582	-1
OTU_97.37584	-1
OTU_97.37588	-1
OTU_97.37589	-1
OTU_97.3759	-1
OTU_97.37590	-1
OTU_97.37591	-1
OTU_97.37592	-1
OTU_97.37596	-1
OTU_97.37598	-1
OTU_97.37602	-1
OTU_97.37609	-1
OTU_97.37610	-1
OTU_97.37612	-1
OTU_97.37615	-1
OTU_97.37616	-1
OTU_97.37617	1
OTU_97.3762	-1
OTU_97.37620	-1
OTU_97.37622	-1
OTU_97.37623	-1
OTU_97.37625	-1
OTU_97.37628	-1
OTU_97.37637	-1
OTU_97.37639	-1
OTU_97.37641	-1
OTU_97.37646	-1
OTU_97.37654	-1
OTU_97.37655	-1
OTU_97.37657	-1
OTU_97.37666	-1
OTU_97.37667	-1
OTU_97.3767	-1
OTU_97.37670	-1
OTU_97.37671	-1
OTU_97.37672	-1
OTU_97.37673	-1
OTU_97.37674	-1
OTU_97.37676	-1
OTU_97.37677	-1
OTU_97.37678	1
OTU_97.3768	-1
OTU_97.37682	-1
OTU_97.37685	1
OTU_97.37686	1
OTU_97.37689	-1
OTU_97.3769	-1
OTU_97.37690	-1
OTU_97.377	-1
OTU_97.3770	1
OTU_97.37702	-1
OTU_97.37704	-1
OTU_97.37705	-1
OTU_97.37707	1
OTU_97.37708	-1
OTU_97.37712	1
OTU_97.37714	1
OTU_97.37716	-1
OTU_97.37717	-1
OTU_97.37718	1
OTU_97.37721	-1
OTU_97.37723	1
OTU_97.37729	-1
OTU_97.37734	-1
OTU_97.37741	1
OTU_97.37743	1
OTU_97.37748	-1
OTU_97.3775	-1
OTU_97.37750	-1
OTU_97.37752	-1
OTU_97.37759	-1
OTU_97.3776	1
OTU_97.37761	-1
OTU_97.37762	-1
OTU_97.37764	-1
OTU_97.37765	-1
OTU_97.37768	-1
OTU_97.37770	-1
OTU_97.37771	1
OTU_97.37772	-1
OTU_97.37776	-1
OTU_97.37777	-1
OTU_97.37778	-1
OTU_97.37784	-1
OTU_97.37786	-1
OTU_97.37789	-1
OTU_97.37794	-1
OTU_97.37796	-1
OTU_97.37798	-1
OTU_97.37799	-1
OTU_97.37800	-1
OTU_97.37802	-1
OTU_97.37807	-1
OTU_97.37809	-1
OTU_97.37815	-1
OTU_97.37816	-1
OTU_97.37817	1
OTU_97.3782	-1
OTU_97.37826	-1
OTU_97.37827	1
OTU_97.37836	-1
OTU_97.3784	1
OTU_97.37841	-1
OTU_97.37843	-1
OTU_97.37845	-1
OTU_97.37847	-1
OTU_97.37848	-1
OTU_97.37850	-1
OTU_97.37851	-1
OTU_97.37852	-1
OTU_97.37856	-1
OTU_97.37857	-1
OTU_97.37859	-1
OTU_97.3786	-1
OTU_97.37861	-1
OTU_97.37867	1
OTU_97.3787	-1
OTU_97.37875	-1
OTU_97.37878	-1
OTU_97.37885	-1
OTU_97.37886	-1
OTU_97.37887	1
OTU_97.37894	-1
OTU_97.37899	-1
OTU_97.379	-1
OTU_97.37901	1
OTU_97.37907	-1
OTU_97.37914	-1
OTU_97.37915	-1
OTU_97.37918	-1
OTU_97.3792	-1
OTU_97.37922	1
OTU_97.37924	-1
OTU_97.37928	-1
OTU_97.37929	1
OTU_97.37930	-1
OTU_97.37932	-1
OTU_97.37933	-1
OTU_97.37935	1
OTU_97.37936	-1
OTU_97.37938	1
OTU_97.3794	-1
OTU_97.37951	-1
OTU_97.37952	-1
OTU_97.37954	1
OTU_97.37955	1
OTU_97.37957	1
OTU_97.37960	-1
OTU_97.37964	1
OTU_97.37965	-1
OTU_97.37966	-1
OTU_97.37967	-1
OTU_97.37968	1
OTU_97.37969	-1
OTU_97.37972	-1
OTU_97.37973	-1
OTU_97.37980	1
OTU_97.37981	-1
OTU_97.37982	-1
OTU_97.37983	-1
OTU_97.37984	-1
OTU_97.37990	-1
OTU_97.37995	1
OTU_97.37996	-1
OTU_97.38	1
OTU_97.3800	-1
OTU_97.38001	-1
OTU_97.38002	-1
OTU_97.38005	-1
OTU_97.38007	-1
OTU_97.38009	1
OTU_97.38011	-1
OTU_97.38013	-1
OTU_97.38016	-1
OTU_97.38021	-1
OTU_97.38026	-1
OTU_97.38029	-1
OTU_97.38030	-1
OTU_97.38032	-1
OTU_97.38034	-1
OTU_97.38036	1
OTU_97.38037	-1
OTU_97.38041	-1
OTU_97.38044	-1
OTU_97.38045	-1
OTU_97.38046	-1
OTU_97.38049	-1
OTU_97.38051	-1
OTU_97.38055	-1
OTU_97.38056	-1
OTU_97.38062	-1
OTU_97.38065	1
OTU_97.38068	-1
OTU_97.38073	-1
OTU_97.38074	-1
OTU_97.38078	-1
OTU_97.38083	-1
OTU_97.38086	-1
OTU_97.38092	1
OTU_97.38093	-1
OTU_97.38097	-1
OTU_97.381	-1
OTU_97.3810	-1
OTU_97.38106	1
OTU_97.38115	-1
OTU_97.38129	-1
OTU_97.38132	-1
OTU_97.38133	-1
OTU_97.38134	-1
OTU_97.38135	-1
OTU_97.38137	-1
OTU_97.38140	-1
OTU_97.38141	-1
OTU_97.38149	-1
OTU_97.38150	1
OTU_97.38151	1
OTU_97.38155	-1
OTU_97.38163	-1
OTU_97.38165	-1
OTU_97.38167	-1
OTU_97.38169	1
OTU_97.38170	-1
OTU_97.38171	-1
OTU_97.38172	-1
OTU_97.38176	-1
OTU_97.38177	-1
OTU_97.38179	-1
OTU_97.3818	-1
OTU_97.38181	-1
OTU_97.38183	-1
OTU_97.38187	1
OTU_97.38195	1
OTU_97.382	-1
OTU_97.3820	-1
OTU_97.38203	-1
OTU_97.38206	-1
OTU_97.38210	-1
OTU_97.38212	-1
OTU_97.38216	-1
OTU_97.38219	-1
OTU_97.38220	1
OTU_97.38224	-1
OTU_97.38228	-1
OTU_97.38230	-1
OTU_97.38231	-1
OTU_97.38234	-1
OTU_97.38239	-1
OTU_97.3824	1
OTU_97.38240	-1
OTU_97.38247	-1
OTU_97.38256	-1
OTU_97.38261	-1
OTU_97.38262	-1
OTU_97.38266	-1
OTU_97.38270	-1
OTU_97.38281	-1
OTU_97.38283	1
OTU_97.38284	-1
OTU_97.38286	-1
OTU_97.38288	-1
OTU_97.3829	-1
OTU_97.38290	-1
OTU_97.38293	-1
OTU_97.38294	-1
OTU_97.38295	-1
OTU_97.38296	-1
OTU_97.38308	-1
OTU_97.38310	-1
OTU_97.38312	-1
OTU_97.38319	1
OTU_97.38325	-1
OTU_97.38329	1
OTU_97.3833	-1
OTU_97.38330	-1
OTU_97.38331	1
OTU_97.38338	-1
OTU_97.3834	1
OTU_97.38342	-1
OTU_97.38343	-1
OTU_97.38344	-1
OTU_97.38345	-1
OTU_97.3835	-1
OTU_97.38352	-1
OTU_97.38354	-1
OTU_97.38355	-1
OTU_97.38356	-1
OTU_97.38357	-1
OTU_97.38359	-1
OTU_97.38363	-1
OTU_97.38367	-1
OTU_97.38368	1
OTU_97.3837	-1
OTU_97.38371	-1
OTU_97.38373	-1
OTU_97.38374	1
OTU_97.38375	-1
OTU_97.38380	-1
OTU_97.38382	-1
OTU_97.38383	-1
OTU_97.38388	-1
OTU_97.38397	-1
OTU_97.38400	-1
OTU_97.38404	-1
OTU_97.38405	1
OTU_97.38408	-1
OTU_97.38409	-1
OTU_97.3842	-1
OTU_97.38420	-1
OTU_97.38421	-1
OTU_97.38422	-1
OTU_97.38424	-1
OTU_97.38427	-1
OTU_97.38435	-1
OTU_97.38436	-1
OTU_97.38437	-1
OTU_97.38441	-1
OTU_97.38443	-1
OTU_97.38446	-1
OTU_97.38460	-1
OTU_97.38461	-1
OTU_97.38462	-1
OTU_97.38464	-1
OTU_97.38466	1
OTU_97.38472	-1
OTU_97.38475	-1
OTU_97.38479	-1
OTU_97.38481	-1
OTU_97.38484	-1
OTU_97.3849	1
OTU_97.38492	-1
OTU_97.38494	1
OTU_97.38495	-1
OTU_97.38496	-1
OTU_97.38499	-1
OTU_97.385	-1
OTU_97.38501	-1
OTU_97.38506	-1
OTU_97.38508	-1
OTU_97.38512	-1
OTU_97.38516	-1
OTU_97.38521	-1
OTU_97.38526	-1
OTU_97.38527	-1
OTU_97.3853	-1
OTU_97.38530	-1
OTU_97.38534	-1
OTU_97.38536	-1
OTU_97.38537	-1
OTU_97.38538	-1
OTU_97.38545	-1
OTU_97.38550	-1
OTU_97.38553	-1
OTU_97.38556	-1
OTU_97.3856	1
OTU_97.38563	-1
OTU_97.38568	-1
OTU_97.38571	-1
OTU_97.38572	-1
OTU_97.38578	-1
OTU_97.3858	1
OTU_97.38580	-1
OTU_97.38582	-1
OTU_97.38583	-1
OTU_97.38586	-1
OTU_97.38589	-1
OTU_97.38590	-1
OTU_97.38593	-1
OTU_97.3860	-1
OTU_97.38603	-1
OTU_97.38604	-1
OTU_97.38612	-1
OTU_97.38617	-1
OTU_97.38621	-1
OTU_97.38626	-1
OTU_97.3863	-1
OTU_97.38631	-1
OTU_97.38633	-1
OTU_97.38634	-1
OTU_97.38637	1
OTU_97.38639	-1
OTU_97.38646	-1
OTU_97.38648	-1
OTU_97.38656	1
OTU_97.38658	-1
OTU_97.38666	-1
OTU_97.38668	-1
OTU_97.38675	-1
OTU_97.38676	-1
OTU_97.3868	-1
OTU_97.38690	-1
OTU_97.38691	-1
OTU_97.38692	-1
OTU_97.38697	-1
OTU_97.38699	-1
OTU_97.38700	-1
OTU_97.38701	1
OTU_97.38712	-1
OTU_97.38718	-1
OTU_97.3872	-1
OTU_97.38720	-1
OTU_97.38722	1
OTU_97.38724	-1
OTU_97.38729	-1
OTU_97.38730	-1
OTU_97.38731	-1
OTU_97.38735	-1
OTU_97.38738	1
OTU_97.38746	-1
OTU_97.38747	-1
OTU_97.38752	-1
OTU_97.38755	-1
OTU_97.38756	-1
OTU_97.38765	-1
OTU_97.38766	-1
OTU_97.38769	1
OTU_97.38771	1
OTU_97.38773	-1
OTU_97.38774	-1
OTU_97.38777	1
OTU_97.38778	-1
OTU_97.3878	-1
OTU_97.38784	1
OTU_97.38790	-1
OTU_97.38799	-1
OTU_97.38809	-1
OTU_97.3881	-1
OTU_97.38811	1
OTU_97.38812	-1
OTU_97.38838	-1
OTU_97.38839	-1
OTU_97.3884	-1
OTU_97.38841	-1
OTU_97.38842	-1
OTU_97.38843	-1
OTU_97.38858	-1
OTU_97.38864	1
OTU_97.38868	-1
OTU_97.38869	1
OTU_97.3887	-1
OTU_97.38871	-1
OTU_97.38875	-1
OTU_97.38876	-1
OTU_97.38888	-1
OTU_97.38893	1
OTU_97.38894	-1
OTU_97.38899	-1
OTU_97.38900	-1
OTU_97.38903	-1
OTU_97.38911	-1
OTU_97.38914	-1
OTU_97.38917	-1
OTU_97.38918	-1
OTU_97.38927	-1
OTU_97.38930	-1
OTU_97.38933	1
OTU_97.38934	-1
OTU_97.38935	-1
OTU_97.38938	-1
OTU_97.3894	1
OTU_97.38941	1
OTU_97.38945	-1
OTU_97.38950	-1
OTU_97.38953	-1
OTU_97.38958	1
OTU_97.3896	-1
OTU_97.38966	-1
OTU_97.38967	-1
OTU_97.38969	-1
OTU_97.38971	-1
OTU_97.38976	-1
OTU_97.38981	1
OTU_97.38985	-1
OTU_97.38991	1
OTU_97.38993	1
OTU_97.39	-1
OTU_97.3900	-1
OTU_97.39001	-1
OTU_97.39002	-1
OTU_97.39007	1
OTU_97.39009	-1
OTU_97.39014	-1
OTU_97.39022	-1
OTU_97.39025	-1
OTU_97.39027	-1
OTU_97.39028	-1
OTU_97.39031	-1
OTU_97.39034	-1
OTU_97.39038	-1
OTU_97.39039	-1
OTU_97.39041	-1
OTU_97.39042	-1
OTU_97.39045	-1
OTU_97.39047	-1
OTU_97.39049	1
OTU_97.39059	1
OTU_97.39061	-1
OTU_97.39065	1
OTU_97.39066	1
OTU_97.39067	-1
OTU_97.39068	-1
OTU_97.39075	-1
OTU_97.39077	-1
OTU_97.39082	-1
OTU_97.39085	-1
OTU_97.3909	-1
OTU_97.39091	-1
OTU_97.39093	-1
OTU_97.39097	-1
OTU_97.39099	-1
OTU_97.391	1
OTU_97.39101	-1
OTU_97.39102	-1
OTU_97.39104	-1
OTU_97.39106	1
OTU_97.39108	-1
OTU_97.39111	-1
OTU_97.39112	-1
OTU_97.39115	-1
OTU_97.39116	-1
OTU_97.39117	-1
OTU_97.39121	-1
OTU_97.39124	-1
OTU_97.39125	-1
OTU_97.39129	-1
OTU_97.39130	-1
OTU_97.39132	-1
OTU_97.39135	-1
OTU_97.39136	-1
OTU_97.39137	-1
OTU_97.39138	-1
OTU_97.39139	-1
OTU_97.3914	-1
OTU_97.39142	-1
OTU_97.39145	-1
OTU_97.39146	-1
OTU_97.39150	-1
OTU_97.39151	-1
OTU_97.39152	-1
OTU_97.39154	-1
OTU_97.39156	-1
OTU_97.39160	-1
OTU_97.39170	-1
OTU_97.39173	-1
OTU_97.39177	1
OTU_97.39180	-1
OTU_97.39182	-1
OTU_97.39183	-1
OTU_97.39187	1
OTU_97.39193	-1
OTU_97.39196	-1
OTU_97.39198	1
OTU_97.39199	-1
OTU_97.39202	-1
OTU_97.39203	-1
OTU_97.39207	-1
OTU_97.3921	-1
OTU_97.39211	-1
OTU_97.39213	-1
OTU_97.39214	-1
OTU_97.39217	-1
OTU_97.39219	1
OTU_97.39222	-1
OTU_97.39224	-1
OTU_97.39231	-1
OTU_97.39236	-1
OTU_97.39237	-1
OTU_97.39238	-1
OTU_97.3924	-1
OTU_97.39241	1
OTU_97.39242	-1
OTU_97.39244	-1
OTU_97.39245	-1
OTU_97.39246	-1
OTU_97.39258	-1
OTU_97.39260	-1
OTU_97.39262	-1
OTU_97.39267	-1
OTU_97.39269	-1
OTU_97.3927	-1
OTU_97.39272	-1
OTU_97.39273	-1
OTU_97.39275	-1
OTU_97.39276	-1
OTU_97.39279	1
OTU_97.3928	1
OTU_97.39281	1
OTU_97.39284	-1
OTU_97.39294	-1
OTU_97.39298	-1
OTU_97.39299	-1
OTU_97.393	-1
OTU_97.39300	-1
OTU_97.39301	-1
OTU_97.39302	-1
OTU_97.39306	-1
OTU_97.39309	-1
OTU_97.39312	-1
OTU_97.39315	-1
OTU_97.39316	1
OTU_97.39319	1
OTU_97.39320	-1
OTU_97.39321	-1
OTU_97.39323	-1
OTU_97.39324	-1
OTU_97.39333	-1
OTU_97.39338	1
OTU_97.39339	-1
OTU_97.3934	-1
OTU_97.39340	-1
OTU_97.39341	-1
OTU_97.39346	-1
OTU_97.39350	-1
OTU_97.39352	-1
OTU_97.39353	-1
OTU_97.39356	-1
OTU_97.3936	1
OTU_97.39361	1
OTU_97.39364	-1
OTU_97.39368	-1
OTU_97.39369	-1
OTU_97.3937	-1
OTU_97.39376	-1
OTU_97.39390	-1
OTU_97.39392	1
OTU_97.39397	-1
OTU_97.3940	-1
OTU_97.39401	-1
OTU_97.39405	-1
OTU_97.39408	-1
OTU_97.3941	-1
OTU_97.39411	-1
OTU_97.39412	-1
OTU_97.39413	-1
OTU_97.39421	-1
OTU_97.39422	-1
OTU_97.39423	-1
OTU_97.39424	-1
OTU_97.3943	-1
OTU_97.39439	-1
OTU_97.3944	-1
OTU_97.39445	1
OTU_97.39450	-1
OTU_97.39459	-1
OTU_97.3946	-1
OTU_97.39464	-1
OTU_97.3947	-1
OTU_97.39478	-1
OTU_97.39480	-1
OTU_97.39485	-1
OTU_97.39489	1
OTU_97.3949	-1
OTU_97.39491	-1
OTU_97.39496	-1
OTU_97.39497	-1
OTU_97.39498	-1
OTU_97.3950	1
OTU_97.39505	-1
OTU_97.3951	-1
OTU_97.39511	-1
OTU_97.39518	-1
OTU_97.39519	-1
OTU_97.39522	-1
OTU_97.39524	-1
OTU_97.39525	-1
OTU_97.39529	-1
OTU_97.39532	-1
OTU_97.39533	-1
OTU_97.39544	-1
OTU_97.39545	-1
OTU_97.39546	1
OTU_97.39549	-1
OTU_97.39550	-1
OTU_97.39552	1
OTU_97.39564	-1
OTU_97.39565	1
OTU_97.39569	1
OTU_97.39570	-1
OTU_97.39575	-1
OTU_97.39576	-1
OTU_97.39578	-1
OTU_97.39579	-1
OTU_97.39581	-1
OTU_97.39584	-1
OTU_97.39585	-1
OTU_97.39590	-1
OTU_97.39593	-1
OTU_97.39594	-1
OTU_97.39597	-1
OTU_97.39598	-1
OTU_97.396	-1
OTU_97.39601	-1
OTU_97.39605	-1
OTU_97.39606	-1
OTU_97.39608	-1
OTU_97.3961	-1
OTU_97.39610	-1
OTU_97.39614	-1
OTU_97.3963	-1
OTU_97.39630	-1
OTU_97.39633	-1
OTU_97.39639	-1
OTU_97.39640	-1
OTU_97.39641	-1
OTU_97.39642	-1
OTU_97.39644	-1
OTU_97.39645	-1
OTU_97.39646	1
OTU_97.39647	1
OTU_97.39650	-1
OTU_97.39651	-1
OTU_97.39654	1
OTU_97.39655	-1
OTU_97.39660	-1
OTU_97.39665	-1
OTU_97.39667	-1
OTU_97.39668	-1
OTU_97.3967	-1
OTU_97.39676	-1
OTU_97.39677	-1
OTU_97.39678	-1
OTU_97.39679	-1
OTU_97.3968	-1
OTU_97.39681	-1
OTU_97.39685	-1
OTU_97.39687	-1
OTU_97.3969	-1
OTU_97.39690	1
OTU_97.39692	-1
OTU_97.39694	-1
OTU_97.39697	-1
OTU_97.3970	-1
OTU_97.39700	-1
OTU_97.39705	-1
OTU_97.39711	-1
OTU_97.39717	1
OTU_97.39718	-1
OTU_97.3972	-1
OTU_97.39720	-1
OTU_97.39721	-1
OTU_97.39727	-1
OTU_97.3973	-1
OTU_97.39733	-1
OTU_97.39736	1
OTU_97.39737	-1
OTU_97.39738	-1
OTU_97.3974	-1
OTU_97.39743	-1
OTU_97.39754	-1
OTU_97.39756	-1
OTU_97.39757	-1
OTU_97.3976	-1
OTU_97.39761	-1
OTU_97.39765	-1
OTU_97.39767	-1
OTU_97.39768	-1
OTU_97.39775	-1
OTU_97.3978	-1
OTU_97.39781	-1
OTU_97.39787	-1
OTU_97.39791	1
OTU_97.39792	-1
OTU_97.39794	-1
OTU_97.39795	-1
OTU_97.39796	-1
OTU_97.39799	1
OTU_97.398	1
OTU_97.39801	-1
OTU_97.39802	-1
OTU_97.39803	-1
OTU_97.39808	1
OTU_97.3981	-1
OTU_97.39812	-1
OTU_97.39818	-1
OTU_97.39819	-1
OTU_97.39822	1
OTU_97.39824	-1
OTU_97.39825	1
OTU_97.39827	1
OTU_97.39829	-1
OTU_97.39833	-1
OTU_97.39842	-1
OTU_97.39845	-1
OTU_97.39846	-1
OTU_97.39848	-1
OTU_97.3985	-1
OTU_97.39852	1
OTU_97.39853	-1
OTU_97.3986	-1
OTU_97.39862	-1
OTU_97.39863	-1
OTU_97.39872	-1
OTU_97.39879	-1
OTU_97.39882	-1
OTU_97.39887	-1
OTU_97.39888	-1
OTU_97.39889	-1
OTU_97.39890	-1
OTU_97.39891	-1
OTU_97.39894	-1
OTU_97.39895	-1
OTU_97.39901	-1
OTU_97.39904	-1
OTU_97.39912	-1
OTU_97.39913	-1
OTU_97.39915	-1
OTU_97.39916	-1
OTU_97.39917	-1
OTU_97.39919	-1
OTU_97.39923	-1
OTU_97.39925	1
OTU_97.39927	1
OTU_97.39932	-1
OTU_97.39934	-1
OTU_97.39937	-1
OTU_97.39942	-1
OTU_97.39945	-1
OTU_97.3995	1
OTU_97.39950	-1
OTU_97.39954	-1
OTU_97.39957	-1
OTU_97.3996	-1
OTU_97.39961	-1
OTU_97.39966	1
OTU_97.39969	-1
OTU_97.39970	-1
OTU_97.39977	-1
OTU_97.3998	-1
OTU_97.39982	-1
OTU_97.39988	-1
OTU_97.3999	-1
OTU_97.39992	-1
OTU_97.39995	-1
OTU_97.39998	-1
OTU_97.39999	-1
OTU_97.40	-1
OTU_97.4000	-1
OTU_97.40002	-1
OTU_97.40005	-1
OTU_97.40010	-1
OTU_97.40020	-1
OTU_97.40022	1
OTU_97.40024	-1
OTU_97.40026	-1
OTU_97.40033	-1
OTU_97.40036	-1
OTU_97.40042	-1
OTU_97.40043	-1
OTU_97.4005	1
OTU_97.40053	-1
OTU_97.40055	-1
OTU_97.40059	1
OTU_97.40060	-1
OTU_97.40061	1
OTU_97.40063	-1
OTU_97.40065	-1
OTU_97.40076	-1
OTU_97.40084	1
OTU_97.40090	-1
OTU_97.40091	-1
OTU_97.40092	-1
OTU_97.40097	-1
OTU_97.40099	-1
OTU_97.40100	-1
OTU_97.40101	-1
OTU_97.40102	-1
OTU_97.40103	-1
OTU_97.40104	-1
OTU_97.40113	-1
OTU_97.40114	-1
OTU_97.40116	-1
OTU_97.4012	-1
OTU_97.40121	1
OTU_97.40123	-1
OTU_97.40124	-1
OTU_97.40125	-1
OTU_97.40126	-1
OTU_97.40128	-1
OTU_97.4013	-1
OTU_97.40138	-1
OTU_97.40139	-1
OTU_97.40140	-1
OTU_97.40141	-1
OTU_97.40144	-1
OTU_97.40150	-1
OTU_97.40155	-1
OTU_97.4016	-1
OTU_97.40163	-1
OTU_97.40164	-1
OTU_97.40173	-1
OTU_97.40176	-1
OTU_97.40182	-1
OTU_97.40185	-1
OTU_97.40190	-1
OTU_97.402	-1
OTU_97.40209	-1
OTU_97.4021	-1
OTU_97.40210	-1
OTU_97.40212	-1
OTU_97.40217	-1
OTU_97.40220	-1
OTU_97.40221	-1
OTU_97.40222	1
OTU_97.40223	-1
OTU_97.40225	-1
OTU_97.40226	1
OTU_97.40229	-1
OTU_97.40234	-1
OTU_97.40237	-1
OTU_97.40238	-1
OTU_97.40245	-1
OTU_97.40249	-1
OTU_97.4025	-1
OTU_97.40251	-1
OTU_97.40256	-1
OTU_97.40257	-1
OTU_97.40259	-1
OTU_97.40260	-1
OTU_97.40263	-1
OTU_97.40267	-1
OTU_97.4027	-1
OTU_97.40277	-1
OTU_97.40279	-1
OTU_97.40281	-1
OTU_97.40282	-1
OTU_97.40283	-1
OTU_97.40285	-1
OTU_97.40286	-1
OTU_97.40288	-1
OTU_97.40289	-1
OTU_97.40290	-1
OTU_97.40292	-1
OTU_97.40295	-1
OTU_97.40296	-1
OTU_97.4030	-1
OTU_97.40302	-1
OTU_97.40303	-1
OTU_97.40305	-1
OTU_97.40307	-1
OTU_97.40308	-1
OTU_97.40312	-1
OTU_97.40314	-1
OTU_97.40315	-1
OTU_97.40316	-1
OTU_97.40318	-1
OTU_97.4032	-1
OTU_97.40329	-1
OTU_97.40333	-1
OTU_97.40334	-1
OTU_97.40335	1
OTU_97.40337	1
OTU_97.4034	-1
OTU_97.40341	-1
OTU_97.40345	-1
OTU_97.4035	-1
OTU_97.40356	-1
OTU_97.40359	-1
OTU_97.40362	-1
OTU_97.40363	-1
OTU_97.40365	-1
OTU_97.40367	1
OTU_97.40372	-1
OTU_97.40374	-1
OTU_97.4038	-1
OTU_97.40383	1
OTU_97.40384	-1
OTU_97.40385	-1
OTU_97.40387	-1
OTU_97.40389	-1
OTU_97.4039	-1
OTU_97.40394	-1
OTU_97.40395	-1
OTU_97.40396	-1
OTU_97.4040	-1
OTU_97.40402	-1
OTU_97.40403	-1
OTU_97.40405	1
OTU_97.4041	-1
OTU_97.40410	-1
OTU_97.40411	-1
OTU_97.40414	1
OTU_97.40415	-1
OTU_97.40417	-1
OTU_97.40418	-1
OTU_97.4042	-1
OTU_97.40420	1
OTU_97.40426	-1
OTU_97.40427	-1
OTU_97.40429	-1
OTU_97.40434	-1
OTU_97.40437	-1
OTU_97.40443	-1
OTU_97.40449	-1
OTU_97.4045	-1
OTU_97.40450	-1
OTU_97.40451	-1
OTU_97.40453	-1
OTU_97.40457	-1
OTU_97.4046	-1
OTU_97.40463	-1
OTU_97.40464	-1
OTU_97.40466	-1
OTU_97.40468	-1
OTU_97.40469	-1
OTU_97.40471	-1
OTU_97.40473	-1
OTU_97.40474	-1
OTU_97.40477	-1
OTU_97.4048	-1
OTU_97.40485	-1
OTU_97.40486	-1
OTU_97.40494	-1
OTU_97.40495	-1
OTU_97.40497	-1
OTU_97.40498	-1
OTU_97.40499	-1
OTU_97.405	-1
OTU_97.4050	-1
OTU_97.40500	-1
OTU_97.40505	-1
OTU_97.40508	-1
OTU_97.40512	-1
OTU_97.40517	-1
OTU_97.40523	-1
OTU_97.40527	-1
OTU_97.40528	-1
OTU_97.40529	1
OTU_97.4053	-1
OTU_97.40532	-1
OTU_97.40535	-1
OTU_97.40536	-1
OTU_97.40537	-1
OTU_97.40539	-1
OTU_97.40540	-1
OTU_97.40547	1
OTU_97.40548	1
OTU_97.40550	-1
OTU_97.40551	-1
OTU_97.40554	-1
OTU_97.40556	-1
OTU_97.4056	-1
OTU_97.40560	-1
OTU_97.40564	-1
OTU_97.40565	-1
OTU_97.40568	-1
OTU_97.40570	-1
OTU_97.40571	-1
OTU_97.40572	1
OTU_97.40575	-1
OTU_97.40576	-1
OTU_97.40577	-1
OTU_97.40578	-1
OTU_97.40580	-1
OTU_97.40581	-1
OTU_97.40587	1
OTU_97.40588	-1
OTU_97.40589	-1
OTU_97.40593	-1
OTU_97.40595	1
OTU_97.40598	-1
OTU_97.40599	-1
OTU_97.40600	-1
OTU_97.40605	-1
OTU_97.40606	-1
OTU_97.40609	-1
OTU_97.40612	-1
OTU_97.40615	-1
OTU_97.40619	-1
OTU_97.40620	-1
OTU_97.40621	-1
OTU_97.40622	-1
OTU_97.40623	1
OTU_97.40627	-1
OTU_97.40633	-1
OTU_97.40634	-1
OTU_97.40636	-1
OTU_97.40637	-1
OTU_97.40639	-1
OTU_97.40646	-1
OTU_97.40647	-1
OTU_97.40649	-1
OTU_97.40650	-1
OTU_97.40651	-1
OTU_97.40652	1
OTU_97.40656	-1
OTU_97.40658	-1
OTU_97.4066	-1
OTU_97.40662	-1
OTU_97.40667	-1
OTU_97.40671	-1
OTU_97.40673	-1
OTU_97.40674	-1
OTU_97.40675	-1
OTU_97.40676	-1
OTU_97.40679	-1
OTU_97.40680	-1
OTU_97.40681	-1
OTU_97.40683	-1
OTU_97.40685	-1
OTU_97.40687	-1
OTU_97.40689	-1
OTU_97.40690	1
OTU_97.40691	-1
OTU_97.40694	-1
OTU_97.40695	1
OTU_97.40698	-1
OTU_97.40699	-1
OTU_97.4070	1
OTU_97.40700	-1
OTU_97.40701	1
OTU_97.40702	-1
OTU_97.40709	-1
OTU_97.40712	-1
OTU_97.40713	-1
OTU_97.40714	1
OTU_97.40715	-1
OTU_97.4072	1
OTU_97.40720	-1
OTU_97.40722	-1
OTU_97.40724	-1
OTU_97.40725	-1
OTU_97.40726	-1
OTU_97.40731	-1
OTU_97.40733	-1
OTU_97.40734	-1
OTU_97.40735	-1
OTU_97.40736	-1
OTU_97.40740	-1
OTU_97.40741	-1
OTU_97.40742	-1
OTU_97.40744	-1
OTU_97.40745	-1
OTU_97.40747	-1
OTU_97.40749	1
OTU_97.4075	-1
OTU_97.40751	-1
OTU_97.40753	-1
OTU_97.40755	-1
OTU_97.40756	-1
OTU_97.40758	-1
OTU_97.40760	-1
OTU_97.40761	1
OTU_97.40763	-1
OTU_97.40765	-1
OTU_97.40777	-1
OTU_97.40782	-1
OTU_97.40788	1
OTU_97.40790	-1
OTU_97.40792	-1
OTU_97.40793	-1
OTU_97.40794	-1
OTU_97.40798	-1
OTU_97.40799	-1
OTU_97.408	-1
OTU_97.4080	1
OTU_97.40800	-1
OTU_97.40801	-1
OTU_97.40808	-1
OTU_97.40810	-1
OTU_97.40811	-1
OTU_97.40812	-1
OTU_97.40813	-1
OTU_97.40814	-1
OTU_97.40815	-1
OTU_97.40820	-1
OTU_97.40822	-1
OTU_97.40829	-1
OTU_97.4083	-1
OTU_97.40830	-1
OTU_97.40836	-1
OTU_97.40838	-1
OTU_97.4084	-1
OTU_97.40845	1
OTU_97.40849	-1
OTU_97.40852	-1
OTU_97.40854	-1
OTU_97.40856	-1
OTU_97.40858	-1
OTU_97.40859	-1
OTU_97.40860	-1
OTU_97.40870	-1
OTU_97.40871	-1
OTU_97.40875	-1
OTU_97.40876	-1
OTU_97.40879	-1
OTU_97.40881	-1
OTU_97.40887	-1
OTU_97.40889	-1
OTU_97.40892	-1
OTU_97.40894	-1
OTU_97.40896	-1
OTU_97.40897	-1
OTU_97.40899	-1
OTU_97.40900	-1
OTU_97.40901	-1
OTU_97.40903	-1
OTU_97.4091	-1
OTU_97.40910	-1
OTU_97.40916	-1
OTU_97.40919	-1
OTU_97.40922	-1
OTU_97.40923	-1
OTU_97.40924	-1
OTU_97.40925	-1
OTU_97.40927	-1
OTU_97.40928	-1
OTU_97.40929	1
OTU_97.4093	-1
OTU_97.40931	-1
OTU_97.40934	-1
OTU_97.40935	-1
OTU_97.40942	-1
OTU_97.40943	-1
OTU_97.40946	-1
OTU_97.40948	-1
OTU_97.40949	-1
OTU_97.40950	-1
OTU_97.40953	-1
OTU_97.40954	-1
OTU_97.40957	-1
OTU_97.40960	1
OTU_97.40962	-1
OTU_97.40963	-1
OTU_97.40964	1
OTU_97.40967	-1
OTU_97.40968	-1
OTU_97.40969	-1
OTU_97.4097	-1
OTU_97.40970	1
OTU_97.40977	-1
OTU_97.40978	-1
OTU_97.40984	1
OTU_97.40985	1
OTU_97.4099	-1
OTU_97.40990	-1
OTU_97.40991	-1
OTU_97.40994	-1
OTU_97.40996	-1
OTU_97.40999	-1
OTU_97.41000	-1
OTU_97.41001	-1
OTU_97.41003	-1
OTU_97.41005	-1
OTU_97.41007	-1
OTU_97.41009	-1
OTU_97.41014	-1
OTU_97.4102	1
OTU_97.41020	-1
OTU_97.41027	-1
OTU_97.41028	-1
OTU_97.41030	-1
OTU_97.41031	-1
OTU_97.41032	-1
OTU_97.4104	-1
OTU_97.41043	-1
OTU_97.41045	-1
OTU_97.41047	-1
OTU_97.41049	-1
OTU_97.41050	-1
OTU_97.41051	-1
OTU_97.41052	-1
OTU_97.41055	-1
OTU_97.41058	-1
OTU_97.41062	-1
OTU_97.41064	-1
OTU_97.41078	1
OTU_97.41082	-1
OTU_97.41083	-1
OTU_97.41087	-1
OTU_97.41091	-1
OTU_97.41092	-1
OTU_97.41093	-1
OTU_97.41094	-1
OTU_97.41096	-1
OTU_97.41099	-1
OTU_97.41109	-1
OTU_97.4111	1
OTU_97.41117	-1
OTU_97.41121	-1
OTU_97.41122	-1
OTU_97.41123	-1
OTU_97.41124	1
OTU_97.41125	-1
OTU_97.41126	-1
OTU_97.41127	-1
OTU_97.41128	-1
OTU_97.41129	-1
OTU_97.41131	-1
OTU_97.41134	-1
OTU_97.41136	-1
OTU_97.41137	-1
OTU_97.41138	-1
OTU_97.4114	-1
OTU_97.41140	-1
OTU_97.41141	-1
OTU_97.41145	-1
OTU_97.41147	-1
OTU_97.41148	-1
OTU_97.41149	-1
OTU_97.4115	1
OTU_97.41150	-1
OTU_97.41153	-1
OTU_97.4116	-1
OTU_97.41166	-1
OTU_97.41170	-1
OTU_97.41177	-1
OTU_97.41178	-1
OTU_97.41180	-1
OTU_97.41183	-1
OTU_97.41184	-1
OTU_97.41188	-1
OTU_97.41189	-1
OTU_97.41194	-1
OTU_97.41197	-1
OTU_97.41199	-1
OTU_97.412	1
OTU_97.4120	-1
OTU_97.41200	-1
OTU_97.41201	-1
OTU_97.41202	-1
OTU_97.41209	-1
OTU_97.41213	-1
OTU_97.41214	-1
OTU_97.41215	-1
OTU_97.41219	1
OTU_97.41221	-1
OTU_97.41223	-1
OTU_97.41224	-1
OTU_97.41230	-1
OTU_97.41231	-1
OTU_97.41233	-1
OTU_97.41237	-1
OTU_97.41239	-1
OTU_97.41240	-1
OTU_97.41248	-1
OTU_97.41249	-1
OTU_97.4125	-1
OTU_97.41251	-1
OTU_97.41252	-1
OTU_97.41259	-1
OTU_97.41260	-1
OTU_97.41267	-1
OTU_97.41268	-1
OTU_97.41274	-1
OTU_97.41275	-1
OTU_97.41276	-1
OTU_97.4128	-1
OTU_97.41280	-1
OTU_97.41283	-1
OTU_97.41286	-1
OTU_97.41287	-1
OTU_97.41292	-1
OTU_97.41293	-1
OTU_97.41298	-1
OTU_97.41299	-1
OTU_97.413	-1
OTU_97.41300	-1
OTU_97.41302	-1
OTU_97.41307	-1
OTU_97.41308	-1
OTU_97.41311	-1
OTU_97.41312	-1
OTU_97.41314	-1
OTU_97.41322	-1
OTU_97.41323	-1
OTU_97.41327	-1
OTU_97.41329	-1
OTU_97.41331	-1
OTU_97.41333	-1
OTU_97.41334	-1
OTU_97.41335	-1
OTU_97.41339	-1
OTU_97.41340	-1
OTU_97.41341	-1
OTU_97.41343	-1
OTU_97.41346	-1
OTU_97.41347	-1
OTU_97.4135	-1
OTU_97.41351	-1
OTU_97.41354	-1
OTU_97.41357	1
OTU_97.41358	-1
OTU_97.41367	-1
OTU_97.41372	-1
OTU_97.41378	-1
OTU_97.41379	-1
OTU_97.41384	-1
OTU_97.41386	-1
OTU_97.41388	-1
OTU_97.41389	-1
OTU_97.4139	-1
OTU_97.41391	-1
OTU_97.41392	1
OTU_97.41393	-1
OTU_97.41394	1
OTU_97.41395	-1
OTU_97.41396	-1
OTU_97.41398	-1
OTU_97.41400	-1
OTU_97.41401	-1
OTU_97.41403	-1
OTU_97.41404	1
OTU_97.41409	1
OTU_97.41411	-1
OTU_97.41412	-1
OTU_97.41415	-1
OTU_97.41416	-1
OTU_97.41419	-1
OTU_97.41422	-1
OTU_97.41423	-1
OTU_97.41425	-1
OTU_97.41426	-1
OTU_97.41427	-1
OTU_97.41429	1
OTU_97.4143	-1
OTU_97.41430	-1
OTU_97.41432	-1
OTU_97.41433	-1
OTU_97.41441	-1
OTU_97.41442	-1
OTU_97.41443	1
OTU_97.41444	-1
OTU_97.41445	-1
OTU_97.41447	-1
OTU_97.41448	1
OTU_97.41449	-1
OTU_97.4145	-1
OTU_97.41450	1
OTU_97.41451	-1
OTU_97.41452	-1
OTU_97.41453	-1
OTU_97.41455	-1
OTU_97.41456	-1
OTU_97.41458	-1
OTU_97.41462	-1
OTU_97.41469	-1
OTU_97.41470	-1
OTU_97.41471	-1
OTU_97.41473	1
OTU_97.41474	1
OTU_97.41478	-1
OTU_97.41479	-1
OTU_97.41482	-1
OTU_97.41487	-1
OTU_97.41489	-1
OTU_97.41490	-1
OTU_97.41491	-1
OTU_97.41495	-1
OTU_97.41497	1
OTU_97.41498	-1
OTU_97.41499	-1
OTU_97.41501	-1
OTU_97.41502	1
OTU_97.41503	-1
OTU_97.41508	-1
OTU_97.4151	-1
OTU_97.41517	1
OTU_97.41519	-1
OTU_97.41521	-1
OTU_97.41525	-1
OTU_97.41528	-1
OTU_97.41529	-1
OTU_97.4153	1
OTU_97.41531	-1
OTU_97.41532	-1
OTU_97.41533	-1
OTU_97.41536	-1
OTU_97.41538	-1
OTU_97.41539	-1
OTU_97.41540	1
OTU_97.41544	-1
OTU_97.41545	-1
OTU_97.41546	-1
OTU_97.41548	-1
OTU_97.41549	-1
OTU_97.41554	-1
OTU_97.41557	-1
OTU_97.41558	-1
OTU_97.41564	-1
OTU_97.41565	-1
OTU_97.41566	-1
OTU_97.41568	1
OTU_97.41569	-1
OTU_97.41571	-1
OTU_97.41572	1
OTU_97.41573	1
OTU_97.41575	-1
OTU_97.41578	-1
OTU_97.41580	-1
OTU_97.41582	-1
OTU_97.41584	-1
OTU_97.41590	-1
OTU_97.41592	-1
OTU_97.41593	-1
OTU_97.416	-1
OTU_97.41600	-1
OTU_97.41604	-1
OTU_97.41606	-1
OTU_97.41608	-1
OTU_97.41611	-1
OTU_97.41612	1
OTU_97.41613	1
OTU_97.41614	1
OTU_97.41616	1
OTU_97.41617	-1
OTU_97.41618	-1
OTU_97.4162	-1
OTU_97.41621	-1
OTU_97.41622	-1
OTU_97.41623	1
OTU_97.41627	-1
OTU_97.41634	1
OTU_97.41639	-1
OTU_97.41641	-1
OTU_97.41647	1
OTU_97.41648	-1
OTU_97.41649	-1
OTU_97.4165	1
OTU_97.41654	-1
OTU_97.41656	-1
OTU_97.41657	-1
OTU_97.41660	-1
OTU_97.41665	-1
OTU_97.41666	-1
OTU_97.41667	1
OTU_97.41668	-1
OTU_97.41675	-1
OTU_97.41676	-1
OTU_97.41679	-1
OTU_97.41681	-1
OTU_97.41683	-1
OTU_97.41685	-1
OTU_97.41687	-1
OTU_97.41689	-1
OTU_97.41691	-1
OTU_97.41694	-1
OTU_97.41700	-1
OTU_97.41704	-1
OTU_97.41711	-1
OTU_97.41712	-1
OTU_97.41713	-1
OTU_97.41716	-1
OTU_97.41717	-1
OTU_97.41727	-1
OTU_97.41728	-1
OTU_97.41730	-1
OTU_97.41731	-1
OTU_97.41732	-1
OTU_97.41739	-1
OTU_97.4174	-1
OTU_97.41741	-1
OTU_97.41742	-1
OTU_97.41744	-1
OTU_97.41745	-1
OTU_97.41747	-1
OTU_97.41748	-1
OTU_97.41749	-1
OTU_97.41750	-1
OTU_97.41753	-1
OTU_97.41755	-1
OTU_97.41760	-1
OTU_97.41762	1
OTU_97.41763	-1
OTU_97.41766	-1
OTU_97.41767	1
OTU_97.41768	-1
OTU_97.4177	-1
OTU_97.41770	-1
OTU_97.41771	-1
OTU_97.41776	-1
OTU_97.4178	-1
OTU_97.41785	-1
OTU_97.41791	-1
OTU_97.41794	-1
OTU_97.41797	-1
OTU_97.418	1
OTU_97.41800	-1
OTU_97.41803	-1
OTU_97.41805	-1
OTU_97.41807	-1
OTU_97.41808	-1
OTU_97.41809	-1
OTU_97.41810	-1
OTU_97.41813	-1
OTU_97.41815	-1
OTU_97.41818	-1
OTU_97.4182	-1
OTU_97.41822	-1
OTU_97.41824	-1
OTU_97.41829	-1
OTU_97.4183	-1
OTU_97.41830	-1
OTU_97.41835	1
OTU_97.41838	-1
OTU_97.41839	-1
OTU_97.41841	-1
OTU_97.41842	-1
OTU_97.41843	-1
OTU_97.41845	-1
OTU_97.41847	-1
OTU_97.41848	-1
OTU_97.41849	-1
OTU_97.41853	-1
OTU_97.41854	-1
OTU_97.41856	-1
OTU_97.41857	-1
OTU_97.4186	-1
OTU_97.41860	1
OTU_97.41866	-1
OTU_97.41867	-1
OTU_97.4187	-1
OTU_97.41870	-1
OTU_97.41871	-1
OTU_97.41873	-1
OTU_97.41874	-1
OTU_97.41875	-1
OTU_97.41876	-1
OTU_97.41877	-1
OTU_97.41879	-1
OTU_97.41881	-1
OTU_97.41883	-1
OTU_97.41889	-1
OTU_97.4189	-1
OTU_97.41891	-1
OTU_97.41892	-1
OTU_97.41894	-1
OTU_97.41895	-1
OTU_97.41896	-1
OTU_97.41898	-1
OTU_97.419	-1
OTU_97.4190	-1
OTU_97.41900	-1
OTU_97.41908	1
OTU_97.41912	-1
OTU_97.41913	-1
OTU_97.41915	1
OTU_97.41916	-1
OTU_97.41917	-1
OTU_97.41918	1
OTU_97.41922	-1
OTU_97.41925	-1
OTU_97.41926	-1
OTU_97.41928	-1
OTU_97.41931	-1
OTU_97.41934	-1
OTU_97.41935	-1
OTU_97.41936	-1
OTU_97.41937	-1
OTU_97.41938	-1
OTU_97.41941	-1
OTU_97.41942	-1
OTU_97.41947	-1
OTU_97.41950	-1
OTU_97.41952	-1
OTU_97.41953	-1
OTU_97.41955	-1
OTU_97.41956	-1
OTU_97.4196	-1
OTU_97.41965	-1
OTU_97.41969	-1
OTU_97.41970	-1
OTU_97.41971	-1
OTU_97.41972	-1
OTU_97.41973	-1
OTU_97.41974	-1
OTU_97.41975	-1
OTU_97.41976	-1
OTU_97.41977	-1
OTU_97.41978	-1
OTU_97.41980	-1
OTU_97.41987	-1
OTU_97.41988	-1
OTU_97.4199	1
OTU_97.41991	-1
OTU_97.41993	-1
OTU_97.41995	-1
OTU_97.41997	-1
OTU_97.41998	-1
OTU_97.41999	-1
OTU_97.42	-1
OTU_97.42001	1
OTU_97.42002	-1
OTU_97.42004	-1
OTU_97.42005	-1
OTU_97.42006	-1
OTU_97.42007	-1
OTU_97.42008	-1
OTU_97.4201	-1
OTU_97.42010	-1
OTU_97.42011	-1
OTU_97.42012	-1
OTU_97.42014	1
OTU_97.42015	-1
OTU_97.42019	-1
OTU_97.42021	-1
OTU_97.42022	-1
OTU_97.42028	-1
OTU_97.42029	-1
OTU_97.42031	-1
OTU_97.42032	-1
OTU_97.42039	-1
OTU_97.42042	1
OTU_97.42046	-1
OTU_97.42053	-1
OTU_97.42056	-1
OTU_97.42059	-1
OTU_97.42062	-1
OTU_97.42065	-1
OTU_97.42067	-1
OTU_97.42068	-1
OTU_97.42071	-1
OTU_97.42072	-1
OTU_97.42073	-1
OTU_97.42074	-1
OTU_97.42075	-1
OTU_97.42076	-1
OTU_97.42079	-1
OTU_97.42082	-1
OTU_97.42083	1
OTU_97.42085	-1
OTU_97.42087	1
OTU_97.42088	-1
OTU_97.42089	-1
OTU_97.4209	-1
OTU_97.42091	-1
OTU_97.42094	1
OTU_97.42095	-1
OTU_97.42098	-1
OTU_97.42099	-1
OTU_97.421	-1
OTU_97.4210	1
OTU_97.42100	1
OTU_97.42104	-1
OTU_97.42105	-1
OTU_97.42106	-1
OTU_97.4211	1
OTU_97.42111	-1
OTU_97.42112	-1
OTU_97.42113	-1
OTU_97.42114	-1
OTU_97.4212	-1
OTU_97.42122	1
OTU_97.42125	-1
OTU_97.42126	-1
OTU_97.42127	-1
OTU_97.42129	-1
OTU_97.42131	-1
OTU_97.42132	-1
OTU_97.42134	-1
OTU_97.42136	-1
OTU_97.42137	-1
OTU_97.42138	-1
OTU_97.42143	-1
OTU_97.42145	-1
OTU_97.42146	-1
OTU_97.42148	-1
OTU_97.42151	-1
OTU_97.42152	-1
OTU_97.42155	1
OTU_97.42157	-1
OTU_97.42165	-1
OTU_97.42166	-1
OTU_97.42168	-1
OTU_97.42169	-1
OTU_97.4217	1
OTU_97.42171	-1
OTU_97.42176	1
OTU_97.42177	-1
OTU_97.42178	-1
OTU_97.42181	-1
OTU_97.42183	-1
OTU_97.42190	-1
OTU_97.42192	-1
OTU_97.42193	-1
OTU_97.42194	-1
OTU_97.42195	-1
OTU_97.42196	-1
OTU_97.42197	-1
OTU_97.42200	-1
OTU_97.42203	-1
OTU_97.42205	-1
OTU_97.42206	-1
OTU_97.42207	-1
OTU_97.42209	-1
OTU_97.42210	-1
OTU_97.42212	-1
OTU_97.42213	-1
OTU_97.42216	-1
OTU_97.42219	-1
OTU_97.42221	-1
OTU_97.42225	-1
OTU_97.42227	-1
OTU_97.42228	-1
OTU_97.4223	-1
OTU_97.42233	1
OTU_97.42235	-1
OTU_97.42236	-1
OTU_97.42238	-1
OTU_97.4224	-1
OTU_97.42241	-1
OTU_97.42242	-1
OTU_97.42243	-1
OTU_97.42245	-1
OTU_97.42246	-1
OTU_97.42248	-1
OTU_97.42250	-1
OTU_97.42251	-1
OTU_97.42253	-1
OTU_97.42254	-1
OTU_97.42255	-1
OTU_97.42256	-1
OTU_97.42257	-1
OTU_97.42259	-1
OTU_97.42261	-1
OTU_97.42265	1
OTU_97.42266	-1
OTU_97.42268	-1
OTU_97.42269	-1
OTU_97.4227	-1
OTU_97.42270	-1
OTU_97.42271	-1
OTU_97.42273	1
OTU_97.42275	-1
OTU_97.42278	-1
OTU_97.4228	-1
OTU_97.42280	-1
OTU_97.42283	1
OTU_97.42284	-1
OTU_97.42285	-1
OTU_97.42286	-1
OTU_97.42287	-1
OTU_97.42294	-1
OTU_97.42295	1
OTU_97.42296	-1
OTU_97.42300	-1
OTU_97.42301	-1
OTU_97.42305	1
OTU_97.4231	-1
OTU_97.42311	-1
OTU_97.42313	1
OTU_97.42317	1
OTU_97.42319	-1
OTU_97.42320	-1
OTU_97.42321	-1
OTU_97.42325	-1
OTU_97.42326	-1
OTU_97.42329	1
OTU_97.4233	1
OTU_97.42330	-1
OTU_97.42334	1
OTU_97.42335	-1
OTU_97.42339	-1
OTU_97.42342	-1
OTU_97.42345	-1
OTU_97.42346	-1
OTU_97.42347	1
OTU_97.42349	-1
OTU_97.42350	-1
OTU_97.42351	-1
OTU_97.42353	1
OTU_97.42356	-1
OTU_97.42361	-1
OTU_97.42362	-1
OTU_97.42364	1
OTU_97.42368	-1
OTU_97.42371	1
OTU_97.42373	-1
OTU_97.42374	-1
OTU_97.42382	-1
OTU_97.42383	-1
OTU_97.42384	-1
OTU_97.42386	-1
OTU_97.4239	-1
OTU_97.42390	-1
OTU_97.42391	-1
OTU_97.42392	1
OTU_97.42393	-1
OTU_97.42394	-1
OTU_97.42397	-1
OTU_97.42398	-1
OTU_97.42404	-1
OTU_97.42405	-1
OTU_97.42406	-1
OTU_97.42408	-1
OTU_97.42412	-1
OTU_97.42416	-1
OTU_97.42419	-1
OTU_97.42420	-1
OTU_97.42421	-1
OTU_97.42422	-1
OTU_97.42423	-1
OTU_97.42424	-1
OTU_97.42425	-1
OTU_97.42427	-1
OTU_97.42428	1
OTU_97.4243	1
OTU_97.42430	-1
OTU_97.42432	-1
OTU_97.42434	-1
OTU_97.42435	-1
OTU_97.42436	1
OTU_97.42437	1
OTU_97.42438	-1
OTU_97.42440	-1
OTU_97.42441	-1
OTU_97.42442	-1
OTU_97.42444	-1
OTU_97.42445	-1
OTU_97.42446	-1
OTU_97.42447	-1
OTU_97.42448	-1
OTU_97.42450	-1
OTU_97.42451	-1
OTU_97.42452	-1
OTU_97.42454	-1
OTU_97.42456	-1
OTU_97.42457	-1
OTU_97.42460	-1
OTU_97.42461	-1
OTU_97.42462	-1
OTU_97.42463	-1
OTU_97.42468	-1
OTU_97.42470	-1
OTU_97.42471	-1
OTU_97.42478	-1
OTU_97.4248	-1
OTU_97.42482	-1
OTU_97.42483	-1
OTU_97.42484	1
OTU_97.42486	1
OTU_97.42487	-1
OTU_97.42490	-1
OTU_97.42494	-1
OTU_97.42495	-1
OTU_97.42497	-1
OTU_97.42498	-1
OTU_97.425	-1
OTU_97.4250	-1
OTU_97.42502	-1
OTU_97.42504	-1
OTU_97.42507	-1
OTU_97.42511	-1
OTU_97.42512	-1
OTU_97.42513	-1
OTU_97.42514	-1
OTU_97.42515	-1
OTU_97.42517	-1
OTU_97.4252	1
OTU_97.42520	-1
OTU_97.42524	-1
OTU_97.42527	-1
OTU_97.4253	-1
OTU_97.42532	-1
OTU_97.42534	-1
OTU_97.42535	-1
OTU_97.42536	-1
OTU_97.42538	-1
OTU_97.42539	-1
OTU_97.4254	-1
OTU_97.42541	-1
OTU_97.42542	-1
OTU_97.42543	-1
OTU_97.42544	-1
OTU_97.42545	-1
OTU_97.42549	-1
OTU_97.4255	-1
OTU_97.42550	-1
OTU_97.42553	-1
OTU_97.42554	-1
OTU_97.42557	-1
OTU_97.42559	-1
OTU_97.42560	-1
OTU_97.42561	-1
OTU_97.42562	-1
OTU_97.42564	-1
OTU_97.42570	-1
OTU_97.42571	-1
OTU_97.42572	-1
OTU_97.42573	-1
OTU_97.42575	-1
OTU_97.42576	-1
OTU_97.42579	-1
OTU_97.42580	-1
OTU_97.42581	1
OTU_97.42582	-1
OTU_97.42588	-1
OTU_97.42589	-1
OTU_97.4259	-1
OTU_97.42590	-1
OTU_97.42591	-1
OTU_97.42592	-1
OTU_97.42593	-1
OTU_97.42595	-1
OTU_97.42596	-1
OTU_97.42597	-1
OTU_97.426	1
OTU_97.42602	-1
OTU_97.42603	-1
OTU_97.42606	-1
OTU_97.42607	-1
OTU_97.42609	-1
OTU_97.4261	-1
OTU_97.42611	-1
OTU_97.42614	1
OTU_97.42615	-1
OTU_97.42618	-1
OTU_97.4262	-1
OTU_97.42621	-1
OTU_97.42625	-1
OTU_97.42626	-1
OTU_97.42627	-1
OTU_97.42628	-1
OTU_97.42632	-1
OTU_97.42633	-1
OTU_97.42635	-1
OTU_97.42636	-1
OTU_97.42638	-1
OTU_97.42639	1
OTU_97.42640	-1
OTU_97.42644	-1
OTU_97.42648	-1
OTU_97.42649	-1
OTU_97.4265	-1
OTU_97.42652	-1
OTU_97.42654	-1
OTU_97.42655	-1
OTU_97.42658	-1
OTU_97.42661	-1
OTU_97.42662	-1
OTU_97.42663	-1
OTU_97.4267	-1
OTU_97.42673	-1
OTU_97.42675	-1
OTU_97.42676	-1
OTU_97.42678	-1
OTU_97.42679	-1
OTU_97.4268	-1
OTU_97.42686	-1
OTU_97.42687	-1
OTU_97.42688	-1
OTU_97.42690	-1
OTU_97.42694	-1
OTU_97.42697	-1
OTU_97.42705	-1
OTU_97.42708	-1
OTU_97.4271	-1
OTU_97.42713	-1
OTU_97.42723	-1
OTU_97.42724	-1
OTU_97.42736	-1
OTU_97.42737	-1
OTU_97.42749	-1
OTU_97.42756	-1
OTU_97.42758	-1
OTU_97.4276	-1
OTU_97.42760	-1
OTU_97.42763	-1
OTU_97.4277	-1
OTU_97.42773	-1
OTU_97.42774	-1
OTU_97.42777	-1
OTU_97.42779	-1
OTU_97.4278	-1
OTU_97.42780	-1
OTU_97.42783	-1
OTU_97.42784	-1
OTU_97.42789	-1
OTU_97.4279	-1
OTU_97.42792	-1
OTU_97.42796	-1
OTU_97.428	-1
OTU_97.42801	-1
OTU_97.42804	-1
OTU_97.42805	-1
OTU_97.42806	-1
OTU_97.42807	-1
OTU_97.42813	-1
OTU_97.42815	-1
OTU_97.42816	-1
OTU_97.42819	-1
OTU_97.42820	-1
OTU_97.42823	-1
OTU_97.42824	-1
OTU_97.42825	-1
OTU_97.42827	-1
OTU_97.42828	-1
OTU_97.42838	-1
OTU_97.4284	-1
OTU_97.42842	-1
OTU_97.42844	-1
OTU_97.42845	-1
OTU_97.42846	-1
OTU_97.42849	-1
OTU_97.42850	-1
OTU_97.42852	-1
OTU_97.42853	1
OTU_97.42854	-1
OTU_97.42855	-1
OTU_97.42856	-1
OTU_97.42857	-1
OTU_97.42858	-1
OTU_97.42859	-1
OTU_97.4286	1
OTU_97.42860	-1
OTU_97.42862	-1
OTU_97.42863	-1
OTU_97.42864	-1
OTU_97.42865	-1
OTU_97.42866	-1
OTU_97.42867	-1
OTU_97.42868	1
OTU_97.42870	-1
OTU_97.42873	-1
OTU_97.42876	-1
OTU_97.42878	-1
OTU_97.42879	-1
OTU_97.4288	1
OTU_97.42881	-1
OTU_97.42882	-1
OTU_97.42884	-1
OTU_97.42886	-1
OTU_97.42887	-1
OTU_97.42889	-1
OTU_97.42890	-1
OTU_97.42891	-1
OTU_97.42895	-1
OTU_97.42898	-1
OTU_97.42901	-1
OTU_97.42902	-1
OTU_97.42903	-1
OTU_97.42905	-1
OTU_97.42906	-1
OTU_97.42907	-1
OTU_97.42911	-1
OTU_97.42912	1
OTU_97.42917	-1
OTU_97.4292	-1
OTU_97.42920	-1
OTU_97.42921	-1
OTU_97.42924	-1
OTU_97.42925	-1
OTU_97.42926	-1
OTU_97.42927	-1
OTU_97.42928	-1
OTU_97.42930	-1
OTU_97.42933	1
OTU_97.42934	-1
OTU_97.42936	1
OTU_97.42937	-1
OTU_97.42938	-1
OTU_97.42939	-1
OTU_97.42941	-1
OTU_97.42944	-1
OTU_97.42945	-1
OTU_97.42946	-1
OTU_97.42947	-1
OTU_97.42948	-1
OTU_97.42952	-1
OTU_97.42953	1
OTU_97.42955	-1
OTU_97.42956	-1
OTU_97.42957	-1
OTU_97.42959	-1
OTU_97.42961	-1
OTU_97.42962	-1
OTU_97.42963	-1
OTU_97.42965	-1
OTU_97.42966	-1
OTU_97.42967	-1
OTU_97.42973	-1
OTU_97.42977	-1
OTU_97.42978	-1
OTU_97.42979	-1
OTU_97.42980	-1
OTU_97.42982	-1
OTU_97.42983	-1
OTU_97.42986	-1
OTU_97.42987	-1
OTU_97.42989	-1
OTU_97.4299	1
OTU_97.42993	-1
OTU_97.42996	-1
OTU_97.42997	-1
OTU_97.42998	-1
OTU_97.430	-1
OTU_97.4300	-1
OTU_97.43000	-1
OTU_97.43001	-1
OTU_97.43002	1
OTU_97.43003	-1
OTU_97.43004	-1
OTU_97.43006	-1
OTU_97.43007	-1
OTU_97.43008	-1
OTU_97.43009	-1
OTU_97.4301	1
OTU_97.43010	-1
OTU_97.43011	-1
OTU_97.43012	-1
OTU_97.43013	-1
OTU_97.43017	-1
OTU_97.43018	-1
OTU_97.43020	-1
OTU_97.43021	-1
OTU_97.43023	-1
OTU_97.43026	-1
OTU_97.43028	-1
OTU_97.4303	-1
OTU_97.43032	-1
OTU_97.43043	-1
OTU_97.43044	-1
OTU_97.43046	-1
OTU_97.43049	-1
OTU_97.43050	1
OTU_97.43052	-1
OTU_97.43057	-1
OTU_97.43058	-1
OTU_97.43059	-1
OTU_97.43064	-1
OTU_97.43066	-1
OTU_97.43067	-1
OTU_97.43068	-1
OTU_97.43069	-1
OTU_97.43070	-1
OTU_97.43072	-1
OTU_97.43073	-1
OTU_97.43074	-1
OTU_97.43075	-1
OTU_97.43077	-1
OTU_97.43081	-1
OTU_97.43084	-1
OTU_97.43086	-1
OTU_97.43087	-1
OTU_97.43088	-1
OTU_97.43089	-1
OTU_97.4309	-1
OTU_97.43092	-1
OTU_97.43093	-1
OTU_97.43095	-1
OTU_97.43097	-1
OTU_97.43098	-1
OTU_97.43099	-1
OTU_97.431	-1
OTU_97.4310	-1
OTU_97.43101	-1
OTU_97.43102	-1
OTU_97.43105	-1
OTU_97.43107	-1
OTU_97.43108	-1
OTU_97.43111	-1
OTU_97.43112	-1
OTU_97.43116	-1
OTU_97.43117	-1
OTU_97.43120	-1
OTU_97.43122	-1
OTU_97.43125	-1
OTU_97.43128	-1
OTU_97.43133	-1
OTU_97.43137	-1
OTU_97.43138	1
OTU_97.43141	-1
OTU_97.43144	-1
OTU_97.43145	-1
OTU_97.43147	-1
OTU_97.43148	-1
OTU_97.4315	1
OTU_97.43150	-1
OTU_97.43156	-1
OTU_97.4316	-1
OTU_97.43160	1
OTU_97.43162	-1
OTU_97.43166	-1
OTU_97.43168	-1
OTU_97.4317	-1
OTU_97.43170	-1
OTU_97.43171	-1
OTU_97.43173	-1
OTU_97.43174	-1
OTU_97.43175	-1
OTU_97.43176	-1
OTU_97.43177	-1
OTU_97.43178	-1
OTU_97.43185	-1
OTU_97.43187	-1
OTU_97.43188	-1
OTU_97.4319	-1
OTU_97.43190	-1
OTU_97.43192	-1
OTU_97.43193	-1
OTU_97.43197	1
OTU_97.43198	-1
OTU_97.43201	-1
OTU_97.43202	-1
OTU_97.43203	-1
OTU_97.43204	-1
OTU_97.43205	1
OTU_97.43207	-1
OTU_97.43209	-1
OTU_97.43212	-1
OTU_97.43213	-1
OTU_97.43214	-1
OTU_97.43219	1
OTU_97.4322	-1
OTU_97.43221	-1
OTU_97.43223	-1
OTU_97.43232	-1
OTU_97.43238	-1
OTU_97.43239	-1
OTU_97.43240	-1
OTU_97.43241	-1
OTU_97.43242	-1
OTU_97.43245	-1
OTU_97.43246	-1
OTU_97.43248	-1
OTU_97.43255	-1
OTU_97.43256	-1
OTU_97.43258	-1
OTU_97.4326	-1
OTU_97.43263	-1
OTU_97.43264	-1
OTU_97.43265	1
OTU_97.43273	-1
OTU_97.43274	-1
OTU_97.43278	1
OTU_97.43279	-1
OTU_97.43280	-1
OTU_97.43281	-1
OTU_97.43282	-1
OTU_97.43283	-1
OTU_97.43286	-1
OTU_97.43290	-1
OTU_97.43293	-1
OTU_97.43295	-1
OTU_97.43297	-1
OTU_97.4330	-1
OTU_97.43301	-1
OTU_97.43303	1
OTU_97.43306	-1
OTU_97.4331	-1
OTU_97.43314	-1
OTU_97.43317	1
OTU_97.43321	-1
OTU_97.43323	-1
OTU_97.43324	-1
OTU_97.43325	-1
OTU_97.43326	-1
OTU_97.43329	-1
OTU_97.43330	-1
OTU_97.43332	-1
OTU_97.43333	-1
OTU_97.43334	-1
OTU_97.43336	-1
OTU_97.43338	-1
OTU_97.43339	-1
OTU_97.4334	-1
OTU_97.43340	-1
OTU_97.43343	-1
OTU_97.43345	-1
OTU_97.43346	1
OTU_97.43348	-1
OTU_97.43350	-1
OTU_97.43352	-1
OTU_97.43355	-1
OTU_97.43358	-1
OTU_97.43367	-1
OTU_97.43368	-1
OTU_97.43370	-1
OTU_97.43376	1
OTU_97.4338	-1
OTU_97.43380	-1
OTU_97.43382	1
OTU_97.43384	-1
OTU_97.43386	-1
OTU_97.4339	-1
OTU_97.43393	-1
OTU_97.43397	1
OTU_97.434	1
OTU_97.4340	-1
OTU_97.43400	-1
OTU_97.43401	1
OTU_97.43402	-1
OTU_97.43404	-1
OTU_97.43406	1
OTU_97.4341	-1
OTU_97.43417	-1
OTU_97.43420	-1
OTU_97.43421	-1
OTU_97.43422	-1
OTU_97.43424	-1
OTU_97.43427	-1
OTU_97.43435	1
OTU_97.43436	-1
OTU_97.43442	-1
OTU_97.43444	-1
OTU_97.43445	-1
OTU_97.43450	-1
OTU_97.43451	-1
OTU_97.43452	-1
OTU_97.43457	-1
OTU_97.43465	1
OTU_97.43466	-1
OTU_97.43467	-1
OTU_97.43469	-1
OTU_97.4348	-1
OTU_97.43480	-1
OTU_97.43491	-1
OTU_97.43495	-1
OTU_97.43496	-1
OTU_97.43502	-1
OTU_97.43503	-1
OTU_97.43504	-1
OTU_97.43506	1
OTU_97.43508	-1
OTU_97.4351	-1
OTU_97.43510	-1
OTU_97.43512	-1
OTU_97.43513	1
OTU_97.43517	1
OTU_97.43518	-1
OTU_97.4352	-1
OTU_97.43520	-1
OTU_97.43522	-1
OTU_97.43524	-1
OTU_97.43525	-1
OTU_97.43527	-1
OTU_97.43533	-1
OTU_97.43535	-1
OTU_97.43537	-1
OTU_97.43538	-1
OTU_97.4354	1
OTU_97.43542	-1
OTU_97.43543	-1
OTU_97.43545	-1
OTU_97.43547	-1
OTU_97.43548	-1
OTU_97.43549	-1
OTU_97.43551	-1
OTU_97.43552	-1
OTU_97.43553	-1
OTU_97.43555	1
OTU_97.43557	1
OTU_97.43559	1
OTU_97.43570	1
OTU_97.43571	-1
OTU_97.43576	-1
OTU_97.43577	1
OTU_97.43578	-1
OTU_97.43579	-1
OTU_97.4358	-1
OTU_97.43580	-1
OTU_97.43583	-1
OTU_97.4359	-1
OTU_97.43594	-1
OTU_97.43596	-1
OTU_97.43597	-1
OTU_97.436	-1
OTU_97.4360	-1
OTU_97.43601	-1
OTU_97.43603	-1
OTU_97.43606	-1
OTU_97.43613	-1
OTU_97.43614	-1
OTU_97.43615	-1
OTU_97.43619	-1
OTU_97.43621	-1
OTU_97.43622	-1
OTU_97.43624	-1
OTU_97.43625	-1
OTU_97.43627	-1
OTU_97.43628	-1
OTU_97.43634	-1
OTU_97.43637	-1
OTU_97.43638	-1
OTU_97.4364	-1
OTU_97.43643	-1
OTU_97.43645	-1
OTU_97.43648	-1
OTU_97.43651	-1
OTU_97.43655	-1
OTU_97.43657	-1
OTU_97.43658	-1
OTU_97.43659	-1
OTU_97.4366	-1
OTU_97.43660	-1
OTU_97.43664	-1
OTU_97.43666	-1
OTU_97.43671	-1
OTU_97.43672	-1
OTU_97.43673	-1
OTU_97.43676	-1
OTU_97.43677	-1
OTU_97.43678	-1
OTU_97.43679	-1
OTU_97.43680	-1
OTU_97.43682	-1
OTU_97.43683	-1
OTU_97.43685	-1
OTU_97.43686	-1
OTU_97.43687	-1
OTU_97.43688	-1
OTU_97.43689	-1
OTU_97.43691	-1
OTU_97.43692	-1
OTU_97.43694	-1
OTU_97.43695	-1
OTU_97.43696	-1
OTU_97.43697	-1
OTU_97.43698	-1
OTU_97.4370	-1
OTU_97.43702	-1
OTU_97.43704	-1
OTU_97.43708	-1
OTU_97.43710	-1
OTU_97.43714	-1
OTU_97.43716	-1
OTU_97.4372	-1
OTU_97.43720	-1
OTU_97.43721	-1
OTU_97.43724	-1
OTU_97.43726	-1
OTU_97.43733	-1
OTU_97.43735	-1
OTU_97.43736	-1
OTU_97.43740	-1
OTU_97.43742	-1
OTU_97.43744	-1
OTU_97.43746	-1
OTU_97.43747	-1
OTU_97.43749	-1
OTU_97.43750	-1
OTU_97.43753	-1
OTU_97.43756	-1
OTU_97.43758	-1
OTU_97.43761	-1
OTU_97.43772	-1
OTU_97.43780	-1
OTU_97.43785	-1
OTU_97.43786	-1
OTU_97.43789	-1
OTU_97.4379	-1
OTU_97.43795	1
OTU_97.438	-1
OTU_97.4380	-1
OTU_97.43801	-1
OTU_97.43802	-1
OTU_97.43803	-1
OTU_97.43804	-1
OTU_97.43807	-1
OTU_97.43808	-1
OTU_97.43810	-1
OTU_97.43814	-1
OTU_97.43818	-1
OTU_97.4382	-1
OTU_97.43821	-1
OTU_97.43825	-1
OTU_97.43833	-1
OTU_97.43843	-1
OTU_97.43844	-1
OTU_97.43845	-1
OTU_97.43846	-1
OTU_97.43848	-1
OTU_97.43853	-1
OTU_97.43859	-1
OTU_97.43861	-1
OTU_97.43863	-1
OTU_97.43865	-1
OTU_97.43868	-1
OTU_97.43869	-1
OTU_97.43873	1
OTU_97.43876	-1
OTU_97.43878	-1
OTU_97.43880	-1
OTU_97.43881	1
OTU_97.43882	-1
OTU_97.43883	-1
OTU_97.43885	-1
OTU_97.43890	-1
OTU_97.43894	-1
OTU_97.43896	-1
OTU_97.43897	-1
OTU_97.43898	-1
OTU_97.43899	-1
OTU_97.4390	-1
OTU_97.43901	-1
OTU_97.43902	-1
OTU_97.43906	1
OTU_97.43908	-1
OTU_97.43909	-1
OTU_97.4391	-1
OTU_97.43910	-1
OTU_97.43916	-1
OTU_97.43917	-1
OTU_97.43918	-1
OTU_97.43919	-1
OTU_97.43924	-1
OTU_97.43926	-1
OTU_97.43928	-1
OTU_97.4393	-1
OTU_97.43932	-1
OTU_97.43936	-1
OTU_97.43938	-1
OTU_97.4394	-1
OTU_97.43940	-1
OTU_97.43947	-1
OTU_97.43951	-1
OTU_97.43952	-1
OTU_97.43954	-1
OTU_97.43956	-1
OTU_97.43959	-1
OTU_97.43960	-1
OTU_97.4397	-1
OTU_97.43970	-1
OTU_97.43971	1
OTU_97.43973	-1
OTU_97.43979	-1
OTU_97.4398	-1
OTU_97.43981	-1
OTU_97.43982	-1
OTU_97.43983	-1
OTU_97.43986	-1
OTU_97.43988	-1
OTU_97.4399	-1
OTU_97.43992	-1
OTU_97.43993	-1
OTU_97.43994	-1
OTU_97.43999	-1
OTU_97.440	-1
OTU_97.44000	-1
OTU_97.44003	-1
OTU_97.44006	-1
OTU_97.44008	-1
OTU_97.44009	-1
OTU_97.44014	-1
OTU_97.44016	-1
OTU_97.44017	-1
OTU_97.44019	-1
OTU_97.4402	-1
OTU_97.44021	-1
OTU_97.44024	1
OTU_97.44025	-1
OTU_97.44027	-1
OTU_97.44029	-1
OTU_97.4403	-1
OTU_97.44031	-1
OTU_97.44032	-1
OTU_97.44036	-1
OTU_97.44037	-1
OTU_97.4404	-1
OTU_97.44040	-1
OTU_97.44043	-1
OTU_97.44047	-1
OTU_97.44048	-1
OTU_97.44049	-1
OTU_97.4405	-1
OTU_97.44056	-1
OTU_97.44057	-1
OTU_97.44059	-1
OTU_97.44061	-1
OTU_97.4407	-1
OTU_97.44070	-1
OTU_97.44072	-1
OTU_97.44075	-1
OTU_97.44080	-1
OTU_97.44084	1
OTU_97.44085	1
OTU_97.44087	-1
OTU_97.44089	1
OTU_97.4409	-1
OTU_97.44090	-1
OTU_97.44091	1
OTU_97.44093	-1
OTU_97.44094	-1
OTU_97.44095	-1
OTU_97.44096	-1
OTU_97.4410	-1
OTU_97.44102	-1
OTU_97.44105	-1
OTU_97.44106	-1
OTU_97.44107	-1
OTU_97.44108	-1
OTU_97.4411	-1
OTU_97.44113	1
OTU_97.44116	-1
OTU_97.44117	-1
OTU_97.44118	-1
OTU_97.44121	-1
OTU_97.44123	-1
OTU_97.44125	-1
OTU_97.44129	-1
OTU_97.44130	-1
OTU_97.44131	-1
OTU_97.44134	-1
OTU_97.44135	1
OTU_97.44136	-1
OTU_97.44139	1
OTU_97.44142	-1
OTU_97.44145	-1
OTU_97.44149	1
OTU_97.44150	-1
OTU_97.44152	-1
OTU_97.44154	-1
OTU_97.44157	-1
OTU_97.44158	-1
OTU_97.4416	-1
OTU_97.44160	-1
OTU_97.44166	-1
OTU_97.44169	-1
OTU_97.4417	-1
OTU_97.44171	-1
OTU_97.44175	-1
OTU_97.44176	-1
OTU_97.44177	-1
OTU_97.44181	-1
OTU_97.44182	-1
OTU_97.44184	-1
OTU_97.44188	-1
OTU_97.44189	-1
OTU_97.44192	-1
OTU_97.44196	-1
OTU_97.44199	1
OTU_97.442	-1
OTU_97.4420	-1
OTU_97.44200	-1
OTU_97.44204	-1
OTU_97.44209	1
OTU_97.44214	-1
OTU_97.44220	-1
OTU_97.44222	-1
OTU_97.44225	-1
OTU_97.44228	-1
OTU_97.44230	-1
OTU_97.44231	-1
OTU_97.44237	-1
OTU_97.4424	-1
OTU_97.44246	-1
OTU_97.44247	1
OTU_97.44248	-1
OTU_97.44251	-1
OTU_97.4426	-1
OTU_97.44260	-1
OTU_97.44261	-1
OTU_97.44262	-1
OTU_97.44264	1
OTU_97.44265	-1
OTU_97.44267	-1
OTU_97.44269	-1
OTU_97.44274	-1
OTU_97.44275	1
OTU_97.44279	1
OTU_97.4428	-1
OTU_97.44281	-1
OTU_97.44284	-1
OTU_97.44286	-1
OTU_97.44288	-1
OTU_97.44294	-1
OTU_97.44295	-1
OTU_97.44297	-1
OTU_97.44298	1
OTU_97.44299	1
OTU_97.443	1
OTU_97.44301	-1
OTU_97.44302	-1
OTU_97.44303	-1
OTU_97.44306	1
OTU_97.44307	-1
OTU_97.44308	-1
OTU_97.44309	-1
OTU_97.44311	-1
OTU_97.44312	-1
OTU_97.44314	-1
OTU_97.44315	-1
OTU_97.44316	-1
OTU_97.44318	1
OTU_97.44319	-1
OTU_97.44322	-1
OTU_97.44324	-1
OTU_97.44326	-1
OTU_97.44327	1
OTU_97.44329	-1
OTU_97.4433	-1
OTU_97.44330	1
OTU_97.44332	-1
OTU_97.44334	-1
OTU_97.44336	-1
OTU_97.44337	1
OTU_97.44338	-1
OTU_97.44339	-1
OTU_97.44340	-1
OTU_97.44341	-1
OTU_97.44343	1
OTU_97.44353	-1
OTU_97.44356	1
OTU_97.44363	-1
OTU_97.44366	1
OTU_97.44367	1
OTU_97.4437	-1
OTU_97.44370	-1
OTU_97.44371	1
OTU_97.44372	-1
OTU_97.44375	-1
OTU_97.44380	-1
OTU_97.44381	-1
OTU_97.44382	1
OTU_97.44384	1
OTU_97.44385	-1
OTU_97.44386	-1
OTU_97.44388	-1
OTU_97.4439	-1
OTU_97.44391	1
OTU_97.44394	-1
OTU_97.44395	-1
OTU_97.44398	-1
OTU_97.44399	-1
OTU_97.44400	-1
OTU_97.44406	-1
OTU_97.44410	-1
OTU_97.44412	-1
OTU_97.44413	-1
OTU_97.44414	-1
OTU_97.44415	-1
OTU_97.44416	1
OTU_97.44417	-1
OTU_97.44418	-1
OTU_97.44421	-1
OTU_97.44422	-1
OTU_97.44423	-1
OTU_97.44424	-1
OTU_97.44426	1
OTU_97.44427	-1
OTU_97.44431	-1
OTU_97.44434	-1
OTU_97.44436	-1
OTU_97.44438	-1
OTU_97.44440	-1
OTU_97.44447	-1
OTU_97.44448	1
OTU_97.44450	-1
OTU_97.44451	1
OTU_97.44452	-1
OTU_97.44457	-1
OTU_97.44458	-1
OTU_97.44460	-1
OTU_97.44463	-1
OTU_97.44467	-1
OTU_97.44472	1
OTU_97.44475	-1
OTU_97.44478	-1
OTU_97.44480	1
OTU_97.44484	-1
OTU_97.44485	-1
OTU_97.44486	1
OTU_97.44487	-1
OTU_97.44492	1
OTU_97.44494	-1
OTU_97.44495	-1
OTU_97.44497	1
OTU_97.44498	-1
OTU_97.44499	-1
OTU_97.445	-1
OTU_97.44500	-1
OTU_97.44501	-1
OTU_97.44502	-1
OTU_97.44504	-1
OTU_97.44507	-1
OTU_97.44508	-1
OTU_97.44509	1
OTU_97.44511	1
OTU_97.44512	-1
OTU_97.44514	-1
OTU_97.44518	1
OTU_97.44521	-1
OTU_97.44522	-1
OTU_97.44523	-1
OTU_97.44524	1
OTU_97.44525	-1
OTU_97.44526	-1
OTU_97.44529	1
OTU_97.44533	-1
OTU_97.44534	-1
OTU_97.44537	-1
OTU_97.44538	-1
OTU_97.44539	1
OTU_97.4454	-1
OTU_97.44545	-1
OTU_97.44550	-1
OTU_97.44551	-1
OTU_97.44552	-1
OTU_97.44553	-1
OTU_97.44560	-1
OTU_97.44563	1
OTU_97.44564	-1
OTU_97.44565	-1
OTU_97.44566	-1
OTU_97.44568	-1
OTU_97.44571	1
OTU_97.44575	1
OTU_97.44581	-1
OTU_97.44582	1
OTU_97.44585	-1
OTU_97.44590	1
OTU_97.44591	-1
OTU_97.44592	-1
OTU_97.44593	-1
OTU_97.44594	-1
OTU_97.44595	-1
OTU_97.44598	1
OTU_97.44599	-1
OTU_97.446	1
OTU_97.44601	-1
OTU_97.44602	-1
OTU_97.44603	-1
OTU_97.44604	-1
OTU_97.44607	-1
OTU_97.4461	-1
OTU_97.44620	-1
OTU_97.44626	1
OTU_97.44627	-1
OTU_97.44628	1
OTU_97.44629	-1
OTU_97.44630	-1
OTU_97.44631	-1
OTU_97.44636	-1
OTU_97.44637	-1
OTU_97.44638	-1
OTU_97.44639	-1
OTU_97.44640	-1
OTU_97.44645	-1
OTU_97.44646	-1
OTU_97.44649	-1
OTU_97.44656	-1
OTU_97.44657	-1
OTU_97.44658	-1
OTU_97.44659	1
OTU_97.44660	-1
OTU_97.44661	1
OTU_97.44663	1
OTU_97.44665	-1
OTU_97.44666	1
OTU_97.44669	-1
OTU_97.44676	-1
OTU_97.44678	-1
OTU_97.44679	1
OTU_97.4468	-1
OTU_97.44680	-1
OTU_97.44684	1
OTU_97.44686	-1
OTU_97.44687	-1
OTU_97.4469	-1
OTU_97.44692	-1
OTU_97.44693	-1
OTU_97.44694	-1
OTU_97.44699	-1
OTU_97.44700	-1
OTU_97.44701	-1
OTU_97.44705	1
OTU_97.44707	-1
OTU_97.44709	-1
OTU_97.44712	1
OTU_97.44713	1
OTU_97.44718	-1
OTU_97.44721	-1
OTU_97.44722	-1
OTU_97.44725	-1
OTU_97.44726	-1
OTU_97.44729	-1
OTU_97.44734	-1
OTU_97.44735	-1
OTU_97.44736	-1
OTU_97.44737	-1
OTU_97.44740	-1
OTU_97.44743	1
OTU_97.44744	-1
OTU_97.44748	1
OTU_97.44751	-1
OTU_97.44758	-1
OTU_97.4476	-1
OTU_97.44762	-1
OTU_97.44765	-1
OTU_97.44766	-1
OTU_97.44768	1
OTU_97.44769	-1
OTU_97.44774	-1
OTU_97.44775	-1
OTU_97.44776	-1
OTU_97.44778	-1
OTU_97.44780	-1
OTU_97.44783	-1
OTU_97.44790	-1
OTU_97.44791	-1
OTU_97.44792	-1
OTU_97.44793	-1
OTU_97.44794	1
OTU_97.44795	-1
OTU_97.44796	-1
OTU_97.44798	-1
OTU_97.44802	1
OTU_97.44803	-1
OTU_97.44807	1
OTU_97.44813	-1
OTU_97.44814	-1
OTU_97.44816	-1
OTU_97.44820	-1
OTU_97.44821	-1
OTU_97.44822	-1
OTU_97.44826	-1
OTU_97.4483	-1
OTU_97.44833	-1
OTU_97.44834	1
OTU_97.44838	-1
OTU_97.44840	-1
OTU_97.44845	1
OTU_97.44846	1
OTU_97.44848	-1
OTU_97.44849	-1
OTU_97.44850	-1
OTU_97.44851	-1
OTU_97.44854	-1
OTU_97.44856	-1
OTU_97.44857	1
OTU_97.44863	-1
OTU_97.44864	-1
OTU_97.44865	-1
OTU_97.44869	-1
OTU_97.4487	-1
OTU_97.44870	-1
OTU_97.44874	1
OTU_97.44875	1
OTU_97.44880	-1
OTU_97.44881	-1
OTU_97.44882	1
OTU_97.44883	-1
OTU_97.44885	-1
OTU_97.44886	-1
OTU_97.44888	1
OTU_97.4489	-1
OTU_97.44890	1
OTU_97.44891	-1
OTU_97.44892	-1
OTU_97.44893	-1
OTU_97.44896	-1
OTU_97.44898	-1
OTU_97.44903	-1
OTU_97.44905	-1
OTU_97.44910	-1
OTU_97.44911	-1
OTU_97.44913	-1
OTU_97.44914	-1
OTU_97.44915	1
OTU_97.44917	1
OTU_97.44919	1
OTU_97.44920	-1
OTU_97.44921	1
OTU_97.44922	-1
OTU_97.44929	-1
OTU_97.44931	-1
OTU_97.44935	-1
OTU_97.44937	-1
OTU_97.44939	-1
OTU_97.4494	-1
OTU_97.44940	-1
OTU_97.44941	-1
OTU_97.44942	-1
OTU_97.44943	-1
OTU_97.44944	-1
OTU_97.44945	-1
OTU_97.44946	-1
OTU_97.44948	-1
OTU_97.44950	-1
OTU_97.44952	-1
OTU_97.44953	-1
OTU_97.44954	-1
OTU_97.44955	-1
OTU_97.44956	1
OTU_97.44958	-1
OTU_97.44960	1
OTU_97.44961	-1
OTU_97.44963	-1
OTU_97.44965	-1
OTU_97.4497	-1
OTU_97.44972	1
OTU_97.44973	-1
OTU_97.44975	-1
OTU_97.44981	-1
OTU_97.44982	-1
OTU_97.44984	-1
OTU_97.44987	-1
OTU_97.44991	-1
OTU_97.44993	-1
OTU_97.44994	-1
OTU_97.44996	1
OTU_97.44997	-1
OTU_97.44998	1
OTU_97.44999	-1
OTU_97.45	1
OTU_97.45000	-1
OTU_97.45001	-1
OTU_97.45006	-1
OTU_97.45007	-1
OTU_97.4501	-1
OTU_97.45011	-1
OTU_97.45016	1
OTU_97.4502	-1
OTU_97.45020	1
OTU_97.45023	1
OTU_97.45025	-1
OTU_97.45028	-1
OTU_97.45030	1
OTU_97.45032	-1
OTU_97.45033	-1
OTU_97.45036	-1
OTU_97.45039	-1
OTU_97.4504	-1
OTU_97.45041	-1
OTU_97.45043	-1
OTU_97.45044	-1
OTU_97.45045	1
OTU_97.4505	1
OTU_97.45050	-1
OTU_97.45053	-1
OTU_97.45055	-1
OTU_97.45056	1
OTU_97.45057	-1
OTU_97.45058	-1
OTU_97.45063	-1
OTU_97.45066	1
OTU_97.45067	-1
OTU_97.45069	-1
OTU_97.45070	-1
OTU_97.45073	-1
OTU_97.45078	-1
OTU_97.45079	-1
OTU_97.4508	-1
OTU_97.45081	-1
OTU_97.45083	-1
OTU_97.45087	-1
OTU_97.4509	-1
OTU_97.45090	-1
OTU_97.45093	-1
OTU_97.45094	-1
OTU_97.45095	-1
OTU_97.45096	-1
OTU_97.45099	-1
OTU_97.451	-1
OTU_97.45100	-1
OTU_97.45103	-1
OTU_97.45105	1
OTU_97.45106	-1
OTU_97.45107	-1
OTU_97.45108	1
OTU_97.45109	-1
OTU_97.4511	-1
OTU_97.45113	-1
OTU_97.45114	-1
OTU_97.45117	-1
OTU_97.45118	1
OTU_97.45120	-1
OTU_97.45122	-1
OTU_97.45124	-1
OTU_97.45126	-1
OTU_97.45127	-1
OTU_97.45128	-1
OTU_97.45129	-1
OTU_97.45131	1
OTU_97.45134	-1
OTU_97.4514	1
OTU_97.45141	-1
OTU_97.45142	-1
OTU_97.45143	-1
OTU_97.45146	-1
OTU_97.45148	-1
OTU_97.45153	-1
OTU_97.45155	1
OTU_97.45160	-1
OTU_97.45161	-1
OTU_97.45165	-1
OTU_97.45166	-1
OTU_97.45169	-1
OTU_97.4517	-1
OTU_97.4518	1
OTU_97.45181	1
OTU_97.45187	-1
OTU_97.45188	-1
OTU_97.45189	-1
OTU_97.45192	-1
OTU_97.45194	1
OTU_97.45195	-1
OTU_97.45196	1
OTU_97.45198	-1
OTU_97.45199	-1
OTU_97.45205	-1
OTU_97.45206	-1
OTU_97.45209	-1
OTU_97.45210	-1
OTU_97.45211	-1
OTU_97.45212	-1
OTU_97.45213	-1
OTU_97.45215	-1
OTU_97.45217	-1
OTU_97.45221	-1
OTU_97.45222	-1
OTU_97.45223	-1
OTU_97.45228	-1
OTU_97.45230	-1
OTU_97.45231	-1
OTU_97.45232	-1
OTU_97.45233	-1
OTU_97.45235	-1
OTU_97.45236	1
OTU_97.45239	-1
OTU_97.45240	-1
OTU_97.45246	-1
OTU_97.45250	-1
OTU_97.45253	-1
OTU_97.45257	-1
OTU_97.45258	-1
OTU_97.45260	-1
OTU_97.45261	-1
OTU_97.45262	1
OTU_97.45263	1
OTU_97.45264	-1
OTU_97.45266	-1
OTU_97.45267	-1
OTU_97.4527	-1
OTU_97.45274	-1
OTU_97.45276	-1
OTU_97.45277	-1
OTU_97.45279	-1
OTU_97.45281	1
OTU_97.45284	-1
OTU_97.45285	-1
OTU_97.45289	-1
OTU_97.45290	-1
OTU_97.45293	-1
OTU_97.45294	-1
OTU_97.45295	-1
OTU_97.45297	-1
OTU_97.45298	-1
OTU_97.4530	-1
OTU_97.45303	-1
OTU_97.45304	1
OTU_97.45306	-1
OTU_97.45307	-1
OTU_97.45309	-1
OTU_97.4531	1
OTU_97.45310	-1
OTU_97.45311	-1
OTU_97.45314	1
OTU_97.45316	-1
OTU_97.45320	1
OTU_97.45321	-1
OTU_97.45322	-1
OTU_97.45324	-1
OTU_97.45326	-1
OTU_97.45328	-1
OTU_97.45329	-1
OTU_97.4533	-1
OTU_97.45331	-1
OTU_97.45334	-1
OTU_97.45337	-1
OTU_97.45338	-1
OTU_97.4534	-1
OTU_97.45340	-1
OTU_97.45341	-1
OTU_97.45344	-1
OTU_97.45345	-1
OTU_97.45347	-1
OTU_97.45349	-1
OTU_97.45350	-1
OTU_97.45351	-1
OTU_97.45352	-1
OTU_97.45355	-1
OTU_97.45358	-1
OTU_97.45362	-1
OTU_97.45363	-1
OTU_97.45364	1
OTU_97.45365	-1
OTU_97.45366	-1
OTU_97.45367	1
OTU_97.45368	-1
OTU_97.45369	-1
OTU_97.4537	-1
OTU_97.45371	-1
OTU_97.45372	-1
OTU_97.45373	-1
OTU_97.45376	-1
OTU_97.45377	1
OTU_97.45379	1
OTU_97.45381	-1
OTU_97.45390	-1
OTU_97.45392	-1
OTU_97.45393	-1
OTU_97.45396	-1
OTU_97.45398	-1
OTU_97.4540	-1
OTU_97.4541	-1
OTU_97.45412	-1
OTU_97.45413	-1
OTU_97.45414	-1
OTU_97.45415	-1
OTU_97.45419	-1
OTU_97.4542	-1
OTU_97.45423	-1
OTU_97.45424	-1
OTU_97.45425	-1
OTU_97.45428	-1
OTU_97.45429	-1
OTU_97.4543	-1
OTU_97.45432	1
OTU_97.45434	-1
OTU_97.45438	-1
OTU_97.45439	-1
OTU_97.45441	-1
OTU_97.45443	-1
OTU_97.45444	-1
OTU_97.45445	-1
OTU_97.45447	1
OTU_97.45455	-1
OTU_97.4549	-1
OTU_97.4550	-1
OTU_97.4551	1
OTU_97.4559	-1
OTU_97.4563	-1
OTU_97.4565	-1
OTU_97.4568	-1
OTU_97.4569	1
OTU_97.4572	-1
OTU_97.4573	-1
OTU_97.4574	1
OTU_97.4576	-1
OTU_97.4580	-1
OTU_97.4582	-1
OTU_97.4585	-1
OTU_97.4588	-1
OTU_97.4593	-1
OTU_97.4594	-1
OTU_97.4595	-1
OTU_97.4598	-1
OTU_97.46	-1
OTU_97.4604	-1
OTU_97.4608	-1
OTU_97.4616	-1
OTU_97.4617	-1
OTU_97.4618	-1
OTU_97.4627	-1
OTU_97.463	-1
OTU_97.4632	-1
OTU_97.4633	-1
OTU_97.4635	-1
OTU_97.4637	-1
OTU_97.4638	-1
OTU_97.4642	-1
OTU_97.4644	-1
OTU_97.4649	1
OTU_97.4651	-1
OTU_97.4652	-1
OTU_97.4653	-1
OTU_97.4654	1
OTU_97.4668	1
OTU_97.4669	-1
OTU_97.467	-1
OTU_97.4674	-1
OTU_97.4675	-1
OTU_97.4676	1
OTU_97.4679	-1
OTU_97.4683	-1
OTU_97.4685	1
OTU_97.4687	-1
OTU_97.4693	-1
OTU_97.4694	-1
OTU_97.4696	-1
OTU_97.47	-1
OTU_97.470	-1
OTU_97.4703	-1
OTU_97.4707	-1
OTU_97.4713	1
OTU_97.4717	-1
OTU_97.472	-1
OTU_97.4720	-1
OTU_97.4721	-1
OTU_97.4723	-1
OTU_97.4724	-1
OTU_97.473	1
OTU_97.4730	-1
OTU_97.4732	-1
OTU_97.4735	-1
OTU_97.4736	-1
OTU_97.4738	-1
OTU_97.4740	-1
OTU_97.4744	-1
OTU_97.4746	-1
OTU_97.4747	-1
OTU_97.4749	-1
OTU_97.475	1
OTU_97.4752	-1
OTU_97.4753	-1
OTU_97.4754	-1
OTU_97.4755	-1
OTU_97.4756	1
OTU_97.4757	-1
OTU_97.4759	-1
OTU_97.4760	-1
OTU_97.4761	-1
OTU_97.4763	-1
OTU_97.4764	-1
OTU_97.4766	-1
OTU_97.4767	-1
OTU_97.4769	-1
OTU_97.4771	-1
OTU_97.4772	-1
OTU_97.4773	-1
OTU_97.4776	-1
OTU_97.4777	-1
OTU_97.4778	1
OTU_97.4779	-1
OTU_97.4781	-1
OTU_97.4784	-1
OTU_97.4787	-1
OTU_97.4790	-1
OTU_97.4792	-1
OTU_97.4793	-1
OTU_97.4795	-1
OTU_97.48	-1
OTU_97.4800	-1
OTU_97.4805	-1
OTU_97.4806	1
OTU_97.4807	-1
OTU_97.4808	1
OTU_97.4811	-1
OTU_97.4818	1
OTU_97.482	-1
OTU_97.4822	-1
OTU_97.4826	-1
OTU_97.4829	-1
OTU_97.483	-1
OTU_97.4830	-1
OTU_97.4836	-1
OTU_97.484	-1
OTU_97.4843	1
OTU_97.4844	-1
OTU_97.4845	-1
OTU_97.485	-1
OTU_97.4852	-1
OTU_97.4853	-1
OTU_97.4854	-1
OTU_97.4857	-1
OTU_97.4859	-1
OTU_97.486	-1
OTU_97.4861	-1
OTU_97.4862	-1
OTU_97.4864	-1
OTU_97.4866	-1
OTU_97.4869	1
OTU_97.487	-1
OTU_97.4872	-1
OTU_97.4876	-1
OTU_97.4877	-1
OTU_97.488	-1
OTU_97.4881	1
OTU_97.4882	-1
OTU_97.4884	-1
OTU_97.489	-1
OTU_97.4891	-1
OTU_97.4898	-1
OTU_97.4899	-1
OTU_97.49	-1
OTU_97.490	1
OTU_97.4900	1
OTU_97.4901	1
OTU_97.4904	-1
OTU_97.4910	-1
OTU_97.4913	1
OTU_97.4918	-1
OTU_97.492	1
OTU_97.4920	-1
OTU_97.4925	-1
OTU_97.4930	1
OTU_97.4935	1
OTU_97.4938	-1
OTU_97.494	-1
OTU_97.4947	1
OTU_97.4951	1
OTU_97.4952	-1
OTU_97.4953	-1
OTU_97.4964	-1
OTU_97.4967	-1
OTU_97.4968	-1
OTU_97.4969	-1
OTU_97.4971	-1
OTU_97.4972	-1
OTU_97.4984	1
OTU_97.4989	-1
OTU_97.4992	-1
OTU_97.4994	-1
OTU_97.4997	-1
OTU_97.5	-1
OTU_97.50	-1
OTU_97.5000	-1
OTU_97.5002	-1
OTU_97.5005	-1
OTU_97.5008	1
OTU_97.5009	-1
OTU_97.5010	-1
OTU_97.5011	-1
OTU_97.5012	1
OTU_97.5014	-1
OTU_97.5017	-1
OTU_97.5020	-1
OTU_97.5022	-1
OTU_97.5028	-1
OTU_97.5029	-1
OTU_97.5031	-1
OTU_97.5035	-1
OTU_97.504	-1
OTU_97.5040	-1
OTU_97.5047	-1
OTU_97.5048	-1
OTU_97.5049	-1
OTU_97.505	-1
OTU_97.5050	-1
OTU_97.5053	-1
OTU_97.5056	-1
OTU_97.5060	-1
OTU_97.5068	-1
OTU_97.5070	-1
OTU_97.5074	-1
OTU_97.5075	1
OTU_97.5076	-1
OTU_97.5077	-1
OTU_97.5079	-1
OTU_97.5082	-1
OTU_97.5089	-1
OTU_97.509	-1
OTU_97.5090	-1
OTU_97.5092	-1
OTU_97.5096	-1
OTU_97.5098	-1
OTU_97.5099	-1
OTU_97.5102	-1
OTU_97.5104	-1
OTU_97.5105	-1
OTU_97.5111	-1
OTU_97.5114	-1
OTU_97.5116	-1
OTU_97.5117	-1
OTU_97.5119	-1
OTU_97.5121	-1
OTU_97.5122	-1
OTU_97.5123	-1
OTU_97.5127	-1
OTU_97.5129	-1
OTU_97.513	-1
OTU_97.5134	-1
OTU_97.5140	1
OTU_97.5141	-1
OTU_97.5142	-1
OTU_97.5143	1
OTU_97.5145	-1
OTU_97.5148	-1
OTU_97.515	1
OTU_97.5153	-1
OTU_97.5155	-1
OTU_97.5157	1
OTU_97.5158	-1
OTU_97.5161	-1
OTU_97.5164	1
OTU_97.5167	-1
OTU_97.5169	-1
OTU_97.517	-1
OTU_97.5173	-1
OTU_97.5174	-1
OTU_97.5179	-1
OTU_97.5181	-1
OTU_97.5187	-1
OTU_97.519	-1
OTU_97.5192	-1
OTU_97.5198	-1
OTU_97.52	-1
OTU_97.520	-1
OTU_97.5202	-1
OTU_97.5204	-1
OTU_97.5207	-1
OTU_97.5210	-1
OTU_97.5211	-1
OTU_97.5216	-1
OTU_97.5219	-1
OTU_97.5220	-1
OTU_97.5221	-1
OTU_97.5224	-1
OTU_97.5226	-1
OTU_97.5227	1
OTU_97.5229	-1
OTU_97.5230	-1
OTU_97.5236	1
OTU_97.5242	-1
OTU_97.5246	-1
OTU_97.5250	-1
OTU_97.5254	-1
OTU_97.5256	-1
OTU_97.5259	-1
OTU_97.5260	1
OTU_97.5261	-1
OTU_97.5265	-1
OTU_97.5266	-1
OTU_97.5270	1
OTU_97.5274	-1
OTU_97.5276	-1
OTU_97.5287	1
OTU_97.5293	-1
OTU_97.5297	-1
OTU_97.5301	-1
OTU_97.5309	-1
OTU_97.5311	-1
OTU_97.5312	-1
OTU_97.5313	-1
OTU_97.5314	1
OTU_97.5318	-1
OTU_97.5322	-1
OTU_97.5327	-1
OTU_97.5328	-1
OTU_97.5332	-1
OTU_97.5334	-1
OTU_97.5335	-1
OTU_97.534	-1
OTU_97.5343	-1
OTU_97.5344	-1
OTU_97.5347	-1
OTU_97.5350	-1
OTU_97.5352	-1
OTU_97.5359	-1
OTU_97.5361	1
OTU_97.5363	-1
OTU_97.5364	-1
OTU_97.5373	-1
OTU_97.5381	-1
OTU_97.5395	-1
OTU_97.5397	-1
OTU_97.5398	-1
OTU_97.5399	-1
OTU_97.54	-1
OTU_97.540	-1
OTU_97.5400	-1
OTU_97.5402	-1
OTU_97.5411	-1
OTU_97.5412	-1
OTU_97.5414	1
OTU_97.5415	-1
OTU_97.5418	-1
OTU_97.5424	-1
OTU_97.5426	1
OTU_97.5427	-1
OTU_97.5429	1
OTU_97.543	-1
OTU_97.5430	-1
OTU_97.5431	-1
OTU_97.5439	-1
OTU_97.544	1
OTU_97.5441	-1
OTU_97.5444	-1
OTU_97.5453	-1
OTU_97.5463	1
OTU_97.5470	-1
OTU_97.5472	-1
OTU_97.5473	-1
OTU_97.5474	-1
OTU_97.5476	-1
OTU_97.5480	-1
OTU_97.5489	-1
OTU_97.5491	-1
OTU_97.5495	-1
OTU_97.5498	1
OTU_97.55	-1
OTU_97.550	-1
OTU_97.5500	-1
OTU_97.5502	1
OTU_97.5504	-1
OTU_97.551	-1
OTU_97.5510	-1
OTU_97.5514	-1
OTU_97.552	-1
OTU_97.5520	-1
OTU_97.5522	-1
OTU_97.5524	-1
OTU_97.5528	-1
OTU_97.5530	-1
OTU_97.5531	-1
OTU_97.554	-1
OTU_97.5540	-1
OTU_97.5541	-1
OTU_97.5542	1
OTU_97.5544	-1
OTU_97.5545	-1
OTU_97.5550	-1
OTU_97.5551	1
OTU_97.5553	-1
OTU_97.5555	-1
OTU_97.5556	1
OTU_97.556	-1
OTU_97.5561	-1
OTU_97.5564	1
OTU_97.5568	-1
OTU_97.557	-1
OTU_97.5570	1
OTU_97.5571	-1
OTU_97.5573	-1
OTU_97.5583	-1
OTU_97.5586	-1
OTU_97.5587	-1
OTU_97.559	-1
OTU_97.56	-1
OTU_97.560	-1
OTU_97.5603	-1
OTU_97.5605	-1
OTU_97.5606	-1
OTU_97.5612	-1
OTU_97.5613	-1
OTU_97.5618	1
OTU_97.5619	-1
OTU_97.5621	-1
OTU_97.5623	-1
OTU_97.5627	1
OTU_97.5628	1
OTU_97.5629	-1
OTU_97.563	-1
OTU_97.5631	-1
OTU_97.5634	-1
OTU_97.5636	-1
OTU_97.564	1
OTU_97.5642	-1
OTU_97.5646	-1
OTU_97.5647	-1
OTU_97.5649	-1
OTU_97.5651	-1
OTU_97.5652	-1
OTU_97.5653	-1
OTU_97.5654	-1
OTU_97.5657	-1
OTU_97.5661	-1
OTU_97.5663	-1
OTU_97.5664	-1
OTU_97.5667	-1
OTU_97.5671	-1
OTU_97.5676	-1
OTU_97.5679	-1
OTU_97.5682	-1
OTU_97.5683	-1
OTU_97.5684	-1
OTU_97.5685	-1
OTU_97.5686	-1
OTU_97.5692	-1
OTU_97.5695	1
OTU_97.5696	-1
OTU_97.5697	-1
OTU_97.5698	-1
OTU_97.5701	-1
OTU_97.5706	-1
OTU_97.5708	-1
OTU_97.5709	-1
OTU_97.5711	-1
OTU_97.5712	-1
OTU_97.5714	-1
OTU_97.5719	-1
OTU_97.572	-1
OTU_97.5721	1
OTU_97.5724	-1
OTU_97.5725	-1
OTU_97.5728	-1
OTU_97.5729	-1
OTU_97.573	-1
OTU_97.5730	-1
OTU_97.5732	-1
OTU_97.5734	-1
OTU_97.5735	-1
OTU_97.5736	-1
OTU_97.5737	-1
OTU_97.5741	-1
OTU_97.5743	-1
OTU_97.5747	-1
OTU_97.5750	1
OTU_97.5752	1
OTU_97.5755	-1
OTU_97.5757	-1
OTU_97.576	1
OTU_97.5763	-1
OTU_97.5767	-1
OTU_97.5768	-1
OTU_97.5772	-1
OTU_97.5773	-1
OTU_97.5779	-1
OTU_97.5782	-1
OTU_97.5783	-1
OTU_97.5794	-1
OTU_97.5795	-1
OTU_97.5796	-1
OTU_97.58	1
OTU_97.5805	-1
OTU_97.581	-1
OTU_97.5811	-1
OTU_97.5812	-1
OTU_97.5813	1
OTU_97.5817	-1
OTU_97.582	-1
OTU_97.5823	-1
OTU_97.5834	-1
OTU_97.5839	-1
OTU_97.5843	-1
OTU_97.5845	-1
OTU_97.5849	-1
OTU_97.5852	1
OTU_97.5856	-1
OTU_97.5859	-1
OTU_97.5862	-1
OTU_97.5864	-1
OTU_97.5865	1
OTU_97.5866	-1
OTU_97.587	-1
OTU_97.5873	-1
OTU_97.5874	-1
OTU_97.5875	-1
OTU_97.5877	-1
OTU_97.5882	1
OTU_97.5885	-1
OTU_97.5887	-1
OTU_97.5889	-1
OTU_97.589	-1
OTU_97.5893	-1
OTU_97.5894	-1
OTU_97.5898	-1
OTU_97.590	1
OTU_97.5900	1
OTU_97.5903	-1
OTU_97.5904	-1
OTU_97.5905	-1
OTU_97.5907	-1
OTU_97.591	-1
OTU_97.5913	-1
OTU_97.5915	-1
OTU_97.5916	-1
OTU_97.5917	-1
OTU_97.5918	-1
OTU_97.592	-1
OTU_97.5920	-1
OTU_97.5924	-1
OTU_97.5925	-1
OTU_97.5926	-1
OTU_97.5927	1
OTU_97.5928	-1
OTU_97.593	-1
OTU_97.5933	1
OTU_97.5936	-1
OTU_97.5943	-1
OTU_97.5950	1
OTU_97.5953	-1
OTU_97.5954	-1
OTU_97.5959	-1
OTU_97.5961	1
OTU_97.5963	-1
OTU_97.5969	-1
OTU_97.5970	-1
OTU_97.5971	1
OTU_97.5977	-1
OTU_97.5978	-1
OTU_97.5981	-1
OTU_97.5983	-1
OTU_97.5986	-1
OTU_97.5987	-1
OTU_97.5988	-1
OTU_97.5989	-1
OTU_97.599	-1
OTU_97.5991	-1
OTU_97.5992	-1
OTU_97.5993	-1
OTU_97.5996	-1
OTU_97.5997	-1
OTU_97.5998	-1
OTU_97.5999	-1
OTU_97.6	-1
OTU_97.60	-1
OTU_97.6002	-1
OTU_97.6016	-1
OTU_97.6020	-1
OTU_97.6024	-1
OTU_97.6028	-1
OTU_97.6029	-1
OTU_97.6034	-1
OTU_97.6036	-1
OTU_97.604	-1
OTU_97.6043	-1
OTU_97.6045	-1
OTU_97.6052	-1
OTU_97.6055	-1
OTU_97.6058	-1
OTU_97.606	-1
OTU_97.6063	-1
OTU_97.6069	-1
OTU_97.6073	-1
OTU_97.6076	-1
OTU_97.6078	-1
OTU_97.6079	-1
OTU_97.608	1
OTU_97.6089	-1
OTU_97.609	-1
OTU_97.6092	-1
OTU_97.6094	-1
OTU_97.6095	-1
OTU_97.6096	-1
OTU_97.6098	1
OTU_97.6099	-1
OTU_97.61	-1
OTU_97.610	-1
OTU_97.6101	-1
OTU_97.611	-1
OTU_97.6110	1
OTU_97.6111	-1
OTU_97.6117	-1
OTU_97.612	1
OTU_97.6124	-1
OTU_97.6134	-1
OTU_97.6135	-1
OTU_97.6137	-1
OTU_97.6138	1
OTU_97.6143	-1
OTU_97.6146	1
OTU_97.6147	-1
OTU_97.6148	-1
OTU_97.615	-1
OTU_97.6150	-1
OTU_97.6156	-1
OTU_97.616	-1
OTU_97.6160	-1
OTU_97.6164	-1
OTU_97.6165	-1
OTU_97.6171	1
OTU_97.6172	-1
OTU_97.6174	1
OTU_97.6177	1
OTU_97.618	-1
OTU_97.6180	-1
OTU_97.6184	-1
OTU_97.6186	-1
OTU_97.6188	1
OTU_97.6190	-1
OTU_97.6196	-1
OTU_97.620	-1
OTU_97.6201	-1
OTU_97.6202	-1
OTU_97.6203	-1
OTU_97.6204	-1
OTU_97.6207	-1
OTU_97.6208	-1
OTU_97.6209	-1
OTU_97.621	-1
OTU_97.6211	-1
OTU_97.6212	1
OTU_97.6216	1
OTU_97.6223	-1
OTU_97.6224	-1
OTU_97.6226	-1
OTU_97.6227	-1
OTU_97.6228	1
OTU_97.623	-1
OTU_97.6231	-1
OTU_97.6234	-1
OTU_97.6235	-1
OTU_97.6237	-1
OTU_97.6238	-1
OTU_97.6241	-1
OTU_97.6243	-1
OTU_97.6244	-1
OTU_97.6248	1
OTU_97.6252	1
OTU_97.6254	-1
OTU_97.6258	-1
OTU_97.6262	-1
OTU_97.6263	-1
OTU_97.6265	-1
OTU_97.6267	-1
OTU_97.6269	-1
OTU_97.6270	-1
OTU_97.6275	-1
OTU_97.6276	-1
OTU_97.6277	1
OTU_97.6280	-1
OTU_97.6282	-1
OTU_97.6284	-1
OTU_97.6285	-1
OTU_97.6291	-1
OTU_97.6294	-1
OTU_97.6295	-1
OTU_97.6296	-1
OTU_97.63	-1
OTU_97.630	1
OTU_97.6301	-1
OTU_97.6304	-1
OTU_97.6307	-1
OTU_97.6314	1
OTU_97.6318	-1
OTU_97.632	-1
OTU_97.6320	-1
OTU_97.6322	-1
OTU_97.6324	-1
OTU_97.6325	1
OTU_97.6330	1
OTU_97.6332	-1
OTU_97.6335	-1
OTU_97.6336	-1
OTU_97.6337	1
OTU_97.6340	-1
OTU_97.6342	-1
OTU_97.6343	-1
OTU_97.6344	-1
OTU_97.635	-1
OTU_97.6350	-1
OTU_97.6356	-1
OTU_97.6358	-1
OTU_97.636	-1
OTU_97.6360	-1
OTU_97.6365	-1
OTU_97.6368	-1
OTU_97.637	-1
OTU_97.6370	1
OTU_97.639	-1
OTU_97.640	-1
OTU_97.6400	-1
OTU_97.6401	1
OTU_97.6402	-1
OTU_97.6403	-1
OTU_97.6407	-1
OTU_97.6418	-1
OTU_97.642	-1
OTU_97.6423	-1
OTU_97.6427	-1
OTU_97.6430	-1
OTU_97.6431	-1
OTU_97.6434	-1
OTU_97.6436	-1
OTU_97.6437	-1
OTU_97.644	-1
OTU_97.6443	-1
OTU_97.6447	-1
OTU_97.6453	1
OTU_97.6459	-1
OTU_97.6463	-1
OTU_97.6465	-1
OTU_97.6466	-1
OTU_97.6467	-1
OTU_97.6468	-1
OTU_97.6471	1
OTU_97.6475	-1
OTU_97.648	1
OTU_97.6481	-1
OTU_97.6485	1
OTU_97.6490	-1
OTU_97.6496	1
OTU_97.6498	-1
OTU_97.65	-1
OTU_97.6506	-1
OTU_97.6513	-1
OTU_97.6514	-1
OTU_97.6516	-1
OTU_97.6519	-1
OTU_97.6520	-1
OTU_97.6523	-1
OTU_97.6524	-1
OTU_97.6532	-1
OTU_97.6533	-1
OTU_97.6536	1
OTU_97.6537	-1
OTU_97.6543	-1
OTU_97.6544	-1
OTU_97.6554	-1
OTU_97.6559	-1
OTU_97.656	-1
OTU_97.6560	-1
OTU_97.6561	1
OTU_97.6563	-1
OTU_97.6564	-1
OTU_97.6566	-1
OTU_97.6569	-1
OTU_97.6572	-1
OTU_97.6574	-1
OTU_97.6576	1
OTU_97.6583	-1
OTU_97.6586	-1
OTU_97.6589	-1
OTU_97.659	1
OTU_97.6591	-1
OTU_97.6592	-1
OTU_97.6600	-1
OTU_97.6603	-1
OTU_97.6605	-1
OTU_97.6606	1
OTU_97.6607	-1
OTU_97.6609	1
OTU_97.6611	-1
OTU_97.6613	1
OTU_97.6615	-1
OTU_97.6616	-1
OTU_97.6618	-1
OTU_97.6620	-1
OTU_97.6621	-1
OTU_97.6624	-1
OTU_97.6626	-1
OTU_97.6627	-1
OTU_97.6630	-1
OTU_97.6633	-1
OTU_97.6634	-1
OTU_97.6640	-1
OTU_97.6642	-1
OTU_97.6644	-1
OTU_97.665	-1
OTU_97.6650	-1
OTU_97.6651	-1
OTU_97.6653	-1
OTU_97.6655	-1
OTU_97.6661	-1
OTU_97.6669	-1
OTU_97.6673	-1
OTU_97.6674	-1
OTU_97.6677	-1
OTU_97.6678	-1
OTU_97.6680	-1
OTU_97.6682	-1
OTU_97.6687	1
OTU_97.6688	-1
OTU_97.6689	-1
OTU_97.6690	-1
OTU_97.6692	-1
OTU_97.6693	-1
OTU_97.6695	1
OTU_97.6697	-1
OTU_97.6698	-1
OTU_97.6704	-1
OTU_97.6707	1
OTU_97.6709	-1
OTU_97.6712	-1
OTU_97.6713	-1
OTU_97.6714	-1
OTU_97.6719	-1
OTU_97.672	-1
OTU_97.6720	-1
OTU_97.6721	-1
OTU_97.6732	-1
OTU_97.6733	-1
OTU_97.6734	-1
OTU_97.6736	-1
OTU_97.6738	-1
OTU_97.6743	-1
OTU_97.6745	-1
OTU_97.6746	1
OTU_97.6749	-1
OTU_97.6750	-1
OTU_97.6752	-1
OTU_97.6753	-1
OTU_97.6754	-1
OTU_97.6757	-1
OTU_97.6759	-1
OTU_97.6761	-1
OTU_97.6765	1
OTU_97.6766	-1
OTU_97.6774	-1
OTU_97.6779	-1
OTU_97.678	-1
OTU_97.6780	1
OTU_97.6784	-1
OTU_97.6785	1
OTU_97.6789	-1
OTU_97.6791	-1
OTU_97.6793	-1
OTU_97.6795	-1
OTU_97.6798	-1
OTU_97.68	-1
OTU_97.6802	-1
OTU_97.6804	-1
OTU_97.6805	1
OTU_97.6806	-1
OTU_97.6809	-1
OTU_97.6812	-1
OTU_97.682	-1
OTU_97.6823	-1
OTU_97.6826	-1
OTU_97.6831	-1
OTU_97.6833	-1
OTU_97.6837	-1
OTU_97.6838	1
OTU_97.6842	-1
OTU_97.6846	-1
OTU_97.6849	-1
OTU_97.685	-1
OTU_97.6850	-1
OTU_97.6854	-1
OTU_97.6856	-1
OTU_97.6857	1
OTU_97.6858	-1
OTU_97.686	-1
OTU_97.6860	1
OTU_97.6861	-1
OTU_97.6864	-1
OTU_97.6867	-1
OTU_97.6871	-1
OTU_97.6875	-1
OTU_97.6878	-1
OTU_97.6879	-1
OTU_97.688	-1
OTU_97.6883	-1
OTU_97.6885	-1
OTU_97.6888	-1
OTU_97.6889	-1
OTU_97.6896	-1
OTU_97.6897	-1
OTU_97.69	-1
OTU_97.6903	-1
OTU_97.6905	-1
OTU_97.6907	-1
OTU_97.6908	-1
OTU_97.6909	-1
OTU_97.6912	-1
OTU_97.6915	-1
OTU_97.6918	-1
OTU_97.6933	1
OTU_97.6935	-1
OTU_97.6936	-1
OTU_97.6937	-1
OTU_97.6939	-1
OTU_97.6946	-1
OTU_97.695	-1
OTU_97.6950	-1
OTU_97.6952	-1
OTU_97.6953	1
OTU_97.6955	-1
OTU_97.696	-1
OTU_97.6961	-1
OTU_97.6964	-1
OTU_97.6973	-1
OTU_97.6976	-1
OTU_97.6977	-1
OTU_97.6981	-1
OTU_97.6983	-1
OTU_97.6987	-1
OTU_97.699	-1
OTU_97.6991	-1
OTU_97.6993	-1
OTU_97.6996	-1
OTU_97.6997	-1
OTU_97.7	-1
OTU_97.70	-1
OTU_97.700	-1
OTU_97.701	-1
OTU_97.7013	1
OTU_97.7014	-1
OTU_97.7018	-1
OTU_97.7019	-1
OTU_97.7020	-1
OTU_97.7021	-1
OTU_97.7026	1
OTU_97.7028	-1
OTU_97.7035	-1
OTU_97.7038	-1
OTU_97.704	-1
OTU_97.7040	-1
OTU_97.7043	-1
OTU_97.7045	-1
OTU_97.7046	-1
OTU_97.7049	-1
OTU_97.7052	-1
OTU_97.7054	1
OTU_97.7059	-1
OTU_97.7060	-1
OTU_97.7061	-1
OTU_97.7065	-1
OTU_97.7068	-1
OTU_97.707	-1
OTU_97.7070	-1
OTU_97.7072	-1
OTU_97.7075	-1
OTU_97.7076	1
OTU_97.7077	-1
OTU_97.7078	-1
OTU_97.7081	-1
OTU_97.7084	-1
OTU_97.7087	-1
OTU_97.7089	-1
OTU_97.7090	-1
OTU_97.7102	-1
OTU_97.7106	1
OTU_97.7108	-1
OTU_97.711	-1
OTU_97.7112	-1
OTU_97.7115	-1
OTU_97.7116	-1
OTU_97.7124	-1
OTU_97.7128	-1
OTU_97.7130	-1
OTU_97.7133	-1
OTU_97.7138	-1
OTU_97.7139	-1
OTU_97.714	-1
OTU_97.7140	-1
OTU_97.7141	-1
OTU_97.7143	-1
OTU_97.7144	-1
OTU_97.7151	1
OTU_97.7152	1
OTU_97.7158	-1
OTU_97.7160	-1
OTU_97.7163	-1
OTU_97.7164	-1
OTU_97.7167	-1
OTU_97.7169	-1
OTU_97.7171	-1
OTU_97.7178	-1
OTU_97.718	-1
OTU_97.7180	-1
OTU_97.7184	-1
OTU_97.7187	-1
OTU_97.7188	-1
OTU_97.7192	-1
OTU_97.7195	1
OTU_97.7196	-1
OTU_97.7198	-1
OTU_97.7203	-1
OTU_97.7204	-1
OTU_97.721	-1
OTU_97.7216	-1
OTU_97.7221	-1
OTU_97.7223	-1
OTU_97.7226	-1
OTU_97.7229	-1
OTU_97.723	-1
OTU_97.7231	-1
OTU_97.7234	-1
OTU_97.7239	-1
OTU_97.7242	-1
OTU_97.7243	-1
OTU_97.7247	-1
OTU_97.725	-1
OTU_97.7252	-1
OTU_97.7253	-1
OTU_97.7255	-1
OTU_97.7259	-1
OTU_97.726	-1
OTU_97.7264	-1
OTU_97.7265	-1
OTU_97.7268	-1
OTU_97.727	-1
OTU_97.7274	-1
OTU_97.7275	-1
OTU_97.7278	-1
OTU_97.7284	-1
OTU_97.729	-1
OTU_97.7292	-1
OTU_97.7295	-1
OTU_97.7299	-1
OTU_97.73	-1
OTU_97.7301	-1
OTU_97.7305	-1
OTU_97.7309	-1
OTU_97.731	-1
OTU_97.7315	-1
OTU_97.7319	-1
OTU_97.7321	-1
OTU_97.7324	-1
OTU_97.7328	1
OTU_97.733	-1
OTU_97.7331	-1
OTU_97.7336	-1
OTU_97.7338	-1
OTU_97.7341	-1
OTU_97.7342	-1
OTU_97.7343	-1
OTU_97.7345	-1
OTU_97.7346	-1
OTU_97.7352	-1
OTU_97.7356	-1
OTU_97.7357	-1
OTU_97.7360	-1
OTU_97.7365	-1
OTU_97.7367	-1
OTU_97.7370	-1
OTU_97.7371	-1
OTU_97.7372	-1
OTU_97.738	1
OTU_97.7382	-1
OTU_97.7384	-1
OTU_97.7385	-1
OTU_97.739	-1
OTU_97.7394	1
OTU_97.74	1
OTU_97.740	-1
OTU_97.7403	-1
OTU_97.7405	-1
OTU_97.741	-1
OTU_97.7410	-1
OTU_97.7416	-1
OTU_97.7418	-1
OTU_97.7430	-1
OTU_97.7431	-1
OTU_97.7432	-1
OTU_97.7434	-1
OTU_97.7437	-1
OTU_97.7439	-1
OTU_97.7443	-1
OTU_97.7448	-1
OTU_97.7451	-1
OTU_97.7453	1
OTU_97.7457	-1
OTU_97.746	-1
OTU_97.7464	-1
OTU_97.7467	-1
OTU_97.7469	-1
OTU_97.7472	-1
OTU_97.7475	-1
OTU_97.7476	-1
OTU_97.7477	1
OTU_97.7483	-1
OTU_97.7484	-1
OTU_97.7489	-1
OTU_97.7491	-1
OTU_97.7493	1
OTU_97.7494	-1
OTU_97.7497	-1
OTU_97.75	-1
OTU_97.7501	-1
OTU_97.7502	-1
OTU_97.7505	-1
OTU_97.7506	-1
OTU_97.7511	-1
OTU_97.7516	1
OTU_97.7517	1
OTU_97.7522	-1
OTU_97.7524	-1
OTU_97.7525	-1
OTU_97.7533	-1
OTU_97.7546	-1
OTU_97.7554	-1
OTU_97.7555	-1
OTU_97.7563	-1
OTU_97.7564	-1
OTU_97.7568	-1
OTU_97.7570	-1
OTU_97.7573	-1
OTU_97.7574	-1
OTU_97.7578	-1
OTU_97.7579	-1
OTU_97.759	-1
OTU_97.7590	1
OTU_97.7593	-1
OTU_97.7598	1
OTU_97.7599	-1
OTU_97.760	-1
OTU_97.7600	-1
OTU_97.7603	-1
OTU_97.7606	-1
OTU_97.761	-1
OTU_97.7610	-1
OTU_97.7611	-1
OTU_97.7612	-1
OTU_97.7614	-1
OTU_97.7618	-1
OTU_97.762	1
OTU_97.7621	-1
OTU_97.7625	-1
OTU_97.7628	-1
OTU_97.7633	-1
OTU_97.7636	-1
OTU_97.7638	-1
OTU_97.764	-1
OTU_97.7641	-1
OTU_97.7645	-1
OTU_97.7649	-1
OTU_97.7653	-1
OTU_97.7654	-1
OTU_97.7658	-1
OTU_97.7659	-1
OTU_97.7661	-1
OTU_97.7663	-1
OTU_97.7665	-1
OTU_97.7666	-1
OTU_97.7667	1
OTU_97.767	-1
OTU_97.7670	-1
OTU_97.7671	-1
OTU_97.7672	-1
OTU_97.7673	-1
OTU_97.7675	-1
OTU_97.7676	-1
OTU_97.7681	-1
OTU_97.7687	-1
OTU_97.769	-1
OTU_97.7696	-1
OTU_97.7699	-1
OTU_97.770	1
OTU_97.7702	-1
OTU_97.7703	-1
OTU_97.7706	-1
OTU_97.7708	-1
OTU_97.7711	-1
OTU_97.7716	-1
OTU_97.772	-1
OTU_97.7723	-1
OTU_97.7724	-1
OTU_97.7725	1
OTU_97.7726	-1
OTU_97.7727	-1
OTU_97.773	-1
OTU_97.7736	-1
OTU_97.7738	-1
OTU_97.7740	-1
OTU_97.7743	-1
OTU_97.7744	-1
OTU_97.7745	-1
OTU_97.7746	-1
OTU_97.7748	-1
OTU_97.7750	-1
OTU_97.7752	-1
OTU_97.776	-1
OTU_97.7762	-1
OTU_97.7764	-1
OTU_97.7766	-1
OTU_97.7768	-1
OTU_97.7770	-1
OTU_97.778	-1
OTU_97.7782	-1
OTU_97.7784	-1
OTU_97.7796	-1
OTU_97.7797	-1
OTU_97.7799	-1
OTU_97.7801	-1
OTU_97.7803	-1
OTU_97.7809	-1
OTU_97.781	-1
OTU_97.7819	-1
OTU_97.7820	-1
OTU_97.7821	-1
OTU_97.7822	-1
OTU_97.7826	-1
OTU_97.7831	-1
OTU_97.7838	-1
OTU_97.784	-1
OTU_97.7841	-1
OTU_97.7846	-1
OTU_97.7854	-1
OTU_97.7855	-1
OTU_97.7857	-1
OTU_97.7859	-1
OTU_97.786	-1
OTU_97.7861	-1
OTU_97.7862	-1
OTU_97.7864	-1
OTU_97.7865	-1
OTU_97.7866	-1
OTU_97.7870	-1
OTU_97.7878	-1
OTU_97.7881	-1
OTU_97.7882	-1
OTU_97.7886	-1
OTU_97.7892	1
OTU_97.7893	-1
OTU_97.7894	-1
OTU_97.7895	-1
OTU_97.7897	-1
OTU_97.7911	-1
OTU_97.7915	-1
OTU_97.7919	-1
OTU_97.7922	-1
OTU_97.7927	-1
OTU_97.793	-1
OTU_97.7930	-1
OTU_97.7934	-1
OTU_97.7937	-1
OTU_97.794	-1
OTU_97.7951	-1
OTU_97.7952	-1
OTU_97.796	-1
OTU_97.7966	-1
OTU_97.7969	-1
OTU_97.7971	-1
OTU_97.7972	1
OTU_97.7977	-1
OTU_97.7978	-1
OTU_97.7981	-1
OTU_97.7982	-1
OTU_97.7986	-1
OTU_97.799	-1
OTU_97.7994	-1
OTU_97.7995	-1
OTU_97.7996	-1
OTU_97.800	-1
OTU_97.8003	-1
OTU_97.8004	1
OTU_97.8009	-1
OTU_97.8011	-1
OTU_97.8013	-1
OTU_97.8017	1
OTU_97.8028	-1
OTU_97.8034	-1
OTU_97.8036	-1
OTU_97.8037	-1
OTU_97.8039	-1
OTU_97.804	-1
OTU_97.8044	-1
OTU_97.8045	1
OTU_97.8046	-1
OTU_97.8047	-1
OTU_97.8053	-1
OTU_97.8054	-1
OTU_97.8056	-1
OTU_97.8059	-1
OTU_97.806	-1
OTU_97.8061	-1
OTU_97.8064	-1
OTU_97.8067	-1
OTU_97.8068	-1
OTU_97.8069	-1
OTU_97.8076	-1
OTU_97.808	-1
OTU_97.8080	-1
OTU_97.8081	-1
OTU_97.8086	-1
OTU_97.8089	-1
OTU_97.8090	-1
OTU_97.8091	-1
OTU_97.8093	-1
OTU_97.8097	-1
OTU_97.81	-1
OTU_97.8105	-1
OTU_97.8107	-1
OTU_97.8108	-1
OTU_97.8111	-1
OTU_97.8114	-1
OTU_97.8117	-1
OTU_97.8120	-1
OTU_97.8129	-1
OTU_97.813	-1
OTU_97.8137	-1
OTU_97.814	1
OTU_97.8142	-1
OTU_97.8144	-1
OTU_97.8147	-1
OTU_97.8152	-1
OTU_97.8156	-1
OTU_97.8158	1
OTU_97.816	-1
OTU_97.8164	-1
OTU_97.8165	-1
OTU_97.8168	-1
OTU_97.8169	-1
OTU_97.817	-1
OTU_97.8171	-1
OTU_97.8173	-1
OTU_97.8174	1
OTU_97.8175	-1
OTU_97.8179	-1
OTU_97.818	-1
OTU_97.8181	-1
OTU_97.8191	-1
OTU_97.8194	-1
OTU_97.8195	-1
OTU_97.8196	-1
OTU_97.8199	-1
OTU_97.8200	-1
OTU_97.8201	-1
OTU_97.8202	-1
OTU_97.8205	1
OTU_97.8206	-1
OTU_97.8207	1
OTU_97.8209	-1
OTU_97.821	-1
OTU_97.8212	1
OTU_97.8214	-1
OTU_97.8215	-1
OTU_97.8217	-1
OTU_97.8218	-1
OTU_97.8220	-1
OTU_97.8221	-1
OTU_97.8222	-1
OTU_97.8225	-1
OTU_97.8237	1
OTU_97.8239	-1
OTU_97.824	-1
OTU_97.8247	-1
OTU_97.8249	-1
OTU_97.8251	-1
OTU_97.8253	-1
OTU_97.8256	-1
OTU_97.8259	-1
OTU_97.8265	-1
OTU_97.8266	-1
OTU_97.8269	-1
OTU_97.8272	-1
OTU_97.8273	-1
OTU_97.8275	-1
OTU_97.8277	1
OTU_97.8278	1
OTU_97.828	-1
OTU_97.8281	-1
OTU_97.8287	-1
OTU_97.8288	-1
OTU_97.8291	-1
OTU_97.8292	-1
OTU_97.8293	-1
OTU_97.8300	-1
OTU_97.8310	-1
OTU_97.8313	-1
OTU_97.8314	-1
OTU_97.8318	-1
OTU_97.8319	-1
OTU_97.832	-1
OTU_97.8330	-1
OTU_97.8331	-1
OTU_97.8333	-1
OTU_97.8334	-1
OTU_97.8336	-1
OTU_97.8337	-1
OTU_97.8338	-1
OTU_97.8340	-1
OTU_97.8341	-1
OTU_97.8347	-1
OTU_97.8351	1
OTU_97.8354	-1
OTU_97.8358	-1
OTU_97.8361	1
OTU_97.8362	-1
OTU_97.8365	-1
OTU_97.8367	-1
OTU_97.837	-1
OTU_97.8371	-1
OTU_97.8378	-1
OTU_97.8381	-1
OTU_97.8387	-1
OTU_97.8388	-1
OTU_97.8394	-1
OTU_97.8397	-1
OTU_97.8398	-1
OTU_97.84	-1
OTU_97.8400	-1
OTU_97.8401	-1
OTU_97.8402	-1
OTU_97.8405	-1
OTU_97.841	1
OTU_97.8416	-1
OTU_97.8420	1
OTU_97.8423	-1
OTU_97.8426	-1
OTU_97.8428	-1
OTU_97.8431	-1
OTU_97.8433	-1
OTU_97.8435	1
OTU_97.8436	-1
OTU_97.8437	1
OTU_97.844	-1
OTU_97.8443	-1
OTU_97.8446	1
OTU_97.8449	-1
OTU_97.845	-1
OTU_97.8453	-1
OTU_97.8455	-1
OTU_97.8457	-1
OTU_97.8458	-1
OTU_97.8459	-1
OTU_97.846	1
OTU_97.8460	1
OTU_97.8462	-1
OTU_97.8463	-1
OTU_97.847	1
OTU_97.8471	1
OTU_97.8474	-1
OTU_97.8475	-1
OTU_97.8478	-1
OTU_97.8479	-1
OTU_97.8482	-1
OTU_97.8484	-1
OTU_97.8492	-1
OTU_97.8500	-1
OTU_97.851	-1
OTU_97.8510	-1
OTU_97.8515	-1
OTU_97.8517	-1
OTU_97.8522	1
OTU_97.8528	1
OTU_97.853	-1
OTU_97.8539	-1
OTU_97.8542	-1
OTU_97.8543	-1
OTU_97.8545	1
OTU_97.8546	-1
OTU_97.8555	-1
OTU_97.8556	-1
OTU_97.8557	-1
OTU_97.8558	1
OTU_97.8566	-1
OTU_97.8570	-1
OTU_97.8571	-1
OTU_97.8575	-1
OTU_97.8576	-1
OTU_97.8577	-1
OTU_97.8578	-1
OTU_97.8580	-1
OTU_97.8581	1
OTU_97.8582	-1
OTU_97.8583	-1
OTU_97.8584	-1
OTU_97.8585	-1
OTU_97.8588	-1
OTU_97.8590	-1
OTU_97.8595	-1
OTU_97.86	-1
OTU_97.8601	-1
OTU_97.8602	1
OTU_97.8606	-1
OTU_97.8607	-1
OTU_97.8609	-1
OTU_97.8610	-1
OTU_97.8614	-1
OTU_97.8617	-1
OTU_97.8626	-1
OTU_97.8627	-1
OTU_97.8628	-1
OTU_97.8629	-1
OTU_97.8635	-1
OTU_97.8636	-1
OTU_97.8639	-1
OTU_97.8642	-1
OTU_97.8643	-1
OTU_97.8644	-1
OTU_97.8645	-1
OTU_97.8646	-1
OTU_97.8649	-1
OTU_97.8654	-1
OTU_97.8655	-1
OTU_97.8659	-1
OTU_97.8664	-1
OTU_97.8666	-1
OTU_97.8675	-1
OTU_97.8679	1
OTU_97.8680	-1
OTU_97.8684	1
OTU_97.8685	-1
OTU_97.8689	-1
OTU_97.8690	-1
OTU_97.8693	-1
OTU_97.8703	1
OTU_97.8706	-1
OTU_97.8708	-1
OTU_97.871	-1
OTU_97.8713	1
OTU_97.8714	1
OTU_97.8720	1
OTU_97.8722	-1
OTU_97.8727	1
OTU_97.8731	-1
OTU_97.8734	-1
OTU_97.8735	-1
OTU_97.8740	-1
OTU_97.8741	-1
OTU_97.8743	1
OTU_97.8749	1
OTU_97.875	-1
OTU_97.8753	-1
OTU_97.8755	-1
OTU_97.8759	-1
OTU_97.8760	-1
OTU_97.877	-1
OTU_97.8772	-1
OTU_97.8775	-1
OTU_97.8779	-1
OTU_97.878	-1
OTU_97.8781	-1
OTU_97.879	-1
OTU_97.8790	-1
OTU_97.8791	-1
OTU_97.8794	-1
OTU_97.8799	-1
OTU_97.88	-1
OTU_97.8800	-1
OTU_97.8804	-1
OTU_97.881	-1
OTU_97.8813	1
OTU_97.882	-1
OTU_97.8820	-1
OTU_97.8823	-1
OTU_97.8825	-1
OTU_97.8828	-1
OTU_97.8829	-1
OTU_97.8835	-1
OTU_97.8840	-1
OTU_97.8843	-1
OTU_97.8847	-1
OTU_97.8851	-1
OTU_97.8853	-1
OTU_97.8856	-1
OTU_97.8858	-1
OTU_97.8859	-1
OTU_97.886	-1
OTU_97.8862	-1
OTU_97.8863	-1
OTU_97.8867	-1
OTU_97.8868	-1
OTU_97.887	-1
OTU_97.8870	-1
OTU_97.8874	-1
OTU_97.8875	-1
OTU_97.8877	-1
OTU_97.8885	-1
OTU_97.8889	-1
OTU_97.8891	1
OTU_97.8892	-1
OTU_97.8896	-1
OTU_97.8900	-1
OTU_97.8901	1
OTU_97.8902	-1
OTU_97.8905	-1
OTU_97.8908	-1
OTU_97.8913	-1
OTU_97.8917	-1
OTU_97.8918	-1
OTU_97.8926	-1
OTU_97.8930	-1
OTU_97.8931	-1
OTU_97.8932	-1
OTU_97.8933	1
OTU_97.8937	1
OTU_97.8944	-1
OTU_97.8948	-1
OTU_97.8953	-1
OTU_97.8956	-1
OTU_97.8957	1
OTU_97.8960	-1
OTU_97.8971	1
OTU_97.8973	-1
OTU_97.8976	-1
OTU_97.8977	-1
OTU_97.8982	-1
OTU_97.8983	-1
OTU_97.8984	-1
OTU_97.8986	-1
OTU_97.8988	-1
OTU_97.899	-1
OTU_97.8991	-1
OTU_97.8997	-1
OTU_97.9	-1
OTU_97.900	-1
OTU_97.9004	-1
OTU_97.9005	-1
OTU_97.9007	-1
OTU_97.9008	-1
OTU_97.9011	-1
OTU_97.9014	1
OTU_97.9015	-1
OTU_97.9018	-1
OTU_97.902	-1
OTU_97.9021	-1
OTU_97.9028	-1
OTU_97.903	-1
OTU_97.9032	1
OTU_97.9036	1
OTU_97.904	-1
OTU_97.9043	-1
OTU_97.9044	1
OTU_97.9045	1
OTU_97.9048	-1
OTU_97.9050	-1
OTU_97.9051	-1
OTU_97.9054	-1
OTU_97.9055	-1
OTU_97.906	-1
OTU_97.9066	-1
OTU_97.9069	-1
OTU_97.9072	1
OTU_97.9077	1
OTU_97.9082	-1
OTU_97.9087	-1
OTU_97.9090	-1
OTU_97.9096	-1
OTU_97.9097	-1
OTU_97.9098	-1
OTU_97.91	-1
OTU_97.9100	-1
OTU_97.9101	-1
OTU_97.9103	-1
OTU_97.9105	-1
OTU_97.9107	-1
OTU_97.9110	1
OTU_97.9112	-1
OTU_97.9114	-1
OTU_97.9115	-1
OTU_97.9119	-1
OTU_97.9120	-1
OTU_97.9123	-1
OTU_97.9124	-1
OTU_97.9126	-1
OTU_97.913	-1
OTU_97.9130	-1
OTU_97.9131	-1
OTU_97.9137	-1
OTU_97.9145	-1
OTU_97.9147	1
OTU_97.9148	-1
OTU_97.9153	-1
OTU_97.9154	-1
OTU_97.9157	-1
OTU_97.916	-1
OTU_97.9162	-1
OTU_97.9164	-1
OTU_97.917	-1
OTU_97.9171	-1
OTU_97.9177	-1
OTU_97.9178	-1
OTU_97.9179	-1
OTU_97.9181	-1
OTU_97.9189	-1
OTU_97.9191	-1
OTU_97.9192	-1
OTU_97.9194	-1
OTU_97.9196	-1
OTU_97.9198	1
OTU_97.92	-1
OTU_97.920	-1
OTU_97.9200	-1
OTU_97.9202	-1
OTU_97.9208	-1
OTU_97.921	1
OTU_97.9213	-1
OTU_97.9215	-1
OTU_97.9216	-1
OTU_97.9217	1
OTU_97.9218	-1
OTU_97.9221	-1
OTU_97.9222	-1
OTU_97.9223	-1
OTU_97.923	-1
OTU_97.9230	-1
OTU_97.9231	-1
OTU_97.9235	-1
OTU_97.924	1
OTU_97.9243	-1
OTU_97.9250	-1
OTU_97.9258	-1
OTU_97.9259	-1
OTU_97.926	-1
OTU_97.9260	-1
OTU_97.9262	-1
OTU_97.9263	-1
OTU_97.9264	-1
OTU_97.9265	-1
OTU_97.927	-1
OTU_97.9276	-1
OTU_97.9278	-1
OTU_97.928	-1
OTU_97.9282	-1
OTU_97.9283	-1
OTU_97.9284	-1
OTU_97.9287	-1
OTU_97.9289	-1
OTU_97.929	1
OTU_97.9297	-1
OTU_97.93	-1
OTU_97.9301	-1
OTU_97.9304	-1
OTU_97.9305	-1
OTU_97.931	-1
OTU_97.9313	-1
OTU_97.9315	-1
OTU_97.9317	-1
OTU_97.9318	-1
OTU_97.9321	-1
OTU_97.9322	-1
OTU_97.9323	-1
OTU_97.9324	1
OTU_97.9327	-1
OTU_97.9328	-1
OTU_97.9333	-1
OTU_97.9336	-1
OTU_97.934	-1
OTU_97.9340	-1
OTU_97.9341	-1
OTU_97.9343	-1
OTU_97.9346	-1
OTU_97.9348	-1
OTU_97.935	1
OTU_97.9352	-1
OTU_97.9355	-1
OTU_97.9358	-1
OTU_97.9359	-1
OTU_97.9361	-1
OTU_97.9362	-1
OTU_97.9363	-1
OTU_97.9366	-1
OTU_97.9377	-1
OTU_97.9378	-1
OTU_97.9380	-1
OTU_97.9387	-1
OTU_97.939	-1
OTU_97.9393	-1
OTU_97.9396	-1
OTU_97.9397	-1
OTU_97.9398	-1
OTU_97.940	-1
OTU_97.9401	-1
OTU_97.9405	-1
OTU_97.941	-1
OTU_97.9414	-1
OTU_97.9415	-1
OTU_97.9423	1
OTU_97.9426	-1
OTU_97.9429	1
OTU_97.9432	-1
OTU_97.9434	-1
OTU_97.9436	-1
OTU_97.9440	-1
OTU_97.9444	-1
OTU_97.9446	1
OTU_97.9448	-1
OTU_97.9450	-1
OTU_97.9452	-1
OTU_97.9453	-1
OTU_97.9460	-1
OTU_97.9462	-1
OTU_97.9470	-1
OTU_97.9471	-1
OTU_97.9472	-1
OTU_97.9474	1
OTU_97.9475	-1
OTU_97.9476	1
OTU_97.9477	-1
OTU_97.948	-1
OTU_97.9484	-1
OTU_97.9487	1
OTU_97.9490	-1
OTU_97.9492	-1
OTU_97.95	1
OTU_97.9502	-1
OTU_97.9505	-1
OTU_97.951	-1
OTU_97.9510	-1
OTU_97.9511	-1
OTU_97.9512	1
OTU_97.9515	-1
OTU_97.9521	-1
OTU_97.9524	1
OTU_97.9529	-1
OTU_97.9532	1
OTU_97.9536	-1
OTU_97.9537	1
OTU_97.9538	-1
OTU_97.9543	-1
OTU_97.9551	1
OTU_97.9557	1
OTU_97.9559	-1
OTU_97.9560	1
OTU_97.9564	-1
OTU_97.9568	-1
OTU_97.9573	-1
OTU_97.9576	-1
OTU_97.9577	-1
OTU_97.958	-1
OTU_97.9581	-1
OTU_97.9582	-1
OTU_97.9587	-1
OTU_97.9590	-1
OTU_97.9593	-1
OTU_97.9596	-1
OTU_97.96	-1
OTU_97.9600	-1
OTU_97.9601	1
OTU_97.9607	-1
OTU_97.9609	-1
OTU_97.9610	1
OTU_97.9612	1
OTU_97.9613	1
OTU_97.962	-1
OTU_97.9620	-1
OTU_97.9621	-1
OTU_97.9622	-1
OTU_97.9626	-1
OTU_97.9633	-1
OTU_97.9637	-1
OTU_97.9638	-1
OTU_97.9641	-1
OTU_97.9642	1
OTU_97.9645	1
OTU_97.9649	-1
OTU_97.965	-1
OTU_97.9652	1
OTU_97.9658	-1
OTU_97.9659	-1
OTU_97.9663	-1
OTU_97.9670	-1
OTU_97.9672	-1
OTU_97.9673	1
OTU_97.9674	1
OTU_97.9676	-1
OTU_97.9678	-1
OTU_97.9681	-1
OTU_97.9683	-1
OTU_97.9685	-1
OTU_97.9687	-1
OTU_97.9688	-1
OTU_97.9689	-1
OTU_97.969	-1
OTU_97.9691	-1
OTU_97.9695	-1
OTU_97.9696	-1
OTU_97.97	-1
OTU_97.9706	-1
OTU_97.9709	-1
OTU_97.972	1
OTU_97.9733	-1
OTU_97.9734	-1
OTU_97.9735	-1
OTU_97.9738	-1
OTU_97.9739	-1
OTU_97.974	1
OTU_97.9740	-1
OTU_97.9741	-1
OTU_97.9743	-1
OTU_97.9751	-1
OTU_97.9755	-1
OTU_97.9759	-1
OTU_97.976	-1
OTU_97.9765	-1
OTU_97.9767	1
OTU_97.9771	-1
OTU_97.9775	-1
OTU_97.9778	-1
OTU_97.9779	-1
OTU_97.9780	-1
OTU_97.9781	-1
OTU_97.9789	-1
OTU_97.979	-1
OTU_97.9791	1
OTU_97.9796	-1
OTU_97.9798	1
OTU_97.98	-1
OTU_97.9800	-1
OTU_97.9801	-1
OTU_97.9805	-1
OTU_97.9808	-1
OTU_97.9809	-1
OTU_97.9813	1
OTU_97.9821	-1
OTU_97.9823	1
OTU_97.9824	-1
OTU_97.9827	-1
OTU_97.9828	-1
OTU_97.9829	1
OTU_97.9830	1
OTU_97.9835	-1
OTU_97.9836	-1
OTU_97.9837	-1
OTU_97.9838	-1
OTU_97.9843	-1
OTU_97.9844	-1
OTU_97.9845	1
OTU_97.9847	-1
OTU_97.9850	-1
OTU_97.9854	-1
OTU_97.9858	-1
OTU_97.9859	-1
OTU_97.9860	-1
OTU_97.9864	-1
OTU_97.9865	-1
OTU_97.9868	-1
OTU_97.9871	-1
OTU_97.9875	-1
OTU_97.9883	1
OTU_97.9885	-1
OTU_97.9894	-1
OTU_97.9895	-1
OTU_97.9896	-1
OTU_97.9899	-1
OTU_97.99	-1
OTU_97.990	-1
OTU_97.9901	1
OTU_97.9910	1
OTU_97.9913	-1
OTU_97.9915	-1
OTU_97.9916	-1
OTU_97.9921	-1
OTU_97.9923	-1
OTU_97.9925	-1
OTU_97.993	-1
OTU_97.994	-1
OTU_97.9944	-1
OTU_97.9947	-1
OTU_97.9948	-1
OTU_97.9952	-1
OTU_97.9955	-1
OTU_97.9957	-1
OTU_97.9958	-1
OTU_97.9959	-1
OTU_97.9960	-1
OTU_97.9966	-1
OTU_97.997	-1
OTU_97.9973	-1
OTU_97.9974	-1
OTU_97.9977	-1
OTU_97.9978	1
OTU_97.998	-1
OTU_97.9982	-1
OTU_97.999	-1
OTU_97.9990	-1
OTU_97.9991	-1
OTU_97.9995	-1
