"n","error","cell","rep","method","fdr","tpr","fpr05","n_rej"
10,"gauss","null",1,"ols",0,NA,0.056,0
10,"gauss","null",1,"modt",0,NA,0.04,0
10,"gauss","null",1,"hc3",0,NA,0.026,0
10,"gauss","null",1,"modhc3",0,NA,0.03,0
10,"gauss","null",2,"ols",0,NA,0.076,0
10,"gauss","null",2,"modt",0,NA,0.074,0
10,"gauss","null",2,"hc3",0,NA,0.058,0
10,"gauss","null",2,"modhc3",0,NA,0.06,0
10,"gauss","null",3,"ols",0,NA,0.07,0
10,"gauss","null",3,"modt",0,NA,0.074,0
10,"gauss","null",3,"hc3",0,NA,0.046,0
10,"gauss","null",3,"modhc3",0,NA,0.04,0
10,"gauss","null",4,"ols",0,NA,0.042,0
10,"gauss","null",4,"modt",0,NA,0.06,0
10,"gauss","null",4,"hc3",0,NA,0.03,0
10,"gauss","null",4,"modhc3",0,NA,0.034,0
10,"gauss","null",5,"ols",0,NA,0.044,0
10,"gauss","null",5,"modt",0,NA,0.05,0
10,"gauss","null",5,"hc3",1,NA,0.088,1
10,"gauss","null",5,"modhc3",1,NA,0.094,5
10,"gauss","null",6,"ols",0,NA,0.042,0
10,"gauss","null",6,"modt",0,NA,0.038,0
10,"gauss","null",6,"hc3",0,NA,0.05,0
10,"gauss","null",6,"modhc3",0,NA,0.042,0
10,"gauss","null",7,"ols",0,NA,0.044,0
10,"gauss","null",7,"modt",0,NA,0.048,0
10,"gauss","null",7,"hc3",0,NA,0.036,0
10,"gauss","null",7,"modhc3",1,NA,0.04,1
10,"gauss","null",8,"ols",0,NA,0.048,0
10,"gauss","null",8,"modt",0,NA,0.062,0
10,"gauss","null",8,"hc3",0,NA,0.032,0
10,"gauss","null",8,"modhc3",0,NA,0.04,0
10,"gauss","null",9,"ols",0,NA,0.064,0
10,"gauss","null",9,"modt",0,NA,0.058,0
10,"gauss","null",9,"hc3",0,NA,0.044,0
10,"gauss","null",9,"modhc3",0,NA,0.04,0
10,"gauss","null",10,"ols",0,NA,0.044,0
10,"gauss","null",10,"modt",0,NA,0.04,0
10,"gauss","null",10,"hc3",0,NA,0.032,0
10,"gauss","null",10,"modhc3",0,NA,0.04,0
10,"gauss","null",11,"ols",0,NA,0.052,0
10,"gauss","null",11,"modt",0,NA,0.048,0
10,"gauss","null",11,"hc3",0,NA,0.03,0
10,"gauss","null",11,"modhc3",0,NA,0.032,0
10,"gauss","null",12,"ols",0,NA,0.044,0
10,"gauss","null",12,"modt",0,NA,0.024,0
10,"gauss","null",12,"hc3",0,NA,0.028,0
10,"gauss","null",12,"modhc3",0,NA,0.024,0
10,"gauss","null",13,"ols",0,NA,0.042,0
10,"gauss","null",13,"modt",0,NA,0.03,0
10,"gauss","null",13,"hc3",0,NA,0.02,0
10,"gauss","null",13,"modhc3",0,NA,0.028,0
10,"gauss","null",14,"ols",0,NA,0.06,0
10,"gauss","null",14,"modt",0,NA,0.056,0
10,"gauss","null",14,"hc3",0,NA,0.036,0
10,"gauss","null",14,"modhc3",0,NA,0.042,0
10,"gauss","null",15,"ols",0,NA,0.078,0
10,"gauss","null",15,"modt",0,NA,0.068,0
10,"gauss","null",15,"hc3",0,NA,0.06,0
10,"gauss","null",15,"modhc3",0,NA,0.05,0
10,"gauss","null",16,"ols",0,NA,0.048,0
10,"gauss","null",16,"modt",0,NA,0.052,0
10,"gauss","null",16,"hc3",0,NA,0.042,0
10,"gauss","null",16,"modhc3",0,NA,0.038,0
10,"gauss","null",17,"ols",0,NA,0.04,0
10,"gauss","null",17,"modt",1,NA,0.044,1
10,"gauss","null",17,"hc3",1,NA,0.042,1
10,"gauss","null",17,"modhc3",1,NA,0.038,1
10,"gauss","null",18,"ols",0,NA,0.046,0
10,"gauss","null",18,"modt",0,NA,0.044,0
10,"gauss","null",18,"hc3",0,NA,0.028,0
10,"gauss","null",18,"modhc3",0,NA,0.02,0
10,"gauss","null",19,"ols",1,NA,0.046,2
10,"gauss","null",19,"modt",1,NA,0.044,2
10,"gauss","null",19,"hc3",1,NA,0.026,1
10,"gauss","null",19,"modhc3",1,NA,0.014,1
10,"gauss","null",20,"ols",0,NA,0.054,0
10,"gauss","null",20,"modt",0,NA,0.052,0
10,"gauss","null",20,"hc3",0,NA,0.044,0
10,"gauss","null",20,"modhc3",0,NA,0.04,0
20,"gauss","null",1,"ols",1,NA,0.042,1
20,"gauss","null",1,"modt",1,NA,0.044,1
20,"gauss","null",1,"hc3",1,NA,0.048,1
20,"gauss","null",1,"modhc3",1,NA,0.046,1
20,"gauss","null",2,"ols",0,NA,0.048,0
20,"gauss","null",2,"modt",0,NA,0.046,0
20,"gauss","null",2,"hc3",0,NA,0.028,0
20,"gauss","null",2,"modhc3",0,NA,0.028,0
20,"gauss","null",3,"ols",0,NA,0.042,0
20,"gauss","null",3,"modt",0,NA,0.042,0
20,"gauss","null",3,"hc3",0,NA,0.032,0
20,"gauss","null",3,"modhc3",0,NA,0.034,0
20,"gauss","null",4,"ols",0,NA,0.04,0
20,"gauss","null",4,"modt",0,NA,0.038,0
20,"gauss","null",4,"hc3",0,NA,0.034,0
20,"gauss","null",4,"modhc3",0,NA,0.03,0
20,"gauss","null",5,"ols",0,NA,0.044,0
20,"gauss","null",5,"modt",0,NA,0.044,0
20,"gauss","null",5,"hc3",0,NA,0.036,0
20,"gauss","null",5,"modhc3",0,NA,0.036,0
20,"gauss","null",6,"ols",0,NA,0.044,0
20,"gauss","null",6,"modt",0,NA,0.042,0
20,"gauss","null",6,"hc3",0,NA,0.034,0
20,"gauss","null",6,"modhc3",0,NA,0.032,0
20,"gauss","null",7,"ols",0,NA,0.038,0
20,"gauss","null",7,"modt",0,NA,0.038,0
20,"gauss","null",7,"hc3",0,NA,0.038,0
20,"gauss","null",7,"modhc3",0,NA,0.036,0
20,"gauss","null",8,"ols",0,NA,0.06,0
20,"gauss","null",8,"modt",0,NA,0.052,0
20,"gauss","null",8,"hc3",0,NA,0.052,0
20,"gauss","null",8,"modhc3",0,NA,0.058,0
20,"gauss","null",9,"ols",0,NA,0.048,0
20,"gauss","null",9,"modt",0,NA,0.044,0
20,"gauss","null",9,"hc3",0,NA,0.046,0
20,"gauss","null",9,"modhc3",0,NA,0.036,0
20,"gauss","null",10,"ols",0,NA,0.07,0
20,"gauss","null",10,"modt",0,NA,0.072,0
20,"gauss","null",10,"hc3",0,NA,0.052,0
20,"gauss","null",10,"modhc3",0,NA,0.052,0
20,"gauss","null",11,"ols",0,NA,0.054,0
20,"gauss","null",11,"modt",0,NA,0.058,0
20,"gauss","null",11,"hc3",0,NA,0.04,0
20,"gauss","null",11,"modhc3",0,NA,0.04,0
20,"gauss","null",12,"ols",0,NA,0.046,0
20,"gauss","null",12,"modt",0,NA,0.036,0
20,"gauss","null",12,"hc3",0,NA,0.028,0
20,"gauss","null",12,"modhc3",0,NA,0.026,0
20,"gauss","null",13,"ols",0,NA,0.044,0
20,"gauss","null",13,"modt",0,NA,0.046,0
20,"gauss","null",13,"hc3",0,NA,0.038,0
20,"gauss","null",13,"modhc3",0,NA,0.04,0
20,"gauss","null",14,"ols",0,NA,0.052,0
20,"gauss","null",14,"modt",0,NA,0.054,0
20,"gauss","null",14,"hc3",0,NA,0.046,0
20,"gauss","null",14,"modhc3",1,NA,0.046,1
20,"gauss","null",15,"ols",0,NA,0.058,0
20,"gauss","null",15,"modt",0,NA,0.056,0
20,"gauss","null",15,"hc3",0,NA,0.044,0
20,"gauss","null",15,"modhc3",0,NA,0.04,0
20,"gauss","null",16,"ols",0,NA,0.056,0
20,"gauss","null",16,"modt",1,NA,0.06,1
20,"gauss","null",16,"hc3",0,NA,0.044,0
20,"gauss","null",16,"modhc3",1,NA,0.04,1
20,"gauss","null",17,"ols",0,NA,0.054,0
20,"gauss","null",17,"modt",0,NA,0.058,0
20,"gauss","null",17,"hc3",0,NA,0.038,0
20,"gauss","null",17,"modhc3",0,NA,0.038,0
20,"gauss","null",18,"ols",0,NA,0.048,0
20,"gauss","null",18,"modt",0,NA,0.05,0
20,"gauss","null",18,"hc3",0,NA,0.04,0
20,"gauss","null",18,"modhc3",0,NA,0.042,0
20,"gauss","null",19,"ols",0,NA,0.06,0
20,"gauss","null",19,"modt",0,NA,0.068,0
20,"gauss","null",19,"hc3",0,NA,0.056,0
20,"gauss","null",19,"modhc3",0,NA,0.046,0
20,"gauss","null",20,"ols",0,NA,0.048,0
20,"gauss","null",20,"modt",0,NA,0.062,0
20,"gauss","null",20,"hc3",0,NA,0.042,0
20,"gauss","null",20,"modhc3",0,NA,0.046,0
40,"gauss","null",1,"ols",0,NA,0.052,0
40,"gauss","null",1,"modt",0,NA,0.056,0
40,"gauss","null",1,"hc3",0,NA,0.054,0
40,"gauss","null",1,"modhc3",0,NA,0.052,0
40,"gauss","null",2,"ols",0,NA,0.052,0
40,"gauss","null",2,"modt",0,NA,0.05,0
40,"gauss","null",2,"hc3",0,NA,0.046,0
40,"gauss","null",2,"modhc3",0,NA,0.046,0
40,"gauss","null",3,"ols",0,NA,0.036,0
40,"gauss","null",3,"modt",0,NA,0.038,0
40,"gauss","null",3,"hc3",0,NA,0.034,0
40,"gauss","null",3,"modhc3",0,NA,0.034,0
40,"gauss","null",4,"ols",0,NA,0.044,0
40,"gauss","null",4,"modt",0,NA,0.044,0
40,"gauss","null",4,"hc3",0,NA,0.042,0
40,"gauss","null",4,"modhc3",0,NA,0.042,0
40,"gauss","null",5,"ols",0,NA,0.056,0
40,"gauss","null",5,"modt",0,NA,0.06,0
40,"gauss","null",5,"hc3",0,NA,0.046,0
40,"gauss","null",5,"modhc3",0,NA,0.044,0
40,"gauss","null",6,"ols",0,NA,0.038,0
40,"gauss","null",6,"modt",0,NA,0.044,0
40,"gauss","null",6,"hc3",0,NA,0.04,0
40,"gauss","null",6,"modhc3",0,NA,0.038,0
40,"gauss","null",7,"ols",0,NA,0.048,0
40,"gauss","null",7,"modt",0,NA,0.052,0
40,"gauss","null",7,"hc3",0,NA,0.044,0
40,"gauss","null",7,"modhc3",1,NA,0.044,1
40,"gauss","null",8,"ols",0,NA,0.042,0
40,"gauss","null",8,"modt",0,NA,0.044,0
40,"gauss","null",8,"hc3",0,NA,0.04,0
40,"gauss","null",8,"modhc3",0,NA,0.042,0
40,"gauss","null",9,"ols",0,NA,0.058,0
40,"gauss","null",9,"modt",0,NA,0.058,0
40,"gauss","null",9,"hc3",0,NA,0.054,0
40,"gauss","null",9,"modhc3",0,NA,0.058,0
40,"gauss","null",10,"ols",0,NA,0.052,0
40,"gauss","null",10,"modt",0,NA,0.05,0
40,"gauss","null",10,"hc3",0,NA,0.044,0
40,"gauss","null",10,"modhc3",0,NA,0.044,0
40,"gauss","null",11,"ols",0,NA,0.052,0
40,"gauss","null",11,"modt",0,NA,0.056,0
40,"gauss","null",11,"hc3",0,NA,0.05,0
40,"gauss","null",11,"modhc3",0,NA,0.05,0
40,"gauss","null",12,"ols",0,NA,0.034,0
40,"gauss","null",12,"modt",0,NA,0.032,0
40,"gauss","null",12,"hc3",0,NA,0.024,0
40,"gauss","null",12,"modhc3",0,NA,0.024,0
40,"gauss","null",13,"ols",0,NA,0.044,0
40,"gauss","null",13,"modt",0,NA,0.044,0
40,"gauss","null",13,"hc3",0,NA,0.038,0
40,"gauss","null",13,"modhc3",0,NA,0.04,0
40,"gauss","null",14,"ols",1,NA,0.044,1
40,"gauss","null",14,"modt",1,NA,0.044,1
40,"gauss","null",14,"hc3",0,NA,0.038,0
40,"gauss","null",14,"modhc3",1,NA,0.042,1
40,"gauss","null",15,"ols",0,NA,0.052,0
40,"gauss","null",15,"modt",0,NA,0.05,0
40,"gauss","null",15,"hc3",0,NA,0.046,0
40,"gauss","null",15,"modhc3",0,NA,0.048,0
40,"gauss","null",16,"ols",0,NA,0.052,0
40,"gauss","null",16,"modt",0,NA,0.05,0
40,"gauss","null",16,"hc3",1,NA,0.05,1
40,"gauss","null",16,"modhc3",1,NA,0.05,1
40,"gauss","null",17,"ols",0,NA,0.046,0
40,"gauss","null",17,"modt",0,NA,0.044,0
40,"gauss","null",17,"hc3",0,NA,0.052,0
40,"gauss","null",17,"modhc3",0,NA,0.054,0
40,"gauss","null",18,"ols",0,NA,0.044,0
40,"gauss","null",18,"modt",0,NA,0.044,0
40,"gauss","null",18,"hc3",0,NA,0.042,0
40,"gauss","null",18,"modhc3",0,NA,0.042,0
40,"gauss","null",19,"ols",0,NA,0.036,0
40,"gauss","null",19,"modt",0,NA,0.038,0
40,"gauss","null",19,"hc3",0,NA,0.034,0
40,"gauss","null",19,"modhc3",0,NA,0.036,0
40,"gauss","null",20,"ols",0,NA,0.06,0
40,"gauss","null",20,"modt",0,NA,0.06,0
40,"gauss","null",20,"hc3",0,NA,0.062,0
40,"gauss","null",20,"modhc3",0,NA,0.058,0
100,"gauss","null",1,"ols",0,NA,0.046,0
100,"gauss","null",1,"modt",0,NA,0.044,0
100,"gauss","null",1,"hc3",0,NA,0.044,0
100,"gauss","null",1,"modhc3",0,NA,0.044,0
100,"gauss","null",2,"ols",0,NA,0.04,0
100,"gauss","null",2,"modt",0,NA,0.038,0
100,"gauss","null",2,"hc3",0,NA,0.038,0
100,"gauss","null",2,"modhc3",0,NA,0.038,0
100,"gauss","null",3,"ols",0,NA,0.032,0
100,"gauss","null",3,"modt",0,NA,0.034,0
100,"gauss","null",3,"hc3",0,NA,0.034,0
100,"gauss","null",3,"modhc3",0,NA,0.032,0
100,"gauss","null",4,"ols",0,NA,0.05,0
100,"gauss","null",4,"modt",0,NA,0.05,0
100,"gauss","null",4,"hc3",0,NA,0.048,0
100,"gauss","null",4,"modhc3",0,NA,0.048,0
100,"gauss","null",5,"ols",0,NA,0.056,0
100,"gauss","null",5,"modt",0,NA,0.056,0
100,"gauss","null",5,"hc3",0,NA,0.052,0
100,"gauss","null",5,"modhc3",0,NA,0.054,0
100,"gauss","null",6,"ols",0,NA,0.056,0
100,"gauss","null",6,"modt",0,NA,0.056,0
100,"gauss","null",6,"hc3",0,NA,0.054,0
100,"gauss","null",6,"modhc3",0,NA,0.052,0
100,"gauss","null",7,"ols",0,NA,0.068,0
100,"gauss","null",7,"modt",0,NA,0.068,0
100,"gauss","null",7,"hc3",0,NA,0.068,0
100,"gauss","null",7,"modhc3",0,NA,0.068,0
100,"gauss","null",8,"ols",0,NA,0.066,0
100,"gauss","null",8,"modt",0,NA,0.066,0
100,"gauss","null",8,"hc3",0,NA,0.054,0
100,"gauss","null",8,"modhc3",0,NA,0.056,0
100,"gauss","null",9,"ols",0,NA,0.042,0
100,"gauss","null",9,"modt",0,NA,0.044,0
100,"gauss","null",9,"hc3",0,NA,0.046,0
100,"gauss","null",9,"modhc3",0,NA,0.044,0
100,"gauss","null",10,"ols",0,NA,0.036,0
100,"gauss","null",10,"modt",0,NA,0.034,0
100,"gauss","null",10,"hc3",0,NA,0.036,0
100,"gauss","null",10,"modhc3",0,NA,0.038,0
100,"gauss","null",11,"ols",0,NA,0.042,0
100,"gauss","null",11,"modt",0,NA,0.042,0
100,"gauss","null",11,"hc3",0,NA,0.042,0
100,"gauss","null",11,"modhc3",0,NA,0.04,0
100,"gauss","null",12,"ols",0,NA,0.048,0
100,"gauss","null",12,"modt",0,NA,0.046,0
100,"gauss","null",12,"hc3",0,NA,0.044,0
100,"gauss","null",12,"modhc3",0,NA,0.042,0
100,"gauss","null",13,"ols",0,NA,0.06,0
100,"gauss","null",13,"modt",0,NA,0.062,0
100,"gauss","null",13,"hc3",0,NA,0.05,0
100,"gauss","null",13,"modhc3",0,NA,0.054,0
100,"gauss","null",14,"ols",0,NA,0.07,0
100,"gauss","null",14,"modt",0,NA,0.072,0
100,"gauss","null",14,"hc3",0,NA,0.06,0
100,"gauss","null",14,"modhc3",0,NA,0.06,0
100,"gauss","null",15,"ols",0,NA,0.048,0
100,"gauss","null",15,"modt",0,NA,0.048,0
100,"gauss","null",15,"hc3",0,NA,0.044,0
100,"gauss","null",15,"modhc3",0,NA,0.044,0
100,"gauss","null",16,"ols",1,NA,0.066,1
100,"gauss","null",16,"modt",0,NA,0.066,0
100,"gauss","null",16,"hc3",1,NA,0.056,1
100,"gauss","null",16,"modhc3",1,NA,0.056,1
100,"gauss","null",17,"ols",0,NA,0.06,0
100,"gauss","null",17,"modt",0,NA,0.064,0
100,"gauss","null",17,"hc3",0,NA,0.066,0
100,"gauss","null",17,"modhc3",0,NA,0.066,0
100,"gauss","null",18,"ols",0,NA,0.05,0
100,"gauss","null",18,"modt",0,NA,0.05,0
100,"gauss","null",18,"hc3",0,NA,0.052,0
100,"gauss","null",18,"modhc3",0,NA,0.054,0
100,"gauss","null",19,"ols",0,NA,0.054,0
100,"gauss","null",19,"modt",0,NA,0.05,0
100,"gauss","null",19,"hc3",0,NA,0.052,0
100,"gauss","null",19,"modhc3",0,NA,0.05,0
100,"gauss","null",20,"ols",0,NA,0.062,0
100,"gauss","null",20,"modt",0,NA,0.064,0
100,"gauss","null",20,"hc3",0,NA,0.054,0
100,"gauss","null",20,"modhc3",0,NA,0.054,0
10,"t3","null",1,"ols",0,NA,0.044,0
10,"t3","null",1,"modt",0,NA,0.044,0
10,"t3","null",1,"hc3",0,NA,0.022,0
10,"t3","null",1,"modhc3",0,NA,0.032,0
10,"t3","null",2,"ols",0,NA,0.052,0
10,"t3","null",2,"modt",0,NA,0.052,0
10,"t3","null",2,"hc3",0,NA,0.024,0
10,"t3","null",2,"modhc3",0,NA,0.028,0
10,"t3","null",4,"ols",0,NA,0.054,0
10,"t3","null",4,"modt",0,NA,0.05,0
10,"t3","null",4,"hc3",1,NA,0.058,2
10,"t3","null",4,"modhc3",1,NA,0.054,2
10,"t3","null",5,"ols",0,NA,0.054,0
10,"t3","null",5,"modt",1,NA,0.062,1
10,"t3","null",5,"hc3",1,NA,0.034,1
10,"t3","null",5,"modhc3",1,NA,0.03,1
10,"t3","null",6,"ols",0,NA,0.06,0
10,"t3","null",6,"modt",0,NA,0.05,0
10,"t3","null",6,"hc3",0,NA,0.05,0
10,"t3","null",6,"modhc3",0,NA,0.03,0
10,"t3","null",7,"ols",0,NA,0.05,0
10,"t3","null",7,"modt",0,NA,0.06,0
10,"t3","null",7,"hc3",0,NA,0.026,0
10,"t3","null",7,"modhc3",1,NA,0.024,1
10,"t3","null",8,"ols",0,NA,0.048,0
10,"t3","null",8,"modt",0,NA,0.054,0
10,"t3","null",8,"hc3",0,NA,0.034,0
10,"t3","null",8,"modhc3",0,NA,0.032,0
10,"t3","null",9,"ols",0,NA,0.04,0
10,"t3","null",9,"modt",0,NA,0.05,0
10,"t3","null",9,"hc3",0,NA,0.028,0
10,"t3","null",9,"modhc3",0,NA,0.026,0
10,"t3","null",10,"ols",0,NA,0.052,0
10,"t3","null",10,"modt",0,NA,0.048,0
10,"t3","null",10,"hc3",0,NA,0.048,0
10,"t3","null",10,"modhc3",0,NA,0.05,0
10,"t3","null",11,"ols",0,NA,0.04,0
10,"t3","null",11,"modt",0,NA,0.036,0
10,"t3","null",11,"hc3",0,NA,0.028,0
10,"t3","null",11,"modhc3",0,NA,0.016,0
10,"t3","null",12,"ols",0,NA,0.036,0
10,"t3","null",12,"modt",0,NA,0.032,0
10,"t3","null",12,"hc3",0,NA,0.024,0
10,"t3","null",12,"modhc3",0,NA,0.024,0
10,"t3","null",13,"ols",0,NA,0.04,0
10,"t3","null",13,"modt",0,NA,0.036,0
10,"t3","null",13,"hc3",0,NA,0.032,0
10,"t3","null",13,"modhc3",0,NA,0.024,0
10,"t3","null",14,"ols",0,NA,0.05,0
10,"t3","null",14,"modt",0,NA,0.038,0
10,"t3","null",14,"hc3",0,NA,0.024,0
10,"t3","null",14,"modhc3",0,NA,0.022,0
10,"t3","null",15,"ols",0,NA,0.044,0
10,"t3","null",15,"modt",0,NA,0.048,0
10,"t3","null",15,"hc3",0,NA,0.028,0
10,"t3","null",15,"modhc3",0,NA,0.026,0
10,"t3","null",16,"ols",0,NA,0.05,0
10,"t3","null",16,"modt",0,NA,0.064,0
10,"t3","null",16,"hc3",0,NA,0.03,0
10,"t3","null",16,"modhc3",0,NA,0.034,0
10,"t3","null",17,"ols",0,NA,0.032,0
10,"t3","null",17,"modt",0,NA,0.038,0
10,"t3","null",17,"hc3",0,NA,0.02,0
10,"t3","null",17,"modhc3",0,NA,0.01,0
10,"t3","null",18,"ols",0,NA,0.052,0
10,"t3","null",18,"modt",0,NA,0.05,0
10,"t3","null",18,"hc3",0,NA,0.034,0
10,"t3","null",18,"modhc3",0,NA,0.03,0
10,"t3","null",19,"ols",0,NA,0.042,0
10,"t3","null",19,"modt",0,NA,0.046,0
10,"t3","null",19,"hc3",0,NA,0.024,0
10,"t3","null",19,"modhc3",0,NA,0.028,0
10,"t3","null",20,"ols",0,NA,0.036,0
10,"t3","null",20,"modt",0,NA,0.034,0
10,"t3","null",20,"hc3",0,NA,0.016,0
10,"t3","null",20,"modhc3",0,NA,0.02,0
20,"t3","null",1,"ols",1,NA,0.048,1
20,"t3","null",1,"modt",1,NA,0.05,1
20,"t3","null",1,"hc3",0,NA,0.044,0
20,"t3","null",1,"modhc3",0,NA,0.044,0
20,"t3","null",2,"ols",0,NA,0.04,0
20,"t3","null",2,"modt",0,NA,0.044,0
20,"t3","null",2,"hc3",0,NA,0.024,0
20,"t3","null",2,"modhc3",0,NA,0.022,0
20,"t3","null",3,"ols",0,NA,0.046,0
20,"t3","null",3,"modt",0,NA,0.052,0
20,"t3","null",3,"hc3",0,NA,0.038,0
20,"t3","null",3,"modhc3",0,NA,0.038,0
20,"t3","null",4,"ols",0,NA,0.058,0
20,"t3","null",4,"modt",0,NA,0.048,0
20,"t3","null",4,"hc3",0,NA,0.032,0
20,"t3","null",4,"modhc3",0,NA,0.034,0
20,"t3","null",5,"ols",0,NA,0.044,0
20,"t3","null",5,"modt",0,NA,0.038,0
20,"t3","null",5,"hc3",0,NA,0.018,0
20,"t3","null",5,"modhc3",0,NA,0.022,0
20,"t3","null",6,"ols",0,NA,0.032,0
20,"t3","null",6,"modt",0,NA,0.034,0
20,"t3","null",6,"hc3",0,NA,0.024,0
20,"t3","null",6,"modhc3",0,NA,0.024,0
20,"t3","null",7,"ols",0,NA,0.048,0
20,"t3","null",7,"modt",0,NA,0.044,0
20,"t3","null",7,"hc3",0,NA,0.034,0
20,"t3","null",7,"modhc3",0,NA,0.034,0
20,"t3","null",8,"ols",0,NA,0.018,0
20,"t3","null",8,"modt",0,NA,0.024,0
20,"t3","null",8,"hc3",0,NA,0.024,0
20,"t3","null",8,"modhc3",0,NA,0.024,0
20,"t3","null",9,"ols",0,NA,0.06,0
20,"t3","null",9,"modt",0,NA,0.06,0
20,"t3","null",9,"hc3",0,NA,0.046,0
20,"t3","null",9,"modhc3",0,NA,0.04,0
20,"t3","null",10,"ols",0,NA,0.032,0
20,"t3","null",10,"modt",0,NA,0.028,0
20,"t3","null",10,"hc3",0,NA,0.026,0
20,"t3","null",10,"modhc3",0,NA,0.02,0
20,"t3","null",11,"ols",0,NA,0.04,0
20,"t3","null",11,"modt",0,NA,0.032,0
20,"t3","null",11,"hc3",0,NA,0.03,0
20,"t3","null",11,"modhc3",0,NA,0.028,0
20,"t3","null",12,"ols",0,NA,0.048,0
20,"t3","null",12,"modt",0,NA,0.056,0
20,"t3","null",12,"hc3",0,NA,0.04,0
20,"t3","null",12,"modhc3",0,NA,0.04,0
20,"t3","null",13,"ols",0,NA,0.062,0
20,"t3","null",13,"modt",0,NA,0.062,0
20,"t3","null",13,"hc3",0,NA,0.046,0
20,"t3","null",13,"modhc3",0,NA,0.046,0
20,"t3","null",14,"ols",0,NA,0.054,0
20,"t3","null",14,"modt",0,NA,0.052,0
20,"t3","null",14,"hc3",0,NA,0.04,0
20,"t3","null",14,"modhc3",0,NA,0.044,0
20,"t3","null",15,"ols",0,NA,0.054,0
20,"t3","null",15,"modt",0,NA,0.056,0
20,"t3","null",15,"hc3",0,NA,0.04,0
20,"t3","null",15,"modhc3",0,NA,0.038,0
20,"t3","null",16,"ols",0,NA,0.048,0
20,"t3","null",16,"modt",0,NA,0.046,0
20,"t3","null",16,"hc3",0,NA,0.034,0
20,"t3","null",16,"modhc3",0,NA,0.036,0
20,"t3","null",17,"ols",0,NA,0.038,0
20,"t3","null",17,"modt",0,NA,0.038,0
20,"t3","null",17,"hc3",0,NA,0.024,0
20,"t3","null",17,"modhc3",0,NA,0.022,0
20,"t3","null",18,"ols",0,NA,0.036,0
20,"t3","null",18,"modt",0,NA,0.042,0
20,"t3","null",18,"hc3",0,NA,0.028,0
20,"t3","null",18,"modhc3",0,NA,0.03,0
20,"t3","null",19,"ols",0,NA,0.044,0
20,"t3","null",19,"modt",0,NA,0.044,0
20,"t3","null",19,"hc3",0,NA,0.03,0
20,"t3","null",19,"modhc3",0,NA,0.034,0
20,"t3","null",20,"ols",0,NA,0.058,0
20,"t3","null",20,"modt",0,NA,0.058,0
20,"t3","null",20,"hc3",0,NA,0.036,0
20,"t3","null",20,"modhc3",0,NA,0.032,0
40,"t3","null",1,"ols",0,NA,0.048,0
40,"t3","null",1,"modt",0,NA,0.05,0
40,"t3","null",1,"hc3",0,NA,0.028,0
40,"t3","null",1,"modhc3",0,NA,0.032,0
40,"t3","null",2,"ols",0,NA,0.056,0
40,"t3","null",2,"modt",0,NA,0.056,0
40,"t3","null",2,"hc3",0,NA,0.036,0
40,"t3","null",2,"modhc3",0,NA,0.034,0
40,"t3","null",3,"ols",0,NA,0.042,0
40,"t3","null",3,"modt",0,NA,0.04,0
40,"t3","null",3,"hc3",0,NA,0.03,0
40,"t3","null",3,"modhc3",0,NA,0.032,0
40,"t3","null",4,"ols",0,NA,0.042,0
40,"t3","null",4,"modt",0,NA,0.04,0
40,"t3","null",4,"hc3",0,NA,0.036,0
40,"t3","null",4,"modhc3",0,NA,0.036,0
40,"t3","null",5,"ols",0,NA,0.048,0
40,"t3","null",5,"modt",0,NA,0.048,0
40,"t3","null",5,"hc3",0,NA,0.034,0
40,"t3","null",5,"modhc3",0,NA,0.034,0
40,"t3","null",6,"ols",0,NA,0.07,0
40,"t3","null",6,"modt",0,NA,0.07,0
40,"t3","null",6,"hc3",0,NA,0.054,0
40,"t3","null",6,"modhc3",0,NA,0.052,0
40,"t3","null",7,"ols",0,NA,0.066,0
40,"t3","null",7,"modt",0,NA,0.06,0
40,"t3","null",7,"hc3",0,NA,0.056,0
40,"t3","null",7,"modhc3",0,NA,0.058,0
40,"t3","null",8,"ols",0,NA,0.052,0
40,"t3","null",8,"modt",0,NA,0.052,0
40,"t3","null",8,"hc3",0,NA,0.038,0
40,"t3","null",8,"modhc3",0,NA,0.04,0
40,"t3","null",9,"ols",0,NA,0.032,0
40,"t3","null",9,"modt",0,NA,0.032,0
40,"t3","null",9,"hc3",0,NA,0.028,0
40,"t3","null",9,"modhc3",0,NA,0.03,0
40,"t3","null",10,"ols",0,NA,0.046,0
40,"t3","null",10,"modt",0,NA,0.05,0
40,"t3","null",10,"hc3",0,NA,0.05,0
40,"t3","null",10,"modhc3",0,NA,0.05,0
40,"t3","null",11,"ols",0,NA,0.052,0
40,"t3","null",11,"modt",0,NA,0.054,0
40,"t3","null",11,"hc3",0,NA,0.046,0
40,"t3","null",11,"modhc3",0,NA,0.046,0
40,"t3","null",12,"ols",0,NA,0.052,0
40,"t3","null",12,"modt",0,NA,0.05,0
40,"t3","null",12,"hc3",0,NA,0.044,0
40,"t3","null",12,"modhc3",0,NA,0.042,0
40,"t3","null",13,"ols",0,NA,0.056,0
40,"t3","null",13,"modt",0,NA,0.058,0
40,"t3","null",13,"hc3",0,NA,0.054,0
40,"t3","null",13,"modhc3",0,NA,0.05,0
40,"t3","null",14,"ols",0,NA,0.046,0
40,"t3","null",14,"modt",0,NA,0.044,0
40,"t3","null",14,"hc3",0,NA,0.046,0
40,"t3","null",14,"modhc3",0,NA,0.04,0
40,"t3","null",15,"ols",0,NA,0.046,0
40,"t3","null",15,"modt",0,NA,0.042,0
40,"t3","null",15,"hc3",0,NA,0.038,0
40,"t3","null",15,"modhc3",0,NA,0.036,0
40,"t3","null",16,"ols",0,NA,0.048,0
40,"t3","null",16,"modt",0,NA,0.046,0
40,"t3","null",16,"hc3",0,NA,0.04,0
40,"t3","null",16,"modhc3",0,NA,0.04,0
40,"t3","null",17,"ols",0,NA,0.046,0
40,"t3","null",17,"modt",0,NA,0.044,0
40,"t3","null",17,"hc3",0,NA,0.038,0
40,"t3","null",17,"modhc3",0,NA,0.042,0
40,"t3","null",18,"ols",0,NA,0.056,0
40,"t3","null",18,"modt",0,NA,0.056,0
40,"t3","null",18,"hc3",0,NA,0.056,0
40,"t3","null",18,"modhc3",0,NA,0.054,0
40,"t3","null",19,"ols",0,NA,0.038,0
40,"t3","null",19,"modt",0,NA,0.036,0
40,"t3","null",19,"hc3",0,NA,0.026,0
40,"t3","null",19,"modhc3",0,NA,0.03,0
40,"t3","null",20,"ols",0,NA,0.042,0
40,"t3","null",20,"modt",0,NA,0.044,0
40,"t3","null",20,"hc3",0,NA,0.04,0
40,"t3","null",20,"modhc3",0,NA,0.038,0
100,"t3","null",1,"ols",0,NA,0.05,0
100,"t3","null",1,"modt",0,NA,0.05,0
100,"t3","null",1,"hc3",0,NA,0.06,0
100,"t3","null",1,"modhc3",0,NA,0.06,0
100,"t3","null",2,"ols",0,NA,0.028,0
100,"t3","null",2,"modt",0,NA,0.03,0
100,"t3","null",2,"hc3",0,NA,0.038,0
100,"t3","null",2,"modhc3",0,NA,0.036,0
100,"t3","null",3,"ols",0,NA,0.052,0
100,"t3","null",3,"modt",0,NA,0.052,0
100,"t3","null",3,"hc3",0,NA,0.05,0
100,"t3","null",3,"modhc3",0,NA,0.052,0
100,"t3","null",4,"ols",0,NA,0.064,0
100,"t3","null",4,"modt",0,NA,0.062,0
100,"t3","null",4,"hc3",0,NA,0.066,0
100,"t3","null",4,"modhc3",0,NA,0.06,0
100,"t3","null",5,"ols",0,NA,0.046,0
100,"t3","null",5,"modt",0,NA,0.046,0
100,"t3","null",5,"hc3",0,NA,0.042,0
100,"t3","null",5,"modhc3",0,NA,0.04,0
100,"t3","null",6,"ols",0,NA,0.064,0
100,"t3","null",6,"modt",0,NA,0.064,0
100,"t3","null",6,"hc3",0,NA,0.066,0
100,"t3","null",6,"modhc3",0,NA,0.066,0
100,"t3","null",7,"ols",0,NA,0.058,0
100,"t3","null",7,"modt",0,NA,0.06,0
100,"t3","null",7,"hc3",0,NA,0.046,0
100,"t3","null",7,"modhc3",0,NA,0.046,0
100,"t3","null",8,"ols",0,NA,0.062,0
100,"t3","null",8,"modt",0,NA,0.058,0
100,"t3","null",8,"hc3",0,NA,0.048,0
100,"t3","null",8,"modhc3",0,NA,0.046,0
100,"t3","null",9,"ols",0,NA,0.054,0
100,"t3","null",9,"modt",0,NA,0.054,0
100,"t3","null",9,"hc3",0,NA,0.032,0
100,"t3","null",9,"modhc3",0,NA,0.032,0
100,"t3","null",10,"ols",0,NA,0.052,0
100,"t3","null",10,"modt",0,NA,0.046,0
100,"t3","null",10,"hc3",0,NA,0.036,0
100,"t3","null",10,"modhc3",0,NA,0.034,0
100,"t3","null",11,"ols",0,NA,0.028,0
100,"t3","null",11,"modt",0,NA,0.028,0
100,"t3","null",11,"hc3",0,NA,0.02,0
100,"t3","null",11,"modhc3",0,NA,0.02,0
100,"t3","null",12,"ols",0,NA,0.042,0
100,"t3","null",12,"modt",0,NA,0.044,0
100,"t3","null",12,"hc3",0,NA,0.032,0
100,"t3","null",12,"modhc3",0,NA,0.03,0
100,"t3","null",13,"ols",0,NA,0.048,0
100,"t3","null",13,"modt",0,NA,0.046,0
100,"t3","null",13,"hc3",0,NA,0.04,0
100,"t3","null",13,"modhc3",0,NA,0.038,0
100,"t3","null",14,"ols",0,NA,0.07,0
100,"t3","null",14,"modt",0,NA,0.07,0
100,"t3","null",14,"hc3",0,NA,0.062,0
100,"t3","null",14,"modhc3",0,NA,0.062,0
100,"t3","null",15,"ols",0,NA,0.034,0
100,"t3","null",15,"modt",0,NA,0.034,0
100,"t3","null",15,"hc3",0,NA,0.034,0
100,"t3","null",15,"modhc3",0,NA,0.036,0
100,"t3","null",16,"ols",0,NA,0.042,0
100,"t3","null",16,"modt",0,NA,0.04,0
100,"t3","null",16,"hc3",0,NA,0.032,0
100,"t3","null",16,"modhc3",0,NA,0.03,0
100,"t3","null",17,"ols",0,NA,0.044,0
100,"t3","null",17,"modt",0,NA,0.038,0
100,"t3","null",17,"hc3",0,NA,0.034,0
100,"t3","null",17,"modhc3",0,NA,0.036,0
100,"t3","null",18,"ols",0,NA,0.04,0
100,"t3","null",18,"modt",0,NA,0.04,0
100,"t3","null",18,"hc3",0,NA,0.038,0
100,"t3","null",18,"modhc3",0,NA,0.038,0
100,"t3","null",19,"ols",0,NA,0.048,0
100,"t3","null",19,"modt",0,NA,0.052,0
100,"t3","null",19,"hc3",0,NA,0.036,0
100,"t3","null",19,"modhc3",0,NA,0.036,0
100,"t3","null",20,"ols",0,NA,0.04,0
100,"t3","null",20,"modt",0,NA,0.038,0
100,"t3","null",20,"hc3",0,NA,0.038,0
100,"t3","null",20,"modhc3",0,NA,0.036,0
10,"contam","null",1,"ols",0,NA,0.05,0
10,"contam","null",1,"modt",0,NA,0.046,0
10,"contam","null",1,"hc3",0,NA,0.032,0
10,"contam","null",1,"modhc3",0,NA,0.024,0
10,"contam","null",2,"ols",0,NA,0.042,0
10,"contam","null",2,"modt",0,NA,0.04,0
10,"contam","null",2,"hc3",0,NA,0.028,0
10,"contam","null",2,"modhc3",0,NA,0.028,0
10,"contam","null",3,"ols",0,NA,0.04,0
10,"contam","null",3,"modt",0,NA,0.042,0
10,"contam","null",3,"hc3",1,NA,0.024,1
10,"contam","null",3,"modhc3",0,NA,0.016,0
10,"contam","null",4,"ols",0,NA,0.038,0
10,"contam","null",4,"modt",0,NA,0.052,0
10,"contam","null",4,"hc3",0,NA,0.028,0
10,"contam","null",4,"modhc3",0,NA,0.02,0
10,"contam","null",5,"ols",0,NA,0.05,0
10,"contam","null",5,"modt",1,NA,0.058,1
10,"contam","null",5,"hc3",1,NA,0.028,1
10,"contam","null",5,"modhc3",1,NA,0.028,1
10,"contam","null",6,"ols",0,NA,0.06,0
10,"contam","null",6,"modt",0,NA,0.06,0
10,"contam","null",6,"hc3",0,NA,0.026,0
10,"contam","null",6,"modhc3",0,NA,0.02,0
10,"contam","null",7,"ols",0,NA,0.036,0
10,"contam","null",7,"modt",0,NA,0.028,0
10,"contam","null",7,"hc3",0,NA,0.02,0
10,"contam","null",7,"modhc3",0,NA,0.014,0
10,"contam","null",8,"ols",0,NA,0.052,0
10,"contam","null",8,"modt",0,NA,0.054,0
10,"contam","null",8,"hc3",0,NA,0.026,0
10,"contam","null",8,"modhc3",0,NA,0.02,0
10,"contam","null",9,"ols",0,NA,0.042,0
10,"contam","null",9,"modt",0,NA,0.048,0
10,"contam","null",9,"hc3",0,NA,0.03,0
10,"contam","null",9,"modhc3",0,NA,0.022,0
10,"contam","null",10,"ols",0,NA,0.042,0
10,"contam","null",10,"modt",0,NA,0.036,0
10,"contam","null",10,"hc3",0,NA,0.022,0
10,"contam","null",10,"modhc3",0,NA,0.02,0
10,"contam","null",11,"ols",0,NA,0.04,0
10,"contam","null",11,"modt",0,NA,0.032,0
10,"contam","null",11,"hc3",0,NA,0.028,0
10,"contam","null",11,"modhc3",0,NA,0.026,0
10,"contam","null",12,"ols",0,NA,0.028,0
10,"contam","null",12,"modt",0,NA,0.03,0
10,"contam","null",12,"hc3",0,NA,0.012,0
10,"contam","null",12,"modhc3",0,NA,0.014,0
10,"contam","null",13,"ols",0,NA,0.038,0
10,"contam","null",13,"modt",0,NA,0.04,0
10,"contam","null",13,"hc3",0,NA,0.016,0
10,"contam","null",13,"modhc3",0,NA,0.012,0
10,"contam","null",14,"ols",0,NA,0.058,0
10,"contam","null",14,"modt",0,NA,0.076,0
10,"contam","null",14,"hc3",0,NA,0.042,0
10,"contam","null",14,"modhc3",0,NA,0.04,0
10,"contam","null",15,"ols",0,NA,0.058,0
10,"contam","null",15,"modt",0,NA,0.056,0
10,"contam","null",15,"hc3",0,NA,0.032,0
10,"contam","null",15,"modhc3",0,NA,0.03,0
10,"contam","null",16,"ols",0,NA,0.05,0
10,"contam","null",16,"modt",0,NA,0.04,0
10,"contam","null",16,"hc3",0,NA,0.038,0
10,"contam","null",16,"modhc3",0,NA,0.03,0
10,"contam","null",17,"ols",0,NA,0.05,0
10,"contam","null",17,"modt",0,NA,0.038,0
10,"contam","null",17,"hc3",0,NA,0.016,0
10,"contam","null",17,"modhc3",0,NA,0.016,0
10,"contam","null",18,"ols",0,NA,0.038,0
10,"contam","null",18,"modt",0,NA,0.03,0
10,"contam","null",18,"hc3",0,NA,0.02,0
10,"contam","null",18,"modhc3",0,NA,0.018,0
10,"contam","null",19,"ols",0,NA,0.052,0
10,"contam","null",19,"modt",0,NA,0.052,0
10,"contam","null",19,"hc3",0,NA,0.036,0
10,"contam","null",19,"modhc3",0,NA,0.028,0
10,"contam","null",20,"ols",0,NA,0.054,0
10,"contam","null",20,"modt",0,NA,0.048,0
10,"contam","null",20,"hc3",0,NA,0.03,0
10,"contam","null",20,"modhc3",0,NA,0.014,0
20,"contam","null",1,"ols",0,NA,0.042,0
20,"contam","null",1,"modt",0,NA,0.042,0
20,"contam","null",1,"hc3",0,NA,0.054,0
20,"contam","null",1,"modhc3",0,NA,0.05,0
20,"contam","null",2,"ols",0,NA,0.026,0
20,"contam","null",2,"modt",0,NA,0.028,0
20,"contam","null",2,"hc3",0,NA,0.026,0
20,"contam","null",2,"modhc3",0,NA,0.024,0
20,"contam","null",3,"ols",0,NA,0.036,0
20,"contam","null",3,"modt",0,NA,0.034,0
20,"contam","null",3,"hc3",0,NA,0.03,0
20,"contam","null",3,"modhc3",0,NA,0.026,0
20,"contam","null",4,"ols",0,NA,0.03,0
20,"contam","null",4,"modt",0,NA,0.036,0
20,"contam","null",4,"hc3",0,NA,0.018,0
20,"contam","null",4,"modhc3",0,NA,0.026,0
20,"contam","null",5,"ols",0,NA,0.05,0
20,"contam","null",5,"modt",0,NA,0.048,0
20,"contam","null",5,"hc3",0,NA,0.03,0
20,"contam","null",5,"modhc3",0,NA,0.028,0
20,"contam","null",6,"ols",0,NA,0.046,0
20,"contam","null",6,"modt",0,NA,0.042,0
20,"contam","null",6,"hc3",0,NA,0.05,0
20,"contam","null",6,"modhc3",0,NA,0.052,0
20,"contam","null",7,"ols",0,NA,0.064,0
20,"contam","null",7,"modt",0,NA,0.066,0
20,"contam","null",7,"hc3",1,NA,0.03,1
20,"contam","null",7,"modhc3",1,NA,0.036,1
20,"contam","null",8,"ols",0,NA,0.056,0
20,"contam","null",8,"modt",0,NA,0.05,0
20,"contam","null",8,"hc3",0,NA,0.036,0
20,"contam","null",8,"modhc3",0,NA,0.036,0
20,"contam","null",9,"ols",0,NA,0.028,0
20,"contam","null",9,"modt",0,NA,0.026,0
20,"contam","null",9,"hc3",0,NA,0.03,0
20,"contam","null",9,"modhc3",0,NA,0.024,0
20,"contam","null",10,"ols",0,NA,0.06,0
20,"contam","null",10,"modt",0,NA,0.07,0
20,"contam","null",10,"hc3",0,NA,0.05,0
20,"contam","null",10,"modhc3",0,NA,0.048,0
20,"contam","null",11,"ols",0,NA,0.042,0
20,"contam","null",11,"modt",0,NA,0.05,0
20,"contam","null",11,"hc3",0,NA,0.02,0
20,"contam","null",11,"modhc3",0,NA,0.028,0
20,"contam","null",12,"ols",0,NA,0.03,0
20,"contam","null",12,"modt",0,NA,0.034,0
20,"contam","null",12,"hc3",0,NA,0.018,0
20,"contam","null",12,"modhc3",0,NA,0.018,0
20,"contam","null",13,"ols",0,NA,0.05,0
20,"contam","null",13,"modt",0,NA,0.054,0
20,"contam","null",13,"hc3",0,NA,0.022,0
20,"contam","null",13,"modhc3",0,NA,0.024,0
20,"contam","null",14,"ols",0,NA,0.054,0
20,"contam","null",14,"modt",0,NA,0.048,0
20,"contam","null",14,"hc3",0,NA,0.038,0
20,"contam","null",14,"modhc3",0,NA,0.034,0
20,"contam","null",15,"ols",0,NA,0.038,0
20,"contam","null",15,"modt",0,NA,0.032,0
20,"contam","null",15,"hc3",0,NA,0.022,0
20,"contam","null",15,"modhc3",0,NA,0.022,0
20,"contam","null",16,"ols",0,NA,0.042,0
20,"contam","null",16,"modt",0,NA,0.038,0
20,"contam","null",16,"hc3",0,NA,0.034,0
20,"contam","null",16,"modhc3",0,NA,0.022,0
20,"contam","null",17,"ols",0,NA,0.036,0
20,"contam","null",17,"modt",0,NA,0.036,0
20,"contam","null",17,"hc3",0,NA,0.03,0
20,"contam","null",17,"modhc3",0,NA,0.028,0
20,"contam","null",18,"ols",0,NA,0.054,0
20,"contam","null",18,"modt",0,NA,0.054,0
20,"contam","null",18,"hc3",0,NA,0.042,0
20,"contam","null",18,"modhc3",0,NA,0.044,0
20,"contam","null",19,"ols",0,NA,0.056,0
20,"contam","null",19,"modt",0,NA,0.058,0
20,"contam","null",19,"hc3",0,NA,0.04,0
20,"contam","null",19,"modhc3",1,NA,0.034,1
20,"contam","null",20,"ols",0,NA,0.044,0
20,"contam","null",20,"modt",0,NA,0.04,0
20,"contam","null",20,"hc3",0,NA,0.026,0
20,"contam","null",20,"modhc3",0,NA,0.03,0
40,"contam","null",1,"ols",0,NA,0.044,0
40,"contam","null",1,"modt",0,NA,0.04,0
40,"contam","null",1,"hc3",0,NA,0.038,0
40,"contam","null",1,"modhc3",0,NA,0.028,0
40,"contam","null",2,"ols",0,NA,0.038,0
40,"contam","null",2,"modt",0,NA,0.034,0
40,"contam","null",2,"hc3",0,NA,0.026,0
40,"contam","null",2,"modhc3",0,NA,0.024,0
40,"contam","null",3,"ols",0,NA,0.044,0
40,"contam","null",3,"modt",0,NA,0.04,0
40,"contam","null",3,"hc3",0,NA,0.022,0
40,"contam","null",3,"modhc3",0,NA,0.024,0
40,"contam","null",4,"ols",0,NA,0.038,0
40,"contam","null",4,"modt",0,NA,0.04,0
40,"contam","null",4,"hc3",0,NA,0.028,0
40,"contam","null",4,"modhc3",0,NA,0.032,0
40,"contam","null",5,"ols",0,NA,0.052,0
40,"contam","null",5,"modt",0,NA,0.056,0
40,"contam","null",5,"hc3",0,NA,0.04,0
40,"contam","null",5,"modhc3",0,NA,0.04,0
40,"contam","null",6,"ols",0,NA,0.042,0
40,"contam","null",6,"modt",0,NA,0.044,0
40,"contam","null",6,"hc3",0,NA,0.042,0
40,"contam","null",6,"modhc3",0,NA,0.038,0
40,"contam","null",7,"ols",0,NA,0.052,0
40,"contam","null",7,"modt",0,NA,0.052,0
40,"contam","null",7,"hc3",0,NA,0.05,0
40,"contam","null",7,"modhc3",0,NA,0.044,0
40,"contam","null",8,"ols",0,NA,0.044,0
40,"contam","null",8,"modt",0,NA,0.042,0
40,"contam","null",8,"hc3",0,NA,0.042,0
40,"contam","null",8,"modhc3",0,NA,0.04,0
40,"contam","null",9,"ols",0,NA,0.038,0
40,"contam","null",9,"modt",0,NA,0.036,0
40,"contam","null",9,"hc3",0,NA,0.042,0
40,"contam","null",9,"modhc3",0,NA,0.04,0
40,"contam","null",10,"ols",0,NA,0.036,0
40,"contam","null",10,"modt",0,NA,0.042,0
40,"contam","null",10,"hc3",0,NA,0.034,0
40,"contam","null",10,"modhc3",0,NA,0.038,0
40,"contam","null",11,"ols",0,NA,0.036,0
40,"contam","null",11,"modt",0,NA,0.04,0
40,"contam","null",11,"hc3",0,NA,0.03,0
40,"contam","null",11,"modhc3",0,NA,0.028,0
40,"contam","null",12,"ols",0,NA,0.05,0
40,"contam","null",12,"modt",0,NA,0.044,0
40,"contam","null",12,"hc3",0,NA,0.04,0
40,"contam","null",12,"modhc3",0,NA,0.042,0
40,"contam","null",13,"ols",0,NA,0.05,0
40,"contam","null",13,"modt",0,NA,0.048,0
40,"contam","null",13,"hc3",0,NA,0.042,0
40,"contam","null",13,"modhc3",0,NA,0.042,0
40,"contam","null",14,"ols",0,NA,0.032,0
40,"contam","null",14,"modt",0,NA,0.032,0
40,"contam","null",14,"hc3",0,NA,0.044,0
40,"contam","null",14,"modhc3",0,NA,0.04,0
40,"contam","null",15,"ols",0,NA,0.044,0
40,"contam","null",15,"modt",0,NA,0.048,0
40,"contam","null",15,"hc3",0,NA,0.03,0
40,"contam","null",15,"modhc3",0,NA,0.032,0
40,"contam","null",16,"ols",0,NA,0.054,0
40,"contam","null",16,"modt",0,NA,0.056,0
40,"contam","null",16,"hc3",0,NA,0.034,0
40,"contam","null",16,"modhc3",0,NA,0.036,0
40,"contam","null",17,"ols",0,NA,0.044,0
40,"contam","null",17,"modt",0,NA,0.046,0
40,"contam","null",17,"hc3",0,NA,0.036,0
40,"contam","null",17,"modhc3",0,NA,0.038,0
40,"contam","null",18,"ols",0,NA,0.056,0
40,"contam","null",18,"modt",0,NA,0.054,0
40,"contam","null",18,"hc3",0,NA,0.042,0
40,"contam","null",18,"modhc3",0,NA,0.042,0
40,"contam","null",19,"ols",0,NA,0.05,0
40,"contam","null",19,"modt",0,NA,0.052,0
40,"contam","null",19,"hc3",0,NA,0.04,0
40,"contam","null",19,"modhc3",0,NA,0.04,0
40,"contam","null",20,"ols",0,NA,0.056,0
40,"contam","null",20,"modt",0,NA,0.06,0
40,"contam","null",20,"hc3",0,NA,0.042,0
40,"contam","null",20,"modhc3",0,NA,0.044,0
100,"contam","null",1,"ols",0,NA,0.044,0
100,"contam","null",1,"modt",0,NA,0.044,0
100,"contam","null",1,"hc3",0,NA,0.038,0
100,"contam","null",1,"modhc3",0,NA,0.038,0
100,"contam","null",2,"ols",0,NA,0.062,0
100,"contam","null",2,"modt",0,NA,0.06,0
100,"contam","null",2,"hc3",0,NA,0.062,0
100,"contam","null",2,"modhc3",0,NA,0.064,0
100,"contam","null",3,"ols",0,NA,0.044,0
100,"contam","null",3,"modt",0,NA,0.044,0
100,"contam","null",3,"hc3",0,NA,0.036,0
100,"contam","null",3,"modhc3",0,NA,0.036,0
100,"contam","null",4,"ols",1,NA,0.036,1
100,"contam","null",4,"modt",1,NA,0.036,1
100,"contam","null",4,"hc3",0,NA,0.046,0
100,"contam","null",4,"modhc3",0,NA,0.042,0
100,"contam","null",5,"ols",0,NA,0.038,0
100,"contam","null",5,"modt",0,NA,0.038,0
100,"contam","null",5,"hc3",0,NA,0.032,0
100,"contam","null",5,"modhc3",0,NA,0.03,0
100,"contam","null",6,"ols",0,NA,0.034,0
100,"contam","null",6,"modt",0,NA,0.036,0
100,"contam","null",6,"hc3",0,NA,0.03,0
100,"contam","null",6,"modhc3",0,NA,0.032,0
100,"contam","null",7,"ols",0,NA,0.056,0
100,"contam","null",7,"modt",0,NA,0.058,0
100,"contam","null",7,"hc3",0,NA,0.054,0
100,"contam","null",7,"modhc3",0,NA,0.058,0
100,"contam","null",8,"ols",0,NA,0.036,0
100,"contam","null",8,"modt",0,NA,0.038,0
100,"contam","null",8,"hc3",1,NA,0.032,1
100,"contam","null",8,"modhc3",1,NA,0.032,1
100,"contam","null",9,"ols",0,NA,0.042,0
100,"contam","null",9,"modt",0,NA,0.042,0
100,"contam","null",9,"hc3",0,NA,0.042,0
100,"contam","null",9,"modhc3",0,NA,0.04,0
100,"contam","null",10,"ols",0,NA,0.044,0
100,"contam","null",10,"modt",0,NA,0.044,0
100,"contam","null",10,"hc3",0,NA,0.038,0
100,"contam","null",10,"modhc3",0,NA,0.038,0
100,"contam","null",11,"ols",0,NA,0.058,0
100,"contam","null",11,"modt",0,NA,0.056,0
100,"contam","null",11,"hc3",0,NA,0.054,0
100,"contam","null",11,"modhc3",0,NA,0.056,0
100,"contam","null",12,"ols",0,NA,0.056,0
100,"contam","null",12,"modt",0,NA,0.054,0
100,"contam","null",12,"hc3",0,NA,0.054,0
100,"contam","null",12,"modhc3",0,NA,0.05,0
100,"contam","null",13,"ols",0,NA,0.044,0
100,"contam","null",13,"modt",0,NA,0.044,0
100,"contam","null",13,"hc3",0,NA,0.046,0
100,"contam","null",13,"modhc3",0,NA,0.044,0
100,"contam","null",14,"ols",0,NA,0.054,0
100,"contam","null",14,"modt",0,NA,0.052,0
100,"contam","null",14,"hc3",0,NA,0.054,0
100,"contam","null",14,"modhc3",0,NA,0.054,0
100,"contam","null",15,"ols",0,NA,0.05,0
100,"contam","null",15,"modt",0,NA,0.044,0
100,"contam","null",15,"hc3",0,NA,0.034,0
100,"contam","null",15,"modhc3",0,NA,0.034,0
100,"contam","null",16,"ols",0,NA,0.042,0
100,"contam","null",16,"modt",0,NA,0.046,0
100,"contam","null",16,"hc3",0,NA,0.034,0
100,"contam","null",16,"modhc3",0,NA,0.04,0
100,"contam","null",17,"ols",0,NA,0.054,0
100,"contam","null",17,"modt",0,NA,0.054,0
100,"contam","null",17,"hc3",0,NA,0.042,0
100,"contam","null",17,"modhc3",0,NA,0.044,0
100,"contam","null",18,"ols",0,NA,0.032,0
100,"contam","null",18,"modt",0,NA,0.03,0
100,"contam","null",18,"hc3",0,NA,0.036,0
100,"contam","null",18,"modhc3",0,NA,0.034,0
100,"contam","null",19,"ols",0,NA,0.062,0
100,"contam","null",19,"modt",0,NA,0.062,0
100,"contam","null",19,"hc3",0,NA,0.058,0
100,"contam","null",19,"modhc3",0,NA,0.056,0
100,"contam","null",20,"ols",0,NA,0.068,0
100,"contam","null",20,"modt",0,NA,0.07,0
100,"contam","null",20,"hc3",0,NA,0.054,0
100,"contam","null",20,"modhc3",0,NA,0.058,0
10,"skew","null",1,"ols",0,NA,0.066,0
10,"skew","null",1,"modt",0,NA,0.066,0
10,"skew","null",1,"hc3",0,NA,0.042,0
10,"skew","null",1,"modhc3",0,NA,0.028,0
10,"skew","null",2,"ols",0,NA,0.044,0
10,"skew","null",2,"modt",0,NA,0.052,0
10,"skew","null",2,"hc3",0,NA,0.022,0
10,"skew","null",2,"modhc3",0,NA,0.03,0
10,"skew","null",3,"ols",0,NA,0.038,0
10,"skew","null",3,"modt",0,NA,0.046,0
10,"skew","null",3,"hc3",0,NA,0.02,0
10,"skew","null",3,"modhc3",0,NA,0.018,0
10,"skew","null",4,"ols",0,NA,0.066,0
10,"skew","null",4,"modt",1,NA,0.062,1
10,"skew","null",4,"hc3",0,NA,0.048,0
10,"skew","null",4,"modhc3",0,NA,0.038,0
10,"skew","null",5,"ols",1,NA,0.042,1
10,"skew","null",5,"modt",0,NA,0.048,0
10,"skew","null",5,"hc3",0,NA,0.036,0
10,"skew","null",5,"modhc3",0,NA,0.034,0
10,"skew","null",6,"ols",0,NA,0.05,0
10,"skew","null",6,"modt",0,NA,0.044,0
10,"skew","null",6,"hc3",0,NA,0.026,0
10,"skew","null",6,"modhc3",0,NA,0.032,0
10,"skew","null",7,"ols",0,NA,0.04,0
10,"skew","null",7,"modt",0,NA,0.04,0
10,"skew","null",7,"hc3",0,NA,0.014,0
10,"skew","null",7,"modhc3",0,NA,0.022,0
10,"skew","null",8,"ols",1,NA,0.046,1
10,"skew","null",8,"modt",1,NA,0.044,1
10,"skew","null",8,"hc3",1,NA,0.08,1
10,"skew","null",8,"modhc3",0,NA,0.078,0
10,"skew","null",9,"ols",0,NA,0.034,0
10,"skew","null",9,"modt",0,NA,0.052,0
10,"skew","null",9,"hc3",0,NA,0.02,0
10,"skew","null",9,"modhc3",0,NA,0.024,0
10,"skew","null",10,"ols",0,NA,0.036,0
10,"skew","null",10,"modt",0,NA,0.052,0
10,"skew","null",10,"hc3",0,NA,0.028,0
10,"skew","null",10,"modhc3",1,NA,0.032,1
10,"skew","null",11,"ols",0,NA,0.052,0
10,"skew","null",11,"modt",0,NA,0.046,0
10,"skew","null",11,"hc3",0,NA,0.04,0
10,"skew","null",11,"modhc3",0,NA,0.03,0
10,"skew","null",12,"ols",0,NA,0.058,0
10,"skew","null",12,"modt",0,NA,0.056,0
10,"skew","null",12,"hc3",0,NA,0.036,0
10,"skew","null",12,"modhc3",0,NA,0.024,0
10,"skew","null",13,"ols",1,NA,0.036,1
10,"skew","null",13,"modt",0,NA,0.034,0
10,"skew","null",13,"hc3",1,NA,0.03,1
10,"skew","null",13,"modhc3",0,NA,0.03,0
10,"skew","null",14,"ols",0,NA,0.058,0
10,"skew","null",14,"modt",0,NA,0.066,0
10,"skew","null",14,"hc3",0,NA,0.038,0
10,"skew","null",14,"modhc3",0,NA,0.038,0
10,"skew","null",15,"ols",0,NA,0.044,0
10,"skew","null",15,"modt",0,NA,0.042,0
10,"skew","null",15,"hc3",0,NA,0.028,0
10,"skew","null",15,"modhc3",0,NA,0.028,0
10,"skew","null",16,"ols",0,NA,0.028,0
10,"skew","null",16,"modt",0,NA,0.02,0
10,"skew","null",16,"hc3",0,NA,0.022,0
10,"skew","null",16,"modhc3",0,NA,0.018,0
10,"skew","null",17,"ols",0,NA,0.042,0
10,"skew","null",17,"modt",0,NA,0.04,0
10,"skew","null",17,"hc3",0,NA,0.034,0
10,"skew","null",17,"modhc3",0,NA,0.03,0
10,"skew","null",18,"ols",0,NA,0.036,0
10,"skew","null",18,"modt",0,NA,0.032,0
10,"skew","null",18,"hc3",0,NA,0.026,0
10,"skew","null",18,"modhc3",0,NA,0.02,0
10,"skew","null",19,"ols",0,NA,0.044,0
10,"skew","null",19,"modt",0,NA,0.046,0
10,"skew","null",19,"hc3",0,NA,0.02,0
10,"skew","null",19,"modhc3",0,NA,0.024,0
10,"skew","null",20,"ols",0,NA,0.04,0
10,"skew","null",20,"modt",1,NA,0.046,1
10,"skew","null",20,"hc3",0,NA,0.026,0
10,"skew","null",20,"modhc3",0,NA,0.02,0
20,"skew","null",1,"ols",0,NA,0.046,0
20,"skew","null",1,"modt",0,NA,0.052,0
20,"skew","null",1,"hc3",0,NA,0.048,0
20,"skew","null",1,"modhc3",0,NA,0.044,0
20,"skew","null",2,"ols",0,NA,0.046,0
20,"skew","null",2,"modt",0,NA,0.042,0
20,"skew","null",2,"hc3",0,NA,0.034,0
20,"skew","null",2,"modhc3",0,NA,0.03,0
20,"skew","null",3,"ols",0,NA,0.058,0
20,"skew","null",3,"modt",0,NA,0.05,0
20,"skew","null",3,"hc3",0,NA,0.038,0
20,"skew","null",3,"modhc3",0,NA,0.038,0
20,"skew","null",4,"ols",0,NA,0.042,0
20,"skew","null",4,"modt",0,NA,0.042,0
20,"skew","null",4,"hc3",0,NA,0.042,0
20,"skew","null",4,"modhc3",0,NA,0.034,0
20,"skew","null",5,"ols",0,NA,0.046,0
20,"skew","null",5,"modt",0,NA,0.04,0
20,"skew","null",5,"hc3",0,NA,0.034,0
20,"skew","null",5,"modhc3",0,NA,0.038,0
20,"skew","null",6,"ols",0,NA,0.042,0
20,"skew","null",6,"modt",0,NA,0.044,0
20,"skew","null",6,"hc3",0,NA,0.064,0
20,"skew","null",6,"modhc3",0,NA,0.06,0
20,"skew","null",7,"ols",0,NA,0.054,0
20,"skew","null",7,"modt",1,NA,0.052,1
20,"skew","null",7,"hc3",0,NA,0.048,0
20,"skew","null",7,"modhc3",0,NA,0.048,0
20,"skew","null",8,"ols",0,NA,0.048,0
20,"skew","null",8,"modt",0,NA,0.046,0
20,"skew","null",8,"hc3",0,NA,0.036,0
20,"skew","null",8,"modhc3",0,NA,0.042,0
20,"skew","null",9,"ols",0,NA,0.036,0
20,"skew","null",9,"modt",0,NA,0.03,0
20,"skew","null",9,"hc3",0,NA,0.024,0
20,"skew","null",9,"modhc3",0,NA,0.02,0
20,"skew","null",10,"ols",0,NA,0.054,0
20,"skew","null",10,"modt",0,NA,0.054,0
20,"skew","null",10,"hc3",0,NA,0.048,0
20,"skew","null",10,"modhc3",0,NA,0.042,0
20,"skew","null",11,"ols",0,NA,0.06,0
20,"skew","null",11,"modt",0,NA,0.062,0
20,"skew","null",11,"hc3",0,NA,0.042,0
20,"skew","null",11,"modhc3",0,NA,0.042,0
20,"skew","null",12,"ols",0,NA,0.046,0
20,"skew","null",12,"modt",0,NA,0.044,0
20,"skew","null",12,"hc3",0,NA,0.032,0
20,"skew","null",12,"modhc3",0,NA,0.03,0
20,"skew","null",13,"ols",0,NA,0.064,0
20,"skew","null",13,"modt",0,NA,0.06,0
20,"skew","null",13,"hc3",0,NA,0.05,0
20,"skew","null",13,"modhc3",0,NA,0.052,0
20,"skew","null",14,"ols",0,NA,0.058,0
20,"skew","null",14,"modt",0,NA,0.056,0
20,"skew","null",14,"hc3",0,NA,0.034,0
20,"skew","null",14,"modhc3",0,NA,0.036,0
20,"skew","null",15,"ols",0,NA,0.048,0
20,"skew","null",15,"modt",0,NA,0.048,0
20,"skew","null",15,"hc3",0,NA,0.03,0
20,"skew","null",15,"modhc3",0,NA,0.028,0
20,"skew","null",16,"ols",0,NA,0.06,0
20,"skew","null",16,"modt",0,NA,0.066,0
20,"skew","null",16,"hc3",0,NA,0.036,0
20,"skew","null",16,"modhc3",0,NA,0.038,0
20,"skew","null",17,"ols",0,NA,0.044,0
20,"skew","null",17,"modt",0,NA,0.046,0
20,"skew","null",17,"hc3",0,NA,0.026,0
20,"skew","null",17,"modhc3",0,NA,0.028,0
20,"skew","null",18,"ols",0,NA,0.05,0
20,"skew","null",18,"modt",0,NA,0.054,0
20,"skew","null",18,"hc3",0,NA,0.048,0
20,"skew","null",18,"modhc3",0,NA,0.05,0
20,"skew","null",19,"ols",0,NA,0.046,0
20,"skew","null",19,"modt",0,NA,0.044,0
20,"skew","null",19,"hc3",0,NA,0.036,0
20,"skew","null",19,"modhc3",0,NA,0.034,0
20,"skew","null",20,"ols",0,NA,0.052,0
20,"skew","null",20,"modt",0,NA,0.05,0
20,"skew","null",20,"hc3",0,NA,0.046,0
20,"skew","null",20,"modhc3",0,NA,0.054,0
40,"skew","null",1,"ols",0,NA,0.044,0
40,"skew","null",1,"modt",0,NA,0.046,0
40,"skew","null",1,"hc3",0,NA,0.038,0
40,"skew","null",1,"modhc3",0,NA,0.038,0
40,"skew","null",2,"ols",0,NA,0.05,0
40,"skew","null",2,"modt",0,NA,0.048,0
40,"skew","null",2,"hc3",0,NA,0.044,0
40,"skew","null",2,"modhc3",0,NA,0.04,0
40,"skew","null",3,"ols",0,NA,0.05,0
40,"skew","null",3,"modt",0,NA,0.054,0
40,"skew","null",3,"hc3",0,NA,0.042,0
40,"skew","null",3,"modhc3",0,NA,0.048,0
40,"skew","null",4,"ols",0,NA,0.044,0
40,"skew","null",4,"modt",0,NA,0.046,0
40,"skew","null",4,"hc3",0,NA,0.042,0
40,"skew","null",4,"modhc3",0,NA,0.042,0
40,"skew","null",5,"ols",0,NA,0.054,0
40,"skew","null",5,"modt",0,NA,0.058,0
40,"skew","null",5,"hc3",0,NA,0.04,0
40,"skew","null",5,"modhc3",0,NA,0.038,0
40,"skew","null",6,"ols",0,NA,0.046,0
40,"skew","null",6,"modt",0,NA,0.048,0
40,"skew","null",6,"hc3",0,NA,0.046,0
40,"skew","null",6,"modhc3",0,NA,0.046,0
40,"skew","null",7,"ols",1,NA,0.056,1
40,"skew","null",7,"modt",1,NA,0.054,1
40,"skew","null",7,"hc3",1,NA,0.042,1
40,"skew","null",7,"modhc3",1,NA,0.042,1
40,"skew","null",8,"ols",0,NA,0.046,0
40,"skew","null",8,"modt",0,NA,0.05,0
40,"skew","null",8,"hc3",0,NA,0.038,0
40,"skew","null",8,"modhc3",0,NA,0.036,0
40,"skew","null",9,"ols",0,NA,0.05,0
40,"skew","null",9,"modt",0,NA,0.05,0
40,"skew","null",9,"hc3",0,NA,0.05,0
40,"skew","null",9,"modhc3",0,NA,0.05,0
40,"skew","null",10,"ols",0,NA,0.044,0
40,"skew","null",10,"modt",0,NA,0.048,0
40,"skew","null",10,"hc3",0,NA,0.046,0
40,"skew","null",10,"modhc3",0,NA,0.048,0
40,"skew","null",11,"ols",0,NA,0.034,0
40,"skew","null",11,"modt",0,NA,0.032,0
40,"skew","null",11,"hc3",0,NA,0.036,0
40,"skew","null",11,"modhc3",0,NA,0.032,0
40,"skew","null",12,"ols",0,NA,0.036,0
40,"skew","null",12,"modt",0,NA,0.04,0
40,"skew","null",12,"hc3",0,NA,0.032,0
40,"skew","null",12,"modhc3",0,NA,0.034,0
40,"skew","null",13,"ols",0,NA,0.042,0
40,"skew","null",13,"modt",0,NA,0.042,0
40,"skew","null",13,"hc3",0,NA,0.058,0
40,"skew","null",13,"modhc3",0,NA,0.058,0
40,"skew","null",14,"ols",0,NA,0.04,0
40,"skew","null",14,"modt",0,NA,0.036,0
40,"skew","null",14,"hc3",0,NA,0.04,0
40,"skew","null",14,"modhc3",0,NA,0.038,0
40,"skew","null",15,"ols",0,NA,0.05,0
40,"skew","null",15,"modt",0,NA,0.042,0
40,"skew","null",15,"hc3",0,NA,0.038,0
40,"skew","null",15,"modhc3",0,NA,0.036,0
40,"skew","null",16,"ols",0,NA,0.044,0
40,"skew","null",16,"modt",0,NA,0.042,0
40,"skew","null",16,"hc3",0,NA,0.038,0
40,"skew","null",16,"modhc3",0,NA,0.032,0
40,"skew","null",17,"ols",0,NA,0.05,0
40,"skew","null",17,"modt",0,NA,0.052,0
40,"skew","null",17,"hc3",0,NA,0.042,0
40,"skew","null",17,"modhc3",0,NA,0.036,0
40,"skew","null",18,"ols",0,NA,0.068,0
40,"skew","null",18,"modt",0,NA,0.07,0
40,"skew","null",18,"hc3",0,NA,0.054,0
40,"skew","null",18,"modhc3",0,NA,0.052,0
40,"skew","null",19,"ols",0,NA,0.064,0
40,"skew","null",19,"modt",0,NA,0.062,0
40,"skew","null",19,"hc3",0,NA,0.046,0
40,"skew","null",19,"modhc3",0,NA,0.046,0
40,"skew","null",20,"ols",0,NA,0.054,0
40,"skew","null",20,"modt",0,NA,0.05,0
40,"skew","null",20,"hc3",0,NA,0.042,0
40,"skew","null",20,"modhc3",0,NA,0.046,0
100,"skew","null",1,"ols",0,NA,0.052,0
100,"skew","null",1,"modt",0,NA,0.052,0
100,"skew","null",1,"hc3",0,NA,0.044,0
100,"skew","null",1,"modhc3",0,NA,0.042,0
100,"skew","null",2,"ols",0,NA,0.07,0
100,"skew","null",2,"modt",0,NA,0.068,0
100,"skew","null",2,"hc3",0,NA,0.062,0
100,"skew","null",2,"modhc3",0,NA,0.06,0
100,"skew","null",3,"ols",0,NA,0.052,0
100,"skew","null",3,"modt",0,NA,0.052,0
100,"skew","null",3,"hc3",0,NA,0.052,0
100,"skew","null",3,"modhc3",0,NA,0.058,0
100,"skew","null",4,"ols",0,NA,0.062,0
100,"skew","null",4,"modt",0,NA,0.06,0
100,"skew","null",4,"hc3",0,NA,0.05,0
100,"skew","null",4,"modhc3",0,NA,0.052,0
100,"skew","null",5,"ols",0,NA,0.056,0
100,"skew","null",5,"modt",0,NA,0.056,0
100,"skew","null",5,"hc3",0,NA,0.048,0
100,"skew","null",5,"modhc3",0,NA,0.046,0
100,"skew","null",6,"ols",0,NA,0.054,0
100,"skew","null",6,"modt",0,NA,0.054,0
100,"skew","null",6,"hc3",0,NA,0.046,0
100,"skew","null",6,"modhc3",0,NA,0.048,0
100,"skew","null",7,"ols",0,NA,0.042,0
100,"skew","null",7,"modt",0,NA,0.042,0
100,"skew","null",7,"hc3",0,NA,0.034,0
100,"skew","null",7,"modhc3",0,NA,0.034,0
100,"skew","null",8,"ols",0,NA,0.038,0
100,"skew","null",8,"modt",0,NA,0.038,0
100,"skew","null",8,"hc3",0,NA,0.036,0
100,"skew","null",8,"modhc3",0,NA,0.034,0
100,"skew","null",9,"ols",0,NA,0.038,0
100,"skew","null",9,"modt",0,NA,0.038,0
100,"skew","null",9,"hc3",0,NA,0.034,0
100,"skew","null",9,"modhc3",0,NA,0.036,0
100,"skew","null",10,"ols",0,NA,0.046,0
100,"skew","null",10,"modt",0,NA,0.046,0
100,"skew","null",10,"hc3",0,NA,0.04,0
100,"skew","null",10,"modhc3",0,NA,0.04,0
100,"skew","null",11,"ols",0,NA,0.05,0
100,"skew","null",11,"modt",0,NA,0.048,0
100,"skew","null",11,"hc3",0,NA,0.044,0
100,"skew","null",11,"modhc3",0,NA,0.04,0
100,"skew","null",12,"ols",1,NA,0.06,1
100,"skew","null",12,"modt",1,NA,0.06,1
100,"skew","null",12,"hc3",0,NA,0.054,0
100,"skew","null",12,"modhc3",0,NA,0.052,0
100,"skew","null",13,"ols",1,NA,0.068,1
100,"skew","null",13,"modt",1,NA,0.066,1
100,"skew","null",13,"hc3",0,NA,0.058,0
100,"skew","null",13,"modhc3",0,NA,0.058,0
100,"skew","null",14,"ols",0,NA,0.05,0
100,"skew","null",14,"modt",0,NA,0.05,0
100,"skew","null",14,"hc3",0,NA,0.048,0
100,"skew","null",14,"modhc3",0,NA,0.048,0
100,"skew","null",15,"ols",0,NA,0.046,0
100,"skew","null",15,"modt",0,NA,0.046,0
100,"skew","null",15,"hc3",0,NA,0.042,0
100,"skew","null",15,"modhc3",0,NA,0.04,0
100,"skew","null",16,"ols",0,NA,0.048,0
100,"skew","null",16,"modt",0,NA,0.048,0
100,"skew","null",16,"hc3",0,NA,0.068,0
100,"skew","null",16,"modhc3",0,NA,0.064,0
100,"skew","null",17,"ols",0,NA,0.042,0
100,"skew","null",17,"modt",0,NA,0.042,0
100,"skew","null",17,"hc3",0,NA,0.036,0
100,"skew","null",17,"modhc3",0,NA,0.036,0
100,"skew","null",18,"ols",0,NA,0.058,0
100,"skew","null",18,"modt",0,NA,0.058,0
100,"skew","null",18,"hc3",0,NA,0.054,0
100,"skew","null",18,"modhc3",0,NA,0.056,0
100,"skew","null",19,"ols",0,NA,0.064,0
100,"skew","null",19,"modt",0,NA,0.064,0
100,"skew","null",19,"hc3",0,NA,0.06,0
100,"skew","null",19,"modhc3",0,NA,0.062,0
100,"skew","null",20,"ols",0,NA,0.054,0
100,"skew","null",20,"modt",0,NA,0.056,0
100,"skew","null",20,"hc3",0,NA,0.05,0
100,"skew","null",20,"modhc3",0,NA,0.054,0
10,"hetero","null",2,"ols",1,NA,0.128,2
10,"hetero","null",2,"modt",0,NA,0.114,0
10,"hetero","null",2,"hc3",1,NA,0.08,1
10,"hetero","null",2,"modhc3",1,NA,0.078,2
10,"hetero","null",3,"ols",0,NA,0.114,0
10,"hetero","null",3,"modt",1,NA,0.126,1
10,"hetero","null",3,"hc3",1,NA,0.066,1
10,"hetero","null",3,"modhc3",0,NA,0.058,0
10,"hetero","null",4,"ols",1,NA,0.162,2
10,"hetero","null",4,"modt",1,NA,0.166,3
10,"hetero","null",4,"hc3",1,NA,0.1,7
10,"hetero","null",4,"modhc3",1,NA,0.102,10
10,"hetero","null",5,"ols",0,NA,0.092,0
10,"hetero","null",5,"modt",1,NA,0.098,2
10,"hetero","null",5,"hc3",1,NA,0.07,3
10,"hetero","null",5,"modhc3",1,NA,0.07,4
10,"hetero","null",7,"ols",0,NA,0.118,0
10,"hetero","null",7,"modt",0,NA,0.14,0
10,"hetero","null",7,"hc3",0,NA,0.074,0
10,"hetero","null",7,"modhc3",1,NA,0.074,2
10,"hetero","null",8,"ols",0,NA,0.154,0
10,"hetero","null",8,"modt",1,NA,0.154,3
10,"hetero","null",8,"hc3",1,NA,0.13,5
10,"hetero","null",8,"modhc3",1,NA,0.118,14
10,"hetero","null",9,"ols",0,NA,0.058,0
10,"hetero","null",9,"modt",0,NA,0.044,0
10,"hetero","null",9,"hc3",0,NA,0.042,0
10,"hetero","null",9,"modhc3",0,NA,0.036,0
10,"hetero","null",10,"ols",0,NA,0.038,0
10,"hetero","null",10,"modt",0,NA,0.048,0
10,"hetero","null",10,"hc3",0,NA,0.02,0
10,"hetero","null",10,"modhc3",0,NA,0.022,0
10,"hetero","null",11,"ols",1,NA,0.078,1
10,"hetero","null",11,"modt",0,NA,0.078,0
10,"hetero","null",11,"hc3",0,NA,0.04,0
10,"hetero","null",11,"modhc3",0,NA,0.028,0
10,"hetero","null",12,"ols",0,NA,0.044,0
10,"hetero","null",12,"modt",0,NA,0.054,0
10,"hetero","null",12,"hc3",0,NA,0.024,0
10,"hetero","null",12,"modhc3",0,NA,0.026,0
10,"hetero","null",13,"ols",0,NA,0.126,0
10,"hetero","null",13,"modt",1,NA,0.144,4
10,"hetero","null",13,"hc3",1,NA,0.092,3
10,"hetero","null",13,"modhc3",1,NA,0.094,4
10,"hetero","null",14,"ols",0,NA,0.088,0
10,"hetero","null",14,"modt",0,NA,0.084,0
10,"hetero","null",14,"hc3",0,NA,0.054,0
10,"hetero","null",14,"modhc3",0,NA,0.05,0
10,"hetero","null",15,"ols",0,NA,0.024,0
10,"hetero","null",15,"modt",0,NA,0.022,0
10,"hetero","null",15,"hc3",0,NA,0.036,0
10,"hetero","null",15,"modhc3",0,NA,0.044,0
10,"hetero","null",16,"ols",0,NA,0.082,0
10,"hetero","null",16,"modt",1,NA,0.088,1
10,"hetero","null",16,"hc3",0,NA,0.04,0
10,"hetero","null",16,"modhc3",0,NA,0.044,0
10,"hetero","null",17,"ols",0,NA,0.056,0
10,"hetero","null",17,"modt",0,NA,0.048,0
10,"hetero","null",17,"hc3",0,NA,0.048,0
10,"hetero","null",17,"modhc3",0,NA,0.038,0
10,"hetero","null",18,"ols",0,NA,0.11,0
10,"hetero","null",18,"modt",0,NA,0.106,0
10,"hetero","null",18,"hc3",0,NA,0.072,0
10,"hetero","null",18,"modhc3",0,NA,0.066,0
10,"hetero","null",19,"ols",0,NA,0.082,0
10,"hetero","null",19,"modt",0,NA,0.092,0
10,"hetero","null",19,"hc3",0,NA,0.044,0
10,"hetero","null",19,"modhc3",0,NA,0.04,0
20,"hetero","null",1,"ols",0,NA,0.11,0
20,"hetero","null",1,"modt",0,NA,0.11,0
20,"hetero","null",1,"hc3",1,NA,0.062,2
20,"hetero","null",1,"modhc3",1,NA,0.056,2
20,"hetero","null",2,"ols",0,NA,0.086,0
20,"hetero","null",2,"modt",0,NA,0.088,0
20,"hetero","null",2,"hc3",0,NA,0.034,0
20,"hetero","null",2,"modhc3",0,NA,0.036,0
20,"hetero","null",3,"ols",0,NA,0.074,0
20,"hetero","null",3,"modt",0,NA,0.076,0
20,"hetero","null",3,"hc3",1,NA,0.054,2
20,"hetero","null",3,"modhc3",1,NA,0.056,3
20,"hetero","null",4,"ols",1,NA,0.136,3
20,"hetero","null",4,"modt",1,NA,0.132,1
20,"hetero","null",4,"hc3",1,NA,0.064,1
20,"hetero","null",4,"modhc3",1,NA,0.058,2
20,"hetero","null",5,"ols",0,NA,0.088,0
20,"hetero","null",5,"modt",0,NA,0.082,0
20,"hetero","null",5,"hc3",0,NA,0.044,0
20,"hetero","null",5,"modhc3",0,NA,0.052,0
20,"hetero","null",6,"ols",1,NA,0.112,2
20,"hetero","null",6,"modt",1,NA,0.114,2
20,"hetero","null",6,"hc3",1,NA,0.054,1
20,"hetero","null",6,"modhc3",0,NA,0.052,0
20,"hetero","null",7,"ols",0,NA,0.06,0
20,"hetero","null",7,"modt",0,NA,0.06,0
20,"hetero","null",7,"hc3",0,NA,0.052,0
20,"hetero","null",7,"modhc3",0,NA,0.046,0
20,"hetero","null",8,"ols",0,NA,0.126,0
20,"hetero","null",8,"modt",0,NA,0.116,0
20,"hetero","null",8,"hc3",1,NA,0.068,1
20,"hetero","null",8,"modhc3",1,NA,0.066,2
20,"hetero","null",9,"ols",1,NA,0.118,3
20,"hetero","null",9,"modt",1,NA,0.126,2
20,"hetero","null",9,"hc3",1,NA,0.056,3
20,"hetero","null",9,"modhc3",1,NA,0.052,1
20,"hetero","null",10,"ols",0,NA,0.128,0
20,"hetero","null",10,"modt",0,NA,0.132,0
20,"hetero","null",10,"hc3",0,NA,0.068,0
20,"hetero","null",10,"modhc3",0,NA,0.058,0
20,"hetero","null",11,"ols",0,NA,0.096,0
20,"hetero","null",11,"modt",0,NA,0.098,0
20,"hetero","null",11,"hc3",0,NA,0.054,0
20,"hetero","null",11,"modhc3",1,NA,0.05,2
20,"hetero","null",12,"ols",0,NA,0.042,0
20,"hetero","null",12,"modt",0,NA,0.044,0
20,"hetero","null",12,"hc3",0,NA,0.044,0
20,"hetero","null",12,"modhc3",0,NA,0.046,0
20,"hetero","null",13,"ols",1,NA,0.094,1
20,"hetero","null",13,"modt",1,NA,0.098,1
20,"hetero","null",13,"hc3",0,NA,0.052,0
20,"hetero","null",13,"modhc3",0,NA,0.048,0
20,"hetero","null",14,"ols",0,NA,0.128,0
20,"hetero","null",14,"modt",0,NA,0.122,0
20,"hetero","null",14,"hc3",0,NA,0.056,0
20,"hetero","null",14,"modhc3",0,NA,0.054,0
20,"hetero","null",15,"ols",0,NA,0.096,0
20,"hetero","null",15,"modt",0,NA,0.11,0
20,"hetero","null",15,"hc3",0,NA,0.05,0
20,"hetero","null",15,"modhc3",0,NA,0.048,0
20,"hetero","null",16,"ols",1,NA,0.162,4
20,"hetero","null",16,"modt",1,NA,0.16,9
20,"hetero","null",16,"hc3",1,NA,0.082,2
20,"hetero","null",16,"modhc3",1,NA,0.076,2
20,"hetero","null",17,"ols",1,NA,0.06,1
20,"hetero","null",17,"modt",1,NA,0.062,1
20,"hetero","null",17,"hc3",1,NA,0.038,2
20,"hetero","null",17,"modhc3",1,NA,0.044,2
20,"hetero","null",18,"ols",1,NA,0.082,1
20,"hetero","null",18,"modt",1,NA,0.086,4
20,"hetero","null",18,"hc3",0,NA,0.056,0
20,"hetero","null",18,"modhc3",0,NA,0.048,0
20,"hetero","null",19,"ols",0,NA,0.1,0
20,"hetero","null",19,"modt",1,NA,0.1,2
20,"hetero","null",19,"hc3",0,NA,0.064,0
20,"hetero","null",19,"modhc3",0,NA,0.062,0
20,"hetero","null",20,"ols",0,NA,0.106,0
20,"hetero","null",20,"modt",0,NA,0.104,0
20,"hetero","null",20,"hc3",0,NA,0.06,0
20,"hetero","null",20,"modhc3",0,NA,0.056,0
40,"hetero","null",1,"ols",0,NA,0.05,0
40,"hetero","null",1,"modt",0,NA,0.056,0
40,"hetero","null",1,"hc3",0,NA,0.05,0
40,"hetero","null",1,"modhc3",0,NA,0.05,0
40,"hetero","null",2,"ols",1,NA,0.044,1
40,"hetero","null",2,"modt",0,NA,0.038,0
40,"hetero","null",2,"hc3",0,NA,0.034,0
40,"hetero","null",2,"modhc3",0,NA,0.036,0
40,"hetero","null",3,"ols",0,NA,0.064,0
40,"hetero","null",3,"modt",0,NA,0.064,0
40,"hetero","null",3,"hc3",0,NA,0.044,0
40,"hetero","null",3,"modhc3",0,NA,0.04,0
40,"hetero","null",4,"ols",0,NA,0.11,0
40,"hetero","null",4,"modt",0,NA,0.104,0
40,"hetero","null",4,"hc3",0,NA,0.064,0
40,"hetero","null",4,"modhc3",0,NA,0.066,0
40,"hetero","null",5,"ols",0,NA,0.128,0
40,"hetero","null",5,"modt",0,NA,0.134,0
40,"hetero","null",5,"hc3",0,NA,0.048,0
40,"hetero","null",5,"modhc3",0,NA,0.052,0
40,"hetero","null",6,"ols",1,NA,0.138,6
40,"hetero","null",6,"modt",1,NA,0.138,6
40,"hetero","null",6,"hc3",0,NA,0.064,0
40,"hetero","null",6,"modhc3",1,NA,0.064,1
40,"hetero","null",7,"ols",0,NA,0.124,0
40,"hetero","null",7,"modt",0,NA,0.118,0
40,"hetero","null",7,"hc3",0,NA,0.058,0
40,"hetero","null",7,"modhc3",0,NA,0.058,0
40,"hetero","null",8,"ols",1,NA,0.214,23
40,"hetero","null",8,"modt",1,NA,0.212,23
40,"hetero","null",8,"hc3",1,NA,0.126,24
40,"hetero","null",8,"modhc3",1,NA,0.126,25
40,"hetero","null",9,"ols",0,NA,0.068,0
40,"hetero","null",9,"modt",0,NA,0.064,0
40,"hetero","null",9,"hc3",0,NA,0.038,0
40,"hetero","null",9,"modhc3",0,NA,0.034,0
40,"hetero","null",10,"ols",0,NA,0.092,0
40,"hetero","null",10,"modt",0,NA,0.09,0
40,"hetero","null",10,"hc3",0,NA,0.056,0
40,"hetero","null",10,"modhc3",0,NA,0.048,0
40,"hetero","null",11,"ols",0,NA,0.11,0
40,"hetero","null",11,"modt",0,NA,0.106,0
40,"hetero","null",11,"hc3",0,NA,0.074,0
40,"hetero","null",11,"modhc3",0,NA,0.068,0
40,"hetero","null",12,"ols",0,NA,0.118,0
40,"hetero","null",12,"modt",0,NA,0.116,0
40,"hetero","null",12,"hc3",0,NA,0.072,0
40,"hetero","null",12,"modhc3",0,NA,0.07,0
40,"hetero","null",13,"ols",0,NA,0.078,0
40,"hetero","null",13,"modt",0,NA,0.082,0
40,"hetero","null",13,"hc3",0,NA,0.038,0
40,"hetero","null",13,"modhc3",0,NA,0.04,0
40,"hetero","null",14,"ols",1,NA,0.15,3
40,"hetero","null",14,"modt",1,NA,0.16,3
40,"hetero","null",14,"hc3",0,NA,0.062,0
40,"hetero","null",14,"modhc3",0,NA,0.068,0
40,"hetero","null",15,"ols",1,NA,0.092,1
40,"hetero","null",15,"modt",1,NA,0.092,1
40,"hetero","null",15,"hc3",0,NA,0.05,0
40,"hetero","null",15,"modhc3",0,NA,0.046,0
40,"hetero","null",16,"ols",0,NA,0.056,0
40,"hetero","null",16,"modt",0,NA,0.058,0
40,"hetero","null",16,"hc3",0,NA,0.046,0
40,"hetero","null",16,"modhc3",0,NA,0.04,0
40,"hetero","null",17,"ols",0,NA,0.048,0
40,"hetero","null",17,"modt",0,NA,0.05,0
40,"hetero","null",17,"hc3",0,NA,0.052,0
40,"hetero","null",17,"modhc3",0,NA,0.046,0
40,"hetero","null",18,"ols",1,NA,0.094,4
40,"hetero","null",18,"modt",1,NA,0.09,3
40,"hetero","null",18,"hc3",1,NA,0.044,2
40,"hetero","null",18,"modhc3",1,NA,0.048,2
40,"hetero","null",19,"ols",1,NA,0.096,1
40,"hetero","null",19,"modt",1,NA,0.096,1
40,"hetero","null",19,"hc3",1,NA,0.066,1
40,"hetero","null",19,"modhc3",1,NA,0.062,1
40,"hetero","null",20,"ols",1,NA,0.128,1
40,"hetero","null",20,"modt",1,NA,0.12,1
40,"hetero","null",20,"hc3",1,NA,0.05,1
40,"hetero","null",20,"modhc3",1,NA,0.048,1
100,"hetero","null",1,"ols",0,NA,0.086,0
100,"hetero","null",1,"modt",0,NA,0.09,0
100,"hetero","null",1,"hc3",0,NA,0.048,0
100,"hetero","null",1,"modhc3",0,NA,0.05,0
100,"hetero","null",2,"ols",0,NA,0.084,0
100,"hetero","null",2,"modt",0,NA,0.084,0
100,"hetero","null",2,"hc3",0,NA,0.036,0
100,"hetero","null",2,"modhc3",0,NA,0.036,0
100,"hetero","null",3,"ols",1,NA,0.116,3
100,"hetero","null",3,"modt",1,NA,0.116,3
100,"hetero","null",3,"hc3",0,NA,0.06,0
100,"hetero","null",3,"modhc3",0,NA,0.058,0
100,"hetero","null",4,"ols",0,NA,0.098,0
100,"hetero","null",4,"modt",0,NA,0.098,0
100,"hetero","null",4,"hc3",0,NA,0.052,0
100,"hetero","null",4,"modhc3",0,NA,0.052,0
100,"hetero","null",5,"ols",0,NA,0.084,0
100,"hetero","null",5,"modt",0,NA,0.082,0
100,"hetero","null",5,"hc3",0,NA,0.044,0
100,"hetero","null",5,"modhc3",0,NA,0.044,0
100,"hetero","null",6,"ols",1,NA,0.162,10
100,"hetero","null",6,"modt",1,NA,0.16,10
100,"hetero","null",6,"hc3",0,NA,0.074,0
100,"hetero","null",6,"modhc3",0,NA,0.072,0
100,"hetero","null",7,"ols",1,NA,0.072,1
100,"hetero","null",7,"modt",1,NA,0.066,1
100,"hetero","null",7,"hc3",0,NA,0.042,0
100,"hetero","null",7,"modhc3",0,NA,0.042,0
100,"hetero","null",8,"ols",1,NA,0.108,1
100,"hetero","null",8,"modt",1,NA,0.106,1
100,"hetero","null",8,"hc3",0,NA,0.05,0
100,"hetero","null",8,"modhc3",0,NA,0.05,0
100,"hetero","null",9,"ols",1,NA,0.106,1
100,"hetero","null",9,"modt",1,NA,0.108,1
100,"hetero","null",9,"hc3",0,NA,0.06,0
100,"hetero","null",9,"modhc3",0,NA,0.064,0
100,"hetero","null",10,"ols",1,NA,0.108,4
100,"hetero","null",10,"modt",1,NA,0.108,4
100,"hetero","null",10,"hc3",0,NA,0.052,0
100,"hetero","null",10,"modhc3",0,NA,0.054,0
100,"hetero","null",11,"ols",0,NA,0.118,0
100,"hetero","null",11,"modt",0,NA,0.12,0
100,"hetero","null",11,"hc3",0,NA,0.06,0
100,"hetero","null",11,"modhc3",0,NA,0.058,0
100,"hetero","null",12,"ols",0,NA,0.094,0
100,"hetero","null",12,"modt",0,NA,0.098,0
100,"hetero","null",12,"hc3",0,NA,0.034,0
100,"hetero","null",12,"modhc3",0,NA,0.034,0
100,"hetero","null",13,"ols",1,NA,0.132,9
100,"hetero","null",13,"modt",1,NA,0.13,9
100,"hetero","null",13,"hc3",0,NA,0.056,0
100,"hetero","null",13,"modhc3",0,NA,0.058,0
100,"hetero","null",14,"ols",1,NA,0.124,1
100,"hetero","null",14,"modt",1,NA,0.124,1
100,"hetero","null",14,"hc3",0,NA,0.056,0
100,"hetero","null",14,"modhc3",0,NA,0.056,0
100,"hetero","null",15,"ols",1,NA,0.084,7
100,"hetero","null",15,"modt",1,NA,0.084,7
100,"hetero","null",15,"hc3",0,NA,0.054,0
100,"hetero","null",15,"modhc3",0,NA,0.054,0
100,"hetero","null",16,"ols",1,NA,0.092,3
100,"hetero","null",16,"modt",1,NA,0.092,3
100,"hetero","null",16,"hc3",0,NA,0.056,0
100,"hetero","null",16,"modhc3",0,NA,0.056,0
100,"hetero","null",17,"ols",1,NA,0.092,3
100,"hetero","null",17,"modt",1,NA,0.096,3
100,"hetero","null",17,"hc3",0,NA,0.034,0
100,"hetero","null",17,"modhc3",0,NA,0.036,0
100,"hetero","null",18,"ols",1,NA,0.088,2
100,"hetero","null",18,"modt",1,NA,0.088,2
100,"hetero","null",18,"hc3",0,NA,0.046,0
100,"hetero","null",18,"modhc3",0,NA,0.046,0
100,"hetero","null",19,"ols",0,NA,0.09,0
100,"hetero","null",19,"modt",0,NA,0.094,0
100,"hetero","null",19,"hc3",0,NA,0.044,0
100,"hetero","null",19,"modhc3",0,NA,0.042,0
100,"hetero","null",20,"ols",1,NA,0.112,4
100,"hetero","null",20,"modt",1,NA,0.112,4
100,"hetero","null",20,"hc3",0,NA,0.064,0
100,"hetero","null",20,"modhc3",0,NA,0.068,0
10,"gauss","alt",1,"ols",0,0,0.0355555555555556,0
10,"gauss","alt",1,"modt",0,0,0.0444444444444444,0
10,"gauss","alt",1,"hc3",0,0,0.0311111111111111,0
10,"gauss","alt",1,"modhc3",0,0,0.04,0
10,"gauss","alt",2,"ols",0,0,0.0422222222222222,0
10,"gauss","alt",2,"modt",0,0,0.0333333333333333,0
10,"gauss","alt",2,"hc3",0,0,0.0466666666666667,0
10,"gauss","alt",2,"modhc3",1,0,0.0377777777777778,1
10,"gauss","alt",3,"ols",0,0,0.0488888888888889,0
10,"gauss","alt",3,"modt",0,0,0.0577777777777778,0
10,"gauss","alt",3,"hc3",0,0,0.0355555555555556,0
10,"gauss","alt",3,"modhc3",0,0,0.0333333333333333,0
10,"gauss","alt",4,"ols",0,0,0.0555555555555556,0
10,"gauss","alt",4,"modt",0,0,0.0488888888888889,0
10,"gauss","alt",4,"hc3",0,0,0.0355555555555556,0
10,"gauss","alt",4,"modhc3",0,0,0.0288888888888889,0
10,"gauss","alt",5,"ols",0,0,0.0555555555555556,0
10,"gauss","alt",5,"modt",0,0,0.0533333333333333,0
10,"gauss","alt",5,"hc3",0,0,0.0422222222222222,0
10,"gauss","alt",5,"modhc3",0,0,0.0377777777777778,0
10,"gauss","alt",6,"ols",0,0,0.0777777777777778,0
10,"gauss","alt",6,"modt",0,0,0.0711111111111111,0
10,"gauss","alt",6,"hc3",1,0,0.0666666666666667,1
10,"gauss","alt",6,"modhc3",0.833333333333333,0.02,0.0511111111111111,6
10,"gauss","alt",7,"ols",0,0,0.0533333333333333,0
10,"gauss","alt",7,"modt",0,0,0.0511111111111111,0
10,"gauss","alt",7,"hc3",0,0,0.0355555555555556,0
10,"gauss","alt",7,"modhc3",0,0,0.0288888888888889,0
10,"gauss","alt",8,"ols",0,0,0.0555555555555556,0
10,"gauss","alt",8,"modt",0,0,0.0488888888888889,0
10,"gauss","alt",8,"hc3",0,0,0.0355555555555556,0
10,"gauss","alt",8,"modhc3",0,0,0.0444444444444444,0
10,"gauss","alt",9,"ols",1,0,0.0422222222222222,1
10,"gauss","alt",9,"modt",1,0,0.0466666666666667,1
10,"gauss","alt",9,"hc3",1,0,0.0377777777777778,2
10,"gauss","alt",9,"modhc3",1,0,0.0377777777777778,1
10,"gauss","alt",10,"ols",0,0,0.0644444444444444,0
10,"gauss","alt",10,"modt",0,0,0.0533333333333333,0
10,"gauss","alt",10,"hc3",0,0.02,0.06,1
10,"gauss","alt",10,"modhc3",0,0,0.0533333333333333,0
10,"gauss","alt",11,"ols",0,0,0.0511111111111111,0
10,"gauss","alt",11,"modt",1,0,0.0488888888888889,1
10,"gauss","alt",11,"hc3",0,0,0.0288888888888889,0
10,"gauss","alt",11,"modhc3",0,0,0.0333333333333333,0
10,"gauss","alt",12,"ols",0,0,0.0266666666666667,0
10,"gauss","alt",12,"modt",0,0,0.04,0
10,"gauss","alt",12,"hc3",0,0,0.0266666666666667,0
10,"gauss","alt",12,"modhc3",0,0,0.0355555555555556,0
10,"gauss","alt",13,"ols",0,0,0.0422222222222222,0
10,"gauss","alt",13,"modt",0,0,0.0377777777777778,0
10,"gauss","alt",13,"hc3",0,0,0.02,0
10,"gauss","alt",13,"modhc3",0,0,0.0155555555555556,0
10,"gauss","alt",14,"ols",0,0,0.0644444444444444,0
10,"gauss","alt",14,"modt",0,0,0.0622222222222222,0
10,"gauss","alt",14,"hc3",0,0,0.0266666666666667,0
10,"gauss","alt",14,"modhc3",0,0,0.0222222222222222,0
10,"gauss","alt",15,"ols",0,0.02,0.0377777777777778,1
10,"gauss","alt",15,"modt",0,0,0.0466666666666667,0
10,"gauss","alt",15,"hc3",0,0,0.0155555555555556,0
10,"gauss","alt",15,"modhc3",0,0,0.0155555555555556,0
20,"gauss","alt",1,"ols",0,0.02,0.0466666666666667,1
20,"gauss","alt",1,"modt",0,0.02,0.04,1
20,"gauss","alt",1,"hc3",0,0.02,0.06,1
20,"gauss","alt",1,"modhc3",0,0.02,0.0622222222222222,1
20,"gauss","alt",2,"ols",0,0.04,0.0355555555555556,2
20,"gauss","alt",2,"modt",0,0.04,0.0333333333333333,2
20,"gauss","alt",2,"hc3",0,0.04,0.0333333333333333,2
20,"gauss","alt",2,"modhc3",0,0.04,0.0333333333333333,2
20,"gauss","alt",3,"ols",0,0,0.0488888888888889,0
20,"gauss","alt",3,"modt",0,0,0.0466666666666667,0
20,"gauss","alt",3,"hc3",0,0,0.04,0
20,"gauss","alt",3,"modhc3",0,0.02,0.0355555555555556,1
20,"gauss","alt",4,"ols",0,0,0.0688888888888889,0
20,"gauss","alt",4,"modt",0,0,0.06,0
20,"gauss","alt",4,"hc3",0,0,0.0444444444444444,0
20,"gauss","alt",4,"modhc3",0,0,0.0511111111111111,0
20,"gauss","alt",5,"ols",0,0.02,0.0444444444444444,1
20,"gauss","alt",5,"modt",0,0.04,0.04,2
20,"gauss","alt",5,"hc3",0,0.02,0.0311111111111111,1
20,"gauss","alt",5,"modhc3",0,0.02,0.0288888888888889,1
20,"gauss","alt",6,"ols",0,0.02,0.0511111111111111,1
20,"gauss","alt",6,"modt",0.285714285714286,0.1,0.0533333333333333,7
20,"gauss","alt",6,"hc3",0,0.02,0.0333333333333333,1
20,"gauss","alt",6,"modhc3",0,0.02,0.0444444444444444,1
20,"gauss","alt",7,"ols",0,0,0.0533333333333333,0
20,"gauss","alt",7,"modt",0,0,0.0555555555555556,0
20,"gauss","alt",7,"hc3",0,0.04,0.0377777777777778,2
20,"gauss","alt",7,"modhc3",0,0.02,0.04,1
20,"gauss","alt",8,"ols",0,0,0.06,0
20,"gauss","alt",8,"modt",0,0,0.06,0
20,"gauss","alt",8,"hc3",1,0,0.0577777777777778,1
20,"gauss","alt",8,"modhc3",0.5,0.04,0.06,4
20,"gauss","alt",9,"ols",0,0,0.0533333333333333,0
20,"gauss","alt",9,"modt",0,0,0.0577777777777778,0
20,"gauss","alt",9,"hc3",0,0,0.0444444444444444,0
20,"gauss","alt",9,"modhc3",0,0,0.04,0
20,"gauss","alt",10,"ols",0,0,0.0711111111111111,0
20,"gauss","alt",10,"modt",0,0,0.0711111111111111,0
20,"gauss","alt",10,"hc3",0,0,0.0377777777777778,0
20,"gauss","alt",10,"modhc3",0,0,0.0466666666666667,0
20,"gauss","alt",11,"ols",0,0.02,0.08,1
20,"gauss","alt",11,"modt",0,0.02,0.08,1
20,"gauss","alt",11,"hc3",0,0.04,0.0733333333333333,2
20,"gauss","alt",11,"modhc3",0,0.02,0.0711111111111111,1
20,"gauss","alt",12,"ols",0,0,0.0355555555555556,0
20,"gauss","alt",12,"modt",0,0.02,0.0355555555555556,1
20,"gauss","alt",12,"hc3",0,0,0.0244444444444444,0
20,"gauss","alt",12,"modhc3",0,0,0.0288888888888889,0
20,"gauss","alt",13,"ols",0,0,0.0555555555555556,0
20,"gauss","alt",13,"modt",0,0,0.0533333333333333,0
20,"gauss","alt",13,"hc3",0,0,0.0377777777777778,0
20,"gauss","alt",13,"modhc3",0,0,0.0422222222222222,0
20,"gauss","alt",14,"ols",0.333333333333333,0.04,0.0533333333333333,3
20,"gauss","alt",14,"modt",0,0.08,0.0577777777777778,4
20,"gauss","alt",14,"hc3",0,0.02,0.0377777777777778,1
20,"gauss","alt",14,"modhc3",0,0.02,0.0355555555555556,1
20,"gauss","alt",15,"ols",0,0,0.0511111111111111,0
20,"gauss","alt",15,"modt",0,0.02,0.0555555555555556,1
20,"gauss","alt",15,"hc3",0,0,0.0466666666666667,0
20,"gauss","alt",15,"modhc3",0,0,0.0422222222222222,0
40,"gauss","alt",1,"ols",0.0416666666666667,0.46,0.0577777777777778,24
40,"gauss","alt",1,"modt",0,0.44,0.0533333333333333,22
40,"gauss","alt",1,"hc3",0.0454545454545455,0.42,0.0555555555555556,22
40,"gauss","alt",1,"modhc3",0.0384615384615385,0.5,0.0533333333333333,26
40,"gauss","alt",2,"ols",0.25,0.18,0.0533333333333333,12
40,"gauss","alt",2,"modt",0.166666666666667,0.1,0.0533333333333333,6
40,"gauss","alt",2,"hc3",0.142857142857143,0.12,0.06,7
40,"gauss","alt",2,"modhc3",0.166666666666667,0.1,0.0533333333333333,6
40,"gauss","alt",3,"ols",0,0.48,0.0377777777777778,24
40,"gauss","alt",3,"modt",0,0.48,0.0355555555555556,24
40,"gauss","alt",3,"hc3",0,0.44,0.0288888888888889,22
40,"gauss","alt",3,"modhc3",0.0454545454545455,0.42,0.0288888888888889,22
40,"gauss","alt",4,"ols",0,0.08,0.0488888888888889,4
40,"gauss","alt",4,"modt",0,0.12,0.0466666666666667,6
40,"gauss","alt",4,"hc3",0,0.06,0.0355555555555556,3
40,"gauss","alt",4,"modhc3",0,0.04,0.0377777777777778,2
40,"gauss","alt",5,"ols",0.117647058823529,0.3,0.0377777777777778,17
40,"gauss","alt",5,"modt",0.125,0.28,0.0355555555555556,16
40,"gauss","alt",5,"hc3",0.230769230769231,0.2,0.0466666666666667,13
40,"gauss","alt",5,"modhc3",0.214285714285714,0.22,0.0377777777777778,14
40,"gauss","alt",6,"ols",0,0.34,0.0333333333333333,17
40,"gauss","alt",6,"modt",0,0.34,0.0355555555555556,17
40,"gauss","alt",6,"hc3",0.05,0.38,0.0288888888888889,20
40,"gauss","alt",6,"modhc3",0.05,0.38,0.0288888888888889,20
40,"gauss","alt",7,"ols",0.0454545454545455,0.42,0.0533333333333333,22
40,"gauss","alt",7,"modt",0.0416666666666667,0.46,0.0577777777777778,24
40,"gauss","alt",7,"hc3",0.0526315789473684,0.36,0.0422222222222222,19
40,"gauss","alt",7,"modhc3",0.0454545454545455,0.42,0.0444444444444444,22
40,"gauss","alt",8,"ols",0.0769230769230769,0.24,0.0444444444444444,13
40,"gauss","alt",8,"modt",0.0714285714285714,0.26,0.0488888888888889,14
40,"gauss","alt",8,"hc3",0,0.18,0.04,9
40,"gauss","alt",8,"modhc3",0.0625,0.3,0.04,16
40,"gauss","alt",9,"ols",0.0952380952380952,0.38,0.06,21
40,"gauss","alt",9,"modt",0.1,0.36,0.0577777777777778,20
40,"gauss","alt",9,"hc3",0.157894736842105,0.32,0.0644444444444444,19
40,"gauss","alt",9,"modhc3",0.117647058823529,0.3,0.0622222222222222,17
40,"gauss","alt",10,"ols",0,0.16,0.0488888888888889,8
40,"gauss","alt",10,"modt",0,0.16,0.0533333333333333,8
40,"gauss","alt",10,"hc3",0,0.16,0.04,8
40,"gauss","alt",10,"modhc3",0,0.14,0.0422222222222222,7
40,"gauss","alt",11,"ols",0.0740740740740741,0.5,0.0422222222222222,27
40,"gauss","alt",11,"modt",0.0740740740740741,0.5,0.0444444444444444,27
40,"gauss","alt",11,"hc3",0.05,0.38,0.0422222222222222,20
40,"gauss","alt",11,"modhc3",0.0454545454545455,0.42,0.0422222222222222,22
40,"gauss","alt",12,"ols",0.0833333333333333,0.22,0.0444444444444444,12
40,"gauss","alt",12,"modt",0.0833333333333333,0.22,0.0511111111111111,12
40,"gauss","alt",12,"hc3",0.125,0.14,0.0355555555555556,8
40,"gauss","alt",12,"modhc3",0.142857142857143,0.12,0.0355555555555556,7
40,"gauss","alt",13,"ols",0,0.26,0.0511111111111111,13
40,"gauss","alt",13,"modt",0,0.28,0.0555555555555556,14
40,"gauss","alt",13,"hc3",0,0.26,0.0577777777777778,13
40,"gauss","alt",13,"modhc3",0,0.2,0.06,10
40,"gauss","alt",14,"ols",0.05,0.38,0.0533333333333333,20
40,"gauss","alt",14,"modt",0.0476190476190476,0.4,0.0511111111111111,21
40,"gauss","alt",14,"hc3",0,0.34,0.0511111111111111,17
40,"gauss","alt",14,"modhc3",0,0.34,0.0488888888888889,17
40,"gauss","alt",15,"ols",0,0.3,0.0488888888888889,15
40,"gauss","alt",15,"modt",0,0.26,0.0444444444444444,13
40,"gauss","alt",15,"hc3",0,0.24,0.0511111111111111,12
40,"gauss","alt",15,"modhc3",0,0.26,0.0488888888888889,13
100,"gauss","alt",1,"ols",0.0408163265306122,0.94,0.0311111111111111,49
100,"gauss","alt",1,"modt",0.04,0.96,0.0311111111111111,50
100,"gauss","alt",1,"hc3",0.0408163265306122,0.94,0.0311111111111111,49
100,"gauss","alt",1,"modhc3",0.0408163265306122,0.94,0.0333333333333333,49
100,"gauss","alt",2,"ols",0.0925925925925926,0.98,0.0555555555555556,54
100,"gauss","alt",2,"modt",0.0754716981132075,0.98,0.0555555555555556,53
100,"gauss","alt",2,"hc3",0.0925925925925926,0.98,0.0555555555555556,54
100,"gauss","alt",2,"modhc3",0.0754716981132075,0.98,0.0555555555555556,53
100,"gauss","alt",3,"ols",0.04,0.96,0.0555555555555556,50
100,"gauss","alt",3,"modt",0.04,0.96,0.0577777777777778,50
100,"gauss","alt",3,"hc3",0.0408163265306122,0.94,0.0511111111111111,49
100,"gauss","alt",3,"modhc3",0.04,0.96,0.0533333333333333,50
100,"gauss","alt",4,"ols",0.0576923076923077,0.98,0.0555555555555556,52
100,"gauss","alt",4,"modt",0.0754716981132075,0.98,0.0533333333333333,53
100,"gauss","alt",4,"hc3",0.02,0.98,0.0533333333333333,50
100,"gauss","alt",4,"modhc3",0.0204081632653061,0.96,0.0533333333333333,49
100,"gauss","alt",5,"ols",0.0238095238095238,0.82,0.0466666666666667,42
100,"gauss","alt",5,"modt",0.0238095238095238,0.82,0.0466666666666667,42
100,"gauss","alt",5,"hc3",0.0465116279069767,0.82,0.0444444444444444,43
100,"gauss","alt",5,"modhc3",0.0465116279069767,0.82,0.0466666666666667,43
100,"gauss","alt",6,"ols",0.0384615384615385,1,0.0622222222222222,52
100,"gauss","alt",6,"modt",0.0384615384615385,1,0.06,52
100,"gauss","alt",6,"hc3",0.0384615384615385,1,0.06,52
100,"gauss","alt",6,"modhc3",0.0384615384615385,1,0.0555555555555556,52
100,"gauss","alt",7,"ols",0,0.94,0.0422222222222222,47
100,"gauss","alt",7,"modt",0,0.94,0.0355555555555556,47
100,"gauss","alt",7,"hc3",0,0.94,0.0311111111111111,47
100,"gauss","alt",7,"modhc3",0,0.94,0.0333333333333333,47
100,"gauss","alt",8,"ols",0.0566037735849057,1,0.0488888888888889,53
100,"gauss","alt",8,"modt",0.0566037735849057,1,0.0488888888888889,53
100,"gauss","alt",8,"hc3",0.0384615384615385,1,0.0444444444444444,52
100,"gauss","alt",8,"modhc3",0.0384615384615385,1,0.0488888888888889,52
100,"gauss","alt",9,"ols",0.04,0.96,0.0377777777777778,50
100,"gauss","alt",9,"modt",0.04,0.96,0.0377777777777778,50
100,"gauss","alt",9,"hc3",0.04,0.96,0.04,50
100,"gauss","alt",9,"modhc3",0.04,0.96,0.0422222222222222,50
100,"gauss","alt",10,"ols",0,0.94,0.0422222222222222,47
100,"gauss","alt",10,"modt",0.0208333333333333,0.94,0.0466666666666667,48
100,"gauss","alt",10,"hc3",0.0208333333333333,0.94,0.04,48
100,"gauss","alt",10,"modhc3",0.0208333333333333,0.94,0.0377777777777778,48
100,"gauss","alt",11,"ols",0.0612244897959184,0.92,0.0488888888888889,49
100,"gauss","alt",11,"modt",0.0980392156862745,0.92,0.0488888888888889,51
100,"gauss","alt",11,"hc3",0.0612244897959184,0.92,0.0511111111111111,49
100,"gauss","alt",11,"modhc3",0.0961538461538462,0.94,0.0555555555555556,52
100,"gauss","alt",12,"ols",0.0588235294117647,0.96,0.0488888888888889,51
100,"gauss","alt",12,"modt",0.0588235294117647,0.96,0.0488888888888889,51
100,"gauss","alt",12,"hc3",0.04,0.96,0.0422222222222222,50
100,"gauss","alt",12,"modhc3",0.04,0.96,0.04,50
100,"gauss","alt",13,"ols",0.0208333333333333,0.94,0.0466666666666667,48
100,"gauss","alt",13,"modt",0.0208333333333333,0.94,0.0466666666666667,48
100,"gauss","alt",13,"hc3",0.0222222222222222,0.88,0.04,45
100,"gauss","alt",13,"modhc3",0.0222222222222222,0.88,0.04,45
100,"gauss","alt",14,"ols",0,1,0.0511111111111111,50
100,"gauss","alt",14,"modt",0,1,0.0488888888888889,50
100,"gauss","alt",14,"hc3",0,0.98,0.0511111111111111,49
100,"gauss","alt",14,"modhc3",0,0.98,0.0533333333333333,49
100,"gauss","alt",15,"ols",0.0222222222222222,0.88,0.0444444444444444,45
100,"gauss","alt",15,"modt",0.0227272727272727,0.86,0.0444444444444444,44
100,"gauss","alt",15,"hc3",0,0.86,0.0422222222222222,43
100,"gauss","alt",15,"modhc3",0,0.86,0.0444444444444444,43
10,"t3","alt",1,"ols",0,0,0.0511111111111111,0
10,"t3","alt",1,"modt",0,0,0.0444444444444444,0
10,"t3","alt",1,"hc3",1,0,0.0355555555555556,2
10,"t3","alt",1,"modhc3",1,0,0.0444444444444444,1
10,"t3","alt",2,"ols",0,0,0.0355555555555556,0
10,"t3","alt",2,"modt",0,0,0.04,0
10,"t3","alt",2,"hc3",0,0,0.0133333333333333,0
10,"t3","alt",2,"modhc3",0,0,0.0222222222222222,0
10,"t3","alt",3,"ols",0,0,0.0466666666666667,0
10,"t3","alt",3,"modt",0,0,0.0466666666666667,0
10,"t3","alt",3,"hc3",1,0,0.0333333333333333,2
10,"t3","alt",3,"modhc3",1,0,0.04,1
10,"t3","alt",4,"ols",0,0,0.0355555555555556,0
10,"t3","alt",4,"modt",0,0,0.0333333333333333,0
10,"t3","alt",4,"hc3",0,0,0.00888888888888889,0
10,"t3","alt",4,"modhc3",0,0,0.00888888888888889,0
10,"t3","alt",5,"ols",0,0,0.0377777777777778,0
10,"t3","alt",5,"modt",0,0,0.0266666666666667,0
10,"t3","alt",5,"hc3",0,0,0.0133333333333333,0
10,"t3","alt",5,"modhc3",0,0,0.0133333333333333,0
10,"t3","alt",6,"ols",0,0,0.0533333333333333,0
10,"t3","alt",6,"modt",0,0,0.0622222222222222,0
10,"t3","alt",6,"hc3",0,0.02,0.0333333333333333,1
10,"t3","alt",6,"modhc3",0,0.02,0.0288888888888889,1
10,"t3","alt",7,"ols",0,0,0.0333333333333333,0
10,"t3","alt",7,"modt",0,0,0.0422222222222222,0
10,"t3","alt",7,"hc3",0,0,0.0111111111111111,0
10,"t3","alt",7,"modhc3",0,0,0.0133333333333333,0
10,"t3","alt",8,"ols",0,0,0.0466666666666667,0
10,"t3","alt",8,"modt",0,0,0.0644444444444444,0
10,"t3","alt",8,"hc3",0,0,0.02,0
10,"t3","alt",8,"modhc3",0,0,0.0177777777777778,0
10,"t3","alt",9,"ols",0,0.02,0.0422222222222222,1
10,"t3","alt",9,"modt",0,0,0.0422222222222222,0
10,"t3","alt",9,"hc3",0,0,0.02,0
10,"t3","alt",9,"modhc3",0,0,0.0288888888888889,0
10,"t3","alt",10,"ols",0,0,0.0533333333333333,0
10,"t3","alt",10,"modt",0,0,0.0511111111111111,0
10,"t3","alt",10,"hc3",0,0,0.04,0
10,"t3","alt",10,"modhc3",0,0,0.0355555555555556,0
10,"t3","alt",11,"ols",0,0,0.0555555555555556,0
10,"t3","alt",11,"modt",0,0,0.0533333333333333,0
10,"t3","alt",11,"hc3",0,0,0.0422222222222222,0
10,"t3","alt",11,"modhc3",0,0,0.0444444444444444,0
10,"t3","alt",12,"ols",0,0,0.0666666666666667,0
10,"t3","alt",12,"modt",0,0.02,0.0577777777777778,1
10,"t3","alt",12,"hc3",0,0,0.0422222222222222,0
10,"t3","alt",12,"modhc3",0,0,0.0288888888888889,0
10,"t3","alt",13,"ols",0,0,0.0466666666666667,0
10,"t3","alt",13,"modt",0,0,0.0555555555555556,0
10,"t3","alt",13,"hc3",0,0,0.0288888888888889,0
10,"t3","alt",13,"modhc3",0,0,0.0288888888888889,0
10,"t3","alt",14,"ols",0,0,0.0444444444444444,0
10,"t3","alt",14,"modt",0,0,0.0533333333333333,0
10,"t3","alt",14,"hc3",0,0,0.0266666666666667,0
10,"t3","alt",14,"modhc3",0,0,0.0177777777777778,0
10,"t3","alt",15,"ols",0,0,0.04,0
10,"t3","alt",15,"modt",0,0,0.0355555555555556,0
10,"t3","alt",15,"hc3",0,0,0.02,0
10,"t3","alt",15,"modhc3",0,0,0.02,0
20,"t3","alt",1,"ols",0,0.04,0.0511111111111111,2
20,"t3","alt",1,"modt",0,0.02,0.0533333333333333,1
20,"t3","alt",1,"hc3",0,0.06,0.0333333333333333,3
20,"t3","alt",1,"modhc3",0,0.04,0.0333333333333333,2
20,"t3","alt",2,"ols",0,0.24,0.04,12
20,"t3","alt",2,"modt",0,0.22,0.0422222222222222,11
20,"t3","alt",2,"hc3",0,0.14,0.02,7
20,"t3","alt",2,"modhc3",0.0833333333333333,0.22,0.0222222222222222,12
20,"t3","alt",3,"ols",0,0,0.0488888888888889,0
20,"t3","alt",3,"modt",0,0,0.0488888888888889,0
20,"t3","alt",3,"hc3",0,0,0.0355555555555556,0
20,"t3","alt",3,"modhc3",0,0,0.0333333333333333,0
20,"t3","alt",4,"ols",0,0.06,0.0333333333333333,3
20,"t3","alt",4,"modt",0,0.08,0.0311111111111111,4
20,"t3","alt",4,"hc3",0,0.1,0.0244444444444444,5
20,"t3","alt",4,"modhc3",0,0.12,0.0266666666666667,6
20,"t3","alt",5,"ols",0,0.12,0.0622222222222222,6
20,"t3","alt",5,"modt",0,0.12,0.0555555555555556,6
20,"t3","alt",5,"hc3",0,0.08,0.0377777777777778,4
20,"t3","alt",5,"modhc3",0,0.08,0.0333333333333333,4
20,"t3","alt",6,"ols",0,0.06,0.0688888888888889,3
20,"t3","alt",6,"modt",0,0.06,0.0688888888888889,3
20,"t3","alt",6,"hc3",0,0.16,0.0266666666666667,8
20,"t3","alt",6,"modhc3",0,0.14,0.0333333333333333,7
20,"t3","alt",7,"ols",0,0.1,0.06,5
20,"t3","alt",7,"modt",0,0.06,0.0644444444444444,3
20,"t3","alt",7,"hc3",0.25,0.06,0.0333333333333333,4
20,"t3","alt",7,"modhc3",0.25,0.06,0.0355555555555556,4
20,"t3","alt",8,"ols",0.333333333333333,0.04,0.0622222222222222,3
20,"t3","alt",8,"modt",0,0.04,0.06,2
20,"t3","alt",8,"hc3",0,0.04,0.0511111111111111,2
20,"t3","alt",8,"modhc3",0,0.06,0.0466666666666667,3
20,"t3","alt",9,"ols",0,0.2,0.0577777777777778,10
20,"t3","alt",9,"modt",0,0.2,0.0533333333333333,10
20,"t3","alt",9,"hc3",0,0.12,0.0377777777777778,6
20,"t3","alt",9,"modhc3",0,0.16,0.0311111111111111,8
20,"t3","alt",10,"ols",0.2,0.08,0.0466666666666667,5
20,"t3","alt",10,"modt",0.166666666666667,0.1,0.0533333333333333,6
20,"t3","alt",10,"hc3",0,0.06,0.0333333333333333,3
20,"t3","alt",10,"modhc3",0,0.06,0.0333333333333333,3
20,"t3","alt",11,"ols",0,0.1,0.0333333333333333,5
20,"t3","alt",11,"modt",0,0.12,0.0444444444444444,6
20,"t3","alt",11,"hc3",0,0.12,0.0288888888888889,6
20,"t3","alt",11,"modhc3",0,0.12,0.0222222222222222,6
20,"t3","alt",12,"ols",0,0,0.0488888888888889,0
20,"t3","alt",12,"modt",0,0,0.04,0
20,"t3","alt",12,"hc3",0,0,0.0333333333333333,0
20,"t3","alt",12,"modhc3",0,0,0.0333333333333333,0
20,"t3","alt",13,"ols",0,0.14,0.0622222222222222,7
20,"t3","alt",13,"modt",0,0.08,0.0533333333333333,4
20,"t3","alt",13,"hc3",0,0.04,0.0488888888888889,2
20,"t3","alt",13,"modhc3",0,0.04,0.04,2
20,"t3","alt",14,"ols",0,0.1,0.04,5
20,"t3","alt",14,"modt",0,0.1,0.0377777777777778,5
20,"t3","alt",14,"hc3",0,0.06,0.0244444444444444,3
20,"t3","alt",14,"modhc3",0,0.06,0.0222222222222222,3
20,"t3","alt",15,"ols",0,0.1,0.0333333333333333,5
20,"t3","alt",15,"modt",0,0.02,0.0288888888888889,1
20,"t3","alt",15,"hc3",0,0.04,0.02,2
20,"t3","alt",15,"modhc3",0,0,0.0222222222222222,0
40,"t3","alt",1,"ols",0,0.46,0.0266666666666667,23
40,"t3","alt",1,"modt",0,0.48,0.0288888888888889,24
40,"t3","alt",1,"hc3",0,0.42,0.0311111111111111,21
40,"t3","alt",1,"modhc3",0,0.4,0.0311111111111111,20
40,"t3","alt",2,"ols",0.0689655172413793,0.54,0.0555555555555556,29
40,"t3","alt",2,"modt",0.0689655172413793,0.54,0.0511111111111111,29
40,"t3","alt",2,"hc3",0.037037037037037,0.52,0.0511111111111111,27
40,"t3","alt",2,"modhc3",0.037037037037037,0.52,0.0488888888888889,27
40,"t3","alt",3,"ols",0.0357142857142857,0.54,0.0622222222222222,28
40,"t3","alt",3,"modt",0.0344827586206897,0.56,0.0577777777777778,29
40,"t3","alt",3,"hc3",0.0434782608695652,0.44,0.0488888888888889,23
40,"t3","alt",3,"modhc3",0.0454545454545455,0.42,0.0466666666666667,22
40,"t3","alt",4,"ols",0,0.4,0.0377777777777778,20
40,"t3","alt",4,"modt",0,0.46,0.0333333333333333,23
40,"t3","alt",4,"hc3",0,0.48,0.0288888888888889,24
40,"t3","alt",4,"modhc3",0,0.58,0.0222222222222222,29
40,"t3","alt",5,"ols",0,0.58,0.0555555555555556,29
40,"t3","alt",5,"modt",0,0.54,0.0577777777777778,27
40,"t3","alt",5,"hc3",0,0.58,0.0377777777777778,29
40,"t3","alt",5,"modhc3",0,0.58,0.0444444444444444,29
40,"t3","alt",6,"ols",0.0416666666666667,0.46,0.0377777777777778,24
40,"t3","alt",6,"modt",0.037037037037037,0.52,0.0377777777777778,27
40,"t3","alt",6,"hc3",0,0.46,0.02,23
40,"t3","alt",6,"modhc3",0.037037037037037,0.52,0.0244444444444444,27
40,"t3","alt",7,"ols",0.0625,0.3,0.0466666666666667,16
40,"t3","alt",7,"modt",0.0625,0.3,0.0466666666666667,16
40,"t3","alt",7,"hc3",0,0.4,0.0422222222222222,20
40,"t3","alt",7,"modhc3",0,0.42,0.04,21
40,"t3","alt",8,"ols",0.03125,0.62,0.0577777777777778,32
40,"t3","alt",8,"modt",0.032258064516129,0.6,0.0533333333333333,31
40,"t3","alt",8,"hc3",0.0645161290322581,0.58,0.0533333333333333,31
40,"t3","alt",8,"modhc3",0.0645161290322581,0.58,0.0533333333333333,31
40,"t3","alt",9,"ols",0,0.66,0.0444444444444444,33
40,"t3","alt",9,"modt",0,0.66,0.0444444444444444,33
40,"t3","alt",9,"hc3",0,0.54,0.0355555555555556,27
40,"t3","alt",9,"modhc3",0,0.56,0.0377777777777778,28
40,"t3","alt",10,"ols",0,0.54,0.04,27
40,"t3","alt",10,"modt",0,0.48,0.0355555555555556,24
40,"t3","alt",10,"hc3",0.0384615384615385,0.5,0.0355555555555556,26
40,"t3","alt",10,"modhc3",0.0333333333333333,0.58,0.0333333333333333,30
40,"t3","alt",11,"ols",0,0.4,0.0422222222222222,20
40,"t3","alt",11,"modt",0,0.4,0.0444444444444444,20
40,"t3","alt",11,"hc3",0.05,0.38,0.0444444444444444,20
40,"t3","alt",11,"modhc3",0.0476190476190476,0.4,0.04,21
40,"t3","alt",12,"ols",0.04,0.48,0.0688888888888889,25
40,"t3","alt",12,"modt",0.0769230769230769,0.48,0.0688888888888889,26
40,"t3","alt",12,"hc3",0.0833333333333333,0.44,0.0488888888888889,24
40,"t3","alt",12,"modhc3",0.08,0.46,0.0466666666666667,25
40,"t3","alt",13,"ols",0,0.36,0.0422222222222222,18
40,"t3","alt",13,"modt",0,0.34,0.0377777777777778,17
40,"t3","alt",13,"hc3",0,0.36,0.0288888888888889,18
40,"t3","alt",13,"modhc3",0,0.34,0.0288888888888889,17
40,"t3","alt",14,"ols",0,0.5,0.0488888888888889,25
40,"t3","alt",14,"modt",0,0.5,0.0533333333333333,25
40,"t3","alt",14,"hc3",0.0357142857142857,0.54,0.0488888888888889,28
40,"t3","alt",14,"modhc3",0.0357142857142857,0.54,0.0488888888888889,28
40,"t3","alt",15,"ols",0.0294117647058824,0.66,0.0377777777777778,34
40,"t3","alt",15,"modt",0.0294117647058824,0.66,0.0333333333333333,34
40,"t3","alt",15,"hc3",0.0645161290322581,0.58,0.0355555555555556,31
40,"t3","alt",15,"modhc3",0.0606060606060606,0.62,0.0311111111111111,33
100,"t3","alt",1,"ols",0.0769230769230769,0.96,0.0422222222222222,52
100,"t3","alt",1,"modt",0.0769230769230769,0.96,0.0422222222222222,52
100,"t3","alt",1,"hc3",0.04,0.96,0.0333333333333333,50
100,"t3","alt",1,"modhc3",0.0588235294117647,0.96,0.0355555555555556,51
100,"t3","alt",2,"ols",0,0.96,0.0511111111111111,48
100,"t3","alt",2,"modt",0,0.98,0.0533333333333333,49
100,"t3","alt",2,"hc3",0,0.98,0.0377777777777778,49
100,"t3","alt",2,"modhc3",0,0.98,0.0377777777777778,49
100,"t3","alt",3,"ols",0.06,0.94,0.0555555555555556,50
100,"t3","alt",3,"modt",0.06,0.94,0.0533333333333333,50
100,"t3","alt",3,"hc3",0.06,0.94,0.0488888888888889,50
100,"t3","alt",3,"modhc3",0.06,0.94,0.0533333333333333,50
100,"t3","alt",4,"ols",0.0416666666666667,0.92,0.0444444444444444,48
100,"t3","alt",4,"modt",0.0416666666666667,0.92,0.0466666666666667,48
100,"t3","alt",4,"hc3",0.0416666666666667,0.92,0.0488888888888889,48
100,"t3","alt",4,"modhc3",0.0416666666666667,0.92,0.0488888888888889,48
100,"t3","alt",5,"ols",0.0769230769230769,0.96,0.0488888888888889,52
100,"t3","alt",5,"modt",0.0769230769230769,0.96,0.0466666666666667,52
100,"t3","alt",5,"hc3",0.04,0.96,0.0444444444444444,50
100,"t3","alt",5,"modhc3",0.0392156862745098,0.98,0.0444444444444444,51
100,"t3","alt",6,"ols",0.0612244897959184,0.92,0.0533333333333333,49
100,"t3","alt",6,"modt",0.0612244897959184,0.92,0.0533333333333333,49
100,"t3","alt",6,"hc3",0.0217391304347826,0.9,0.0377777777777778,46
100,"t3","alt",6,"modhc3",0.0217391304347826,0.9,0.0377777777777778,46
100,"t3","alt",7,"ols",0.04,0.96,0.0444444444444444,50
100,"t3","alt",7,"modt",0.04,0.96,0.0444444444444444,50
100,"t3","alt",7,"hc3",0.0588235294117647,0.96,0.04,51
100,"t3","alt",7,"modhc3",0.0392156862745098,0.98,0.04,51
100,"t3","alt",8,"ols",0,0.94,0.04,47
100,"t3","alt",8,"modt",0,0.94,0.0355555555555556,47
100,"t3","alt",8,"hc3",0,0.96,0.0288888888888889,48
100,"t3","alt",8,"modhc3",0,0.96,0.0288888888888889,48
100,"t3","alt",9,"ols",0.0212765957446809,0.92,0.0488888888888889,47
100,"t3","alt",9,"modt",0.0212765957446809,0.92,0.0466666666666667,47
100,"t3","alt",9,"hc3",0.0217391304347826,0.9,0.0422222222222222,46
100,"t3","alt",9,"modhc3",0.0217391304347826,0.9,0.04,46
100,"t3","alt",10,"ols",0,0.96,0.0244444444444444,48
100,"t3","alt",10,"modt",0,0.96,0.0266666666666667,48
100,"t3","alt",10,"hc3",0,0.96,0.0244444444444444,48
100,"t3","alt",10,"modhc3",0,0.96,0.0244444444444444,48
100,"t3","alt",11,"ols",0.0196078431372549,1,0.0577777777777778,51
100,"t3","alt",11,"modt",0.0196078431372549,1,0.0555555555555556,51
100,"t3","alt",11,"hc3",0.02,0.98,0.0511111111111111,50
100,"t3","alt",11,"modhc3",0.02,0.98,0.0466666666666667,50
100,"t3","alt",12,"ols",0.0408163265306122,0.94,0.0577777777777778,49
100,"t3","alt",12,"modt",0.0408163265306122,0.94,0.0577777777777778,49
100,"t3","alt",12,"hc3",0.0416666666666667,0.92,0.0511111111111111,48
100,"t3","alt",12,"modhc3",0.0416666666666667,0.92,0.0511111111111111,48
100,"t3","alt",13,"ols",0.0408163265306122,0.94,0.0511111111111111,49
100,"t3","alt",13,"modt",0.0408163265306122,0.94,0.0555555555555556,49
100,"t3","alt",13,"hc3",0.0217391304347826,0.9,0.06,46
100,"t3","alt",13,"modhc3",0.0217391304347826,0.9,0.06,46
100,"t3","alt",14,"ols",0.02,0.98,0.0444444444444444,50
100,"t3","alt",14,"modt",0.02,0.98,0.0422222222222222,50
100,"t3","alt",14,"hc3",0.02,0.98,0.0444444444444444,50
100,"t3","alt",14,"modhc3",0.02,0.98,0.04,50
100,"t3","alt",15,"ols",0,0.94,0.0311111111111111,47
100,"t3","alt",15,"modt",0,0.94,0.0311111111111111,47
100,"t3","alt",15,"hc3",0,0.96,0.0244444444444444,48
100,"t3","alt",15,"modhc3",0,0.96,0.0244444444444444,48
10,"contam","alt",1,"ols",0,0,0.0577777777777778,0
10,"contam","alt",1,"modt",0,0,0.04,0
10,"contam","alt",1,"hc3",0,0,0.0266666666666667,0
10,"contam","alt",1,"modhc3",0,0,0.02,0
10,"contam","alt",2,"ols",1,0,0.0266666666666667,1
10,"contam","alt",2,"modt",0,0,0.0244444444444444,0
10,"contam","alt",2,"hc3",1,0,0.0133333333333333,1
10,"contam","alt",2,"modhc3",0,0,0.0133333333333333,0
10,"contam","alt",3,"ols",0,0,0.0422222222222222,0
10,"contam","alt",3,"modt",0,0,0.0355555555555556,0
10,"contam","alt",3,"hc3",0,0,0.0311111111111111,0
10,"contam","alt",3,"modhc3",0,0,0.0266666666666667,0
10,"contam","alt",4,"ols",0,0,0.0577777777777778,0
10,"contam","alt",4,"modt",0,0,0.0488888888888889,0
10,"contam","alt",4,"hc3",0,0,0.0288888888888889,0
10,"contam","alt",4,"modhc3",0,0,0.0222222222222222,0
10,"contam","alt",5,"ols",0,0,0.0555555555555556,0
10,"contam","alt",5,"modt",0,0,0.06,0
10,"contam","alt",5,"hc3",0,0,0.0333333333333333,0
10,"contam","alt",5,"modhc3",0,0,0.0244444444444444,0
10,"contam","alt",6,"ols",0,0,0.0666666666666667,0
10,"contam","alt",6,"modt",0,0,0.0688888888888889,0
10,"contam","alt",6,"hc3",0,0.02,0.0422222222222222,1
10,"contam","alt",6,"modhc3",0,0,0.0311111111111111,0
10,"contam","alt",7,"ols",0,0,0.0622222222222222,0
10,"contam","alt",7,"modt",0,0,0.0577777777777778,0
10,"contam","alt",7,"hc3",0,0,0.0377777777777778,0
10,"contam","alt",7,"modhc3",0,0,0.0266666666666667,0
10,"contam","alt",8,"ols",0,0,0.0444444444444444,0
10,"contam","alt",8,"modt",0,0,0.06,0
10,"contam","alt",8,"hc3",0,0,0.0266666666666667,0
10,"contam","alt",8,"modhc3",0,0,0.0177777777777778,0
10,"contam","alt",9,"ols",0,0,0.0333333333333333,0
10,"contam","alt",9,"modt",0,0,0.0377777777777778,0
10,"contam","alt",9,"hc3",0,0,0.0222222222222222,0
10,"contam","alt",9,"modhc3",0,0,0.0155555555555556,0
10,"contam","alt",10,"ols",0,0,0.0311111111111111,0
10,"contam","alt",10,"modt",0,0,0.0466666666666667,0
10,"contam","alt",10,"hc3",0,0,0.0244444444444444,0
10,"contam","alt",10,"modhc3",0,0,0.0266666666666667,0
10,"contam","alt",11,"ols",0,0,0.0644444444444444,0
10,"contam","alt",11,"modt",0,0,0.0733333333333333,0
10,"contam","alt",11,"hc3",0,0,0.0222222222222222,0
10,"contam","alt",11,"modhc3",0,0.02,0.0244444444444444,1
10,"contam","alt",12,"ols",0,0,0.0777777777777778,0
10,"contam","alt",12,"modt",0,0,0.0688888888888889,0
10,"contam","alt",12,"hc3",0,0,0.0266666666666667,0
10,"contam","alt",12,"modhc3",0,0,0.0311111111111111,0
10,"contam","alt",13,"ols",0,0,0.04,0
10,"contam","alt",13,"modt",0,0,0.0488888888888889,0
10,"contam","alt",13,"hc3",0,0,0.0177777777777778,0
10,"contam","alt",13,"modhc3",0,0,0.0222222222222222,0
10,"contam","alt",14,"ols",0,0,0.0355555555555556,0
10,"contam","alt",14,"modt",0,0,0.0466666666666667,0
10,"contam","alt",14,"hc3",0,0,0.02,0
10,"contam","alt",14,"modhc3",0,0,0.0244444444444444,0
10,"contam","alt",15,"ols",0,0,0.0511111111111111,0
10,"contam","alt",15,"modt",0,0.02,0.0377777777777778,1
10,"contam","alt",15,"hc3",0,0,0.0288888888888889,0
10,"contam","alt",15,"modhc3",0,0,0.02,0
20,"contam","alt",1,"ols",0,0,0.0622222222222222,0
20,"contam","alt",1,"modt",0,0,0.0644444444444444,0
20,"contam","alt",1,"hc3",0,0.04,0.04,2
20,"contam","alt",1,"modhc3",0,0.04,0.0377777777777778,2
20,"contam","alt",2,"ols",0,0,0.0444444444444444,0
20,"contam","alt",2,"modt",0,0,0.0422222222222222,0
20,"contam","alt",2,"hc3",0,0,0.0311111111111111,0
20,"contam","alt",2,"modhc3",0,0,0.0288888888888889,0
20,"contam","alt",3,"ols",0,0,0.04,0
20,"contam","alt",3,"modt",0,0,0.0466666666666667,0
20,"contam","alt",3,"hc3",0,0,0.04,0
20,"contam","alt",3,"modhc3",0,0,0.0355555555555556,0
20,"contam","alt",4,"ols",0,0.1,0.04,5
20,"contam","alt",4,"modt",0,0.12,0.04,6
20,"contam","alt",4,"hc3",0,0.04,0.0288888888888889,2
20,"contam","alt",4,"modhc3",0,0.08,0.0266666666666667,4
20,"contam","alt",5,"ols",0.25,0.06,0.0577777777777778,4
20,"contam","alt",5,"modt",0,0.04,0.0577777777777778,2
20,"contam","alt",5,"hc3",0.333333333333333,0.04,0.04,3
20,"contam","alt",5,"modhc3",0,0.04,0.04,2
20,"contam","alt",6,"ols",0.111111111111111,0.16,0.0466666666666667,9
20,"contam","alt",6,"modt",0,0.02,0.0466666666666667,1
20,"contam","alt",6,"hc3",0,0.1,0.02,5
20,"contam","alt",6,"modhc3",0,0.1,0.0222222222222222,5
20,"contam","alt",7,"ols",0,0.16,0.0422222222222222,8
20,"contam","alt",7,"modt",0,0.14,0.0377777777777778,7
20,"contam","alt",7,"hc3",0,0.1,0.0244444444444444,5
20,"contam","alt",7,"modhc3",0,0,0.0311111111111111,0
20,"contam","alt",8,"ols",0,0.02,0.0577777777777778,1
20,"contam","alt",8,"modt",0,0,0.0466666666666667,0
20,"contam","alt",8,"hc3",0,0.02,0.0488888888888889,1
20,"contam","alt",8,"modhc3",0,0.02,0.0422222222222222,1
20,"contam","alt",9,"ols",0,0.08,0.0555555555555556,4
20,"contam","alt",9,"modt",0,0.08,0.0511111111111111,4
20,"contam","alt",9,"hc3",0,0.04,0.04,2
20,"contam","alt",9,"modhc3",0,0.06,0.0377777777777778,3
20,"contam","alt",10,"ols",0,0.14,0.0288888888888889,7
20,"contam","alt",10,"modt",0,0.12,0.0311111111111111,6
20,"contam","alt",10,"hc3",0,0.14,0.0177777777777778,7
20,"contam","alt",10,"modhc3",0,0.08,0.0177777777777778,4
20,"contam","alt",11,"ols",0,0.04,0.04,2
20,"contam","alt",11,"modt",0,0.02,0.0377777777777778,1
20,"contam","alt",11,"hc3",0,0.02,0.0311111111111111,1
20,"contam","alt",11,"modhc3",0,0.02,0.0311111111111111,1
20,"contam","alt",12,"ols",0,0.08,0.0377777777777778,4
20,"contam","alt",12,"modt",0,0.1,0.0377777777777778,5
20,"contam","alt",12,"hc3",0,0.14,0.0266666666666667,7
20,"contam","alt",12,"modhc3",0,0.12,0.0266666666666667,6
20,"contam","alt",13,"ols",0,0,0.0533333333333333,0
20,"contam","alt",13,"modt",0,0,0.0577777777777778,0
20,"contam","alt",13,"hc3",0,0,0.0377777777777778,0
20,"contam","alt",13,"modhc3",0,0,0.0311111111111111,0
20,"contam","alt",14,"ols",0.2,0.16,0.0488888888888889,10
20,"contam","alt",14,"modt",0.111111111111111,0.16,0.0511111111111111,9
20,"contam","alt",14,"hc3",0,0.02,0.0377777777777778,1
20,"contam","alt",14,"modhc3",0,0.02,0.0333333333333333,1
20,"contam","alt",15,"ols",0,0.08,0.0422222222222222,4
20,"contam","alt",15,"modt",0,0.02,0.0444444444444444,1
20,"contam","alt",15,"hc3",0,0.06,0.0311111111111111,3
20,"contam","alt",15,"modhc3",0,0.04,0.0222222222222222,2
40,"contam","alt",1,"ols",0.111111111111111,0.32,0.0422222222222222,18
40,"contam","alt",1,"modt",0.105263157894737,0.34,0.04,19
40,"contam","alt",1,"hc3",0,0.26,0.0377777777777778,13
40,"contam","alt",1,"modhc3",0,0.26,0.0333333333333333,13
40,"contam","alt",2,"ols",0.0909090909090909,0.4,0.0444444444444444,22
40,"contam","alt",2,"modt",0.0526315789473684,0.36,0.0488888888888889,19
40,"contam","alt",2,"hc3",0.05,0.38,0.0355555555555556,20
40,"contam","alt",2,"modhc3",0,0.38,0.0333333333333333,19
40,"contam","alt",3,"ols",0,0.46,0.04,23
40,"contam","alt",3,"modt",0,0.5,0.0422222222222222,25
40,"contam","alt",3,"hc3",0,0.56,0.0311111111111111,28
40,"contam","alt",3,"modhc3",0,0.58,0.0333333333333333,29
40,"contam","alt",4,"ols",0.0416666666666667,0.46,0.0333333333333333,24
40,"contam","alt",4,"modt",0.0434782608695652,0.44,0.0355555555555556,23
40,"contam","alt",4,"hc3",0.0416666666666667,0.46,0.0288888888888889,24
40,"contam","alt",4,"modhc3",0.0416666666666667,0.46,0.0288888888888889,24
40,"contam","alt",5,"ols",0.037037037037037,0.52,0.0355555555555556,27
40,"contam","alt",5,"modt",0.037037037037037,0.52,0.0377777777777778,27
40,"contam","alt",5,"hc3",0,0.5,0.0311111111111111,25
40,"contam","alt",5,"modhc3",0,0.5,0.0333333333333333,25
40,"contam","alt",6,"ols",0,0.52,0.06,26
40,"contam","alt",6,"modt",0,0.52,0.0555555555555556,26
40,"contam","alt",6,"hc3",0,0.58,0.0466666666666667,29
40,"contam","alt",6,"modhc3",0,0.54,0.04,27
40,"contam","alt",7,"ols",0.0909090909090909,0.2,0.0355555555555556,11
40,"contam","alt",7,"modt",0.0833333333333333,0.22,0.0355555555555556,12
40,"contam","alt",7,"hc3",0.0666666666666667,0.28,0.0244444444444444,15
40,"contam","alt",7,"modhc3",0.0588235294117647,0.32,0.0266666666666667,17
40,"contam","alt",8,"ols",0.142857142857143,0.36,0.0666666666666667,21
40,"contam","alt",8,"modt",0.15,0.34,0.0711111111111111,20
40,"contam","alt",8,"hc3",0.111111111111111,0.32,0.0577777777777778,18
40,"contam","alt",8,"modhc3",0.105263157894737,0.34,0.0577777777777778,19
40,"contam","alt",9,"ols",0,0.38,0.0488888888888889,19
40,"contam","alt",9,"modt",0.0476190476190476,0.4,0.0444444444444444,21
40,"contam","alt",9,"hc3",0.0416666666666667,0.46,0.0266666666666667,24
40,"contam","alt",9,"modhc3",0.0416666666666667,0.46,0.0266666666666667,24
40,"contam","alt",10,"ols",0,0.5,0.0488888888888889,25
40,"contam","alt",10,"modt",0,0.5,0.0466666666666667,25
40,"contam","alt",10,"hc3",0,0.52,0.0377777777777778,26
40,"contam","alt",10,"modhc3",0,0.54,0.04,27
40,"contam","alt",11,"ols",0.032258064516129,0.6,0.0355555555555556,31
40,"contam","alt",11,"modt",0,0.6,0.0288888888888889,30
40,"contam","alt",11,"hc3",0.0294117647058824,0.66,0.0333333333333333,34
40,"contam","alt",11,"modhc3",0,0.66,0.0333333333333333,33
40,"contam","alt",12,"ols",0,0.44,0.0422222222222222,22
40,"contam","alt",12,"modt",0.04,0.48,0.0466666666666667,25
40,"contam","alt",12,"hc3",0,0.48,0.0266666666666667,24
40,"contam","alt",12,"modhc3",0,0.48,0.0266666666666667,24
40,"contam","alt",13,"ols",0,0.22,0.0377777777777778,11
40,"contam","alt",13,"modt",0,0.22,0.0333333333333333,11
40,"contam","alt",13,"hc3",0,0.2,0.0311111111111111,10
40,"contam","alt",13,"modhc3",0,0.2,0.0333333333333333,10
40,"contam","alt",14,"ols",0.0384615384615385,0.5,0.04,26
40,"contam","alt",14,"modt",0.04,0.48,0.04,25
40,"contam","alt",14,"hc3",0,0.44,0.0355555555555556,22
40,"contam","alt",14,"modhc3",0,0.44,0.0377777777777778,22
40,"contam","alt",15,"ols",0.0588235294117647,0.32,0.0533333333333333,17
40,"contam","alt",15,"modt",0.0555555555555556,0.34,0.0511111111111111,18
40,"contam","alt",15,"hc3",0.0625,0.3,0.0422222222222222,16
40,"contam","alt",15,"modhc3",0.0666666666666667,0.28,0.0422222222222222,15
100,"contam","alt",1,"ols",0.0612244897959184,0.92,0.0511111111111111,49
100,"contam","alt",1,"modt",0.0416666666666667,0.92,0.0488888888888889,48
100,"contam","alt",1,"hc3",0.0434782608695652,0.88,0.0422222222222222,46
100,"contam","alt",1,"modhc3",0.0434782608695652,0.88,0.04,46
100,"contam","alt",2,"ols",0.0816326530612245,0.9,0.0577777777777778,49
100,"contam","alt",2,"modt",0.1,0.9,0.0533333333333333,50
100,"contam","alt",2,"hc3",0.102040816326531,0.88,0.0533333333333333,49
100,"contam","alt",2,"modhc3",0.0833333333333333,0.88,0.0555555555555556,48
100,"contam","alt",3,"ols",0,0.94,0.0355555555555556,47
100,"contam","alt",3,"modt",0.0208333333333333,0.94,0.0355555555555556,48
100,"contam","alt",3,"hc3",0.0212765957446809,0.92,0.0377777777777778,47
100,"contam","alt",3,"modhc3",0.0208333333333333,0.94,0.0355555555555556,48
100,"contam","alt",4,"ols",0.0425531914893617,0.9,0.0511111111111111,47
100,"contam","alt",4,"modt",0.0434782608695652,0.88,0.0466666666666667,46
100,"contam","alt",4,"hc3",0.0232558139534884,0.84,0.0422222222222222,43
100,"contam","alt",4,"modhc3",0.0232558139534884,0.84,0.0466666666666667,43
100,"contam","alt",5,"ols",0.0961538461538462,0.94,0.0333333333333333,52
100,"contam","alt",5,"modt",0.0784313725490196,0.94,0.0333333333333333,51
100,"contam","alt",5,"hc3",0.0217391304347826,0.9,0.0311111111111111,46
100,"contam","alt",5,"modhc3",0.0217391304347826,0.9,0.0333333333333333,46
100,"contam","alt",6,"ols",0,0.88,0.02,44
100,"contam","alt",6,"modt",0,0.88,0.0222222222222222,44
100,"contam","alt",6,"hc3",0,0.8,0.0177777777777778,40
100,"contam","alt",6,"modhc3",0,0.84,0.0177777777777778,42
100,"contam","alt",7,"ols",0.0392156862745098,0.98,0.0377777777777778,51
100,"contam","alt",7,"modt",0.0392156862745098,0.98,0.0355555555555556,51
100,"contam","alt",7,"hc3",0.0208333333333333,0.94,0.0355555555555556,48
100,"contam","alt",7,"modhc3",0.0208333333333333,0.94,0.0377777777777778,48
100,"contam","alt",8,"ols",0.06,0.94,0.0466666666666667,50
100,"contam","alt",8,"modt",0.06,0.94,0.0488888888888889,50
100,"contam","alt",8,"hc3",0.06,0.94,0.0377777777777778,50
100,"contam","alt",8,"modhc3",0.06,0.94,0.0377777777777778,50
100,"contam","alt",9,"ols",0.0425531914893617,0.9,0.0577777777777778,47
100,"contam","alt",9,"modt",0.0217391304347826,0.9,0.0533333333333333,46
100,"contam","alt",9,"hc3",0.0212765957446809,0.92,0.0533333333333333,47
100,"contam","alt",9,"modhc3",0.0212765957446809,0.92,0.0555555555555556,47
100,"contam","alt",10,"ols",0.0222222222222222,0.88,0.0422222222222222,45
100,"contam","alt",10,"modt",0.0217391304347826,0.9,0.0422222222222222,46
100,"contam","alt",10,"hc3",0.0454545454545455,0.84,0.0311111111111111,44
100,"contam","alt",10,"modhc3",0.0454545454545455,0.84,0.0333333333333333,44
100,"contam","alt",11,"ols",0.0416666666666667,0.92,0.0488888888888889,48
100,"contam","alt",11,"modt",0.0416666666666667,0.92,0.0466666666666667,48
100,"contam","alt",11,"hc3",0.0754716981132075,0.98,0.04,53
100,"contam","alt",11,"modhc3",0.0754716981132075,0.98,0.04,53
100,"contam","alt",12,"ols",0.0425531914893617,0.9,0.0488888888888889,47
100,"contam","alt",12,"modt",0.0425531914893617,0.9,0.0488888888888889,47
100,"contam","alt",12,"hc3",0.0212765957446809,0.92,0.0577777777777778,47
100,"contam","alt",12,"modhc3",0.0212765957446809,0.92,0.0555555555555556,47
100,"contam","alt",13,"ols",0.0238095238095238,0.82,0.0422222222222222,42
100,"contam","alt",13,"modt",0.0232558139534884,0.84,0.0444444444444444,43
100,"contam","alt",13,"hc3",0.024390243902439,0.8,0.0288888888888889,41
100,"contam","alt",13,"modhc3",0.024390243902439,0.8,0.0266666666666667,41
100,"contam","alt",14,"ols",0.0697674418604651,0.8,0.06,43
100,"contam","alt",14,"modt",0.0652173913043478,0.86,0.0622222222222222,46
100,"contam","alt",14,"hc3",0.0851063829787234,0.86,0.0577777777777778,47
100,"contam","alt",14,"modhc3",0.0851063829787234,0.86,0.0577777777777778,47
100,"contam","alt",15,"ols",0.0204081632653061,0.96,0.0533333333333333,49
100,"contam","alt",15,"modt",0.0204081632653061,0.96,0.0555555555555556,49
100,"contam","alt",15,"hc3",0.0204081632653061,0.96,0.0444444444444444,49
100,"contam","alt",15,"modhc3",0.0208333333333333,0.94,0.0466666666666667,48
10,"skew","alt",1,"ols",0,0,0.0444444444444444,0
10,"skew","alt",1,"modt",0,0,0.0533333333333333,0
10,"skew","alt",1,"hc3",0,0,0.0155555555555556,0
10,"skew","alt",1,"modhc3",0,0,0.0222222222222222,0
10,"skew","alt",2,"ols",0,0,0.0622222222222222,0
10,"skew","alt",2,"modt",0,0,0.06,0
10,"skew","alt",2,"hc3",0,0,0.0577777777777778,0
10,"skew","alt",2,"modhc3",0,0,0.0355555555555556,0
10,"skew","alt",3,"ols",0,0,0.0377777777777778,0
10,"skew","alt",3,"modt",0,0,0.0511111111111111,0
10,"skew","alt",3,"hc3",0,0,0.0266666666666667,0
10,"skew","alt",3,"modhc3",0,0,0.0222222222222222,0
10,"skew","alt",4,"ols",0,0.04,0.04,2
10,"skew","alt",4,"modt",0,0,0.0422222222222222,0
10,"skew","alt",4,"hc3",0,0.04,0.0222222222222222,2
10,"skew","alt",4,"modhc3",0,0,0.0244444444444444,0
10,"skew","alt",5,"ols",0,0,0.0511111111111111,0
10,"skew","alt",5,"modt",0,0,0.0466666666666667,0
10,"skew","alt",5,"hc3",0,0,0.0266666666666667,0
10,"skew","alt",5,"modhc3",0,0,0.0266666666666667,0
10,"skew","alt",6,"ols",0,0,0.04,0
10,"skew","alt",6,"modt",0,0,0.0422222222222222,0
10,"skew","alt",6,"hc3",0,0,0.0355555555555556,0
10,"skew","alt",6,"modhc3",0,0,0.0422222222222222,0
10,"skew","alt",7,"ols",0,0,0.0466666666666667,0
10,"skew","alt",7,"modt",0,0,0.0422222222222222,0
10,"skew","alt",7,"hc3",0,0,0.0311111111111111,0
10,"skew","alt",7,"modhc3",0,0,0.0244444444444444,0
10,"skew","alt",8,"ols",0,0,0.0488888888888889,0
10,"skew","alt",8,"modt",0,0,0.0444444444444444,0
10,"skew","alt",8,"hc3",0,0,0.0333333333333333,0
10,"skew","alt",8,"modhc3",0,0,0.0311111111111111,0
10,"skew","alt",9,"ols",0,0,0.0488888888888889,0
10,"skew","alt",9,"modt",0,0,0.0533333333333333,0
10,"skew","alt",9,"hc3",1,0,0.0533333333333333,1
10,"skew","alt",9,"modhc3",1,0,0.0622222222222222,1
10,"skew","alt",10,"ols",0,0,0.0466666666666667,0
10,"skew","alt",10,"modt",0,0,0.0533333333333333,0
10,"skew","alt",10,"hc3",0,0,0.04,0
10,"skew","alt",10,"modhc3",0,0,0.0377777777777778,0
10,"skew","alt",11,"ols",0,0,0.0511111111111111,0
10,"skew","alt",11,"modt",0,0,0.04,0
10,"skew","alt",11,"hc3",0,0,0.0288888888888889,0
10,"skew","alt",11,"modhc3",0,0,0.0244444444444444,0
10,"skew","alt",12,"ols",0,0,0.04,0
10,"skew","alt",12,"modt",0,0,0.0511111111111111,0
10,"skew","alt",12,"hc3",0,0,0.0266666666666667,0
10,"skew","alt",12,"modhc3",0,0,0.0333333333333333,0
10,"skew","alt",13,"ols",0,0.02,0.0644444444444444,1
10,"skew","alt",13,"modt",0,0,0.0577777777777778,0
10,"skew","alt",13,"hc3",0,0,0.0222222222222222,0
10,"skew","alt",13,"modhc3",0,0,0.0311111111111111,0
10,"skew","alt",14,"ols",0,0,0.0377777777777778,0
10,"skew","alt",14,"modt",0,0,0.0355555555555556,0
10,"skew","alt",14,"hc3",0,0,0.0244444444444444,0
10,"skew","alt",14,"modhc3",0,0,0.0177777777777778,0
10,"skew","alt",15,"ols",0,0.02,0.0622222222222222,1
10,"skew","alt",15,"modt",0,0.02,0.0577777777777778,1
10,"skew","alt",15,"hc3",0,0,0.0422222222222222,0
10,"skew","alt",15,"modhc3",0,0.04,0.0355555555555556,2
20,"skew","alt",1,"ols",0,0,0.0555555555555556,0
20,"skew","alt",1,"modt",0,0.02,0.0555555555555556,1
20,"skew","alt",1,"hc3",0,0,0.0466666666666667,0
20,"skew","alt",1,"modhc3",0,0.04,0.0533333333333333,2
20,"skew","alt",2,"ols",0,0,0.0422222222222222,0
20,"skew","alt",2,"modt",0,0,0.0444444444444444,0
20,"skew","alt",2,"hc3",0.25,0.06,0.0266666666666667,4
20,"skew","alt",2,"modhc3",0,0.04,0.0333333333333333,2
20,"skew","alt",3,"ols",0,0,0.0422222222222222,0
20,"skew","alt",3,"modt",0,0,0.0355555555555556,0
20,"skew","alt",3,"hc3",0,0,0.0333333333333333,0
20,"skew","alt",3,"modhc3",0,0,0.0377777777777778,0
20,"skew","alt",4,"ols",0,0,0.0488888888888889,0
20,"skew","alt",4,"modt",0,0,0.04,0
20,"skew","alt",4,"hc3",0,0.02,0.0488888888888889,1
20,"skew","alt",4,"modhc3",0,0.02,0.0511111111111111,1
20,"skew","alt",5,"ols",0,0.08,0.0466666666666667,4
20,"skew","alt",5,"modt",0,0.1,0.0488888888888889,5
20,"skew","alt",5,"hc3",0,0.08,0.0266666666666667,4
20,"skew","alt",5,"modhc3",0,0.06,0.0311111111111111,3
20,"skew","alt",6,"ols",0,0.02,0.0355555555555556,1
20,"skew","alt",6,"modt",0,0.02,0.0333333333333333,1
20,"skew","alt",6,"hc3",0,0,0.0288888888888889,0
20,"skew","alt",6,"modhc3",0,0.04,0.0311111111111111,2
20,"skew","alt",7,"ols",0,0.08,0.0355555555555556,4
20,"skew","alt",7,"modt",0,0.1,0.04,5
20,"skew","alt",7,"hc3",0,0.08,0.0422222222222222,4
20,"skew","alt",7,"modhc3",0,0.08,0.04,4
20,"skew","alt",8,"ols",0,0,0.0444444444444444,0
20,"skew","alt",8,"modt",0,0.02,0.0355555555555556,1
20,"skew","alt",8,"hc3",0,0,0.0422222222222222,0
20,"skew","alt",8,"modhc3",0,0.02,0.0333333333333333,1
20,"skew","alt",9,"ols",0,0.02,0.0511111111111111,1
20,"skew","alt",9,"modt",0,0,0.0511111111111111,0
20,"skew","alt",9,"hc3",0,0.02,0.04,1
20,"skew","alt",9,"modhc3",0,0,0.0355555555555556,0
20,"skew","alt",10,"ols",0,0.02,0.0333333333333333,1
20,"skew","alt",10,"modt",0,0,0.0355555555555556,0
20,"skew","alt",10,"hc3",0,0.04,0.0333333333333333,2
20,"skew","alt",10,"modhc3",0,0.04,0.0355555555555556,2
20,"skew","alt",11,"ols",0,0.06,0.0622222222222222,3
20,"skew","alt",11,"modt",0,0.06,0.0666666666666667,3
20,"skew","alt",11,"hc3",0,0.04,0.0422222222222222,2
20,"skew","alt",11,"modhc3",0,0.02,0.0466666666666667,1
20,"skew","alt",12,"ols",0,0,0.0444444444444444,0
20,"skew","alt",12,"modt",0,0,0.0488888888888889,0
20,"skew","alt",12,"hc3",0,0,0.0333333333333333,0
20,"skew","alt",12,"modhc3",0,0,0.0222222222222222,0
20,"skew","alt",13,"ols",0,0.04,0.0444444444444444,2
20,"skew","alt",13,"modt",0.166666666666667,0.1,0.0488888888888889,6
20,"skew","alt",13,"hc3",0,0,0.0244444444444444,0
20,"skew","alt",13,"modhc3",0,0,0.0333333333333333,0
20,"skew","alt",14,"ols",0,0,0.0377777777777778,0
20,"skew","alt",14,"modt",0,0.1,0.04,5
20,"skew","alt",14,"hc3",0,0,0.0377777777777778,0
20,"skew","alt",14,"modhc3",0,0,0.0377777777777778,0
20,"skew","alt",15,"ols",0,0.04,0.0377777777777778,2
20,"skew","alt",15,"modt",0,0.04,0.0266666666666667,2
20,"skew","alt",15,"hc3",0,0.02,0.0288888888888889,1
20,"skew","alt",15,"modhc3",0,0.02,0.0288888888888889,1
40,"skew","alt",1,"ols",0,0.26,0.0355555555555556,13
40,"skew","alt",1,"modt",0,0.2,0.0333333333333333,10
40,"skew","alt",1,"hc3",0,0.16,0.0244444444444444,8
40,"skew","alt",1,"modhc3",0,0.16,0.0266666666666667,8
40,"skew","alt",2,"ols",0,0.3,0.0333333333333333,15
40,"skew","alt",2,"modt",0,0.28,0.0377777777777778,14
40,"skew","alt",2,"hc3",0,0.3,0.0266666666666667,15
40,"skew","alt",2,"modhc3",0,0.26,0.0266666666666667,13
40,"skew","alt",3,"ols",0.125,0.28,0.0444444444444444,16
40,"skew","alt",3,"modt",0.133333333333333,0.26,0.0444444444444444,15
40,"skew","alt",3,"hc3",0.0833333333333333,0.22,0.0466666666666667,12
40,"skew","alt",3,"modhc3",0.0909090909090909,0.2,0.04,11
40,"skew","alt",4,"ols",0,0.2,0.0377777777777778,10
40,"skew","alt",4,"modt",0,0.18,0.04,9
40,"skew","alt",4,"hc3",0,0.1,0.0377777777777778,5
40,"skew","alt",4,"modhc3",0,0.14,0.0377777777777778,7
40,"skew","alt",5,"ols",0,0.54,0.0533333333333333,27
40,"skew","alt",5,"modt",0,0.48,0.0466666666666667,24
40,"skew","alt",5,"hc3",0,0.4,0.0422222222222222,20
40,"skew","alt",5,"modhc3",0,0.44,0.0422222222222222,22
40,"skew","alt",6,"ols",0.208333333333333,0.38,0.0511111111111111,24
40,"skew","alt",6,"modt",0.166666666666667,0.4,0.0533333333333333,24
40,"skew","alt",6,"hc3",0.111111111111111,0.16,0.0488888888888889,9
40,"skew","alt",6,"modhc3",0.0555555555555556,0.34,0.0555555555555556,18
40,"skew","alt",7,"ols",0.0434782608695652,0.44,0.0511111111111111,23
40,"skew","alt",7,"modt",0.0434782608695652,0.44,0.0488888888888889,23
40,"skew","alt",7,"hc3",0.0454545454545455,0.42,0.0466666666666667,22
40,"skew","alt",7,"modhc3",0.05,0.38,0.0444444444444444,20
40,"skew","alt",8,"ols",0,0,0.0355555555555556,0
40,"skew","alt",8,"modt",0,0.02,0.0288888888888889,1
40,"skew","alt",8,"hc3",0,0.14,0.0377777777777778,7
40,"skew","alt",8,"modhc3",0,0.14,0.0311111111111111,7
40,"skew","alt",9,"ols",0,0.34,0.0422222222222222,17
40,"skew","alt",9,"modt",0,0.34,0.0466666666666667,17
40,"skew","alt",9,"hc3",0,0.3,0.0311111111111111,15
40,"skew","alt",9,"modhc3",0,0.24,0.0355555555555556,12
40,"skew","alt",10,"ols",0.04,0.48,0.0622222222222222,25
40,"skew","alt",10,"modt",0.0384615384615385,0.5,0.0622222222222222,26
40,"skew","alt",10,"hc3",0.0555555555555556,0.34,0.0555555555555556,18
40,"skew","alt",10,"modhc3",0.111111111111111,0.32,0.0533333333333333,18
40,"skew","alt",11,"ols",0,0.28,0.0555555555555556,14
40,"skew","alt",11,"modt",0,0.3,0.0644444444444444,15
40,"skew","alt",11,"hc3",0,0.2,0.0511111111111111,10
40,"skew","alt",11,"modhc3",0,0.36,0.0488888888888889,18
40,"skew","alt",12,"ols",0,0.36,0.06,18
40,"skew","alt",12,"modt",0,0.38,0.0644444444444444,19
40,"skew","alt",12,"hc3",0,0.28,0.06,14
40,"skew","alt",12,"modhc3",0,0.24,0.0577777777777778,12
40,"skew","alt",13,"ols",0,0.44,0.0444444444444444,22
40,"skew","alt",13,"modt",0,0.44,0.0444444444444444,22
40,"skew","alt",13,"hc3",0,0.38,0.0422222222222222,19
40,"skew","alt",13,"modhc3",0,0.42,0.0511111111111111,21
40,"skew","alt",14,"ols",0.05,0.38,0.0488888888888889,20
40,"skew","alt",14,"modt",0.0555555555555556,0.34,0.0466666666666667,18
40,"skew","alt",14,"hc3",0.05,0.38,0.0444444444444444,20
40,"skew","alt",14,"modhc3",0,0.36,0.0444444444444444,18
40,"skew","alt",15,"ols",0,0.3,0.0533333333333333,15
40,"skew","alt",15,"modt",0,0.34,0.0511111111111111,17
40,"skew","alt",15,"hc3",0,0.24,0.0533333333333333,12
40,"skew","alt",15,"modhc3",0,0.28,0.0444444444444444,14
100,"skew","alt",1,"ols",0.0566037735849057,1,0.0444444444444444,53
100,"skew","alt",1,"modt",0.0566037735849057,1,0.0466666666666667,53
100,"skew","alt",1,"hc3",0.0392156862745098,0.98,0.0422222222222222,51
100,"skew","alt",1,"modhc3",0.0392156862745098,0.98,0.0422222222222222,51
100,"skew","alt",2,"ols",0.0576923076923077,0.98,0.0555555555555556,52
100,"skew","alt",2,"modt",0.0576923076923077,0.98,0.0555555555555556,52
100,"skew","alt",2,"hc3",0.0769230769230769,0.96,0.0555555555555556,52
100,"skew","alt",2,"modhc3",0.0588235294117647,0.96,0.0511111111111111,51
100,"skew","alt",3,"ols",0.0208333333333333,0.94,0.04,48
100,"skew","alt",3,"modt",0.0204081632653061,0.96,0.04,49
100,"skew","alt",3,"hc3",0,0.96,0.0266666666666667,48
100,"skew","alt",3,"modhc3",0,0.96,0.0266666666666667,48
100,"skew","alt",4,"ols",0.02,0.98,0.0466666666666667,50
100,"skew","alt",4,"modt",0.02,0.98,0.0488888888888889,50
100,"skew","alt",4,"hc3",0.0204081632653061,0.96,0.0488888888888889,49
100,"skew","alt",4,"modhc3",0.0204081632653061,0.96,0.0488888888888889,49
100,"skew","alt",5,"ols",0,0.96,0.0444444444444444,48
100,"skew","alt",5,"modt",0,0.96,0.0466666666666667,48
100,"skew","alt",5,"hc3",0,0.92,0.0444444444444444,46
100,"skew","alt",5,"modhc3",0,0.94,0.0444444444444444,47
100,"skew","alt",6,"ols",0.0408163265306122,0.94,0.0577777777777778,49
100,"skew","alt",6,"modt",0.0408163265306122,0.94,0.0555555555555556,49
100,"skew","alt",6,"hc3",0.0416666666666667,0.92,0.0488888888888889,48
100,"skew","alt",6,"modhc3",0.0416666666666667,0.92,0.0466666666666667,48
100,"skew","alt",7,"ols",0.0625,0.9,0.0466666666666667,48
100,"skew","alt",7,"modt",0.0425531914893617,0.9,0.0488888888888889,47
100,"skew","alt",7,"hc3",0,0.9,0.0488888888888889,45
100,"skew","alt",7,"modhc3",0,0.9,0.0488888888888889,45
100,"skew","alt",8,"ols",0.0227272727272727,0.86,0.0533333333333333,44
100,"skew","alt",8,"modt",0.0227272727272727,0.86,0.0511111111111111,44
100,"skew","alt",8,"hc3",0.0222222222222222,0.88,0.0511111111111111,45
100,"skew","alt",8,"modhc3",0.0222222222222222,0.88,0.0488888888888889,45
100,"skew","alt",9,"ols",0.0408163265306122,0.94,0.0444444444444444,49
100,"skew","alt",9,"modt",0.0408163265306122,0.94,0.0466666666666667,49
100,"skew","alt",9,"hc3",0.0416666666666667,0.92,0.0422222222222222,48
100,"skew","alt",9,"modhc3",0.0612244897959184,0.92,0.0377777777777778,49
100,"skew","alt",10,"ols",0.0769230769230769,0.96,0.0577777777777778,52
100,"skew","alt",10,"modt",0.04,0.96,0.0577777777777778,50
100,"skew","alt",10,"hc3",0.0625,0.9,0.0488888888888889,48
100,"skew","alt",10,"modhc3",0.0625,0.9,0.0511111111111111,48
100,"skew","alt",11,"ols",0.0408163265306122,0.94,0.0422222222222222,49
100,"skew","alt",11,"modt",0.0408163265306122,0.94,0.0444444444444444,49
100,"skew","alt",11,"hc3",0.0227272727272727,0.86,0.0466666666666667,44
100,"skew","alt",11,"modhc3",0.0227272727272727,0.86,0.0466666666666667,44
100,"skew","alt",12,"ols",0.0476190476190476,0.8,0.0688888888888889,42
100,"skew","alt",12,"modt",0.0465116279069767,0.82,0.0688888888888889,43
100,"skew","alt",12,"hc3",0.0454545454545455,0.84,0.0533333333333333,44
100,"skew","alt",12,"modhc3",0.0454545454545455,0.84,0.0555555555555556,44
100,"skew","alt",13,"ols",0.02,0.98,0.0377777777777778,50
100,"skew","alt",13,"modt",0.02,0.98,0.0422222222222222,50
100,"skew","alt",13,"hc3",0.0576923076923077,0.98,0.0355555555555556,52
100,"skew","alt",13,"modhc3",0.0576923076923077,0.98,0.0377777777777778,52
100,"skew","alt",14,"ols",0.0204081632653061,0.96,0.0555555555555556,49
100,"skew","alt",14,"modt",0.0204081632653061,0.96,0.0488888888888889,49
100,"skew","alt",14,"hc3",0.0588235294117647,0.96,0.0466666666666667,51
100,"skew","alt",14,"modhc3",0.0588235294117647,0.96,0.0466666666666667,51
100,"skew","alt",15,"ols",0,1,0.0355555555555556,50
100,"skew","alt",15,"modt",0,1,0.0311111111111111,50
100,"skew","alt",15,"hc3",0,0.98,0.0333333333333333,49
100,"skew","alt",15,"modhc3",0,0.98,0.0311111111111111,49
10,"hetero","alt",1,"ols",1,0,0.164444444444444,2
10,"hetero","alt",1,"modt",1,0,0.16,8
10,"hetero","alt",1,"hc3",0.666666666666667,0.02,0.0955555555555556,3
10,"hetero","alt",1,"modhc3",1,0,0.102222222222222,5
10,"hetero","alt",4,"ols",0.75,0.02,0.171111111111111,4
10,"hetero","alt",4,"modt",0.866666666666667,0.04,0.162222222222222,15
10,"hetero","alt",4,"hc3",0.851851851851852,0.08,0.128888888888889,27
10,"hetero","alt",4,"modhc3",0.857142857142857,0.06,0.14,21
10,"hetero","alt",5,"ols",0,0,0.0933333333333333,0
10,"hetero","alt",5,"modt",0,0,0.0955555555555556,0
10,"hetero","alt",5,"hc3",0,0,0.0644444444444444,0
10,"hetero","alt",5,"modhc3",0,0,0.0511111111111111,0
10,"hetero","alt",6,"ols",0,0,0.0511111111111111,0
10,"hetero","alt",6,"modt",0,0,0.0444444444444444,0
10,"hetero","alt",6,"hc3",0,0,0.0488888888888889,0
10,"hetero","alt",6,"modhc3",0,0,0.04,0
10,"hetero","alt",7,"ols",0,0,0.0355555555555556,0
10,"hetero","alt",7,"modt",0,0,0.0288888888888889,0
10,"hetero","alt",7,"hc3",1,0,0.0244444444444444,1
10,"hetero","alt",7,"modhc3",1,0,0.0222222222222222,1
10,"hetero","alt",8,"ols",0,0,0.0822222222222222,0
10,"hetero","alt",8,"modt",0.666666666666667,0.02,0.0933333333333333,3
10,"hetero","alt",8,"hc3",0,0,0.0533333333333333,0
10,"hetero","alt",8,"modhc3",0,0,0.0533333333333333,0
10,"hetero","alt",9,"ols",0,0,0.0577777777777778,0
10,"hetero","alt",9,"modt",0,0,0.0577777777777778,0
10,"hetero","alt",9,"hc3",0,0,0.0355555555555556,0
10,"hetero","alt",9,"modhc3",0,0,0.0377777777777778,0
10,"hetero","alt",10,"ols",1,0,0.126666666666667,2
10,"hetero","alt",10,"modt",1,0,0.137777777777778,1
10,"hetero","alt",10,"hc3",0,0,0.0555555555555556,0
10,"hetero","alt",10,"modhc3",0,0,0.0511111111111111,0
10,"hetero","alt",12,"ols",0,0,0.0533333333333333,0
10,"hetero","alt",12,"modt",0,0,0.0488888888888889,0
10,"hetero","alt",12,"hc3",1,0,0.04,1
10,"hetero","alt",12,"modhc3",1,0,0.0466666666666667,3
10,"hetero","alt",13,"ols",0.5,0.04,0.0977777777777778,4
10,"hetero","alt",13,"modt",0.714285714285714,0.04,0.106666666666667,7
10,"hetero","alt",13,"hc3",0.714285714285714,0.04,0.0488888888888889,7
10,"hetero","alt",13,"modhc3",0.833333333333333,0.02,0.0422222222222222,6
10,"hetero","alt",14,"ols",0,0,0.137777777777778,0
10,"hetero","alt",14,"modt",1,0,0.164444444444444,1
10,"hetero","alt",14,"hc3",0,0,0.0666666666666667,0
10,"hetero","alt",14,"modhc3",0,0,0.0511111111111111,0
10,"hetero","alt",15,"ols",0,0,0.0733333333333333,0
10,"hetero","alt",15,"modt",0,0,0.0666666666666667,0
10,"hetero","alt",15,"hc3",0,0,0.0422222222222222,0
10,"hetero","alt",15,"modhc3",0,0,0.0444444444444444,0
20,"hetero","alt",1,"ols",0,0,0.0933333333333333,0
20,"hetero","alt",1,"modt",0,0,0.0866666666666667,0
20,"hetero","alt",1,"hc3",0,0,0.0444444444444444,0
20,"hetero","alt",1,"modhc3",0,0,0.0444444444444444,0
20,"hetero","alt",2,"ols",0,0,0.1,0
20,"hetero","alt",2,"modt",0.5,0.02,0.1,2
20,"hetero","alt",2,"hc3",1,0,0.0644444444444444,1
20,"hetero","alt",2,"modhc3",1,0,0.0622222222222222,1
20,"hetero","alt",3,"ols",0,0,0.08,0
20,"hetero","alt",3,"modt",0.666666666666667,0.02,0.0844444444444444,3
20,"hetero","alt",3,"hc3",0,0,0.0555555555555556,0
20,"hetero","alt",3,"modhc3",0,0,0.0488888888888889,0
20,"hetero","alt",4,"ols",0.428571428571429,0.08,0.153333333333333,7
20,"hetero","alt",4,"modt",0.5,0.08,0.153333333333333,8
20,"hetero","alt",4,"hc3",0,0,0.0666666666666667,0
20,"hetero","alt",4,"modhc3",0.5,0.02,0.0733333333333333,2
20,"hetero","alt",5,"ols",0.25,0.06,0.1,4
20,"hetero","alt",5,"modt",0,0,0.1,0
20,"hetero","alt",5,"hc3",0,0,0.0577777777777778,0
20,"hetero","alt",5,"modhc3",0,0,0.0511111111111111,0
20,"hetero","alt",6,"ols",0.666666666666667,0.02,0.0888888888888889,3
20,"hetero","alt",6,"modt",0.666666666666667,0.02,0.0911111111111111,3
20,"hetero","alt",6,"hc3",1,0,0.0622222222222222,1
20,"hetero","alt",6,"modhc3",1,0,0.0488888888888889,1
20,"hetero","alt",7,"ols",0.923076923076923,0.04,0.206666666666667,26
20,"hetero","alt",7,"modt",0.892857142857143,0.06,0.206666666666667,28
20,"hetero","alt",7,"hc3",0.891304347826087,0.1,0.162222222222222,46
20,"hetero","alt",7,"modhc3",0.914893617021277,0.08,0.16,47
20,"hetero","alt",8,"ols",0.5,0.02,0.0511111111111111,2
20,"hetero","alt",8,"modt",0,0.02,0.0488888888888889,1
20,"hetero","alt",8,"hc3",0,0,0.0377777777777778,0
20,"hetero","alt",8,"modhc3",0,0.04,0.0377777777777778,2
20,"hetero","alt",9,"ols",0.5,0.08,0.133333333333333,8
20,"hetero","alt",9,"modt",0.5,0.06,0.133333333333333,6
20,"hetero","alt",9,"hc3",0.666666666666667,0.02,0.0822222222222222,3
20,"hetero","alt",9,"modhc3",0.5,0.02,0.08,2
20,"hetero","alt",10,"ols",0,0.02,0.0733333333333333,1
20,"hetero","alt",10,"modt",0,0.02,0.0777777777777778,1
20,"hetero","alt",10,"hc3",0,0.02,0.04,1
20,"hetero","alt",10,"modhc3",0,0.02,0.0422222222222222,1
20,"hetero","alt",11,"ols",0,0,0.0577777777777778,0
20,"hetero","alt",11,"modt",0,0,0.0511111111111111,0
20,"hetero","alt",11,"hc3",1,0,0.0355555555555556,1
20,"hetero","alt",11,"modhc3",0,0,0.0288888888888889,0
20,"hetero","alt",12,"ols",0,0.04,0.104444444444444,2
20,"hetero","alt",12,"modt",0,0.04,0.102222222222222,2
20,"hetero","alt",12,"hc3",0,0,0.06,0
20,"hetero","alt",12,"modhc3",0,0.04,0.0533333333333333,2
20,"hetero","alt",13,"ols",0,0,0.0933333333333333,0
20,"hetero","alt",13,"modt",0.5,0.02,0.0844444444444444,2
20,"hetero","alt",13,"hc3",0,0,0.04,0
20,"hetero","alt",13,"modhc3",0,0,0.04,0
20,"hetero","alt",14,"ols",0.333333333333333,0.04,0.0977777777777778,3
20,"hetero","alt",14,"modt",0,0.04,0.0955555555555556,2
20,"hetero","alt",14,"hc3",0.75,0.04,0.0844444444444444,8
20,"hetero","alt",14,"modhc3",0.666666666666667,0.04,0.0822222222222222,6
20,"hetero","alt",15,"ols",1,0,0.111111111111111,2
20,"hetero","alt",15,"modt",0.75,0.02,0.12,4
20,"hetero","alt",15,"hc3",1,0,0.0511111111111111,2
20,"hetero","alt",15,"modhc3",1,0,0.0511111111111111,2
40,"hetero","alt",1,"ols",0.315789473684211,0.26,0.124444444444444,19
40,"hetero","alt",1,"modt",0.428571428571429,0.32,0.128888888888889,28
40,"hetero","alt",1,"hc3",0,0.04,0.0733333333333333,2
40,"hetero","alt",1,"modhc3",0,0.02,0.0733333333333333,1
40,"hetero","alt",2,"ols",0.416666666666667,0.14,0.144444444444444,12
40,"hetero","alt",2,"modt",0.416666666666667,0.14,0.148888888888889,12
40,"hetero","alt",2,"hc3",0.285714285714286,0.1,0.0688888888888889,7
40,"hetero","alt",2,"modhc3",0.166666666666667,0.1,0.0711111111111111,6
40,"hetero","alt",3,"ols",0.111111111111111,0.16,0.126666666666667,9
40,"hetero","alt",3,"modt",0.1,0.18,0.124444444444444,10
40,"hetero","alt",3,"hc3",0,0,0.0511111111111111,0
40,"hetero","alt",3,"modhc3",0,0,0.0511111111111111,0
40,"hetero","alt",4,"ols",0,0.08,0.0644444444444444,4
40,"hetero","alt",4,"modt",0.2,0.08,0.06,5
40,"hetero","alt",4,"hc3",0,0.04,0.0422222222222222,2
40,"hetero","alt",4,"modhc3",0,0.04,0.0377777777777778,2
40,"hetero","alt",5,"ols",0.416666666666667,0.14,0.12,12
40,"hetero","alt",5,"modt",0.333333333333333,0.12,0.124444444444444,9
40,"hetero","alt",5,"hc3",0,0.04,0.0511111111111111,2
40,"hetero","alt",5,"modhc3",0,0.04,0.0488888888888889,2
40,"hetero","alt",6,"ols",0,0.1,0.0688888888888889,5
40,"hetero","alt",6,"modt",0,0.08,0.0755555555555556,4
40,"hetero","alt",6,"hc3",0,0.02,0.0511111111111111,1
40,"hetero","alt",6,"modhc3",0,0.02,0.0533333333333333,1
40,"hetero","alt",7,"ols",0.375,0.1,0.137777777777778,8
40,"hetero","alt",7,"modt",0.384615384615385,0.16,0.137777777777778,13
40,"hetero","alt",7,"hc3",0.333333333333333,0.04,0.0577777777777778,3
40,"hetero","alt",7,"modhc3",0,0.04,0.0622222222222222,2
40,"hetero","alt",8,"ols",0,0,0.0622222222222222,0
40,"hetero","alt",8,"modt",0,0,0.0666666666666667,0
40,"hetero","alt",8,"hc3",0,0,0.0444444444444444,0
40,"hetero","alt",8,"modhc3",0,0,0.04,0
40,"hetero","alt",9,"ols",0.588235294117647,0.14,0.126666666666667,17
40,"hetero","alt",9,"modt",0.5625,0.14,0.12,16
40,"hetero","alt",9,"hc3",1,0,0.06,1
40,"hetero","alt",9,"modhc3",1,0,0.06,1
40,"hetero","alt",10,"ols",0,0.02,0.0466666666666667,1
40,"hetero","alt",10,"modt",0,0.04,0.0511111111111111,2
40,"hetero","alt",10,"hc3",0.166666666666667,0.1,0.0444444444444444,6
40,"hetero","alt",10,"modhc3",0.166666666666667,0.1,0.0511111111111111,6
40,"hetero","alt",11,"ols",0.533333333333333,0.14,0.104444444444444,15
40,"hetero","alt",11,"modt",0.5,0.12,0.111111111111111,12
40,"hetero","alt",11,"hc3",0,0,0.0466666666666667,0
40,"hetero","alt",11,"modhc3",0,0,0.04,0
40,"hetero","alt",12,"ols",0.3125,0.22,0.137777777777778,16
40,"hetero","alt",12,"modt",0.277777777777778,0.26,0.137777777777778,18
40,"hetero","alt",12,"hc3",0,0.04,0.0488888888888889,2
40,"hetero","alt",12,"modhc3",0,0.04,0.0466666666666667,2
40,"hetero","alt",13,"ols",0.1,0.18,0.0733333333333333,10
40,"hetero","alt",13,"modt",0.166666666666667,0.2,0.0711111111111111,12
40,"hetero","alt",13,"hc3",0,0,0.04,0
40,"hetero","alt",13,"modhc3",0,0,0.0355555555555556,0
40,"hetero","alt",14,"ols",0.111111111111111,0.16,0.0555555555555556,9
40,"hetero","alt",14,"modt",0.125,0.14,0.06,8
40,"hetero","alt",14,"hc3",0.166666666666667,0.1,0.0444444444444444,6
40,"hetero","alt",14,"modhc3",0.142857142857143,0.12,0.0444444444444444,7
40,"hetero","alt",15,"ols",0.166666666666667,0.1,0.14,6
40,"hetero","alt",15,"modt",0.333333333333333,0.12,0.133333333333333,9
40,"hetero","alt",15,"hc3",0,0.02,0.0511111111111111,1
40,"hetero","alt",15,"modhc3",0,0.02,0.0511111111111111,1
100,"hetero","alt",1,"ols",0.282608695652174,0.66,0.131111111111111,46
100,"hetero","alt",1,"modt",0.282608695652174,0.66,0.133333333333333,46
100,"hetero","alt",1,"hc3",0.2,0.56,0.0577777777777778,35
100,"hetero","alt",1,"modhc3",0.2,0.56,0.0577777777777778,35
100,"hetero","alt",2,"ols",0.191489361702128,0.76,0.108888888888889,47
100,"hetero","alt",2,"modt",0.191489361702128,0.76,0.106666666666667,47
100,"hetero","alt",2,"hc3",0.0416666666666667,0.46,0.0422222222222222,24
100,"hetero","alt",2,"modhc3",0.0434782608695652,0.44,0.0444444444444444,23
100,"hetero","alt",3,"ols",0.162162162162162,0.62,0.104444444444444,37
100,"hetero","alt",3,"modt",0.162162162162162,0.62,0.0977777777777778,37
100,"hetero","alt",3,"hc3",0.148148148148148,0.46,0.0555555555555556,27
100,"hetero","alt",3,"modhc3",0.137931034482759,0.5,0.0555555555555556,29
100,"hetero","alt",4,"ols",0.105263157894737,0.68,0.0644444444444444,38
100,"hetero","alt",4,"modt",0.105263157894737,0.68,0.0622222222222222,38
100,"hetero","alt",4,"hc3",0.125,0.42,0.0333333333333333,24
100,"hetero","alt",4,"modhc3",0.130434782608696,0.4,0.0333333333333333,23
100,"hetero","alt",5,"ols",0.146341463414634,0.7,0.0933333333333333,41
100,"hetero","alt",5,"modt",0.146341463414634,0.7,0.0933333333333333,41
100,"hetero","alt",5,"hc3",0,0.14,0.0444444444444444,7
100,"hetero","alt",5,"modhc3",0,0.14,0.0466666666666667,7
100,"hetero","alt",6,"ols",0.0666666666666667,0.56,0.0577777777777778,30
100,"hetero","alt",6,"modt",0.0967741935483871,0.56,0.0555555555555556,31
100,"hetero","alt",6,"hc3",0.0740740740740741,0.5,0.0422222222222222,27
100,"hetero","alt",6,"modhc3",0.0769230769230769,0.48,0.0422222222222222,26
100,"hetero","alt",7,"ols",0.148148148148148,0.46,0.0977777777777778,27
100,"hetero","alt",7,"modt",0.115384615384615,0.46,0.0955555555555556,26
100,"hetero","alt",7,"hc3",0,0.28,0.06,14
100,"hetero","alt",7,"modhc3",0,0.3,0.0622222222222222,15
100,"hetero","alt",8,"ols",0.285714285714286,0.5,0.108888888888889,35
100,"hetero","alt",8,"modt",0.264705882352941,0.5,0.108888888888889,34
100,"hetero","alt",8,"hc3",0.125,0.14,0.0444444444444444,8
100,"hetero","alt",8,"modhc3",0.111111111111111,0.16,0.0444444444444444,9
100,"hetero","alt",9,"ols",0.09375,0.58,0.113333333333333,32
100,"hetero","alt",9,"modt",0.147058823529412,0.58,0.108888888888889,34
100,"hetero","alt",9,"hc3",0.0909090909090909,0.2,0.0488888888888889,11
100,"hetero","alt",9,"modhc3",0,0.2,0.0488888888888889,10
100,"hetero","alt",10,"ols",0.272727272727273,0.64,0.111111111111111,44
100,"hetero","alt",10,"modt",0.27906976744186,0.62,0.104444444444444,43
100,"hetero","alt",10,"hc3",0.206896551724138,0.46,0.0577777777777778,29
100,"hetero","alt",10,"modhc3",0.2,0.48,0.0533333333333333,30
100,"hetero","alt",11,"ols",0.205882352941176,0.54,0.117777777777778,34
100,"hetero","alt",11,"modt",0.228571428571429,0.54,0.117777777777778,35
100,"hetero","alt",11,"hc3",0.0869565217391304,0.42,0.0622222222222222,23
100,"hetero","alt",11,"modhc3",0.0476190476190476,0.4,0.0644444444444444,21
100,"hetero","alt",12,"ols",0.125,0.56,0.0844444444444444,32
100,"hetero","alt",12,"modt",0.125,0.56,0.0866666666666667,32
100,"hetero","alt",12,"hc3",0.0869565217391304,0.42,0.0333333333333333,23
100,"hetero","alt",12,"modhc3",0.0952380952380952,0.38,0.0355555555555556,21
100,"hetero","alt",13,"ols",0.166666666666667,0.5,0.106666666666667,30
100,"hetero","alt",13,"modt",0.142857142857143,0.48,0.104444444444444,28
100,"hetero","alt",13,"hc3",0.111111111111111,0.16,0.0488888888888889,9
100,"hetero","alt",13,"modhc3",0.125,0.14,0.0488888888888889,8
100,"hetero","alt",14,"ols",0.142857142857143,0.6,0.104444444444444,35
100,"hetero","alt",14,"modt",0.166666666666667,0.6,0.102222222222222,36
100,"hetero","alt",14,"hc3",0.1875,0.26,0.0555555555555556,16
100,"hetero","alt",14,"modhc3",0.1875,0.26,0.0577777777777778,16
100,"hetero","alt",15,"ols",0.1875,0.52,0.104444444444444,32
100,"hetero","alt",15,"modt",0.1875,0.52,0.102222222222222,32
100,"hetero","alt",15,"hc3",0.0588235294117647,0.32,0.0622222222222222,17
100,"hetero","alt",15,"modhc3",0.0666666666666667,0.28,0.0577777777777778,15
