"n","error","cell","rep","method","n_taxa","fdr","n_rej","tpr","fpr05","fpr01","ks","p_min","d0"
10,"gauss","null",1,"ols",500,0,0,NA,0.044,0.008,0.0230228651877671,0.000728639460138396,3.81203838862221
10,"gauss","null",1,"modt",500,0,0,NA,0.05,0.01,0.0206130744615708,0.00204995210700635,3.81203838862221
10,"gauss","null",1,"fl_199",500,0,0,NA,0.04,0.008,0.022,0.005,3.81203838862221
10,"gauss","null",1,"fl_999",500,0,0,NA,0.052,0.016,0.024,0.001,3.81203838862221
10,"gauss","null",1,"fl_9999",500,0,0,NA,0.05,0.018,0.0253,0.002,3.81203838862221
10,"gauss","null",1,"pvw_199",500,0,0,NA,0.05,0.002,0.0777738399252321,0.00718621514090371,3.81203838862221
10,"gauss","null",1,"pvt_199",500,1,13,NA,0.138,0.058,0.105870147867096,9.25299318565819e-11,3.81203838862221
10,"gauss","null",1,"mm_199",500,0,0,NA,0.042,0.016,0.12,0.000113732000663913,3.81203838862221
10,"gauss","null",1,"pvw_999",500,0,0,NA,0.058,0.002,0.0797466639666157,0.00607481726620966,3.81203838862221
10,"gauss","null",1,"pvt_999",500,1,12,NA,0.14,0.056,0.10764026482104,2.03252017634985e-10,3.81203838862221
10,"gauss","null",1,"mm_999",500,0,0,NA,0.046,0.016,0.214,0.000773228001178575,3.81203838862221
10,"gauss","null",2,"ols",500,0,0,NA,0.042,0.016,0.0471691105309517,0.000167906393254205,3.9008780483286
10,"gauss","null",2,"modt",500,0,0,NA,0.05,0.01,0.0497209056698608,0.000226952488986256,3.9008780483286
10,"gauss","null",2,"fl_199",500,0,0,NA,0.06,0.01,0.044,0.005,3.9008780483286
10,"gauss","null",2,"fl_999",500,0,0,NA,0.054,0.014,0.0399999999999999,0.001,3.9008780483286
10,"gauss","null",2,"fl_9999",500,0,0,NA,0.054,0.014,0.0411,2e-04,3.9008780483286
10,"gauss","null",2,"pvw_199",500,0,0,NA,0.062,0.008,0.0993439797221656,0.00413677391644912,3.9008780483286
10,"gauss","null",2,"pvt_199",500,1,10,NA,0.144,0.052,0.130460450656084,1.74825204249945e-17,3.9008780483286
10,"gauss","null",2,"mm_199",500,1,1,NA,0.062,0.018,0.152,2.94316146991507e-05,3.9008780483286
10,"gauss","null",2,"pvw_999",500,0,0,NA,0.052,0.004,0.0986062654783506,0.00434293863740192,3.9008780483286
10,"gauss","null",2,"pvt_999",500,1,10,NA,0.146,0.056,0.131336239371881,4.54258692718953e-17,3.9008780483286
10,"gauss","null",2,"mm_999",500,1,1,NA,0.056,0.016,0.316,3.84967175186891e-05,3.9008780483286
10,"gauss","null",3,"ols",500,0,0,NA,0.058,0.016,0.0383939281878833,0.00025496238564131,3.61176968501902
10,"gauss","null",3,"modt",500,0,0,NA,0.054,0.012,0.0547748527273718,0.00137889772527415,3.61176968501902
10,"gauss","null",3,"fl_199",500,0,0,NA,0.052,0.012,0.043,0.005,3.61176968501902
10,"gauss","null",3,"fl_999",500,0,0,NA,0.056,0.016,0.039,0.001,3.61176968501902
10,"gauss","null",3,"fl_9999",500,0,0,NA,0.056,0.018,0.0383,5e-04,3.61176968501902
10,"gauss","null",3,"pvw_199",500,0,0,NA,0.068,0.01,0.0999437358185751,0.00371872726415117,3.61176968501902
10,"gauss","null",3,"pvt_199",500,1,16,NA,0.138,0.066,0.13917242826904,9.44754867688985e-16,3.61176968501902
10,"gauss","null",3,"mm_199",500,1,4,NA,0.06,0.02,0.184,1.03247073422518e-07,3.61176968501902
10,"gauss","null",3,"pvw_999",500,0,0,NA,0.062,0.006,0.097615856326463,0.00570367380524573,3.61176968501902
10,"gauss","null",3,"pvt_999",500,1,17,NA,0.132,0.064,0.139306172210459,1.79772412117638e-15,3.61176968501902
10,"gauss","null",3,"mm_999",500,1,1,NA,0.066,0.016,0.364,5.5445760834589e-05,3.61176968501902
10,"gauss","null",4,"ols",500,0,0,NA,0.046,0.004,0.0442922262703233,0.000781550374836405,4.30395537907467
10,"gauss","null",4,"modt",500,0,0,NA,0.05,0.008,0.0426890581688708,0.00177575203348579,4.30395537907467
10,"gauss","null",4,"fl_199",500,0,0,NA,0.02,0,0.04,0.025,4.30395537907467
10,"gauss","null",4,"fl_999",500,0,0,NA,0.028,0,0.031,0.018,4.30395537907467
10,"gauss","null",4,"fl_9999",500,0,0,NA,0.034,0,0.0317000000000001,0.0185,4.30395537907467
10,"gauss","null",4,"pvw_199",500,0,0,NA,0.05,0.002,0.0679121357388983,0.00644120327743341,4.30395537907467
10,"gauss","null",4,"pvt_199",500,1,4,NA,0.126,0.048,0.0969939622262904,1.24610612990157e-11,4.30395537907467
10,"gauss","null",4,"mm_199",500,0,0,NA,0.046,0,0.13,0.0103994130790284,4.30395537907467
10,"gauss","null",4,"pvw_999",500,0,0,NA,0.052,0.002,0.0724607583270273,0.00654512788299699,4.30395537907467
10,"gauss","null",4,"pvt_999",500,1,4,NA,0.124,0.052,0.10021260292114,1.38492072412345e-10,4.30395537907467
10,"gauss","null",4,"mm_999",500,0,0,NA,0.044,0.002,0.192,0.00749412754385971,4.30395537907467
10,"gauss","null",5,"ols",500,0,0,NA,0.04,0.012,0.0280210468232283,0.00136452744584499,4.17532046085975
10,"gauss","null",5,"modt",500,0,0,NA,0.052,0.008,0.0233769267770371,0.000321226667868344,4.17532046085975
10,"gauss","null",5,"fl_199",500,0,0,NA,0.046,0.004,0.033,0.005,4.17532046085975
10,"gauss","null",5,"fl_999",500,0,0,NA,0.052,0.01,0.03,0.001,4.17532046085975
10,"gauss","null",5,"fl_9999",500,0,0,NA,0.042,0.012,0.0258,0.0014,4.17532046085975
10,"gauss","null",5,"pvw_199",500,0,0,NA,0.052,0.01,0.0934699868108281,0.00551175533917218,4.17532046085975
10,"gauss","null",5,"pvt_199",500,1,12,NA,0.12,0.048,0.121701231785002,1.33769135478067e-10,4.17532046085975
10,"gauss","null",5,"mm_199",500,1,1,NA,0.048,0.01,0.22,1.674287717576e-06,4.17532046085975
10,"gauss","null",5,"pvw_999",500,0,0,NA,0.058,0.01,0.0930256309935305,0.00490219282988092,4.17532046085975
10,"gauss","null",5,"pvt_999",500,1,9,NA,0.108,0.046,0.121020814050929,5.56445011676745e-10,4.17532046085975
10,"gauss","null",5,"mm_999",500,0,0,NA,0.056,0.012,0.338,0.00014060884567372,4.17532046085975
10,"gauss","null",6,"ols",500,0,0,NA,0.04,0.01,0.0379523404155931,0.00129782610591449,3.74070332074459
10,"gauss","null",6,"modt",500,0,0,NA,0.04,0.004,0.0453221097348107,0.00286906648203669,3.74070332074459
10,"gauss","null",6,"fl_199",500,0,0,NA,0.038,0.008,0.045,0.005,3.74070332074459
10,"gauss","null",6,"fl_999",500,0,0,NA,0.042,0.01,0.04,0.002,3.74070332074459
10,"gauss","null",6,"fl_9999",500,0,0,NA,0.042,0.01,0.0407,0.0011,3.74070332074459
10,"gauss","null",6,"pvw_199",500,0,0,NA,0.052,0.002,0.0610738771500462,0.00879223135280076,3.74070332074459
10,"gauss","null",6,"pvt_199",500,1,12,NA,0.114,0.048,0.0910579702522336,1.3110402609724e-08,3.74070332074459
10,"gauss","null",6,"mm_199",500,1,3,NA,0.044,0.01,0.24,4.99575236149321e-05,3.74070332074459
10,"gauss","null",6,"pvw_999",500,0,0,NA,0.042,0.008,0.0666954413756469,0.00787279785866863,3.74070332074459
10,"gauss","null",6,"pvt_999",500,1,11,NA,0.116,0.046,0.0859729846273429,4.95378845685425e-09,3.74070332074459
10,"gauss","null",6,"mm_999",500,0,0,NA,0.056,0.01,0.408,0.000995401988136218,3.74070332074459
10,"gauss","null",7,"ols",500,0,0,NA,0.048,0.018,0.0227307668122111,0.00168156765294443,4.13489567019067
10,"gauss","null",7,"modt",500,0,0,NA,0.052,0.008,0.0313951228790845,0.000412083288822914,4.13489567019067
10,"gauss","null",7,"fl_199",500,0,0,NA,0.034,0,0.025,0.015,4.13489567019067
10,"gauss","null",7,"fl_999",500,0,0,NA,0.048,0.006,0.024,0.006,4.13489567019067
10,"gauss","null",7,"fl_9999",500,0,0,NA,0.046,0.012,0.0269,0.0062,4.13489567019067
10,"gauss","null",7,"pvw_199",500,0,0,NA,0.046,0.002,0.0877571472825914,0.00956536454536856,4.13489567019067
10,"gauss","null",7,"pvt_199",500,1,10,NA,0.14,0.056,0.122521518747197,1.0222935700897e-08,4.13489567019067
10,"gauss","null",7,"mm_199",500,0,0,NA,0.046,0.016,0.156,0.00316987766693597,4.13489567019067
10,"gauss","null",7,"pvw_999",500,0,0,NA,0.056,0.002,0.087840020498713,0.0072333033879157,4.13489567019067
10,"gauss","null",7,"pvt_999",500,1,9,NA,0.132,0.06,0.11983269982693,1.74038317571913e-08,4.13489567019067
10,"gauss","null",7,"mm_999",500,0,0,NA,0.054,0.014,0.252,0.0027899361673582,4.13489567019067
10,"gauss","null",8,"ols",500,0,0,NA,0.026,0.004,0.0687632162915102,0.00804386167108034,3.72754668423686
10,"gauss","null",8,"modt",500,0,0,NA,0.032,0.002,0.072783455319154,0.00680972278051035,3.72754668423686
10,"gauss","null",8,"fl_199",500,0,0,NA,0.036,0,0.068,0.01,3.72754668423686
10,"gauss","null",8,"fl_999",500,0,0,NA,0.036,0,0.0710000000000001,0.011,3.72754668423686
10,"gauss","null",8,"fl_9999",500,0,0,NA,0.036,0,0.0738,0.012,3.72754668423686
10,"gauss","null",8,"pvw_199",500,0,0,NA,0.038,0,0.0407904331835515,0.0128522047984631,3.72754668423686
10,"gauss","null",8,"pvt_199",500,1,5,NA,0.092,0.04,0.0732667516167425,1.4925538614909e-05,3.72754668423686
10,"gauss","null",8,"mm_199",500,0,0,NA,0.036,0.004,0.234,0.00426238541264533,3.72754668423686
10,"gauss","null",8,"pvw_999",500,0,0,NA,0.04,0,0.0383979409901755,0.0142684435950271,3.72754668423686
10,"gauss","null",8,"pvt_999",500,1,5,NA,0.092,0.038,0.0707508589650004,2.40182246391801e-05,3.72754668423686
10,"gauss","null",8,"mm_999",500,0,0,NA,0.034,0.002,0.404,0.00788654234668407,3.72754668423686
10,"gauss","null",9,"ols",500,0,0,NA,0.058,0.006,0.0329424389849855,0.00128236283842426,3.77737472551417
10,"gauss","null",9,"modt",500,0,0,NA,0.056,0.01,0.0314022827947888,0.00515986343275165,3.77737472551417
10,"gauss","null",9,"fl_199",500,0,0,NA,0.048,0.004,0.032,0.005,3.77737472551417
10,"gauss","null",9,"fl_999",500,0,0,NA,0.056,0.006,0.036,0.001,3.77737472551417
10,"gauss","null",9,"fl_9999",500,0,0,NA,0.056,0.01,0.036,6e-04,3.77737472551417
10,"gauss","null",9,"pvw_199",500,0,0,NA,0.064,0,0.0970266914251106,0.0125243593774771,3.77737472551417
10,"gauss","null",9,"pvt_199",500,1,19,NA,0.148,0.064,0.115969196628051,1.28625295018994e-08,3.77737472551417
10,"gauss","null",9,"mm_199",500,0,0,NA,0.05,0.01,0.242,0.000518367537848975,3.77737472551417
10,"gauss","null",9,"pvw_999",500,0,0,NA,0.066,0.002,0.0926327893557065,0.00684322597245326,3.77737472551417
10,"gauss","null",9,"pvt_999",500,1,17,NA,0.148,0.068,0.111524204567186,5.88490727330687e-09,3.77737472551417
10,"gauss","null",9,"mm_999",500,0,0,NA,0.062,0.01,0.36,0.000211250054341569,3.77737472551417
10,"gauss","null",10,"ols",500,0,0,NA,0.06,0.006,0.0373155195719497,0.00121658026888133,4.16617414578206
10,"gauss","null",10,"modt",500,0,0,NA,0.058,0.01,0.0360691013886615,0.00382689673197668,4.16617414578206
10,"gauss","null",10,"fl_199",500,0,0,NA,0.05,0.006,0.033,0.005,4.16617414578206
10,"gauss","null",10,"fl_999",500,0,0,NA,0.06,0.004,0.039,0.002,4.16617414578206
10,"gauss","null",10,"fl_9999",500,0,0,NA,0.056,0.008,0.0372,0.0015,4.16617414578206
10,"gauss","null",10,"pvw_199",500,0,0,NA,0.058,0.002,0.0850822295647037,0.00514345628853577,4.16617414578206
10,"gauss","null",10,"pvt_199",500,1,15,NA,0.128,0.06,0.116319272755219,3.48568643873372e-09,4.16617414578206
10,"gauss","null",10,"mm_199",500,1,1,NA,0.054,0.012,0.23,2.51063718955089e-05,4.16617414578206
10,"gauss","null",10,"pvw_999",500,0,0,NA,0.062,0.002,0.0855721480542819,0.00679620303083391,4.16617414578206
10,"gauss","null",10,"pvt_999",500,1,16,NA,0.128,0.064,0.119553701827718,2.78412901033936e-09,4.16617414578206
10,"gauss","null",10,"mm_999",500,0,0,NA,0.066,0.01,0.396,0.00234685177248499,4.16617414578206
10,"gauss","null",11,"ols",500,0,0,NA,0.066,0.012,0.0277962168002052,0.00140649839277544,3.92390244327388
10,"gauss","null",11,"modt",500,0,0,NA,0.062,0.01,0.0195205859052319,0.00014347416317355,3.92390244327388
10,"gauss","null",11,"fl_199",500,0,0,NA,0.062,0.002,0.032,0.005,3.92390244327388
10,"gauss","null",11,"fl_999",500,0,0,NA,0.068,0.006,0.03,0.001,3.92390244327388
10,"gauss","null",11,"fl_9999",500,0,0,NA,0.064,0.01,0.0299,3e-04,3.92390244327388
10,"gauss","null",11,"pvw_199",500,0,0,NA,0.084,0.006,0.0657535946351819,0.00635538968916127,3.92390244327388
10,"gauss","null",11,"pvt_199",500,1,26,NA,0.146,0.078,0.103820307598822,2.03391218624496e-08,3.92390244327388
10,"gauss","null",11,"mm_199",500,1,1,NA,0.068,0.008,0.222,7.62353579900565e-06,3.92390244327388
10,"gauss","null",11,"pvw_999",500,0,0,NA,0.08,0.004,0.0688968788230102,0.00700935053226302,3.92390244327388
10,"gauss","null",11,"pvt_999",500,1,20,NA,0.146,0.08,0.10305475045677,1.75421397040737e-08,3.92390244327388
10,"gauss","null",11,"mm_999",500,0,0,NA,0.072,0.006,0.4,0.000179696390262347,3.92390244327388
10,"gauss","null",12,"ols",500,0,0,NA,0.042,0.006,0.0380681978117542,0.00107996822534545,4.27333484392026
10,"gauss","null",12,"modt",500,0,0,NA,0.044,0.006,0.0371779700250082,0.00201699336944654,4.27333484392026
10,"gauss","null",12,"fl_199",500,0,0,NA,0.038,0.006,0.034,0.005,4.27333484392026
10,"gauss","null",12,"fl_999",500,0,0,NA,0.044,0.006,0.038,0.001,4.27333484392026
10,"gauss","null",12,"fl_9999",500,0,0,NA,0.048,0.006,0.038,0.0012,4.27333484392026
10,"gauss","null",12,"pvw_199",500,0,0,NA,0.044,0,0.0706857404739282,0.0125385392696262,4.27333484392026
10,"gauss","null",12,"pvt_199",500,1,10,NA,0.122,0.052,0.098255582212451,3.46236911447866e-10,4.27333484392026
10,"gauss","null",12,"mm_199",500,0,0,NA,0.04,0.006,0.174,0.000765063081988173,4.27333484392026
10,"gauss","null",12,"pvw_999",500,0,0,NA,0.046,0.002,0.0686120509475905,0.00833444589284481,4.27333484392026
10,"gauss","null",12,"pvt_999",500,1,11,NA,0.114,0.05,0.0975934868903024,7.04227848679299e-10,4.27333484392026
10,"gauss","null",12,"mm_999",500,0,0,NA,0.052,0.006,0.326,0.000644656485040264,4.27333484392026
10,"gauss","null",13,"ols",500,0,0,NA,0.06,0.008,0.029573574944692,0.00656594215235514,4.07701700238504
10,"gauss","null",13,"modt",500,0,0,NA,0.046,0.008,0.0313803599604085,0.00510398053551919,4.07701700238504
10,"gauss","null",13,"fl_199",500,0,0,NA,0.064,0,0.037,0.01,4.07701700238504
10,"gauss","null",13,"fl_999",500,0,0,NA,0.06,0.008,0.039,0.003,4.07701700238504
10,"gauss","null",13,"fl_9999",500,0,0,NA,0.062,0.008,0.0296,0.0031,4.07701700238504
10,"gauss","null",13,"pvw_199",500,0,0,NA,0.076,0.004,0.0800001394117447,0.00772461458765692,4.07701700238504
10,"gauss","null",13,"pvt_199",500,1,19,NA,0.132,0.066,0.0944051186506489,1.58088669680698e-05,4.07701700238504
10,"gauss","null",13,"mm_199",500,0,0,NA,0.066,0.01,0.238,0.00464162057172502,4.07701700238504
10,"gauss","null",13,"pvw_999",500,0,0,NA,0.066,0,0.0806467871471016,0.0130205469059807,4.07701700238504
10,"gauss","null",13,"pvt_999",500,1,13,NA,0.13,0.068,0.0933824030042313,1.12730226602776e-05,4.07701700238504
10,"gauss","null",13,"mm_999",500,0,0,NA,0.062,0.006,0.386,0.00187749427875627,4.07701700238504
10,"gauss","null",14,"ols",500,1,1,NA,0.052,0.01,0.0407237651024668,3.89292325505646e-07,3.97094899696283
10,"gauss","null",14,"modt",500,0,0,NA,0.048,0.008,0.0382566686992468,0.000264791653419517,3.97094899696283
10,"gauss","null",14,"fl_199",500,0,0,NA,0.048,0.002,0.05,0.005,3.97094899696283
10,"gauss","null",14,"fl_999",500,0,0,NA,0.054,0.004,0.046,0.001,3.97094899696283
10,"gauss","null",14,"fl_9999",500,1,1,NA,0.052,0.012,0.0462,1e-04,3.97094899696283
10,"gauss","null",14,"pvw_199",500,0,0,NA,0.056,0.004,0.0624676663044226,0.00374701694744105,3.97094899696283
10,"gauss","null",14,"pvt_199",500,1,12,NA,0.136,0.06,0.104889094808735,1.07856671382918e-95,3.97094899696283
10,"gauss","null",14,"mm_199",500,1,1,NA,0.054,0.006,0.178,4.7474404832947e-16,3.97094899696283
10,"gauss","null",14,"pvw_999",500,0,0,NA,0.06,0.004,0.0627259530964137,0.00255127831047413,3.97094899696283
10,"gauss","null",14,"pvt_999",500,1,12,NA,0.136,0.06,0.0997700310186935,1.14525682968083e-93,3.97094899696283
10,"gauss","null",14,"mm_999",500,1,1,NA,0.054,0.008,0.296,5.64242269654389e-09,3.97094899696283
10,"gauss","null",15,"ols",500,0,0,NA,0.054,0.01,0.0309931164239907,0.000417082185481307,3.6672660987727
10,"gauss","null",15,"modt",500,0,0,NA,0.05,0.008,0.0314013886400513,0.00101994134899084,3.6672660987727
10,"gauss","null",15,"fl_199",500,0,0,NA,0.034,0.004,0.035,0.005,3.6672660987727
10,"gauss","null",15,"fl_999",500,0,0,NA,0.056,0.012,0.034,0.001,3.6672660987727
10,"gauss","null",15,"fl_9999",500,0,0,NA,0.052,0.008,0.0302,5e-04,3.6672660987727
10,"gauss","null",15,"pvw_199",500,0,0,NA,0.056,0.002,0.0745003875222057,0.00811673405122486,3.6672660987727
10,"gauss","null",15,"pvt_199",500,1,12,NA,0.132,0.066,0.108296061850231,1.09020129679991e-11,3.6672660987727
10,"gauss","null",15,"mm_199",500,0,0,NA,0.036,0.008,0.242,0.000174147908850157,3.6672660987727
10,"gauss","null",15,"pvw_999",500,0,0,NA,0.064,0.002,0.0726330527934801,0.00604142589875328,3.6672660987727
10,"gauss","null",15,"pvt_999",500,1,10,NA,0.128,0.068,0.105512515242179,2.19079421644811e-12,3.6672660987727
10,"gauss","null",15,"mm_999",500,0,0,NA,0.056,0.01,0.418,0.000197485499712372,3.6672660987727
10,"gauss","null",16,"ols",500,0,0,NA,0.056,0.014,0.0562436332109274,0.000986898681311029,3.51600067031156
10,"gauss","null",16,"modt",500,0,0,NA,0.066,0.008,0.0603074689610552,0.00217388568782566,3.51600067031156
10,"gauss","null",16,"fl_199",500,0,0,NA,0.048,0.01,0.055,0.005,3.51600067031156
10,"gauss","null",16,"fl_999",500,0,0,NA,0.054,0.016,0.0639999999999999,0.001,3.51600067031156
10,"gauss","null",16,"fl_9999",500,0,0,NA,0.056,0.016,0.0581,3e-04,3.51600067031156
10,"gauss","null",16,"pvw_199",500,0,0,NA,0.066,0.006,0.118203971823589,0.00532340016708934,3.51600067031156
10,"gauss","null",16,"pvt_199",500,1,14,NA,0.134,0.068,0.134013974884016,4.07090721352893e-10,3.51600067031156
10,"gauss","null",16,"mm_199",500,1,1,NA,0.068,0.018,0.17,5.80915095132477e-06,3.51600067031156
10,"gauss","null",16,"pvw_999",500,0,0,NA,0.06,0.006,0.120965951258519,0.00768804077087665,3.51600067031156
10,"gauss","null",16,"pvt_999",500,1,13,NA,0.14,0.068,0.136319902787425,1.86910731928301e-10,3.51600067031156
10,"gauss","null",16,"mm_999",500,1,1,NA,0.062,0.018,0.326,6.19612910271276e-05,3.51600067031156
10,"gauss","null",17,"ols",500,0,0,NA,0.056,0.006,0.051307019324723,0.00118751356400723,3.63213471750341
10,"gauss","null",17,"modt",500,0,0,NA,0.056,0.006,0.0479629126599868,0.00308936623290296,3.63213471750341
10,"gauss","null",17,"fl_199",500,0,0,NA,0.056,0.008,0.048,0.005,3.63213471750341
10,"gauss","null",17,"fl_999",500,0,0,NA,0.052,0.008,0.0549999999999999,0.003,3.63213471750341
10,"gauss","null",17,"fl_9999",500,0,0,NA,0.05,0.006,0.0507,0.0026,3.63213471750341
10,"gauss","null",17,"pvw_199",500,0,0,NA,0.068,0.008,0.109958984726714,0.00256018115679548,3.63213471750341
10,"gauss","null",17,"pvt_199",500,1,14,NA,0.128,0.06,0.122651896549467,1.36321344911385e-09,3.63213471750341
10,"gauss","null",17,"mm_199",500,0,0,NA,0.06,0.012,0.15,0.00124638571048515,3.63213471750341
10,"gauss","null",17,"pvw_999",500,0,0,NA,0.07,0.004,0.111828838307156,0.00566517741946274,3.63213471750341
10,"gauss","null",17,"pvt_999",500,1,12,NA,0.132,0.066,0.125927911294973,6.20302853503388e-10,3.63213471750341
10,"gauss","null",17,"mm_999",500,0,0,NA,0.064,0.008,0.286,0.00196869850107428,3.63213471750341
10,"gauss","null",18,"ols",500,0,0,NA,0.054,0.006,0.0384336454233437,0.000256158661213319,3.60001018517354
10,"gauss","null",18,"modt",500,0,0,NA,0.058,0.004,0.0388096080971214,0.00124426345930931,3.60001018517354
10,"gauss","null",18,"fl_199",500,0,0,NA,0.052,0.006,0.0419999999999999,0.005,3.60001018517354
10,"gauss","null",18,"fl_999",500,0,0,NA,0.05,0.008,0.0459999999999999,0.001,3.60001018517354
10,"gauss","null",18,"fl_9999",500,0,0,NA,0.054,0.008,0.039,8e-04,3.60001018517354
10,"gauss","null",18,"pvw_199",500,0,0,NA,0.07,0.002,0.076177032592785,0.00473168009691924,3.60001018517354
10,"gauss","null",18,"pvt_199",500,1,10,NA,0.136,0.06,0.113667271413909,2.55064246674436e-15,3.60001018517354
10,"gauss","null",18,"mm_199",500,0,0,NA,0.058,0.016,0.234,0.000373010387756013,3.60001018517354
10,"gauss","null",18,"pvw_999",500,0,0,NA,0.06,0.004,0.0677550627043082,0.00504638486657974,3.60001018517354
10,"gauss","null",18,"pvt_999",500,1,11,NA,0.126,0.056,0.111341163604206,6.38564867233699e-15,3.60001018517354
10,"gauss","null",18,"mm_999",500,0,0,NA,0.06,0.01,0.424,0.000252789094784782,3.60001018517354
10,"gauss","null",19,"ols",500,0,0,NA,0.05,0.014,0.0469468147444624,0.000683475617327102,4.01570294289469
10,"gauss","null",19,"modt",500,0,0,NA,0.042,0.022,0.04589201029899,0.000278601444831912,4.01570294289469
10,"gauss","null",19,"fl_199",500,0,0,NA,0.044,0.008,0.0590000000000001,0.005,4.01570294289469
10,"gauss","null",19,"fl_999",500,0,0,NA,0.048,0.004,0.042,0.006,4.01570294289469
10,"gauss","null",19,"fl_9999",500,0,0,NA,0.052,0.012,0.0468000000000001,0.0031,4.01570294289469
10,"gauss","null",19,"pvw_199",500,0,0,NA,0.054,0.006,0.0553748927010915,0.00559372613488536,4.01570294289469
10,"gauss","null",19,"pvt_199",500,1,16,NA,0.11,0.052,0.0810615594591969,6.42230866446785e-10,4.01570294289469
10,"gauss","null",19,"mm_199",500,0,0,NA,0.048,0.022,0.16,0.000460826648129542,4.01570294289469
10,"gauss","null",19,"pvw_999",500,0,0,NA,0.052,0.006,0.0587653294708215,0.00725460205352064,4.01570294289469
10,"gauss","null",19,"pvt_999",500,1,19,NA,0.114,0.052,0.0841069088186303,1.18065023996663e-10,4.01570294289469
10,"gauss","null",19,"mm_999",500,0,0,NA,0.046,0.008,0.306,0.00295514786583973,4.01570294289469
10,"gauss","null",20,"ols",500,0,0,NA,0.04,0.012,0.025763655967103,0.00611384240538284,4.3453149939874
10,"gauss","null",20,"modt",500,0,0,NA,0.04,0.012,0.0261208801472868,0.00192379513327677,4.3453149939874
10,"gauss","null",20,"fl_199",500,0,0,NA,0.042,0,0.027,0.01,4.3453149939874
10,"gauss","null",20,"fl_999",500,0,0,NA,0.04,0.008,0.028,0.005,4.3453149939874
10,"gauss","null",20,"fl_9999",500,0,0,NA,0.042,0.01,0.0253,0.004,4.3453149939874
10,"gauss","null",20,"pvw_199",500,0,0,NA,0.05,0.002,0.0712768668483338,0.00986270462648584,4.3453149939874
10,"gauss","null",20,"pvt_199",500,1,12,NA,0.114,0.048,0.0995504037508463,6.12572024071038e-06,4.3453149939874
10,"gauss","null",20,"mm_199",500,0,0,NA,0.044,0.01,0.222,0.00412710540994122,4.3453149939874
10,"gauss","null",20,"pvw_999",500,0,0,NA,0.042,0,0.0766560307777945,0.0145110662005716,4.3453149939874
10,"gauss","null",20,"pvt_999",500,1,11,NA,0.108,0.05,0.103741372365573,6.44760450855345e-06,4.3453149939874
10,"gauss","null",20,"mm_999",500,0,0,NA,0.042,0.008,0.386,0.00446113633229032,4.3453149939874
20,"gauss","null",1,"ols",500,0,0,NA,0.042,0.006,0.0254595925994935,0.000112103095265806,3.4957765528944
20,"gauss","null",1,"modt",500,0,0,NA,0.046,0.006,0.0254633628188878,0.000306583629219155,3.4957765528944
20,"gauss","null",1,"fl_199",500,0,0,NA,0.032,0.004,0.03,0.005,3.4957765528944
20,"gauss","null",1,"fl_999",500,0,0,NA,0.042,0.004,0.025,0.001,3.4957765528944
20,"gauss","null",1,"fl_9999",500,1,1,NA,0.046,0.006,0.0268,1e-04,3.4957765528944
20,"gauss","null",1,"pvw_199",500,0,0,NA,0.044,0.006,0.0570470244501053,0.000621228051976783,3.4957765528944
20,"gauss","null",1,"pvt_199",500,1,1,NA,0.08,0.018,0.0705687493328108,3.65802411093422e-08,3.4957765528944
20,"gauss","null",1,"mm_199",500,1,1,NA,0.04,0.008,0.114,2.17473274129895e-05,3.4957765528944
20,"gauss","null",1,"pvw_999",500,0,0,NA,0.046,0.004,0.0555700284432895,0.000844878474329675,3.4957765528944
20,"gauss","null",1,"pvt_999",500,1,1,NA,0.074,0.018,0.0712187156832764,1.20406199715114e-07,3.4957765528944
20,"gauss","null",1,"mm_999",500,1,1,NA,0.04,0.006,0.208,5.01852985587465e-05,3.4957765528944
20,"gauss","null",2,"ols",500,0,0,NA,0.044,0.004,0.0358539471565152,0.00228351194307093,4.274665686146
20,"gauss","null",2,"modt",500,0,0,NA,0.042,0.006,0.0405686255241255,0.00159341276683139,4.274665686146
20,"gauss","null",2,"fl_199",500,0,0,NA,0.046,0.002,0.043,0.005,4.274665686146
20,"gauss","null",2,"fl_999",500,0,0,NA,0.048,0.004,0.036,0.003,4.274665686146
20,"gauss","null",2,"fl_9999",500,0,0,NA,0.044,0.006,0.034,0.003,4.274665686146
20,"gauss","null",2,"pvw_199",500,0,0,NA,0.048,0.002,0.0258435025684609,0.00524517817531978,4.274665686146
20,"gauss","null",2,"pvt_199",500,1,1,NA,0.076,0.02,0.0343147058235803,7.35372045038035e-05,4.274665686146
20,"gauss","null",2,"mm_199",500,0,0,NA,0.046,0.006,0.116,0.00164778398358951,4.274665686146
20,"gauss","null",2,"pvw_999",500,0,0,NA,0.048,0.002,0.0279216418301327,0.00339616575523113,4.274665686146
20,"gauss","null",2,"pvt_999",500,0,0,NA,0.076,0.018,0.0384765906009947,0.000163061273802465,4.274665686146
20,"gauss","null",2,"mm_999",500,0,0,NA,0.048,0.006,0.248,0.00151508172559426,4.274665686146
20,"gauss","null",3,"ols",500,0,0,NA,0.058,0.014,0.0509052080105138,0.0049913305972722,4.56945333007049
20,"gauss","null",3,"modt",500,0,0,NA,0.052,0.008,0.0514975430462298,0.00335823719662577,4.56945333007049
20,"gauss","null",3,"fl_199",500,0,0,NA,0.04,0.006,0.0439999999999999,0.005,4.56945333007049
20,"gauss","null",3,"fl_999",500,0,0,NA,0.054,0.012,0.048,0.004,4.56945333007049
20,"gauss","null",3,"fl_9999",500,0,0,NA,0.058,0.014,0.0478999999999999,0.0044,4.56945333007049
20,"gauss","null",3,"pvw_199",500,0,0,NA,0.062,0.01,0.0764295277257006,0.00445308886453765,4.56945333007049
20,"gauss","null",3,"pvt_199",500,0,0,NA,0.088,0.026,0.0804905379604458,0.000402292902170195,4.56945333007049
20,"gauss","null",3,"mm_199",500,0,0,NA,0.052,0.014,0.138,0.00143843204111355,4.56945333007049
20,"gauss","null",3,"pvw_999",500,0,0,NA,0.058,0.01,0.0785981972017077,0.00646828140745632,4.56945333007049
20,"gauss","null",3,"pvt_999",500,0,0,NA,0.09,0.026,0.0826484668508863,0.000631391588300046,4.56945333007049
20,"gauss","null",3,"mm_999",500,0,0,NA,0.056,0.014,0.214,0.00227704213857333,4.56945333007049
20,"gauss","null",4,"ols",500,0,0,NA,0.036,0.008,0.0308042716786653,0.00158703381314325,4.12471853670091
20,"gauss","null",4,"modt",500,0,0,NA,0.034,0.008,0.0301100611827577,0.00178316985581781,4.12471853670091
20,"gauss","null",4,"fl_199",500,0,0,NA,0.03,0.004,0.03,0.005,4.12471853670091
20,"gauss","null",4,"fl_999",500,0,0,NA,0.036,0.004,0.029,0.001,4.12471853670091
20,"gauss","null",4,"fl_9999",500,0,0,NA,0.036,0.008,0.0294,0.0019,4.12471853670091
20,"gauss","null",4,"pvw_199",500,0,0,NA,0.032,0.006,0.0389258750581888,0.00273954492185273,4.12471853670091
20,"gauss","null",4,"pvt_199",500,1,1,NA,0.068,0.018,0.048074663950516,4.84065542316097e-05,4.12471853670091
20,"gauss","null",4,"mm_199",500,0,0,NA,0.034,0.006,0.114,0.00034743756391491,4.12471853670091
20,"gauss","null",4,"pvw_999",500,0,0,NA,0.036,0.004,0.0373972313841776,0.00410231460863536,4.12471853670091
20,"gauss","null",4,"pvt_999",500,1,2,NA,0.076,0.014,0.0406740459538862,0.000115326447078636,4.12471853670091
20,"gauss","null",4,"mm_999",500,0,0,NA,0.034,0.004,0.242,0.000524172911945441,4.12471853670091
20,"gauss","null",5,"ols",500,0,0,NA,0.04,0.01,0.0203834093417113,0.000374381144246722,4.29107777186244
20,"gauss","null",5,"modt",500,0,0,NA,0.034,0.008,0.0165919049889901,0.000981906892809357,4.29107777186244
20,"gauss","null",5,"fl_199",500,0,0,NA,0.04,0.004,0.027,0.005,4.29107777186244
20,"gauss","null",5,"fl_999",500,0,0,NA,0.036,0.006,0.022,0.002,4.29107777186244
20,"gauss","null",5,"fl_9999",500,0,0,NA,0.038,0.006,0.0198,7e-04,4.29107777186244
20,"gauss","null",5,"pvw_199",500,0,0,NA,0.046,0.006,0.0474058107943058,0.00112402034800473,4.29107777186244
20,"gauss","null",5,"pvt_199",500,1,1,NA,0.07,0.028,0.0615293495964412,1.74863708775269e-06,4.29107777186244
20,"gauss","null",5,"mm_199",500,0,0,NA,0.044,0.01,0.13,0.000218594291834479,4.29107777186244
20,"gauss","null",5,"pvw_999",500,0,0,NA,0.04,0.004,0.0488393024604606,0.00183526474746077,4.29107777186244
20,"gauss","null",5,"pvt_999",500,1,1,NA,0.068,0.018,0.0555024913908574,4.04874479442027e-06,4.29107777186244
20,"gauss","null",5,"mm_999",500,0,0,NA,0.038,0.004,0.25,0.000466705365680385,4.29107777186244
20,"gauss","null",6,"ols",500,0,0,NA,0.048,0.008,0.0365306203135988,0.000491583908840462,4.07961230618709
20,"gauss","null",6,"modt",500,0,0,NA,0.048,0.01,0.0375636086368598,0.00279786762861875,4.07961230618709
20,"gauss","null",6,"fl_199",500,0,0,NA,0.04,0.002,0.043,0.005,4.07961230618709
20,"gauss","null",6,"fl_999",500,0,0,NA,0.042,0.008,0.034,0.002,4.07961230618709
20,"gauss","null",6,"fl_9999",500,0,0,NA,0.048,0.008,0.0356000000000001,5e-04,4.07961230618709
20,"gauss","null",6,"pvw_199",500,0,0,NA,0.044,0.004,0.0227005854758561,0.0022518820281221,4.07961230618709
20,"gauss","null",6,"pvt_199",500,1,2,NA,0.086,0.018,0.0434772363087829,6.51288161923685e-06,4.07961230618709
20,"gauss","null",6,"mm_199",500,0,0,NA,0.042,0.012,0.118,0.00180784406418736,4.07961230618709
20,"gauss","null",6,"pvw_999",500,0,0,NA,0.052,0.004,0.025421875175546,0.00227524470933764,4.07961230618709
20,"gauss","null",6,"pvt_999",500,1,1,NA,0.088,0.022,0.0483521972757209,1.38259979714831e-05,4.07961230618709
20,"gauss","null",6,"mm_999",500,0,0,NA,0.044,0.01,0.238,0.000886395260005233,4.07961230618709
20,"gauss","null",7,"ols",500,0,0,NA,0.07,0.014,0.0442851413308131,0.000195749373065811,4.16738614155731
20,"gauss","null",7,"modt",500,1,1,NA,0.068,0.014,0.0452266719894701,7.72875133690072e-05,4.16738614155731
20,"gauss","null",7,"fl_199",500,0,0,NA,0.058,0.012,0.047,0.005,4.16738614155731
20,"gauss","null",7,"fl_999",500,0,0,NA,0.064,0.012,0.049,0.001,4.16738614155731
20,"gauss","null",7,"fl_9999",500,0,0,NA,0.068,0.012,0.0451,3e-04,4.16738614155731
20,"gauss","null",7,"pvw_199",500,0,0,NA,0.08,0.008,0.0624633862593937,0.00089103085214765,4.16738614155731
20,"gauss","null",7,"pvt_199",500,1,2,NA,0.12,0.03,0.0771229959452948,6.132274804455e-08,4.16738614155731
20,"gauss","null",7,"mm_199",500,1,3,NA,0.072,0.02,0.126,1.47873312639739e-05,4.16738614155731
20,"gauss","null",7,"pvw_999",500,0,0,NA,0.076,0.01,0.0606049313156873,0.000843608986453511,4.16738614155731
20,"gauss","null",7,"pvt_999",500,1,2,NA,0.112,0.028,0.0748190709171264,4.04998448894386e-07,4.16738614155731
20,"gauss","null",7,"mm_999",500,1,2,NA,0.066,0.01,0.21,1.30652581651192e-05,4.16738614155731
20,"gauss","null",8,"ols",500,0,0,NA,0.054,0.02,0.0235128241135824,0.000606528362865246,3.8586180415645
20,"gauss","null",8,"modt",500,0,0,NA,0.062,0.02,0.0200365331230233,0.00135879024335766,3.8586180415645
20,"gauss","null",8,"fl_199",500,0,0,NA,0.046,0.016,0.019,0.005,3.8586180415645
20,"gauss","null",8,"fl_999",500,0,0,NA,0.06,0.02,0.026,0.002,3.8586180415645
20,"gauss","null",8,"fl_9999",500,0,0,NA,0.054,0.02,0.0236,6e-04,3.8586180415645
20,"gauss","null",8,"pvw_199",500,0,0,NA,0.054,0.018,0.0516801256219021,0.00230246323906179,3.8586180415645
20,"gauss","null",8,"pvt_199",500,1,8,NA,0.092,0.036,0.0645731967465285,1.9473874860897e-05,3.8586180415645
20,"gauss","null",8,"mm_199",500,1,2,NA,0.056,0.024,0.122,2.93097976287974e-05,3.8586180415645
20,"gauss","null",8,"pvw_999",500,0,0,NA,0.06,0.018,0.0508388872041968,0.00219363554129663,3.8586180415645
20,"gauss","null",8,"pvt_999",500,1,7,NA,0.084,0.032,0.0681839147093235,1.67846005837093e-05,3.8586180415645
20,"gauss","null",8,"mm_999",500,0,0,NA,0.058,0.024,0.234,0.00070463473417977,3.8586180415645
20,"gauss","null",9,"ols",500,0,0,NA,0.048,0.012,0.0247538798287924,0.00224325072851174,4.13424804463566
20,"gauss","null",9,"modt",500,0,0,NA,0.048,0.006,0.0266735006368021,0.000717796434797953,4.13424804463566
20,"gauss","null",9,"fl_199",500,0,0,NA,0.048,0.008,0.024,0.005,4.13424804463566
20,"gauss","null",9,"fl_999",500,0,0,NA,0.044,0.016,0.026,0.004,4.13424804463566
20,"gauss","null",9,"fl_9999",500,0,0,NA,0.048,0.014,0.0244,0.0024,4.13424804463566
20,"gauss","null",9,"pvw_199",500,0,0,NA,0.054,0.012,0.0347251748151091,0.00404496419004844,4.13424804463566
20,"gauss","null",9,"pvt_199",500,0,0,NA,0.078,0.034,0.0580862734647792,0.000158321518622117,4.13424804463566
20,"gauss","null",9,"mm_199",500,0,0,NA,0.05,0.024,0.092,0.000479559743692139,4.13424804463566
20,"gauss","null",9,"pvw_999",500,0,0,NA,0.052,0.01,0.0326256426541531,0.00369811150321482,4.13424804463566
20,"gauss","null",9,"pvt_999",500,0,0,NA,0.08,0.03,0.0522434295135569,0.000123133942364612,4.13424804463566
20,"gauss","null",9,"mm_999",500,0,0,NA,0.044,0.012,0.216,0.00301908630136772,4.13424804463566
20,"gauss","null",10,"ols",500,0,0,NA,0.028,0.002,0.0543413786757352,0.00599146238562373,4.30934522434802
20,"gauss","null",10,"modt",500,0,0,NA,0.04,0.002,0.0551621494378276,0.0048790335909774,4.30934522434802
20,"gauss","null",10,"fl_199",500,0,0,NA,0.022,0,0.0639999999999999,0.015,4.30934522434802
20,"gauss","null",10,"fl_999",500,0,0,NA,0.022,0.002,0.0549999999999999,0.007,4.30934522434802
20,"gauss","null",10,"fl_9999",500,0,0,NA,0.026,0.002,0.0542,0.0053,4.30934522434802
20,"gauss","null",10,"pvw_199",500,0,0,NA,0.036,0.004,0.037362749445124,0.00782789436085302,4.30934522434802
20,"gauss","null",10,"pvt_199",500,0,0,NA,0.068,0.012,0.0349741294879257,0.00102344021987273,4.30934522434802
20,"gauss","null",10,"mm_199",500,0,0,NA,0.03,0.006,0.142,0.00613436486607485,4.30934522434802
20,"gauss","null",10,"pvw_999",500,0,0,NA,0.034,0.002,0.0330982150533561,0.00850231034939093,4.30934522434802
20,"gauss","null",10,"pvt_999",500,0,0,NA,0.068,0.008,0.0391777916799279,0.00132351886018565,4.30934522434802
20,"gauss","null",10,"mm_999",500,0,0,NA,0.024,0.002,0.238,0.00450324218728602,4.30934522434802
20,"gauss","null",11,"ols",500,0,0,NA,0.054,0.018,0.0222824365335255,0.00186841739510433,3.66874775550959
20,"gauss","null",11,"modt",500,0,0,NA,0.05,0.02,0.0244981455796491,0.00139591986040865,3.66874775550959
20,"gauss","null",11,"fl_199",500,0,0,NA,0.052,0.01,0.029,0.005,3.66874775550959
20,"gauss","null",11,"fl_999",500,0,0,NA,0.056,0.018,0.022,0.001,3.66874775550959
20,"gauss","null",11,"fl_9999",500,0,0,NA,0.054,0.018,0.0237,0.0018,3.66874775550959
20,"gauss","null",11,"pvw_199",500,0,0,NA,0.06,0.016,0.0548054808618518,0.00233688013408654,3.66874775550959
20,"gauss","null",11,"pvt_199",500,1,3,NA,0.082,0.03,0.0636141702278917,6.69377189319255e-05,3.66874775550959
20,"gauss","null",11,"mm_199",500,0,0,NA,0.06,0.018,0.142,0.000496488921139404,3.66874775550959
20,"gauss","null",11,"pvw_999",500,0,0,NA,0.054,0.016,0.0546314552906398,0.00333924245695424,3.66874775550959
20,"gauss","null",11,"pvt_999",500,1,6,NA,0.088,0.028,0.0601647796710579,7.39661445978826e-05,3.66874775550959
20,"gauss","null",11,"mm_999",500,0,0,NA,0.054,0.016,0.24,0.000232401105976135,3.66874775550959
20,"gauss","null",12,"ols",500,0,0,NA,0.04,0.008,0.0243852523355268,0.000175532006158665,4.3999543968523
20,"gauss","null",12,"modt",500,0,0,NA,0.046,0.014,0.0238736127715492,0.000498434301015136,4.3999543968523
20,"gauss","null",12,"fl_199",500,0,0,NA,0.04,0.008,0.03,0.005,4.3999543968523
20,"gauss","null",12,"fl_999",500,0,0,NA,0.044,0.01,0.024,0.001,4.3999543968523
20,"gauss","null",12,"fl_9999",500,0,0,NA,0.04,0.01,0.0286,2e-04,4.3999543968523
20,"gauss","null",12,"pvw_199",500,0,0,NA,0.05,0.008,0.0532968587958089,0.000906789029731359,4.3999543968523
20,"gauss","null",12,"pvt_199",500,1,3,NA,0.082,0.02,0.0698849566264713,1.75860549344352e-07,4.3999543968523
20,"gauss","null",12,"mm_199",500,1,2,NA,0.044,0.014,0.132,3.85141424949248e-06,4.3999543968523
20,"gauss","null",12,"pvw_999",500,0,0,NA,0.044,0.008,0.0522452720145251,0.00103668281788309,4.3999543968523
20,"gauss","null",12,"pvt_999",500,1,2,NA,0.078,0.024,0.0671703740991355,3.34719206362666e-07,4.3999543968523
20,"gauss","null",12,"mm_999",500,1,1,NA,0.04,0.012,0.244,4.09708603917262e-05,4.3999543968523
20,"gauss","null",13,"ols",500,0,0,NA,0.044,0.004,0.0289298417890289,0.000635211394814267,4.15731602156067
20,"gauss","null",13,"modt",500,0,0,NA,0.048,0.006,0.0262824130063433,0.000501627341122579,4.15731602156067
20,"gauss","null",13,"fl_199",500,0,0,NA,0.042,0.002,0.027,0.005,4.15731602156067
20,"gauss","null",13,"fl_999",500,0,0,NA,0.036,0.006,0.032,0.001,4.15731602156067
20,"gauss","null",13,"fl_9999",500,0,0,NA,0.042,0.004,0.0273,6e-04,4.15731602156067
20,"gauss","null",13,"pvw_199",500,0,0,NA,0.048,0.004,0.0522958703237389,0.00193876854705012,4.15731602156067
20,"gauss","null",13,"pvt_199",500,1,2,NA,0.094,0.02,0.0746597629261757,1.07145758021521e-05,4.15731602156067
20,"gauss","null",13,"mm_199",500,0,0,NA,0.044,0.004,0.126,0.0016124741844521,4.15731602156067
20,"gauss","null",13,"pvw_999",500,0,0,NA,0.052,0.004,0.05106756683486,0.00182660165336534,4.15731602156067
20,"gauss","null",13,"pvt_999",500,1,2,NA,0.08,0.016,0.0692546035824983,6.39306549486763e-06,4.15731602156067
20,"gauss","null",13,"mm_999",500,0,0,NA,0.038,0.004,0.208,0.000907323803867618,4.15731602156067
20,"gauss","null",14,"ols",500,0,0,NA,0.036,0.004,0.0485415702061335,0.00150348880144923,3.96665803318117
20,"gauss","null",14,"modt",500,0,0,NA,0.036,0.006,0.0484311507925109,0.000639574582424823,3.96665803318117
20,"gauss","null",14,"fl_199",500,0,0,NA,0.04,0.002,0.057,0.005,3.96665803318117
20,"gauss","null",14,"fl_999",500,0,0,NA,0.036,0.004,0.048,0.001,3.96665803318117
20,"gauss","null",14,"fl_9999",500,0,0,NA,0.034,0.004,0.0501,0.0015,3.96665803318117
20,"gauss","null",14,"pvw_199",500,0,0,NA,0.042,0.006,0.0227094932460386,0.00310855013391574,3.96665803318117
20,"gauss","null",14,"pvt_199",500,1,2,NA,0.058,0.016,0.0274854327873898,5.94874270406635e-05,3.96665803318117
20,"gauss","null",14,"mm_199",500,1,1,NA,0.042,0.006,0.13,1.92748334197455e-05,3.96665803318117
20,"gauss","null",14,"pvw_999",500,0,0,NA,0.036,0.004,0.0218820128031617,0.00303410567761528,3.96665803318117
20,"gauss","null",14,"pvt_999",500,1,2,NA,0.054,0.016,0.0258500449643121,7.26431773412275e-05,3.96665803318117
20,"gauss","null",14,"mm_999",500,0,0,NA,0.038,0.004,0.23,0.000445347062464515,3.96665803318117
20,"gauss","null",15,"ols",500,0,0,NA,0.03,0.006,0.0333890264938733,0.00216109282153837,4.08602841529822
20,"gauss","null",15,"modt",500,0,0,NA,0.034,0.01,0.034009659700948,0.00219433572016206,4.08602841529822
20,"gauss","null",15,"fl_199",500,0,0,NA,0.028,0.004,0.039,0.005,4.08602841529822
20,"gauss","null",15,"fl_999",500,0,0,NA,0.03,0.004,0.032,0.003,4.08602841529822
20,"gauss","null",15,"fl_9999",500,0,0,NA,0.03,0.006,0.0371,0.0022,4.08602841529822
20,"gauss","null",15,"pvw_199",500,0,0,NA,0.03,0.004,0.0521794047714412,0.00475711556583112,4.08602841529822
20,"gauss","null",15,"pvt_199",500,0,0,NA,0.056,0.022,0.0632914975278592,0.000472281273866589,4.08602841529822
20,"gauss","null",15,"mm_199",500,0,0,NA,0.026,0.006,0.126,0.00213907573114128,4.08602841529822
20,"gauss","null",15,"pvw_999",500,0,0,NA,0.03,0.004,0.0526771099314298,0.00490347481281635,4.08602841529822
20,"gauss","null",15,"pvt_999",500,0,0,NA,0.054,0.02,0.0633342542659484,0.000180099908993164,4.08602841529822
20,"gauss","null",15,"mm_999",500,0,0,NA,0.03,0.006,0.228,0.00292294273931123,4.08602841529822
20,"gauss","null",16,"ols",500,0,0,NA,0.056,0.01,0.0418083462588671,0.000204760155146758,3.90615241307674
20,"gauss","null",16,"modt",500,1,2,NA,0.06,0.01,0.0363703956130793,0.000140680895967171,3.90615241307674
20,"gauss","null",16,"fl_199",500,0,0,NA,0.044,0.012,0.04,0.005,3.90615241307674
20,"gauss","null",16,"fl_999",500,0,0,NA,0.056,0.01,0.043,0.001,3.90615241307674
20,"gauss","null",16,"fl_9999",500,0,0,NA,0.058,0.01,0.0439,4e-04,3.90615241307674
20,"gauss","null",16,"pvw_199",500,0,0,NA,0.066,0.012,0.0749266289763513,0.000692222303335465,3.90615241307674
20,"gauss","null",16,"pvt_199",500,1,4,NA,0.094,0.03,0.0838961791603761,2.12167084646539e-07,3.90615241307674
20,"gauss","null",16,"mm_199",500,1,4,NA,0.05,0.016,0.116,3.88817960348266e-09,3.90615241307674
20,"gauss","null",16,"pvw_999",500,0,0,NA,0.056,0.01,0.0723228497780094,0.00113732011301855,3.90615241307674
20,"gauss","null",16,"pvt_999",500,1,4,NA,0.092,0.028,0.0824099027208509,5.31686335497933e-07,3.90615241307674
20,"gauss","null",16,"mm_999",500,1,1,NA,0.054,0.01,0.22,6.68238914722696e-05,3.90615241307674
20,"gauss","null",17,"ols",500,0,0,NA,0.048,0.012,0.0502954091421307,0.000137548782809298,4.09447797860947
20,"gauss","null",17,"modt",500,0,0,NA,0.05,0.012,0.054533215371015,0.00108350750412711,4.09447797860947
20,"gauss","null",17,"fl_199",500,0,0,NA,0.038,0.004,0.064,0.005,4.09447797860947
20,"gauss","null",17,"fl_999",500,0,0,NA,0.048,0.008,0.053,0.002,4.09447797860947
20,"gauss","null",17,"fl_9999",500,0,0,NA,0.048,0.014,0.052,3e-04,4.09447797860947
20,"gauss","null",17,"pvw_199",500,0,0,NA,0.054,0.008,0.0303563710639883,0.00107982695748378,4.09447797860947
20,"gauss","null",17,"pvt_199",500,1,2,NA,0.074,0.032,0.0377735817732771,4.61339192988234e-08,4.09447797860947
20,"gauss","null",17,"mm_199",500,1,2,NA,0.046,0.01,0.14,1.75986757547684e-06,4.09447797860947
20,"gauss","null",17,"pvw_999",500,0,0,NA,0.052,0.01,0.0290706485214428,0.00113969746035914,4.09447797860947
20,"gauss","null",17,"pvt_999",500,1,1,NA,0.082,0.03,0.032345432516616,1.36091362482403e-07,4.09447797860947
20,"gauss","null",17,"mm_999",500,0,0,NA,0.046,0.012,0.258,0.000503953205488072,4.09447797860947
20,"gauss","null",18,"ols",500,0,0,NA,0.032,0.002,0.0310810155791796,0.00922740503742337,4.64379114871006
20,"gauss","null",18,"modt",500,0,0,NA,0.038,0.006,0.0377440556831714,0.00556660887771505,4.64379114871006
20,"gauss","null",18,"fl_199",500,0,0,NA,0.034,0.004,0.0439999999999999,0.005,4.64379114871006
20,"gauss","null",18,"fl_999",500,0,0,NA,0.032,0.002,0.029,0.006,4.64379114871006
20,"gauss","null",18,"fl_9999",500,0,0,NA,0.032,0,0.0332,0.0112,4.64379114871006
20,"gauss","null",18,"pvw_199",500,0,0,NA,0.036,0.004,0.0498777051196947,0.00846266183750816,4.64379114871006
20,"gauss","null",18,"pvt_199",500,0,0,NA,0.06,0.028,0.0633145643636359,0.0018437346526105,4.64379114871006
20,"gauss","null",18,"mm_199",500,0,0,NA,0.036,0.014,0.122,0.00219168937671349,4.64379114871006
20,"gauss","null",18,"pvw_999",500,0,0,NA,0.032,0,0.0442223363097595,0.0114072239892989,4.64379114871006
20,"gauss","null",18,"pvt_999",500,0,0,NA,0.06,0.03,0.0561637869666917,0.00209075206817613,4.64379114871006
20,"gauss","null",18,"mm_999",500,0,0,NA,0.032,0.004,0.248,0.00615263651980163,4.64379114871006
20,"gauss","null",19,"ols",500,0,0,NA,0.064,0.004,0.0328725592296516,0.00672433169158585,3.86831285113653
20,"gauss","null",19,"modt",500,0,0,NA,0.056,0.008,0.0344160623483801,0.00526709350652084,3.86831285113653
20,"gauss","null",19,"fl_199",500,0,0,NA,0.054,0,0.038,0.01,3.86831285113653
20,"gauss","null",19,"fl_999",500,0,0,NA,0.06,0.004,0.033,0.005,3.86831285113653
20,"gauss","null",19,"fl_9999",500,0,0,NA,0.062,0.004,0.0308,0.0066,3.86831285113653
20,"gauss","null",19,"pvw_199",500,0,0,NA,0.068,0,0.0595468669781889,0.0137967030543077,3.86831285113653
20,"gauss","null",19,"pvt_199",500,0,0,NA,0.092,0.024,0.0603266909355044,0.00152974348122274,3.86831285113653
20,"gauss","null",19,"mm_199",500,0,0,NA,0.062,0.01,0.088,0.00829831440998723,3.86831285113653
20,"gauss","null",19,"pvw_999",500,0,0,NA,0.068,0,0.0582463899198696,0.0107230942590108,3.86831285113653
20,"gauss","null",19,"pvt_999",500,0,0,NA,0.092,0.022,0.0596609791892523,0.000996158928593723,3.86831285113653
20,"gauss","null",19,"mm_999",500,0,0,NA,0.06,0.004,0.214,0.00424266165735959,3.86831285113653
20,"gauss","null",20,"ols",500,0,0,NA,0.05,0.004,0.0430969228427037,0.00118379983574046,4.18148636844089
20,"gauss","null",20,"modt",500,0,0,NA,0.046,0.01,0.0385188469722679,0.00479621914325373,4.18148636844089
20,"gauss","null",20,"fl_199",500,0,0,NA,0.04,0.004,0.052,0.005,4.18148636844089
20,"gauss","null",20,"fl_999",500,0,0,NA,0.048,0.004,0.046,0.002,4.18148636844089
20,"gauss","null",20,"fl_9999",500,0,0,NA,0.048,0.006,0.0419,0.0011,4.18148636844089
20,"gauss","null",20,"pvw_199",500,0,0,NA,0.054,0.004,0.0323261457562101,0.00454375951617385,4.18148636844089
20,"gauss","null",20,"pvt_199",500,1,1,NA,0.096,0.028,0.0585756040273135,9.52273774729271e-06,4.18148636844089
20,"gauss","null",20,"mm_199",500,0,0,NA,0.05,0.006,0.128,0.000170659647665021,4.18148636844089
20,"gauss","null",20,"pvw_999",500,0,0,NA,0.046,0.004,0.0361805384381652,0.00308796176548184,4.18148636844089
20,"gauss","null",20,"pvt_999",500,1,1,NA,0.088,0.028,0.0553719761835052,3.10953199938742e-05,4.18148636844089
20,"gauss","null",20,"mm_999",500,0,0,NA,0.044,0.008,0.232,0.000948211262746376,4.18148636844089
40,"gauss","null",1,"ols",500,0,0,NA,0.062,0.014,0.040761734146263,0.00145424975952875,3.86700845481203
40,"gauss","null",1,"modt",500,0,0,NA,0.054,0.016,0.0413147313054475,0.00155936962212724,3.86700845481203
40,"gauss","null",1,"fl_199",500,0,0,NA,0.056,0.004,0.043,0.005,3.86700845481203
40,"gauss","null",1,"fl_999",500,0,0,NA,0.066,0.01,0.044,0.002,3.86700845481203
40,"gauss","null",1,"fl_9999",500,0,0,NA,0.06,0.014,0.0419,0.0016,3.86700845481203
40,"gauss","null",1,"pvw_199",500,0,0,NA,0.068,0.014,0.0534426832705694,0.0011787847846864,3.86700845481203
40,"gauss","null",1,"pvt_199",500,1,1,NA,0.082,0.024,0.0577232916343729,9.47014232391718e-05,3.86700845481203
40,"gauss","null",1,"mm_199",500,0,0,NA,0.072,0.016,0.084,0.00068793875703916,3.86700845481203
40,"gauss","null",1,"pvw_999",500,0,0,NA,0.068,0.016,0.0538331500366089,0.00219941381366413,3.86700845481203
40,"gauss","null",1,"pvt_999",500,0,0,NA,0.08,0.022,0.0588141446970511,0.000518346949673902,3.86700845481203
40,"gauss","null",1,"mm_999",500,0,0,NA,0.066,0.016,0.14,0.000818062878223544,3.86700845481203
40,"gauss","null",2,"ols",500,0,0,NA,0.048,0.016,0.034136973967581,0.000638808429959908,4.30577127384547
40,"gauss","null",2,"modt",500,0,0,NA,0.048,0.014,0.0358818539940765,0.000379921912512155,4.30577127384547
40,"gauss","null",2,"fl_199",500,0,0,NA,0.04,0.012,0.0289999999999999,0.005,4.30577127384547
40,"gauss","null",2,"fl_999",500,0,0,NA,0.048,0.014,0.035,0.001,4.30577127384547
40,"gauss","null",2,"fl_9999",500,0,0,NA,0.048,0.016,0.0335000000000001,6e-04,4.30577127384547
40,"gauss","null",2,"pvw_199",500,0,0,NA,0.052,0.014,0.0449311566846771,0.00104507662062097,4.30577127384547
40,"gauss","null",2,"pvt_199",500,1,3,NA,0.064,0.024,0.0554099046328057,0.000167667908646852,4.30577127384547
40,"gauss","null",2,"mm_199",500,0,0,NA,0.056,0.016,0.094,0.000286629701749933,4.30577127384547
40,"gauss","null",2,"pvw_999",500,0,0,NA,0.052,0.014,0.0433615808461942,0.000781112819140898,4.30577127384547
40,"gauss","null",2,"pvt_999",500,1,3,NA,0.064,0.02,0.0478969834323076,8.12718296362944e-05,4.30577127384547
40,"gauss","null",2,"mm_999",500,0,0,NA,0.046,0.016,0.148,0.000158424282851629,4.30577127384547
40,"gauss","null",3,"ols",500,0,0,NA,0.04,0.01,0.0330610788517463,0.00133171309074192,3.72249400665318
40,"gauss","null",3,"modt",500,0,0,NA,0.044,0.01,0.0313836451265649,0.00176357393274044,3.72249400665318
40,"gauss","null",3,"fl_199",500,0,0,NA,0.036,0.006,0.035,0.005,3.72249400665318
40,"gauss","null",3,"fl_999",500,0,0,NA,0.034,0.01,0.034,0.001,3.72249400665318
40,"gauss","null",3,"fl_9999",500,0,0,NA,0.038,0.01,0.0325,0.0016,3.72249400665318
40,"gauss","null",3,"pvw_199",500,0,0,NA,0.044,0.008,0.0355678805262317,0.0028181077408506,3.72249400665318
40,"gauss","null",3,"pvt_199",500,0,0,NA,0.056,0.016,0.0367030692544846,0.000500120981492078,3.72249400665318
40,"gauss","null",3,"mm_199",500,0,0,NA,0.048,0.01,0.084,0.0016544433709766,3.72249400665318
40,"gauss","null",3,"pvw_999",500,0,0,NA,0.042,0.01,0.0314764937634375,0.00181472183765819,3.72249400665318
40,"gauss","null",3,"pvt_999",500,0,0,NA,0.054,0.016,0.0324684834501731,0.000358287658433956,3.72249400665318
40,"gauss","null",3,"mm_999",500,0,0,NA,0.034,0.01,0.126,0.000660472206772727,3.72249400665318
40,"gauss","null",4,"ols",500,0,0,NA,0.038,0.004,0.034784263918024,0.00252263500362442,4.33349504886816
40,"gauss","null",4,"modt",500,0,0,NA,0.04,0.004,0.0379166838607136,0.00585545242499678,4.33349504886816
40,"gauss","null",4,"fl_199",500,0,0,NA,0.046,0.002,0.0439999999999999,0.005,4.33349504886816
40,"gauss","null",4,"fl_999",500,0,0,NA,0.036,0.004,0.033,0.002,4.33349504886816
40,"gauss","null",4,"fl_9999",500,0,0,NA,0.04,0.004,0.035,0.0022,4.33349504886816
40,"gauss","null",4,"pvw_199",500,0,0,NA,0.05,0.004,0.0315896448017845,0.00282500137907422,4.33349504886816
40,"gauss","null",4,"pvt_199",500,0,0,NA,0.06,0.008,0.0307074874063707,0.000499011007605875,4.33349504886816
40,"gauss","null",4,"mm_199",500,0,0,NA,0.046,0.006,0.088,0.00112990879737249,4.33349504886816
40,"gauss","null",4,"pvw_999",500,0,0,NA,0.044,0.004,0.0255970421664757,0.00268103974397951,4.33349504886816
40,"gauss","null",4,"pvt_999",500,0,0,NA,0.06,0.008,0.0261835687450711,0.000877198629256938,4.33349504886816
40,"gauss","null",4,"mm_999",500,0,0,NA,0.042,0.004,0.162,0.00140706387762834,4.33349504886816
40,"gauss","null",5,"ols",500,0,0,NA,0.056,0.016,0.0431102360724547,0.000806120916585475,4.26161352206311
40,"gauss","null",5,"modt",500,0,0,NA,0.054,0.014,0.0383707896699885,0.000659542703158488,4.26161352206311
40,"gauss","null",5,"fl_199",500,0,0,NA,0.052,0.008,0.049,0.005,4.26161352206311
40,"gauss","null",5,"fl_999",500,0,0,NA,0.054,0.012,0.044,0.002,4.26161352206311
40,"gauss","null",5,"fl_9999",500,0,0,NA,0.056,0.016,0.0429,8e-04,4.26161352206311
40,"gauss","null",5,"pvw_199",500,0,0,NA,0.06,0.016,0.0299969245782316,0.000762168799275431,4.26161352206311
40,"gauss","null",5,"pvt_199",500,0,0,NA,0.064,0.02,0.0283963583362575,0.000203967398417188,4.26161352206311
40,"gauss","null",5,"mm_199",500,1,1,NA,0.058,0.016,0.088,3.23840322119479e-05,4.26161352206311
40,"gauss","null",5,"pvw_999",500,0,0,NA,0.056,0.014,0.0289039456200531,0.000921515193632399,4.26161352206311
40,"gauss","null",5,"pvt_999",500,1,1,NA,0.06,0.026,0.0272315703965189,7.71391106308931e-05,4.26161352206311
40,"gauss","null",5,"mm_999",500,0,0,NA,0.056,0.016,0.166,0.000774594947103056,4.26161352206311
40,"gauss","null",6,"ols",500,0,0,NA,0.066,0.01,0.0459964935609536,0.00230661456573799,3.91043020068648
40,"gauss","null",6,"modt",500,0,0,NA,0.064,0.012,0.0453847893994883,0.0019634868501654,3.91043020068648
40,"gauss","null",6,"fl_199",500,0,0,NA,0.064,0.006,0.043,0.005,3.91043020068648
40,"gauss","null",6,"fl_999",500,0,0,NA,0.068,0.012,0.0449999999999999,0.003,3.91043020068648
40,"gauss","null",6,"fl_9999",500,0,0,NA,0.066,0.01,0.0464,0.003,3.91043020068648
40,"gauss","null",6,"pvw_199",500,0,0,NA,0.07,0.01,0.0600894537057292,0.00210097475344804,3.91043020068648
40,"gauss","null",6,"pvt_199",500,0,0,NA,0.074,0.022,0.0606420860818865,0.000559494742993843,3.91043020068648
40,"gauss","null",6,"mm_199",500,0,0,NA,0.066,0.024,0.088,0.000364829917789083,3.91043020068648
40,"gauss","null",6,"pvw_999",500,0,0,NA,0.07,0.01,0.0598196298537716,0.00272089061783983,3.91043020068648
40,"gauss","null",6,"pvt_999",500,0,0,NA,0.07,0.02,0.0600563209562757,0.000682279240619038,3.91043020068648
40,"gauss","null",6,"mm_999",500,0,0,NA,0.066,0.01,0.134,0.00152863845731104,3.91043020068648
40,"gauss","null",7,"ols",500,0,0,NA,0.056,0.016,0.0477476424284242,0.000285777830124045,4.33896983272467
40,"gauss","null",7,"modt",500,0,0,NA,0.056,0.016,0.0458936365806069,0.000278467840862653,4.33896983272467
40,"gauss","null",7,"fl_199",500,0,0,NA,0.054,0.004,0.045,0.005,4.33896983272467
40,"gauss","null",7,"fl_999",500,0,0,NA,0.054,0.014,0.0479999999999999,0.001,4.33896983272467
40,"gauss","null",7,"fl_9999",500,0,0,NA,0.056,0.016,0.0479000000000001,4e-04,4.33896983272467
40,"gauss","null",7,"pvw_199",500,0,0,NA,0.058,0.016,0.0569258074333223,0.000888954236386301,4.33896983272467
40,"gauss","null",7,"pvt_199",500,0,0,NA,0.074,0.026,0.0575491132228717,0.000121645532240416,4.33896983272467
40,"gauss","null",7,"mm_199",500,0,0,NA,0.054,0.016,0.092,0.000196309439883361,4.33896983272467
40,"gauss","null",7,"pvw_999",500,0,0,NA,0.058,0.016,0.0575671938156979,0.000698655464853237,4.33896983272467
40,"gauss","null",7,"pvt_999",500,1,1,NA,0.07,0.024,0.0605014023393579,3.6902372230807e-05,4.33896983272467
40,"gauss","null",7,"mm_999",500,0,0,NA,0.054,0.016,0.128,0.000194454251260742,4.33896983272467
40,"gauss","null",8,"ols",500,0,0,NA,0.028,0.004,0.0310900148015568,0.000516624570186492,3.93304848214909
40,"gauss","null",8,"modt",500,0,0,NA,0.028,0.004,0.0344980175894143,0.000283340503452592,3.93304848214909
40,"gauss","null",8,"fl_199",500,0,0,NA,0.022,0.002,0.038,0.005,3.93304848214909
40,"gauss","null",8,"fl_999",500,0,0,NA,0.028,0.004,0.029,0.001,3.93304848214909
40,"gauss","null",8,"fl_9999",500,0,0,NA,0.03,0.004,0.0302,2e-04,3.93304848214909
40,"gauss","null",8,"pvw_199",500,0,0,NA,0.032,0.002,0.0236033603233603,0.000878078546743591,3.93304848214909
40,"gauss","null",8,"pvt_199",500,1,1,NA,0.046,0.004,0.0221669592635799,6.52680467759892e-05,3.93304848214909
40,"gauss","null",8,"mm_199",500,0,0,NA,0.036,0.004,0.0928594552785407,0.000139770739905568,3.93304848214909
40,"gauss","null",8,"pvw_999",500,0,0,NA,0.036,0.004,0.0232485079049088,0.00048589018222805,3.93304848214909
40,"gauss","null",8,"pvt_999",500,1,1,NA,0.042,0.004,0.0227021247127814,5.01205406810495e-05,3.93304848214909
40,"gauss","null",8,"mm_999",500,1,1,NA,0.034,0.004,0.126,9.63024499585486e-05,3.93304848214909
40,"gauss","null",9,"ols",500,0,0,NA,0.064,0.012,0.0367675326026497,0.00036332008627361,4.34162349441285
40,"gauss","null",9,"modt",500,0,0,NA,0.064,0.012,0.036144941450472,0.000376973108933673,4.34162349441285
40,"gauss","null",9,"fl_199",500,0,0,NA,0.058,0.006,0.034,0.005,4.34162349441285
40,"gauss","null",9,"fl_999",500,0,0,NA,0.066,0.01,0.031,0.001,4.34162349441285
40,"gauss","null",9,"fl_9999",500,1,1,NA,0.066,0.012,0.0362,1e-04,4.34162349441285
40,"gauss","null",9,"pvw_199",500,0,0,NA,0.072,0.018,0.0479582537218824,0.000161746566107621,4.34162349441285
40,"gauss","null",9,"pvt_199",500,1,3,NA,0.082,0.024,0.0538855769650298,4.23058168290587e-06,4.34162349441285
40,"gauss","null",9,"mm_199",500,1,2,NA,0.068,0.02,0.0729703809062821,5.7629949135098e-06,4.34162349441285
40,"gauss","null",9,"pvw_999",500,0,0,NA,0.07,0.012,0.0501884294846429,0.00060557713894735,4.34162349441285
40,"gauss","null",9,"pvt_999",500,1,2,NA,0.076,0.02,0.0551964832537087,4.6296719762261e-05,4.34162349441285
40,"gauss","null",9,"mm_999",500,0,0,NA,0.066,0.012,0.14,0.000190040824266157,4.34162349441285
40,"gauss","null",10,"ols",500,0,0,NA,0.04,0.008,0.0349280656428748,0.000836418942115898,4.40904064443822
40,"gauss","null",10,"modt",500,0,0,NA,0.036,0.008,0.0360628659124844,0.000764232526776805,4.40904064443822
40,"gauss","null",10,"fl_199",500,0,0,NA,0.034,0.006,0.0379999999999999,0.005,4.40904064443822
40,"gauss","null",10,"fl_999",500,0,0,NA,0.036,0.008,0.0369999999999999,0.002,4.40904064443822
40,"gauss","null",10,"fl_9999",500,0,0,NA,0.04,0.008,0.0332,3e-04,4.40904064443822
40,"gauss","null",10,"pvw_199",500,0,0,NA,0.036,0.008,0.0328234167047929,0.00122312633883322,4.40904064443822
40,"gauss","null",10,"pvt_199",500,0,0,NA,0.058,0.01,0.0329260988076091,0.000128236624786271,4.40904064443822
40,"gauss","null",10,"mm_199",500,1,1,NA,0.034,0.008,0.1,1.58638775074312e-06,4.40904064443822
40,"gauss","null",10,"pvw_999",500,0,0,NA,0.04,0.008,0.0294750402666994,0.00159418079395411,4.40904064443822
40,"gauss","null",10,"pvt_999",500,0,0,NA,0.048,0.01,0.0295013382451663,0.000195456123331478,4.40904064443822
40,"gauss","null",10,"mm_999",500,0,0,NA,0.036,0.006,0.162,0.000816527473025476,4.40904064443822
40,"gauss","null",11,"ols",500,0,0,NA,0.052,0.01,0.0611556752191199,0.000636559570038666,3.60534014002471
40,"gauss","null",11,"modt",500,0,0,NA,0.05,0.008,0.0633376265423238,0.000360927239930226,3.60534014002471
40,"gauss","null",11,"fl_199",500,0,0,NA,0.04,0.01,0.0570000000000001,0.005,3.60534014002471
40,"gauss","null",11,"fl_999",500,0,0,NA,0.046,0.01,0.055,0.003,3.60534014002471
40,"gauss","null",11,"fl_9999",500,0,0,NA,0.052,0.01,0.0603,8e-04,3.60534014002471
40,"gauss","null",11,"pvw_199",500,0,0,NA,0.05,0.014,0.0712955395421633,0.000581672457387107,3.60534014002471
40,"gauss","null",11,"pvt_199",500,1,1,NA,0.068,0.02,0.0712569394562491,9.86682045361959e-05,3.60534014002471
40,"gauss","null",11,"mm_199",500,0,0,NA,0.054,0.018,0.0920022453838216,0.00114481055968158,3.60534014002471
40,"gauss","null",11,"pvw_999",500,0,0,NA,0.052,0.01,0.0708622787964321,0.000997646175446482,3.60534014002471
40,"gauss","null",11,"pvt_999",500,0,0,NA,0.066,0.022,0.0707991923724771,0.000124175669040443,3.60534014002471
40,"gauss","null",11,"mm_999",500,0,0,NA,0.05,0.012,0.11,0.0022036922637384,3.60534014002471
40,"gauss","null",12,"ols",500,0,0,NA,0.048,0.014,0.0481811951317064,0.00038219632012656,4.42768473154299
40,"gauss","null",12,"modt",500,0,0,NA,0.048,0.014,0.0477882969400472,0.000355846447228963,4.42768473154299
40,"gauss","null",12,"fl_199",500,0,0,NA,0.044,0.006,0.048,0.005,4.42768473154299
40,"gauss","null",12,"fl_999",500,0,0,NA,0.046,0.014,0.047,0.001,4.42768473154299
40,"gauss","null",12,"fl_9999",500,0,0,NA,0.048,0.014,0.0489000000000001,2e-04,4.42768473154299
40,"gauss","null",12,"pvw_199",500,0,0,NA,0.054,0.012,0.0561629631205929,0.000806617178413155,4.42768473154299
40,"gauss","null",12,"pvt_199",500,1,3,NA,0.07,0.02,0.0583116137938799,4.64134274912746e-05,4.42768473154299
40,"gauss","null",12,"mm_199",500,0,0,NA,0.054,0.018,0.104397576034176,0.000197564751959268,4.42768473154299
40,"gauss","null",12,"pvw_999",500,0,0,NA,0.05,0.014,0.05615135756046,0.000810339249448914,4.42768473154299
40,"gauss","null",12,"pvt_999",500,1,3,NA,0.068,0.018,0.0573083372714134,8.09146615475943e-05,4.42768473154299
40,"gauss","null",12,"mm_999",500,0,0,NA,0.044,0.014,0.118,0.000343882254791299,4.42768473154299
40,"gauss","null",13,"ols",500,0,0,NA,0.05,0.01,0.0213024299006458,0.00197437743732225,4.52365241934715
40,"gauss","null",13,"modt",500,0,0,NA,0.046,0.01,0.0236327874666917,0.00162053273672534,4.52365241934715
40,"gauss","null",13,"fl_199",500,0,0,NA,0.046,0.008,0.027,0.005,4.52365241934715
40,"gauss","null",13,"fl_999",500,0,0,NA,0.052,0.008,0.02,0.002,4.52365241934715
40,"gauss","null",13,"fl_9999",500,0,0,NA,0.048,0.01,0.0202,0.0021,4.52365241934715
40,"gauss","null",13,"pvw_199",500,0,0,NA,0.052,0.01,0.0246380855798805,0.00234374484971391,4.52365241934715
40,"gauss","null",13,"pvt_199",500,0,0,NA,0.062,0.012,0.0242776043148096,0.000580810097142123,4.52365241934715
40,"gauss","null",13,"mm_199",500,0,0,NA,0.048,0.012,0.09,0.000528232381496072,4.52365241934715
40,"gauss","null",13,"pvw_999",500,0,0,NA,0.054,0.01,0.0252013895384067,0.00183697577177162,4.52365241934715
40,"gauss","null",13,"pvt_999",500,0,0,NA,0.064,0.018,0.0261602645036656,0.000329909779822855,4.52365241934715
40,"gauss","null",13,"mm_999",500,0,0,NA,0.052,0.012,0.134,0.00081850081779379,4.52365241934715
40,"gauss","null",14,"ols",500,0,0,NA,0.046,0.006,0.0363328172882962,0.00132986901796783,4.15931518147667
40,"gauss","null",14,"modt",500,0,0,NA,0.044,0.008,0.0401936520066606,0.00274418950867637,4.15931518147667
40,"gauss","null",14,"fl_199",500,0,0,NA,0.046,0.002,0.038,0.005,4.15931518147667
40,"gauss","null",14,"fl_999",500,0,0,NA,0.038,0.006,0.0399999999999999,0.003,4.15931518147667
40,"gauss","null",14,"fl_9999",500,0,0,NA,0.044,0.008,0.0349,0.0014,4.15931518147667
40,"gauss","null",14,"pvw_199",500,0,0,NA,0.046,0.006,0.0229958973114583,0.00129767177582106,4.15931518147667
40,"gauss","null",14,"pvt_199",500,0,0,NA,0.064,0.018,0.0302544457530997,0.000376526971336111,4.15931518147667
40,"gauss","null",14,"mm_199",500,1,1,NA,0.05,0.012,0.094,3.89977832669764e-05,4.15931518147667
40,"gauss","null",14,"pvw_999",500,0,0,NA,0.048,0.008,0.0228796393097621,0.00242239436822786,4.15931518147667
40,"gauss","null",14,"pvt_999",500,0,0,NA,0.064,0.012,0.0274152959272162,0.000495145512831929,4.15931518147667
40,"gauss","null",14,"mm_999",500,0,0,NA,0.044,0.006,0.154,0.00104811752456465,4.15931518147667
40,"gauss","null",15,"ols",500,0,0,NA,0.048,0.002,0.0275515964343945,0.00952386932260674,4.04833809130101
40,"gauss","null",15,"modt",500,0,0,NA,0.05,0.002,0.0246036285885245,0.00874123074483059,4.04833809130101
40,"gauss","null",15,"fl_199",500,0,0,NA,0.048,0,0.0309999999999999,0.01,4.04833809130101
40,"gauss","null",15,"fl_999",500,0,0,NA,0.052,0.002,0.028,0.007,4.04833809130101
40,"gauss","null",15,"fl_9999",500,0,0,NA,0.048,0.004,0.0278,0.0094,4.04833809130101
40,"gauss","null",15,"pvw_199",500,0,0,NA,0.056,0.004,0.0319143027427349,0.00586857514954998,4.04833809130101
40,"gauss","null",15,"pvt_199",500,0,0,NA,0.062,0.01,0.0349315489671864,0.00283756772378184,4.04833809130101
40,"gauss","null",15,"mm_199",500,0,0,NA,0.056,0.006,0.076,0.00479546959249342,4.04833809130101
40,"gauss","null",15,"pvw_999",500,0,0,NA,0.056,0.004,0.0290235913503329,0.0092328091075582,4.04833809130101
40,"gauss","null",15,"pvt_999",500,0,0,NA,0.066,0.014,0.0293948234020427,0.00427170932285015,4.04833809130101
40,"gauss","null",15,"mm_999",500,0,0,NA,0.052,0.002,0.12,0.00689701315321356,4.04833809130101
40,"gauss","null",16,"ols",500,0,0,NA,0.05,0.014,0.0300330314095461,0.0015617977535242,4.72817283153733
40,"gauss","null",16,"modt",500,0,0,NA,0.052,0.014,0.0279113967668688,0.00161840179826174,4.72817283153733
40,"gauss","null",16,"fl_199",500,0,0,NA,0.048,0.002,0.0259999999999999,0.005,4.72817283153733
40,"gauss","null",16,"fl_999",500,0,0,NA,0.048,0.012,0.026,0.004,4.72817283153733
40,"gauss","null",16,"fl_9999",500,0,0,NA,0.05,0.014,0.0275,0.0019,4.72817283153733
40,"gauss","null",16,"pvw_199",500,0,0,NA,0.056,0.012,0.0422974492621714,0.00361895226181185,4.72817283153733
40,"gauss","null",16,"pvt_199",500,0,0,NA,0.064,0.02,0.0492034137024047,0.000822255519074363,4.72817283153733
40,"gauss","null",16,"mm_199",500,0,0,NA,0.056,0.014,0.084025648222106,0.000752387944250453,4.72817283153733
40,"gauss","null",16,"pvw_999",500,0,0,NA,0.052,0.008,0.0392540144750949,0.00284464190447622,4.72817283153733
40,"gauss","null",16,"pvt_999",500,0,0,NA,0.066,0.018,0.0496212232523946,0.00075508410216273,4.72817283153733
40,"gauss","null",16,"mm_999",500,0,0,NA,0.052,0.012,0.132,0.00362922669232593,4.72817283153733
40,"gauss","null",17,"ols",500,0,0,NA,0.046,0.004,0.0633907579517189,0.00718878239977783,3.82365284885465
40,"gauss","null",17,"modt",500,0,0,NA,0.048,0.004,0.0628022119325833,0.00796451186824095,3.82365284885465
40,"gauss","null",17,"fl_199",500,0,0,NA,0.05,0,0.081,0.01,3.82365284885465
40,"gauss","null",17,"fl_999",500,0,0,NA,0.048,0.004,0.069,0.008,3.82365284885465
40,"gauss","null",17,"fl_9999",500,0,0,NA,0.046,0.004,0.0648,0.0079,3.82365284885465
40,"gauss","null",17,"pvw_199",500,0,0,NA,0.054,0.004,0.0522703752407921,0.00821174513963951,3.82365284885465
40,"gauss","null",17,"pvt_199",500,0,0,NA,0.06,0.018,0.0491125507407777,0.00422450533832829,3.82365284885465
40,"gauss","null",17,"mm_199",500,0,0,NA,0.056,0.006,0.106,0.00274840432502805,3.82365284885465
40,"gauss","null",17,"pvw_999",500,0,0,NA,0.052,0.004,0.0522013296420543,0.00845029962020066,3.82365284885465
40,"gauss","null",17,"pvt_999",500,0,0,NA,0.056,0.01,0.0504741216510167,0.00326305085367618,3.82365284885465
40,"gauss","null",17,"mm_999",500,0,0,NA,0.046,0.004,0.158,0.00516344044855395,3.82365284885465
40,"gauss","null",18,"ols",500,0,0,NA,0.056,0.014,0.0258936415150375,0.000237427766424432,3.76904400190377
40,"gauss","null",18,"modt",500,0,0,NA,0.054,0.014,0.0272112958644214,0.000243230620159972,3.76904400190377
40,"gauss","null",18,"fl_199",500,0,0,NA,0.044,0.008,0.031,0.005,3.76904400190377
40,"gauss","null",18,"fl_999",500,0,0,NA,0.056,0.012,0.025,0.001,3.76904400190377
40,"gauss","null",18,"fl_9999",500,1,1,NA,0.056,0.014,0.0263,1e-04,3.76904400190377
40,"gauss","null",18,"pvw_199",500,0,0,NA,0.054,0.016,0.0313397024527371,0.000134342047289205,3.76904400190377
40,"gauss","null",18,"pvt_199",500,1,1,NA,0.072,0.02,0.0402258902494012,2.30388148641725e-05,3.76904400190377
40,"gauss","null",18,"mm_199",500,1,1,NA,0.052,0.012,0.0883303887731962,1.05147473487475e-05,3.76904400190377
40,"gauss","null",18,"pvw_999",500,0,0,NA,0.058,0.012,0.0402095119775281,0.000429710979593777,3.76904400190377
40,"gauss","null",18,"pvt_999",500,1,1,NA,0.07,0.018,0.0452905036019243,3.61724272146906e-05,3.76904400190377
40,"gauss","null",18,"mm_999",500,0,0,NA,0.054,0.01,0.152,0.000103112621598156,3.76904400190377
40,"gauss","null",19,"ols",500,0,0,NA,0.048,0.01,0.0236779860143931,0.000500222696717365,3.94538515463266
40,"gauss","null",19,"modt",500,0,0,NA,0.05,0.006,0.0235072666496566,0.00126614150331898,3.94538515463266
40,"gauss","null",19,"fl_199",500,0,0,NA,0.04,0.002,0.031,0.005,3.94538515463266
40,"gauss","null",19,"fl_999",500,0,0,NA,0.046,0.002,0.025,0.002,3.94538515463266
40,"gauss","null",19,"fl_9999",500,0,0,NA,0.05,0.01,0.022,9e-04,3.94538515463266
40,"gauss","null",19,"pvw_199",500,0,0,NA,0.056,0.004,0.0342475461766799,0.000331240691571048,3.94538515463266
40,"gauss","null",19,"pvt_199",500,1,1,NA,0.06,0.014,0.0443841663308683,2.48091238476321e-05,3.94538515463266
40,"gauss","null",19,"mm_199",500,0,0,NA,0.054,0.01,0.076208073500828,0.00027972825490017,3.94538515463266
40,"gauss","null",19,"pvw_999",500,0,0,NA,0.052,0.006,0.029177456956085,0.000761083813645296,3.94538515463266
40,"gauss","null",19,"pvt_999",500,1,1,NA,0.062,0.014,0.0371815780739614,8.6484159328127e-05,3.94538515463266
40,"gauss","null",19,"mm_999",500,0,0,NA,0.048,0.006,0.134,0.000675830523575291,3.94538515463266
40,"gauss","null",20,"ols",500,0,0,NA,0.062,0.004,0.0479735096195146,0.00147631424748481,3.69770603918257
40,"gauss","null",20,"modt",500,0,0,NA,0.056,0.004,0.0486885912680095,0.00167074676426813,3.69770603918257
40,"gauss","null",20,"fl_199",500,0,0,NA,0.056,0.002,0.04,0.005,3.69770603918257
40,"gauss","null",20,"fl_999",500,0,0,NA,0.06,0.004,0.043,0.003,3.69770603918257
40,"gauss","null",20,"fl_9999",500,0,0,NA,0.062,0.004,0.045,0.0019,3.69770603918257
40,"gauss","null",20,"pvw_199",500,0,0,NA,0.064,0.006,0.0552610758562228,0.00307985076731442,3.69770603918257
40,"gauss","null",20,"pvt_199",500,0,0,NA,0.078,0.012,0.0618479560336924,0.000692872618468421,3.69770603918257
40,"gauss","null",20,"mm_199",500,0,0,NA,0.064,0.012,0.084806877836854,0.00214916267444149,3.69770603918257
40,"gauss","null",20,"pvw_999",500,0,0,NA,0.064,0.004,0.0579648029674001,0.00232482617879043,3.69770603918257
40,"gauss","null",20,"pvt_999",500,0,0,NA,0.074,0.012,0.0642012455861299,0.000339849919526744,3.69770603918257
40,"gauss","null",20,"mm_999",500,0,0,NA,0.06,0.004,0.152,0.00148586046279188,3.69770603918257
100,"gauss","null",1,"ols",500,0,0,NA,0.038,0.006,0.0263864247070837,0.00217340288365951,4.01041177617115
100,"gauss","null",1,"modt",500,0,0,NA,0.04,0.006,0.0247853340955469,0.00239613602654595,4.01041177617115
100,"gauss","null",1,"fl_199",500,0,0,NA,0.034,0.004,0.031,0.005,4.01041177617115
100,"gauss","null",1,"fl_999",500,0,0,NA,0.032,0.006,0.031,0.003,4.01041177617115
100,"gauss","null",1,"fl_9999",500,0,0,NA,0.038,0.006,0.0275,0.002,4.01041177617115
100,"gauss","null",1,"pvw_199",500,0,0,NA,0.04,0.008,0.0266171374485441,0.00344606860396032,4.01041177617115
100,"gauss","null",1,"pvt_199",500,0,0,NA,0.042,0.008,0.0282767784114448,0.00179086912338855,4.01041177617115
100,"gauss","null",1,"mm_199",500,0,0,NA,0.042,0.006,0.0929490668769672,0.000500643907001861,4.01041177617115
100,"gauss","null",1,"pvw_999",500,0,0,NA,0.036,0.006,0.0279445165652442,0.00271931812314106,4.01041177617115
100,"gauss","null",1,"pvt_999",500,0,0,NA,0.042,0.008,0.0300800537340128,0.00183839443299041,4.01041177617115
100,"gauss","null",1,"mm_999",500,0,0,NA,0.038,0.006,0.094,0.00203719614289272,4.01041177617115
100,"gauss","null",2,"ols",500,1,1,NA,0.046,0.016,0.0276856145242759,1.31294673218773e-05,3.93593878229884
100,"gauss","null",2,"modt",500,1,1,NA,0.05,0.016,0.0223544591019761,1.96895292506563e-05,3.93593878229884
100,"gauss","null",2,"fl_199",500,0,0,NA,0.048,0.008,0.023,0.005,3.93593878229884
100,"gauss","null",2,"fl_999",500,0,0,NA,0.048,0.016,0.032,0.001,3.93593878229884
100,"gauss","null",2,"fl_9999",500,1,2,NA,0.05,0.016,0.0235,1e-04,3.93593878229884
100,"gauss","null",2,"pvw_199",500,1,1,NA,0.052,0.016,0.0333177408870104,4.26925314157996e-05,3.93593878229884
100,"gauss","null",2,"pvt_199",500,1,3,NA,0.054,0.018,0.0355755840512142,2.72972580606044e-06,3.93593878229884
100,"gauss","null",2,"mm_199",500,1,2,NA,0.052,0.02,0.0924817938112746,2.90807996452875e-06,3.93593878229884
100,"gauss","null",2,"pvw_999",500,1,1,NA,0.05,0.016,0.0281153859679068,2.14405025965807e-05,3.93593878229884
100,"gauss","null",2,"pvt_999",500,1,2,NA,0.056,0.018,0.0309270067185638,2.33312429913895e-06,3.93593878229884
100,"gauss","null",2,"mm_999",500,1,2,NA,0.05,0.018,0.094,1.46823455499904e-06,3.93593878229884
100,"gauss","null",3,"ols",500,0,0,NA,0.04,0.01,0.0266032561347384,0.00160282401734174,4.4398399563409
100,"gauss","null",3,"modt",500,0,0,NA,0.044,0.008,0.0273129504957313,0.00144207584021338,4.4398399563409
100,"gauss","null",3,"fl_199",500,0,0,NA,0.04,0.01,0.03,0.005,4.4398399563409
100,"gauss","null",3,"fl_999",500,0,0,NA,0.044,0.01,0.028,0.002,4.4398399563409
100,"gauss","null",3,"fl_9999",500,0,0,NA,0.04,0.01,0.026,0.0017,4.4398399563409
100,"gauss","null",3,"pvw_199",500,0,0,NA,0.046,0.01,0.0236427938607902,0.000889368515899337,4.4398399563409
100,"gauss","null",3,"pvt_199",500,0,0,NA,0.05,0.01,0.0207605425887676,0.000512122819342892,4.4398399563409
100,"gauss","null",3,"mm_199",500,0,0,NA,0.044,0.01,0.082,0.000506780777208651,4.4398399563409
100,"gauss","null",3,"pvw_999",500,0,0,NA,0.046,0.01,0.0252163411094706,0.00176344136071304,4.4398399563409
100,"gauss","null",3,"pvt_999",500,0,0,NA,0.046,0.014,0.0227736056447438,0.00107473092607292,4.4398399563409
100,"gauss","null",3,"mm_999",500,0,0,NA,0.046,0.012,0.098,0.00141034048477776,4.4398399563409
100,"gauss","null",4,"ols",500,0,0,NA,0.052,0.012,0.0292163163140609,0.000125835372336748,3.70538554826974
100,"gauss","null",4,"modt",500,0,0,NA,0.052,0.012,0.0292209186399051,0.000116515483333689,3.70538554826974
100,"gauss","null",4,"fl_199",500,0,0,NA,0.038,0.012,0.028,0.005,3.70538554826974
100,"gauss","null",4,"fl_999",500,0,0,NA,0.048,0.012,0.03,0.001,3.70538554826974
100,"gauss","null",4,"fl_9999",500,1,1,NA,0.05,0.012,0.0284,1e-04,3.70538554826974
100,"gauss","null",4,"pvw_199",500,1,1,NA,0.056,0.012,0.0269632125588284,9.84879539084806e-05,3.70538554826974
100,"gauss","null",4,"pvt_199",500,1,2,NA,0.06,0.016,0.0306314770670195,3.29142580558954e-05,3.70538554826974
100,"gauss","null",4,"mm_199",500,0,0,NA,0.058,0.014,0.0925760702045159,0.000163433182798458,3.70538554826974
100,"gauss","null",4,"pvw_999",500,0,0,NA,0.054,0.012,0.0271950091563229,0.000129224878553674,3.70538554826974
100,"gauss","null",4,"pvt_999",500,1,1,NA,0.062,0.016,0.0306762550345207,2.68846916611676e-05,3.70538554826974
100,"gauss","null",4,"mm_999",500,1,1,NA,0.05,0.012,0.106,6.24322020273547e-05,3.70538554826974
100,"gauss","null",5,"ols",500,0,0,NA,0.058,0.004,0.0334924034064795,0.00486895373312766,4.15611750551651
100,"gauss","null",5,"modt",500,0,0,NA,0.06,0.006,0.0354745814950114,0.00543291796556036,4.15611750551651
100,"gauss","null",5,"fl_199",500,0,0,NA,0.042,0.002,0.028,0.005,4.15611750551651
100,"gauss","null",5,"fl_999",500,0,0,NA,0.062,0.002,0.029,0.002,4.15611750551651
100,"gauss","null",5,"fl_9999",500,0,0,NA,0.056,0.004,0.0339,0.0046,4.15611750551651
100,"gauss","null",5,"pvw_199",500,0,0,NA,0.066,0.004,0.0417915968887305,0.00227555596943862,4.15611750551651
100,"gauss","null",5,"pvt_199",500,0,0,NA,0.07,0.006,0.0410103003760526,0.00108142996465254,4.15611750551651
100,"gauss","null",5,"mm_199",500,0,0,NA,0.064,0.01,0.0787029243521696,0.000761750645959541,4.15611750551651
100,"gauss","null",5,"pvw_999",500,0,0,NA,0.066,0.006,0.035373595361062,0.00559177560616049,4.15611750551651
100,"gauss","null",5,"pvt_999",500,0,0,NA,0.072,0.006,0.0365441148603254,0.00392087246222183,4.15611750551651
100,"gauss","null",5,"mm_999",500,0,0,NA,0.066,0.006,0.096,0.00458800536729906,4.15611750551651
100,"gauss","null",6,"ols",500,0,0,NA,0.048,0.012,0.0340517201538469,0.00269333316108377,3.90550828077816
100,"gauss","null",6,"modt",500,0,0,NA,0.052,0.012,0.0337844255666163,0.00295836831249764,3.90550828077816
100,"gauss","null",6,"fl_199",500,0,0,NA,0.046,0.006,0.027,0.005,3.90550828077816
100,"gauss","null",6,"fl_999",500,0,0,NA,0.05,0.012,0.032,0.003,3.90550828077816
100,"gauss","null",6,"fl_9999",500,0,0,NA,0.052,0.012,0.0349,0.0024,3.90550828077816
100,"gauss","null",6,"pvw_199",500,0,0,NA,0.05,0.012,0.0363465417782994,0.00129091869658475,3.90550828077816
100,"gauss","null",6,"pvt_199",500,0,0,NA,0.052,0.018,0.0402583740077346,0.000890732908372286,3.90550828077816
100,"gauss","null",6,"mm_199",500,0,0,NA,0.048,0.014,0.10940419091726,0.000259057932936667,3.90550828077816
100,"gauss","null",6,"pvw_999",500,0,0,NA,0.054,0.014,0.0377531928147914,0.00224263333715614,3.90550828077816
100,"gauss","null",6,"pvt_999",500,0,0,NA,0.056,0.018,0.0414768753427928,0.00140913170847076,3.90550828077816
100,"gauss","null",6,"mm_999",500,0,0,NA,0.054,0.016,0.088,0.00152999697433089,3.90550828077816
100,"gauss","null",7,"ols",500,0,0,NA,0.056,0.006,0.0313625850448479,0.00221777265785241,4.01533396828707
100,"gauss","null",7,"modt",500,0,0,NA,0.06,0.006,0.0301408886520689,0.002553377754186,4.01533396828707
100,"gauss","null",7,"fl_199",500,0,0,NA,0.052,0.006,0.03,0.005,4.01533396828707
100,"gauss","null",7,"fl_999",500,0,0,NA,0.054,0.006,0.033,0.004,4.01533396828707
100,"gauss","null",7,"fl_9999",500,0,0,NA,0.056,0.004,0.0291,0.0025,4.01533396828707
100,"gauss","null",7,"pvw_199",500,0,0,NA,0.06,0.008,0.0352362174413272,0.00144045417433069,4.01533396828707
100,"gauss","null",7,"pvt_199",500,0,0,NA,0.066,0.012,0.0390447604461433,0.00122303237191536,4.01533396828707
100,"gauss","null",7,"mm_199",500,0,0,NA,0.058,0.014,0.0997124763372611,0.000446106993953154,4.01533396828707
100,"gauss","null",7,"pvw_999",500,0,0,NA,0.058,0.004,0.0340595654946199,0.00276143852084559,4.01533396828707
100,"gauss","null",7,"pvt_999",500,0,0,NA,0.064,0.01,0.0381585058278357,0.00158251791657252,4.01533396828707
100,"gauss","null",7,"mm_999",500,0,0,NA,0.054,0.008,0.086,0.00225017211989071,4.01533396828707
100,"gauss","null",8,"ols",500,1,1,NA,0.054,0.012,0.03441488781979,3.57042045059526e-06,3.98246094100773
100,"gauss","null",8,"modt",500,1,1,NA,0.054,0.01,0.0329772140123682,3.76697153029576e-06,3.98246094100773
100,"gauss","null",8,"fl_199",500,0,0,NA,0.046,0.006,0.041,0.005,3.98246094100773
100,"gauss","null",8,"fl_999",500,0,0,NA,0.054,0.012,0.037,0.001,3.98246094100773
100,"gauss","null",8,"fl_9999",500,0,0,NA,0.054,0.012,0.0357000000000001,2e-04,3.98246094100773
100,"gauss","null",8,"pvw_199",500,1,1,NA,0.054,0.016,0.0348208751704717,8.46208464023912e-06,3.98246094100773
100,"gauss","null",8,"pvt_199",500,1,1,NA,0.056,0.016,0.0361667968436102,1.33052495584411e-06,3.98246094100773
100,"gauss","null",8,"mm_199",500,1,2,NA,0.056,0.016,0.0921715207740738,1.99196277317372e-09,3.98246094100773
100,"gauss","null",8,"pvw_999",500,1,1,NA,0.054,0.012,0.0363941381563014,3.32682003906434e-06,3.98246094100773
100,"gauss","null",8,"pvt_999",500,1,1,NA,0.06,0.012,0.0363799012049466,3.18913625272262e-07,3.98246094100773
100,"gauss","null",8,"mm_999",500,1,1,NA,0.054,0.012,0.084,1.35785195941229e-07,3.98246094100773
100,"gauss","null",9,"ols",500,0,0,NA,0.062,0.006,0.0284706342223725,0.00440544328723274,3.85893166990305
100,"gauss","null",9,"modt",500,0,0,NA,0.064,0.006,0.0284247882832612,0.0037721000415429,3.85893166990305
100,"gauss","null",9,"fl_199",500,0,0,NA,0.066,0.002,0.029,0.005,3.85893166990305
100,"gauss","null",9,"fl_999",500,0,0,NA,0.064,0.004,0.028,0.007,3.85893166990305
100,"gauss","null",9,"fl_9999",500,0,0,NA,0.062,0.006,0.0287,0.0041,3.85893166990305
100,"gauss","null",9,"pvw_199",500,0,0,NA,0.068,0.008,0.0424222550998318,0.00336406639883498,3.85893166990305
100,"gauss","null",9,"pvt_199",500,0,0,NA,0.072,0.008,0.0437855903044854,0.00281022927480613,3.85893166990305
100,"gauss","null",9,"mm_199",500,0,0,NA,0.066,0.01,0.0820968338867399,0.00124871063625441,3.85893166990305
100,"gauss","null",9,"pvw_999",500,0,0,NA,0.068,0.006,0.0316543805881533,0.00428954656256631,3.85893166990305
100,"gauss","null",9,"pvt_999",500,0,0,NA,0.07,0.008,0.0349472674748721,0.00292785133092971,3.85893166990305
100,"gauss","null",9,"mm_999",500,0,0,NA,0.064,0.004,0.082,0.00488794707968466,3.85893166990305
100,"gauss","null",10,"ols",500,0,0,NA,0.05,0.012,0.0296367089773197,0.0032420678665138,3.7899085041515
100,"gauss","null",10,"modt",500,0,0,NA,0.05,0.01,0.030025506782995,0.00340020713307069,3.7899085041515
100,"gauss","null",10,"fl_199",500,0,0,NA,0.04,0.004,0.032,0.005,3.7899085041515
100,"gauss","null",10,"fl_999",500,0,0,NA,0.05,0.01,0.032,0.004,3.7899085041515
100,"gauss","null",10,"fl_9999",500,0,0,NA,0.05,0.014,0.0332,0.0031,3.7899085041515
100,"gauss","null",10,"pvw_199",500,0,0,NA,0.05,0.01,0.0247764355721455,0.00221565107388402,3.7899085041515
100,"gauss","null",10,"pvt_199",500,0,0,NA,0.056,0.016,0.023092780459434,0.00170266576782574,3.7899085041515
100,"gauss","null",10,"mm_199",500,0,0,NA,0.052,0.014,0.0922929179835954,0.00151248980350108,3.7899085041515
100,"gauss","null",10,"pvw_999",500,0,0,NA,0.05,0.012,0.0261316181790568,0.0026059071388652,3.7899085041515
100,"gauss","null",10,"pvt_999",500,0,0,NA,0.052,0.02,0.0225134226880419,0.00167370130362241,3.7899085041515
100,"gauss","null",10,"mm_999",500,0,0,NA,0.05,0.014,0.108,0.00295403895506949,3.7899085041515
100,"gauss","null",11,"ols",500,0,0,NA,0.038,0.004,0.0345374327406328,0.00547706370401812,3.8994160884853
100,"gauss","null",11,"modt",500,0,0,NA,0.034,0.004,0.0342130257442094,0.00519650425423142,3.8994160884853
100,"gauss","null",11,"fl_199",500,0,0,NA,0.032,0.002,0.028,0.005,3.8994160884853
100,"gauss","null",11,"fl_999",500,0,0,NA,0.028,0.002,0.03,0.006,3.8994160884853
100,"gauss","null",11,"fl_9999",500,0,0,NA,0.032,0.002,0.0338000000000001,0.0056,3.8994160884853
100,"gauss","null",11,"pvw_199",500,0,0,NA,0.034,0.004,0.0264149879393684,0.00397777056255591,3.8994160884853
100,"gauss","null",11,"pvt_199",500,0,0,NA,0.042,0.004,0.0256862594066137,0.00325112128660071,3.8994160884853
100,"gauss","null",11,"mm_199",500,0,0,NA,0.038,0.006,0.088,0.00126320751323454,3.8994160884853
100,"gauss","null",11,"pvw_999",500,0,0,NA,0.034,0.002,0.0266838614764097,0.00479061681956583,3.8994160884853
100,"gauss","null",11,"pvt_999",500,0,0,NA,0.038,0.002,0.0256555830170273,0.00360958595555023,3.8994160884853
100,"gauss","null",11,"mm_999",500,0,0,NA,0.034,0.002,0.098,0.00509421770496026,3.8994160884853
100,"gauss","null",12,"ols",500,0,0,NA,0.048,0.006,0.034011294836359,0.00215709451747639,4.02798636900418
100,"gauss","null",12,"modt",500,0,0,NA,0.048,0.006,0.0337162325213127,0.00251641146888199,4.02798636900418
100,"gauss","null",12,"fl_199",500,0,0,NA,0.044,0.008,0.031,0.005,4.02798636900418
100,"gauss","null",12,"fl_999",500,0,0,NA,0.046,0.008,0.035,0.003,4.02798636900418
100,"gauss","null",12,"fl_9999",500,0,0,NA,0.046,0.006,0.0387,0.0029,4.02798636900418
100,"gauss","null",12,"pvw_199",500,0,0,NA,0.05,0.008,0.0405388944179859,0.00134984139072774,4.02798636900418
100,"gauss","null",12,"pvt_199",500,0,0,NA,0.056,0.008,0.0409948980144935,0.000752278024219693,4.02798636900418
100,"gauss","null",12,"mm_199",500,0,0,NA,0.05,0.01,0.105691040848489,0.000866518476401694,4.02798636900418
100,"gauss","null",12,"pvw_999",500,0,0,NA,0.048,0.008,0.0403806185596285,0.00291473900018144,4.02798636900418
100,"gauss","null",12,"pvt_999",500,0,0,NA,0.052,0.008,0.0406312212705801,0.00179153012554873,4.02798636900418
100,"gauss","null",12,"mm_999",500,0,0,NA,0.046,0.01,0.084,0.00261648551920381,4.02798636900418
100,"gauss","null",13,"ols",500,0,0,NA,0.058,0.018,0.0534706562166206,0.00370721264554073,3.8978147621886
100,"gauss","null",13,"modt",500,0,0,NA,0.058,0.018,0.0537139184127827,0.0042241787165233,3.8978147621886
100,"gauss","null",13,"fl_199",500,0,0,NA,0.052,0.006,0.046,0.005,3.8978147621886
100,"gauss","null",13,"fl_999",500,0,0,NA,0.054,0.018,0.049,0.005,3.8978147621886
100,"gauss","null",13,"fl_9999",500,0,0,NA,0.058,0.016,0.0532,0.0039,3.8978147621886
100,"gauss","null",13,"pvw_199",500,0,0,NA,0.058,0.012,0.0565748728105932,0.00341208016185498,3.8978147621886
100,"gauss","null",13,"pvt_199",500,0,0,NA,0.066,0.016,0.0576919577995,0.00231704328214059,3.8978147621886
100,"gauss","null",13,"mm_199",500,0,0,NA,0.066,0.018,0.109225545824062,0.00158474246007555,3.8978147621886
100,"gauss","null",13,"pvw_999",500,0,0,NA,0.062,0.02,0.0524236165727958,0.00362722074750548,3.8978147621886
100,"gauss","null",13,"pvt_999",500,0,0,NA,0.068,0.02,0.0556285256741894,0.00232644816607131,3.8978147621886
100,"gauss","null",13,"mm_999",500,0,0,NA,0.06,0.018,0.088,0.00379715169523566,3.8978147621886
100,"gauss","null",14,"ols",500,0,0,NA,0.064,0.01,0.0294158684764197,0.000900065288669488,3.58060122289907
100,"gauss","null",14,"modt",500,0,0,NA,0.062,0.01,0.0307086381167146,0.000921491576501694,3.58060122289907
100,"gauss","null",14,"fl_199",500,0,0,NA,0.054,0.004,0.029,0.005,3.58060122289907
100,"gauss","null",14,"fl_999",500,0,0,NA,0.062,0.012,0.027,0.001,3.58060122289907
100,"gauss","null",14,"fl_9999",500,0,0,NA,0.064,0.012,0.0318999999999999,9e-04,3.58060122289907
100,"gauss","null",14,"pvw_199",500,0,0,NA,0.064,0.012,0.0287872131439841,0.00111813947800653,3.58060122289907
100,"gauss","null",14,"pvt_199",500,0,0,NA,0.066,0.016,0.0310988831652794,0.000596996704318784,3.58060122289907
100,"gauss","null",14,"mm_199",500,0,0,NA,0.06,0.016,0.084,0.000243885018256365,3.58060122289907
100,"gauss","null",14,"pvw_999",500,0,0,NA,0.064,0.01,0.0281167777562951,0.00125803353767182,3.58060122289907
100,"gauss","null",14,"pvt_999",500,0,0,NA,0.07,0.016,0.0277974219309231,0.00068670232906535,3.58060122289907
100,"gauss","null",14,"mm_999",500,0,0,NA,0.062,0.014,0.106,0.000903865479058587,3.58060122289907
100,"gauss","null",15,"ols",500,0,0,NA,0.058,0.006,0.0286909683801134,0.00379878503212209,3.86115409866743
100,"gauss","null",15,"modt",500,0,0,NA,0.058,0.006,0.0294102992589124,0.0036790962684233,3.86115409866743
100,"gauss","null",15,"fl_199",500,0,0,NA,0.052,0.006,0.027,0.005,3.86115409866743
100,"gauss","null",15,"fl_999",500,0,0,NA,0.056,0.006,0.031,0.003,3.86115409866743
100,"gauss","null",15,"fl_9999",500,0,0,NA,0.056,0.006,0.0301,0.0035,3.86115409866743
100,"gauss","null",15,"pvw_199",500,0,0,NA,0.064,0.006,0.032874000691237,0.00328939393880811,3.86115409866743
100,"gauss","null",15,"pvt_199",500,0,0,NA,0.072,0.01,0.0359454149578394,0.00183271905733835,3.86115409866743
100,"gauss","null",15,"mm_199",500,0,0,NA,0.066,0.01,0.0838907743051639,0.00175802489615909,3.86115409866743
100,"gauss","null",15,"pvw_999",500,0,0,NA,0.062,0.008,0.0363153494308185,0.00393393638318175,3.86115409866743
100,"gauss","null",15,"pvt_999",500,0,0,NA,0.064,0.008,0.0369413610104886,0.00268516679567273,3.86115409866743
100,"gauss","null",15,"mm_999",500,0,0,NA,0.058,0.008,0.126,0.00258788185706064,3.86115409866743
100,"gauss","null",16,"ols",500,0,0,NA,0.038,0.006,0.041142042186499,0.00421148973974842,3.95714141374303
100,"gauss","null",16,"modt",500,0,0,NA,0.036,0.006,0.0419840689593078,0.00372489382789922,3.95714141374303
100,"gauss","null",16,"fl_199",500,0,0,NA,0.042,0.004,0.045,0.005,3.95714141374303
100,"gauss","null",16,"fl_999",500,0,0,NA,0.038,0.008,0.044,0.002,3.95714141374303
100,"gauss","null",16,"fl_9999",500,0,0,NA,0.038,0.006,0.042,0.0036,3.95714141374303
100,"gauss","null",16,"pvw_199",500,0,0,NA,0.038,0.006,0.0398366702941111,0.00432856835704652,3.95714141374303
100,"gauss","null",16,"pvt_199",500,0,0,NA,0.042,0.01,0.0377444285640113,0.00279393939098493,3.95714141374303
100,"gauss","null",16,"mm_199",500,0,0,NA,0.036,0.008,0.076,0.00151007510377131,3.95714141374303
100,"gauss","null",16,"pvw_999",500,0,0,NA,0.036,0.006,0.0382964232246399,0.00382448559219234,3.95714141374303
100,"gauss","null",16,"pvt_999",500,0,0,NA,0.042,0.01,0.0381347066758886,0.00250532220343625,3.95714141374303
100,"gauss","null",16,"mm_999",500,0,0,NA,0.036,0.002,0.092,0.00134417460484779,3.95714141374303
100,"gauss","null",17,"ols",500,0,0,NA,0.032,0.008,0.0387430083172431,0.00173308355168809,4.13978837915141
100,"gauss","null",17,"modt",500,0,0,NA,0.034,0.008,0.0392356697790158,0.00161510599493326,4.13978837915141
100,"gauss","null",17,"fl_199",500,0,0,NA,0.03,0.006,0.044,0.005,4.13978837915141
100,"gauss","null",17,"fl_999",500,0,0,NA,0.034,0.008,0.04,0.003,4.13978837915141
100,"gauss","null",17,"fl_9999",500,0,0,NA,0.034,0.008,0.0386,0.002,4.13978837915141
100,"gauss","null",17,"pvw_199",500,0,0,NA,0.036,0.012,0.0332886737149081,0.0023024142890368,4.13978837915141
100,"gauss","null",17,"pvt_199",500,0,0,NA,0.038,0.012,0.0327138758713357,0.00192229862364528,4.13978837915141
100,"gauss","null",17,"mm_199",500,0,0,NA,0.034,0.012,0.0909518016604673,0.000579827725436453,4.13978837915141
100,"gauss","null",17,"pvw_999",500,0,0,NA,0.036,0.008,0.0322993590643219,0.00242315180615993,4.13978837915141
100,"gauss","null",17,"pvt_999",500,0,0,NA,0.038,0.01,0.0306263707827873,0.00162561990177088,4.13978837915141
100,"gauss","null",17,"mm_999",500,0,0,NA,0.03,0.008,0.0639999999999999,0.00266909002793821,4.13978837915141
100,"gauss","null",18,"ols",500,0,0,NA,0.046,0.01,0.0276505210959026,0.000310057866917831,3.98087262620847
100,"gauss","null",18,"modt",500,0,0,NA,0.046,0.01,0.0272837413936388,0.000307762189738304,3.98087262620847
100,"gauss","null",18,"fl_199",500,0,0,NA,0.036,0.006,0.031,0.005,3.98087262620847
100,"gauss","null",18,"fl_999",500,0,0,NA,0.042,0.008,0.029,0.001,3.98087262620847
100,"gauss","null",18,"fl_9999",500,0,0,NA,0.042,0.01,0.028,3e-04,3.98087262620847
100,"gauss","null",18,"pvw_199",500,0,0,NA,0.052,0.008,0.0251950583783082,0.000371862146050352,3.98087262620847
100,"gauss","null",18,"pvt_199",500,0,0,NA,0.06,0.01,0.0280402966308118,0.000133545283594561,3.98087262620847
100,"gauss","null",18,"mm_199",500,1,1,NA,0.05,0.01,0.0826051535513623,4.13911876281137e-05,3.98087262620847
100,"gauss","null",18,"pvw_999",500,0,0,NA,0.048,0.01,0.0272515489428514,0.000325714970469143,3.98087262620847
100,"gauss","null",18,"pvt_999",500,0,0,NA,0.05,0.01,0.0272440395251827,0.000115063280040572,3.98087262620847
100,"gauss","null",18,"mm_999",500,1,1,NA,0.046,0.01,0.084,5.75008609138417e-05,3.98087262620847
100,"gauss","null",19,"ols",500,0,0,NA,0.056,0.006,0.0363295614096102,0.00461123361770979,3.70724955662001
100,"gauss","null",19,"modt",500,0,0,NA,0.054,0.008,0.039539239858704,0.00435930624633585,3.70724955662001
100,"gauss","null",19,"fl_199",500,0,0,NA,0.052,0.006,0.031,0.005,3.70724955662001
100,"gauss","null",19,"fl_999",500,0,0,NA,0.056,0.006,0.034,0.004,3.70724955662001
100,"gauss","null",19,"fl_9999",500,0,0,NA,0.058,0.006,0.0351,0.0036,3.70724955662001
100,"gauss","null",19,"pvw_199",500,0,0,NA,0.06,0.01,0.0412484193895504,0.00277540354582664,3.70724955662001
100,"gauss","null",19,"pvt_199",500,0,0,NA,0.066,0.012,0.0448935847275846,0.00207354951664458,3.70724955662001
100,"gauss","null",19,"mm_199",500,0,0,NA,0.056,0.01,0.0900378173471945,0.000698283216791279,3.70724955662001
100,"gauss","null",19,"pvw_999",500,0,0,NA,0.06,0.008,0.0426609931535064,0.00395024611209598,3.70724955662001
100,"gauss","null",19,"pvt_999",500,0,0,NA,0.066,0.01,0.0453214984113803,0.00262261305507856,3.70724955662001
100,"gauss","null",19,"mm_999",500,0,0,NA,0.054,0.012,0.114,0.00211852546546819,3.70724955662001
100,"gauss","null",20,"ols",500,0,0,NA,0.044,0.004,0.0294879512393543,0.00669484845722206,4.00467306638374
100,"gauss","null",20,"modt",500,0,0,NA,0.04,0.002,0.0292603846884234,0.00754495330604542,4.00467306638374
100,"gauss","null",20,"fl_199",500,0,0,NA,0.044,0.006,0.032,0.005,4.00467306638374
100,"gauss","null",20,"fl_999",500,0,0,NA,0.046,0.002,0.028,0.005,4.00467306638374
100,"gauss","null",20,"fl_9999",500,0,0,NA,0.042,0.002,0.0248,0.0073,4.00467306638374
100,"gauss","null",20,"pvw_199",500,0,0,NA,0.05,0.004,0.0251126748332485,0.00632730392404833,4.00467306638374
100,"gauss","null",20,"pvt_199",500,0,0,NA,0.054,0.008,0.0252174021153911,0.00411136022721753,4.00467306638374
100,"gauss","null",20,"mm_199",500,0,0,NA,0.05,0.01,0.102212007040886,0.00315179825134779,4.00467306638374
100,"gauss","null",20,"pvw_999",500,0,0,NA,0.044,0.002,0.0228924193758646,0.00607722603372331,4.00467306638374
100,"gauss","null",20,"pvt_999",500,0,0,NA,0.054,0.004,0.0208513869388316,0.00416203742342238,4.00467306638374
100,"gauss","null",20,"mm_999",500,0,0,NA,0.048,0.002,0.082,0.00420053915794361,4.00467306638374
10,"t3","null",1,"ols",500,0,0,NA,0.058,0.012,0.0304661435940696,0.00298016626469795,2.82327904582757
10,"t3","null",1,"modt",500,0,0,NA,0.048,0.006,0.0279825477426087,0.000822759707131983,2.82327904582757
10,"t3","null",1,"fl_199",500,0,0,NA,0.042,0,0.038,0.01,2.82327904582757
10,"t3","null",1,"fl_999",500,0,0,NA,0.046,0,0.036,0.013,2.82327904582757
10,"t3","null",1,"fl_9999",500,0,0,NA,0.048,0.006,0.0357,0.0091,2.82327904582757
10,"t3","null",1,"pvw_199",500,0,0,NA,0.054,0,0.0944602756592082,0.0123127802667526,2.82327904582757
10,"t3","null",1,"pvt_199",500,1,18,NA,0.142,0.064,0.121947118009504,2.9168068948447e-07,2.82327904582757
10,"t3","null",1,"mm_199",500,0,0,NA,0.046,0.008,0.116,0.00473393571978249,2.82327904582757
10,"t3","null",1,"pvw_999",500,0,0,NA,0.056,0,0.0958943761599886,0.0113542082272673,2.82327904582757
10,"t3","null",1,"pvt_999",500,1,15,NA,0.142,0.06,0.117645018578741,6.7465664688882e-07,2.82327904582757
10,"t3","null",1,"mm_999",500,0,0,NA,0.046,0.008,0.206,0.00741364905312919,2.82327904582757
10,"t3","null",2,"ols",500,0,0,NA,0.048,0.008,0.045560692541082,0.0034729884933019,2.6390091615512
10,"t3","null",2,"modt",500,0,0,NA,0.056,0.002,0.0401929316570169,0.00917081028559615,2.6390091615512
10,"t3","null",2,"fl_199",500,0,0,NA,0.044,0.004,0.036,0.005,2.6390091615512
10,"t3","null",2,"fl_999",500,0,0,NA,0.06,0.014,0.0379999999999999,0.002,2.6390091615512
10,"t3","null",2,"fl_9999",500,0,0,NA,0.062,0.008,0.0355,0.0022,2.6390091615512
10,"t3","null",2,"pvw_199",500,0,0,NA,0.056,0.002,0.112416824824677,0.00647358386515082,2.6390091615512
10,"t3","null",2,"pvt_199",500,1,12,NA,0.13,0.056,0.128829982988177,4.78851883904964e-08,2.6390091615512
10,"t3","null",2,"mm_199",500,0,0,NA,0.056,0.014,0.148,0.00041954252555244,2.6390091615512
10,"t3","null",2,"pvw_999",500,0,0,NA,0.058,0,0.111508828954432,0.0103065243351579,2.6390091615512
10,"t3","null",2,"pvt_999",500,1,13,NA,0.138,0.062,0.127124076671616,3.15911433197943e-07,2.6390091615512
10,"t3","null",2,"mm_999",500,0,0,NA,0.06,0.01,0.264,0.00117541434583811,2.6390091615512
10,"t3","null",3,"ols",500,0,0,NA,0.066,0.012,0.0377988624619223,0.000932990819868344,2.94643214963692
10,"t3","null",3,"modt",500,0,0,NA,0.07,0.024,0.0373826999756865,0.00387018685002414,2.94643214963692
10,"t3","null",3,"fl_199",500,0,0,NA,0.066,0.008,0.039,0.005,2.94643214963692
10,"t3","null",3,"fl_999",500,0,0,NA,0.066,0.02,0.041,0.003,2.94643214963692
10,"t3","null",3,"fl_9999",500,0,0,NA,0.064,0.018,0.0363,0.0029,2.94643214963692
10,"t3","null",3,"pvw_199",500,0,0,NA,0.086,0.01,0.0937404818928919,0.00459843470309005,2.94643214963692
10,"t3","null",3,"pvt_199",500,1,22,NA,0.152,0.08,0.132028540765268,3.49673192334401e-11,2.94643214963692
10,"t3","null",3,"mm_199",500,0,0,NA,0.07,0.03,0.142,0.00167274343593683,2.94643214963692
10,"t3","null",3,"pvw_999",500,0,0,NA,0.078,0.004,0.088783256990962,0.00595170776525909,2.94643214963692
10,"t3","null",3,"pvt_999",500,1,20,NA,0.158,0.074,0.131327926816364,5.67068930805205e-10,2.94643214963692
10,"t3","null",3,"mm_999",500,0,0,NA,0.064,0.016,0.228,0.00187605398631341,2.94643214963692
10,"t3","null",4,"ols",500,0,0,NA,0.048,0.01,0.0488149076798781,0.000356316216526608,2.46390480483976
10,"t3","null",4,"modt",500,0,0,NA,0.06,0.008,0.0403736056483122,0.00126382450017392,2.46390480483976
10,"t3","null",4,"fl_199",500,0,0,NA,0.058,0.006,0.049,0.005,2.46390480483976
10,"t3","null",4,"fl_999",500,0,0,NA,0.064,0.016,0.048,0.001,2.46390480483976
10,"t3","null",4,"fl_9999",500,0,0,NA,0.066,0.014,0.047,0.0011,2.46390480483976
10,"t3","null",4,"pvw_199",500,0,0,NA,0.06,0.004,0.10325845923294,0.00745167384250766,2.46390480483976
10,"t3","null",4,"pvt_199",500,1,16,NA,0.158,0.058,0.129594332596897,1.67924236456786e-13,2.46390480483976
10,"t3","null",4,"mm_199",500,1,1,NA,0.06,0.024,0.116,1.57764381316225e-05,2.46390480483976
10,"t3","null",4,"pvw_999",500,0,0,NA,0.056,0.004,0.100040560862,0.00670483394757375,2.46390480483976
10,"t3","null",4,"pvt_999",500,1,17,NA,0.164,0.062,0.132028923030122,9.72515908927307e-13,2.46390480483976
10,"t3","null",4,"mm_999",500,1,1,NA,0.07,0.018,0.226,4.60291412325059e-05,2.46390480483976
10,"t3","null",5,"ols",500,0,0,NA,0.052,0.01,0.0317677818115443,0.00103123357726504,2.62041887529476
10,"t3","null",5,"modt",500,0,0,NA,0.052,0.016,0.0221554388272677,0.00140513159883627,2.62041887529476
10,"t3","null",5,"fl_199",500,0,0,NA,0.034,0.008,0.034,0.005,2.62041887529476
10,"t3","null",5,"fl_999",500,0,0,NA,0.05,0.01,0.026,0.001,2.62041887529476
10,"t3","null",5,"fl_9999",500,0,0,NA,0.052,0.01,0.0254,6e-04,2.62041887529476
10,"t3","null",5,"pvw_199",500,0,0,NA,0.052,0.002,0.083792288294379,0.00815250008809353,2.62041887529476
10,"t3","null",5,"pvt_199",500,1,13,NA,0.128,0.066,0.10431114609648,1.18268108088684e-09,2.62041887529476
10,"t3","null",5,"mm_199",500,1,1,NA,0.04,0.014,0.236,2.20339573455427e-05,2.62041887529476
10,"t3","null",5,"pvw_999",500,0,0,NA,0.058,0.006,0.0829524689241724,0.00732634229348622,2.62041887529476
10,"t3","null",5,"pvt_999",500,1,15,NA,0.13,0.066,0.107937848385891,1.29900694138027e-09,2.62041887529476
10,"t3","null",5,"mm_999",500,0,0,NA,0.05,0.01,0.418,0.000475802463982804,2.62041887529476
10,"t3","null",6,"ols",500,0,0,NA,0.044,0.006,0.0215865964039468,0.00202664372613768,2.78041634999555
10,"t3","null",6,"modt",500,0,0,NA,0.048,0.006,0.0336307885838249,0.00611501615132137,2.78041634999555
10,"t3","null",6,"fl_199",500,0,0,NA,0.038,0.004,0.022,0.005,2.78041634999555
10,"t3","null",6,"fl_999",500,0,0,NA,0.042,0.006,0.023,0.003,2.78041634999555
10,"t3","null",6,"fl_9999",500,0,0,NA,0.042,0.006,0.0233,0.0019,2.78041634999555
10,"t3","null",6,"pvw_199",500,0,0,NA,0.056,0.002,0.0657366662225964,0.00697171526900383,2.78041634999555
10,"t3","null",6,"pvt_199",500,1,9,NA,0.118,0.048,0.0961176388735967,1.92217628509765e-08,2.78041634999555
10,"t3","null",6,"mm_199",500,0,0,NA,0.042,0.014,0.224,0.00176909244030594,2.78041634999555
10,"t3","null",6,"pvw_999",500,0,0,NA,0.05,0.002,0.0642544923130245,0.00936902774882709,2.78041634999555
10,"t3","null",6,"pvt_999",500,1,9,NA,0.12,0.05,0.0953983067519771,8.03112931948771e-08,2.78041634999555
10,"t3","null",6,"mm_999",500,0,0,NA,0.048,0.006,0.428,0.00268811675158191,2.78041634999555
10,"t3","null",7,"ols",500,0,0,NA,0.046,0.008,0.0678670672745764,0.00433691828874344,2.99258089448813
10,"t3","null",7,"modt",500,0,0,NA,0.046,0.008,0.0780628817619231,0.00137313049752336,2.99258089448813
10,"t3","null",7,"fl_199",500,0,0,NA,0.05,0.01,0.051,0.005,2.99258089448813
10,"t3","null",7,"fl_999",500,0,0,NA,0.054,0.01,0.0590000000000001,0.003,2.99258089448813
10,"t3","null",7,"fl_9999",500,0,0,NA,0.052,0.01,0.059,0.0024,2.99258089448813
10,"t3","null",7,"pvw_199",500,0,0,NA,0.048,0.004,0.125698603191445,0.00753805193575326,2.99258089448813
10,"t3","null",7,"pvt_199",500,1,9,NA,0.134,0.05,0.153646807687872,3.82320729059473e-06,2.99258089448813
10,"t3","null",7,"mm_199",500,1,1,NA,0.052,0.016,0.16,4.37692911393224e-05,2.99258089448813
10,"t3","null",7,"pvw_999",500,0,0,NA,0.054,0.004,0.133894476715099,0.00910170967714167,2.99258089448813
10,"t3","null",7,"pvt_999",500,1,9,NA,0.136,0.048,0.155527156793651,1.68059290827517e-06,2.99258089448813
10,"t3","null",7,"mm_999",500,0,0,NA,0.06,0.01,0.298,0.00191056720209159,2.99258089448813
10,"t3","null",8,"ols",500,0,0,NA,0.05,0.008,0.0550303234132206,0.000600328810934518,3.06138275987151
10,"t3","null",8,"modt",500,0,0,NA,0.036,0.01,0.0640169791920969,0.0041327945550252,3.06138275987151
10,"t3","null",8,"fl_199",500,0,0,NA,0.054,0.008,0.045,0.005,3.06138275987151
10,"t3","null",8,"fl_999",500,0,0,NA,0.046,0.006,0.04,0.002,3.06138275987151
10,"t3","null",8,"fl_9999",500,0,0,NA,0.05,0.006,0.0443,0.0022,3.06138275987151
10,"t3","null",8,"pvw_199",500,0,0,NA,0.068,0.008,0.126974865004108,0.00288715233785613,3.06138275987151
10,"t3","null",8,"pvt_199",500,1,12,NA,0.112,0.062,0.145316002867383,1.17632739100968e-12,3.06138275987151
10,"t3","null",8,"mm_199",500,1,3,NA,0.06,0.016,0.12,7.10767738825677e-07,3.06138275987151
10,"t3","null",8,"pvw_999",500,0,0,NA,0.052,0.006,0.115843095414259,0.0049203644302156,3.06138275987151
10,"t3","null",8,"pvt_999",500,1,12,NA,0.108,0.054,0.140896614288735,4.33672795614188e-12,3.06138275987151
10,"t3","null",8,"mm_999",500,0,0,NA,0.052,0.006,0.226,0.00133202038890729,3.06138275987151
10,"t3","null",9,"ols",500,0,0,NA,0.046,0.014,0.0525844154973272,0.00228118827466725,2.78811398320321
10,"t3","null",9,"modt",500,0,0,NA,0.052,0.014,0.0482718785905307,0.00351943281004073,2.78811398320321
10,"t3","null",9,"fl_199",500,0,0,NA,0.048,0.014,0.0399999999999999,0.005,2.78811398320321
10,"t3","null",9,"fl_999",500,0,0,NA,0.05,0.014,0.046,0.002,2.78811398320321
10,"t3","null",9,"fl_9999",500,0,0,NA,0.05,0.016,0.0484,0.0017,2.78811398320321
10,"t3","null",9,"pvw_199",500,0,0,NA,0.05,0.004,0.101686633793569,0.00871029142067643,2.78811398320321
10,"t3","null",9,"pvt_199",500,1,15,NA,0.15,0.054,0.126719429344324,1.30799128905856e-06,2.78811398320321
10,"t3","null",9,"mm_199",500,1,2,NA,0.048,0.018,0.182,0.000134966740381717,2.78811398320321
10,"t3","null",9,"pvw_999",500,0,0,NA,0.05,0.002,0.108299776605639,0.00989042309490695,2.78811398320321
10,"t3","null",9,"pvt_999",500,1,15,NA,0.144,0.05,0.131218269619902,1.86793127611247e-07,2.78811398320321
10,"t3","null",9,"mm_999",500,0,0,NA,0.056,0.008,0.3,0.000829297275577363,2.78811398320321
10,"t3","null",10,"ols",500,0,0,NA,0.048,0.016,0.0318026513516284,0.000712944443677817,2.52543569796384
10,"t3","null",10,"modt",500,0,0,NA,0.048,0.014,0.0370750204995983,0.00589235108843792,2.52543569796384
10,"t3","null",10,"fl_199",500,0,0,NA,0.06,0.006,0.029,0.005,2.52543569796384
10,"t3","null",10,"fl_999",500,0,0,NA,0.056,0.014,0.022,0.001,2.52543569796384
10,"t3","null",10,"fl_9999",500,0,0,NA,0.06,0.014,0.0208,7e-04,2.52543569796384
10,"t3","null",10,"pvw_199",500,0,0,NA,0.068,0.01,0.0826119959358631,0.00396175538848749,2.52543569796384
10,"t3","null",10,"pvt_199",500,1,12,NA,0.118,0.06,0.103089690123016,6.37922204204291e-11,2.52543569796384
10,"t3","null",10,"mm_199",500,1,2,NA,0.06,0.014,0.164,7.00393486971057e-05,2.52543569796384
10,"t3","null",10,"pvw_999",500,0,0,NA,0.058,0.006,0.0916101470712173,0.00612022908997973,2.52543569796384
10,"t3","null",10,"pvt_999",500,1,17,NA,0.12,0.058,0.105740600574892,7.69061811973308e-11,2.52543569796384
10,"t3","null",10,"mm_999",500,1,1,NA,0.062,0.014,0.306,4.74443394210419e-05,2.52543569796384
10,"t3","null",11,"ols",500,0,0,NA,0.048,0.01,0.0364874609171324,0.0021124838046189,2.44651783825466
10,"t3","null",11,"modt",500,0,0,NA,0.042,0.012,0.0331411002495331,0.00357000549493535,2.44651783825466
10,"t3","null",11,"fl_199",500,0,0,NA,0.05,0.008,0.029,0.005,2.44651783825466
10,"t3","null",11,"fl_999",500,0,0,NA,0.04,0.01,0.0409999999999999,0.003,2.44651783825466
10,"t3","null",11,"fl_9999",500,0,0,NA,0.048,0.008,0.0386,0.0017,2.44651783825466
10,"t3","null",11,"pvw_199",500,0,0,NA,0.052,0.004,0.097532267628913,0.00867976575730574,2.44651783825466
10,"t3","null",11,"pvt_199",500,1,16,NA,0.126,0.05,0.112567437626107,7.89383898570011e-08,2.44651783825466
10,"t3","null",11,"mm_199",500,0,0,NA,0.044,0.018,0.184,0.000443523148574201,2.44651783825466
10,"t3","null",11,"pvw_999",500,0,0,NA,0.048,0,0.0965982721445632,0.010486414495625,2.44651783825466
10,"t3","null",11,"pvt_999",500,1,14,NA,0.128,0.056,0.111602039721652,7.64606118146597e-08,2.44651783825466
10,"t3","null",11,"mm_999",500,0,0,NA,0.054,0.008,0.37,0.00274199018900091,2.44651783825466
10,"t3","null",12,"ols",500,0,0,NA,0.048,0.012,0.0257508330563616,0.00332876294263061,2.66779513525582
10,"t3","null",12,"modt",500,0,0,NA,0.058,0.012,0.0324803164653465,0.00244025118343242,2.66779513525582
10,"t3","null",12,"fl_199",500,0,0,NA,0.048,0.006,0.022,0.005,2.66779513525582
10,"t3","null",12,"fl_999",500,0,0,NA,0.046,0.014,0.022,0.002,2.66779513525582
10,"t3","null",12,"fl_9999",500,0,0,NA,0.05,0.016,0.0241,0.0016,2.66779513525582
10,"t3","null",12,"pvw_199",500,0,0,NA,0.046,0,0.0881126716305534,0.012176014534281,2.66779513525582
10,"t3","null",12,"pvt_199",500,1,19,NA,0.136,0.066,0.122538267425991,1.62820920091899e-07,2.66779513525582
10,"t3","null",12,"mm_199",500,0,0,NA,0.044,0.014,0.17,0.00115629146109019,2.66779513525582
10,"t3","null",12,"pvw_999",500,0,0,NA,0.056,0,0.085488094769979,0.0117419822277363,2.66779513525582
10,"t3","null",12,"pvt_999",500,1,17,NA,0.138,0.064,0.11810910081984,4.95397432526312e-07,2.66779513525582
10,"t3","null",12,"mm_999",500,0,0,NA,0.052,0.014,0.306,0.00154629340815767,2.66779513525582
10,"t3","null",13,"ols",500,0,0,NA,0.034,0.006,0.0401341226970886,0.00011532330918181,2.46549087820504
10,"t3","null",13,"modt",500,0,0,NA,0.046,0.004,0.033994555431753,0.00497608566100219,2.46549087820504
10,"t3","null",13,"fl_199",500,0,0,NA,0.034,0.004,0.034,0.005,2.46549087820504
10,"t3","null",13,"fl_999",500,0,0,NA,0.036,0.006,0.033,0.001,2.46549087820504
10,"t3","null",13,"fl_9999",500,0,0,NA,0.034,0.01,0.0363,0.0013,2.46549087820504
10,"t3","null",13,"pvw_199",500,0,0,NA,0.038,0.004,0.084717668521599,0.00388307521497553,2.46549087820504
10,"t3","null",13,"pvt_199",500,1,7,NA,0.116,0.04,0.105518054699428,1.4650906299922e-19,2.46549087820504
10,"t3","null",13,"mm_199",500,1,1,NA,0.036,0.012,0.132,6.14533320637215e-10,2.46549087820504
10,"t3","null",13,"pvw_999",500,0,0,NA,0.04,0.004,0.0852820786266246,0.00430569393626029,2.46549087820504
10,"t3","null",13,"pvt_999",500,1,8,NA,0.112,0.04,0.104654632366409,7.06241500735313e-18,2.46549087820504
10,"t3","null",13,"mm_999",500,0,0,NA,0.046,0.01,0.236,0.000404762554116828,2.46549087820504
10,"t3","null",14,"ols",500,0,0,NA,0.036,0.01,0.0480202302398671,0.000146613129818236,3.08472752590709
10,"t3","null",14,"modt",500,0,0,NA,0.032,0.01,0.0449483755775295,0.00206617875796679,3.08472752590709
10,"t3","null",14,"fl_199",500,0,0,NA,0.04,0.01,0.041,0.005,3.08472752590709
10,"t3","null",14,"fl_999",500,0,0,NA,0.046,0.008,0.038,0.002,3.08472752590709
10,"t3","null",14,"fl_9999",500,0,0,NA,0.048,0.01,0.0412,6e-04,3.08472752590709
10,"t3","null",14,"pvw_199",500,0,0,NA,0.062,0.012,0.115024906309183,0.00236182898470018,3.08472752590709
10,"t3","null",14,"pvt_199",500,1,8,NA,0.116,0.048,0.130181887839826,1.1054651808339e-17,3.08472752590709
10,"t3","null",14,"mm_199",500,0,0,NA,0.054,0.012,0.148,0.000105494637686633,3.08472752590709
10,"t3","null",14,"pvw_999",500,0,0,NA,0.052,0.004,0.108827067602014,0.00327959654874105,3.08472752590709
10,"t3","null",14,"pvt_999",500,1,7,NA,0.116,0.052,0.130155938271125,1.70288118775694e-17,3.08472752590709
10,"t3","null",14,"mm_999",500,0,0,NA,0.052,0.008,0.254,0.000763251131084016,3.08472752590709
10,"t3","null",15,"ols",500,0,0,NA,0.058,0.004,0.0171310125753735,0.00382030744175535,3.19230213437227
10,"t3","null",15,"modt",500,0,0,NA,0.056,0.008,0.0171018298938376,0.00199587798264672,3.19230213437227
10,"t3","null",15,"fl_199",500,0,0,NA,0.044,0.002,0.028,0.005,3.19230213437227
10,"t3","null",15,"fl_999",500,0,0,NA,0.052,0.002,0.026,0.002,3.19230213437227
10,"t3","null",15,"fl_9999",500,0,0,NA,0.054,0.006,0.0234,0.0021,3.19230213437227
10,"t3","null",15,"pvw_199",500,0,0,NA,0.056,0.002,0.0790422386363181,0.00932745336079157,3.19230213437227
10,"t3","null",15,"pvt_199",500,1,9,NA,0.13,0.064,0.120015416742519,1.29999142391114e-06,3.19230213437227
10,"t3","null",15,"mm_199",500,0,0,NA,0.05,0.008,0.184,0.00116872413587765,3.19230213437227
10,"t3","null",15,"pvw_999",500,0,0,NA,0.062,0,0.0818556613258007,0.0105740194399442,3.19230213437227
10,"t3","null",15,"pvt_999",500,1,8,NA,0.128,0.064,0.116329051440432,4.04030737288985e-06,3.19230213437227
10,"t3","null",15,"mm_999",500,0,0,NA,0.06,0.004,0.356,0.00243902220358095,3.19230213437227
10,"t3","null",16,"ols",500,0,0,NA,0.034,0.01,0.0695999031074063,0.00667889971725982,3.14581507300331
10,"t3","null",16,"modt",500,0,0,NA,0.052,0.01,0.0663820084989306,0.00132941627711915,3.14581507300331
10,"t3","null",16,"fl_199",500,0,0,NA,0.048,0.004,0.0820000000000001,0.005,3.14581507300331
10,"t3","null",16,"fl_999",500,0,0,NA,0.05,0.014,0.0790000000000001,0.003,3.14581507300331
10,"t3","null",16,"fl_9999",500,0,0,NA,0.044,0.018,0.0745,0.0021,3.14581507300331
10,"t3","null",16,"pvw_199",500,0,0,NA,0.052,0.004,0.0501133066717861,0.00834750183881839,3.14581507300331
10,"t3","null",16,"pvt_199",500,1,13,NA,0.126,0.044,0.0918128508079978,9.23329587652932e-06,3.14581507300331
10,"t3","null",16,"mm_199",500,1,1,NA,0.054,0.02,0.2,6.4096856856712e-05,3.14581507300331
10,"t3","null",16,"pvw_999",500,0,0,NA,0.048,0.004,0.0515200426592547,0.00975764496167497,3.14581507300331
10,"t3","null",16,"pvt_999",500,1,14,NA,0.12,0.038,0.0889781646760381,1.18156551920852e-05,3.14581507300331
10,"t3","null",16,"mm_999",500,0,0,NA,0.054,0.016,0.366,0.000861522001415336,3.14581507300331
10,"t3","null",17,"ols",500,0,0,NA,0.072,0.018,0.0331725753946054,0.000749254728085033,2.73336909625438
10,"t3","null",17,"modt",500,0,0,NA,0.072,0.032,0.0336441739277533,0.000124014651336012,2.73336909625438
10,"t3","null",17,"fl_199",500,0,0,NA,0.056,0,0.035,0.02,2.73336909625438
10,"t3","null",17,"fl_999",500,0,0,NA,0.054,0,0.032,0.016,2.73336909625438
10,"t3","null",17,"fl_9999",500,0,0,NA,0.068,0,0.0316,0.0168,2.73336909625438
10,"t3","null",17,"pvw_199",500,0,0,NA,0.074,0.002,0.0664330364121155,0.00877083972658622,2.73336909625438
10,"t3","null",17,"pvt_199",500,1,29,NA,0.138,0.08,0.095952287224786,1.18845782318381e-09,2.73336909625438
10,"t3","null",17,"mm_199",500,0,0,NA,0.068,0.008,0.125557243621018,0.00527777016034508,2.73336909625438
10,"t3","null",17,"pvw_999",500,0,0,NA,0.072,0.004,0.0622755546975118,0.00694405386529398,2.73336909625438
10,"t3","null",17,"pvt_999",500,1,29,NA,0.14,0.084,0.0980393144526394,2.74428447949464e-10,2.73336909625438
10,"t3","null",17,"mm_999",500,0,0,NA,0.064,0.004,0.192,0.00675890436649827,2.73336909625438
10,"t3","null",18,"ols",500,0,0,NA,0.05,0.008,0.0341931980565904,0.000474729811076272,2.62436710736308
10,"t3","null",18,"modt",500,0,0,NA,0.064,0.006,0.0466009342817099,0.00436275280213082,2.62436710736308
10,"t3","null",18,"fl_199",500,0,0,NA,0.052,0.004,0.04,0.005,2.62436710736308
10,"t3","null",18,"fl_999",500,0,0,NA,0.056,0.008,0.035,0.001,2.62436710736308
10,"t3","null",18,"fl_9999",500,0,0,NA,0.062,0.01,0.0353,7e-04,2.62436710736308
10,"t3","null",18,"pvw_199",500,0,0,NA,0.058,0.002,0.0685536089043483,0.00682126598048664,2.62436710736308
10,"t3","null",18,"pvt_199",500,1,12,NA,0.142,0.06,0.113010222894505,3.28047723091431e-12,2.62436710736308
10,"t3","null",18,"mm_199",500,0,0,NA,0.056,0.008,0.196,0.00043959585122745,2.62436710736308
10,"t3","null",18,"pvw_999",500,0,0,NA,0.056,0.004,0.0727243471702965,0.00638980626109375,2.62436710736308
10,"t3","null",18,"pvt_999",500,1,11,NA,0.146,0.062,0.115885447305324,9.36292913921583e-12,2.62436710736308
10,"t3","null",18,"mm_999",500,0,0,NA,0.058,0.012,0.306,0.000459623896610996,2.62436710736308
10,"t3","null",19,"ols",500,0,0,NA,0.04,0.006,0.0283118118057389,0.000737018343606686,2.5084270650443
10,"t3","null",19,"modt",500,0,0,NA,0.04,0.006,0.0386438074266346,0.00452198901585635,2.5084270650443
10,"t3","null",19,"fl_199",500,0,0,NA,0.032,0,0.028,0.015,2.5084270650443
10,"t3","null",19,"fl_999",500,0,0,NA,0.03,0,0.027,0.01,2.5084270650443
10,"t3","null",19,"fl_9999",500,0,0,NA,0.034,0.006,0.0222,0.0055,2.5084270650443
10,"t3","null",19,"pvw_199",500,0,0,NA,0.044,0.004,0.0894036631653794,0.00892442067301143,2.5084270650443
10,"t3","null",19,"pvt_199",500,1,11,NA,0.118,0.046,0.125004320368383,2.38961917224437e-10,2.5084270650443
10,"t3","null",19,"mm_199",500,0,0,NA,0.042,0.006,0.144,0.00465019420076595,2.5084270650443
10,"t3","null",19,"pvw_999",500,0,0,NA,0.042,0.002,0.0890888493746729,0.00769826172241455,2.5084270650443
10,"t3","null",19,"pvt_999",500,1,12,NA,0.124,0.046,0.117939558743306,1.49315811174967e-10,2.5084270650443
10,"t3","null",19,"mm_999",500,0,0,NA,0.036,0.006,0.214,0.00308452561040848,2.5084270650443
10,"t3","null",20,"ols",500,0,0,NA,0.044,0.01,0.0541504403765117,0.00194598177030496,2.64563753183208
10,"t3","null",20,"modt",500,0,0,NA,0.032,0.008,0.0500945220056727,0.00175775199275639,2.64563753183208
10,"t3","null",20,"fl_199",500,0,0,NA,0.032,0.008,0.05,0.005,2.64563753183208
10,"t3","null",20,"fl_999",500,0,0,NA,0.044,0.01,0.041,0.004,2.64563753183208
10,"t3","null",20,"fl_9999",500,0,0,NA,0.04,0.01,0.0514,0.0036,2.64563753183208
10,"t3","null",20,"pvw_199",500,0,0,NA,0.046,0.004,0.0746557995136236,0.00682291782831602,2.64563753183208
10,"t3","null",20,"pvt_199",500,1,9,NA,0.124,0.048,0.0905878054136841,2.28930971467817e-08,2.64563753183208
10,"t3","null",20,"mm_199",500,0,0,NA,0.038,0.012,0.212,0.000478015534114713,2.64563753183208
10,"t3","null",20,"pvw_999",500,0,0,NA,0.046,0.004,0.0693160935752422,0.00814210467850402,2.64563753183208
10,"t3","null",20,"pvt_999",500,1,9,NA,0.118,0.042,0.0878540339967468,3.07783854059067e-08,2.64563753183208
10,"t3","null",20,"mm_999",500,0,0,NA,0.042,0.01,0.396,0.00252895050035028,2.64563753183208
20,"t3","null",1,"ols",500,0,0,NA,0.054,0.006,0.0390066449759454,0.0016777430433196,3.10298919950388
20,"t3","null",1,"modt",500,0,0,NA,0.056,0.008,0.0350528040019494,0.00185999969034215,3.10298919950388
20,"t3","null",1,"fl_199",500,0,0,NA,0.048,0.004,0.055,0.005,3.10298919950388
20,"t3","null",1,"fl_999",500,0,0,NA,0.052,0.004,0.0509999999999999,0.002,3.10298919950388
20,"t3","null",1,"fl_9999",500,0,0,NA,0.06,0.012,0.0451999999999999,0.0016,3.10298919950388
20,"t3","null",1,"pvw_199",500,0,0,NA,0.056,0.006,0.0432023876754995,0.00318084291508442,3.10298919950388
20,"t3","null",1,"pvt_199",500,1,2,NA,0.076,0.026,0.062441738456079,0.000101650844697526,3.10298919950388
20,"t3","null",1,"mm_199",500,0,0,NA,0.048,0.01,0.072,0.000133794083165589,3.10298919950388
20,"t3","null",1,"pvw_999",500,0,0,NA,0.054,0.004,0.0468233997668674,0.00420577138031764,3.10298919950388
20,"t3","null",1,"pvt_999",500,1,1,NA,0.08,0.03,0.0627432877655075,7.70894390388915e-05,3.10298919950388
20,"t3","null",1,"mm_999",500,0,0,NA,0.052,0.008,0.184,0.000513314559091018,3.10298919950388
20,"t3","null",2,"ols",500,0,0,NA,0.054,0.008,0.0445614178821546,0.00256672749832602,3.09784855314035
20,"t3","null",2,"modt",500,0,0,NA,0.058,0.006,0.0448311630498061,0.00628150611201136,3.09784855314035
20,"t3","null",2,"fl_199",500,0,0,NA,0.058,0.004,0.035,0.005,3.09784855314035
20,"t3","null",2,"fl_999",500,0,0,NA,0.06,0.01,0.029,0.003,3.09784855314035
20,"t3","null",2,"fl_9999",500,0,0,NA,0.058,0.012,0.0314,0.0033,3.09784855314035
20,"t3","null",2,"pvw_199",500,0,0,NA,0.064,0.008,0.0709872656020407,0.00235099122808778,3.09784855314035
20,"t3","null",2,"pvt_199",500,1,1,NA,0.094,0.034,0.0843562453435302,6.50292508763451e-05,3.09784855314035
20,"t3","null",2,"mm_199",500,0,0,NA,0.062,0.02,0.092,0.000372545763239415,3.09784855314035
20,"t3","null",2,"pvw_999",500,0,0,NA,0.058,0.008,0.0683514420392063,0.00364942732760727,3.09784855314035
20,"t3","null",2,"pvt_999",500,1,1,NA,0.094,0.03,0.0787483262187925,8.86338139768202e-05,3.09784855314035
20,"t3","null",2,"mm_999",500,0,0,NA,0.062,0.016,0.144,0.00145696223101744,3.09784855314035
20,"t3","null",3,"ols",500,0,0,NA,0.038,0.006,0.0547408102409565,0.000479356308783787,3.09678882542756
20,"t3","null",3,"modt",500,0,0,NA,0.044,0.008,0.0625003850709839,0.00100760692633893,3.09678882542756
20,"t3","null",3,"fl_199",500,0,0,NA,0.038,0.004,0.06,0.005,3.09678882542756
20,"t3","null",3,"fl_999",500,0,0,NA,0.04,0.006,0.0580000000000001,0.002,3.09678882542756
20,"t3","null",3,"fl_9999",500,0,0,NA,0.04,0.008,0.0579000000000001,3e-04,3.09678882542756
20,"t3","null",3,"pvw_199",500,0,0,NA,0.044,0.008,0.0258690216657504,0.00131127074868585,3.09678882542756
20,"t3","null",3,"pvt_199",500,1,2,NA,0.08,0.02,0.0359979008279409,5.82166347515266e-06,3.09678882542756
20,"t3","null",3,"mm_199",500,1,1,NA,0.042,0.004,0.122,4.62462052934594e-05,3.09678882542756
20,"t3","null",3,"pvw_999",500,0,0,NA,0.04,0.006,0.0272926215702958,0.00143907746639157,3.09678882542756
20,"t3","null",3,"pvt_999",500,1,2,NA,0.074,0.016,0.0378869166520985,4.5256612985058e-06,3.09678882542756
20,"t3","null",3,"mm_999",500,0,0,NA,0.038,0.006,0.222,0.000324602324952796,3.09678882542756
20,"t3","null",4,"ols",500,0,0,NA,0.054,0.012,0.0336764305741145,0.00253981478283066,3.14496239021034
20,"t3","null",4,"modt",500,0,0,NA,0.052,0.014,0.0308675507201318,0.00309966369393813,3.14496239021034
20,"t3","null",4,"fl_199",500,0,0,NA,0.064,0.006,0.022,0.005,3.14496239021034
20,"t3","null",4,"fl_999",500,0,0,NA,0.062,0.012,0.021,0.004,3.14496239021034
20,"t3","null",4,"fl_9999",500,0,0,NA,0.058,0.014,0.0218,0.0026,3.14496239021034
20,"t3","null",4,"pvw_199",500,0,0,NA,0.074,0.014,0.06280298848989,0.00485144211027174,3.14496239021034
20,"t3","null",4,"pvt_199",500,0,0,NA,0.09,0.038,0.0712627494992581,0.000464742689590468,3.14496239021034
20,"t3","null",4,"mm_199",500,0,0,NA,0.068,0.018,0.092,0.00159930087851638,3.14496239021034
20,"t3","null",4,"pvw_999",500,0,0,NA,0.058,0.01,0.0601132476044309,0.00405784934464359,3.14496239021034
20,"t3","null",4,"pvt_999",500,0,0,NA,0.088,0.038,0.0687792178269785,0.000142382447182682,3.14496239021034
20,"t3","null",4,"mm_999",500,0,0,NA,0.058,0.016,0.166,0.00360559531217681,3.14496239021034
20,"t3","null",5,"ols",500,0,0,NA,0.052,0.01,0.0653927970208014,0.000857339009730958,2.89979137817207
20,"t3","null",5,"modt",500,0,0,NA,0.05,0.01,0.0591835929132544,0.00343617106187766,2.89979137817207
20,"t3","null",5,"fl_199",500,0,0,NA,0.054,0.006,0.078,0.005,2.89979137817207
20,"t3","null",5,"fl_999",500,0,0,NA,0.052,0.012,0.069,0.002,2.89979137817207
20,"t3","null",5,"fl_9999",500,0,0,NA,0.056,0.01,0.0687,0.0013,2.89979137817207
20,"t3","null",5,"pvw_199",500,0,0,NA,0.062,0.01,0.0347477961069101,0.00254252614205748,2.89979137817207
20,"t3","null",5,"pvt_199",500,1,1,NA,0.076,0.028,0.0330838892775755,3.03850233400643e-05,2.89979137817207
20,"t3","null",5,"mm_199",500,0,0,NA,0.058,0.016,0.108,0.000201165846624675,2.89979137817207
20,"t3","null",5,"pvw_999",500,0,0,NA,0.06,0.008,0.0338803977510914,0.00193681019383183,2.89979137817207
20,"t3","null",5,"pvt_999",500,1,1,NA,0.076,0.026,0.0319089543716784,1.50650813278872e-05,2.89979137817207
20,"t3","null",5,"mm_999",500,0,0,NA,0.052,0.012,0.202,0.00142442491254984,2.89979137817207
20,"t3","null",6,"ols",500,0,0,NA,0.028,0.008,0.0426490179552894,0.00317804081897097,3.07382348045074
20,"t3","null",6,"modt",500,0,0,NA,0.034,0.006,0.0472068474763756,0.00191119459170144,3.07382348045074
20,"t3","null",6,"fl_199",500,0,0,NA,0.036,0.002,0.03,0.005,3.07382348045074
20,"t3","null",6,"fl_999",500,0,0,NA,0.034,0.004,0.03,0.002,3.07382348045074
20,"t3","null",6,"fl_9999",500,0,0,NA,0.032,0.006,0.0313,0.0028,3.07382348045074
20,"t3","null",6,"pvw_199",500,0,0,NA,0.036,0.008,0.0658060527990005,0.00320676176792156,3.07382348045074
20,"t3","null",6,"pvt_199",500,0,0,NA,0.06,0.02,0.0738883858087529,0.000346189169491238,3.07382348045074
20,"t3","null",6,"mm_199",500,0,0,NA,0.038,0.014,0.084,0.00043548779878668,3.07382348045074
20,"t3","null",6,"pvw_999",500,0,0,NA,0.032,0.004,0.0608819789292669,0.00475502108828859,3.07382348045074
20,"t3","null",6,"pvt_999",500,0,0,NA,0.058,0.02,0.0742071732301935,0.000281138355940115,3.07382348045074
20,"t3","null",6,"mm_999",500,0,0,NA,0.03,0.004,0.158,0.0018322372253995,3.07382348045074
20,"t3","null",7,"ols",500,0,0,NA,0.062,0.012,0.0300009685015942,0.00283036730156185,2.87015757827433
20,"t3","null",7,"modt",500,0,0,NA,0.058,0.01,0.0349215259896091,0.00139375726922494,2.87015757827433
20,"t3","null",7,"fl_199",500,0,0,NA,0.052,0.006,0.031,0.005,2.87015757827433
20,"t3","null",7,"fl_999",500,0,0,NA,0.07,0.01,0.024,0.001,2.87015757827433
20,"t3","null",7,"fl_9999",500,0,0,NA,0.07,0.014,0.0261,0.0015,2.87015757827433
20,"t3","null",7,"pvw_199",500,0,0,NA,0.068,0.006,0.0664025096549207,0.00396165224873226,2.87015757827433
20,"t3","null",7,"pvt_199",500,0,0,NA,0.098,0.026,0.0847822665422536,0.000242071660491497,2.87015757827433
20,"t3","null",7,"mm_199",500,0,0,NA,0.064,0.01,0.092,0.000449630755894258,2.87015757827433
20,"t3","null",7,"pvw_999",500,0,0,NA,0.068,0.01,0.05890495816416,0.00684937038199235,2.87015757827433
20,"t3","null",7,"pvt_999",500,0,0,NA,0.094,0.03,0.073457887613441,0.000360834488577351,2.87015757827433
20,"t3","null",7,"mm_999",500,0,0,NA,0.07,0.014,0.164,0.000997491347885737,2.87015757827433
20,"t3","null",8,"ols",500,0,0,NA,0.046,0.016,0.0232475642154971,0.000365079278243328,2.78671801988111
20,"t3","null",8,"modt",500,0,0,NA,0.05,0.012,0.0211497959987136,0.000181377961826407,2.78671801988111
20,"t3","null",8,"fl_199",500,0,0,NA,0.052,0.012,0.024,0.005,2.78671801988111
20,"t3","null",8,"fl_999",500,0,0,NA,0.052,0.016,0.018,0.001,2.78671801988111
20,"t3","null",8,"fl_9999",500,0,0,NA,0.048,0.018,0.0205000000000001,3e-04,2.78671801988111
20,"t3","null",8,"pvw_199",500,0,0,NA,0.056,0.016,0.0438811168714264,0.00100426662438858,2.78671801988111
20,"t3","null",8,"pvt_199",500,1,3,NA,0.08,0.036,0.0565447791829672,2.35974798174293e-06,2.78671801988111
20,"t3","null",8,"mm_199",500,1,1,NA,0.06,0.022,0.09,1.54813326149483e-05,2.78671801988111
20,"t3","null",8,"pvw_999",500,0,0,NA,0.056,0.012,0.0444244007724478,0.00139507920989598,2.78671801988111
20,"t3","null",8,"pvt_999",500,1,2,NA,0.08,0.032,0.0572788311997689,2.19515932434933e-06,2.78671801988111
20,"t3","null",8,"mm_999",500,1,1,NA,0.048,0.02,0.182,9.58599376742022e-05,2.78671801988111
20,"t3","null",9,"ols",500,0,0,NA,0.034,0.01,0.0431600471094424,0.00585347583607287,3.09290440926359
20,"t3","null",9,"modt",500,0,0,NA,0.044,0.006,0.0461826909320678,0.0036960593128762,3.09290440926359
20,"t3","null",9,"fl_199",500,0,0,NA,0.04,0.006,0.029,0.005,3.09290440926359
20,"t3","null",9,"fl_999",500,0,0,NA,0.038,0.01,0.026,0.004,3.09290440926359
20,"t3","null",9,"fl_9999",500,0,0,NA,0.04,0.01,0.0266,0.0053,3.09290440926359
20,"t3","null",9,"pvw_199",500,0,0,NA,0.04,0.01,0.0697114470477297,0.00735998208944625,3.09290440926359
20,"t3","null",9,"pvt_199",500,0,0,NA,0.074,0.02,0.0766244596574022,0.00102695818639487,3.09290440926359
20,"t3","null",9,"mm_199",500,0,0,NA,0.042,0.012,0.086,0.00115066173161864,3.09290440926359
20,"t3","null",9,"pvw_999",500,0,0,NA,0.038,0.008,0.070936266818655,0.00763050326234323,3.09290440926359
20,"t3","null",9,"pvt_999",500,0,0,NA,0.068,0.018,0.0772453898919965,0.000800471927672401,3.09290440926359
20,"t3","null",9,"mm_999",500,0,0,NA,0.04,0.014,0.154,0.00340249544959658,3.09290440926359
20,"t3","null",10,"ols",500,0,0,NA,0.048,0.01,0.0274911152145283,0.000363167576331011,2.7981046829277
20,"t3","null",10,"modt",500,0,0,NA,0.052,0.01,0.02432222519756,0.000391248127209443,2.7981046829277
20,"t3","null",10,"fl_199",500,0,0,NA,0.046,0.006,0.024,0.005,2.7981046829277
20,"t3","null",10,"fl_999",500,0,0,NA,0.048,0.008,0.025,0.001,2.7981046829277
20,"t3","null",10,"fl_9999",500,0,0,NA,0.056,0.01,0.0232,6e-04,2.7981046829277
20,"t3","null",10,"pvw_199",500,0,0,NA,0.048,0.01,0.0534187839809226,0.000610534955356106,2.7981046829277
20,"t3","null",10,"pvt_199",500,1,3,NA,0.076,0.024,0.065763244032057,9.79547162390797e-07,2.7981046829277
20,"t3","null",10,"mm_199",500,1,1,NA,0.054,0.012,0.11,2.67088709949585e-07,2.7981046829277
20,"t3","null",10,"pvw_999",500,0,0,NA,0.054,0.01,0.0524209840363654,0.00117569306110856,2.7981046829277
20,"t3","null",10,"pvt_999",500,1,3,NA,0.078,0.024,0.0634375390833865,2.80531417896371e-06,2.7981046829277
20,"t3","null",10,"mm_999",500,1,1,NA,0.054,0.01,0.202,9.16404613538005e-05,2.7981046829277
20,"t3","null",11,"ols",500,0,0,NA,0.038,0.01,0.0525431457887889,0.00152020911077026,2.96378520765174
20,"t3","null",11,"modt",500,0,0,NA,0.04,0.008,0.0491787195047969,0.00422644881965385,2.96378520765174
20,"t3","null",11,"fl_199",500,0,0,NA,0.04,0.004,0.044,0.005,2.96378520765174
20,"t3","null",11,"fl_999",500,0,0,NA,0.038,0.01,0.033,0.002,2.96378520765174
20,"t3","null",11,"fl_9999",500,0,0,NA,0.038,0.012,0.0387999999999999,0.0011,2.96378520765174
20,"t3","null",11,"pvw_199",500,0,0,NA,0.038,0.002,0.0868530337790064,0.00469855498385512,2.96378520765174
20,"t3","null",11,"pvt_199",500,1,1,NA,0.076,0.02,0.0913342588332822,8.34192775521882e-05,2.96378520765174
20,"t3","null",11,"mm_199",500,0,0,NA,0.048,0.008,0.09,0.000511388275509305,2.96378520765174
20,"t3","null",11,"pvw_999",500,0,0,NA,0.038,0.006,0.0802097240665801,0.00358485712575457,2.96378520765174
20,"t3","null",11,"pvt_999",500,1,1,NA,0.074,0.02,0.0847706341580966,5.48919830022044e-05,2.96378520765174
20,"t3","null",11,"mm_999",500,0,0,NA,0.038,0.01,0.152,0.000677335346012498,2.96378520765174
20,"t3","null",12,"ols",500,0,0,NA,0.042,0.014,0.0579347423795834,0.00219343634113745,2.61083668672457
20,"t3","null",12,"modt",500,0,0,NA,0.04,0.012,0.0516699019079777,0.00325148649128827,2.61083668672457
20,"t3","null",12,"fl_199",500,0,0,NA,0.034,0.004,0.039,0.005,2.61083668672457
20,"t3","null",12,"fl_999",500,0,0,NA,0.04,0.014,0.0439999999999999,0.002,2.61083668672457
20,"t3","null",12,"fl_9999",500,0,0,NA,0.046,0.016,0.0421999999999999,0.0017,2.61083668672457
20,"t3","null",12,"pvw_199",500,0,0,NA,0.042,0.01,0.0846166129028371,0.00432928843021557,2.61083668672457
20,"t3","null",12,"pvt_199",500,0,0,NA,0.074,0.02,0.0915127952901192,0.000358406374209004,2.61083668672457
20,"t3","null",12,"mm_199",500,0,0,NA,0.042,0.018,0.118,0.000858093184145172,2.61083668672457
20,"t3","null",12,"pvw_999",500,0,0,NA,0.046,0.012,0.0852958725857763,0.00453646678500004,2.61083668672457
20,"t3","null",12,"pvt_999",500,1,2,NA,0.072,0.02,0.0917513997175791,0.000196331236644673,2.61083668672457
20,"t3","null",12,"mm_999",500,0,0,NA,0.04,0.012,0.188,0.000428191586703365,2.61083668672457
20,"t3","null",13,"ols",500,0,0,NA,0.058,0.008,0.0313523177751491,0.00404440780694288,2.88160028338945
20,"t3","null",13,"modt",500,0,0,NA,0.056,0.008,0.030181529286312,0.00363036436819241,2.88160028338945
20,"t3","null",13,"fl_199",500,0,0,NA,0.054,0.008,0.025,0.005,2.88160028338945
20,"t3","null",13,"fl_999",500,0,0,NA,0.058,0.012,0.024,0.005,2.88160028338945
20,"t3","null",13,"fl_9999",500,0,0,NA,0.058,0.012,0.025,0.0046,2.88160028338945
20,"t3","null",13,"pvw_199",500,0,0,NA,0.058,0.006,0.0570301375380763,0.00470851933647085,2.88160028338945
20,"t3","null",13,"pvt_199",500,0,0,NA,0.084,0.032,0.0691484719314077,0.00033030627093015,2.88160028338945
20,"t3","null",13,"mm_199",500,0,0,NA,0.058,0.014,0.108,0.00143350714167867,2.88160028338945
20,"t3","null",13,"pvw_999",500,0,0,NA,0.06,0.006,0.0558178263981489,0.00693232950763545,2.88160028338945
20,"t3","null",13,"pvt_999",500,0,0,NA,0.082,0.028,0.0633255612249532,0.000555680106857095,2.88160028338945
20,"t3","null",13,"mm_999",500,0,0,NA,0.054,0.01,0.148,0.00447549931960379,2.88160028338945
20,"t3","null",14,"ols",500,0,0,NA,0.042,0.008,0.0605284453908996,0.00195824830681974,3.16110375846805
20,"t3","null",14,"modt",500,0,0,NA,0.046,0.006,0.0555288436813007,0.00488192580767874,3.16110375846805
20,"t3","null",14,"fl_199",500,0,0,NA,0.044,0.006,0.0319999999999999,0.005,3.16110375846805
20,"t3","null",14,"fl_999",500,0,0,NA,0.05,0.008,0.0389999999999999,0.002,3.16110375846805
20,"t3","null",14,"fl_9999",500,0,0,NA,0.048,0.008,0.0427999999999999,0.0016,3.16110375846805
20,"t3","null",14,"pvw_199",500,0,0,NA,0.05,0.006,0.0866304735305328,0.00249532418173244,3.16110375846805
20,"t3","null",14,"pvt_199",500,1,3,NA,0.086,0.018,0.093415625661454,7.02455002083802e-05,3.16110375846805
20,"t3","null",14,"mm_199",500,0,0,NA,0.048,0.008,0.09,0.000189991893898502,3.16110375846805
20,"t3","null",14,"pvw_999",500,0,0,NA,0.054,0.008,0.0888822786261034,0.00362457909119237,3.16110375846805
20,"t3","null",14,"pvt_999",500,1,2,NA,0.084,0.022,0.0943991747714347,9.40043144439854e-05,3.16110375846805
20,"t3","null",14,"mm_999",500,0,0,NA,0.048,0.008,0.13,0.000939161663600026,3.16110375846805
20,"t3","null",15,"ols",500,0,0,NA,0.064,0.01,0.0529151591727541,0.000455998152376708,3.08150841383639
20,"t3","null",15,"modt",500,0,0,NA,0.06,0.01,0.0517726274835204,0.000367500201193152,3.08150841383639
20,"t3","null",15,"fl_199",500,0,0,NA,0.066,0.01,0.043,0.005,3.08150841383639
20,"t3","null",15,"fl_999",500,0,0,NA,0.066,0.01,0.046,0.001,3.08150841383639
20,"t3","null",15,"fl_9999",500,0,0,NA,0.066,0.012,0.0484,2e-04,3.08150841383639
20,"t3","null",15,"pvw_199",500,0,0,NA,0.074,0.014,0.0759139348362466,0.0010083881345535,3.08150841383639
20,"t3","null",15,"pvt_199",500,1,3,NA,0.104,0.032,0.080772647952874,3.17432706419802e-06,3.08150841383639
20,"t3","null",15,"mm_199",500,1,3,NA,0.072,0.014,0.108,4.67759664630495e-05,3.08150841383639
20,"t3","null",15,"pvw_999",500,0,0,NA,0.072,0.01,0.07448774143041,0.00127249981311584,3.08150841383639
20,"t3","null",15,"pvt_999",500,1,2,NA,0.098,0.036,0.0806302907670927,4.64837045543304e-06,3.08150841383639
20,"t3","null",15,"mm_999",500,0,0,NA,0.068,0.014,0.17,0.000219770220143037,3.08150841383639
20,"t3","null",16,"ols",500,0,0,NA,0.036,0,0.0507410239361653,0.0131126095848423,3.1318274545284
20,"t3","null",16,"modt",500,0,0,NA,0.04,0,0.0457111192797101,0.0154958724909002,3.1318274545284
20,"t3","null",16,"fl_199",500,0,0,NA,0.03,0,0.0439999999999999,0.01,3.1318274545284
20,"t3","null",16,"fl_999",500,0,0,NA,0.04,0.002,0.041,0.007,3.1318274545284
20,"t3","null",16,"fl_9999",500,0,0,NA,0.036,0,0.0445,0.0111,3.1318274545284
20,"t3","null",16,"pvw_199",500,0,0,NA,0.04,0,0.0794753633074602,0.0136451857558207,3.1318274545284
20,"t3","null",16,"pvt_199",500,0,0,NA,0.078,0.012,0.090570790638109,0.00351430862181222,3.1318274545284
20,"t3","null",16,"mm_199",500,0,0,NA,0.04,0.004,0.092,0.00431348922244023,3.1318274545284
20,"t3","null",16,"pvw_999",500,0,0,NA,0.04,0,0.0769484239307885,0.015362363855643,3.1318274545284
20,"t3","null",16,"pvt_999",500,0,0,NA,0.068,0.006,0.0867195424284342,0.00398264948197152,3.1318274545284
20,"t3","null",16,"mm_999",500,0,0,NA,0.04,0.004,0.182,0.00813286216940081,3.1318274545284
20,"t3","null",17,"ols",500,0,0,NA,0.016,0.002,0.0427619089722559,0.00828241919743704,2.79955497742978
20,"t3","null",17,"modt",500,0,0,NA,0.018,0,0.037409519390778,0.0140195539420476,2.79955497742978
20,"t3","null",17,"fl_199",500,0,0,NA,0.024,0,0.043,0.01,2.79955497742978
20,"t3","null",17,"fl_999",500,0,0,NA,0.022,0.002,0.036,0.006,2.79955497742978
20,"t3","null",17,"fl_9999",500,0,0,NA,0.022,0.002,0.0332,0.0082,2.79955497742978
20,"t3","null",17,"pvw_199",500,0,0,NA,0.022,0,0.0537565077390132,0.0101544141666273,2.79955497742978
20,"t3","null",17,"pvt_199",500,0,0,NA,0.06,0.012,0.0609428378068274,0.000446594160011579,2.79955497742978
20,"t3","null",17,"mm_199",500,0,0,NA,0.032,0.004,0.112,0.00577096658355479,2.79955497742978
20,"t3","null",17,"pvw_999",500,0,0,NA,0.02,0.002,0.0568545943975051,0.00966434732310159,2.79955497742978
20,"t3","null",17,"pvt_999",500,0,0,NA,0.054,0.008,0.062455274137554,0.00115807878331783,2.79955497742978
20,"t3","null",17,"mm_999",500,0,0,NA,0.026,0.004,0.138,0.00314722688325557,2.79955497742978
20,"t3","null",18,"ols",500,0,0,NA,0.048,0.008,0.0517321320440494,0.00185323844826319,2.89854592647362
20,"t3","null",18,"modt",500,0,0,NA,0.048,0.008,0.0544748606103773,0.00251264839724084,2.89854592647362
20,"t3","null",18,"fl_199",500,0,0,NA,0.05,0.008,0.04,0.005,2.89854592647362
20,"t3","null",18,"fl_999",500,0,0,NA,0.05,0.012,0.043,0.001,2.89854592647362
20,"t3","null",18,"fl_9999",500,0,0,NA,0.052,0.01,0.0426,0.0021,2.89854592647362
20,"t3","null",18,"pvw_199",500,0,0,NA,0.052,0.006,0.0788889847058541,0.00482636148842568,2.89854592647362
20,"t3","null",18,"pvt_199",500,0,0,NA,0.09,0.026,0.0976422221537415,0.000134707768588509,2.89854592647362
20,"t3","null",18,"mm_199",500,0,0,NA,0.052,0.01,0.088,0.000430853284413497,2.89854592647362
20,"t3","null",18,"pvw_999",500,0,0,NA,0.05,0.006,0.0804050717915248,0.00392381653841728,2.89854592647362
20,"t3","null",18,"pvt_999",500,0,0,NA,0.092,0.03,0.0943515042672143,0.000100086465068361,2.89854592647362
20,"t3","null",18,"mm_999",500,0,0,NA,0.056,0.012,0.14,0.000424303435410095,2.89854592647362
20,"t3","null",19,"ols",500,0,0,NA,0.038,0.01,0.0451381059694314,0.00190245265412555,2.85691152893332
20,"t3","null",19,"modt",500,0,0,NA,0.038,0.01,0.043235287863041,0.00230033109301053,2.85691152893332
20,"t3","null",19,"fl_199",500,0,0,NA,0.04,0.006,0.058,0.005,2.85691152893332
20,"t3","null",19,"fl_999",500,0,0,NA,0.04,0.01,0.047,0.001,2.85691152893332
20,"t3","null",19,"fl_9999",500,0,0,NA,0.042,0.012,0.0521,4e-04,2.85691152893332
20,"t3","null",19,"pvw_199",500,0,0,NA,0.04,0.01,0.0206125048214245,0.00446173131616027,2.85691152893332
20,"t3","null",19,"pvt_199",500,1,2,NA,0.072,0.022,0.0275364702546283,0.000115399946829472,2.85691152893332
20,"t3","null",19,"mm_199",500,0,0,NA,0.042,0.012,0.094,0.000198866463562573,2.85691152893332
20,"t3","null",19,"pvw_999",500,0,0,NA,0.044,0.008,0.0178297817370479,0.00494968651097068,2.85691152893332
20,"t3","null",19,"pvt_999",500,1,3,NA,0.068,0.024,0.0313248477251642,0.000131804242425254,2.85691152893332
20,"t3","null",19,"mm_999",500,0,0,NA,0.042,0.012,0.17,0.000285235432396947,2.85691152893332
20,"t3","null",20,"ols",500,0,0,NA,0.054,0.006,0.0293978160732874,0.00267754678424523,3.08423506686289
20,"t3","null",20,"modt",500,0,0,NA,0.05,0.006,0.0258946480437136,0.00168060552639966,3.08423506686289
20,"t3","null",20,"fl_199",500,0,0,NA,0.054,0.002,0.034,0.005,3.08423506686289
20,"t3","null",20,"fl_999",500,0,0,NA,0.052,0.006,0.031,0.004,3.08423506686289
20,"t3","null",20,"fl_9999",500,0,0,NA,0.052,0.006,0.0318999999999999,0.0021,3.08423506686289
20,"t3","null",20,"pvw_199",500,0,0,NA,0.062,0.008,0.0459952000365383,0.00267873729241677,3.08423506686289
20,"t3","null",20,"pvt_199",500,1,1,NA,0.08,0.024,0.0520423489742041,7.34847681643832e-05,3.08423506686289
20,"t3","null",20,"mm_199",500,0,0,NA,0.058,0.01,0.096,0.00120711748420818,3.08423506686289
20,"t3","null",20,"pvw_999",500,0,0,NA,0.056,0.004,0.0472813018637778,0.00473500425701759,3.08423506686289
20,"t3","null",20,"pvt_999",500,0,0,NA,0.082,0.024,0.055477728974227,0.000207582800120856,3.08423506686289
20,"t3","null",20,"mm_999",500,0,0,NA,0.052,0.004,0.166,0.00191224439648929,3.08423506686289
40,"t3","null",1,"ols",500,0,0,NA,0.032,0.002,0.0492569593967606,0.0019751316894578,3.13684585215979
40,"t3","null",1,"modt",500,0,0,NA,0.036,0.004,0.0467330317346855,0.00197997261300263,3.13684585215979
40,"t3","null",1,"fl_199",500,0,0,NA,0.032,0,0.042,0.01,3.13684585215979
40,"t3","null",1,"fl_999",500,0,0,NA,0.034,0.004,0.042,0.003,3.13684585215979
40,"t3","null",1,"fl_9999",500,0,0,NA,0.034,0.006,0.0467,0.0018,3.13684585215979
40,"t3","null",1,"pvw_199",500,0,0,NA,0.038,0.004,0.0565005453787389,0.00174565314571483,3.13684585215979
40,"t3","null",1,"pvt_199",500,0,0,NA,0.04,0.014,0.0572905923831907,0.000338840777886277,3.13684585215979
40,"t3","null",1,"mm_199",500,0,0,NA,0.04,0.008,0.105196154588238,0.00121426292598457,3.13684585215979
40,"t3","null",1,"pvw_999",500,0,0,NA,0.034,0.002,0.0589876179167276,0.00231753564461457,3.13684585215979
40,"t3","null",1,"pvt_999",500,0,0,NA,0.042,0.014,0.0589617788274955,0.000608026732779535,3.13684585215979
40,"t3","null",1,"mm_999",500,0,0,NA,0.034,0.006,0.086,0.00092700987584622,3.13684585215979
40,"t3","null",2,"ols",500,0,0,NA,0.034,0.002,0.039098231560512,0.00856186521131656,3.06519452980592
40,"t3","null",2,"modt",500,0,0,NA,0.038,0.002,0.0371444598765439,0.00778762520927567,3.06519452980592
40,"t3","null",2,"fl_199",500,0,0,NA,0.032,0.004,0.034,0.005,3.06519452980592
40,"t3","null",2,"fl_999",500,0,0,NA,0.036,0.004,0.036,0.007,3.06519452980592
40,"t3","null",2,"fl_9999",500,0,0,NA,0.036,0.008,0.0373,0.0062,3.06519452980592
40,"t3","null",2,"pvw_199",500,0,0,NA,0.038,0.002,0.045154970733208,0.00503121679974315,3.06519452980592
40,"t3","null",2,"pvt_199",500,0,0,NA,0.042,0.006,0.0461206222125171,0.00199426471791121,3.06519452980592
40,"t3","null",2,"mm_199",500,0,0,NA,0.04,0.01,0.100427258015511,0.00339738187536486,3.06519452980592
40,"t3","null",2,"pvw_999",500,0,0,NA,0.032,0.002,0.0403342575284786,0.0073221428491865,3.06519452980592
40,"t3","null",2,"pvt_999",500,0,0,NA,0.042,0.01,0.0406738061313908,0.00290272728120115,3.06519452980592
40,"t3","null",2,"mm_999",500,0,0,NA,0.036,0.008,0.082,0.0058241090326612,3.06519452980592
40,"t3","null",3,"ols",500,0,0,NA,0.052,0.006,0.0393364720434603,0.00348854291117501,3.43123350380523
40,"t3","null",3,"modt",500,0,0,NA,0.058,0.006,0.0437244607109359,0.00266635302207622,3.43123350380523
40,"t3","null",3,"fl_199",500,0,0,NA,0.054,0.002,0.056,0.005,3.43123350380523
40,"t3","null",3,"fl_999",500,0,0,NA,0.058,0.01,0.052,0.006,3.43123350380523
40,"t3","null",3,"fl_9999",500,0,0,NA,0.062,0.006,0.0474,0.0024,3.43123350380523
40,"t3","null",3,"pvw_199",500,0,0,NA,0.058,0.004,0.0366127402168397,0.00282879822120848,3.43123350380523
40,"t3","null",3,"pvt_199",500,0,0,NA,0.068,0.016,0.0358651048510029,0.000760952622817053,3.43123350380523
40,"t3","null",3,"mm_199",500,0,0,NA,0.06,0.016,0.0910178340909501,0.000162663522658447,3.43123350380523
40,"t3","null",3,"pvw_999",500,0,0,NA,0.056,0.004,0.0403587584287833,0.00433392388427439,3.43123350380523
40,"t3","null",3,"pvt_999",500,0,0,NA,0.072,0.014,0.0420505416108123,0.00131582109474108,3.43123350380523
40,"t3","null",3,"mm_999",500,0,0,NA,0.062,0.012,0.07,0.004762754848195,3.43123350380523
40,"t3","null",4,"ols",500,0,0,NA,0.05,0.006,0.0501413734418594,0.00252633740817795,2.76035004609516
40,"t3","null",4,"modt",500,0,0,NA,0.052,0.006,0.0449728801634556,0.00278285877560797,2.76035004609516
40,"t3","null",4,"fl_199",500,0,0,NA,0.052,0.006,0.034,0.005,2.76035004609516
40,"t3","null",4,"fl_999",500,0,0,NA,0.05,0.01,0.043,0.004,2.76035004609516
40,"t3","null",4,"fl_9999",500,0,0,NA,0.05,0.01,0.043,0.0022,2.76035004609516
40,"t3","null",4,"pvw_199",500,0,0,NA,0.06,0.008,0.060175883166693,0.0051054111070182,2.76035004609516
40,"t3","null",4,"pvt_199",500,0,0,NA,0.066,0.016,0.0674884142729749,0.00183005153090638,2.76035004609516
40,"t3","null",4,"mm_199",500,0,0,NA,0.064,0.014,0.0844959457424016,0.000556030291518904,2.76035004609516
40,"t3","null",4,"pvw_999",500,0,0,NA,0.052,0.008,0.0606471547048771,0.00344406527461898,2.76035004609516
40,"t3","null",4,"pvt_999",500,0,0,NA,0.064,0.014,0.0614898517272616,0.000919902391417295,2.76035004609516
40,"t3","null",4,"mm_999",500,0,0,NA,0.052,0.01,0.086,0.00206608278653756,2.76035004609516
40,"t3","null",5,"ols",500,0,0,NA,0.046,0.01,0.0484807635491316,0.000320526375536176,3.3029837577102
40,"t3","null",5,"modt",500,0,0,NA,0.046,0.012,0.0469610574219249,0.000407718932639006,3.3029837577102
40,"t3","null",5,"fl_199",500,0,0,NA,0.05,0.008,0.043,0.005,3.3029837577102
40,"t3","null",5,"fl_999",500,0,0,NA,0.05,0.01,0.047,0.001,3.3029837577102
40,"t3","null",5,"fl_9999",500,0,0,NA,0.048,0.012,0.0398000000000001,3e-04,3.3029837577102
40,"t3","null",5,"pvw_199",500,0,0,NA,0.046,0.01,0.0677105797904309,0.000501892411498827,3.3029837577102
40,"t3","null",5,"pvt_199",500,1,2,NA,0.06,0.016,0.0720390726186447,4.30694563893387e-05,3.3029837577102
40,"t3","null",5,"mm_199",500,0,0,NA,0.054,0.014,0.0939534370320512,0.000303561611252879,3.3029837577102
40,"t3","null",5,"pvw_999",500,0,0,NA,0.05,0.01,0.0684064568860302,0.0003675017508052,3.3029837577102
40,"t3","null",5,"pvt_999",500,1,3,NA,0.06,0.016,0.0714916907162143,2.34453411825505e-05,3.3029837577102
40,"t3","null",5,"mm_999",500,1,3,NA,0.052,0.012,0.102,0.000121556976965841,3.3029837577102
40,"t3","null",6,"ols",500,0,0,NA,0.048,0.006,0.0634691176265723,0.00171253967991455,3.42772333540347
40,"t3","null",6,"modt",500,0,0,NA,0.052,0.006,0.0668959998062937,0.00134081802763766,3.42772333540347
40,"t3","null",6,"fl_199",500,0,0,NA,0.048,0.008,0.049,0.005,3.42772333540347
40,"t3","null",6,"fl_999",500,0,0,NA,0.048,0.008,0.046,0.001,3.42772333540347
40,"t3","null",6,"fl_9999",500,0,0,NA,0.052,0.01,0.0479,0.0012,3.42772333540347
40,"t3","null",6,"pvw_199",500,0,0,NA,0.052,0.004,0.0795477744790136,0.00298283625818457,3.42772333540347
40,"t3","null",6,"pvt_199",500,0,0,NA,0.06,0.018,0.0836835937453687,0.000577172957584096,3.42772333540347
40,"t3","null",6,"mm_199",500,0,0,NA,0.054,0.012,0.0831424564801877,0.00120211652652123,3.42772333540347
40,"t3","null",6,"pvw_999",500,0,0,NA,0.052,0.006,0.0729500563022187,0.00231575277916725,3.42772333540347
40,"t3","null",6,"pvt_999",500,0,0,NA,0.062,0.014,0.0750024175318235,0.000586562000631515,3.42772333540347
40,"t3","null",6,"mm_999",500,0,0,NA,0.054,0.01,0.094,0.00063923044785882,3.42772333540347
40,"t3","null",7,"ols",500,0,0,NA,0.046,0.004,0.0322262854441153,0.000989321058408514,2.94929502310217
40,"t3","null",7,"modt",500,0,0,NA,0.048,0.004,0.0330867901830714,0.00110104014857219,2.94929502310217
40,"t3","null",7,"fl_199",500,0,0,NA,0.048,0.006,0.031,0.005,2.94929502310217
40,"t3","null",7,"fl_999",500,0,0,NA,0.048,0.006,0.03,0.001,2.94929502310217
40,"t3","null",7,"fl_9999",500,0,0,NA,0.046,0.006,0.0307000000000001,0.001,2.94929502310217
40,"t3","null",7,"pvw_199",500,0,0,NA,0.06,0.006,0.0428020989839333,0.00109795383049618,2.94929502310217
40,"t3","null",7,"pvt_199",500,0,0,NA,0.074,0.016,0.0533589673293836,0.000402816068310734,2.94929502310217
40,"t3","null",7,"mm_199",500,1,1,NA,0.056,0.012,0.0974878738568775,5.94610774939183e-05,2.94929502310217
40,"t3","null",7,"pvw_999",500,0,0,NA,0.052,0.004,0.0406907884074374,0.000735291040878983,2.94929502310217
40,"t3","null",7,"pvt_999",500,0,0,NA,0.062,0.016,0.0450196228206244,0.000166470316717084,2.94929502310217
40,"t3","null",7,"mm_999",500,0,0,NA,0.052,0.004,0.09,0.000160059136566088,2.94929502310217
40,"t3","null",8,"ols",500,0,0,NA,0.044,0.008,0.0413598988563892,0.00339826953056904,3.47315005047708
40,"t3","null",8,"modt",500,0,0,NA,0.044,0.006,0.0429693857571088,0.00251494743472222,3.47315005047708
40,"t3","null",8,"fl_199",500,0,0,NA,0.04,0.004,0.059,0.005,3.47315005047708
40,"t3","null",8,"fl_999",500,0,0,NA,0.048,0.008,0.055,0.002,3.47315005047708
40,"t3","null",8,"fl_9999",500,0,0,NA,0.044,0.008,0.052,0.0026,3.47315005047708
40,"t3","null",8,"pvw_199",500,0,0,NA,0.046,0.004,0.0350733632279974,0.00369795699839136,3.47315005047708
40,"t3","null",8,"pvt_199",500,0,0,NA,0.054,0.014,0.0343844701951906,0.00097640530976842,3.47315005047708
40,"t3","null",8,"mm_199",500,0,0,NA,0.044,0.014,0.07,0.000688917932661847,3.47315005047708
40,"t3","null",8,"pvw_999",500,0,0,NA,0.048,0.006,0.0313613537327326,0.00396285943819744,3.47315005047708
40,"t3","null",8,"pvt_999",500,0,0,NA,0.054,0.012,0.0313843913071794,0.00120122671057616,3.47315005047708
40,"t3","null",8,"mm_999",500,0,0,NA,0.044,0.008,0.106,0.00130515935685053,3.47315005047708
40,"t3","null",9,"ols",500,0,0,NA,0.034,0.004,0.0390448630075051,0.00613204119591675,3.29946586889488
40,"t3","null",9,"modt",500,0,0,NA,0.034,0.006,0.0429738378646974,0.00867970842905619,3.29946586889488
40,"t3","null",9,"fl_199",500,0,0,NA,0.036,0.002,0.046,0.005,3.29946586889488
40,"t3","null",9,"fl_999",500,0,0,NA,0.036,0.002,0.046,0.009,3.29946586889488
40,"t3","null",9,"fl_9999",500,0,0,NA,0.038,0.002,0.0507,0.0059,3.29946586889488
40,"t3","null",9,"pvw_199",500,0,0,NA,0.038,0.002,0.023758511713021,0.00617854752104487,3.29946586889488
40,"t3","null",9,"pvt_199",500,0,0,NA,0.046,0.012,0.0231962630625953,0.00138353048387791,3.29946586889488
40,"t3","null",9,"mm_199",500,0,0,NA,0.036,0.01,0.0681449560998799,0.00224351140598796,3.29946586889488
40,"t3","null",9,"pvw_999",500,0,0,NA,0.04,0.002,0.025262779964095,0.00663384472932086,3.29946586889488
40,"t3","null",9,"pvt_999",500,0,0,NA,0.046,0.012,0.0252470979645529,0.00233188099791884,3.29946586889488
40,"t3","null",9,"mm_999",500,0,0,NA,0.038,0.006,0.098,0.0065691474051529,3.29946586889488
40,"t3","null",10,"ols",500,0,0,NA,0.028,0.006,0.0455228264781309,0.00479303781366196,2.98644352235277
40,"t3","null",10,"modt",500,0,0,NA,0.032,0.006,0.0440050190195654,0.00452569894182761,2.98644352235277
40,"t3","null",10,"fl_199",500,0,0,NA,0.036,0.008,0.045,0.005,2.98644352235277
40,"t3","null",10,"fl_999",500,0,0,NA,0.036,0.008,0.036,0.004,2.98644352235277
40,"t3","null",10,"fl_9999",500,0,0,NA,0.032,0.012,0.0317999999999999,0.0042,2.98644352235277
40,"t3","null",10,"pvw_199",500,0,0,NA,0.042,0.01,0.0555870999584716,0.00346815289130629,2.98644352235277
40,"t3","null",10,"pvt_199",500,0,0,NA,0.048,0.018,0.0577429289908099,0.00214545808502595,2.98644352235277
40,"t3","null",10,"mm_199",500,0,0,NA,0.038,0.016,0.0860426910970669,0.00084094428976932,2.98644352235277
40,"t3","null",10,"pvw_999",500,0,0,NA,0.034,0.006,0.0549868443402962,0.00657723773742367,2.98644352235277
40,"t3","null",10,"pvt_999",500,0,0,NA,0.038,0.016,0.0563508617476797,0.00257532092891402,2.98644352235277
40,"t3","null",10,"mm_999",500,0,0,NA,0.036,0.01,0.086,0.00374991339791173,2.98644352235277
40,"t3","null",11,"ols",500,0,0,NA,0.05,0.008,0.0453523015966502,0.00161201816768068,2.97403309869447
40,"t3","null",11,"modt",500,0,0,NA,0.048,0.006,0.0411963692147267,0.00141133113941621,2.97403309869447
40,"t3","null",11,"fl_199",500,0,0,NA,0.042,0.008,0.0369999999999999,0.005,2.97403309869447
40,"t3","null",11,"fl_999",500,0,0,NA,0.05,0.012,0.033,0.004,2.97403309869447
40,"t3","null",11,"fl_9999",500,0,0,NA,0.054,0.01,0.034,0.0018,2.97403309869447
40,"t3","null",11,"pvw_199",500,0,0,NA,0.046,0.008,0.0558743859343714,0.00233516260394838,2.97403309869447
40,"t3","null",11,"pvt_199",500,0,0,NA,0.064,0.016,0.0617917688141202,0.000241420801896097,2.97403309869447
40,"t3","null",11,"mm_199",500,0,0,NA,0.052,0.012,0.0979460864186666,0.000859522160904182,2.97403309869447
40,"t3","null",11,"pvw_999",500,0,0,NA,0.058,0.006,0.0634470746753834,0.00212900950033436,2.97403309869447
40,"t3","null",11,"pvt_999",500,0,0,NA,0.066,0.016,0.0678280784689631,0.000461085445098486,2.97403309869447
40,"t3","null",11,"mm_999",500,0,0,NA,0.056,0.012,0.094,0.00142635338650673,2.97403309869447
40,"t3","null",12,"ols",500,1,1,NA,0.054,0.008,0.0398003952174338,1.44044096455297e-05,2.92630661655323
40,"t3","null",12,"modt",500,1,1,NA,0.058,0.014,0.0392350637700616,1.62340499585374e-05,2.92630661655323
40,"t3","null",12,"fl_199",500,0,0,NA,0.052,0.002,0.034,0.005,2.92630661655323
40,"t3","null",12,"fl_999",500,0,0,NA,0.06,0.014,0.03,0.001,2.92630661655323
40,"t3","null",12,"fl_9999",500,1,1,NA,0.062,0.014,0.0329,1e-04,2.92630661655323
40,"t3","null",12,"pvw_199",500,1,1,NA,0.052,0.006,0.0502674596907767,8.97139839375016e-05,2.92630661655323
40,"t3","null",12,"pvt_199",500,1,1,NA,0.074,0.022,0.0542588027090561,1.57039974115469e-07,2.92630661655323
40,"t3","null",12,"mm_199",500,1,1,NA,0.052,0.02,0.0921485214624099,1.24748816953577e-06,2.92630661655323
40,"t3","null",12,"pvw_999",500,1,1,NA,0.058,0.006,0.0523836115738542,6.23442031240044e-05,2.92630661655323
40,"t3","null",12,"pvt_999",500,1,1,NA,0.074,0.02,0.0577376776875813,3.7977372481353e-07,2.92630661655323
40,"t3","null",12,"mm_999",500,1,1,NA,0.062,0.016,0.1,1.02253364604874e-06,2.92630661655323
40,"t3","null",13,"ols",500,0,0,NA,0.074,0.014,0.045226682325668,0.000575045950931473,3.0634953421422
40,"t3","null",13,"modt",500,0,0,NA,0.068,0.012,0.0444868503439158,0.000406308081227883,3.0634953421422
40,"t3","null",13,"fl_199",500,0,0,NA,0.074,0.006,0.044,0.005,3.0634953421422
40,"t3","null",13,"fl_999",500,0,0,NA,0.076,0.012,0.046,0.001,3.0634953421422
40,"t3","null",13,"fl_9999",500,0,0,NA,0.078,0.014,0.0434,3e-04,3.0634953421422
40,"t3","null",13,"pvw_199",500,0,0,NA,0.074,0.012,0.0590965941809415,0.000621868837298727,3.0634953421422
40,"t3","null",13,"pvt_199",500,1,2,NA,0.094,0.024,0.0670520116736539,8.93329911687998e-05,3.0634953421422
40,"t3","null",13,"mm_199",500,1,2,NA,0.08,0.02,0.076756802015942,2.70656504337361e-05,3.0634953421422
40,"t3","null",13,"pvw_999",500,0,0,NA,0.074,0.014,0.0553707983084467,0.000942023005886789,3.0634953421422
40,"t3","null",13,"pvt_999",500,0,0,NA,0.088,0.026,0.0662581757027972,0.000111845919375768,3.0634953421422
40,"t3","null",13,"mm_999",500,0,0,NA,0.08,0.014,0.102,0.000101333485249027,3.0634953421422
40,"t3","null",14,"ols",500,0,0,NA,0.044,0.01,0.0293258949564961,0.00289681325695377,3.00070830980249
40,"t3","null",14,"modt",500,0,0,NA,0.046,0.01,0.0355255952221275,0.00443492610445135,3.00070830980249
40,"t3","null",14,"fl_199",500,0,0,NA,0.052,0.004,0.036,0.005,3.00070830980249
40,"t3","null",14,"fl_999",500,0,0,NA,0.05,0.012,0.036,0.002,3.00070830980249
40,"t3","null",14,"fl_9999",500,0,0,NA,0.048,0.014,0.0346,0.0018,3.00070830980249
40,"t3","null",14,"pvw_199",500,0,0,NA,0.046,0.006,0.035458647644698,0.00393434047107715,3.00070830980249
40,"t3","null",14,"pvt_199",500,0,0,NA,0.062,0.02,0.0365417409833932,0.00150776673066922,3.00070830980249
40,"t3","null",14,"mm_199",500,0,0,NA,0.05,0.016,0.10504957368998,0.00112673791784211,3.00070830980249
40,"t3","null",14,"pvw_999",500,0,0,NA,0.044,0.01,0.0282101013184791,0.00344118707200527,3.00070830980249
40,"t3","null",14,"pvt_999",500,0,0,NA,0.054,0.018,0.030546809699859,0.000912994169206362,3.00070830980249
40,"t3","null",14,"mm_999",500,0,0,NA,0.05,0.014,0.09,0.00184387767486402,3.00070830980249
40,"t3","null",15,"ols",500,0,0,NA,0.046,0.008,0.030299642244993,0.00316133338031506,3.32057085211854
40,"t3","null",15,"modt",500,0,0,NA,0.048,0.006,0.0355475146194715,0.00308927894558091,3.32057085211854
40,"t3","null",15,"fl_199",500,0,0,NA,0.038,0.004,0.054,0.005,3.32057085211854
40,"t3","null",15,"fl_999",500,0,0,NA,0.046,0.012,0.041,0.003,3.32057085211854
40,"t3","null",15,"fl_9999",500,0,0,NA,0.046,0.012,0.0353,0.0019,3.32057085211854
40,"t3","null",15,"pvw_199",500,0,0,NA,0.048,0.008,0.0376456912301124,0.00254460727240563,3.32057085211854
40,"t3","null",15,"pvt_199",500,0,0,NA,0.068,0.014,0.0447716455980466,0.000883349882720567,3.32057085211854
40,"t3","null",15,"mm_199",500,0,0,NA,0.05,0.016,0.074,0.000717829001252075,3.32057085211854
40,"t3","null",15,"pvw_999",500,0,0,NA,0.042,0.008,0.0345214903700868,0.0042714648259405,3.32057085211854
40,"t3","null",15,"pvt_999",500,0,0,NA,0.062,0.012,0.0419205937862861,0.00179379445919142,3.32057085211854
40,"t3","null",15,"mm_999",500,0,0,NA,0.046,0.012,0.106,0.00163419598649012,3.32057085211854
40,"t3","null",16,"ols",500,0,0,NA,0.046,0.006,0.0244511552334515,0.00512885082760423,3.02988433016935
40,"t3","null",16,"modt",500,0,0,NA,0.048,0.006,0.0238549901053722,0.00702036470094202,3.02988433016935
40,"t3","null",16,"fl_199",500,0,0,NA,0.048,0.006,0.035,0.005,3.02988433016935
40,"t3","null",16,"fl_999",500,0,0,NA,0.052,0.008,0.0349999999999999,0.004,3.02988433016935
40,"t3","null",16,"fl_9999",500,0,0,NA,0.05,0.008,0.0361,0.004,3.02988433016935
40,"t3","null",16,"pvw_199",500,0,0,NA,0.056,0.01,0.0346571729049519,0.00358151057037297,3.02988433016935
40,"t3","null",16,"pvt_199",500,0,0,NA,0.07,0.016,0.0444884410914794,0.00167144079595391,3.02988433016935
40,"t3","null",16,"mm_199",500,0,0,NA,0.064,0.016,0.0950216682326107,0.00155168675188697,3.02988433016935
40,"t3","null",16,"pvw_999",500,0,0,NA,0.05,0.004,0.0285454882578647,0.00607527105628176,3.02988433016935
40,"t3","null",16,"pvt_999",500,0,0,NA,0.064,0.016,0.0382101433843573,0.00221131026001401,3.02988433016935
40,"t3","null",16,"mm_999",500,0,0,NA,0.052,0.01,0.092,0.003037398152449,3.02988433016935
40,"t3","null",17,"ols",500,0,0,NA,0.034,0.008,0.0281943555012181,0.00241422633688414,2.92769777374781
40,"t3","null",17,"modt",500,0,0,NA,0.036,0.008,0.0268544694559732,0.00450253233214645,2.92769777374781
40,"t3","null",17,"fl_199",500,0,0,NA,0.034,0.002,0.034,0.005,2.92769777374781
40,"t3","null",17,"fl_999",500,0,0,NA,0.038,0.01,0.034,0.001,2.92769777374781
40,"t3","null",17,"fl_9999",500,0,0,NA,0.034,0.008,0.0341,0.0024,2.92769777374781
40,"t3","null",17,"pvw_199",500,0,0,NA,0.036,0.006,0.0340087109851465,0.00494794760984311,2.92769777374781
40,"t3","null",17,"pvt_199",500,0,0,NA,0.05,0.012,0.0340270752178552,0.00127226327815594,2.92769777374781
40,"t3","null",17,"mm_199",500,0,0,NA,0.044,0.01,0.0843967752217412,0.00204185564656393,2.92769777374781
40,"t3","null",17,"pvw_999",500,0,0,NA,0.036,0.008,0.0318272438810068,0.00273814564673875,2.92769777374781
40,"t3","null",17,"pvt_999",500,0,0,NA,0.046,0.012,0.0319068131396441,0.00098359230463389,2.92769777374781
40,"t3","null",17,"mm_999",500,0,0,NA,0.036,0.01,0.11,0.000940993596241105,2.92769777374781
40,"t3","null",18,"ols",500,0,0,NA,0.05,0.004,0.0335544269187321,0.00304216923427495,3.25630694356639
40,"t3","null",18,"modt",500,0,0,NA,0.048,0.004,0.0357744751798731,0.00367303722826923,3.25630694356639
40,"t3","null",18,"fl_199",500,0,0,NA,0.038,0.002,0.025,0.005,3.25630694356639
40,"t3","null",18,"fl_999",500,0,0,NA,0.046,0.006,0.028,0.002,3.25630694356639
40,"t3","null",18,"fl_9999",500,0,0,NA,0.05,0.006,0.0332,0.0034,3.25630694356639
40,"t3","null",18,"pvw_199",500,0,0,NA,0.052,0.006,0.0427177906813245,0.00615012364650694,3.25630694356639
40,"t3","null",18,"pvt_199",500,0,0,NA,0.066,0.01,0.0485158916931945,0.00124294265075032,3.25630694356639
40,"t3","null",18,"mm_199",500,0,0,NA,0.048,0.008,0.0870707386688692,0.00170130104364084,3.25630694356639
40,"t3","null",18,"pvw_999",500,0,0,NA,0.048,0.004,0.0446091230137229,0.00349671126406066,3.25630694356639
40,"t3","null",18,"pvt_999",500,0,0,NA,0.068,0.01,0.0508080592232382,0.0010686306463177,3.25630694356639
40,"t3","null",18,"mm_999",500,0,0,NA,0.048,0.006,0.08,0.00105789004413794,3.25630694356639
40,"t3","null",19,"ols",500,0,0,NA,0.05,0.004,0.0324484864958817,0.000171212880789585,3.50558950163331
40,"t3","null",19,"modt",500,0,0,NA,0.054,0.004,0.0355158429343608,0.0001342953232856,3.50558950163331
40,"t3","null",19,"fl_199",500,0,0,NA,0.048,0.008,0.043,0.005,3.50558950163331
40,"t3","null",19,"fl_999",500,0,0,NA,0.052,0.006,0.041,0.001,3.50558950163331
40,"t3","null",19,"fl_9999",500,0,0,NA,0.052,0.004,0.0381,2e-04,3.50558950163331
40,"t3","null",19,"pvw_199",500,0,0,NA,0.062,0.008,0.0294708618930646,0.000310870506988217,3.50558950163331
40,"t3","null",19,"pvt_199",500,1,2,NA,0.074,0.014,0.0346865966116633,2.32185843028396e-05,3.50558950163331
40,"t3","null",19,"mm_199",500,1,2,NA,0.058,0.016,0.0800478563184983,4.14193556368098e-05,3.50558950163331
40,"t3","null",19,"pvw_999",500,0,0,NA,0.048,0.004,0.0320054855123998,0.000318479073536305,3.50558950163331
40,"t3","null",19,"pvt_999",500,1,1,NA,0.07,0.014,0.038336111239089,1.58752340720192e-05,3.50558950163331
40,"t3","null",19,"mm_999",500,1,1,NA,0.05,0.01,0.146,2.65398592203065e-05,3.50558950163331
40,"t3","null",20,"ols",500,0,0,NA,0.054,0.006,0.0345653288623942,0.00230408098967485,3.14598758032719
40,"t3","null",20,"modt",500,0,0,NA,0.05,0.008,0.0310131206077373,0.00188961014393075,3.14598758032719
40,"t3","null",20,"fl_199",500,0,0,NA,0.044,0.006,0.048,0.005,3.14598758032719
40,"t3","null",20,"fl_999",500,0,0,NA,0.048,0.008,0.037,0.002,3.14598758032719
40,"t3","null",20,"fl_9999",500,0,0,NA,0.056,0.008,0.038,0.0018,3.14598758032719
40,"t3","null",20,"pvw_199",500,0,0,NA,0.054,0.008,0.0392920063738442,0.00162794106026381,3.14598758032719
40,"t3","null",20,"pvt_199",500,0,0,NA,0.066,0.01,0.0389388197965339,0.000282537173604454,3.14598758032719
40,"t3","null",20,"mm_199",500,0,0,NA,0.06,0.01,0.100081973859078,0.000591851879638771,3.14598758032719
40,"t3","null",20,"pvw_999",500,0,0,NA,0.058,0.006,0.0384008946143726,0.00243043444828463,3.14598758032719
40,"t3","null",20,"pvt_999",500,0,0,NA,0.064,0.012,0.0394327725122373,0.000648258057629938,3.14598758032719
40,"t3","null",20,"mm_999",500,0,0,NA,0.054,0.008,0.086,0.00173302529639194,3.14598758032719
100,"t3","null",1,"ols",500,0,0,NA,0.038,0.004,0.0402650310731956,0.00668609121368973,3.72957218027002
100,"t3","null",1,"modt",500,0,0,NA,0.038,0.006,0.0389246406064785,0.00720668285891019,3.72957218027002
100,"t3","null",1,"fl_199",500,0,0,NA,0.038,0,0.057,0.01,3.72957218027002
100,"t3","null",1,"fl_999",500,0,0,NA,0.042,0.006,0.043,0.006,3.72957218027002
100,"t3","null",1,"fl_9999",500,0,0,NA,0.04,0.006,0.0465,0.004,3.72957218027002
100,"t3","null",1,"pvw_199",500,0,0,NA,0.042,0.004,0.0357983587226743,0.0065626221870247,3.72957218027002
100,"t3","null",1,"pvt_199",500,0,0,NA,0.046,0.008,0.0349196838486878,0.0040559203863659,3.72957218027002
100,"t3","null",1,"mm_199",500,0,0,NA,0.05,0.012,0.078402199596915,0.00366346276102503,3.72957218027002
100,"t3","null",1,"pvw_999",500,0,0,NA,0.04,0.004,0.0315797487737792,0.00659568897795739,3.72957218027002
100,"t3","null",1,"pvt_999",500,0,0,NA,0.044,0.008,0.030170201757564,0.00443567454953381,3.72957218027002
100,"t3","null",1,"mm_999",500,0,0,NA,0.044,0.01,0.074,0.00399922033298082,3.72957218027002
100,"t3","null",2,"ols",500,0,0,NA,0.05,0.008,0.0547658861367507,0.00380044520482459,3.35495844260454
100,"t3","null",2,"modt",500,0,0,NA,0.05,0.008,0.0542640134148277,0.00446983213781422,3.35495844260454
100,"t3","null",2,"fl_199",500,0,0,NA,0.052,0.006,0.0379999999999999,0.005,3.35495844260454
100,"t3","null",2,"fl_999",500,0,0,NA,0.058,0.008,0.042,0.003,3.35495844260454
100,"t3","null",2,"fl_9999",500,0,0,NA,0.058,0.014,0.0465,0.0039,3.35495844260454
100,"t3","null",2,"pvw_199",500,0,0,NA,0.048,0.006,0.053911702484279,0.00641402755707705,3.35495844260454
100,"t3","null",2,"pvt_199",500,0,0,NA,0.056,0.01,0.0537864752607262,0.00459901423097088,3.35495844260454
100,"t3","null",2,"mm_199",500,0,0,NA,0.052,0.014,0.100712688206044,0.00271077242436317,3.35495844260454
100,"t3","null",2,"pvw_999",500,0,0,NA,0.056,0.008,0.0591573388278013,0.00534977372550841,3.35495844260454
100,"t3","null",2,"pvt_999",500,0,0,NA,0.06,0.012,0.0597429889854907,0.00391553966014761,3.35495844260454
100,"t3","null",2,"mm_999",500,0,0,NA,0.06,0.01,0.076,0.00306620479523769,3.35495844260454
100,"t3","null",3,"ols",500,0,0,NA,0.044,0.008,0.026764260487721,0.00306684931064217,3.66235196362419
100,"t3","null",3,"modt",500,0,0,NA,0.046,0.008,0.0308085005123904,0.00313447170460758,3.66235196362419
100,"t3","null",3,"fl_199",500,0,0,NA,0.038,0.004,0.034,0.005,3.66235196362419
100,"t3","null",3,"fl_999",500,0,0,NA,0.046,0.008,0.031,0.004,3.66235196362419
100,"t3","null",3,"fl_9999",500,0,0,NA,0.044,0.008,0.0338,0.0026,3.66235196362419
100,"t3","null",3,"pvw_199",500,0,0,NA,0.046,0.012,0.0217229544628875,0.00310852503588205,3.66235196362419
100,"t3","null",3,"pvt_199",500,0,0,NA,0.052,0.012,0.0216520943593096,0.00182504940587853,3.66235196362419
100,"t3","null",3,"mm_199",500,0,0,NA,0.05,0.014,0.105164345484466,0.00132981158094952,3.66235196362419
100,"t3","null",3,"pvw_999",500,0,0,NA,0.046,0.008,0.0202006315419891,0.0028087632102035,3.66235196362419
100,"t3","null",3,"pvt_999",500,0,0,NA,0.05,0.012,0.0196274579170496,0.00169077121369517,3.66235196362419
100,"t3","null",3,"mm_999",500,0,0,NA,0.048,0.01,0.0600000000000001,0.00363030569395888,3.66235196362419
100,"t3","null",4,"ols",500,0,0,NA,0.046,0.01,0.0250510975487279,0.000348022483133894,3.68701016891315
100,"t3","null",4,"modt",500,0,0,NA,0.046,0.01,0.0222665205257679,0.00051585977630075,3.68701016891315
100,"t3","null",4,"fl_199",500,0,0,NA,0.048,0.004,0.019,0.005,3.68701016891315
100,"t3","null",4,"fl_999",500,0,0,NA,0.05,0.01,0.026,0.001,3.68701016891315
100,"t3","null",4,"fl_9999",500,0,0,NA,0.05,0.01,0.0253,5e-04,3.68701016891315
100,"t3","null",4,"pvw_199",500,0,0,NA,0.048,0.01,0.0223635342540411,0.000456473703790802,3.68701016891315
100,"t3","null",4,"pvt_199",500,0,0,NA,0.048,0.008,0.0270177189433145,0.000263183313746069,3.68701016891315
100,"t3","null",4,"mm_199",500,0,0,NA,0.048,0.01,0.108011111112469,0.000199007109761726,3.68701016891315
100,"t3","null",4,"pvw_999",500,0,0,NA,0.052,0.01,0.0300346314243143,0.000334070950631086,3.68701016891315
100,"t3","null",4,"pvt_999",500,0,0,NA,0.052,0.01,0.03381665225481,0.000155546180769519,3.68701016891315
100,"t3","null",4,"mm_999",500,0,0,NA,0.05,0.012,0.0639999999999999,0.000132190067748621,3.68701016891315
100,"t3","null",5,"ols",500,0,0,NA,0.05,0.004,0.0464379008149554,0.00195649219839795,3.30494500606744
100,"t3","null",5,"modt",500,0,0,NA,0.05,0.004,0.045030807407396,0.00212802354042355,3.30494500606744
100,"t3","null",5,"fl_199",500,0,0,NA,0.044,0,0.035,0.01,3.30494500606744
100,"t3","null",5,"fl_999",500,0,0,NA,0.048,0.004,0.034,0.002,3.30494500606744
100,"t3","null",5,"fl_9999",500,0,0,NA,0.05,0.004,0.0387,0.0011,3.30494500606744
100,"t3","null",5,"pvw_199",500,0,0,NA,0.05,0.006,0.0475332825112974,0.00352564050470617,3.30494500606744
100,"t3","null",5,"pvt_199",500,0,0,NA,0.054,0.006,0.050571928770286,0.00250610956212067,3.30494500606744
100,"t3","null",5,"mm_199",500,0,0,NA,0.05,0.012,0.100614446610375,0.00137421419096757,3.30494500606744
100,"t3","null",5,"pvw_999",500,0,0,NA,0.048,0.006,0.0471941083992535,0.00221133485654735,3.30494500606744
100,"t3","null",5,"pvt_999",500,0,0,NA,0.054,0.006,0.0482177903026807,0.00116301413472427,3.30494500606744
100,"t3","null",5,"mm_999",500,0,0,NA,0.048,0.008,0.0580000000000001,0.00062113561385954,3.30494500606744
100,"t3","null",6,"ols",500,0,0,NA,0.066,0.018,0.0337525175402902,0.00190530584338758,3.66329139141593
100,"t3","null",6,"modt",500,0,0,NA,0.066,0.018,0.0354145472359407,0.00195918905179127,3.66329139141593
100,"t3","null",6,"fl_199",500,0,0,NA,0.062,0.008,0.033,0.005,3.66329139141593
100,"t3","null",6,"fl_999",500,0,0,NA,0.068,0.018,0.031,0.001,3.66329139141593
100,"t3","null",6,"fl_9999",500,0,0,NA,0.068,0.02,0.0322,8e-04,3.66329139141593
100,"t3","null",6,"pvw_199",500,0,0,NA,0.068,0.02,0.0376062545854305,0.00247213765092319,3.66329139141593
100,"t3","null",6,"pvt_199",500,0,0,NA,0.072,0.022,0.0375341935892253,0.0013587591597409,3.66329139141593
100,"t3","null",6,"mm_199",500,0,0,NA,0.068,0.016,0.100424683816666,0.00102757957195653,3.66329139141593
100,"t3","null",6,"pvw_999",500,0,0,NA,0.064,0.02,0.0402609361086065,0.00267261057390235,3.66329139141593
100,"t3","null",6,"pvt_999",500,0,0,NA,0.07,0.022,0.0427939125972436,0.00153268948582748,3.66329139141593
100,"t3","null",6,"mm_999",500,0,0,NA,0.07,0.022,0.063676825385647,0.000809875613709265,3.66329139141593
100,"t3","null",7,"ols",500,0,0,NA,0.038,0.006,0.0302870526022531,0.00432917575088805,3.3441264656089
100,"t3","null",7,"modt",500,0,0,NA,0.038,0.006,0.0333296884223361,0.00408622105882516,3.3441264656089
100,"t3","null",7,"fl_199",500,0,0,NA,0.034,0.002,0.049,0.005,3.3441264656089
100,"t3","null",7,"fl_999",500,0,0,NA,0.038,0.004,0.039,0.003,3.3441264656089
100,"t3","null",7,"fl_9999",500,0,0,NA,0.038,0.006,0.0352,0.005,3.3441264656089
100,"t3","null",7,"pvw_199",500,0,0,NA,0.04,0.004,0.0274385497088062,0.00264713738340281,3.3441264656089
100,"t3","null",7,"pvt_199",500,0,0,NA,0.042,0.008,0.0261655822962749,0.00122080986905286,3.3441264656089
100,"t3","null",7,"mm_199",500,0,0,NA,0.042,0.008,0.0776198822376517,0.000512889693831216,3.3441264656089
100,"t3","null",7,"pvw_999",500,0,0,NA,0.038,0.006,0.0262551432188099,0.00452117222192338,3.3441264656089
100,"t3","null",7,"pvt_999",500,0,0,NA,0.042,0.006,0.0263253236918229,0.00324288650295384,3.3441264656089
100,"t3","null",7,"mm_999",500,0,0,NA,0.038,0.006,0.072,0.00231471816939081,3.3441264656089
100,"t3","null",8,"ols",500,0,0,NA,0.038,0.008,0.0632729141992078,0.00473381240934315,4.16709841730703
100,"t3","null",8,"modt",500,0,0,NA,0.042,0.008,0.0663151654650795,0.004760725140908,4.16709841730703
100,"t3","null",8,"fl_199",500,0,0,NA,0.038,0.004,0.078,0.005,4.16709841730703
100,"t3","null",8,"fl_999",500,0,0,NA,0.044,0.006,0.076,0.004,4.16709841730703
100,"t3","null",8,"fl_9999",500,0,0,NA,0.038,0.01,0.0767,0.0036,4.16709841730703
100,"t3","null",8,"pvw_199",500,0,0,NA,0.052,0.008,0.0589414968963139,0.00392603499006241,4.16709841730703
100,"t3","null",8,"pvt_199",500,0,0,NA,0.052,0.01,0.0574379139159493,0.00279166804366077,4.16709841730703
100,"t3","null",8,"mm_199",500,0,0,NA,0.054,0.01,0.0933487081634087,0.00109947806593184,4.16709841730703
100,"t3","null",8,"pvw_999",500,0,0,NA,0.044,0.01,0.0616818868613366,0.00461216032158449,4.16709841730703
100,"t3","null",8,"pvt_999",500,0,0,NA,0.048,0.012,0.0621586098669891,0.00332484640000752,4.16709841730703
100,"t3","null",8,"mm_999",500,0,0,NA,0.048,0.012,0.0828941594597864,0.00278966188792495,4.16709841730703
100,"t3","null",9,"ols",500,0,0,NA,0.04,0.01,0.0422281169467738,0.0038536341693996,3.44529867675478
100,"t3","null",9,"modt",500,0,0,NA,0.04,0.01,0.0408251200392675,0.00335280366318706,3.44529867675478
100,"t3","null",9,"fl_199",500,0,0,NA,0.038,0,0.047,0.01,3.44529867675478
100,"t3","null",9,"fl_999",500,0,0,NA,0.034,0.008,0.043,0.003,3.44529867675478
100,"t3","null",9,"fl_9999",500,0,0,NA,0.044,0.01,0.044,0.0042,3.44529867675478
100,"t3","null",9,"pvw_199",500,0,0,NA,0.036,0.008,0.0428321546789215,0.00344564078816564,3.44529867675478
100,"t3","null",9,"pvt_199",500,0,0,NA,0.042,0.01,0.0419832398286714,0.00224364603392691,3.44529867675478
100,"t3","null",9,"mm_199",500,0,0,NA,0.036,0.012,0.096242453443937,0.00141870298027755,3.44529867675478
100,"t3","null",9,"pvw_999",500,0,0,NA,0.034,0.01,0.0386806395115756,0.00312708679168965,3.44529867675478
100,"t3","null",9,"pvt_999",500,0,0,NA,0.042,0.012,0.037824891540584,0.002477846614084,3.44529867675478
100,"t3","null",9,"mm_999",500,0,0,NA,0.034,0.012,0.082,0.000947566258434445,3.44529867675478
100,"t3","null",10,"ols",500,0,0,NA,0.048,0.006,0.0352751133473524,0.00753603130894181,3.3354131875313
100,"t3","null",10,"modt",500,0,0,NA,0.052,0.006,0.0347704651916895,0.00719094579421992,3.3354131875313
100,"t3","null",10,"fl_199",500,0,0,NA,0.054,0,0.026,0.01,3.3354131875313
100,"t3","null",10,"fl_999",500,0,0,NA,0.056,0.006,0.031,0.007,3.3354131875313
100,"t3","null",10,"fl_9999",500,0,0,NA,0.058,0.006,0.0324,0.0067,3.3354131875313
100,"t3","null",10,"pvw_199",500,0,0,NA,0.056,0.006,0.0426591619481348,0.00849211810355131,3.3354131875313
100,"t3","null",10,"pvt_199",500,0,0,NA,0.062,0.008,0.0441162553059607,0.00627463447633309,3.3354131875313
100,"t3","null",10,"mm_199",500,0,0,NA,0.054,0.004,0.105690549654371,0.00545842447751856,3.3354131875313
100,"t3","null",10,"pvw_999",500,0,0,NA,0.05,0.002,0.0385972078927545,0.00789471503010528,3.3354131875313
100,"t3","null",10,"pvt_999",500,0,0,NA,0.058,0.008,0.0390758904798534,0.00546515480283608,3.3354131875313
100,"t3","null",10,"mm_999",500,0,0,NA,0.06,0.006,0.0705652834720472,0.00520079658722118,3.3354131875313
100,"t3","null",11,"ols",500,0,0,NA,0.038,0.012,0.0285754060702078,0.00219424932155682,3.19906205853402
100,"t3","null",11,"modt",500,0,0,NA,0.042,0.012,0.0287634081566461,0.00221146770261445,3.19906205853402
100,"t3","null",11,"fl_199",500,0,0,NA,0.04,0.006,0.03,0.005,3.19906205853402
100,"t3","null",11,"fl_999",500,0,0,NA,0.04,0.012,0.028,0.001,3.19906205853402
100,"t3","null",11,"fl_9999",500,0,0,NA,0.038,0.012,0.0264,0.0015,3.19906205853402
100,"t3","null",11,"pvw_199",500,0,0,NA,0.038,0.01,0.0292203792481314,0.00182015052006968,3.19906205853402
100,"t3","null",11,"pvt_199",500,0,0,NA,0.058,0.014,0.0288758873808829,0.00104094075527924,3.19906205853402
100,"t3","null",11,"mm_199",500,0,0,NA,0.042,0.014,0.0880262382574634,0.000670407452682204,3.19906205853402
100,"t3","null",11,"pvw_999",500,0,0,NA,0.038,0.012,0.030056143867301,0.00210260499292586,3.19906205853402
100,"t3","null",11,"pvt_999",500,0,0,NA,0.046,0.014,0.0301382155055224,0.00117353923556812,3.19906205853402
100,"t3","null",11,"mm_999",500,0,0,NA,0.04,0.012,0.072,0.000917580691818205,3.19906205853402
100,"t3","null",12,"ols",500,0,0,NA,0.044,0.012,0.0506386238822969,0.00204366698859294,3.19735206451573
100,"t3","null",12,"modt",500,0,0,NA,0.042,0.012,0.050408708700331,0.00187778969506252,3.19735206451573
100,"t3","null",12,"fl_199",500,0,0,NA,0.048,0.006,0.0690000000000001,0.005,3.19735206451573
100,"t3","null",12,"fl_999",500,0,0,NA,0.048,0.014,0.0589999999999999,0.003,3.19735206451573
100,"t3","null",12,"fl_9999",500,0,0,NA,0.046,0.012,0.0571,0.0011,3.19735206451573
100,"t3","null",12,"pvw_199",500,0,0,NA,0.048,0.01,0.0483844988137211,0.00201955845823097,3.19735206451573
100,"t3","null",12,"pvt_199",500,0,0,NA,0.048,0.012,0.0454173155028905,0.00105250254328953,3.19735206451573
100,"t3","null",12,"mm_199",500,0,0,NA,0.05,0.012,0.0724865572743172,0.000184451438097702,3.19735206451573
100,"t3","null",12,"pvw_999",500,0,0,NA,0.046,0.012,0.0471416027604208,0.00295724405104807,3.19735206451573
100,"t3","null",12,"pvt_999",500,0,0,NA,0.048,0.012,0.0467541424737329,0.00181031946999955,3.19735206451573
100,"t3","null",12,"mm_999",500,0,0,NA,0.052,0.012,0.086,0.0012597992517619,3.19735206451573
100,"t3","null",13,"ols",500,0,0,NA,0.056,0.012,0.0253327221161573,0.00108538611563936,3.38987518447457
100,"t3","null",13,"modt",500,0,0,NA,0.058,0.012,0.0290063280441251,0.0012717562100221,3.38987518447457
100,"t3","null",13,"fl_199",500,0,0,NA,0.048,0.008,0.032,0.005,3.38987518447457
100,"t3","null",13,"fl_999",500,0,0,NA,0.054,0.01,0.024,0.002,3.38987518447457
100,"t3","null",13,"fl_9999",500,0,0,NA,0.058,0.014,0.0269,9e-04,3.38987518447457
100,"t3","null",13,"pvw_199",500,0,0,NA,0.054,0.014,0.0389252131312504,0.00168685638000913,3.38987518447457
100,"t3","null",13,"pvt_199",500,0,0,NA,0.06,0.016,0.0402837121500182,0.00130966246383547,3.38987518447457
100,"t3","null",13,"mm_199",500,0,0,NA,0.056,0.018,0.0900213981289605,0.000402636878120853,3.38987518447457
100,"t3","null",13,"pvw_999",500,0,0,NA,0.054,0.01,0.0314756342229208,0.00126341619230239,3.38987518447457
100,"t3","null",13,"pvt_999",500,0,0,NA,0.06,0.018,0.0335271436820657,0.000775847499496984,3.38987518447457
100,"t3","null",13,"mm_999",500,0,0,NA,0.056,0.012,0.0641923274974497,0.0011557079897028,3.38987518447457
100,"t3","null",14,"ols",500,0,0,NA,0.068,0.012,0.0377095165559255,0.00294756438879342,3.88421713489048
100,"t3","null",14,"modt",500,0,0,NA,0.066,0.014,0.0399976895783735,0.00259366271986147,3.88421713489048
100,"t3","null",14,"fl_199",500,0,0,NA,0.062,0.006,0.029,0.005,3.88421713489048
100,"t3","null",14,"fl_999",500,0,0,NA,0.068,0.012,0.028,0.003,3.88421713489048
100,"t3","null",14,"fl_9999",500,0,0,NA,0.072,0.014,0.0302,0.0022,3.88421713489048
100,"t3","null",14,"pvw_199",500,0,0,NA,0.068,0.014,0.042230631793078,0.00315363228785926,3.88421713489048
100,"t3","null",14,"pvt_199",500,0,0,NA,0.076,0.016,0.043495548420741,0.00187357727376872,3.88421713489048
100,"t3","null",14,"mm_199",500,0,0,NA,0.07,0.018,0.090220271459668,0.00174530399201061,3.88421713489048
100,"t3","null",14,"pvw_999",500,0,0,NA,0.07,0.014,0.0419881521871368,0.00308405566983922,3.88421713489048
100,"t3","null",14,"pvt_999",500,0,0,NA,0.074,0.016,0.0428289565283798,0.00183614675606357,3.88421713489048
100,"t3","null",14,"mm_999",500,0,0,NA,0.074,0.016,0.0620000000000001,0.00152952477962746,3.88421713489048
100,"t3","null",15,"ols",500,0,0,NA,0.046,0.006,0.0389574968146399,0.00161419560326062,3.16475032967608
100,"t3","null",15,"modt",500,0,0,NA,0.044,0.006,0.0412446207003557,0.00159410724244604,3.16475032967608
100,"t3","null",15,"fl_199",500,0,0,NA,0.042,0.008,0.0369999999999999,0.005,3.16475032967608
100,"t3","null",15,"fl_999",500,0,0,NA,0.048,0.006,0.033,0.002,3.16475032967608
100,"t3","null",15,"fl_9999",500,0,0,NA,0.048,0.006,0.0339,0.0015,3.16475032967608
100,"t3","null",15,"pvw_199",500,0,0,NA,0.046,0.01,0.0445664199153497,0.00121996334293978,3.16475032967608
100,"t3","null",15,"pvt_199",500,0,0,NA,0.05,0.01,0.043443845251271,0.0010707541230026,3.16475032967608
100,"t3","null",15,"mm_199",500,0,0,NA,0.05,0.01,0.0700287370096352,0.000173778601685011,3.16475032967608
100,"t3","null",15,"pvw_999",500,0,0,NA,0.048,0.006,0.0428477159859156,0.00164830907546279,3.16475032967608
100,"t3","null",15,"pvt_999",500,0,0,NA,0.052,0.006,0.0455126697809475,0.000909950428314046,3.16475032967608
100,"t3","null",15,"mm_999",500,0,0,NA,0.05,0.006,0.0580000000000001,0.000798134451239794,3.16475032967608
100,"t3","null",16,"ols",500,0,0,NA,0.048,0.006,0.0265880331999343,0.00279276988270987,3.29186944910877
100,"t3","null",16,"modt",500,0,0,NA,0.044,0.008,0.028834426052833,0.00251972823053845,3.29186944910877
100,"t3","null",16,"fl_199",500,0,0,NA,0.048,0.01,0.032,0.005,3.29186944910877
100,"t3","null",16,"fl_999",500,0,0,NA,0.052,0.004,0.035,0.002,3.29186944910877
100,"t3","null",16,"fl_9999",500,0,0,NA,0.052,0.01,0.031,0.002,3.29186944910877
100,"t3","null",16,"pvw_199",500,0,0,NA,0.056,0.01,0.0361757141164798,0.00387174152864011,3.29186944910877
100,"t3","null",16,"pvt_199",500,0,0,NA,0.056,0.016,0.0353068377416996,0.00209259770031939,3.29186944910877
100,"t3","null",16,"mm_199",500,0,0,NA,0.058,0.018,0.087513268884853,0.000137046242568955,3.29186944910877
100,"t3","null",16,"pvw_999",500,0,0,NA,0.054,0.008,0.0303260063238157,0.00248565147567691,3.29186944910877
100,"t3","null",16,"pvt_999",500,0,0,NA,0.06,0.01,0.0304211017002707,0.00135728847059653,3.29186944910877
100,"t3","null",16,"mm_999",500,0,0,NA,0.056,0.01,0.0615966223705717,0.00114697143011428,3.29186944910877
100,"t3","null",17,"ols",500,0,0,NA,0.054,0.008,0.0263553307962976,0.00392699677237599,3.21846518350804
100,"t3","null",17,"modt",500,0,0,NA,0.056,0.01,0.0263044108387151,0.00391562625673763,3.21846518350804
100,"t3","null",17,"fl_199",500,0,0,NA,0.046,0.008,0.041,0.005,3.21846518350804
100,"t3","null",17,"fl_999",500,0,0,NA,0.052,0.01,0.037,0.001,3.21846518350804
100,"t3","null",17,"fl_9999",500,0,0,NA,0.056,0.014,0.0303,0.0027,3.21846518350804
100,"t3","null",17,"pvw_199",500,0,0,NA,0.046,0.008,0.0240420194411481,0.00120690804438189,3.21846518350804
100,"t3","null",17,"pvt_199",500,0,0,NA,0.056,0.018,0.0206677275753318,0.000618743047951655,3.21846518350804
100,"t3","null",17,"mm_199",500,0,0,NA,0.06,0.012,0.0783575243451944,0.000358696488737583,3.21846518350804
100,"t3","null",17,"pvw_999",500,0,0,NA,0.056,0.006,0.0209388375510227,0.00317686291510645,3.21846518350804
100,"t3","null",17,"pvt_999",500,0,0,NA,0.058,0.014,0.0210430849354619,0.0018948199789917,3.21846518350804
100,"t3","null",17,"mm_999",500,0,0,NA,0.06,0.014,0.076,0.00150839502105063,3.21846518350804
100,"t3","null",18,"ols",500,0,0,NA,0.064,0.006,0.0408466711495027,0.00102775030292457,3.2111987264867
100,"t3","null",18,"modt",500,0,0,NA,0.066,0.006,0.0430482286908831,0.000893753934810285,3.2111987264867
100,"t3","null",18,"fl_199",500,0,0,NA,0.058,0.002,0.028,0.005,3.2111987264867
100,"t3","null",18,"fl_999",500,0,0,NA,0.068,0.006,0.033,0.002,3.2111987264867
100,"t3","null",18,"fl_9999",500,0,0,NA,0.07,0.006,0.0286000000000001,0.0011,3.2111987264867
100,"t3","null",18,"pvw_199",500,0,0,NA,0.07,0.004,0.0408753145350127,0.000715960611548294,3.2111987264867
100,"t3","null",18,"pvt_199",500,0,0,NA,0.072,0.006,0.0407472497427985,0.000309654788135078,3.2111987264867
100,"t3","null",18,"mm_199",500,0,0,NA,0.066,0.008,0.107525395320439,0.000326730077181722,3.2111987264867
100,"t3","null",18,"pvw_999",500,0,0,NA,0.064,0.008,0.0416042368759515,0.00109539070464478,3.2111987264867
100,"t3","null",18,"pvt_999",500,0,0,NA,0.072,0.008,0.0413796328891045,0.000624122202551794,3.2111987264867
100,"t3","null",18,"mm_999",500,0,0,NA,0.066,0.008,0.08,0.000940077788522571,3.2111987264867
100,"t3","null",19,"ols",500,0,0,NA,0.042,0.006,0.0348685005131267,0.00111364317933319,3.12358562666597
100,"t3","null",19,"modt",500,0,0,NA,0.044,0.006,0.034806631808045,0.00175713746882864,3.12358562666597
100,"t3","null",19,"fl_199",500,0,0,NA,0.038,0.004,0.037,0.005,3.12358562666597
100,"t3","null",19,"fl_999",500,0,0,NA,0.044,0.006,0.034,0.002,3.12358562666597
100,"t3","null",19,"fl_9999",500,0,0,NA,0.04,0.006,0.0359,9e-04,3.12358562666597
100,"t3","null",19,"pvw_199",500,0,0,NA,0.044,0.006,0.0287332841325032,0.000806667945775196,3.12358562666597
100,"t3","null",19,"pvt_199",500,0,0,NA,0.046,0.008,0.0280828292639279,0.000476723467962773,3.12358562666597
100,"t3","null",19,"mm_199",500,0,0,NA,0.04,0.004,0.076,0.000336652514986955,3.12358562666597
100,"t3","null",19,"pvw_999",500,0,0,NA,0.044,0.006,0.0303512191472355,0.00121676839897116,3.12358562666597
100,"t3","null",19,"pvt_999",500,0,0,NA,0.046,0.006,0.0301842881973038,0.000756171451025824,3.12358562666597
100,"t3","null",19,"mm_999",500,0,0,NA,0.044,0.006,0.078,0.000601741874915841,3.12358562666597
100,"t3","null",20,"ols",500,0,0,NA,0.044,0.01,0.0494380284883178,0.00297633542389709,3.22823670151725
100,"t3","null",20,"modt",500,0,0,NA,0.046,0.01,0.0507434231020452,0.00302563967416893,3.22823670151725
100,"t3","null",20,"fl_199",500,0,0,NA,0.048,0.008,0.036,0.005,3.22823670151725
100,"t3","null",20,"fl_999",500,0,0,NA,0.044,0.01,0.044,0.002,3.22823670151725
100,"t3","null",20,"fl_9999",500,0,0,NA,0.046,0.012,0.0462,0.0018,3.22823670151725
100,"t3","null",20,"pvw_199",500,0,0,NA,0.05,0.01,0.0534746026898811,0.00253141564864275,3.22823670151725
100,"t3","null",20,"pvt_199",500,0,0,NA,0.056,0.012,0.0552319043751293,0.00156777515641653,3.22823670151725
100,"t3","null",20,"mm_199",500,0,0,NA,0.052,0.01,0.101199918942111,0.000939797132649734,3.22823670151725
100,"t3","null",20,"pvw_999",500,0,0,NA,0.044,0.01,0.0517882263034322,0.00251919228094719,3.22823670151725
100,"t3","null",20,"pvt_999",500,0,0,NA,0.05,0.01,0.0525330826761325,0.00164972616978356,3.22823670151725
100,"t3","null",20,"mm_999",500,0,0,NA,0.042,0.012,0.0743487670340485,0.00226043258575507,3.22823670151725
10,"contam","null",1,"ols",500,0,0,NA,0.028,0,0.0327635649290174,0.0171100772558078,2.87757118762938
10,"contam","null",1,"modt",500,0,0,NA,0.02,0,0.043937171424507,0.0237454233696281,2.87757118762938
10,"contam","null",1,"fl_199",500,0,0,NA,0.024,0,0.035,0.01,2.87757118762938
10,"contam","null",1,"fl_999",500,0,0,NA,0.022,0,0.031,0.013,2.87757118762938
10,"contam","null",1,"fl_9999",500,0,0,NA,0.03,0,0.0293,0.0144,2.87757118762938
10,"contam","null",1,"pvw_199",500,0,0,NA,0.03,0,0.0889779782208499,0.0258649937972245,2.87757118762938
10,"contam","null",1,"pvt_199",500,0,0,NA,0.114,0.038,0.106048246954451,0.000142206227478718,2.87757118762938
10,"contam","null",1,"mm_199",500,0,0,NA,0.026,0.002,0.162,0.00912311315440634,2.87757118762938
10,"contam","null",1,"pvw_999",500,0,0,NA,0.03,0,0.0880283161288101,0.0212152276157257,2.87757118762938
10,"contam","null",1,"pvt_999",500,0,0,NA,0.102,0.034,0.105741365642049,0.000333538088591833,2.87757118762938
10,"contam","null",1,"mm_999",500,0,0,NA,0.028,0,0.292,0.0151875922936891,2.87757118762938
10,"contam","null",2,"ols",500,0,0,NA,0.048,0.006,0.0365228330610597,0.00244405625890616,2.5872095027265
10,"contam","null",2,"modt",500,0,0,NA,0.046,0.002,0.0457881676048633,0.000423481848947804,2.5872095027265
10,"contam","null",2,"fl_199",500,0,0,NA,0.054,0.006,0.0399999999999999,0.005,2.5872095027265
10,"contam","null",2,"fl_999",500,0,0,NA,0.05,0.01,0.037,0.001,2.5872095027265
10,"contam","null",2,"fl_9999",500,0,0,NA,0.052,0.01,0.0358,0.0031,2.5872095027265
10,"contam","null",2,"pvw_199",500,0,0,NA,0.066,0.002,0.0755009208818192,0.00904114625018377,2.5872095027265
10,"contam","null",2,"pvt_199",500,1,10,NA,0.134,0.062,0.115644960543122,1.74296095614386e-07,2.5872095027265
10,"contam","null",2,"mm_199",500,1,1,NA,0.052,0.012,0.188,4.64569624134455e-05,2.5872095027265
10,"contam","null",2,"pvw_999",500,0,0,NA,0.058,0.002,0.0727010303523066,0.00754358133478045,2.5872095027265
10,"contam","null",2,"pvt_999",500,1,10,NA,0.128,0.066,0.109923259134699,2.05795012066289e-07,2.5872095027265
10,"contam","null",2,"mm_999",500,0,0,NA,0.058,0.014,0.318,0.000375158884070834,2.5872095027265
10,"contam","null",3,"ols",500,0,0,NA,0.044,0.002,0.0196656669446234,0.000103897158391401,2.5579712794436
10,"contam","null",3,"modt",500,1,1,NA,0.042,0.002,0.0213956129300474,5.78083920988248e-05,2.5579712794436
10,"contam","null",3,"fl_199",500,0,0,NA,0.05,0.002,0.02,0.005,2.5579712794436
10,"contam","null",3,"fl_999",500,0,0,NA,0.054,0.004,0.02,0.001,2.5579712794436
10,"contam","null",3,"fl_9999",500,0,0,NA,0.054,0.006,0.0216,4e-04,2.5579712794436
10,"contam","null",3,"pvw_199",500,0,0,NA,0.052,0.002,0.0741790776364916,0.00363174626458415,2.5579712794436
10,"contam","null",3,"pvt_199",500,1,5,NA,0.114,0.048,0.109805620141658,3.40868247018671e-20,2.5579712794436
10,"contam","null",3,"mm_199",500,1,1,NA,0.054,0.012,0.17,2.31221910682106e-08,2.5579712794436
10,"contam","null",3,"pvw_999",500,0,0,NA,0.054,0.002,0.0739104394260602,0.00367674003043891,2.5579712794436
10,"contam","null",3,"pvt_999",500,1,5,NA,0.118,0.05,0.107021559204691,6.80343203522697e-20,2.5579712794436
10,"contam","null",3,"mm_999",500,1,1,NA,0.052,0.002,0.332,2.07288347783248e-05,2.5579712794436
10,"contam","null",4,"ols",500,0,0,NA,0.058,0.014,0.0432932280799742,0.00398041200863572,2.56162280383856
10,"contam","null",4,"modt",500,0,0,NA,0.048,0.008,0.0496035326505656,0.00279884692835339,2.56162280383856
10,"contam","null",4,"fl_199",500,0,0,NA,0.064,0.006,0.0469999999999999,0.005,2.56162280383856
10,"contam","null",4,"fl_999",500,0,0,NA,0.064,0.006,0.04,0.003,2.56162280383856
10,"contam","null",4,"fl_9999",500,0,0,NA,0.058,0.004,0.0373,0.0033,2.56162280383856
10,"contam","null",4,"pvw_199",500,0,0,NA,0.074,0.012,0.105252941013766,0.00543610097364561,2.56162280383856
10,"contam","null",4,"pvt_199",500,1,19,NA,0.146,0.058,0.136721166304248,7.57934553575539e-07,2.56162280383856
10,"contam","null",4,"mm_199",500,0,0,NA,0.058,0.022,0.19,0.000192599150026441,2.56162280383856
10,"contam","null",4,"pvw_999",500,0,0,NA,0.064,0.002,0.104012858720526,0.00854352379266881,2.56162280383856
10,"contam","null",4,"pvt_999",500,1,19,NA,0.144,0.058,0.133248524857237,1.93004466302003e-06,2.56162280383856
10,"contam","null",4,"mm_999",500,0,0,NA,0.068,0.014,0.342,0.00159919665820886,2.56162280383856
10,"contam","null",5,"ols",500,0,0,NA,0.056,0.01,0.0411834203028167,0.00178451120511593,2.59209511536059
10,"contam","null",5,"modt",500,0,0,NA,0.06,0.006,0.0503429487458424,0.00430440591872367,2.59209511536059
10,"contam","null",5,"fl_199",500,0,0,NA,0.044,0.006,0.033,0.005,2.59209511536059
10,"contam","null",5,"fl_999",500,0,0,NA,0.062,0.014,0.04,0.002,2.59209511536059
10,"contam","null",5,"fl_9999",500,0,0,NA,0.064,0.018,0.0466,5e-04,2.59209511536059
10,"contam","null",5,"pvw_199",500,0,0,NA,0.048,0,0.094029705861807,0.01414778971659,2.59209511536059
10,"contam","null",5,"pvt_199",500,1,7,NA,0.164,0.068,0.141298946924518,6.29858284499034e-08,2.59209511536059
10,"contam","null",5,"mm_199",500,0,0,NA,0.054,0.012,0.174,0.000233759277592586,2.59209511536059
10,"contam","null",5,"pvw_999",500,0,0,NA,0.06,0.002,0.0959260441728416,0.00981302722994966,2.59209511536059
10,"contam","null",5,"pvt_999",500,1,6,NA,0.166,0.07,0.139613004712669,2.28249723940036e-08,2.59209511536059
10,"contam","null",5,"mm_999",500,0,0,NA,0.068,0.016,0.364,0.000553453837347347,2.59209511536059
10,"contam","null",6,"ols",500,0,0,NA,0.038,0.01,0.0267044897315202,0.0019994445464041,2.47608506443738
10,"contam","null",6,"modt",500,0,0,NA,0.046,0.01,0.0275558342439601,0.000733661237624519,2.47608506443738
10,"contam","null",6,"fl_199",500,0,0,NA,0.028,0.006,0.026,0.005,2.47608506443738
10,"contam","null",6,"fl_999",500,0,0,NA,0.038,0.01,0.027,0.002,2.47608506443738
10,"contam","null",6,"fl_9999",500,0,0,NA,0.04,0.01,0.0273,0.0015,2.47608506443738
10,"contam","null",6,"pvw_199",500,0,0,NA,0.054,0.006,0.082513677621913,0.00703211184000975,2.47608506443738
10,"contam","null",6,"pvt_199",500,1,8,NA,0.128,0.052,0.0988852790180795,2.58016566867604e-07,2.47608506443738
10,"contam","null",6,"mm_199",500,1,1,NA,0.036,0.01,0.172,9.65711748582074e-05,2.47608506443738
10,"contam","null",6,"pvw_999",500,0,0,NA,0.05,0.002,0.0772580617427485,0.00825087394857082,2.47608506443738
10,"contam","null",6,"pvt_999",500,1,7,NA,0.132,0.05,0.096014598633333,7.9319806141501e-08,2.47608506443738
10,"contam","null",6,"mm_999",500,0,0,NA,0.05,0.01,0.312,0.000950417595569652,2.47608506443738
10,"contam","null",7,"ols",500,0,0,NA,0.054,0.01,0.0386770273954457,0.00101588985545767,2.44423935593224
10,"contam","null",7,"modt",500,0,0,NA,0.062,0.01,0.0366183627339741,0.00027317507172006,2.44423935593224
10,"contam","null",7,"fl_199",500,0,0,NA,0.05,0.012,0.047,0.005,2.44423935593224
10,"contam","null",7,"fl_999",500,0,0,NA,0.054,0.016,0.042,0.002,2.44423935593224
10,"contam","null",7,"fl_9999",500,0,0,NA,0.056,0.02,0.0451,0.0017,2.44423935593224
10,"contam","null",7,"pvw_199",500,0,0,NA,0.06,0.004,0.106965055070136,0.00703565935131566,2.44423935593224
10,"contam","null",7,"pvt_199",500,1,12,NA,0.158,0.07,0.131233942113491,5.17650936659333e-10,2.44423935593224
10,"contam","null",7,"mm_199",500,0,0,NA,0.054,0.02,0.123354520021441,0.00116962559596582,2.44423935593224
10,"contam","null",7,"pvw_999",500,0,0,NA,0.064,0.002,0.103420893602543,0.00734662644489019,2.44423935593224
10,"contam","null",7,"pvt_999",500,1,14,NA,0.152,0.068,0.132561879277028,5.51014372025433e-10,2.44423935593224
10,"contam","null",7,"mm_999",500,0,0,NA,0.05,0.016,0.158,0.00456936870637631,2.44423935593224
10,"contam","null",8,"ols",500,0,0,NA,0.048,0.014,0.0618759521585803,0.000181512497298893,2.4399012233368
10,"contam","null",8,"modt",500,0,0,NA,0.054,0.012,0.0565630613795663,0.000261091407454451,2.4399012233368
10,"contam","null",8,"fl_199",500,0,0,NA,0.044,0.004,0.0459999999999999,0.005,2.4399012233368
10,"contam","null",8,"fl_999",500,0,0,NA,0.046,0.014,0.0449999999999999,0.001,2.4399012233368
10,"contam","null",8,"fl_9999",500,0,0,NA,0.054,0.016,0.0466,8e-04,2.4399012233368
10,"contam","null",8,"pvw_199",500,0,0,NA,0.062,0.004,0.125090105071876,0.00506419507285429,2.4399012233368
10,"contam","null",8,"pvt_199",500,1,16,NA,0.138,0.062,0.146996848147653,7.96901704052224e-16,2.4399012233368
10,"contam","null",8,"mm_199",500,0,0,NA,0.054,0.016,0.142,0.000227854246320607,2.4399012233368
10,"contam","null",8,"pvw_999",500,0,0,NA,0.06,0.004,0.127675069886777,0.00450898603107952,2.4399012233368
10,"contam","null",8,"pvt_999",500,1,16,NA,0.14,0.056,0.147694326865918,7.60631865583116e-16,2.4399012233368
10,"contam","null",8,"mm_999",500,0,0,NA,0.056,0.018,0.314,0.000346646934472332,2.4399012233368
10,"contam","null",9,"ols",500,0,0,NA,0.058,0.014,0.0580085749817932,0.000502818690671123,2.36182001628376
10,"contam","null",9,"modt",500,0,0,NA,0.054,0.016,0.0606976558625447,0.000490521642089168,2.36182001628376
10,"contam","null",9,"fl_199",500,0,0,NA,0.05,0.006,0.0489999999999999,0.005,2.36182001628376
10,"contam","null",9,"fl_999",500,0,0,NA,0.054,0.012,0.043,0.004,2.36182001628376
10,"contam","null",9,"fl_9999",500,0,0,NA,0.054,0.014,0.0477,0.0038,2.36182001628376
10,"contam","null",9,"pvw_199",500,0,0,NA,0.058,0.004,0.0732890759459665,0.00793164435837385,2.36182001628376
10,"contam","null",9,"pvt_199",500,1,18,NA,0.134,0.072,0.119952446304466,2.64388665771937e-10,2.36182001628376
10,"contam","null",9,"mm_199",500,0,0,NA,0.058,0.016,0.128,0.00304688386695687,2.36182001628376
10,"contam","null",9,"pvw_999",500,0,0,NA,0.068,0.004,0.0683235765291117,0.00638381512104889,2.36182001628376
10,"contam","null",9,"pvt_999",500,1,17,NA,0.126,0.068,0.112875261788227,2.26904647936794e-11,2.36182001628376
10,"contam","null",9,"mm_999",500,0,0,NA,0.062,0.014,0.226,0.00333753323780496,2.36182001628376
10,"contam","null",10,"ols",500,0,0,NA,0.03,0.012,0.0642302162260732,0.000550832219251761,2.69514706940713
10,"contam","null",10,"modt",500,0,0,NA,0.042,0.006,0.0590539589678143,0.00199953014281577,2.69514706940713
10,"contam","null",10,"fl_199",500,0,0,NA,0.05,0.002,0.046,0.005,2.69514706940713
10,"contam","null",10,"fl_999",500,0,0,NA,0.046,0.01,0.045,0.003,2.69514706940713
10,"contam","null",10,"fl_9999",500,0,0,NA,0.044,0.008,0.0512,0.0025,2.69514706940713
10,"contam","null",10,"pvw_199",500,0,0,NA,0.044,0.002,0.124169629830171,0.00571480828774549,2.69514706940713
10,"contam","null",10,"pvt_199",500,1,10,NA,0.118,0.046,0.146395153277832,5.00414356696025e-11,2.69514706940713
10,"contam","null",10,"mm_199",500,0,0,NA,0.054,0.01,0.15,0.00142118818778316,2.69514706940713
10,"contam","null",10,"pvw_999",500,0,0,NA,0.04,0.002,0.124148140646784,0.0056686687653903,2.69514706940713
10,"contam","null",10,"pvt_999",500,1,10,NA,0.116,0.04,0.148671140456299,6.04550792641955e-11,2.69514706940713
10,"contam","null",10,"mm_999",500,0,0,NA,0.048,0.012,0.24,0.00503467797951171,2.69514706940713
10,"contam","null",11,"ols",500,0,0,NA,0.046,0.008,0.0364881516837539,0.000702056949006704,2.61668770719636
10,"contam","null",11,"modt",500,0,0,NA,0.054,0.01,0.0404115483290636,0.00231477707383392,2.61668770719636
10,"contam","null",11,"fl_199",500,0,0,NA,0.044,0.004,0.029,0.005,2.61668770719636
10,"contam","null",11,"fl_999",500,0,0,NA,0.054,0.008,0.034,0.001,2.61668770719636
10,"contam","null",11,"fl_9999",500,0,0,NA,0.052,0.008,0.0356000000000001,4e-04,2.61668770719636
10,"contam","null",11,"pvw_199",500,0,0,NA,0.048,0.004,0.092407778731484,0.00710220835598261,2.61668770719636
10,"contam","null",11,"pvt_199",500,1,13,NA,0.134,0.048,0.11204925146865,4.13996170359003e-10,2.61668770719636
10,"contam","null",11,"mm_199",500,1,1,NA,0.048,0.016,0.198,1.29833868183837e-05,2.61668770719636
10,"contam","null",11,"pvw_999",500,0,0,NA,0.048,0.004,0.0980825353860766,0.00677001074624974,2.61668770719636
10,"contam","null",11,"pvt_999",500,1,13,NA,0.138,0.046,0.11581545488118,7.7885377630513e-11,2.61668770719636
10,"contam","null",11,"mm_999",500,0,0,NA,0.052,0.008,0.314,0.000110378130244104,2.61668770719636
10,"contam","null",12,"ols",500,0,0,NA,0.034,0.006,0.0441988040977427,0.0013718562965264,2.77082479773808
10,"contam","null",12,"modt",500,0,0,NA,0.058,0.006,0.0410405700987454,0.00162549236374508,2.77082479773808
10,"contam","null",12,"fl_199",500,0,0,NA,0.04,0.006,0.046,0.005,2.77082479773808
10,"contam","null",12,"fl_999",500,0,0,NA,0.044,0.008,0.039,0.004,2.77082479773808
10,"contam","null",12,"fl_9999",500,0,0,NA,0.05,0.01,0.044,0.0011,2.77082479773808
10,"contam","null",12,"pvw_199",500,0,0,NA,0.058,0.006,0.106911215177679,0.00657309089671603,2.77082479773808
10,"contam","null",12,"pvt_199",500,1,9,NA,0.152,0.052,0.142180709131039,4.47232832479296e-09,2.77082479773808
10,"contam","null",12,"mm_199",500,1,2,NA,0.05,0.006,0.216,6.80164596719608e-06,2.77082479773808
10,"contam","null",12,"pvw_999",500,0,0,NA,0.054,0.002,0.105282415309854,0.00855577009747791,2.77082479773808
10,"contam","null",12,"pvt_999",500,1,6,NA,0.15,0.056,0.136520184444425,2.99583033622134e-09,2.77082479773808
10,"contam","null",12,"mm_999",500,0,0,NA,0.054,0.01,0.38,0.00410731599132326,2.77082479773808
10,"contam","null",13,"ols",500,0,0,NA,0.044,0.006,0.0550559368769329,0.00391977905947071,2.52294099597708
10,"contam","null",13,"modt",500,0,0,NA,0.046,0.012,0.0660241051785011,0.00272425343550998,2.52294099597708
10,"contam","null",13,"fl_199",500,0,0,NA,0.04,0.01,0.055,0.005,2.52294099597708
10,"contam","null",13,"fl_999",500,0,0,NA,0.042,0.008,0.038,0.002,2.52294099597708
10,"contam","null",13,"fl_9999",500,0,0,NA,0.042,0.01,0.0377,0.0026,2.52294099597708
10,"contam","null",13,"pvw_199",500,0,0,NA,0.062,0.002,0.0323196431680767,0.00739600189416319,2.52294099597708
10,"contam","null",13,"pvt_199",500,1,13,NA,0.114,0.056,0.0709142517971956,2.34918785482787e-07,2.52294099597708
10,"contam","null",13,"mm_199",500,0,0,NA,0.044,0.014,0.24,0.00030319560428308,2.52294099597708
10,"contam","null",13,"pvw_999",500,0,0,NA,0.054,0,0.0381867580893226,0.0107949103959775,2.52294099597708
10,"contam","null",13,"pvt_999",500,1,14,NA,0.114,0.052,0.0764580274837825,5.10796709365678e-07,2.52294099597708
10,"contam","null",13,"mm_999",500,0,0,NA,0.044,0.014,0.37,0.00204455386582591,2.52294099597708
10,"contam","null",14,"ols",500,0,0,NA,0.03,0.006,0.0738062049548089,0.000134944837971225,2.52323479880402
10,"contam","null",14,"modt",500,0,0,NA,0.034,0.008,0.0719164778227379,0.000125451863278629,2.52323479880402
10,"contam","null",14,"fl_199",500,0,0,NA,0.038,0.006,0.087,0.005,2.52323479880402
10,"contam","null",14,"fl_999",500,0,0,NA,0.036,0.006,0.074,0.001,2.52323479880402
10,"contam","null",14,"fl_9999",500,0,0,NA,0.032,0.008,0.0745,3e-04,2.52323479880402
10,"contam","null",14,"pvw_199",500,0,0,NA,0.036,0.006,0.0417222180335515,0.00267903572613124,2.52323479880402
10,"contam","null",14,"pvt_199",500,1,5,NA,0.088,0.032,0.0486282991526393,2.60488989522615e-20,2.52323479880402
10,"contam","null",14,"mm_199",500,1,3,NA,0.036,0.008,0.204,2.22208063046611e-10,2.52323479880402
10,"contam","null",14,"pvw_999",500,0,0,NA,0.034,0.006,0.0469133472133009,0.00431884115184534,2.52323479880402
10,"contam","null",14,"pvt_999",500,1,5,NA,0.084,0.032,0.0491503620011969,2.40283315435812e-17,2.52323479880402
10,"contam","null",14,"mm_999",500,0,0,NA,0.042,0.006,0.378,0.000133275659331589,2.52323479880402
10,"contam","null",15,"ols",500,0,0,NA,0.036,0.012,0.0377280751929135,0.00056918439413059,2.599373578155
10,"contam","null",15,"modt",500,0,0,NA,0.032,0.012,0.0335118317902844,0.00188626628714856,2.599373578155
10,"contam","null",15,"fl_199",500,0,0,NA,0.028,0.008,0.038,0.005,2.599373578155
10,"contam","null",15,"fl_999",500,0,0,NA,0.032,0.014,0.034,0.001,2.599373578155
10,"contam","null",15,"fl_9999",500,0,0,NA,0.038,0.016,0.0348000000000001,3e-04,2.599373578155
10,"contam","null",15,"pvw_199",500,0,0,NA,0.032,0.002,0.081769996163945,0.00895427753785268,2.599373578155
10,"contam","null",15,"pvt_199",500,1,11,NA,0.112,0.044,0.113401227269177,9.51274458253146e-11,2.599373578155
10,"contam","null",15,"mm_199",500,0,0,NA,0.03,0.018,0.22,0.0001032400818841,2.599373578155
10,"contam","null",15,"pvw_999",500,0,0,NA,0.038,0.002,0.0738988384391884,0.00768854754558876,2.599373578155
10,"contam","null",15,"pvt_999",500,1,11,NA,0.108,0.042,0.107157483825689,9.7211446537993e-12,2.599373578155
10,"contam","null",15,"mm_999",500,0,0,NA,0.046,0.016,0.39,0.000206448782133199,2.599373578155
10,"contam","null",16,"ols",500,0,0,NA,0.026,0.006,0.0408939261764168,0.0037614656068298,2.87541005764147
10,"contam","null",16,"modt",500,0,0,NA,0.022,0.002,0.0370736927298597,0.00698118657476182,2.87541005764147
10,"contam","null",16,"fl_199",500,0,0,NA,0.042,0.004,0.0479999999999999,0.005,2.87541005764147
10,"contam","null",16,"fl_999",500,0,0,NA,0.034,0.008,0.0439999999999999,0.001,2.87541005764147
10,"contam","null",16,"fl_9999",500,0,0,NA,0.032,0.008,0.0448,0.0022,2.87541005764147
10,"contam","null",16,"pvw_199",500,0,0,NA,0.042,0.004,0.0612201184706627,0.00368941504528037,2.87541005764147
10,"contam","null",16,"pvt_199",500,1,4,NA,0.088,0.032,0.076777133993681,4.6882055592517e-06,2.87541005764147
10,"contam","null",16,"mm_199",500,0,0,NA,0.044,0.014,0.14,0.000700689284691627,2.87541005764147
10,"contam","null",16,"pvw_999",500,0,0,NA,0.032,0.002,0.0603714123453075,0.00786800310186932,2.87541005764147
10,"contam","null",16,"pvt_999",500,1,4,NA,0.096,0.032,0.0819095567659606,1.31910935605348e-06,2.87541005764147
10,"contam","null",16,"mm_999",500,0,0,NA,0.04,0.01,0.288,0.0007585131667322,2.87541005764147
10,"contam","null",17,"ols",500,0,0,NA,0.03,0.008,0.0333995039506462,0.00102793286743553,2.31710026860375
10,"contam","null",17,"modt",500,0,0,NA,0.046,0.008,0.0325911178570695,0.00169688653427141,2.31710026860375
10,"contam","null",17,"fl_199",500,0,0,NA,0.046,0.008,0.036,0.005,2.31710026860375
10,"contam","null",17,"fl_999",500,0,0,NA,0.046,0.012,0.032,0.003,2.31710026860375
10,"contam","null",17,"fl_9999",500,0,0,NA,0.048,0.012,0.0331,0.0019,2.31710026860375
10,"contam","null",17,"pvw_199",500,0,0,NA,0.044,0.008,0.0838057488177533,0.00562448174596608,2.31710026860375
10,"contam","null",17,"pvt_199",500,1,9,NA,0.108,0.034,0.0934850004082493,3.5786831932508e-10,2.31710026860375
10,"contam","null",17,"mm_199",500,1,2,NA,0.046,0.014,0.166,0.000111620006844285,2.31710026860375
10,"contam","null",17,"pvw_999",500,0,0,NA,0.038,0.004,0.0857410614630008,0.00832933256032864,2.31710026860375
10,"contam","null",17,"pvt_999",500,1,10,NA,0.112,0.04,0.100739940868048,1.01068643580243e-09,2.31710026860375
10,"contam","null",17,"mm_999",500,0,0,NA,0.048,0.012,0.288,0.00146973124428974,2.31710026860375
10,"contam","null",18,"ols",500,0,0,NA,0.048,0.012,0.0296225960395233,0.00236494056543422,2.63344768644554
10,"contam","null",18,"modt",500,0,0,NA,0.054,0.012,0.0229899771330867,0.00193464023145398,2.63344768644554
10,"contam","null",18,"fl_199",500,0,0,NA,0.046,0.008,0.032,0.005,2.63344768644554
10,"contam","null",18,"fl_999",500,0,0,NA,0.056,0.014,0.026,0.001,2.63344768644554
10,"contam","null",18,"fl_9999",500,0,0,NA,0.052,0.016,0.0311,2e-04,2.63344768644554
10,"contam","null",18,"pvw_199",500,0,0,NA,0.05,0.004,0.0696593076575708,0.00884017260289514,2.63344768644554
10,"contam","null",18,"pvt_199",500,1,13,NA,0.142,0.072,0.100178515898924,5.67825777039196e-08,2.63344768644554
10,"contam","null",18,"mm_199",500,0,0,NA,0.05,0.016,0.184,0.000358807266125001,2.63344768644554
10,"contam","null",18,"pvw_999",500,0,0,NA,0.066,0.004,0.0711707165647198,0.00760846144441959,2.63344768644554
10,"contam","null",18,"pvt_999",500,1,14,NA,0.138,0.066,0.0989098127692156,1.31673316941961e-07,2.63344768644554
10,"contam","null",18,"mm_999",500,0,0,NA,0.072,0.014,0.372,0.000240971635240237,2.63344768644554
10,"contam","null",19,"ols",500,0,0,NA,0.068,0.016,0.0369687956851701,0.001014346870557,2.50917694022347
10,"contam","null",19,"modt",500,0,0,NA,0.074,0.024,0.0328097776127776,0.00143891211129173,2.50917694022347
10,"contam","null",19,"fl_199",500,0,0,NA,0.066,0.008,0.038,0.005,2.50917694022347
10,"contam","null",19,"fl_999",500,0,0,NA,0.062,0.014,0.037,0.001,2.50917694022347
10,"contam","null",19,"fl_9999",500,0,0,NA,0.064,0.014,0.0403,0.0013,2.50917694022347
10,"contam","null",19,"pvw_199",500,0,0,NA,0.08,0.004,0.0812653375584376,0.00899632240344811,2.50917694022347
10,"contam","null",19,"pvt_199",500,1,27,NA,0.156,0.08,0.107573759023586,2.26559055832221e-09,2.50917694022347
10,"contam","null",19,"mm_199",500,0,0,NA,0.068,0.016,0.172,0.00056825588102818,2.50917694022347
10,"contam","null",19,"pvw_999",500,0,0,NA,0.076,0.006,0.0809110794137105,0.00729262846157395,2.50917694022347
10,"contam","null",19,"pvt_999",500,1,28,NA,0.142,0.078,0.105777448540702,3.54205985809962e-09,2.50917694022347
10,"contam","null",19,"mm_999",500,0,0,NA,0.076,0.014,0.358,0.000528361094725091,2.50917694022347
10,"contam","null",20,"ols",500,0,0,NA,0.044,0.01,0.0269835651725641,0.00194982185959552,2.55274655840863
10,"contam","null",20,"modt",500,0,0,NA,0.046,0.012,0.0300837591824336,0.00085990638075055,2.55274655840863
10,"contam","null",20,"fl_199",500,0,0,NA,0.042,0.002,0.034,0.005,2.55274655840863
10,"contam","null",20,"fl_999",500,0,0,NA,0.044,0.006,0.033,0.004,2.55274655840863
10,"contam","null",20,"fl_9999",500,0,0,NA,0.046,0.012,0.032,0.0022,2.55274655840863
10,"contam","null",20,"pvw_199",500,0,0,NA,0.046,0.002,0.0726240767914029,0.00882063737476275,2.55274655840863
10,"contam","null",20,"pvt_199",500,1,9,NA,0.13,0.056,0.0962837905447339,7.44573600888177e-07,2.55274655840863
10,"contam","null",20,"mm_199",500,0,0,NA,0.042,0.014,0.224,0.00108266981050053,2.55274655840863
10,"contam","null",20,"pvw_999",500,0,0,NA,0.048,0.002,0.0676828229651554,0.0087689345867238,2.55274655840863
10,"contam","null",20,"pvt_999",500,1,9,NA,0.128,0.054,0.0926035383184892,7.37686245428951e-08,2.55274655840863
10,"contam","null",20,"mm_999",500,0,0,NA,0.05,0.012,0.38,0.00162861375317873,2.55274655840863
20,"contam","null",1,"ols",500,0,0,NA,0.05,0.004,0.032667132953065,0.00197337670760482,2.6613660529741
20,"contam","null",1,"modt",500,0,0,NA,0.044,0.006,0.0319967313381395,0.00270462119056339,2.6613660529741
20,"contam","null",1,"fl_199",500,0,0,NA,0.048,0.002,0.034,0.005,2.6613660529741
20,"contam","null",1,"fl_999",500,0,0,NA,0.05,0.004,0.032,0.003,2.6613660529741
20,"contam","null",1,"fl_9999",500,0,0,NA,0.05,0.006,0.0359,0.0021,2.6613660529741
20,"contam","null",1,"pvw_199",500,0,0,NA,0.05,0.004,0.0480765758672965,0.00457128359425468,2.6613660529741
20,"contam","null",1,"pvt_199",500,0,0,NA,0.084,0.02,0.0553033306759255,0.000140569848380097,2.6613660529741
20,"contam","null",1,"mm_199",500,0,0,NA,0.056,0.006,0.12,0.000568662809862421,2.6613660529741
20,"contam","null",1,"pvw_999",500,0,0,NA,0.052,0.002,0.0467085876139344,0.00430135191447315,2.6613660529741
20,"contam","null",1,"pvt_999",500,0,0,NA,0.088,0.022,0.055758462241207,0.00013540909837544,2.6613660529741
20,"contam","null",1,"mm_999",500,0,0,NA,0.05,0.006,0.156,0.00242644679941482,2.6613660529741
20,"contam","null",2,"ols",500,0,0,NA,0.028,0.002,0.0357907835130108,0.0017033865298301,2.91027189065037
20,"contam","null",2,"modt",500,0,0,NA,0.03,0.002,0.0393852749081828,0.00822540544110171,2.91027189065037
20,"contam","null",2,"fl_199",500,0,0,NA,0.026,0.004,0.0600000000000001,0.005,2.91027189065037
20,"contam","null",2,"fl_999",500,0,0,NA,0.032,0.006,0.047,0.001,2.91027189065037
20,"contam","null",2,"fl_9999",500,0,0,NA,0.034,0.002,0.0453,0.002,2.91027189065037
20,"contam","null",2,"pvw_199",500,0,0,NA,0.036,0.004,0.0261973324871738,0.00255920043296328,2.91027189065037
20,"contam","null",2,"pvt_199",500,1,1,NA,0.068,0.014,0.0324581876919857,7.63038145921839e-05,2.91027189065037
20,"contam","null",2,"mm_199",500,1,1,NA,0.036,0.006,0.102,2.00971951251755e-05,2.91027189065037
20,"contam","null",2,"pvw_999",500,0,0,NA,0.034,0.002,0.022343178647511,0.00294994147724426,2.91027189065037
20,"contam","null",2,"pvt_999",500,1,1,NA,0.062,0.014,0.0288228205463685,4.48472043274944e-05,2.91027189065037
20,"contam","null",2,"mm_999",500,0,0,NA,0.036,0.006,0.15,0.000357575091750134,2.91027189065037
20,"contam","null",3,"ols",500,0,0,NA,0.036,0.004,0.0410638513973032,0.00144289150772565,2.90729393710551
20,"contam","null",3,"modt",500,0,0,NA,0.034,0.004,0.0391780082056746,0.00128099331595405,2.90729393710551
20,"contam","null",3,"fl_199",500,0,0,NA,0.038,0.006,0.025,0.005,2.90729393710551
20,"contam","null",3,"fl_999",500,0,0,NA,0.04,0.008,0.033,0.004,2.90729393710551
20,"contam","null",3,"fl_9999",500,0,0,NA,0.04,0.008,0.0292,0.0019,2.90729393710551
20,"contam","null",3,"pvw_199",500,0,0,NA,0.036,0.004,0.0608141904514194,0.00281664865115625,2.90729393710551
20,"contam","null",3,"pvt_199",500,1,1,NA,0.068,0.02,0.0672143582049247,5.65241904722581e-05,2.90729393710551
20,"contam","null",3,"mm_199",500,1,1,NA,0.042,0.014,0.086,7.61076048009012e-05,2.90729393710551
20,"contam","null",3,"pvw_999",500,0,0,NA,0.042,0.004,0.0598380638817004,0.00350227680801803,2.90729393710551
20,"contam","null",3,"pvt_999",500,1,1,NA,0.066,0.022,0.0688997207411817,7.67278740551264e-05,2.90729393710551
20,"contam","null",3,"mm_999",500,0,0,NA,0.038,0.008,0.138,0.00181873694740526,2.90729393710551
20,"contam","null",4,"ols",500,0,0,NA,0.05,0.008,0.0299190434972174,0.000604355794679633,2.74925343906395
20,"contam","null",4,"modt",500,0,0,NA,0.048,0.006,0.0243307584513626,0.000419679394370168,2.74925343906395
20,"contam","null",4,"fl_199",500,0,0,NA,0.046,0.008,0.044,0.005,2.74925343906395
20,"contam","null",4,"fl_999",500,0,0,NA,0.046,0.01,0.037,0.001,2.74925343906395
20,"contam","null",4,"fl_9999",500,0,0,NA,0.046,0.012,0.0426000000000001,7e-04,2.74925343906395
20,"contam","null",4,"pvw_199",500,0,0,NA,0.052,0.01,0.0446880781267113,0.000982619679784727,2.74925343906395
20,"contam","null",4,"pvt_199",500,1,3,NA,0.078,0.028,0.0546550747612206,1.32719851613444e-05,2.74925343906395
20,"contam","null",4,"mm_199",500,0,0,NA,0.048,0.014,0.12,0.000170356563400838,2.74925343906395
20,"contam","null",4,"pvw_999",500,0,0,NA,0.056,0.006,0.0484248385928253,0.00161917247998642,2.74925343906395
20,"contam","null",4,"pvt_999",500,1,3,NA,0.076,0.024,0.0592197404137534,7.1138096967461e-06,2.74925343906395
20,"contam","null",4,"mm_999",500,0,0,NA,0.048,0.008,0.178,0.000303532282564989,2.74925343906395
20,"contam","null",5,"ols",500,0,0,NA,0.042,0.014,0.0380904833090601,0.000707574282119267,3.09704189637616
20,"contam","null",5,"modt",500,0,0,NA,0.04,0.018,0.0364335233484782,0.00135584682974377,3.09704189637616
20,"contam","null",5,"fl_199",500,0,0,NA,0.042,0.012,0.048,0.005,3.09704189637616
20,"contam","null",5,"fl_999",500,0,0,NA,0.044,0.016,0.044,0.002,3.09704189637616
20,"contam","null",5,"fl_9999",500,0,0,NA,0.046,0.02,0.0407,7e-04,3.09704189637616
20,"contam","null",5,"pvw_199",500,0,0,NA,0.044,0.016,0.0616180999974248,0.000861783354434928,3.09704189637616
20,"contam","null",5,"pvt_199",500,1,7,NA,0.072,0.028,0.0665477782501148,6.72047237479367e-06,3.09704189637616
20,"contam","null",5,"mm_199",500,1,3,NA,0.044,0.024,0.082,0.000128234384631988,3.09704189637616
20,"contam","null",5,"pvw_999",500,0,0,NA,0.046,0.012,0.0665353749630305,0.00238189144289054,3.09704189637616
20,"contam","null",5,"pvt_999",500,1,3,NA,0.074,0.026,0.0708945599833307,1.10443319909714e-05,3.09704189637616
20,"contam","null",5,"mm_999",500,0,0,NA,0.048,0.018,0.15,0.000767817756858499,3.09704189637616
20,"contam","null",6,"ols",500,0,0,NA,0.034,0.004,0.033067004922313,0.00258676117287858,2.76781539244748
20,"contam","null",6,"modt",500,0,0,NA,0.028,0.004,0.0322730454699146,0.00209302318980344,2.76781539244748
20,"contam","null",6,"fl_199",500,0,0,NA,0.028,0.004,0.0429999999999999,0.005,2.76781539244748
20,"contam","null",6,"fl_999",500,0,0,NA,0.034,0.008,0.038,0.001,2.76781539244748
20,"contam","null",6,"fl_9999",500,0,0,NA,0.038,0.008,0.0325,0.0013,2.76781539244748
20,"contam","null",6,"pvw_199",500,0,0,NA,0.034,0.006,0.0387718494203419,0.00279084073237333,2.76781539244748
20,"contam","null",6,"pvt_199",500,0,0,NA,0.068,0.018,0.0528242304182614,0.000149220400856196,2.76781539244748
20,"contam","null",6,"mm_199",500,0,0,NA,0.038,0.01,0.108,0.000809552385011808,2.76781539244748
20,"contam","null",6,"pvw_999",500,0,0,NA,0.032,0.004,0.0375229213300897,0.00429665511257231,2.76781539244748
20,"contam","null",6,"pvt_999",500,0,0,NA,0.068,0.022,0.0473685264575555,0.000201707275571328,2.76781539244748
20,"contam","null",6,"mm_999",500,0,0,NA,0.036,0.01,0.208,0.000547984887450933,2.76781539244748
20,"contam","null",7,"ols",500,0,0,NA,0.046,0.014,0.0521513717523413,0.00167054579108056,2.82577567650578
20,"contam","null",7,"modt",500,0,0,NA,0.048,0.008,0.0585085316803354,0.00201102353393067,2.82577567650578
20,"contam","null",7,"fl_199",500,0,0,NA,0.042,0.01,0.046,0.005,2.82577567650578
20,"contam","null",7,"fl_999",500,0,0,NA,0.046,0.014,0.044,0.001,2.82577567650578
20,"contam","null",7,"fl_9999",500,0,0,NA,0.054,0.016,0.0391,0.0014,2.82577567650578
20,"contam","null",7,"pvw_199",500,0,0,NA,0.05,0.008,0.0861553837463698,0.00272199814038653,2.82577567650578
20,"contam","null",7,"pvt_199",500,1,3,NA,0.08,0.024,0.0973214558674652,0.000108530576425743,2.82577567650578
20,"contam","null",7,"mm_199",500,0,0,NA,0.054,0.016,0.098,0.000700067547954524,2.82577567650578
20,"contam","null",7,"pvw_999",500,0,0,NA,0.048,0.01,0.0804931956497238,0.00354268154923596,2.82577567650578
20,"contam","null",7,"pvt_999",500,1,3,NA,0.084,0.024,0.0962690983971692,8.86448797385433e-05,2.82577567650578
20,"contam","null",7,"mm_999",500,0,0,NA,0.05,0.014,0.164,0.00118385082597136,2.82577567650578
20,"contam","null",8,"ols",500,0,0,NA,0.034,0.004,0.0302529238469991,0.00689732546881091,2.9721109738528
20,"contam","null",8,"modt",500,0,0,NA,0.036,0.004,0.0335554668613921,0.004183269093888,2.9721109738528
20,"contam","null",8,"fl_199",500,0,0,NA,0.044,0.002,0.0449999999999999,0.005,2.9721109738528
20,"contam","null",8,"fl_999",500,0,0,NA,0.044,0.002,0.0419999999999999,0.005,2.9721109738528
20,"contam","null",8,"fl_9999",500,0,0,NA,0.04,0.004,0.0438,0.0036,2.9721109738528
20,"contam","null",8,"pvw_199",500,0,0,NA,0.046,0.002,0.039387625820464,0.00966320569481969,2.9721109738528
20,"contam","null",8,"pvt_199",500,0,0,NA,0.062,0.014,0.0548167324249934,0.000872116282989061,2.9721109738528
20,"contam","null",8,"mm_199",500,0,0,NA,0.048,0.008,0.098,0.00407532124345401,2.9721109738528
20,"contam","null",8,"pvw_999",500,0,0,NA,0.042,0.002,0.0375069696596421,0.00828290938373281,2.9721109738528
20,"contam","null",8,"pvt_999",500,0,0,NA,0.064,0.014,0.0520874906520064,0.00104357555508765,2.9721109738528
20,"contam","null",8,"mm_999",500,0,0,NA,0.042,0.002,0.168,0.0053737779064256,2.9721109738528
20,"contam","null",9,"ols",500,0,0,NA,0.06,0.008,0.050022498625396,0.00165029775677982,2.74705435730274
20,"contam","null",9,"modt",500,0,0,NA,0.066,0.004,0.0528982425269217,0.00292011396189418,2.74705435730274
20,"contam","null",9,"fl_199",500,0,0,NA,0.068,0.012,0.04,0.005,2.74705435730274
20,"contam","null",9,"fl_999",500,0,0,NA,0.072,0.014,0.038,0.002,2.74705435730274
20,"contam","null",9,"fl_9999",500,0,0,NA,0.07,0.016,0.0355,0.0018,2.74705435730274
20,"contam","null",9,"pvw_199",500,0,0,NA,0.08,0.01,0.0821688961778309,0.00204490571847488,2.74705435730274
20,"contam","null",9,"pvt_199",500,1,1,NA,0.096,0.028,0.0899205751280536,8.76214446513152e-05,2.74705435730274
20,"contam","null",9,"mm_199",500,0,0,NA,0.074,0.026,0.084,0.000192189685222734,2.74705435730274
20,"contam","null",9,"pvw_999",500,0,0,NA,0.066,0.006,0.0769971676464529,0.00320700464441522,2.74705435730274
20,"contam","null",9,"pvt_999",500,1,1,NA,0.096,0.03,0.0935555055396479,9.48517949373607e-05,2.74705435730274
20,"contam","null",9,"mm_999",500,0,0,NA,0.072,0.018,0.146,0.000548789760311968,2.74705435730274
20,"contam","null",10,"ols",500,0,0,NA,0.032,0.002,0.0734329316266132,0.00174096651464352,2.69800699497841
20,"contam","null",10,"modt",500,0,0,NA,0.04,0.004,0.0685257350772788,0.00118649171174457,2.69800699497841
20,"contam","null",10,"fl_199",500,0,0,NA,0.036,0.002,0.065,0.005,2.69800699497841
20,"contam","null",10,"fl_999",500,0,0,NA,0.04,0.002,0.065,0.001,2.69800699497841
20,"contam","null",10,"fl_9999",500,0,0,NA,0.038,0.002,0.0602,5e-04,2.69800699497841
20,"contam","null",10,"pvw_199",500,0,0,NA,0.038,0.002,0.100763406807393,0.0026638648320978,2.69800699497841
20,"contam","null",10,"pvt_199",500,1,1,NA,0.076,0.014,0.112242096170084,6.4847270420079e-05,2.69800699497841
20,"contam","null",10,"mm_199",500,1,1,NA,0.042,0.008,0.086,6.41285584381901e-05,2.69800699497841
20,"contam","null",10,"pvw_999",500,0,0,NA,0.034,0.002,0.0980995822812059,0.00339489279289486,2.69800699497841
20,"contam","null",10,"pvt_999",500,1,1,NA,0.072,0.02,0.114358146888377,5.90630916810135e-05,2.69800699497841
20,"contam","null",10,"mm_999",500,0,0,NA,0.038,0.004,0.166,0.000251129280886154,2.69800699497841
20,"contam","null",11,"ols",500,0,0,NA,0.058,0.01,0.0360648960769894,0.00249873989152633,2.85995567938668
20,"contam","null",11,"modt",500,0,0,NA,0.062,0.012,0.0344684997419663,0.00120540311317582,2.85995567938668
20,"contam","null",11,"fl_199",500,0,0,NA,0.068,0.006,0.036,0.005,2.85995567938668
20,"contam","null",11,"fl_999",500,0,0,NA,0.066,0.01,0.038,0.002,2.85995567938668
20,"contam","null",11,"fl_9999",500,0,0,NA,0.062,0.01,0.0346,0.0017,2.85995567938668
20,"contam","null",11,"pvw_199",500,0,0,NA,0.062,0.012,0.0641087280015167,0.00327828949447485,2.85995567938668
20,"contam","null",11,"pvt_199",500,1,4,NA,0.098,0.032,0.0790625655755597,0.000135388476412421,2.85995567938668
20,"contam","null",11,"mm_199",500,0,0,NA,0.068,0.014,0.116,0.000127424904409228,2.85995567938668
20,"contam","null",11,"pvw_999",500,0,0,NA,0.06,0.008,0.0592218882113867,0.00423046462442901,2.85995567938668
20,"contam","null",11,"pvt_999",500,1,3,NA,0.09,0.032,0.0754866687610478,0.000179176693643039,2.85995567938668
20,"contam","null",11,"mm_999",500,0,0,NA,0.068,0.01,0.172,0.00103589218892457,2.85995567938668
20,"contam","null",12,"ols",500,0,0,NA,0.054,0.006,0.0355860651576742,0.00242989075213209,3.13875946572295
20,"contam","null",12,"modt",500,0,0,NA,0.062,0.008,0.0340056334563971,0.00110732636785348,3.13875946572295
20,"contam","null",12,"fl_199",500,0,0,NA,0.054,0.002,0.023,0.005,3.13875946572295
20,"contam","null",12,"fl_999",500,0,0,NA,0.056,0.006,0.022,0.002,3.13875946572295
20,"contam","null",12,"fl_9999",500,0,0,NA,0.058,0.008,0.0244,0.0013,3.13875946572295
20,"contam","null",12,"pvw_199",500,0,0,NA,0.06,0.002,0.0661288734088731,0.00601506824328911,3.13875946572295
20,"contam","null",12,"pvt_199",500,0,0,NA,0.086,0.022,0.0761983220946775,0.000439585288125323,3.13875946572295
20,"contam","null",12,"mm_199",500,0,0,NA,0.06,0.01,0.1,0.000601863582583846,3.13875946572295
20,"contam","null",12,"pvw_999",500,0,0,NA,0.058,0.004,0.0606188475678815,0.0037438499876614,3.13875946572295
20,"contam","null",12,"pvt_999",500,0,0,NA,0.084,0.024,0.0712998899687642,0.000141952604984377,3.13875946572295
20,"contam","null",12,"mm_999",500,0,0,NA,0.058,0.01,0.116,0.00138491657936047,3.13875946572295
20,"contam","null",13,"ols",500,0,0,NA,0.054,0.008,0.0517842835204327,0.00370546378260626,2.91925344326781
20,"contam","null",13,"modt",500,0,0,NA,0.054,0.004,0.0572068580440981,0.00389713234909142,2.91925344326781
20,"contam","null",13,"fl_199",500,0,0,NA,0.056,0,0.044,0.01,2.91925344326781
20,"contam","null",13,"fl_999",500,0,0,NA,0.058,0.01,0.047,0.003,2.91925344326781
20,"contam","null",13,"fl_9999",500,0,0,NA,0.062,0.008,0.0423,0.0019,2.91925344326781
20,"contam","null",13,"pvw_199",500,0,0,NA,0.06,0.008,0.0823017607873495,0.00534581888413579,2.91925344326781
20,"contam","null",13,"pvt_199",500,0,0,NA,0.086,0.02,0.0920908948927125,0.000285292685716784,2.91925344326781
20,"contam","null",13,"mm_199",500,0,0,NA,0.058,0.016,0.112,0.00131376736259693,2.91925344326781
20,"contam","null",13,"pvw_999",500,0,0,NA,0.06,0.006,0.0815968045721909,0.00658073002380872,2.91925344326781
20,"contam","null",13,"pvt_999",500,0,0,NA,0.086,0.018,0.0904587910697376,0.000374369679672253,2.91925344326781
20,"contam","null",13,"mm_999",500,0,0,NA,0.06,0.008,0.16,0.00170166617835012,2.91925344326781
20,"contam","null",14,"ols",500,0,0,NA,0.054,0.012,0.0464558626013932,0.00232365504545841,3.01789953863743
20,"contam","null",14,"modt",500,0,0,NA,0.046,0.008,0.0481961522187964,0.00136989251363157,3.01789953863743
20,"contam","null",14,"fl_199",500,0,0,NA,0.056,0.012,0.045,0.005,3.01789953863743
20,"contam","null",14,"fl_999",500,0,0,NA,0.06,0.016,0.04,0.001,3.01789953863743
20,"contam","null",14,"fl_9999",500,0,0,NA,0.06,0.012,0.0391,5e-04,3.01789953863743
20,"contam","null",14,"pvw_199",500,0,0,NA,0.064,0.014,0.0794777949048674,0.00162511699821228,3.01789953863743
20,"contam","null",14,"pvt_199",500,1,3,NA,0.088,0.03,0.0858466976333208,0.000121787196462981,3.01789953863743
20,"contam","null",14,"mm_199",500,0,0,NA,0.062,0.024,0.11,0.000197776793181218,3.01789953863743
20,"contam","null",14,"pvw_999",500,0,0,NA,0.06,0.008,0.0745953176681422,0.00391138936610849,3.01789953863743
20,"contam","null",14,"pvt_999",500,1,4,NA,0.09,0.03,0.089535384704656,0.000122380875708965,3.01789953863743
20,"contam","null",14,"mm_999",500,0,0,NA,0.062,0.014,0.188,0.000296333689686259,3.01789953863743
20,"contam","null",15,"ols",500,0,0,NA,0.052,0.012,0.0657927595854959,0.00201485297794948,2.84979215513612
20,"contam","null",15,"modt",500,0,0,NA,0.06,0.008,0.0630825097439162,0.00204187113651429,2.84979215513612
20,"contam","null",15,"fl_199",500,0,0,NA,0.054,0.012,0.051,0.005,2.84979215513612
20,"contam","null",15,"fl_999",500,0,0,NA,0.058,0.016,0.052,0.002,2.84979215513612
20,"contam","null",15,"fl_9999",500,0,0,NA,0.06,0.014,0.0515,7e-04,2.84979215513612
20,"contam","null",15,"pvw_199",500,0,0,NA,0.07,0.008,0.0894480917730481,0.00152903439063714,2.84979215513612
20,"contam","null",15,"pvt_199",500,1,1,NA,0.096,0.032,0.097673060225038,2.9073114086881e-05,2.84979215513612
20,"contam","null",15,"mm_199",500,1,3,NA,0.058,0.02,0.086,3.06569543058372e-05,2.84979215513612
20,"contam","null",15,"pvw_999",500,0,0,NA,0.058,0.01,0.0967184595227361,0.00409666608653854,2.84979215513612
20,"contam","null",15,"pvt_999",500,0,0,NA,0.1,0.032,0.103833483908429,0.000167150130709663,2.84979215513612
20,"contam","null",15,"mm_999",500,0,0,NA,0.062,0.018,0.148,0.00048343885953874,2.84979215513612
20,"contam","null",16,"ols",500,0,0,NA,0.034,0.002,0.061038530937228,0.00265128636877786,3.15235871301865
20,"contam","null",16,"modt",500,0,0,NA,0.036,0.004,0.0669051538956679,0.00735786376114999,3.15235871301865
20,"contam","null",16,"fl_199",500,0,0,NA,0.038,0.002,0.047,0.005,3.15235871301865
20,"contam","null",16,"fl_999",500,0,0,NA,0.04,0.004,0.048,0.003,3.15235871301865
20,"contam","null",16,"fl_9999",500,0,0,NA,0.044,0.004,0.0495,0.003,3.15235871301865
20,"contam","null",16,"pvw_199",500,0,0,NA,0.038,0.002,0.084182953174756,0.00557220320059279,3.15235871301865
20,"contam","null",16,"pvt_199",500,0,0,NA,0.072,0.012,0.088430762386406,0.000295460035510819,3.15235871301865
20,"contam","null",16,"mm_199",500,0,0,NA,0.044,0.006,0.0801389780910811,0.000384362336534156,3.15235871301865
20,"contam","null",16,"pvw_999",500,0,0,NA,0.038,0.002,0.0853086713074346,0.00412191937194235,3.15235871301865
20,"contam","null",16,"pvt_999",500,0,0,NA,0.072,0.014,0.0884855703351651,0.000217778601028175,3.15235871301865
20,"contam","null",16,"mm_999",500,0,0,NA,0.042,0.004,0.134,0.00195554099763178,3.15235871301865
20,"contam","null",17,"ols",500,0,0,NA,0.058,0.01,0.0718055316260094,0.00406036073822979,3.0110906302219
20,"contam","null",17,"modt",500,0,0,NA,0.06,0.008,0.0673531436204953,0.00484487710682564,3.0110906302219
20,"contam","null",17,"fl_199",500,0,0,NA,0.064,0.008,0.048,0.005,3.0110906302219
20,"contam","null",17,"fl_999",500,0,0,NA,0.066,0.016,0.048,0.002,3.0110906302219
20,"contam","null",17,"fl_9999",500,0,0,NA,0.068,0.014,0.0486,0.0019,3.0110906302219
20,"contam","null",17,"pvw_199",500,0,0,NA,0.058,0.006,0.09486142738757,0.0031198956593057,3.0110906302219
20,"contam","null",17,"pvt_199",500,0,0,NA,0.09,0.028,0.103598702159113,0.000153408905228395,3.0110906302219
20,"contam","null",17,"mm_199",500,0,0,NA,0.066,0.022,0.0842368491942241,0.000215482494371949,3.0110906302219
20,"contam","null",17,"pvw_999",500,0,0,NA,0.056,0.006,0.0990615041953572,0.00377669469014811,3.0110906302219
20,"contam","null",17,"pvt_999",500,0,0,NA,0.088,0.03,0.102936980668688,0.000320206494957382,3.0110906302219
20,"contam","null",17,"mm_999",500,0,0,NA,0.068,0.02,0.124,0.00114353960148428,3.0110906302219
20,"contam","null",18,"ols",500,0,0,NA,0.038,0.008,0.0399322326216089,0.000550742172664297,2.70254092229155
20,"contam","null",18,"modt",500,0,0,NA,0.038,0.006,0.0410918634526976,0.00351665068223781,2.70254092229155
20,"contam","null",18,"fl_199",500,0,0,NA,0.036,0.006,0.039,0.005,2.70254092229155
20,"contam","null",18,"fl_999",500,0,0,NA,0.036,0.004,0.037,0.003,2.70254092229155
20,"contam","null",18,"fl_9999",500,0,0,NA,0.038,0.01,0.0427,8e-04,2.70254092229155
20,"contam","null",18,"pvw_199",500,0,0,NA,0.038,0.006,0.0596259389525464,0.00241217922931595,2.70254092229155
20,"contam","null",18,"pvt_199",500,1,2,NA,0.052,0.024,0.05960980981312,1.44256815382813e-05,2.70254092229155
20,"contam","null",18,"mm_199",500,0,0,NA,0.038,0.012,0.084,0.000139639255613149,2.70254092229155
20,"contam","null",18,"pvw_999",500,0,0,NA,0.04,0.006,0.0558761004035253,0.00260092670856359,2.70254092229155
20,"contam","null",18,"pvt_999",500,1,1,NA,0.056,0.022,0.0579449500022233,1.03853099171706e-05,2.70254092229155
20,"contam","null",18,"mm_999",500,0,0,NA,0.042,0.008,0.12,0.00138027431335664,2.70254092229155
20,"contam","null",19,"ols",500,0,0,NA,0.048,0.012,0.0211756161756821,0.00263033146265069,2.55546155801331
20,"contam","null",19,"modt",500,0,0,NA,0.054,0.014,0.0219721075464696,0.00270351834254085,2.55546155801331
20,"contam","null",19,"fl_199",500,0,0,NA,0.05,0.004,0.023,0.005,2.55546155801331
20,"contam","null",19,"fl_999",500,0,0,NA,0.052,0.014,0.022,0.004,2.55546155801331
20,"contam","null",19,"fl_9999",500,0,0,NA,0.052,0.01,0.0214,0.0014,2.55546155801331
20,"contam","null",19,"pvw_199",500,0,0,NA,0.064,0.006,0.053932039262202,0.00411669859546771,2.55546155801331
20,"contam","null",19,"pvt_199",500,0,0,NA,0.09,0.032,0.0596300608164592,0.000160466669280517,2.55546155801331
20,"contam","null",19,"mm_199",500,0,0,NA,0.056,0.018,0.108,0.00138523362373395,2.55546155801331
20,"contam","null",19,"pvw_999",500,0,0,NA,0.054,0.006,0.0511208664238877,0.00513572584867549,2.55546155801331
20,"contam","null",19,"pvt_999",500,0,0,NA,0.084,0.03,0.0600847075508048,0.000237240055211693,2.55546155801331
20,"contam","null",19,"mm_999",500,0,0,NA,0.054,0.01,0.204,0.00311476427565568,2.55546155801331
20,"contam","null",20,"ols",500,0,0,NA,0.034,0.008,0.0222959529575531,0.00471540308392116,2.92537635983242
20,"contam","null",20,"modt",500,0,0,NA,0.03,0.006,0.0229627375815538,0.00327480042887655,2.92537635983242
20,"contam","null",20,"fl_199",500,0,0,NA,0.03,0.004,0.026,0.005,2.92537635983242
20,"contam","null",20,"fl_999",500,0,0,NA,0.034,0.008,0.022,0.005,2.92537635983242
20,"contam","null",20,"fl_9999",500,0,0,NA,0.03,0.006,0.0234,0.0042,2.92537635983242
20,"contam","null",20,"pvw_199",500,0,0,NA,0.04,0.006,0.0408539481126102,0.00512262251336774,2.92537635983242
20,"contam","null",20,"pvt_199",500,0,0,NA,0.07,0.014,0.0569654463229405,0.000793620639846585,2.92537635983242
20,"contam","null",20,"mm_199",500,0,0,NA,0.034,0.01,0.11,0.00186926679027848,2.92537635983242
20,"contam","null",20,"pvw_999",500,0,0,NA,0.038,0.006,0.03982982232631,0.00780968030850753,2.92537635983242
20,"contam","null",20,"pvt_999",500,0,0,NA,0.068,0.014,0.0573688774473272,0.000539926243396698,2.92537635983242
20,"contam","null",20,"mm_999",500,0,0,NA,0.034,0.008,0.206,0.00426476878247706,2.92537635983242
40,"contam","null",1,"ols",500,0,0,NA,0.034,0,0.0302639357107693,0.0126663472500548,3.23532501559857
40,"contam","null",1,"modt",500,0,0,NA,0.03,0,0.0324376772126765,0.0135399180719263,3.23532501559857
40,"contam","null",1,"fl_199",500,0,0,NA,0.032,0,0.035,0.01,3.23532501559857
40,"contam","null",1,"fl_999",500,0,0,NA,0.036,0.002,0.033,0.007,3.23532501559857
40,"contam","null",1,"fl_9999",500,0,0,NA,0.04,0.002,0.0326,0.0087,3.23532501559857
40,"contam","null",1,"pvw_199",500,0,0,NA,0.036,0,0.0360664669767986,0.0128952314357176,3.23532501559857
40,"contam","null",1,"pvt_199",500,0,0,NA,0.046,0.004,0.0430074075122696,0.00697535334189383,3.23532501559857
40,"contam","null",1,"mm_199",500,0,0,NA,0.038,0.004,0.0831428353791275,0.00702345531706483,3.23532501559857
40,"contam","null",1,"pvw_999",500,0,0,NA,0.036,0,0.0328567042243545,0.0106260391771804,3.23532501559857
40,"contam","null",1,"pvt_999",500,0,0,NA,0.046,0.002,0.0375778748471711,0.00547074368637036,3.23532501559857
40,"contam","null",1,"mm_999",500,0,0,NA,0.038,0.002,0.114,0.00713986182770506,3.23532501559857
40,"contam","null",2,"ols",500,0,0,NA,0.044,0.006,0.057597293249697,0.000201838808624215,3.10709983274386
40,"contam","null",2,"modt",500,0,0,NA,0.042,0.008,0.0591020925082012,0.00113908595645783,3.10709983274386
40,"contam","null",2,"fl_199",500,0,0,NA,0.042,0.002,0.032,0.005,3.10709983274386
40,"contam","null",2,"fl_999",500,0,0,NA,0.038,0.006,0.0319999999999999,0.001,3.10709983274386
40,"contam","null",2,"fl_9999",500,1,1,NA,0.048,0.01,0.0386000000000001,1e-04,3.10709983274386
40,"contam","null",2,"pvw_199",500,0,0,NA,0.046,0.008,0.0717194239134841,0.000276954998882293,3.10709983274386
40,"contam","null",2,"pvt_199",500,1,1,NA,0.056,0.012,0.07335953734346,1.01445318261563e-05,3.10709983274386
40,"contam","null",2,"mm_199",500,1,1,NA,0.048,0.008,0.0916605427314546,3.61745489111896e-05,3.10709983274386
40,"contam","null",2,"pvw_999",500,0,0,NA,0.04,0.006,0.0669159268900643,0.000431676362266182,3.10709983274386
40,"contam","null",2,"pvt_999",500,1,1,NA,0.05,0.008,0.0692666053020859,2.12663494562169e-05,3.10709983274386
40,"contam","null",2,"mm_999",500,1,1,NA,0.042,0.01,0.0620000000000001,5.04541919357484e-05,3.10709983274386
40,"contam","null",3,"ols",500,0,0,NA,0.036,0.008,0.0284018778584948,0.00333783392471786,3.170316359936
40,"contam","null",3,"modt",500,0,0,NA,0.038,0.008,0.0266100501526958,0.00373302162812473,3.170316359936
40,"contam","null",3,"fl_199",500,0,0,NA,0.034,0.01,0.035,0.005,3.170316359936
40,"contam","null",3,"fl_999",500,0,0,NA,0.036,0.012,0.029,0.003,3.170316359936
40,"contam","null",3,"fl_9999",500,0,0,NA,0.04,0.012,0.021,0.0024,3.170316359936
40,"contam","null",3,"pvw_199",500,0,0,NA,0.038,0.01,0.0417816288442875,0.00554125087953323,3.170316359936
40,"contam","null",3,"pvt_199",500,0,0,NA,0.05,0.014,0.043160814135298,0.00193607711145936,3.170316359936
40,"contam","null",3,"mm_199",500,0,0,NA,0.046,0.014,0.0788751162841399,0.000699633556678353,3.170316359936
40,"contam","null",3,"pvw_999",500,0,0,NA,0.036,0.006,0.0367073016798353,0.00486761256488084,3.170316359936
40,"contam","null",3,"pvt_999",500,0,0,NA,0.06,0.014,0.0376688356550523,0.0015851252559723,3.170316359936
40,"contam","null",3,"mm_999",500,0,0,NA,0.04,0.012,0.074,0.0026008309902406,3.170316359936
40,"contam","null",4,"ols",500,0,0,NA,0.044,0.002,0.0558501532686821,0.00780642299371184,3.12270021876013
40,"contam","null",4,"modt",500,0,0,NA,0.042,0.002,0.0539335396038877,0.00626678164677832,3.12270021876013
40,"contam","null",4,"fl_199",500,0,0,NA,0.052,0.002,0.029,0.005,3.12270021876013
40,"contam","null",4,"fl_999",500,0,0,NA,0.052,0.002,0.042,0.008,3.12270021876013
40,"contam","null",4,"fl_9999",500,0,0,NA,0.05,0.004,0.0409,0.0061,3.12270021876013
40,"contam","null",4,"pvw_199",500,0,0,NA,0.058,0.002,0.0711510158678338,0.00851531791308386,3.12270021876013
40,"contam","null",4,"pvt_199",500,0,0,NA,0.07,0.008,0.0751538265776387,0.00366785121974646,3.12270021876013
40,"contam","null",4,"mm_199",500,0,0,NA,0.058,0.008,0.0915870766349288,0.00299386623446695,3.12270021876013
40,"contam","null",4,"pvw_999",500,0,0,NA,0.048,0.002,0.0682988216835206,0.00905049960752355,3.12270021876013
40,"contam","null",4,"pvt_999",500,0,0,NA,0.066,0.01,0.0733546679474081,0.00392528118809183,3.12270021876013
40,"contam","null",4,"mm_999",500,0,0,NA,0.054,0.002,0.0671725600243059,0.00527523661863863,3.12270021876013
40,"contam","null",5,"ols",500,0,0,NA,0.052,0.008,0.0488184809847652,0.000148688463581524,3.38763784293387
40,"contam","null",5,"modt",500,0,0,NA,0.056,0.008,0.0481181179470769,0.000157460959910168,3.38763784293387
40,"contam","null",5,"fl_199",500,0,0,NA,0.044,0.004,0.045,0.005,3.38763784293387
40,"contam","null",5,"fl_999",500,0,0,NA,0.052,0.006,0.039,0.001,3.38763784293387
40,"contam","null",5,"fl_9999",500,0,0,NA,0.052,0.008,0.0413,2e-04,3.38763784293387
40,"contam","null",5,"pvw_199",500,0,0,NA,0.054,0.008,0.0590268187283076,0.000337030347617049,3.38763784293387
40,"contam","null",5,"pvt_199",500,1,1,NA,0.066,0.018,0.06331978825207,1.02684239344654e-05,3.38763784293387
40,"contam","null",5,"mm_199",500,1,1,NA,0.058,0.006,0.076,2.31357585117076e-06,3.38763784293387
40,"contam","null",5,"pvw_999",500,0,0,NA,0.056,0.008,0.0597415394995885,0.000293728231444113,3.38763784293387
40,"contam","null",5,"pvt_999",500,1,1,NA,0.066,0.014,0.0669816179022398,7.516795938326e-06,3.38763784293387
40,"contam","null",5,"mm_999",500,1,1,NA,0.058,0.006,0.112,6.67310765196816e-06,3.38763784293387
40,"contam","null",6,"ols",500,0,0,NA,0.052,0.01,0.0301487063043067,0.00114675389218562,3.0361425797436
40,"contam","null",6,"modt",500,0,0,NA,0.058,0.008,0.0292186300482107,0.00139918023823944,3.0361425797436
40,"contam","null",6,"fl_199",500,0,0,NA,0.052,0.004,0.025,0.005,3.0361425797436
40,"contam","null",6,"fl_999",500,0,0,NA,0.056,0.01,0.027,0.002,3.0361425797436
40,"contam","null",6,"fl_9999",500,0,0,NA,0.06,0.012,0.0265,0.0011,3.0361425797436
40,"contam","null",6,"pvw_199",500,0,0,NA,0.06,0.01,0.0459158307795414,0.00110936736244557,3.0361425797436
40,"contam","null",6,"pvt_199",500,0,0,NA,0.076,0.018,0.0510113395410992,0.000212447219415485,3.0361425797436
40,"contam","null",6,"mm_199",500,0,0,NA,0.062,0.014,0.0875570238622548,0.000126824122521641,3.0361425797436
40,"contam","null",6,"pvw_999",500,0,0,NA,0.062,0.01,0.0419218957999407,0.0020041471903569,3.0361425797436
40,"contam","null",6,"pvt_999",500,0,0,NA,0.072,0.02,0.0499524879719184,0.000314784048301455,3.0361425797436
40,"contam","null",6,"mm_999",500,0,0,NA,0.058,0.016,0.082,0.00070234409993584,3.0361425797436
40,"contam","null",7,"ols",500,0,0,NA,0.04,0.004,0.0305067551655592,0.00208272000552813,3.08725455017331
40,"contam","null",7,"modt",500,0,0,NA,0.038,0.006,0.0308427583019929,0.00157690482865514,3.08725455017331
40,"contam","null",7,"fl_199",500,0,0,NA,0.042,0.004,0.027,0.005,3.08725455017331
40,"contam","null",7,"fl_999",500,0,0,NA,0.044,0.004,0.024,0.002,3.08725455017331
40,"contam","null",7,"fl_9999",500,0,0,NA,0.042,0.006,0.0244,0.002,3.08725455017331
40,"contam","null",7,"pvw_199",500,0,0,NA,0.05,0.006,0.0469554085489994,0.00416443188245651,3.08725455017331
40,"contam","null",7,"pvt_199",500,0,0,NA,0.06,0.008,0.0553887397494452,0.00133404939673345,3.08725455017331
40,"contam","null",7,"mm_199",500,0,0,NA,0.054,0.008,0.0833481731190318,0.00229135781530436,3.08725455017331
40,"contam","null",7,"pvw_999",500,0,0,NA,0.046,0.004,0.0436544990070062,0.00289621562576811,3.08725455017331
40,"contam","null",7,"pvt_999",500,0,0,NA,0.054,0.012,0.0487721220368038,0.000577832189426472,3.08725455017331
40,"contam","null",7,"mm_999",500,0,0,NA,0.046,0.008,0.106,0.00184916967977586,3.08725455017331
40,"contam","null",8,"ols",500,0,0,NA,0.048,0.002,0.0330970292490255,0.00876502026764814,3.1240226070241
40,"contam","null",8,"modt",500,0,0,NA,0.052,0.004,0.0356882632066235,0.00886422907903112,3.1240226070241
40,"contam","null",8,"fl_199",500,0,0,NA,0.044,0.002,0.04,0.005,3.1240226070241
40,"contam","null",8,"fl_999",500,0,0,NA,0.052,0.002,0.04,0.005,3.1240226070241
40,"contam","null",8,"fl_9999",500,0,0,NA,0.052,0.004,0.0358000000000001,0.005,3.1240226070241
40,"contam","null",8,"pvw_199",500,0,0,NA,0.048,0.002,0.0362717411235904,0.00559411034017949,3.1240226070241
40,"contam","null",8,"pvt_199",500,0,0,NA,0.062,0.006,0.0444578203778823,0.00326427135833007,3.1240226070241
40,"contam","null",8,"mm_199",500,0,0,NA,0.058,0.004,0.0775396209852858,0.000911622084283413,3.1240226070241
40,"contam","null",8,"pvw_999",500,0,0,NA,0.048,0.002,0.0355701434644599,0.00908151505316701,3.1240226070241
40,"contam","null",8,"pvt_999",500,0,0,NA,0.064,0.008,0.0413470165995541,0.00457550853114736,3.1240226070241
40,"contam","null",8,"mm_999",500,0,0,NA,0.052,0.006,0.07,0.00376412937831103,3.1240226070241
40,"contam","null",9,"ols",500,0,0,NA,0.072,0.012,0.0621131284049402,0.000525441196347454,3.16965541016003
40,"contam","null",9,"modt",500,0,0,NA,0.068,0.012,0.0611275080704801,0.00065795026810991,3.16965541016003
40,"contam","null",9,"fl_199",500,0,0,NA,0.058,0.008,0.048,0.005,3.16965541016003
40,"contam","null",9,"fl_999",500,0,0,NA,0.07,0.014,0.05,0.001,3.16965541016003
40,"contam","null",9,"fl_9999",500,0,0,NA,0.07,0.016,0.0531,4e-04,3.16965541016003
40,"contam","null",9,"pvw_199",500,0,0,NA,0.07,0.014,0.0724846126138431,0.000434314873359611,3.16965541016003
40,"contam","null",9,"pvt_199",500,1,1,NA,0.08,0.026,0.0745535452372841,8.81027981879119e-05,3.16965541016003
40,"contam","null",9,"mm_199",500,1,1,NA,0.068,0.02,0.0917733010329964,4.52874752901851e-05,3.16965541016003
40,"contam","null",9,"pvw_999",500,0,0,NA,0.072,0.012,0.0761367886654131,0.000715444077905243,3.16965541016003
40,"contam","null",9,"pvt_999",500,1,1,NA,0.072,0.026,0.0771725949992846,9.50135970981218e-05,3.16965541016003
40,"contam","null",9,"mm_999",500,0,0,NA,0.07,0.02,0.092,0.00030041962658551,3.16965541016003
40,"contam","null",10,"ols",500,0,0,NA,0.044,0.01,0.0402413424779813,0.00158780690062345,2.96656889234041
40,"contam","null",10,"modt",500,0,0,NA,0.048,0.01,0.0432622438146159,0.00168922592514749,2.96656889234041
40,"contam","null",10,"fl_199",500,0,0,NA,0.048,0.008,0.03,0.005,2.96656889234041
40,"contam","null",10,"fl_999",500,0,0,NA,0.046,0.01,0.044,0.001,2.96656889234041
40,"contam","null",10,"fl_9999",500,0,0,NA,0.046,0.01,0.0377,0.0011,2.96656889234041
40,"contam","null",10,"pvw_199",500,0,0,NA,0.058,0.01,0.0474062237931745,0.00223116472098537,2.96656889234041
40,"contam","null",10,"pvt_199",500,0,0,NA,0.064,0.014,0.0578490049365786,0.000322875396518925,2.96656889234041
40,"contam","null",10,"mm_199",500,1,1,NA,0.05,0.016,0.0874987179731587,9.9546395255444e-05,2.96656889234041
40,"contam","null",10,"pvw_999",500,0,0,NA,0.048,0.01,0.0529928743456881,0.0025135859122519,2.96656889234041
40,"contam","null",10,"pvt_999",500,0,0,NA,0.06,0.016,0.060146985014673,0.000540657753341215,2.96656889234041
40,"contam","null",10,"mm_999",500,0,0,NA,0.044,0.01,0.116,0.00102607964228766,2.96656889234041
40,"contam","null",11,"ols",500,0,0,NA,0.048,0.012,0.0340249823304325,0.00160582976619305,3.45155244515735
40,"contam","null",11,"modt",500,0,0,NA,0.046,0.012,0.0423638754383444,0.003932904611052,3.45155244515735
40,"contam","null",11,"fl_199",500,0,0,NA,0.046,0.006,0.047,0.005,3.45155244515735
40,"contam","null",11,"fl_999",500,0,0,NA,0.046,0.01,0.034,0.003,3.45155244515735
40,"contam","null",11,"fl_9999",500,0,0,NA,0.046,0.012,0.0356,0.0015,3.45155244515735
40,"contam","null",11,"pvw_199",500,0,0,NA,0.05,0.008,0.0472827470479694,0.00226671676237977,3.45155244515735
40,"contam","null",11,"pvt_199",500,0,0,NA,0.056,0.022,0.0484343434690442,0.000730593738018563,3.45155244515735
40,"contam","null",11,"mm_199",500,1,1,NA,0.05,0.016,0.0782056295756683,4.93220699980724e-05,3.45155244515735
40,"contam","null",11,"pvw_999",500,0,0,NA,0.046,0.008,0.0449084184463059,0.00286367497282751,3.45155244515735
40,"contam","null",11,"pvt_999",500,0,0,NA,0.054,0.024,0.0467819572595013,0.000684437696942013,3.45155244515735
40,"contam","null",11,"mm_999",500,0,0,NA,0.044,0.016,0.098,0.00087902830148761,3.45155244515735
40,"contam","null",12,"ols",500,0,0,NA,0.046,0.004,0.0399145056877599,0.000242525327392218,2.98100192188796
40,"contam","null",12,"modt",500,0,0,NA,0.048,0.002,0.038758596187642,0.000186139640049584,2.98100192188796
40,"contam","null",12,"fl_199",500,0,0,NA,0.046,0.002,0.029,0.005,2.98100192188796
40,"contam","null",12,"fl_999",500,0,0,NA,0.05,0.004,0.03,0.001,2.98100192188796
40,"contam","null",12,"fl_9999",500,0,0,NA,0.046,0.006,0.0308,2e-04,2.98100192188796
40,"contam","null",12,"pvw_199",500,0,0,NA,0.05,0.002,0.0468610783822014,0.000562500580886982,2.98100192188796
40,"contam","null",12,"pvt_199",500,1,1,NA,0.064,0.01,0.0503794114990145,2.43659129854383e-05,2.98100192188796
40,"contam","null",12,"mm_199",500,1,1,NA,0.056,0.01,0.0902608647068666,2.34672799657272e-07,2.98100192188796
40,"contam","null",12,"pvw_999",500,0,0,NA,0.048,0.002,0.0512247256868524,0.000600783285606089,2.98100192188796
40,"contam","null",12,"pvt_999",500,1,1,NA,0.066,0.01,0.054497479098717,2.02541883644722e-05,2.98100192188796
40,"contam","null",12,"mm_999",500,1,1,NA,0.05,0.004,0.078,5.87540128010731e-06,2.98100192188796
40,"contam","null",13,"ols",500,0,0,NA,0.032,0.008,0.05653787297103,0.00328832204611813,3.21193633895956
40,"contam","null",13,"modt",500,0,0,NA,0.04,0.008,0.055068666058506,0.00294452800690594,3.21193633895956
40,"contam","null",13,"fl_199",500,0,0,NA,0.03,0.006,0.036,0.005,3.21193633895956
40,"contam","null",13,"fl_999",500,0,0,NA,0.042,0.008,0.035,0.002,3.21193633895956
40,"contam","null",13,"fl_9999",500,0,0,NA,0.04,0.008,0.043,0.0022,3.21193633895956
40,"contam","null",13,"pvw_199",500,0,0,NA,0.042,0.008,0.0607658966828002,0.0028190605438278,3.21193633895956
40,"contam","null",13,"pvt_199",500,0,0,NA,0.054,0.01,0.0671650093249038,0.000584821845964475,3.21193633895956
40,"contam","null",13,"mm_199",500,0,0,NA,0.046,0.01,0.0906949374615647,0.00020336170739336,3.21193633895956
40,"contam","null",13,"pvw_999",500,0,0,NA,0.042,0.008,0.0655454447466965,0.00314513088581084,3.21193633895956
40,"contam","null",13,"pvt_999",500,0,0,NA,0.054,0.01,0.0690125636560905,0.000750836930399458,3.21193633895956
40,"contam","null",13,"mm_999",500,0,0,NA,0.046,0.008,0.072,0.00166855534199117,3.21193633895956
40,"contam","null",14,"ols",500,0,0,NA,0.054,0.008,0.0456586149809305,0.00463098356879023,3.2960125641167
40,"contam","null",14,"modt",500,0,0,NA,0.058,0.008,0.0460557709934849,0.00492989306661283,3.2960125641167
40,"contam","null",14,"fl_199",500,0,0,NA,0.046,0.002,0.0399999999999999,0.005,3.2960125641167
40,"contam","null",14,"fl_999",500,0,0,NA,0.052,0.01,0.0369999999999999,0.004,3.2960125641167
40,"contam","null",14,"fl_9999",500,0,0,NA,0.054,0.01,0.0404,0.0033,3.2960125641167
40,"contam","null",14,"pvw_199",500,0,0,NA,0.058,0.006,0.062332191019428,0.00597901842094899,3.2960125641167
40,"contam","null",14,"pvt_199",500,0,0,NA,0.078,0.012,0.0634893701351075,0.00167746632506826,3.2960125641167
40,"contam","null",14,"mm_199",500,0,0,NA,0.056,0.012,0.0815330730867599,0.00407036538876951,3.2960125641167
40,"contam","null",14,"pvw_999",500,0,0,NA,0.054,0.008,0.0630447548583618,0.00533946960985262,3.2960125641167
40,"contam","null",14,"pvt_999",500,0,0,NA,0.066,0.01,0.0651514088870281,0.00175577755284087,3.2960125641167
40,"contam","null",14,"mm_999",500,0,0,NA,0.056,0.008,0.082,0.0031982291287919,3.2960125641167
40,"contam","null",15,"ols",500,0,0,NA,0.046,0.008,0.0381666438879237,0.00118716108289677,3.3357595628629
40,"contam","null",15,"modt",500,0,0,NA,0.05,0.006,0.0343094062689925,0.000993045959509908,3.3357595628629
40,"contam","null",15,"fl_199",500,0,0,NA,0.05,0.004,0.034,0.005,3.3357595628629
40,"contam","null",15,"fl_999",500,0,0,NA,0.05,0.012,0.039,0.002,3.3357595628629
40,"contam","null",15,"fl_9999",500,0,0,NA,0.052,0.01,0.0377,0.0011,3.3357595628629
40,"contam","null",15,"pvw_199",500,0,0,NA,0.048,0.006,0.0433470476681174,0.000870632277168314,3.3357595628629
40,"contam","null",15,"pvt_199",500,0,0,NA,0.066,0.016,0.0440695673443995,0.000137526269980697,3.3357595628629
40,"contam","null",15,"mm_199",500,0,0,NA,0.054,0.016,0.10630452565565,0.00347410910926991,3.3357595628629
40,"contam","null",15,"pvw_999",500,0,0,NA,0.048,0.004,0.0438070202937033,0.00176310468178248,3.3357595628629
40,"contam","null",15,"pvt_999",500,0,0,NA,0.066,0.012,0.044192109977954,0.000258693626663067,3.3357595628629
40,"contam","null",15,"mm_999",500,0,0,NA,0.05,0.012,0.0754473421658473,0.00107698368397174,3.3357595628629
40,"contam","null",16,"ols",500,0,0,NA,0.04,0.008,0.0298974501746761,0.00201456542518944,3.15087513191199
40,"contam","null",16,"modt",500,0,0,NA,0.042,0.008,0.0303533335176813,0.0017740687914026,3.15087513191199
40,"contam","null",16,"fl_199",500,0,0,NA,0.04,0.002,0.029,0.005,3.15087513191199
40,"contam","null",16,"fl_999",500,0,0,NA,0.044,0.01,0.022,0.001,3.15087513191199
40,"contam","null",16,"fl_9999",500,0,0,NA,0.048,0.01,0.0218,3e-04,3.15087513191199
40,"contam","null",16,"pvw_199",500,0,0,NA,0.044,0.008,0.0452553824983219,0.0022963228816564,3.15087513191199
40,"contam","null",16,"pvt_199",500,0,0,NA,0.064,0.01,0.0523738736040853,0.000319648458961195,3.15087513191199
40,"contam","null",16,"mm_199",500,0,0,NA,0.052,0.01,0.0649867769120032,0.00022338783529991,3.15087513191199
40,"contam","null",16,"pvw_999",500,0,0,NA,0.04,0.008,0.0466925798857994,0.00334523752734097,3.15087513191199
40,"contam","null",16,"pvt_999",500,0,0,NA,0.06,0.01,0.051394828788186,0.000736983014719871,3.15087513191199
40,"contam","null",16,"mm_999",500,0,0,NA,0.044,0.012,0.094,0.000181886141968907,3.15087513191199
40,"contam","null",17,"ols",500,0,0,NA,0.056,0.016,0.0760293907213284,0.00215046984817504,3.62515968913108
40,"contam","null",17,"modt",500,0,0,NA,0.056,0.014,0.0741823629544663,0.00222592083362067,3.62515968913108
40,"contam","null",17,"fl_199",500,0,0,NA,0.06,0.01,0.071,0.005,3.62515968913108
40,"contam","null",17,"fl_999",500,0,0,NA,0.064,0.018,0.061,0.001,3.62515968913108
40,"contam","null",17,"fl_9999",500,0,0,NA,0.062,0.022,0.0629,0.0016,3.62515968913108
40,"contam","null",17,"pvw_199",500,0,0,NA,0.062,0.014,0.0895511217894324,0.00275993404803959,3.62515968913108
40,"contam","null",17,"pvt_199",500,0,0,NA,0.08,0.022,0.0948438889432754,0.000489202829552241,3.62515968913108
40,"contam","null",17,"mm_199",500,0,0,NA,0.068,0.024,0.0777184946943588,0.00138746095532963,3.62515968913108
40,"contam","null",17,"pvw_999",500,0,0,NA,0.058,0.02,0.0865454905867012,0.00382117965109788,3.62515968913108
40,"contam","null",17,"pvt_999",500,0,0,NA,0.072,0.02,0.0912013461747163,0.000879304508110337,3.62515968913108
40,"contam","null",17,"mm_999",500,0,0,NA,0.064,0.02,0.082,0.000776328542794963,3.62515968913108
40,"contam","null",18,"ols",500,0,0,NA,0.04,0.006,0.0352183981357425,0.00142300308236091,3.16873722032068
40,"contam","null",18,"modt",500,0,0,NA,0.038,0.004,0.0365407754956474,0.00152715350012352,3.16873722032068
40,"contam","null",18,"fl_199",500,0,0,NA,0.04,0.002,0.041,0.005,3.16873722032068
40,"contam","null",18,"fl_999",500,0,0,NA,0.04,0.006,0.027,0.002,3.16873722032068
40,"contam","null",18,"fl_9999",500,0,0,NA,0.04,0.006,0.0269,0.0016,3.16873722032068
40,"contam","null",18,"pvw_199",500,0,0,NA,0.036,0.008,0.0507088799110899,0.00179505044897435,3.16873722032068
40,"contam","null",18,"pvt_199",500,0,0,NA,0.058,0.008,0.0510734205677814,0.000289435851484364,3.16873722032068
40,"contam","null",18,"mm_199",500,0,0,NA,0.046,0.008,0.0854584112145234,0.00115075879265099,3.16873722032068
40,"contam","null",18,"pvw_999",500,0,0,NA,0.04,0.006,0.0455434616054097,0.0020107372034918,3.16873722032068
40,"contam","null",18,"pvt_999",500,0,0,NA,0.058,0.008,0.0489579577996719,0.00032277804748989,3.16873722032068
40,"contam","null",18,"mm_999",500,0,0,NA,0.042,0.006,0.084,0.000782663938614601,3.16873722032068
40,"contam","null",19,"ols",500,0,0,NA,0.048,0.008,0.0373460534049701,0.000850573644202433,3.04469643606261
40,"contam","null",19,"modt",500,0,0,NA,0.044,0.008,0.0377541149013811,0.00116413335711445,3.04469643606261
40,"contam","null",19,"fl_199",500,0,0,NA,0.054,0.004,0.035,0.005,3.04469643606261
40,"contam","null",19,"fl_999",500,0,0,NA,0.056,0.01,0.043,0.001,3.04469643606261
40,"contam","null",19,"fl_9999",500,0,0,NA,0.052,0.008,0.0414,2e-04,3.04469643606261
40,"contam","null",19,"pvw_199",500,0,0,NA,0.056,0.012,0.033192695059714,0.00135574057717319,3.04469643606261
40,"contam","null",19,"pvt_199",500,0,0,NA,0.072,0.016,0.041291453004629,0.000191960608895021,3.04469643606261
40,"contam","null",19,"mm_199",500,0,0,NA,0.06,0.014,0.072581878461551,0.000310768399720028,3.04469643606261
40,"contam","null",19,"pvw_999",500,0,0,NA,0.054,0.006,0.0367822727035681,0.00148238171959756,3.04469643606261
40,"contam","null",19,"pvt_999",500,0,0,NA,0.068,0.018,0.0460208468559351,0.000195320472145904,3.04469643606261
40,"contam","null",19,"mm_999",500,0,0,NA,0.054,0.01,0.102,0.000316422857232311,3.04469643606261
40,"contam","null",20,"ols",500,0,0,NA,0.068,0.012,0.0624968259297012,0.00311130584163406,3.2891367948618
40,"contam","null",20,"modt",500,0,0,NA,0.068,0.008,0.0627907698177241,0.00224645946727974,3.2891367948618
40,"contam","null",20,"fl_199",500,0,0,NA,0.072,0.006,0.058,0.005,3.2891367948618
40,"contam","null",20,"fl_999",500,0,0,NA,0.068,0.008,0.054,0.004,3.2891367948618
40,"contam","null",20,"fl_9999",500,0,0,NA,0.072,0.012,0.0471,0.0019,3.2891367948618
40,"contam","null",20,"pvw_199",500,0,0,NA,0.076,0.01,0.0853021240392604,0.00232041172439722,3.2891367948618
40,"contam","null",20,"pvt_199",500,0,0,NA,0.082,0.016,0.0863102586074224,0.00070984191244862,3.2891367948618
40,"contam","null",20,"mm_199",500,1,1,NA,0.082,0.012,0.0903617576465997,9.35077535195062e-05,3.2891367948618
40,"contam","null",20,"pvw_999",500,0,0,NA,0.074,0.008,0.076077866193609,0.00469777824153207,3.2891367948618
40,"contam","null",20,"pvt_999",500,0,0,NA,0.078,0.02,0.0796146539447613,0.0014059607346653,3.2891367948618
40,"contam","null",20,"mm_999",500,0,0,NA,0.072,0.014,0.0643292121298283,0.00194018356975943,3.2891367948618
100,"contam","null",1,"ols",500,0,0,NA,0.048,0.002,0.0357192638983989,0.00198008532413286,3.96025539941592
100,"contam","null",1,"modt",500,0,0,NA,0.046,0.002,0.0368681236900555,0.00163129901228063,3.96025539941592
100,"contam","null",1,"fl_199",500,0,0,NA,0.044,0.006,0.037,0.005,3.96025539941592
100,"contam","null",1,"fl_999",500,0,0,NA,0.052,0.012,0.035,0.003,3.96025539941592
100,"contam","null",1,"fl_9999",500,0,0,NA,0.05,0.006,0.0358,0.0016,3.96025539941592
100,"contam","null",1,"pvw_199",500,0,0,NA,0.052,0.006,0.0384055798375417,0.00141182419523626,3.96025539941592
100,"contam","null",1,"pvt_199",500,0,0,NA,0.06,0.012,0.0386838598218722,0.00108341207370704,3.96025539941592
100,"contam","null",1,"mm_199",500,0,0,NA,0.054,0.014,0.107782090885717,0.000239662732380732,3.96025539941592
100,"contam","null",1,"pvw_999",500,0,0,NA,0.05,0.004,0.0386067670546802,0.00250877755660679,3.96025539941592
100,"contam","null",1,"pvt_999",500,0,0,NA,0.054,0.008,0.0387334262779406,0.00149923627930765,3.96025539941592
100,"contam","null",1,"mm_999",500,0,0,NA,0.052,0.01,0.0666562017182557,0.00206601340026766,3.96025539941592
100,"contam","null",2,"ols",500,0,0,NA,0.038,0,0.0327289548480884,0.0149610605737651,4.02639055284779
100,"contam","null",2,"modt",500,0,0,NA,0.036,0,0.0312937759116685,0.0141225981546998,4.02639055284779
100,"contam","null",2,"fl_199",500,0,0,NA,0.04,0,0.04,0.01,4.02639055284779
100,"contam","null",2,"fl_999",500,0,0,NA,0.04,0,0.038,0.012,4.02639055284779
100,"contam","null",2,"fl_9999",500,0,0,NA,0.038,0,0.0376,0.0113,4.02639055284779
100,"contam","null",2,"pvw_199",500,0,0,NA,0.042,0,0.0230456754933199,0.0112236085789126,4.02639055284779
100,"contam","null",2,"pvt_199",500,0,0,NA,0.044,0.002,0.0235346970750841,0.00871292906375565,4.02639055284779
100,"contam","null",2,"mm_199",500,0,0,NA,0.044,0.008,0.0957670402456828,0.00314970322501816,4.02639055284779
100,"contam","null",2,"pvw_999",500,0,0,NA,0.04,0,0.0247181982607604,0.0152904595059436,4.02639055284779
100,"contam","null",2,"pvt_999",500,0,0,NA,0.046,0,0.0234234658274559,0.0112214581171373,4.02639055284779
100,"contam","null",2,"mm_999",500,0,0,NA,0.048,0,0.0725489244750201,0.0140998402344823,4.02639055284779
100,"contam","null",3,"ols",500,0,0,NA,0.038,0.012,0.0387603937390321,0.00170671777237894,3.83938249354937
100,"contam","null",3,"modt",500,0,0,NA,0.04,0.014,0.0401774725756335,0.0016855720979441,3.83938249354937
100,"contam","null",3,"fl_199",500,0,0,NA,0.048,0.004,0.033,0.005,3.83938249354937
100,"contam","null",3,"fl_999",500,0,0,NA,0.042,0.014,0.033,0.002,3.83938249354937
100,"contam","null",3,"fl_9999",500,0,0,NA,0.038,0.014,0.0327,7e-04,3.83938249354937
100,"contam","null",3,"pvw_199",500,0,0,NA,0.05,0.012,0.0424270257395074,0.00190348575266363,3.83938249354937
100,"contam","null",3,"pvt_199",500,0,0,NA,0.052,0.012,0.0436224196170201,0.00108304141619649,3.83938249354937
100,"contam","null",3,"mm_199",500,0,0,NA,0.054,0.016,0.127869936153217,0.000345892157335428,3.83938249354937
100,"contam","null",3,"pvw_999",500,0,0,NA,0.042,0.012,0.0429685496688952,0.00134545963410144,3.83938249354937
100,"contam","null",3,"pvt_999",500,0,0,NA,0.048,0.014,0.0445694978506774,0.000848324392485791,3.83938249354937
100,"contam","null",3,"mm_999",500,0,0,NA,0.044,0.018,0.0645849111414845,0.000290374337934844,3.83938249354937
100,"contam","null",4,"ols",500,0,0,NA,0.06,0.016,0.0235955449242554,0.00202304468294024,4.00785828472865
100,"contam","null",4,"modt",500,0,0,NA,0.062,0.016,0.0251999922292923,0.00215626915824169,4.00785828472865
100,"contam","null",4,"fl_199",500,0,0,NA,0.048,0.008,0.019,0.005,4.00785828472865
100,"contam","null",4,"fl_999",500,0,0,NA,0.064,0.016,0.02,0.001,4.00785828472865
100,"contam","null",4,"fl_9999",500,0,0,NA,0.062,0.016,0.0208,0.001,4.00785828472865
100,"contam","null",4,"pvw_199",500,0,0,NA,0.054,0.016,0.0224832855313998,0.00118867174209445,4.00785828472865
100,"contam","null",4,"pvt_199",500,0,0,NA,0.064,0.016,0.0251862271976071,0.000849258862792764,4.00785828472865
100,"contam","null",4,"mm_199",500,0,0,NA,0.058,0.016,0.11722268888327,0.000383013415554138,4.00785828472865
100,"contam","null",4,"pvw_999",500,0,0,NA,0.058,0.016,0.0265394751948202,0.00265285020936539,4.00785828472865
100,"contam","null",4,"pvt_999",500,0,0,NA,0.064,0.016,0.027806144180877,0.00166632561989278,4.00785828472865
100,"contam","null",4,"mm_999",500,0,0,NA,0.064,0.016,0.088562181438035,0.00113736611032813,4.00785828472865
100,"contam","null",5,"ols",500,0,0,NA,0.048,0.008,0.0273893056123079,0.00181362325003198,3.42432822099548
100,"contam","null",5,"modt",500,0,0,NA,0.046,0.008,0.0273098524527682,0.00180142535874762,3.42432822099548
100,"contam","null",5,"fl_199",500,0,0,NA,0.04,0.002,0.026,0.005,3.42432822099548
100,"contam","null",5,"fl_999",500,0,0,NA,0.044,0.008,0.025,0.001,3.42432822099548
100,"contam","null",5,"fl_9999",500,0,0,NA,0.048,0.008,0.0279,8e-04,3.42432822099548
100,"contam","null",5,"pvw_199",500,0,0,NA,0.048,0.006,0.0268469643869099,0.00128576132977172,3.42432822099548
100,"contam","null",5,"pvt_199",500,0,0,NA,0.052,0.01,0.0268820976408838,0.000904472899925203,3.42432822099548
100,"contam","null",5,"mm_199",500,0,0,NA,0.052,0.008,0.101743247390862,0.000366613190492571,3.42432822099548
100,"contam","null",5,"pvw_999",500,0,0,NA,0.044,0.008,0.0304869723270876,0.00164348682673835,3.42432822099548
100,"contam","null",5,"pvt_999",500,0,0,NA,0.046,0.008,0.0301746209937398,0.00107486185768443,3.42432822099548
100,"contam","null",5,"mm_999",500,0,0,NA,0.048,0.008,0.0756263044864559,0.000354998093225202,3.42432822099548
100,"contam","null",6,"ols",500,0,0,NA,0.04,0.006,0.0527919573473232,0.00190883677591801,3.01221730412819
100,"contam","null",6,"modt",500,0,0,NA,0.04,0.006,0.0538796668616874,0.00193227439402598,3.01221730412819
100,"contam","null",6,"fl_199",500,0,0,NA,0.034,0.002,0.0639999999999999,0.005,3.01221730412819
100,"contam","null",6,"fl_999",500,0,0,NA,0.038,0.006,0.0569999999999999,0.003,3.01221730412819
100,"contam","null",6,"fl_9999",500,0,0,NA,0.038,0.006,0.0529000000000001,0.0016,3.01221730412819
100,"contam","null",6,"pvw_199",500,0,0,NA,0.044,0.006,0.0494977053424397,0.00237488403518679,3.01221730412819
100,"contam","null",6,"pvt_199",500,0,0,NA,0.046,0.006,0.0495906687601348,0.00103330687131079,3.01221730412819
100,"contam","null",6,"mm_199",500,0,0,NA,0.046,0.01,0.0847470520833291,0.000595974072373283,3.01221730412819
100,"contam","null",6,"pvw_999",500,0,0,NA,0.038,0.006,0.0522236051884757,0.00261718636033911,3.01221730412819
100,"contam","null",6,"pvt_999",500,0,0,NA,0.046,0.006,0.0521202251978912,0.00147638901847609,3.01221730412819
100,"contam","null",6,"mm_999",500,0,0,NA,0.04,0.006,0.0788351775540981,0.00286323391408615,3.01221730412819
100,"contam","null",7,"ols",500,0,0,NA,0.05,0.014,0.0334302826753207,0.00026531648552353,3.62379085527529
100,"contam","null",7,"modt",500,0,0,NA,0.048,0.012,0.0355428843408624,0.000207474360949637,3.62379085527529
100,"contam","null",7,"fl_199",500,0,0,NA,0.044,0.002,0.031,0.005,3.62379085527529
100,"contam","null",7,"fl_999",500,0,0,NA,0.048,0.006,0.037,0.001,3.62379085527529
100,"contam","null",7,"fl_9999",500,0,0,NA,0.052,0.012,0.0355000000000001,2e-04,3.62379085527529
100,"contam","null",7,"pvw_199",500,0,0,NA,0.05,0.008,0.0343035564276805,0.000245717111191215,3.62379085527529
100,"contam","null",7,"pvt_199",500,1,1,NA,0.068,0.012,0.0395517709456207,7.01226688481176e-05,3.62379085527529
100,"contam","null",7,"mm_199",500,0,0,NA,0.052,0.01,0.0762098149269022,0.000105335081052288,3.62379085527529
100,"contam","null",7,"pvw_999",500,0,0,NA,0.05,0.01,0.041735947131134,0.000351637782874447,3.62379085527529
100,"contam","null",7,"pvt_999",500,0,0,NA,0.054,0.014,0.0448877875243383,0.000159937543124577,3.62379085527529
100,"contam","null",7,"mm_999",500,1,1,NA,0.05,0.01,0.0596785616330631,6.44204311133369e-05,3.62379085527529
100,"contam","null",8,"ols",500,0,0,NA,0.038,0.006,0.0608060124208947,0.00409864537050923,3.78637447756499
100,"contam","null",8,"modt",500,0,0,NA,0.038,0.006,0.0615461612531912,0.00385559958645646,3.78637447756499
100,"contam","null",8,"fl_199",500,0,0,NA,0.034,0.002,0.06,0.005,3.78637447756499
100,"contam","null",8,"fl_999",500,0,0,NA,0.038,0.006,0.052,0.002,3.78637447756499
100,"contam","null",8,"fl_9999",500,0,0,NA,0.04,0.006,0.0557,0.002,3.78637447756499
100,"contam","null",8,"pvw_199",500,0,0,NA,0.044,0.008,0.0691214889982278,0.00305276692834234,3.78637447756499
100,"contam","null",8,"pvt_199",500,0,0,NA,0.044,0.008,0.0721532026063069,0.0021117463471669,3.78637447756499
100,"contam","null",8,"mm_199",500,0,0,NA,0.038,0.012,0.112433239170192,0.000803326262582884,3.78637447756499
100,"contam","null",8,"pvw_999",500,0,0,NA,0.04,0.006,0.0658606497073794,0.00429193673460328,3.78637447756499
100,"contam","null",8,"pvt_999",500,0,0,NA,0.044,0.006,0.0685065608500594,0.00311844697910696,3.78637447756499
100,"contam","null",8,"mm_999",500,0,0,NA,0.042,0.006,0.0748908412914832,0.00145418562589799,3.78637447756499
100,"contam","null",9,"ols",500,0,0,NA,0.036,0.004,0.0274095878247721,0.00640029334582941,3.73716815624569
100,"contam","null",9,"modt",500,0,0,NA,0.04,0.004,0.0273234727754053,0.00594991377721579,3.73716815624569
100,"contam","null",9,"fl_199",500,0,0,NA,0.036,0.002,0.026,0.005,3.73716815624569
100,"contam","null",9,"fl_999",500,0,0,NA,0.038,0.004,0.023,0.006,3.73716815624569
100,"contam","null",9,"fl_9999",500,0,0,NA,0.038,0.006,0.0211,0.0039,3.73716815624569
100,"contam","null",9,"pvw_199",500,0,0,NA,0.036,0.004,0.0334929217046268,0.00494300955675448,3.73716815624569
100,"contam","null",9,"pvt_199",500,0,0,NA,0.042,0.006,0.037701389166017,0.00392810372275637,3.73716815624569
100,"contam","null",9,"mm_199",500,0,0,NA,0.04,0.006,0.107816983971265,0.00187310300837309,3.73716815624569
100,"contam","null",9,"pvw_999",500,0,0,NA,0.038,0.002,0.0350342533695374,0.00714556378318735,3.73716815624569
100,"contam","null",9,"pvt_999",500,0,0,NA,0.04,0.006,0.0398038791120137,0.00507318715622138,3.73716815624569
100,"contam","null",9,"mm_999",500,0,0,NA,0.04,0.006,0.0732690863824405,0.00438886477875415,3.73716815624569
100,"contam","null",10,"ols",500,0,0,NA,0.06,0.014,0.0379266701148683,0.0034778633789101,3.70793204800158
100,"contam","null",10,"modt",500,0,0,NA,0.06,0.016,0.0390730191347109,0.00312416888391644,3.70793204800158
100,"contam","null",10,"fl_199",500,0,0,NA,0.056,0.008,0.043,0.005,3.70793204800158
100,"contam","null",10,"fl_999",500,0,0,NA,0.06,0.016,0.035,0.004,3.70793204800158
100,"contam","null",10,"fl_9999",500,0,0,NA,0.062,0.018,0.0339,0.003,3.70793204800158
100,"contam","null",10,"pvw_199",500,0,0,NA,0.064,0.012,0.0493009843124468,0.0030445172104017,3.70793204800158
100,"contam","null",10,"pvt_199",500,0,0,NA,0.066,0.018,0.0508539283838576,0.00289257458507278,3.70793204800158
100,"contam","null",10,"mm_199",500,0,0,NA,0.066,0.022,0.0834237410021786,0.000599070344488546,3.70793204800158
100,"contam","null",10,"pvw_999",500,0,0,NA,0.06,0.014,0.0440942996830186,0.00340307661043912,3.70793204800158
100,"contam","null",10,"pvt_999",500,0,0,NA,0.064,0.02,0.0453424314699905,0.00208354362840131,3.70793204800158
100,"contam","null",10,"mm_999",500,0,0,NA,0.062,0.018,0.0711544492624252,0.00252349256963589,3.70793204800158
100,"contam","null",11,"ols",500,0,0,NA,0.056,0.004,0.0470419445524387,0.00173867593339299,3.63629788773358
100,"contam","null",11,"modt",500,0,0,NA,0.052,0.004,0.0482097205823636,0.00179403236841694,3.63629788773358
100,"contam","null",11,"fl_199",500,0,0,NA,0.052,0.002,0.037,0.005,3.63629788773358
100,"contam","null",11,"fl_999",500,0,0,NA,0.058,0.006,0.042,0.001,3.63629788773358
100,"contam","null",11,"fl_9999",500,0,0,NA,0.06,0.004,0.0429,0.0014,3.63629788773358
100,"contam","null",11,"pvw_199",500,0,0,NA,0.058,0.01,0.0551709631925243,0.00223782074911215,3.63629788773358
100,"contam","null",11,"pvt_199",500,0,0,NA,0.062,0.014,0.0568822197261565,0.00153400632957302,3.63629788773358
100,"contam","null",11,"mm_199",500,0,0,NA,0.068,0.014,0.108077477617211,0.000617004553257398,3.63629788773358
100,"contam","null",11,"pvw_999",500,0,0,NA,0.062,0.006,0.052064672274781,0.00207237559294951,3.63629788773358
100,"contam","null",11,"pvt_999",500,0,0,NA,0.07,0.01,0.054431225073816,0.00103984054996132,3.63629788773358
100,"contam","null",11,"mm_999",500,0,0,NA,0.062,0.012,0.0828289166047299,0.00127035897031539,3.63629788773358
100,"contam","null",12,"ols",500,0,0,NA,0.06,0.014,0.0552975223926986,0.000588184534440451,3.33420941303787
100,"contam","null",12,"modt",500,0,0,NA,0.058,0.014,0.0577169263066861,0.000499071245753602,3.33420941303787
100,"contam","null",12,"fl_199",500,0,0,NA,0.056,0.01,0.048,0.005,3.33420941303787
100,"contam","null",12,"fl_999",500,0,0,NA,0.058,0.01,0.054,0.001,3.33420941303787
100,"contam","null",12,"fl_9999",500,0,0,NA,0.06,0.014,0.0515,5e-04,3.33420941303787
100,"contam","null",12,"pvw_199",500,0,0,NA,0.058,0.01,0.0604252693514988,0.00139844292860975,3.33420941303787
100,"contam","null",12,"pvt_199",500,0,0,NA,0.058,0.014,0.0619385601657504,0.000492909377303105,3.33420941303787
100,"contam","null",12,"mm_199",500,0,0,NA,0.064,0.022,0.11489933270953,0.000160553982064167,3.33420941303787
100,"contam","null",12,"pvw_999",500,0,0,NA,0.06,0.012,0.0626133954124122,0.000655363867782068,3.33420941303787
100,"contam","null",12,"pvt_999",500,0,0,NA,0.064,0.014,0.0632157819920031,0.00034532648619415,3.33420941303787
100,"contam","null",12,"mm_999",500,0,0,NA,0.06,0.016,0.0617496041689339,0.00011405327915894,3.33420941303787
100,"contam","null",13,"ols",500,0,0,NA,0.03,0.006,0.0315869114188738,0.00586381722976931,3.55621073659552
100,"contam","null",13,"modt",500,0,0,NA,0.03,0.006,0.0307341301035992,0.00538871335812813,3.55621073659552
100,"contam","null",13,"fl_199",500,0,0,NA,0.03,0,0.03,0.01,3.55621073659552
100,"contam","null",13,"fl_999",500,0,0,NA,0.03,0.008,0.03,0.005,3.55621073659552
100,"contam","null",13,"fl_9999",500,0,0,NA,0.03,0.006,0.0265,0.0045,3.55621073659552
100,"contam","null",13,"pvw_199",500,0,0,NA,0.032,0.006,0.0392946341921182,0.0034155815717691,3.55621073659552
100,"contam","null",13,"pvt_199",500,0,0,NA,0.038,0.006,0.0397669934775419,0.00201113652750809,3.55621073659552
100,"contam","null",13,"mm_199",500,0,0,NA,0.038,0.006,0.102607624278973,0.00178059697167053,3.55621073659552
100,"contam","null",13,"pvw_999",500,0,0,NA,0.03,0.006,0.0372150067715974,0.00597997490173171,3.55621073659552
100,"contam","null",13,"pvt_999",500,0,0,NA,0.032,0.006,0.0380917671710121,0.00395290062261474,3.55621073659552
100,"contam","null",13,"mm_999",500,0,0,NA,0.032,0.006,0.0651980721929362,0.00414065886613821,3.55621073659552
100,"contam","null",14,"ols",500,0,0,NA,0.036,0.008,0.0246075550320418,0.00250085578858997,3.44886579848643
100,"contam","null",14,"modt",500,0,0,NA,0.038,0.006,0.0221087563266903,0.00308123811594059,3.44886579848643
100,"contam","null",14,"fl_199",500,0,0,NA,0.034,0.002,0.036,0.005,3.44886579848643
100,"contam","null",14,"fl_999",500,0,0,NA,0.044,0.008,0.0309999999999999,0.003,3.44886579848643
100,"contam","null",14,"fl_9999",500,0,0,NA,0.036,0.01,0.0259999999999999,0.0015,3.44886579848643
100,"contam","null",14,"pvw_199",500,0,0,NA,0.046,0.006,0.0294723531269285,0.00281627212800958,3.44886579848643
100,"contam","null",14,"pvt_199",500,0,0,NA,0.052,0.012,0.0328823842141716,0.00187225309374255,3.44886579848643
100,"contam","null",14,"mm_199",500,0,0,NA,0.054,0.006,0.099261731880485,0.00203618262704176,3.44886579848643
100,"contam","null",14,"pvw_999",500,0,0,NA,0.04,0.008,0.0198203126513019,0.00247936388107011,3.44886579848643
100,"contam","null",14,"pvt_999",500,0,0,NA,0.052,0.01,0.0222979529847418,0.00140634737301483,3.44886579848643
100,"contam","null",14,"mm_999",500,0,0,NA,0.042,0.008,0.0600000000000001,0.00160881336681829,3.44886579848643
100,"contam","null",15,"ols",500,0,0,NA,0.048,0.008,0.025273076499043,0.00196126902544725,3.09078914001764
100,"contam","null",15,"modt",500,0,0,NA,0.048,0.008,0.024299273406805,0.00176912965641216,3.09078914001764
100,"contam","null",15,"fl_199",500,0,0,NA,0.038,0.008,0.039,0.005,3.09078914001764
100,"contam","null",15,"fl_999",500,0,0,NA,0.05,0.008,0.03,0.001,3.09078914001764
100,"contam","null",15,"fl_9999",500,0,0,NA,0.048,0.008,0.0315,0.0014,3.09078914001764
100,"contam","null",15,"pvw_199",500,0,0,NA,0.046,0.008,0.0212905798690552,0.00291276928677688,3.09078914001764
100,"contam","null",15,"pvt_199",500,0,0,NA,0.056,0.008,0.0202448024342589,0.00102869926935026,3.09078914001764
100,"contam","null",15,"mm_199",500,0,0,NA,0.046,0.008,0.106259019599411,0.000398303534290514,3.09078914001764
100,"contam","null",15,"pvw_999",500,0,0,NA,0.05,0.008,0.0229438410845528,0.00222394037022793,3.09078914001764
100,"contam","null",15,"pvt_999",500,0,0,NA,0.052,0.008,0.022942793369644,0.00133100874906309,3.09078914001764
100,"contam","null",15,"mm_999",500,0,0,NA,0.05,0.008,0.0819380236937702,0.000856574074201097,3.09078914001764
100,"contam","null",16,"ols",500,0,0,NA,0.05,0.006,0.0302848932860287,0.00303458269974359,3.30102651808326
100,"contam","null",16,"modt",500,0,0,NA,0.048,0.006,0.0303404860009739,0.0033925422544306,3.30102651808326
100,"contam","null",16,"fl_199",500,0,0,NA,0.048,0.004,0.033,0.005,3.30102651808326
100,"contam","null",16,"fl_999",500,0,0,NA,0.048,0.008,0.03,0.007,3.30102651808326
100,"contam","null",16,"fl_9999",500,0,0,NA,0.048,0.008,0.0349,0.0037,3.30102651808326
100,"contam","null",16,"pvw_199",500,0,0,NA,0.056,0.008,0.0295971326599389,0.00496304619059575,3.30102651808326
100,"contam","null",16,"pvt_199",500,0,0,NA,0.058,0.008,0.0313005790784596,0.00408518096478703,3.30102651808326
100,"contam","null",16,"mm_199",500,0,0,NA,0.058,0.012,0.0895032689520314,0.0014969187932917,3.30102651808326
100,"contam","null",16,"pvw_999",500,0,0,NA,0.048,0.008,0.0253500342068136,0.00415704863457512,3.30102651808326
100,"contam","null",16,"pvt_999",500,0,0,NA,0.054,0.014,0.0254164022277021,0.00240672752598814,3.30102651808326
100,"contam","null",16,"mm_999",500,0,0,NA,0.048,0.012,0.052,0.00504324673750181,3.30102651808326
100,"contam","null",17,"ols",500,0,0,NA,0.054,0.012,0.0392129246375696,0.00233831514252474,3.34948925856359
100,"contam","null",17,"modt",500,0,0,NA,0.052,0.008,0.039099931717542,0.00241923017618938,3.34948925856359
100,"contam","null",17,"fl_199",500,0,0,NA,0.048,0.006,0.032,0.005,3.34948925856359
100,"contam","null",17,"fl_999",500,0,0,NA,0.05,0.006,0.038,0.002,3.34948925856359
100,"contam","null",17,"fl_9999",500,0,0,NA,0.056,0.012,0.0354,0.0017,3.34948925856359
100,"contam","null",17,"pvw_199",500,0,0,NA,0.056,0.012,0.0415722073071345,0.00203677910573593,3.34948925856359
100,"contam","null",17,"pvt_199",500,0,0,NA,0.06,0.014,0.042458004806831,0.00119565287481803,3.34948925856359
100,"contam","null",17,"mm_199",500,0,0,NA,0.056,0.014,0.109001805781998,0.0013303778001292,3.34948925856359
100,"contam","null",17,"pvw_999",500,0,0,NA,0.054,0.008,0.0438997991720198,0.00274169937683479,3.34948925856359
100,"contam","null",17,"pvt_999",500,0,0,NA,0.06,0.014,0.0436530345263084,0.00176689292450232,3.34948925856359
100,"contam","null",17,"mm_999",500,0,0,NA,0.054,0.01,0.0839467559839298,0.0014914179900025,3.34948925856359
100,"contam","null",18,"ols",500,0,0,NA,0.042,0.008,0.0434240021997984,0.000905719334872738,3.37822152860342
100,"contam","null",18,"modt",500,0,0,NA,0.044,0.008,0.0444032472139321,0.000966673813803673,3.37822152860342
100,"contam","null",18,"fl_199",500,0,0,NA,0.04,0.008,0.045,0.005,3.37822152860342
100,"contam","null",18,"fl_999",500,0,0,NA,0.044,0.01,0.033,0.003,3.37822152860342
100,"contam","null",18,"fl_9999",500,0,0,NA,0.046,0.008,0.037,0.0011,3.37822152860342
100,"contam","null",18,"pvw_199",500,0,0,NA,0.04,0.008,0.0437112381446539,0.000176839739245491,3.37822152860342
100,"contam","null",18,"pvt_199",500,0,0,NA,0.046,0.008,0.0442419386162483,0.000133876859922166,3.37822152860342
100,"contam","null",18,"mm_199",500,1,1,NA,0.048,0.014,0.102118368512065,5.50634365678916e-05,3.37822152860342
100,"contam","null",18,"pvw_999",500,0,0,NA,0.046,0.006,0.0461917171124171,0.000995594233744304,3.37822152860342
100,"contam","null",18,"pvt_999",500,0,0,NA,0.052,0.01,0.0460246234023335,0.000639676917891388,3.37822152860342
100,"contam","null",18,"mm_999",500,0,0,NA,0.046,0.008,0.0750441165673154,0.00078730806110758,3.37822152860342
100,"contam","null",19,"ols",500,0,0,NA,0.052,0.01,0.033533087732636,0.0016780149081333,3.72916618606884
100,"contam","null",19,"modt",500,0,0,NA,0.052,0.012,0.0296070282079662,0.00162059352690045,3.72916618606884
100,"contam","null",19,"fl_199",500,0,0,NA,0.046,0.008,0.0249999999999999,0.005,3.72916618606884
100,"contam","null",19,"fl_999",500,0,0,NA,0.054,0.01,0.024,0.001,3.72916618606884
100,"contam","null",19,"fl_9999",500,0,0,NA,0.054,0.012,0.0252,0.0011,3.72916618606884
100,"contam","null",19,"pvw_199",500,0,0,NA,0.052,0.012,0.037298626308039,0.00161578255644752,3.72916618606884
100,"contam","null",19,"pvt_199",500,0,0,NA,0.058,0.012,0.043562577896599,0.000702154151943009,3.72916618606884
100,"contam","null",19,"mm_199",500,0,0,NA,0.052,0.012,0.0955749926799145,0.000761841102110408,3.72916618606884
100,"contam","null",19,"pvw_999",500,0,0,NA,0.054,0.012,0.0340841180214748,0.00211689229182269,3.72916618606884
100,"contam","null",19,"pvt_999",500,0,0,NA,0.058,0.014,0.0339331937771897,0.00108734986683225,3.72916618606884
100,"contam","null",19,"mm_999",500,0,0,NA,0.054,0.012,0.0728653913900263,0.00129109490888994,3.72916618606884
100,"contam","null",20,"ols",500,0,0,NA,0.048,0.006,0.0301491249192907,0.00243829258476523,3.47074716448547
100,"contam","null",20,"modt",500,0,0,NA,0.048,0.006,0.0297684911272722,0.00224662316345507,3.47074716448547
100,"contam","null",20,"fl_199",500,0,0,NA,0.042,0,0.032,0.01,3.47074716448547
100,"contam","null",20,"fl_999",500,0,0,NA,0.046,0.008,0.032,0.006,3.47074716448547
100,"contam","null",20,"fl_9999",500,0,0,NA,0.048,0.008,0.0326,0.0025,3.47074716448547
100,"contam","null",20,"pvw_199",500,0,0,NA,0.046,0.006,0.0244474425435101,0.00166600498666132,3.47074716448547
100,"contam","null",20,"pvt_199",500,0,0,NA,0.046,0.012,0.0242846919721453,0.000538626631983955,3.47074716448547
100,"contam","null",20,"mm_199",500,0,0,NA,0.046,0.012,0.092395555915178,0.00653517231628715,3.47074716448547
100,"contam","null",20,"pvw_999",500,0,0,NA,0.048,0.006,0.026167723092005,0.00306983129395003,3.47074716448547
100,"contam","null",20,"pvt_999",500,0,0,NA,0.05,0.006,0.0257870471518546,0.0015342732379244,3.47074716448547
100,"contam","null",20,"mm_999",500,0,0,NA,0.052,0.008,0.0738121557481333,0.00402044992167816,3.47074716448547
10,"skew","null",1,"ols",500,0,0,NA,0.042,0.002,0.0518475601862367,0.00967239387089234,3.05592211253642
10,"skew","null",1,"modt",500,0,0,NA,0.036,0.006,0.0523882674440194,0.00352900224320064,3.05592211253642
10,"skew","null",1,"fl_199",500,0,0,NA,0.038,0,0.0549999999999999,0.015,3.05592211253642
10,"skew","null",1,"fl_999",500,0,0,NA,0.046,0.002,0.0429999999999999,0.009,3.05592211253642
10,"skew","null",1,"fl_9999",500,0,0,NA,0.044,0.002,0.0457,0.0076,3.05592211253642
10,"skew","null",1,"pvw_199",500,0,0,NA,0.04,0,0.119826782638748,0.0219358058829896,3.05592211253642
10,"skew","null",1,"pvt_199",500,1,3,NA,0.122,0.048,0.139309483180799,4.49754333581804e-05,3.05592211253642
10,"skew","null",1,"mm_199",500,0,0,NA,0.042,0,0.174,0.0115407260415215,3.05592211253642
10,"skew","null",1,"pvw_999",500,0,0,NA,0.044,0,0.117482526592975,0.0177554786455341,3.05592211253642
10,"skew","null",1,"pvt_999",500,1,3,NA,0.12,0.046,0.140100113659118,3.84381737299536e-05,3.05592211253642
10,"skew","null",1,"mm_999",500,0,0,NA,0.052,0,0.342,0.0105579491046734,3.05592211253642
10,"skew","null",2,"ols",500,0,0,NA,0.048,0.01,0.0465916778866412,0.000129948978833517,3.2732505597696
10,"skew","null",2,"modt",500,0,0,NA,0.064,0.002,0.0451347507555921,0.00358242043451324,3.2732505597696
10,"skew","null",2,"fl_199",500,0,0,NA,0.05,0.008,0.045,0.005,3.2732505597696
10,"skew","null",2,"fl_999",500,0,0,NA,0.054,0.01,0.043,0.001,3.2732505597696
10,"skew","null",2,"fl_9999",500,0,0,NA,0.05,0.01,0.0455,2e-04,3.2732505597696
10,"skew","null",2,"pvw_199",500,0,0,NA,0.068,0.006,0.116117457817992,0.00392291315426317,3.2732505597696
10,"skew","null",2,"pvt_199",500,1,19,NA,0.146,0.056,0.14004466890286,1.91463474768046e-19,3.2732505597696
10,"skew","null",2,"mm_199",500,1,3,NA,0.062,0.022,0.18,5.44885003870141e-08,3.2732505597696
10,"skew","null",2,"pvw_999",500,0,0,NA,0.058,0.006,0.109213921748734,0.00529520610071451,3.2732505597696
10,"skew","null",2,"pvt_999",500,1,18,NA,0.148,0.056,0.136552317901473,5.37910456136069e-18,3.2732505597696
10,"skew","null",2,"mm_999",500,1,2,NA,0.058,0.012,0.36,1.06620896678154e-06,3.2732505597696
10,"skew","null",3,"ols",500,1,1,NA,0.068,0.014,0.045191790516545,7.41071714584477e-05,3.15461827097856
10,"skew","null",3,"modt",500,1,1,NA,0.074,0.012,0.0426477711397538,6.48011216675544e-05,3.15461827097856
10,"skew","null",3,"fl_199",500,0,0,NA,0.054,0.006,0.04,0.005,3.15461827097856
10,"skew","null",3,"fl_999",500,0,0,NA,0.062,0.014,0.04,0.001,3.15461827097856
10,"skew","null",3,"fl_9999",500,1,1,NA,0.066,0.014,0.0431,1e-04,3.15461827097856
10,"skew","null",3,"pvw_199",500,0,0,NA,0.07,0.004,0.06237212702882,0.00449724232200148,3.15461827097856
10,"skew","null",3,"pvt_199",500,1,25,NA,0.136,0.072,0.093666958820743,2.96041190608975e-22,3.15461827097856
10,"skew","null",3,"mm_199",500,1,2,NA,0.058,0.012,0.238,6.58337752566089e-11,3.15461827097856
10,"skew","null",3,"pvw_999",500,0,0,NA,0.068,0.006,0.0589288486061715,0.00531433684012715,3.15461827097856
10,"skew","null",3,"pvt_999",500,1,22,NA,0.134,0.07,0.0956591073744812,3.37217530788132e-21,3.15461827097856
10,"skew","null",3,"mm_999",500,1,1,NA,0.072,0.012,0.43,9.06599654933336e-06,3.15461827097856
10,"skew","null",4,"ols",500,0,0,NA,0.054,0.01,0.0244106927486012,0.00252255623456284,3.30248639050114
10,"skew","null",4,"modt",500,0,0,NA,0.064,0.014,0.0238633644354033,0.0023385299433132,3.30248639050114
10,"skew","null",4,"fl_199",500,0,0,NA,0.042,0.002,0.029,0.005,3.30248639050114
10,"skew","null",4,"fl_999",500,0,0,NA,0.06,0.008,0.025,0.005,3.30248639050114
10,"skew","null",4,"fl_9999",500,0,0,NA,0.06,0.008,0.0257,0.0027,3.30248639050114
10,"skew","null",4,"pvw_199",500,0,0,NA,0.058,0,0.0860215321277044,0.0117394365880051,3.30248639050114
10,"skew","null",4,"pvt_199",500,1,10,NA,0.152,0.072,0.130589776435893,3.4770885257526e-08,3.30248639050114
10,"skew","null",4,"mm_199",500,0,0,NA,0.044,0.004,0.196,0.000843380239564963,3.30248639050114
10,"skew","null",4,"pvw_999",500,0,0,NA,0.072,0,0.0852428098306823,0.0102128345597354,3.30248639050114
10,"skew","null",4,"pvt_999",500,1,10,NA,0.144,0.072,0.12193743017345,1.7341018084309e-07,3.30248639050114
10,"skew","null",4,"mm_999",500,0,0,NA,0.07,0.008,0.394,0.00551045276284041,3.30248639050114
10,"skew","null",5,"ols",500,0,0,NA,0.054,0.004,0.0486910546254615,0.00398021229605958,3.1621867011216
10,"skew","null",5,"modt",500,0,0,NA,0.054,0.014,0.0542010707772067,0.00385994693661124,3.1621867011216
10,"skew","null",5,"fl_199",500,0,0,NA,0.04,0.002,0.043,0.005,3.1621867011216
10,"skew","null",5,"fl_999",500,0,0,NA,0.054,0.008,0.048,0.003,3.1621867011216
10,"skew","null",5,"fl_9999",500,0,0,NA,0.056,0.008,0.0498,0.0024,3.1621867011216
10,"skew","null",5,"pvw_199",500,0,0,NA,0.06,0,0.116874697320823,0.0109112775529821,3.1621867011216
10,"skew","null",5,"pvt_199",500,1,9,NA,0.15,0.062,0.149839303688214,2.90271859738141e-06,3.1621867011216
10,"skew","null",5,"mm_199",500,0,0,NA,0.05,0.004,0.194,0.000140366156662484,3.1621867011216
10,"skew","null",5,"pvw_999",500,0,0,NA,0.062,0,0.111800077139828,0.0109113816909883,3.1621867011216
10,"skew","null",5,"pvt_999",500,1,8,NA,0.154,0.058,0.144314496063039,1.22586348661989e-06,3.1621867011216
10,"skew","null",5,"mm_999",500,0,0,NA,0.06,0.004,0.356,0.00165475560183465,3.1621867011216
10,"skew","null",6,"ols",500,0,0,NA,0.04,0.004,0.0219711531082078,0.0081224694362353,3.27076298974125
10,"skew","null",6,"modt",500,0,0,NA,0.05,0,0.0273766020171008,0.0107540704179783,3.27076298974125
10,"skew","null",6,"fl_199",500,0,0,NA,0.036,0.002,0.035,0.005,3.27076298974125
10,"skew","null",6,"fl_999",500,0,0,NA,0.04,0.002,0.031,0.002,3.27076298974125
10,"skew","null",6,"fl_9999",500,0,0,NA,0.042,0.002,0.0303,0.0019,3.27076298974125
10,"skew","null",6,"pvw_199",500,0,0,NA,0.044,0,0.0779419416271148,0.0170618855776001,3.27076298974125
10,"skew","null",6,"pvt_199",500,1,2,NA,0.118,0.042,0.105132846031041,6.39517010875187e-05,3.27076298974125
10,"skew","null",6,"mm_199",500,0,0,NA,0.038,0.006,0.224,0.000496127816361468,3.27076298974125
10,"skew","null",6,"pvw_999",500,0,0,NA,0.044,0,0.0822950645430557,0.0126776203461228,3.27076298974125
10,"skew","null",6,"pvt_999",500,1,2,NA,0.116,0.044,0.103414633545911,3.5245290997811e-05,3.27076298974125
10,"skew","null",6,"mm_999",500,0,0,NA,0.044,0.002,0.362,0.00151554913338137,3.27076298974125
10,"skew","null",7,"ols",500,0,0,NA,0.048,0.006,0.0269546102532444,0.000630268503512215,3.32699187744964
10,"skew","null",7,"modt",500,0,0,NA,0.052,0.006,0.0261693537559625,0.000530191589729385,3.32699187744964
10,"skew","null",7,"fl_199",500,0,0,NA,0.046,0.004,0.0289999999999999,0.005,3.32699187744964
10,"skew","null",7,"fl_999",500,0,0,NA,0.054,0.006,0.033,0.001,3.32699187744964
10,"skew","null",7,"fl_9999",500,0,0,NA,0.052,0.008,0.0339,3e-04,3.32699187744964
10,"skew","null",7,"pvw_199",500,0,0,NA,0.062,0.004,0.0744636616188193,0.00434636365094913,3.32699187744964
10,"skew","null",7,"pvt_199",500,1,11,NA,0.126,0.062,0.106904377720764,4.34197275097096e-11,3.32699187744964
10,"skew","null",7,"mm_199",500,1,1,NA,0.048,0.012,0.216,2.30368327096139e-05,3.32699187744964
10,"skew","null",7,"pvw_999",500,0,0,NA,0.058,0.002,0.074625245878814,0.00437183750549058,3.32699187744964
10,"skew","null",7,"pvt_999",500,1,11,NA,0.128,0.062,0.104814218021496,3.2838094443726e-11,3.32699187744964
10,"skew","null",7,"mm_999",500,1,1,NA,0.058,0.004,0.36,8.80037241011343e-05,3.32699187744964
10,"skew","null",8,"ols",500,0,0,NA,0.05,0.008,0.0660712446790765,0.0032512193615209,3.35206191928717
10,"skew","null",8,"modt",500,0,0,NA,0.054,0.012,0.0665423864287907,0.00257227476725298,3.35206191928717
10,"skew","null",8,"fl_199",500,0,0,NA,0.04,0.004,0.0630000000000001,0.005,3.35206191928717
10,"skew","null",8,"fl_999",500,0,0,NA,0.046,0.01,0.0630000000000001,0.001,3.35206191928717
10,"skew","null",8,"fl_9999",500,0,0,NA,0.052,0.012,0.0667,2e-04,3.35206191928717
10,"skew","null",8,"pvw_199",500,0,0,NA,0.06,0,0.111393278261449,0.0102487429868621,3.35206191928717
10,"skew","null",8,"pvt_199",500,1,15,NA,0.124,0.066,0.123002372633467,6.08626369890499e-07,3.35206191928717
10,"skew","null",8,"mm_199",500,1,1,NA,0.044,0.006,0.176,5.19686020028114e-05,3.35206191928717
10,"skew","null",8,"pvw_999",500,0,0,NA,0.062,0,0.11477087791888,0.0102445555301882,3.35206191928717
10,"skew","null",8,"pvt_999",500,1,15,NA,0.124,0.06,0.121598999005668,4.07025042611085e-07,3.35206191928717
10,"skew","null",8,"mm_999",500,0,0,NA,0.056,0.008,0.294,0.000164818122272176,3.35206191928717
10,"skew","null",9,"ols",500,0,0,NA,0.074,0.014,0.0819389231773484,0.00213529665814862,3.34202262285573
10,"skew","null",9,"modt",500,0,0,NA,0.076,0.022,0.0790628122927521,0.000867772964410081,3.34202262285573
10,"skew","null",9,"fl_199",500,0,0,NA,0.056,0,0.079,0.01,3.34202262285573
10,"skew","null",9,"fl_999",500,0,0,NA,0.062,0.002,0.073,0.009,3.34202262285573
10,"skew","null",9,"fl_9999",500,0,0,NA,0.068,0.012,0.0769,0.0064,3.34202262285573
10,"skew","null",9,"pvw_199",500,0,0,NA,0.094,0.008,0.139835599588859,0.00567902816882127,3.34202262285573
10,"skew","null",9,"pvt_199",500,1,22,NA,0.174,0.084,0.173417725225249,1.3229001379896e-07,3.34202262285573
10,"skew","null",9,"mm_199",500,0,0,NA,0.078,0.012,0.152,0.00323808191158204,3.34202262285573
10,"skew","null",9,"pvw_999",500,0,0,NA,0.08,0.004,0.136051949053725,0.00968632507840764,3.34202262285573
10,"skew","null",9,"pvt_999",500,1,18,NA,0.18,0.086,0.174969460567133,8.89597987190597e-08,3.34202262285573
10,"skew","null",9,"mm_999",500,0,0,NA,0.064,0.008,0.258,0.00432670318115318,3.34202262285573
10,"skew","null",10,"ols",500,0,0,NA,0.032,0.006,0.0403658925018312,0.00167774848676636,2.99957072428841
10,"skew","null",10,"modt",500,0,0,NA,0.042,0.01,0.0396574824523516,0.00260857087853146,2.99957072428841
10,"skew","null",10,"fl_199",500,0,0,NA,0.036,0.006,0.0339999999999999,0.005,2.99957072428841
10,"skew","null",10,"fl_999",500,0,0,NA,0.04,0.006,0.031,0.001,2.99957072428841
10,"skew","null",10,"fl_9999",500,0,0,NA,0.038,0.008,0.0299,0.002,2.99957072428841
10,"skew","null",10,"pvw_199",500,0,0,NA,0.044,0.006,0.106661544496721,0.00559942794772774,2.99957072428841
10,"skew","null",10,"pvt_199",500,1,9,NA,0.112,0.038,0.131474418533758,1.16581413520989e-07,2.99957072428841
10,"skew","null",10,"mm_199",500,0,0,NA,0.046,0.012,0.178,0.000176213264494874,2.99957072428841
10,"skew","null",10,"pvw_999",500,0,0,NA,0.04,0.002,0.100061639190217,0.00818290291721145,2.99957072428841
10,"skew","null",10,"pvt_999",500,1,6,NA,0.11,0.038,0.117187732035781,9.6126004575086e-08,2.99957072428841
10,"skew","null",10,"mm_999",500,0,0,NA,0.04,0.008,0.316,0.000275891577113801,2.99957072428841
10,"skew","null",11,"ols",500,0,0,NA,0.042,0.012,0.0533702143342267,0.00244265736171493,3.14756224317993
10,"skew","null",11,"modt",500,0,0,NA,0.038,0.016,0.051480748252463,0.000672922483729772,3.14756224317993
10,"skew","null",11,"fl_199",500,0,0,NA,0.044,0,0.0249999999999999,0.01,3.14756224317993
10,"skew","null",11,"fl_999",500,0,0,NA,0.044,0.008,0.027,0.005,3.14756224317993
10,"skew","null",11,"fl_9999",500,0,0,NA,0.046,0.004,0.0277999999999999,0.0077,3.14756224317993
10,"skew","null",11,"pvw_199",500,0,0,NA,0.048,0,0.112059369961075,0.0113190956603532,3.14756224317993
10,"skew","null",11,"pvt_199",500,1,11,NA,0.118,0.052,0.131702110210199,4.71860026882952e-07,3.14756224317993
10,"skew","null",11,"mm_199",500,0,0,NA,0.052,0.012,0.132,0.00441644610997045,3.14756224317993
10,"skew","null",11,"pvw_999",500,0,0,NA,0.044,0,0.119444387906178,0.0113505610844959,3.14756224317993
10,"skew","null",11,"pvt_999",500,1,14,NA,0.122,0.048,0.132260067011615,1.49925440112649e-07,3.14756224317993
10,"skew","null",11,"mm_999",500,0,0,NA,0.048,0.008,0.238,0.00208574955294114,3.14756224317993
10,"skew","null",12,"ols",500,0,0,NA,0.056,0.008,0.0263012898520916,0.00112253589087367,3.45537729754818
10,"skew","null",12,"modt",500,0,0,NA,0.06,0.01,0.0258566708101765,0.00106130881005616,3.45537729754818
10,"skew","null",12,"fl_199",500,0,0,NA,0.056,0.002,0.025,0.005,3.45537729754818
10,"skew","null",12,"fl_999",500,0,0,NA,0.056,0.014,0.026,0.001,3.45537729754818
10,"skew","null",12,"fl_9999",500,0,0,NA,0.058,0.012,0.0226,0.0016,3.45537729754818
10,"skew","null",12,"pvw_199",500,0,0,NA,0.056,0.006,0.0915444243198543,0.00656178730710333,3.45537729754818
10,"skew","null",12,"pvt_199",500,1,14,NA,0.134,0.058,0.120984243237728,1.1013458537232e-09,3.45537729754818
10,"skew","null",12,"mm_199",500,0,0,NA,0.06,0.016,0.17,0.000430255452810746,3.45537729754818
10,"skew","null",12,"pvw_999",500,0,0,NA,0.062,0.008,0.094452255611518,0.00604595541660753,3.45537729754818
10,"skew","null",12,"pvt_999",500,1,13,NA,0.128,0.064,0.121384154805394,1.07036639745635e-09,3.45537729754818
10,"skew","null",12,"mm_999",500,1,1,NA,0.068,0.016,0.354,8.48772476512656e-05,3.45537729754818
10,"skew","null",13,"ols",500,0,0,NA,0.062,0.02,0.0343957286335852,0.00128434691490577,3.18728039226166
10,"skew","null",13,"modt",500,0,0,NA,0.06,0.022,0.0379198922757903,0.000633583642932821,3.18728039226166
10,"skew","null",13,"fl_199",500,0,0,NA,0.066,0.008,0.0469999999999999,0.005,3.18728039226166
10,"skew","null",13,"fl_999",500,0,0,NA,0.062,0.012,0.044,0.006,3.18728039226166
10,"skew","null",13,"fl_9999",500,0,0,NA,0.066,0.02,0.0442999999999999,0.0034,3.18728039226166
10,"skew","null",13,"pvw_199",500,0,0,NA,0.078,0.012,0.0660209071113032,0.00428112556937152,3.18728039226166
10,"skew","null",13,"pvt_199",500,1,18,NA,0.128,0.068,0.098058675501885,1.07017953082774e-09,3.18728039226166
10,"skew","null",13,"mm_199",500,0,0,NA,0.058,0.022,0.176,0.00086241275610503,3.18728039226166
10,"skew","null",13,"pvw_999",500,0,0,NA,0.06,0.002,0.0621536055439966,0.00909003723378589,3.18728039226166
10,"skew","null",13,"pvt_999",500,1,16,NA,0.13,0.072,0.0973717930627666,3.33958597357238e-09,3.18728039226166
10,"skew","null",13,"mm_999",500,0,0,NA,0.058,0.016,0.318,0.00344771171632268,3.18728039226166
10,"skew","null",14,"ols",500,0,0,NA,0.052,0.018,0.0383265079704379,0.000293404408212401,3.09012871437014
10,"skew","null",14,"modt",500,1,1,NA,0.056,0.018,0.0312528916322566,2.31344150365686e-05,3.09012871437014
10,"skew","null",14,"fl_199",500,0,0,NA,0.054,0.008,0.027,0.005,3.09012871437014
10,"skew","null",14,"fl_999",500,0,0,NA,0.052,0.014,0.035,0.001,3.09012871437014
10,"skew","null",14,"fl_9999",500,0,0,NA,0.052,0.014,0.0338999999999999,2e-04,3.09012871437014
10,"skew","null",14,"pvw_199",500,0,0,NA,0.068,0.014,0.0967161650603562,0.00279437993664041,3.09012871437014
10,"skew","null",14,"pvt_199",500,1,16,NA,0.12,0.056,0.111929951547784,4.56817894884205e-14,3.09012871437014
10,"skew","null",14,"mm_199",500,1,4,NA,0.056,0.022,0.22,9.90998571266622e-06,3.09012871437014
10,"skew","null",14,"pvw_999",500,0,0,NA,0.062,0.008,0.0944281272886923,0.00572341216202156,3.09012871437014
10,"skew","null",14,"pvt_999",500,1,18,NA,0.116,0.056,0.110782000159826,2.75290768608885e-14,3.09012871437014
10,"skew","null",14,"mm_999",500,1,3,NA,0.058,0.014,0.392,2.23934176998015e-06,3.09012871437014
10,"skew","null",15,"ols",500,1,1,NA,0.028,0.008,0.0450970514354617,2.7957291714053e-06,2.99024594243252
10,"skew","null",15,"modt",500,1,1,NA,0.042,0.004,0.0426804053042718,3.74733328071035e-06,2.99024594243252
10,"skew","null",15,"fl_199",500,0,0,NA,0.028,0.01,0.039,0.005,2.99024594243252
10,"skew","null",15,"fl_999",500,0,0,NA,0.028,0.008,0.0359999999999999,0.002,2.99024594243252
10,"skew","null",15,"fl_9999",500,0,0,NA,0.036,0.006,0.0397000000000001,5e-04,2.99024594243252
10,"skew","null",15,"pvw_199",500,0,0,NA,0.036,0.01,0.10961816091567,0.00263985598344682,2.99024594243252
10,"skew","null",15,"pvt_199",500,1,5,NA,0.11,0.034,0.119497569401123,5.63301094679663e-67,2.99024594243252
10,"skew","null",15,"mm_199",500,1,4,NA,0.034,0.01,0.194,1.28720211005583e-53,2.99024594243252
10,"skew","null",15,"pvw_999",500,0,0,NA,0.034,0.004,0.105331508909048,0.00343564332632638,2.99024594243252
10,"skew","null",15,"pvt_999",500,1,5,NA,0.102,0.03,0.116436418979727,1.15385380153774e-54,2.99024594243252
10,"skew","null",15,"mm_999",500,0,0,NA,0.036,0.008,0.286,0.000809971109179983,2.99024594243252
10,"skew","null",16,"ols",500,0,0,NA,0.04,0.006,0.0384224724470348,0.000959149794043561,3.26562683227735
10,"skew","null",16,"modt",500,0,0,NA,0.046,0.012,0.0319390402134627,0.000168017350016237,3.26562683227735
10,"skew","null",16,"fl_199",500,0,0,NA,0.04,0.008,0.038,0.005,3.26562683227735
10,"skew","null",16,"fl_999",500,0,0,NA,0.04,0.008,0.038,0.001,3.26562683227735
10,"skew","null",16,"fl_9999",500,0,0,NA,0.042,0.008,0.0414,9e-04,3.26562683227735
10,"skew","null",16,"pvw_199",500,0,0,NA,0.056,0.006,0.0786438477309362,0.00527460011393888,3.26562683227735
10,"skew","null",16,"pvt_199",500,1,12,NA,0.122,0.048,0.101075611438323,3.63792208315149e-10,3.26562683227735
10,"skew","null",16,"mm_199",500,1,3,NA,0.042,0.014,0.184,1.5395099711925e-06,3.26562683227735
10,"skew","null",16,"pvw_999",500,0,0,NA,0.042,0.006,0.0700084954457926,0.00812352587473704,3.26562683227735
10,"skew","null",16,"pvt_999",500,1,12,NA,0.12,0.046,0.0979093767997204,1.80546707074176e-10,3.26562683227735
10,"skew","null",16,"mm_999",500,0,0,NA,0.044,0.008,0.358,0.000250278235120105,3.26562683227735
10,"skew","null",17,"ols",500,0,0,NA,0.046,0.002,0.0722674719833676,0.00726288615865575,3.04410617947296
10,"skew","null",17,"modt",500,0,0,NA,0.04,0.006,0.0677286760048825,0.0032854433032713,3.04410617947296
10,"skew","null",17,"fl_199",500,0,0,NA,0.042,0.006,0.048,0.005,3.04410617947296
10,"skew","null",17,"fl_999",500,0,0,NA,0.038,0.008,0.056,0.002,3.04410617947296
10,"skew","null",17,"fl_9999",500,0,0,NA,0.038,0.008,0.0547000000000001,0.0049,3.04410617947296
10,"skew","null",17,"pvw_199",500,0,0,NA,0.05,0.002,0.129774442410963,0.00801894910633371,3.04410617947296
10,"skew","null",17,"pvt_199",500,1,3,NA,0.114,0.046,0.139546838741038,4.77538552452439e-05,3.04410617947296
10,"skew","null",17,"mm_199",500,0,0,NA,0.04,0.01,0.164,0.000920321007913397,3.04410617947296
10,"skew","null",17,"pvw_999",500,0,0,NA,0.046,0,0.129793913971902,0.015482238033401,3.04410617947296
10,"skew","null",17,"pvt_999",500,1,4,NA,0.124,0.048,0.14085020458242,2.45856315076783e-05,3.04410617947296
10,"skew","null",17,"mm_999",500,0,0,NA,0.052,0.008,0.284,0.00173976859326162,3.04410617947296
10,"skew","null",18,"ols",500,0,0,NA,0.062,0.016,0.0418794316538498,0.000427483944035699,3.33679696699925
10,"skew","null",18,"modt",500,0,0,NA,0.066,0.014,0.0434626163202667,0.0006346706207567,3.33679696699925
10,"skew","null",18,"fl_199",500,0,0,NA,0.05,0.004,0.0489999999999999,0.005,3.33679696699925
10,"skew","null",18,"fl_999",500,0,0,NA,0.058,0.012,0.0409999999999999,0.001,3.33679696699925
10,"skew","null",18,"fl_9999",500,0,0,NA,0.058,0.012,0.0399,0.001,3.33679696699925
10,"skew","null",18,"pvw_199",500,0,0,NA,0.066,0.002,0.0662699121652751,0.0077659392410999,3.33679696699925
10,"skew","null",18,"pvt_199",500,1,21,NA,0.13,0.068,0.0940623103906541,1.34102014388368e-12,3.33679696699925
10,"skew","null",18,"mm_199",500,1,1,NA,0.054,0.01,0.218,6.09998764257859e-07,3.33679696699925
10,"skew","null",18,"pvw_999",500,0,0,NA,0.07,0.008,0.0690567346997257,0.00571473331534618,3.33679696699925
10,"skew","null",18,"pvt_999",500,1,19,NA,0.128,0.072,0.099903745415395,1.57014346491983e-12,3.33679696699925
10,"skew","null",18,"mm_999",500,1,1,NA,0.074,0.014,0.402,1.18096520643736e-05,3.33679696699925
10,"skew","null",19,"ols",500,0,0,NA,0.054,0.02,0.0614709543938899,0.000996072435880803,3.59796698542643
10,"skew","null",19,"modt",500,0,0,NA,0.06,0.014,0.0582346500488703,0.000278742693506254,3.59796698542643
10,"skew","null",19,"fl_199",500,0,0,NA,0.034,0,0.0569999999999999,0.025,3.59796698542643
10,"skew","null",19,"fl_999",500,0,0,NA,0.04,0,0.0529999999999999,0.023,3.59796698542643
10,"skew","null",19,"fl_9999",500,0,0,NA,0.038,0,0.0548,0.0244,3.59796698542643
10,"skew","null",19,"pvw_199",500,0,0,NA,0.072,0.006,0.128098527026549,0.00709811000849306,3.59796698542643
10,"skew","null",19,"pvt_199",500,1,14,NA,0.158,0.074,0.149026612891634,6.64381091569786e-09,3.59796698542643
10,"skew","null",19,"mm_199",500,0,0,NA,0.062,0.01,0.12472932124866,0.0064067169012516,3.59796698542643
10,"skew","null",19,"pvw_999",500,0,0,NA,0.074,0.008,0.125510736065361,0.00704523569807459,3.59796698542643
10,"skew","null",19,"pvt_999",500,1,14,NA,0.158,0.068,0.144458212272602,3.45034250494402e-10,3.59796698542643
10,"skew","null",19,"mm_999",500,0,0,NA,0.052,0.016,0.17,0.0070460071165592,3.59796698542643
10,"skew","null",20,"ols",500,0,0,NA,0.052,0.006,0.0665768137509872,0.000546739052299124,3.03411423587796
10,"skew","null",20,"modt",500,0,0,NA,0.05,0.008,0.0760745985682815,0.00199389898444102,3.03411423587796
10,"skew","null",20,"fl_199",500,0,0,NA,0.06,0.008,0.065,0.005,3.03411423587796
10,"skew","null",20,"fl_999",500,0,0,NA,0.05,0.01,0.0600000000000001,0.002,3.03411423587796
10,"skew","null",20,"fl_9999",500,0,0,NA,0.054,0.01,0.0618,0.0028,3.03411423587796
10,"skew","null",20,"pvw_199",500,0,0,NA,0.072,0.006,0.130976729508349,0.00197825319272418,3.03411423587796
10,"skew","null",20,"pvt_199",500,1,3,NA,0.142,0.058,0.151468908042121,8.64803766357795e-12,3.03411423587796
10,"skew","null",20,"mm_199",500,1,2,NA,0.062,0.012,0.13,0.000138345110990106,3.03411423587796
10,"skew","null",20,"pvw_999",500,0,0,NA,0.06,0.002,0.135505424110114,0.00603194931507443,3.03411423587796
10,"skew","null",20,"pvt_999",500,1,3,NA,0.146,0.062,0.155436688826912,1.68702657090663e-11,3.03411423587796
10,"skew","null",20,"mm_999",500,0,0,NA,0.058,0.01,0.28,0.00114939014740893,3.03411423587796
20,"skew","null",1,"ols",500,1,2,NA,0.042,0.014,0.0231285957521745,1.12211007639233e-05,3.58036001348324
20,"skew","null",1,"modt",500,1,2,NA,0.042,0.016,0.0213943046102837,8.1975318694048e-06,3.58036001348324
20,"skew","null",1,"fl_199",500,0,0,NA,0.052,0.01,0.0279999999999999,0.005,3.58036001348324
20,"skew","null",1,"fl_999",500,0,0,NA,0.048,0.012,0.0309999999999999,0.001,3.58036001348324
20,"skew","null",1,"fl_9999",500,1,1,NA,0.042,0.016,0.0282,1e-04,3.58036001348324
20,"skew","null",1,"pvw_199",500,0,0,NA,0.052,0.012,0.0390357559740555,0.000181521577662498,3.58036001348324
20,"skew","null",1,"pvt_199",500,1,5,NA,0.08,0.036,0.0491412412493302,2.38458422462115e-11,3.58036001348324
20,"skew","null",1,"mm_199",500,1,3,NA,0.05,0.016,0.138,1.46601282448417e-11,3.58036001348324
20,"skew","null",1,"pvw_999",500,0,0,NA,0.05,0.014,0.0402331938364131,0.000296942889460723,3.58036001348324
20,"skew","null",1,"pvt_999",500,1,4,NA,0.08,0.028,0.0484362631097369,2.58636324246961e-11,3.58036001348324
20,"skew","null",1,"mm_999",500,1,1,NA,0.04,0.014,0.26,1.40810180964259e-07,3.58036001348324
20,"skew","null",2,"ols",500,0,0,NA,0.048,0.008,0.0336501493877515,0.0053366181654772,3.691537962371
20,"skew","null",2,"modt",500,0,0,NA,0.048,0.01,0.0303190894498959,0.0038731980638937,3.691537962371
20,"skew","null",2,"fl_199",500,0,0,NA,0.042,0.004,0.029,0.005,3.691537962371
20,"skew","null",2,"fl_999",500,0,0,NA,0.052,0.006,0.035,0.005,3.691537962371
20,"skew","null",2,"fl_9999",500,0,0,NA,0.048,0.008,0.0325000000000001,0.0049,3.691537962371
20,"skew","null",2,"pvw_199",500,0,0,NA,0.048,0.002,0.0519150118615742,0.00373102501738801,3.691537962371
20,"skew","null",2,"pvt_199",500,0,0,NA,0.074,0.034,0.0538866053623515,0.000584051334386858,3.691537962371
20,"skew","null",2,"mm_199",500,0,0,NA,0.042,0.01,0.108,0.00244702921209878,3.691537962371
20,"skew","null",2,"pvw_999",500,0,0,NA,0.05,0.004,0.0498311553838979,0.00788006533267181,3.691537962371
20,"skew","null",2,"pvt_999",500,0,0,NA,0.074,0.026,0.0503809935315641,0.000645767356900883,3.691537962371
20,"skew","null",2,"mm_999",500,0,0,NA,0.048,0.01,0.234,0.00605067661862236,3.691537962371
20,"skew","null",3,"ols",500,0,0,NA,0.038,0.004,0.0531418551306646,0.00517961890953573,3.54782143930898
20,"skew","null",3,"modt",500,0,0,NA,0.038,0.006,0.059422462602322,0.00238207730702251,3.54782143930898
20,"skew","null",3,"fl_199",500,0,0,NA,0.038,0.002,0.047,0.005,3.54782143930898
20,"skew","null",3,"fl_999",500,0,0,NA,0.042,0.006,0.055,0.007,3.54782143930898
20,"skew","null",3,"fl_9999",500,0,0,NA,0.046,0.006,0.0518,0.0049,3.54782143930898
20,"skew","null",3,"pvw_199",500,0,0,NA,0.044,0.004,0.0783749175767601,0.00602692895866649,3.54782143930898
20,"skew","null",3,"pvt_199",500,0,0,NA,0.078,0.02,0.0952811474775404,0.000515232599485719,3.54782143930898
20,"skew","null",3,"mm_199",500,0,0,NA,0.04,0.002,0.124,0.00240792197472016,3.54782143930898
20,"skew","null",3,"pvw_999",500,0,0,NA,0.046,0.002,0.0804946617308882,0.00698467082700414,3.54782143930898
20,"skew","null",3,"pvt_999",500,0,0,NA,0.084,0.018,0.0969107456613343,0.000646885283482729,3.54782143930898
20,"skew","null",3,"mm_999",500,0,0,NA,0.04,0.006,0.238,0.00601799359010876,3.54782143930898
20,"skew","null",4,"ols",500,0,0,NA,0.042,0.012,0.0284222834422042,0.00151380277471535,3.14346350068067
20,"skew","null",4,"modt",500,0,0,NA,0.042,0.008,0.0322423409009296,0.00140746600812284,3.14346350068067
20,"skew","null",4,"fl_199",500,0,0,NA,0.034,0.002,0.022,0.005,3.14346350068067
20,"skew","null",4,"fl_999",500,0,0,NA,0.04,0.01,0.026,0.002,3.14346350068067
20,"skew","null",4,"fl_9999",500,0,0,NA,0.044,0.012,0.0248,9e-04,3.14346350068067
20,"skew","null",4,"pvw_199",500,0,0,NA,0.044,0.004,0.049444029208025,0.00368063888811156,3.14346350068067
20,"skew","null",4,"pvt_199",500,1,2,NA,0.074,0.022,0.072548769780815,0.000126930185267466,3.14346350068067
20,"skew","null",4,"mm_199",500,0,0,NA,0.038,0.014,0.142,0.00063970171723237,3.14346350068067
20,"skew","null",4,"pvw_999",500,0,0,NA,0.044,0.006,0.0538121941091489,0.00210461431059805,3.14346350068067
20,"skew","null",4,"pvt_999",500,1,1,NA,0.08,0.024,0.068336350147408,3.67977581977106e-05,3.14346350068067
20,"skew","null",4,"mm_999",500,0,0,NA,0.042,0.006,0.208,0.000421317984142798,3.14346350068067
20,"skew","null",5,"ols",500,0,0,NA,0.06,0.008,0.0946055778105566,0.00119468602521184,3.57888664232448
20,"skew","null",5,"modt",500,0,0,NA,0.058,0.006,0.0872013463994699,0.00204258168595761,3.57888664232448
20,"skew","null",5,"fl_199",500,0,0,NA,0.048,0.008,0.088,0.005,3.57888664232448
20,"skew","null",5,"fl_999",500,0,0,NA,0.06,0.01,0.095,0.001,3.57888664232448
20,"skew","null",5,"fl_9999",500,0,0,NA,0.064,0.012,0.0911,0.0022,3.57888664232448
20,"skew","null",5,"pvw_199",500,0,0,NA,0.064,0.006,0.125550578024308,0.00318967128766814,3.57888664232448
20,"skew","null",5,"pvt_199",500,1,2,NA,0.088,0.03,0.130971918708978,7.3193988280576e-05,3.57888664232448
20,"skew","null",5,"mm_199",500,1,1,NA,0.058,0.012,0.09,5.87963456345981e-05,3.57888664232448
20,"skew","null",5,"pvw_999",500,0,0,NA,0.062,0.006,0.123586383665532,0.00311286252158305,3.57888664232448
20,"skew","null",5,"pvt_999",500,1,1,NA,0.092,0.03,0.127041956003557,4.08623187221884e-05,3.57888664232448
20,"skew","null",5,"mm_999",500,0,0,NA,0.062,0.012,0.14,0.00122612798802304,3.57888664232448
20,"skew","null",6,"ols",500,0,0,NA,0.058,0.018,0.0571734075669913,0.00023692851200613,3.61774960687442
20,"skew","null",6,"modt",500,0,0,NA,0.064,0.016,0.0628205516940595,0.00141370487976967,3.61774960687442
20,"skew","null",6,"fl_199",500,0,0,NA,0.054,0.006,0.0599999999999999,0.005,3.61774960687442
20,"skew","null",6,"fl_999",500,0,0,NA,0.058,0.02,0.0509999999999999,0.002,3.61774960687442
20,"skew","null",6,"fl_9999",500,0,0,NA,0.06,0.022,0.0535,5e-04,3.61774960687442
20,"skew","null",6,"pvw_199",500,0,0,NA,0.062,0.018,0.0928532440655037,0.0011380762073358,3.61774960687442
20,"skew","null",6,"pvt_199",500,1,9,NA,0.076,0.034,0.0963570831160001,3.33635684485832e-07,3.61774960687442
20,"skew","null",6,"mm_199",500,1,1,NA,0.058,0.016,0.086,2.03098664533763e-06,3.61774960687442
20,"skew","null",6,"pvw_999",500,0,0,NA,0.06,0.014,0.0849346792990542,0.00127923501785495,3.61774960687442
20,"skew","null",6,"pvt_999",500,1,6,NA,0.078,0.036,0.0882926106080002,1.109978229794e-06,3.61774960687442
20,"skew","null",6,"mm_999",500,0,0,NA,0.058,0.018,0.154,0.000727531404847687,3.61774960687442
20,"skew","null",7,"ols",500,0,0,NA,0.048,0.01,0.0579156977144882,0.000230276064905205,3.54699568330785
20,"skew","null",7,"modt",500,0,0,NA,0.052,0.014,0.0543099688399863,0.000386967951573396,3.54699568330785
20,"skew","null",7,"fl_199",500,0,0,NA,0.048,0.006,0.0579999999999999,0.005,3.54699568330785
20,"skew","null",7,"fl_999",500,0,0,NA,0.05,0.012,0.0570000000000001,0.002,3.54699568330785
20,"skew","null",7,"fl_9999",500,0,0,NA,0.05,0.012,0.0539000000000001,3e-04,3.54699568330785
20,"skew","null",7,"pvw_199",500,0,0,NA,0.052,0.008,0.0854220421669617,0.000988820261161229,3.54699568330785
20,"skew","null",7,"pvt_199",500,1,2,NA,0.082,0.032,0.0905713924015082,1.31352156971922e-06,3.54699568330785
20,"skew","null",7,"mm_199",500,0,0,NA,0.046,0.012,0.116,0.000100700054403289,3.54699568330785
20,"skew","null",7,"pvw_999",500,0,0,NA,0.054,0.008,0.0845330653715268,0.00132256771843699,3.54699568330785
20,"skew","null",7,"pvt_999",500,1,2,NA,0.076,0.032,0.088206900931075,9.02792983629151e-07,3.54699568330785
20,"skew","null",7,"mm_999",500,0,0,NA,0.05,0.01,0.2,0.000498977550837821,3.54699568330785
20,"skew","null",8,"ols",500,0,0,NA,0.062,0.012,0.0448071947858693,0.00211901699307739,3.97336052407362
20,"skew","null",8,"modt",500,0,0,NA,0.06,0.014,0.0462392986020572,0.00341432507146189,3.97336052407362
20,"skew","null",8,"fl_199",500,0,0,NA,0.056,0.004,0.04,0.005,3.97336052407362
20,"skew","null",8,"fl_999",500,0,0,NA,0.064,0.014,0.043,0.001,3.97336052407362
20,"skew","null",8,"fl_9999",500,0,0,NA,0.064,0.014,0.0394,0.0025,3.97336052407362
20,"skew","null",8,"pvw_199",500,0,0,NA,0.062,0.006,0.0823443536297182,0.00681093337236602,3.97336052407362
20,"skew","null",8,"pvt_199",500,0,0,NA,0.088,0.022,0.0932087362810179,0.000179300077763625,3.97336052407362
20,"skew","null",8,"mm_199",500,0,0,NA,0.062,0.016,0.114,0.000544200870728755,3.97336052407362
20,"skew","null",8,"pvw_999",500,0,0,NA,0.068,0.008,0.076869539257209,0.00466258734942955,3.97336052407362
20,"skew","null",8,"pvt_999",500,0,0,NA,0.086,0.026,0.0840937961156834,0.000151465917760764,3.97336052407362
20,"skew","null",8,"mm_999",500,0,0,NA,0.068,0.012,0.19,0.000710311250693465,3.97336052407362
20,"skew","null",9,"ols",500,0,0,NA,0.058,0.01,0.0365196451248132,0.000694805947941851,3.61719876081624
20,"skew","null",9,"modt",500,0,0,NA,0.056,0.012,0.0396993435788815,0.000483617155084711,3.61719876081624
20,"skew","null",9,"fl_199",500,0,0,NA,0.05,0.004,0.0449999999999999,0.005,3.61719876081624
20,"skew","null",9,"fl_999",500,0,0,NA,0.058,0.008,0.0439999999999999,0.001,3.61719876081624
20,"skew","null",9,"fl_9999",500,0,0,NA,0.062,0.012,0.0418999999999999,5e-04,3.61719876081624
20,"skew","null",9,"pvw_199",500,0,0,NA,0.062,0.008,0.0332610076235181,0.00130448674323734,3.61719876081624
20,"skew","null",9,"pvt_199",500,1,3,NA,0.082,0.026,0.0488331954329778,5.43696672553127e-06,3.61719876081624
20,"skew","null",9,"mm_199",500,1,1,NA,0.062,0.014,0.134,6.0199854397973e-05,3.61719876081624
20,"skew","null",9,"pvw_999",500,0,0,NA,0.062,0.008,0.0318217039925678,0.00139859266073801,3.61719876081624
20,"skew","null",9,"pvt_999",500,1,3,NA,0.086,0.028,0.0445784362344328,5.4821227769105e-06,3.61719876081624
20,"skew","null",9,"mm_999",500,1,1,NA,0.06,0.01,0.222,8.47958347266453e-05,3.61719876081624
20,"skew","null",10,"ols",500,0,0,NA,0.05,0.004,0.0396021861438062,0.00400818089558589,3.60055942552937
20,"skew","null",10,"modt",500,0,0,NA,0.06,0.006,0.038735184558568,0.00412091203492001,3.60055942552937
20,"skew","null",10,"fl_199",500,0,0,NA,0.054,0.002,0.031,0.005,3.60055942552937
20,"skew","null",10,"fl_999",500,0,0,NA,0.056,0.004,0.029,0.003,3.60055942552937
20,"skew","null",10,"fl_9999",500,0,0,NA,0.056,0.002,0.0299,0.0037,3.60055942552937
20,"skew","null",10,"pvw_199",500,0,0,NA,0.052,0.004,0.0733720431060562,0.00803485155583991,3.60055942552937
20,"skew","null",10,"pvt_199",500,0,0,NA,0.096,0.028,0.0803730918000644,0.000392009499200051,3.60055942552937
20,"skew","null",10,"mm_199",500,0,0,NA,0.062,0.006,0.114,0.00142437752720683,3.60055942552937
20,"skew","null",10,"pvw_999",500,0,0,NA,0.058,0.002,0.0672467335595074,0.00607090316309381,3.60055942552937
20,"skew","null",10,"pvt_999",500,0,0,NA,0.094,0.026,0.0759077193750666,0.000493741806089895,3.60055942552937
20,"skew","null",10,"mm_999",500,0,0,NA,0.054,0.004,0.194,0.00190314089805146,3.60055942552937
20,"skew","null",11,"ols",500,0,0,NA,0.054,0.006,0.0301047224479454,0.00430233305166932,3.39718880146546
20,"skew","null",11,"modt",500,0,0,NA,0.054,0.008,0.0291966375924125,0.00196096637363002,3.39718880146546
20,"skew","null",11,"fl_199",500,0,0,NA,0.044,0.002,0.023,0.005,3.39718880146546
20,"skew","null",11,"fl_999",500,0,0,NA,0.05,0.008,0.027,0.004,3.39718880146546
20,"skew","null",11,"fl_9999",500,0,0,NA,0.056,0.006,0.0273,0.0041,3.39718880146546
20,"skew","null",11,"pvw_199",500,0,0,NA,0.066,0.004,0.0549756023951308,0.0082889410977116,3.39718880146546
20,"skew","null",11,"pvt_199",500,0,0,NA,0.092,0.032,0.0730551529116364,0.000580784628033944,3.39718880146546
20,"skew","null",11,"mm_199",500,0,0,NA,0.052,0.012,0.13,0.00222442524465875,3.39718880146546
20,"skew","null",11,"pvw_999",500,0,0,NA,0.058,0.006,0.0518676650868803,0.00748165034918313,3.39718880146546
20,"skew","null",11,"pvt_999",500,0,0,NA,0.09,0.03,0.0682213337729638,0.000601124361051404,3.39718880146546
20,"skew","null",11,"mm_999",500,0,0,NA,0.052,0.004,0.26,0.00471188396335185,3.39718880146546
20,"skew","null",12,"ols",500,0,0,NA,0.056,0.01,0.0542166812663864,0.000327555526702525,3.27430793481462
20,"skew","null",12,"modt",500,0,0,NA,0.054,0.008,0.0510023671701463,0.000146415283622028,3.27430793481462
20,"skew","null",12,"fl_199",500,0,0,NA,0.05,0.006,0.049,0.005,3.27430793481462
20,"skew","null",12,"fl_999",500,0,0,NA,0.058,0.01,0.049,0.001,3.27430793481462
20,"skew","null",12,"fl_9999",500,0,0,NA,0.054,0.01,0.0455,2e-04,3.27430793481462
20,"skew","null",12,"pvw_199",500,0,0,NA,0.054,0.01,0.0783207570808673,0.0013139110499822,3.27430793481462
20,"skew","null",12,"pvt_199",500,1,2,NA,0.082,0.026,0.0899074832405637,1.13845949457371e-06,3.27430793481462
20,"skew","null",12,"mm_199",500,0,0,NA,0.056,0.012,0.102,0.000524390518717148,3.27430793481462
20,"skew","null",12,"pvw_999",500,0,0,NA,0.056,0.01,0.0830063772984516,0.0013354793958315,3.27430793481462
20,"skew","null",12,"pvt_999",500,1,3,NA,0.076,0.022,0.0953520172973771,1.42942939394894e-06,3.27430793481462
20,"skew","null",12,"mm_999",500,0,0,NA,0.052,0.01,0.188,0.000155666241204776,3.27430793481462
20,"skew","null",13,"ols",500,0,0,NA,0.04,0.01,0.0365981072607137,0.00224719466802876,3.5098563774609
20,"skew","null",13,"modt",500,0,0,NA,0.038,0.008,0.0322549148978223,0.00144239459084589,3.5098563774609
20,"skew","null",13,"fl_199",500,0,0,NA,0.04,0.006,0.031,0.005,3.5098563774609
20,"skew","null",13,"fl_999",500,0,0,NA,0.046,0.01,0.03,0.002,3.5098563774609
20,"skew","null",13,"fl_9999",500,0,0,NA,0.044,0.012,0.0325000000000001,0.002,3.5098563774609
20,"skew","null",13,"pvw_199",500,0,0,NA,0.046,0.008,0.0652236404504036,0.00434358511401562,3.5098563774609
20,"skew","null",13,"pvt_199",500,1,3,NA,0.078,0.022,0.0739518097721588,0.000139277211167043,3.5098563774609
20,"skew","null",13,"mm_199",500,0,0,NA,0.044,0.012,0.11,0.000115773753065967,3.5098563774609
20,"skew","null",13,"pvw_999",500,0,0,NA,0.046,0.008,0.0694818872289787,0.00457115437821815,3.5098563774609
20,"skew","null",13,"pvt_999",500,1,3,NA,0.068,0.02,0.079139200821183,0.000142878741786835,3.5098563774609
20,"skew","null",13,"mm_999",500,0,0,NA,0.042,0.012,0.196,0.00101729141557705,3.5098563774609
20,"skew","null",14,"ols",500,0,0,NA,0.036,0.006,0.0597854446448741,0.00167889711024305,3.231959708678
20,"skew","null",14,"modt",500,0,0,NA,0.036,0.006,0.056807264745577,0.000994303526998409,3.231959708678
20,"skew","null",14,"fl_199",500,0,0,NA,0.042,0.01,0.0730000000000001,0.005,3.231959708678
20,"skew","null",14,"fl_999",500,0,0,NA,0.04,0.006,0.0679999999999999,0.004,3.231959708678
20,"skew","null",14,"fl_9999",500,0,0,NA,0.042,0.006,0.0620999999999999,0.0024,3.231959708678
20,"skew","null",14,"pvw_199",500,0,0,NA,0.044,0.004,0.0403912024150094,0.00428221070532999,3.231959708678
20,"skew","null",14,"pvt_199",500,1,1,NA,0.066,0.022,0.0392037622159789,2.56215160567195e-05,3.231959708678
20,"skew","null",14,"mm_199",500,0,0,NA,0.048,0.014,0.12,0.00115929862172974,3.231959708678
20,"skew","null",14,"pvw_999",500,0,0,NA,0.042,0.004,0.0412094387281526,0.00343840605848425,3.231959708678
20,"skew","null",14,"pvt_999",500,1,1,NA,0.068,0.022,0.0401060853504802,5.19632019211801e-05,3.231959708678
20,"skew","null",14,"mm_999",500,0,0,NA,0.046,0.008,0.182,0.00171192232122138,3.231959708678
20,"skew","null",15,"ols",500,0,0,NA,0.054,0.01,0.0323679893716717,0.00149444751624064,3.44313752720597
20,"skew","null",15,"modt",500,0,0,NA,0.046,0.012,0.0335027610826526,0.00264885442484191,3.44313752720597
20,"skew","null",15,"fl_199",500,0,0,NA,0.048,0.002,0.0509999999999999,0.005,3.44313752720597
20,"skew","null",15,"fl_999",500,0,0,NA,0.048,0.01,0.039,0.004,3.44313752720597
20,"skew","null",15,"fl_9999",500,0,0,NA,0.046,0.01,0.0377,0.0022,3.44313752720597
20,"skew","null",15,"pvw_199",500,0,0,NA,0.054,0.01,0.0301322262644152,0.00294118663385465,3.44313752720597
20,"skew","null",15,"pvt_199",500,0,0,NA,0.08,0.028,0.0514659929196133,0.000118766137085909,3.44313752720597
20,"skew","null",15,"mm_199",500,0,0,NA,0.048,0.016,0.108,0.000608114216400938,3.44313752720597
20,"skew","null",15,"pvw_999",500,0,0,NA,0.052,0.008,0.032227862205736,0.00382411138897742,3.44313752720597
20,"skew","null",15,"pvt_999",500,1,1,NA,0.076,0.026,0.0569433445091296,8.28676154712869e-05,3.44313752720597
20,"skew","null",15,"mm_999",500,0,0,NA,0.044,0.012,0.192,0.00185493375570645,3.44313752720597
20,"skew","null",16,"ols",500,0,0,NA,0.044,0.01,0.0319662283012494,0.00134432398429367,3.4558042431069
20,"skew","null",16,"modt",500,0,0,NA,0.054,0.008,0.0363903802721623,0.00261977137824679,3.4558042431069
20,"skew","null",16,"fl_199",500,0,0,NA,0.042,0.004,0.03,0.005,3.4558042431069
20,"skew","null",16,"fl_999",500,0,0,NA,0.046,0.008,0.032,0.001,3.4558042431069
20,"skew","null",16,"fl_9999",500,0,0,NA,0.044,0.012,0.0343,0.0016,3.4558042431069
20,"skew","null",16,"pvw_199",500,0,0,NA,0.052,0.012,0.0529192912168661,0.00226565202169043,3.4558042431069
20,"skew","null",16,"pvt_199",500,1,1,NA,0.082,0.024,0.070604643097521,2.80063070916877e-05,3.4558042431069
20,"skew","null",16,"mm_199",500,0,0,NA,0.044,0.01,0.098,0.000140754141221248,3.4558042431069
20,"skew","null",16,"pvw_999",500,0,0,NA,0.05,0.008,0.0503046448760358,0.00242834612904117,3.4558042431069
20,"skew","null",16,"pvt_999",500,1,1,NA,0.084,0.03,0.0693434198553848,5.41931521557736e-05,3.4558042431069
20,"skew","null",16,"mm_999",500,0,0,NA,0.042,0.012,0.214,0.000442503617615075,3.4558042431069
20,"skew","null",17,"ols",500,0,0,NA,0.062,0.018,0.0416256603063119,0.00107247745362415,3.82732361127811
20,"skew","null",17,"modt",500,0,0,NA,0.064,0.014,0.0478699847691861,0.00137302315728113,3.82732361127811
20,"skew","null",17,"fl_199",500,0,0,NA,0.054,0.006,0.035,0.005,3.82732361127811
20,"skew","null",17,"fl_999",500,0,0,NA,0.06,0.014,0.038,0.001,3.82732361127811
20,"skew","null",17,"fl_9999",500,0,0,NA,0.064,0.016,0.0383,0.0012,3.82732361127811
20,"skew","null",17,"pvw_199",500,0,0,NA,0.056,0.008,0.0648488768142599,0.00648073472986479,3.82732361127811
20,"skew","null",17,"pvt_199",500,1,5,NA,0.098,0.034,0.0862519649584159,8.66886662314491e-05,3.82732361127811
20,"skew","null",17,"mm_199",500,0,0,NA,0.054,0.016,0.124,0.000785882003803304,3.82732361127811
20,"skew","null",17,"pvw_999",500,0,0,NA,0.068,0.012,0.0626939352844856,0.0026508270956733,3.82732361127811
20,"skew","null",17,"pvt_999",500,1,7,NA,0.092,0.034,0.0834876997748865,2.35103016245869e-05,3.82732361127811
20,"skew","null",17,"mm_999",500,0,0,NA,0.058,0.014,0.196,0.00043771612930761,3.82732361127811
20,"skew","null",18,"ols",500,0,0,NA,0.06,0.01,0.0455908205237248,0.00254607636844042,3.64088823456934
20,"skew","null",18,"modt",500,0,0,NA,0.06,0.008,0.0448060587992685,0.00336631611135087,3.64088823456934
20,"skew","null",18,"fl_199",500,0,0,NA,0.052,0.002,0.054,0.005,3.64088823456934
20,"skew","null",18,"fl_999",500,0,0,NA,0.062,0.01,0.041,0.004,3.64088823456934
20,"skew","null",18,"fl_9999",500,0,0,NA,0.066,0.012,0.0412,0.0016,3.64088823456934
20,"skew","null",18,"pvw_199",500,0,0,NA,0.062,0.004,0.063786673312092,0.00350338318091954,3.64088823456934
20,"skew","null",18,"pvt_199",500,1,1,NA,0.092,0.026,0.0661885631572635,8.68523994981782e-05,3.64088823456934
20,"skew","null",18,"mm_199",500,0,0,NA,0.064,0.002,0.124,0.000667130616893813,3.64088823456934
20,"skew","null",18,"pvw_999",500,0,0,NA,0.068,0.008,0.0627992584034507,0.00475794757914168,3.64088823456934
20,"skew","null",18,"pvt_999",500,0,0,NA,0.086,0.024,0.064843315673508,0.000163992023049913,3.64088823456934
20,"skew","null",18,"mm_999",500,0,0,NA,0.064,0.01,0.208,0.00277414527081049,3.64088823456934
20,"skew","null",19,"ols",500,0,0,NA,0.042,0.016,0.0254480001924463,0.0012953672783017,3.31231308331211
20,"skew","null",19,"modt",500,0,0,NA,0.05,0.016,0.0256853797631312,0.00174072342952503,3.31231308331211
20,"skew","null",19,"fl_199",500,0,0,NA,0.044,0.006,0.029,0.005,3.31231308331211
20,"skew","null",19,"fl_999",500,0,0,NA,0.05,0.012,0.028,0.002,3.31231308331211
20,"skew","null",19,"fl_9999",500,0,0,NA,0.048,0.016,0.0244,0.0013,3.31231308331211
20,"skew","null",19,"pvw_199",500,0,0,NA,0.048,0.012,0.0460743306404612,0.00132456235300082,3.31231308331211
20,"skew","null",19,"pvt_199",500,1,1,NA,0.062,0.028,0.0643251906155536,2.16561368678438e-05,3.31231308331211
20,"skew","null",19,"mm_199",500,1,2,NA,0.05,0.018,0.076,1.26124020721283e-05,3.31231308331211
20,"skew","null",19,"pvw_999",500,0,0,NA,0.048,0.01,0.0473895046431362,0.00291382585418008,3.31231308331211
20,"skew","null",19,"pvt_999",500,1,1,NA,0.064,0.026,0.0604438785590989,2.78736659082881e-05,3.31231308331211
20,"skew","null",19,"mm_999",500,0,0,NA,0.048,0.014,0.216,0.000891161666482155,3.31231308331211
20,"skew","null",20,"ols",500,0,0,NA,0.034,0.002,0.041900585293864,0.00628221656743026,3.50304136720807
20,"skew","null",20,"modt",500,0,0,NA,0.026,0.002,0.0334842267235449,0.00662085888935789,3.50304136720807
20,"skew","null",20,"fl_199",500,0,0,NA,0.03,0,0.048,0.01,3.50304136720807
20,"skew","null",20,"fl_999",500,0,0,NA,0.036,0.002,0.051,0.006,3.50304136720807
20,"skew","null",20,"fl_9999",500,0,0,NA,0.036,0.002,0.0457,0.0058,3.50304136720807
20,"skew","null",20,"pvw_199",500,0,0,NA,0.036,0.002,0.0479741263110681,0.0082202663587278,3.50304136720807
20,"skew","null",20,"pvt_199",500,0,0,NA,0.06,0.016,0.052199677953394,0.00114894524685034,3.50304136720807
20,"skew","null",20,"mm_199",500,0,0,NA,0.038,0.002,0.104,0.00644150543920924,3.50304136720807
20,"skew","null",20,"pvw_999",500,0,0,NA,0.034,0.002,0.0524823020611531,0.00946910272644855,3.50304136720807
20,"skew","null",20,"pvt_999",500,0,0,NA,0.058,0.012,0.0547748757497756,0.00118535647938593,3.50304136720807
20,"skew","null",20,"mm_999",500,0,0,NA,0.038,0.002,0.188,0.00429930454612036,3.50304136720807
40,"skew","null",1,"ols",500,0,0,NA,0.046,0.014,0.0326825190050309,0.00238081520097861,3.6259887819896
40,"skew","null",1,"modt",500,0,0,NA,0.046,0.012,0.0304901624350593,0.00251901590554998,3.6259887819896
40,"skew","null",1,"fl_199",500,0,0,NA,0.046,0.004,0.042,0.005,3.6259887819896
40,"skew","null",1,"fl_999",500,0,0,NA,0.046,0.014,0.036,0.001,3.6259887819896
40,"skew","null",1,"fl_9999",500,0,0,NA,0.048,0.014,0.0333,0.0026,3.6259887819896
40,"skew","null",1,"pvw_199",500,0,0,NA,0.05,0.014,0.0261754218655179,0.00401132616079893,3.6259887819896
40,"skew","null",1,"pvt_199",500,0,0,NA,0.06,0.016,0.0270540701464616,0.00103019709296882,3.6259887819896
40,"skew","null",1,"mm_199",500,0,0,NA,0.052,0.016,0.084,0.00083280941623897,3.6259887819896
40,"skew","null",1,"pvw_999",500,0,0,NA,0.048,0.014,0.0274566909325845,0.00292583364377939,3.6259887819896
40,"skew","null",1,"pvt_999",500,0,0,NA,0.056,0.016,0.028598811194073,0.000945855383066569,3.6259887819896
40,"skew","null",1,"mm_999",500,0,0,NA,0.048,0.014,0.142,0.000485857075926478,3.6259887819896
40,"skew","null",2,"ols",500,0,0,NA,0.038,0.012,0.0890086384116735,0.00182507003100121,3.73176705164202
40,"skew","null",2,"modt",500,0,0,NA,0.044,0.012,0.0883102958436893,0.0021604742625843,3.73176705164202
40,"skew","null",2,"fl_199",500,0,0,NA,0.036,0.004,0.09,0.005,3.73176705164202
40,"skew","null",2,"fl_999",500,0,0,NA,0.046,0.012,0.095,0.002,3.73176705164202
40,"skew","null",2,"fl_9999",500,0,0,NA,0.042,0.012,0.0921,0.0014,3.73176705164202
40,"skew","null",2,"pvw_199",500,0,0,NA,0.044,0.014,0.0823513061641504,0.00402799143815403,3.73176705164202
40,"skew","null",2,"pvt_199",500,0,0,NA,0.052,0.018,0.0814728182433809,0.0011677125628889,3.73176705164202
40,"skew","null",2,"mm_199",500,0,0,NA,0.042,0.014,0.102579651398506,0.000472847041383583,3.73176705164202
40,"skew","null",2,"pvw_999",500,0,0,NA,0.04,0.012,0.08353081238035,0.00280792029024375,3.73176705164202
40,"skew","null",2,"pvt_999",500,0,0,NA,0.066,0.016,0.0822507021907792,0.000873661101801125,3.73176705164202
40,"skew","null",2,"mm_999",500,0,0,NA,0.042,0.012,0.132,0.00150047480672004,3.73176705164202
40,"skew","null",3,"ols",500,0,0,NA,0.036,0.004,0.0438707806770128,0.00498128371200512,3.75623579790774
40,"skew","null",3,"modt",500,0,0,NA,0.036,0.004,0.0418351139141168,0.00371812897707333,3.75623579790774
40,"skew","null",3,"fl_199",500,0,0,NA,0.036,0,0.041,0.01,3.75623579790774
40,"skew","null",3,"fl_999",500,0,0,NA,0.036,0.004,0.042,0.005,3.75623579790774
40,"skew","null",3,"fl_9999",500,0,0,NA,0.036,0.004,0.0422,0.0046,3.75623579790774
40,"skew","null",3,"pvw_199",500,0,0,NA,0.046,0.004,0.0527125239202717,0.0048042261881439,3.75623579790774
40,"skew","null",3,"pvt_199",500,0,0,NA,0.05,0.01,0.0556308498977754,0.00288119716021265,3.75623579790774
40,"skew","null",3,"mm_199",500,0,0,NA,0.036,0.008,0.0870635013470137,0.00513872526936216,3.75623579790774
40,"skew","null",3,"pvw_999",500,0,0,NA,0.038,0.004,0.0572560876508429,0.00685220683260385,3.75623579790774
40,"skew","null",3,"pvt_999",500,0,0,NA,0.052,0.01,0.0604180464980925,0.0028730284735541,3.75623579790774
40,"skew","null",3,"mm_999",500,0,0,NA,0.036,0.006,0.124,0.003849573621878,3.75623579790774
40,"skew","null",4,"ols",500,0,0,NA,0.026,0.002,0.029300288743469,0.00672435785236697,3.77808634736007
40,"skew","null",4,"modt",500,0,0,NA,0.028,0.002,0.0318032170351766,0.00601558212299608,3.77808634736007
40,"skew","null",4,"fl_199",500,0,0,NA,0.03,0,0.031,0.01,3.77808634736007
40,"skew","null",4,"fl_999",500,0,0,NA,0.03,0.008,0.032,0.006,3.77808634736007
40,"skew","null",4,"fl_9999",500,0,0,NA,0.03,0.002,0.0266000000000001,0.0059,3.77808634736007
40,"skew","null",4,"pvw_199",500,0,0,NA,0.034,0.002,0.0436591849452642,0.00690697861385776,3.77808634736007
40,"skew","null",4,"pvt_199",500,0,0,NA,0.046,0.006,0.0471413692057711,0.00396115549452858,3.77808634736007
40,"skew","null",4,"mm_199",500,0,0,NA,0.032,0.008,0.0888803413133271,0.0036434569363081,3.77808634736007
40,"skew","null",4,"pvw_999",500,0,0,NA,0.03,0.002,0.0446095656017239,0.00697964306169719,3.77808634736007
40,"skew","null",4,"pvt_999",500,0,0,NA,0.042,0.008,0.0448615697607738,0.00290764311874746,3.77808634736007
40,"skew","null",4,"mm_999",500,0,0,NA,0.028,0.006,0.12,0.00557779198328704,3.77808634736007
40,"skew","null",5,"ols",500,0,0,NA,0.062,0.014,0.0367270881780979,0.00137693609260473,4.12656846667924
40,"skew","null",5,"modt",500,0,0,NA,0.062,0.012,0.0358998584765368,0.00083328069433906,4.12656846667924
40,"skew","null",5,"fl_199",500,0,0,NA,0.06,0.006,0.038,0.005,4.12656846667924
40,"skew","null",5,"fl_999",500,0,0,NA,0.058,0.02,0.0389999999999999,0.002,4.12656846667924
40,"skew","null",5,"fl_9999",500,0,0,NA,0.064,0.016,0.0364,8e-04,4.12656846667924
40,"skew","null",5,"pvw_199",500,0,0,NA,0.066,0.02,0.0485384882129597,0.000745133569289473,4.12656846667924
40,"skew","null",5,"pvt_199",500,0,0,NA,0.082,0.032,0.0531208803882723,0.000243135270445466,4.12656846667924
40,"skew","null",5,"mm_199",500,0,0,NA,0.068,0.028,0.086,0.000509751357705413,4.12656846667924
40,"skew","null",5,"pvw_999",500,0,0,NA,0.062,0.016,0.0527913583877323,0.00177568780852145,4.12656846667924
40,"skew","null",5,"pvt_999",500,0,0,NA,0.074,0.028,0.0573030174887156,0.000353071701121339,4.12656846667924
40,"skew","null",5,"mm_999",500,0,0,NA,0.06,0.02,0.126,0.000858489915129386,4.12656846667924
40,"skew","null",6,"ols",500,0,0,NA,0.06,0.01,0.0236114281352044,0.000959834208091438,3.32642207698824
40,"skew","null",6,"modt",500,0,0,NA,0.064,0.008,0.0223503026376295,0.000923680323771247,3.32642207698824
40,"skew","null",6,"fl_199",500,0,0,NA,0.052,0.004,0.032,0.005,3.32642207698824
40,"skew","null",6,"fl_999",500,0,0,NA,0.054,0.01,0.032,0.001,3.32642207698824
40,"skew","null",6,"fl_9999",500,0,0,NA,0.06,0.012,0.0299,0.0013,3.32642207698824
40,"skew","null",6,"pvw_199",500,0,0,NA,0.058,0.012,0.0251021862014819,0.00048056316688309,3.32642207698824
40,"skew","null",6,"pvt_199",500,1,1,NA,0.064,0.014,0.0277651156749672,8.21358753953701e-05,3.32642207698824
40,"skew","null",6,"mm_199",500,1,1,NA,0.06,0.012,0.092,1.0163113579543e-06,3.32642207698824
40,"skew","null",6,"pvw_999",500,0,0,NA,0.062,0.01,0.0294163484602162,0.00174396051624843,3.32642207698824
40,"skew","null",6,"pvt_999",500,0,0,NA,0.07,0.014,0.0330895464544693,0.000237344260887792,3.32642207698824
40,"skew","null",6,"mm_999",500,0,0,NA,0.06,0.014,0.124,0.000405418042772491,3.32642207698824
40,"skew","null",7,"ols",500,0,0,NA,0.05,0.014,0.0374377358577914,0.00299590385183867,3.55947837303636
40,"skew","null",7,"modt",500,0,0,NA,0.052,0.016,0.0349888785414374,0.0036818549711583,3.55947837303636
40,"skew","null",7,"fl_199",500,0,0,NA,0.054,0.006,0.0269999999999999,0.005,3.55947837303636
40,"skew","null",7,"fl_999",500,0,0,NA,0.056,0.012,0.0349999999999999,0.002,3.55947837303636
40,"skew","null",7,"fl_9999",500,0,0,NA,0.052,0.014,0.0342,0.0022,3.55947837303636
40,"skew","null",7,"pvw_199",500,0,0,NA,0.062,0.012,0.0424443751655221,0.00338705952858425,3.55947837303636
40,"skew","null",7,"pvt_199",500,0,0,NA,0.076,0.024,0.0430567043030089,0.0011645490690246,3.55947837303636
40,"skew","null",7,"mm_199",500,0,0,NA,0.062,0.018,0.076,0.000584171540884952,3.55947837303636
40,"skew","null",7,"pvw_999",500,0,0,NA,0.054,0.012,0.0438375608767932,0.00394469246096176,3.55947837303636
40,"skew","null",7,"pvt_999",500,0,0,NA,0.072,0.024,0.0466111595695561,0.00153825593661715,3.55947837303636
40,"skew","null",7,"mm_999",500,0,0,NA,0.056,0.012,0.11,0.0017040826616928,3.55947837303636
40,"skew","null",8,"ols",500,0,0,NA,0.064,0.018,0.032259107715737,0.00305844764350981,3.83143969050717
40,"skew","null",8,"modt",500,0,0,NA,0.06,0.012,0.0342432725701914,0.00466440031915204,3.83143969050717
40,"skew","null",8,"fl_199",500,0,0,NA,0.048,0.008,0.029,0.005,3.83143969050717
40,"skew","null",8,"fl_999",500,0,0,NA,0.062,0.01,0.028,0.001,3.83143969050717
40,"skew","null",8,"fl_9999",500,0,0,NA,0.064,0.016,0.0253,0.0023,3.83143969050717
40,"skew","null",8,"pvw_199",500,0,0,NA,0.066,0.012,0.0435965703927574,0.00388970823213211,3.83143969050717
40,"skew","null",8,"pvt_199",500,0,0,NA,0.074,0.02,0.0500098243599494,0.00104125309644664,3.83143969050717
40,"skew","null",8,"mm_199",500,0,0,NA,0.068,0.018,0.09,0.00130232433200248,3.83143969050717
40,"skew","null",8,"pvw_999",500,0,0,NA,0.064,0.01,0.0443620323089315,0.00463067084761524,3.83143969050717
40,"skew","null",8,"pvt_999",500,0,0,NA,0.074,0.022,0.0463192877257338,0.00144121102933068,3.83143969050717
40,"skew","null",8,"mm_999",500,0,0,NA,0.062,0.016,0.104,0.00205726372335389,3.83143969050717
40,"skew","null",9,"ols",500,0,0,NA,0.04,0.01,0.0217877414943728,0.00179345426508649,3.41614422404096
40,"skew","null",9,"modt",500,0,0,NA,0.04,0.006,0.0243264332548896,0.00157884154893764,3.41614422404096
40,"skew","null",9,"fl_199",500,0,0,NA,0.04,0.004,0.024,0.005,3.41614422404096
40,"skew","null",9,"fl_999",500,0,0,NA,0.04,0.008,0.021,0.001,3.41614422404096
40,"skew","null",9,"fl_9999",500,0,0,NA,0.044,0.01,0.0241,0.0012,3.41614422404096
40,"skew","null",9,"pvw_199",500,0,0,NA,0.044,0.006,0.0309437078580207,0.00200066523435524,3.41614422404096
40,"skew","null",9,"pvt_199",500,0,0,NA,0.056,0.01,0.0330852250655204,0.000439736877959075,3.41614422404096
40,"skew","null",9,"mm_199",500,0,0,NA,0.044,0.008,0.08,0.000595376149183091,3.41614422404096
40,"skew","null",9,"pvw_999",500,0,0,NA,0.042,0.006,0.0284872661732425,0.0025473492642412,3.41614422404096
40,"skew","null",9,"pvt_999",500,0,0,NA,0.052,0.01,0.0306219834859284,0.000414509380632996,3.41614422404096
40,"skew","null",9,"mm_999",500,0,0,NA,0.038,0.008,0.148,0.00047065372663918,3.41614422404096
40,"skew","null",10,"ols",500,0,0,NA,0.044,0.004,0.0319660479572642,0.00734490010391686,3.71500952238093
40,"skew","null",10,"modt",500,0,0,NA,0.04,0.006,0.032709127612436,0.00738127720981818,3.71500952238093
40,"skew","null",10,"fl_199",500,0,0,NA,0.034,0.002,0.03,0.005,3.71500952238093
40,"skew","null",10,"fl_999",500,0,0,NA,0.042,0.002,0.031,0.006,3.71500952238093
40,"skew","null",10,"fl_9999",500,0,0,NA,0.044,0.006,0.0314,0.0076,3.71500952238093
40,"skew","null",10,"pvw_199",500,0,0,NA,0.044,0.002,0.0241709772347585,0.00733097028941859,3.71500952238093
40,"skew","null",10,"pvt_199",500,0,0,NA,0.052,0.008,0.0340535854574929,0.00306062558077953,3.71500952238093
40,"skew","null",10,"mm_199",500,0,0,NA,0.044,0.004,0.082,0.0026246592684606,3.71500952238093
40,"skew","null",10,"pvw_999",500,0,0,NA,0.044,0.004,0.0267435629642809,0.00649790300665433,3.71500952238093
40,"skew","null",10,"pvt_999",500,0,0,NA,0.048,0.008,0.0305633690687309,0.00291169134304203,3.71500952238093
40,"skew","null",10,"mm_999",500,0,0,NA,0.042,0.002,0.124,0.00728976009019375,3.71500952238093
40,"skew","null",11,"ols",500,0,0,NA,0.042,0.012,0.0421427311742564,0.00155547683048373,3.52779368083154
40,"skew","null",11,"modt",500,0,0,NA,0.044,0.01,0.041792154908429,0.00102000663647691,3.52779368083154
40,"skew","null",11,"fl_199",500,0,0,NA,0.032,0.004,0.032,0.005,3.52779368083154
40,"skew","null",11,"fl_999",500,0,0,NA,0.048,0.008,0.042,0.002,3.52779368083154
40,"skew","null",11,"fl_9999",500,0,0,NA,0.046,0.012,0.04,9e-04,3.52779368083154
40,"skew","null",11,"pvw_199",500,0,0,NA,0.05,0.008,0.0514707372310452,0.00294554801045956,3.52779368083154
40,"skew","null",11,"pvt_199",500,0,0,NA,0.062,0.018,0.0518144113714658,0.000481979794023915,3.52779368083154
40,"skew","null",11,"mm_199",500,0,0,NA,0.05,0.012,0.086,0.000341092274694893,3.52779368083154
40,"skew","null",11,"pvw_999",500,0,0,NA,0.046,0.012,0.0515140626494024,0.00247782130395167,3.52779368083154
40,"skew","null",11,"pvt_999",500,0,0,NA,0.06,0.018,0.0521023468800987,0.000469221672342589,3.52779368083154
40,"skew","null",11,"mm_999",500,0,0,NA,0.042,0.012,0.116,0.00111726496938367,3.52779368083154
40,"skew","null",12,"ols",500,1,1,NA,0.06,0.006,0.0249508565109521,8.90614110311356e-05,4.18453961287664
40,"skew","null",12,"modt",500,1,1,NA,0.062,0.006,0.0251844337805085,5.75565402231167e-05,4.18453961287664
40,"skew","null",12,"fl_199",500,0,0,NA,0.052,0.004,0.033,0.005,4.18453961287664
40,"skew","null",12,"fl_999",500,0,0,NA,0.062,0.008,0.025,0.001,4.18453961287664
40,"skew","null",12,"fl_9999",500,1,1,NA,0.062,0.008,0.026,1e-04,4.18453961287664
40,"skew","null",12,"pvw_199",500,0,0,NA,0.06,0.006,0.0240445677754381,0.000125363252875459,4.18453961287664
40,"skew","null",12,"pvt_199",500,1,1,NA,0.074,0.012,0.0291465627301784,3.79184147113082e-06,4.18453961287664
40,"skew","null",12,"mm_199",500,0,0,NA,0.06,0.012,0.076,0.000287220971748666,4.18453961287664
40,"skew","null",12,"pvw_999",500,0,0,NA,0.066,0.008,0.026353628790276,0.000294784979877985,4.18453961287664
40,"skew","null",12,"pvt_999",500,1,1,NA,0.08,0.012,0.0342235531152513,6.21014268990483e-06,4.18453961287664
40,"skew","null",12,"mm_999",500,1,1,NA,0.06,0.008,0.126,5.66189498036875e-05,4.18453961287664
40,"skew","null",13,"ols",500,0,0,NA,0.046,0.014,0.0366656404398604,0.00123149171352589,4.01065331048518
40,"skew","null",13,"modt",500,0,0,NA,0.048,0.012,0.036280998600065,0.000980525310831207,4.01065331048518
40,"skew","null",13,"fl_199",500,0,0,NA,0.046,0.008,0.035,0.005,4.01065331048518
40,"skew","null",13,"fl_999",500,0,0,NA,0.048,0.018,0.036,0.001,4.01065331048518
40,"skew","null",13,"fl_9999",500,0,0,NA,0.046,0.014,0.0353,0.0011,4.01065331048518
40,"skew","null",13,"pvw_199",500,0,0,NA,0.052,0.014,0.0453647312671668,0.00242927060695727,4.01065331048518
40,"skew","null",13,"pvt_199",500,0,0,NA,0.056,0.022,0.0455714343747936,0.000294466296841063,4.01065331048518
40,"skew","null",13,"mm_199",500,0,0,NA,0.052,0.014,0.0868759769720914,0.000188459154107729,4.01065331048518
40,"skew","null",13,"pvw_999",500,0,0,NA,0.052,0.014,0.0453111466437983,0.00180847005360672,4.01065331048518
40,"skew","null",13,"pvt_999",500,0,0,NA,0.06,0.022,0.045823352703785,0.000316201787033071,4.01065331048518
40,"skew","null",13,"mm_999",500,0,0,NA,0.052,0.018,0.092,0.000913145192786399,4.01065331048518
40,"skew","null",14,"ols",500,0,0,NA,0.06,0.006,0.036470607059198,0.0063608740528692,3.70049477718818
40,"skew","null",14,"modt",500,0,0,NA,0.06,0.002,0.0395122713727736,0.00451633288958866,3.70049477718818
40,"skew","null",14,"fl_199",500,0,0,NA,0.046,0,0.0429999999999999,0.01,3.70049477718818
40,"skew","null",14,"fl_999",500,0,0,NA,0.056,0.004,0.04,0.007,3.70049477718818
40,"skew","null",14,"fl_9999",500,0,0,NA,0.06,0.006,0.039,0.0062,3.70049477718818
40,"skew","null",14,"pvw_199",500,0,0,NA,0.056,0.006,0.0287670382160434,0.00608007586778922,3.70049477718818
40,"skew","null",14,"pvt_199",500,0,0,NA,0.072,0.014,0.0304845695025481,0.00246844071904874,3.70049477718818
40,"skew","null",14,"mm_199",500,0,0,NA,0.054,0.01,0.084,0.00563971522915084,3.70049477718818
40,"skew","null",14,"pvw_999",500,0,0,NA,0.06,0.008,0.0291947787944964,0.00710810550036799,3.70049477718818
40,"skew","null",14,"pvt_999",500,0,0,NA,0.066,0.016,0.0315336292282208,0.00227695894144218,3.70049477718818
40,"skew","null",14,"mm_999",500,0,0,NA,0.054,0.01,0.11,0.00600182641841365,3.70049477718818
40,"skew","null",15,"ols",500,0,0,NA,0.034,0.01,0.030606146843612,0.00180904406224874,3.1672630380281
40,"skew","null",15,"modt",500,0,0,NA,0.038,0.01,0.0262095936013706,0.00142990526491043,3.1672630380281
40,"skew","null",15,"fl_199",500,0,0,NA,0.042,0.008,0.033,0.005,3.1672630380281
40,"skew","null",15,"fl_999",500,0,0,NA,0.034,0.01,0.033,0.001,3.1672630380281
40,"skew","null",15,"fl_9999",500,0,0,NA,0.034,0.01,0.0292,0.0014,3.1672630380281
40,"skew","null",15,"pvw_199",500,0,0,NA,0.046,0.01,0.0281183922592251,0.00213427527851669,3.1672630380281
40,"skew","null",15,"pvt_199",500,0,0,NA,0.048,0.016,0.0290432954850995,0.000311719304228563,3.1672630380281
40,"skew","null",15,"mm_199",500,0,0,NA,0.044,0.014,0.0901562175054962,0.000505310386537406,3.1672630380281
40,"skew","null",15,"pvw_999",500,0,0,NA,0.04,0.01,0.0276219964608371,0.00276673000912168,3.1672630380281
40,"skew","null",15,"pvt_999",500,0,0,NA,0.052,0.014,0.0277135017864226,0.000691652283565405,3.1672630380281
40,"skew","null",15,"mm_999",500,0,0,NA,0.034,0.01,0.106,0.000792279023726337,3.1672630380281
40,"skew","null",16,"ols",500,0,0,NA,0.042,0.01,0.0196475869200796,0.000138248166496263,3.64241174074513
40,"skew","null",16,"modt",500,0,0,NA,0.048,0.01,0.0174541796978302,0.000204127578139642,3.64241174074513
40,"skew","null",16,"fl_199",500,0,0,NA,0.036,0.006,0.025,0.005,3.64241174074513
40,"skew","null",16,"fl_999",500,0,0,NA,0.044,0.01,0.028,0.001,3.64241174074513
40,"skew","null",16,"fl_9999",500,1,1,NA,0.044,0.012,0.0204,1e-04,3.64241174074513
40,"skew","null",16,"pvw_199",500,0,0,NA,0.044,0.01,0.0265678863647033,0.00019891162037888,3.64241174074513
40,"skew","null",16,"pvt_199",500,1,1,NA,0.058,0.016,0.0396077244431199,1.48262816526883e-05,3.64241174074513
40,"skew","null",16,"mm_199",500,1,1,NA,0.046,0.012,0.0840410034961357,9.93841269558419e-06,3.64241174074513
40,"skew","null",16,"pvw_999",500,0,0,NA,0.042,0.008,0.027028828403956,0.000302331840440892,3.64241174074513
40,"skew","null",16,"pvt_999",500,1,1,NA,0.056,0.012,0.035099174629036,1.42368946632047e-05,3.64241174074513
40,"skew","null",16,"mm_999",500,1,1,NA,0.04,0.01,0.116,6.95658962410489e-06,3.64241174074513
40,"skew","null",17,"ols",500,0,0,NA,0.044,0.004,0.0650756184257754,0.00577978209118393,3.36506458157689
40,"skew","null",17,"modt",500,0,0,NA,0.044,0.004,0.0696264742162864,0.00464687515428341,3.36506458157689
40,"skew","null",17,"fl_199",500,0,0,NA,0.034,0.002,0.0629999999999999,0.005,3.36506458157689
40,"skew","null",17,"fl_999",500,0,0,NA,0.042,0.008,0.0629999999999999,0.004,3.36506458157689
40,"skew","null",17,"fl_9999",500,0,0,NA,0.042,0.008,0.0609999999999999,0.0046,3.36506458157689
40,"skew","null",17,"pvw_199",500,0,0,NA,0.036,0.008,0.0803577960130337,0.00484573524437097,3.36506458157689
40,"skew","null",17,"pvt_199",500,0,0,NA,0.052,0.014,0.0832005053715242,0.0013329494813301,3.36506458157689
40,"skew","null",17,"mm_199",500,0,0,NA,0.042,0.012,0.100468424371733,0.000816257478270729,3.36506458157689
40,"skew","null",17,"pvw_999",500,0,0,NA,0.04,0.006,0.0817909327096897,0.00717968293252736,3.36506458157689
40,"skew","null",17,"pvt_999",500,0,0,NA,0.052,0.014,0.0834548139050075,0.00297647083997424,3.36506458157689
40,"skew","null",17,"mm_999",500,0,0,NA,0.044,0.006,0.084,0.00488273327314346,3.36506458157689
40,"skew","null",18,"ols",500,0,0,NA,0.042,0.012,0.028956354946092,0.00140594612035663,4.05693329533365
40,"skew","null",18,"modt",500,0,0,NA,0.042,0.01,0.0289992181379366,0.00155634691406818,4.05693329533365
40,"skew","null",18,"fl_199",500,0,0,NA,0.04,0.006,0.03,0.005,4.05693329533365
40,"skew","null",18,"fl_999",500,0,0,NA,0.044,0.008,0.026,0.002,4.05693329533365
40,"skew","null",18,"fl_9999",500,0,0,NA,0.044,0.012,0.0283,8e-04,4.05693329533365
40,"skew","null",18,"pvw_199",500,0,0,NA,0.042,0.012,0.0237000228190142,0.00213557428774974,4.05693329533365
40,"skew","null",18,"pvt_199",500,0,0,NA,0.056,0.018,0.0263374574225659,0.000231208494929353,4.05693329533365
40,"skew","null",18,"mm_199",500,0,0,NA,0.044,0.012,0.074,0.00023678884288297,4.05693329533365
40,"skew","null",18,"pvw_999",500,0,0,NA,0.044,0.012,0.0278072935138206,0.00241125195415942,4.05693329533365
40,"skew","null",18,"pvt_999",500,0,0,NA,0.056,0.022,0.0278203195459813,0.00030592794443061,4.05693329533365
40,"skew","null",18,"mm_999",500,0,0,NA,0.044,0.02,0.126,0.0014469010507726,4.05693329533365
40,"skew","null",19,"ols",500,0,0,NA,0.048,0.014,0.044258945124638,0.000634286885142074,3.68736571290163
40,"skew","null",19,"modt",500,0,0,NA,0.054,0.012,0.0445105562365614,0.00117185777634807,3.68736571290163
40,"skew","null",19,"fl_199",500,0,0,NA,0.05,0.008,0.037,0.005,3.68736571290163
40,"skew","null",19,"fl_999",500,0,0,NA,0.056,0.01,0.041,0.001,3.68736571290163
40,"skew","null",19,"fl_9999",500,0,0,NA,0.048,0.014,0.0456,5e-04,3.68736571290163
40,"skew","null",19,"pvw_199",500,0,0,NA,0.054,0.01,0.0521314029474154,0.000864499797477519,3.68736571290163
40,"skew","null",19,"pvt_199",500,1,1,NA,0.064,0.02,0.0606058694533053,9.31780150729518e-05,3.68736571290163
40,"skew","null",19,"mm_199",500,0,0,NA,0.054,0.012,0.105350124957951,0.00019325553342716,3.68736571290163
40,"skew","null",19,"pvw_999",500,0,0,NA,0.052,0.012,0.0534380316655218,0.000935148736188843,3.68736571290163
40,"skew","null",19,"pvt_999",500,0,0,NA,0.066,0.016,0.0648504879912935,0.000139027097635376,3.68736571290163
40,"skew","null",19,"mm_999",500,0,0,NA,0.05,0.012,0.108,0.000182612905879988,3.68736571290163
40,"skew","null",20,"ols",500,0,0,NA,0.028,0.01,0.0311274132229338,0.00023587515701832,3.61011093745962
40,"skew","null",20,"modt",500,0,0,NA,0.032,0.01,0.03293787140982,0.000311683185434762,3.61011093745962
40,"skew","null",20,"fl_199",500,0,0,NA,0.038,0.006,0.0249999999999999,0.005,3.61011093745962
40,"skew","null",20,"fl_999",500,0,0,NA,0.034,0.01,0.028,0.001,3.61011093745962
40,"skew","null",20,"fl_9999",500,0,0,NA,0.036,0.01,0.0246,3e-04,3.61011093745962
40,"skew","null",20,"pvw_199",500,0,0,NA,0.04,0.01,0.041334556521416,0.00054850182179856,3.61011093745962
40,"skew","null",20,"pvt_199",500,1,1,NA,0.054,0.014,0.045171029213113,2.18296848041298e-05,3.61011093745962
40,"skew","null",20,"mm_199",500,1,1,NA,0.038,0.012,0.0802545937301106,3.90144580010476e-05,3.61011093745962
40,"skew","null",20,"pvw_999",500,0,0,NA,0.034,0.01,0.0427025068973602,0.000428954901084736,3.61011093745962
40,"skew","null",20,"pvt_999",500,1,1,NA,0.05,0.012,0.047633987076389,1.59584975723458e-05,3.61011093745962
40,"skew","null",20,"mm_999",500,0,0,NA,0.034,0.01,0.09,0.00013982449034453,3.61011093745962
100,"skew","null",1,"ols",500,0,0,NA,0.038,0.004,0.0410483347711642,0.00297255437506119,3.75649639463581
100,"skew","null",1,"modt",500,0,0,NA,0.036,0.004,0.0398224890476634,0.00329519249915105,3.75649639463581
100,"skew","null",1,"fl_199",500,0,0,NA,0.028,0.002,0.038,0.005,3.75649639463581
100,"skew","null",1,"fl_999",500,0,0,NA,0.032,0.006,0.046,0.004,3.75649639463581
100,"skew","null",1,"fl_9999",500,0,0,NA,0.036,0.004,0.0425,0.0038,3.75649639463581
100,"skew","null",1,"pvw_199",500,0,0,NA,0.032,0.002,0.0291277924877164,0.00338504449854209,3.75649639463581
100,"skew","null",1,"pvt_199",500,0,0,NA,0.04,0.004,0.0287248585133633,0.00216271163201156,3.75649639463581
100,"skew","null",1,"mm_199",500,0,0,NA,0.03,0.01,0.0740463371318071,0.00196969529802275,3.75649639463581
100,"skew","null",1,"pvw_999",500,0,0,NA,0.036,0.004,0.0375888572948172,0.00361703875984293,3.75649639463581
100,"skew","null",1,"pvt_999",500,0,0,NA,0.038,0.006,0.0330786396698541,0.00239991444227906,3.75649639463581
100,"skew","null",1,"mm_999",500,0,0,NA,0.036,0.006,0.1,0.00368369496862041,3.75649639463581
100,"skew","null",2,"ols",500,0,0,NA,0.054,0.008,0.0476514555734736,0.000163015747788436,3.64910329975013
100,"skew","null",2,"modt",500,0,0,NA,0.052,0.004,0.0469011642845037,0.000171187704438701,3.64910329975013
100,"skew","null",2,"fl_199",500,0,0,NA,0.044,0.004,0.052,0.005,3.64910329975013
100,"skew","null",2,"fl_999",500,0,0,NA,0.05,0.004,0.0499999999999999,0.001,3.64910329975013
100,"skew","null",2,"fl_9999",500,0,0,NA,0.05,0.004,0.048,3e-04,3.64910329975013
100,"skew","null",2,"pvw_199",500,0,0,NA,0.056,0.006,0.0409527637394793,0.00016532470700552,3.64910329975013
100,"skew","null",2,"pvt_199",500,1,1,NA,0.06,0.008,0.0410710963604738,4.97664535057573e-05,3.64910329975013
100,"skew","null",2,"mm_199",500,1,1,NA,0.06,0.008,0.08,6.39158568873326e-05,3.64910329975013
100,"skew","null",2,"pvw_999",500,0,0,NA,0.056,0.006,0.0452363667977587,0.000127656968711164,3.64910329975013
100,"skew","null",2,"pvt_999",500,1,1,NA,0.056,0.01,0.0451055677985366,3.54071934713838e-05,3.64910329975013
100,"skew","null",2,"mm_999",500,1,1,NA,0.052,0.004,0.102,8.08240074507658e-05,3.64910329975013
100,"skew","null",3,"ols",500,0,0,NA,0.05,0.018,0.0411919094073196,0.000707348741605357,3.69555198400618
100,"skew","null",3,"modt",500,0,0,NA,0.05,0.018,0.0404090674589963,0.00069406708347143,3.69555198400618
100,"skew","null",3,"fl_199",500,0,0,NA,0.048,0.008,0.044,0.005,3.69555198400618
100,"skew","null",3,"fl_999",500,0,0,NA,0.048,0.018,0.036,0.002,3.69555198400618
100,"skew","null",3,"fl_9999",500,0,0,NA,0.054,0.018,0.0396,9e-04,3.69555198400618
100,"skew","null",3,"pvw_199",500,0,0,NA,0.058,0.026,0.0489012371703027,0.000724855918387705,3.69555198400618
100,"skew","null",3,"pvt_199",500,0,0,NA,0.064,0.028,0.0515182136564493,0.000482262786841518,3.69555198400618
100,"skew","null",3,"mm_199",500,0,0,NA,0.054,0.028,0.110466540152427,0.000149372445779083,3.69555198400618
100,"skew","null",3,"pvw_999",500,0,0,NA,0.05,0.018,0.0441682804869651,0.000667564046323824,3.69555198400618
100,"skew","null",3,"pvt_999",500,0,0,NA,0.058,0.02,0.0468099826646017,0.00022547434716094,3.69555198400618
100,"skew","null",3,"mm_999",500,0,0,NA,0.052,0.02,0.072,0.00059164164536748,3.69555198400618
100,"skew","null",4,"ols",500,0,0,NA,0.064,0.002,0.0405110386859778,0.00298971587906697,4.03573435706801
100,"skew","null",4,"modt",500,0,0,NA,0.064,0.002,0.0408523756252042,0.00666007917641136,4.03573435706801
100,"skew","null",4,"fl_199",500,0,0,NA,0.058,0.004,0.034,0.005,4.03573435706801
100,"skew","null",4,"fl_999",500,0,0,NA,0.06,0.006,0.039,0.003,4.03573435706801
100,"skew","null",4,"fl_9999",500,0,0,NA,0.064,0.002,0.0418999999999999,0.0021,4.03573435706801
100,"skew","null",4,"pvw_199",500,0,0,NA,0.062,0.006,0.0374940565196509,0.00228978534533419,4.03573435706801
100,"skew","null",4,"pvt_199",500,0,0,NA,0.068,0.006,0.0375938595639709,0.00123788125503519,4.03573435706801
100,"skew","null",4,"mm_199",500,0,0,NA,0.064,0.006,0.0949276534294868,0.000368227309753236,4.03573435706801
100,"skew","null",4,"pvw_999",500,0,0,NA,0.062,0.006,0.0367399103567049,0.00199982412895657,4.03573435706801
100,"skew","null",4,"pvt_999",500,0,0,NA,0.066,0.01,0.0367477281033683,0.00117775976203649,4.03573435706801
100,"skew","null",4,"mm_999",500,0,0,NA,0.062,0.008,0.074,0.00126843611363597,4.03573435706801
100,"skew","null",5,"ols",500,0,0,NA,0.05,0.006,0.024558974959457,0.000384810414139289,3.92194878334366
100,"skew","null",5,"modt",500,0,0,NA,0.052,0.006,0.0241430685312681,0.000383423260385168,3.92194878334366
100,"skew","null",5,"fl_199",500,0,0,NA,0.046,0.002,0.032,0.005,3.92194878334366
100,"skew","null",5,"fl_999",500,0,0,NA,0.05,0.006,0.026,0.002,3.92194878334366
100,"skew","null",5,"fl_9999",500,0,0,NA,0.05,0.006,0.0271,5e-04,3.92194878334366
100,"skew","null",5,"pvw_199",500,0,0,NA,0.052,0.01,0.0229908406152007,0.000137492518305127,3.92194878334366
100,"skew","null",5,"pvt_199",500,1,1,NA,0.058,0.012,0.0225496988024715,3.50175605527829e-05,3.92194878334366
100,"skew","null",5,"mm_199",500,1,1,NA,0.052,0.01,0.105239760936765,9.61507890763822e-07,3.92194878334366
100,"skew","null",5,"pvw_999",500,0,0,NA,0.052,0.006,0.0234245135741123,0.000434814937515956,3.92194878334366
100,"skew","null",5,"pvt_999",500,0,0,NA,0.052,0.006,0.0230422179465889,0.000184075137391064,3.92194878334366
100,"skew","null",5,"mm_999",500,0,0,NA,0.05,0.006,0.0613063731957264,0.000508986717253981,3.92194878334366
100,"skew","null",6,"ols",500,0,0,NA,0.05,0.008,0.0465200720731088,0.00541437603667951,3.94888363007315
100,"skew","null",6,"modt",500,0,0,NA,0.05,0.008,0.0472961746234773,0.00534900988274075,3.94888363007315
100,"skew","null",6,"fl_199",500,0,0,NA,0.046,0.004,0.043,0.005,3.94888363007315
100,"skew","null",6,"fl_999",500,0,0,NA,0.054,0.008,0.046,0.003,3.94888363007315
100,"skew","null",6,"fl_9999",500,0,0,NA,0.052,0.008,0.0428,0.0045,3.94888363007315
100,"skew","null",6,"pvw_199",500,0,0,NA,0.054,0.008,0.0509190217125026,0.00545913441871191,3.94888363007315
100,"skew","null",6,"pvt_199",500,0,0,NA,0.062,0.012,0.0560926392578904,0.00289408712171087,3.94888363007315
100,"skew","null",6,"mm_199",500,0,0,NA,0.056,0.012,0.0882503819309691,0.00223176630341934,3.94888363007315
100,"skew","null",6,"pvw_999",500,0,0,NA,0.052,0.008,0.0488429320897959,0.00538750434131466,3.94888363007315
100,"skew","null",6,"pvt_999",500,0,0,NA,0.058,0.012,0.0503801619713315,0.00375776746877547,3.94888363007315
100,"skew","null",6,"mm_999",500,0,0,NA,0.052,0.01,0.086,0.00333839177870395,3.94888363007315
100,"skew","null",7,"ols",500,0,0,NA,0.048,0.01,0.0370556978370981,0.00018800755538734,3.85604591953247
100,"skew","null",7,"modt",500,0,0,NA,0.046,0.014,0.0364641838333523,0.000262201781786147,3.85604591953247
100,"skew","null",7,"fl_199",500,0,0,NA,0.046,0.006,0.039,0.005,3.85604591953247
100,"skew","null",7,"fl_999",500,0,0,NA,0.046,0.014,0.032,0.001,3.85604591953247
100,"skew","null",7,"fl_9999",500,0,0,NA,0.05,0.01,0.0357,4e-04,3.85604591953247
100,"skew","null",7,"pvw_199",500,0,0,NA,0.05,0.012,0.0299282691566356,0.000564573148929712,3.85604591953247
100,"skew","null",7,"pvt_199",500,0,0,NA,0.054,0.016,0.0300500026918864,0.000215476252671908,3.85604591953247
100,"skew","null",7,"mm_199",500,0,0,NA,0.052,0.014,0.0804061584704655,0.000362671675253775,3.85604591953247
100,"skew","null",7,"pvw_999",500,0,0,NA,0.048,0.01,0.0304761026541722,0.000375396956574557,3.85604591953247
100,"skew","null",7,"pvt_999",500,0,0,NA,0.058,0.016,0.0304499895429817,0.000140048832148999,3.85604591953247
100,"skew","null",7,"mm_999",500,1,1,NA,0.05,0.014,0.086,9.10811250290103e-05,3.85604591953247
100,"skew","null",8,"ols",500,0,0,NA,0.042,0.006,0.0242893629741898,0.000421232339948207,3.70787797921864
100,"skew","null",8,"modt",500,0,0,NA,0.038,0.008,0.0239482724606239,0.000352966200101727,3.70787797921864
100,"skew","null",8,"fl_199",500,0,0,NA,0.042,0.006,0.035,0.005,3.70787797921864
100,"skew","null",8,"fl_999",500,0,0,NA,0.042,0.008,0.025,0.001,3.70787797921864
100,"skew","null",8,"fl_9999",500,0,0,NA,0.042,0.008,0.0254000000000001,4e-04,3.70787797921864
100,"skew","null",8,"pvw_199",500,0,0,NA,0.048,0.008,0.0254146777597694,0.000168534677136826,3.70787797921864
100,"skew","null",8,"pvt_199",500,1,1,NA,0.05,0.008,0.0324753083664766,8.55375092843843e-05,3.70787797921864
100,"skew","null",8,"mm_199",500,1,1,NA,0.046,0.01,0.0985772917113138,9.46326768917962e-05,3.70787797921864
100,"skew","null",8,"pvw_999",500,0,0,NA,0.04,0.006,0.0254228650307003,0.000383202113127769,3.70787797921864
100,"skew","null",8,"pvt_999",500,0,0,NA,0.044,0.008,0.0260024275798463,0.000164350948590659,3.70787797921864
100,"skew","null",8,"mm_999",500,0,0,NA,0.042,0.008,0.078,0.000303815128681231,3.70787797921864
100,"skew","null",9,"ols",500,0,0,NA,0.05,0.016,0.0370644527284187,0.00228260386171534,3.82591360790892
100,"skew","null",9,"modt",500,0,0,NA,0.052,0.016,0.0375895025975862,0.00277277416124074,3.82591360790892
100,"skew","null",9,"fl_199",500,0,0,NA,0.038,0.006,0.032,0.005,3.82591360790892
100,"skew","null",9,"fl_999",500,0,0,NA,0.05,0.012,0.035,0.002,3.82591360790892
100,"skew","null",9,"fl_9999",500,0,0,NA,0.05,0.016,0.035,0.0023,3.82591360790892
100,"skew","null",9,"pvw_199",500,0,0,NA,0.054,0.018,0.0377124065150206,0.00118257418183781,3.82591360790892
100,"skew","null",9,"pvt_199",500,0,0,NA,0.06,0.02,0.0376648724710599,0.00119694781442142,3.82591360790892
100,"skew","null",9,"mm_199",500,0,0,NA,0.056,0.016,0.0864683811476744,0.000554463777565884,3.82591360790892
100,"skew","null",9,"pvw_999",500,0,0,NA,0.052,0.014,0.0379161131048243,0.00272798705294079,3.82591360790892
100,"skew","null",9,"pvt_999",500,0,0,NA,0.052,0.018,0.0379443507141083,0.00174374872944578,3.82591360790892
100,"skew","null",9,"mm_999",500,0,0,NA,0.052,0.018,0.08,0.00131670807747839,3.82591360790892
100,"skew","null",10,"ols",500,0,0,NA,0.04,0.01,0.0234485049560534,0.00147506704724677,3.97646140015907
100,"skew","null",10,"modt",500,0,0,NA,0.038,0.01,0.0229901930005878,0.00143816391799631,3.97646140015907
100,"skew","null",10,"fl_199",500,0,0,NA,0.038,0.002,0.02,0.005,3.97646140015907
100,"skew","null",10,"fl_999",500,0,0,NA,0.042,0.008,0.023,0.001,3.97646140015907
100,"skew","null",10,"fl_9999",500,0,0,NA,0.04,0.01,0.023,0.0014,3.97646140015907
100,"skew","null",10,"pvw_199",500,0,0,NA,0.048,0.006,0.028090554855477,0.00192925432204624,3.97646140015907
100,"skew","null",10,"pvt_199",500,0,0,NA,0.046,0.01,0.0283840940072403,0.00157949834683855,3.97646140015907
100,"skew","null",10,"mm_199",500,0,0,NA,0.044,0.012,0.0855782300666448,0.000365859642229028,3.97646140015907
100,"skew","null",10,"pvw_999",500,0,0,NA,0.038,0.01,0.029786113032408,0.00158121186827008,3.97646140015907
100,"skew","null",10,"pvt_999",500,0,0,NA,0.048,0.012,0.0293466813083775,0.00080730660305701,3.97646140015907
100,"skew","null",10,"mm_999",500,0,0,NA,0.042,0.01,0.0639999999999999,0.000478724233460287,3.97646140015907
100,"skew","null",11,"ols",500,0,0,NA,0.038,0.006,0.0291259436628085,0.00621340562927444,4.21388345780323
100,"skew","null",11,"modt",500,0,0,NA,0.04,0.006,0.0287075407903475,0.00579373501817582,4.21388345780323
100,"skew","null",11,"fl_199",500,0,0,NA,0.04,0.004,0.033,0.005,4.21388345780323
100,"skew","null",11,"fl_999",500,0,0,NA,0.04,0.006,0.027,0.006,4.21388345780323
100,"skew","null",11,"fl_9999",500,0,0,NA,0.038,0.006,0.0296000000000001,0.0073,4.21388345780323
100,"skew","null",11,"pvw_199",500,0,0,NA,0.044,0.006,0.0253857422416089,0.00394977117234456,4.21388345780323
100,"skew","null",11,"pvt_199",500,0,0,NA,0.044,0.006,0.0250067135556419,0.00241324072459663,4.21388345780323
100,"skew","null",11,"mm_199",500,0,0,NA,0.044,0.012,0.0796299575491054,0.00172342709159361,4.21388345780323
100,"skew","null",11,"pvw_999",500,0,0,NA,0.038,0.006,0.0229174268603237,0.00775181237173909,4.21388345780323
100,"skew","null",11,"pvt_999",500,0,0,NA,0.042,0.006,0.0225175694832059,0.0054119660130008,4.21388345780323
100,"skew","null",11,"mm_999",500,0,0,NA,0.04,0.006,0.088,0.00559554172868298,4.21388345780323
100,"skew","null",12,"ols",500,0,0,NA,0.066,0.01,0.0393017419200118,0.000991925645058559,3.84897018624493
100,"skew","null",12,"modt",500,0,0,NA,0.064,0.008,0.0421835725408984,0.000999335242697476,3.84897018624493
100,"skew","null",12,"fl_199",500,0,0,NA,0.052,0.002,0.051,0.005,3.84897018624493
100,"skew","null",12,"fl_999",500,0,0,NA,0.064,0.006,0.048,0.002,3.84897018624493
100,"skew","null",12,"fl_9999",500,0,0,NA,0.068,0.006,0.0451,0.0014,3.84897018624493
100,"skew","null",12,"pvw_199",500,0,0,NA,0.07,0.012,0.0393312714275178,0.00173639422473131,3.84897018624493
100,"skew","null",12,"pvt_199",500,0,0,NA,0.07,0.016,0.0390181087840198,0.00132619335909425,3.84897018624493
100,"skew","null",12,"mm_199",500,0,0,NA,0.066,0.016,0.0925857330002026,0.00134871022939805,3.84897018624493
100,"skew","null",12,"pvw_999",500,0,0,NA,0.064,0.006,0.0413810256605772,0.00130219967278258,3.84897018624493
100,"skew","null",12,"pvt_999",500,0,0,NA,0.07,0.016,0.0407746799941889,0.000814311400467037,3.84897018624493
100,"skew","null",12,"mm_999",500,0,0,NA,0.066,0.012,0.1,0.00091436592527656,3.84897018624493
100,"skew","null",13,"ols",500,0,0,NA,0.04,0.006,0.0590748887956797,0.000840062214599372,3.728567554188
100,"skew","null",13,"modt",500,0,0,NA,0.044,0.006,0.0553417914057417,0.000937740382054706,3.728567554188
100,"skew","null",13,"fl_199",500,0,0,NA,0.04,0.002,0.068,0.005,3.728567554188
100,"skew","null",13,"fl_999",500,0,0,NA,0.046,0.008,0.0590000000000001,0.004,3.728567554188
100,"skew","null",13,"fl_9999",500,0,0,NA,0.042,0.006,0.0572,0.0014,3.728567554188
100,"skew","null",13,"pvw_199",500,0,0,NA,0.044,0.01,0.053566118005328,0.000924128112919759,3.728567554188
100,"skew","null",13,"pvt_199",500,0,0,NA,0.046,0.014,0.0521021897409786,0.000235064778242682,3.728567554188
100,"skew","null",13,"mm_199",500,1,1,NA,0.048,0.012,0.0897147553866888,7.84372006767311e-05,3.728567554188
100,"skew","null",13,"pvw_999",500,0,0,NA,0.044,0.004,0.0510126233015604,0.000838008748715947,3.728567554188
100,"skew","null",13,"pvt_999",500,0,0,NA,0.048,0.01,0.0504584611717665,0.000447042174241114,3.728567554188
100,"skew","null",13,"mm_999",500,0,0,NA,0.046,0.006,0.094,0.00177603402297736,3.728567554188
100,"skew","null",14,"ols",500,0,0,NA,0.038,0.008,0.0369225825684065,0.00300190757695927,3.72655124495109
100,"skew","null",14,"modt",500,0,0,NA,0.04,0.008,0.0378920409631807,0.00304417903976179,3.72655124495109
100,"skew","null",14,"fl_199",500,0,0,NA,0.036,0.002,0.048,0.005,3.72655124495109
100,"skew","null",14,"fl_999",500,0,0,NA,0.038,0.01,0.038,0.005,3.72655124495109
100,"skew","null",14,"fl_9999",500,0,0,NA,0.04,0.01,0.0388,0.0029,3.72655124495109
100,"skew","null",14,"pvw_199",500,0,0,NA,0.036,0.008,0.0308982113956916,0.00374922693265613,3.72655124495109
100,"skew","null",14,"pvt_199",500,0,0,NA,0.042,0.008,0.0301347597362577,0.00218552283009001,3.72655124495109
100,"skew","null",14,"mm_199",500,0,0,NA,0.036,0.008,0.0911736208047886,0.00167133866993802,3.72655124495109
100,"skew","null",14,"pvw_999",500,0,0,NA,0.038,0.01,0.0339371917294967,0.00283036545483535,3.72655124495109
100,"skew","null",14,"pvt_999",500,0,0,NA,0.042,0.01,0.0327214067826847,0.00171843657245233,3.72655124495109
100,"skew","null",14,"mm_999",500,0,0,NA,0.038,0.008,0.098,0.00367043360342863,3.72655124495109
100,"skew","null",15,"ols",500,0,0,NA,0.056,0.008,0.0435573925464541,0.00201064914996537,4.18896260477308
100,"skew","null",15,"modt",500,0,0,NA,0.054,0.008,0.0436295204118089,0.00187706245344077,4.18896260477308
100,"skew","null",15,"fl_199",500,0,0,NA,0.05,0.002,0.0489999999999999,0.005,4.18896260477308
100,"skew","null",15,"fl_999",500,0,0,NA,0.054,0.008,0.048,0.003,4.18896260477308
100,"skew","null",15,"fl_9999",500,0,0,NA,0.052,0.008,0.045,0.0022,4.18896260477308
100,"skew","null",15,"pvw_199",500,0,0,NA,0.05,0.008,0.0449923053679856,0.00203509317969845,4.18896260477308
100,"skew","null",15,"pvt_199",500,0,0,NA,0.062,0.008,0.0442702281767163,0.000891500013885467,4.18896260477308
100,"skew","null",15,"mm_199",500,0,0,NA,0.054,0.012,0.089587936913038,0.000333448000501227,4.18896260477308
100,"skew","null",15,"pvw_999",500,0,0,NA,0.052,0.008,0.0427859243781404,0.00202749750253011,4.18896260477308
100,"skew","null",15,"pvt_999",500,0,0,NA,0.06,0.01,0.0418249541674981,0.00111010651571046,4.18896260477308
100,"skew","null",15,"mm_999",500,0,0,NA,0.05,0.008,0.086,0.00214960129381231,4.18896260477308
100,"skew","null",16,"ols",500,0,0,NA,0.058,0.006,0.0276174715447238,0.00029256743259792,3.68087412969142
100,"skew","null",16,"modt",500,0,0,NA,0.062,0.006,0.0313204528052603,0.00042866367820231,3.68087412969142
100,"skew","null",16,"fl_199",500,0,0,NA,0.048,0.008,0.031,0.005,3.68087412969142
100,"skew","null",16,"fl_999",500,0,0,NA,0.056,0.006,0.027,0.001,3.68087412969142
100,"skew","null",16,"fl_9999",500,0,0,NA,0.062,0.006,0.0276999999999999,3e-04,3.68087412969142
100,"skew","null",16,"pvw_199",500,0,0,NA,0.06,0.006,0.0321642114137445,0.000594549153588921,3.68087412969142
100,"skew","null",16,"pvt_199",500,0,0,NA,0.066,0.012,0.0323796888739826,0.000305213897080049,3.68087412969142
100,"skew","null",16,"mm_199",500,0,0,NA,0.054,0.014,0.0889294466609875,0.000401193012348205,3.68087412969142
100,"skew","null",16,"pvw_999",500,0,0,NA,0.056,0.006,0.0360389302987894,0.000395738191600878,3.68087412969142
100,"skew","null",16,"pvt_999",500,0,0,NA,0.064,0.006,0.0363731879086697,0.000140780304972356,3.68087412969142
100,"skew","null",16,"mm_999",500,0,0,NA,0.058,0.006,0.074,0.000337112733830596,3.68087412969142
100,"skew","null",17,"ols",500,0,0,NA,0.054,0.004,0.0572299354499247,0.000806077246744057,3.46904245147043
100,"skew","null",17,"modt",500,0,0,NA,0.052,0.004,0.0595723446268629,0.000753980370625797,3.46904245147043
100,"skew","null",17,"fl_199",500,0,0,NA,0.044,0.004,0.058,0.005,3.46904245147043
100,"skew","null",17,"fl_999",500,0,0,NA,0.048,0.008,0.058,0.001,3.46904245147043
100,"skew","null",17,"fl_9999",500,0,0,NA,0.056,0.004,0.0589000000000001,6e-04,3.46904245147043
100,"skew","null",17,"pvw_199",500,0,0,NA,0.048,0.006,0.0494909710123038,0.00068612151361208,3.46904245147043
100,"skew","null",17,"pvt_199",500,0,0,NA,0.056,0.008,0.0474970268797068,0.000340938651820438,3.46904245147043
100,"skew","null",17,"mm_199",500,1,1,NA,0.054,0.008,0.076,3.61755620775446e-05,3.46904245147043
100,"skew","null",17,"pvw_999",500,0,0,NA,0.052,0.004,0.0527725899367509,0.000597591811222294,3.46904245147043
100,"skew","null",17,"pvt_999",500,0,0,NA,0.058,0.01,0.0520029711700515,0.00026297175406084,3.46904245147043
100,"skew","null",17,"mm_999",500,0,0,NA,0.05,0.004,0.104,0.000215344879434796,3.46904245147043
100,"skew","null",18,"ols",500,0,0,NA,0.062,0.018,0.0473445283977759,0.00151826809046973,3.96610261158285
100,"skew","null",18,"modt",500,0,0,NA,0.062,0.02,0.0468525306964414,0.00127106773033903,3.96610261158285
100,"skew","null",18,"fl_199",500,0,0,NA,0.064,0.012,0.04,0.005,3.96610261158285
100,"skew","null",18,"fl_999",500,0,0,NA,0.066,0.026,0.043,0.003,3.96610261158285
100,"skew","null",18,"fl_9999",500,0,0,NA,0.064,0.02,0.0471999999999999,0.0016,3.96610261158285
100,"skew","null",18,"pvw_199",500,0,0,NA,0.066,0.016,0.0495953539781184,0.00092832112774461,3.96610261158285
100,"skew","null",18,"pvt_199",500,0,0,NA,0.068,0.02,0.0496853562555211,0.000427206289525159,3.96610261158285
100,"skew","null",18,"mm_199",500,0,0,NA,0.066,0.024,0.0790831040486545,0.000418123699377363,3.96610261158285
100,"skew","null",18,"pvw_999",500,0,0,NA,0.066,0.02,0.0463615606678578,0.00140741035514613,3.96610261158285
100,"skew","null",18,"pvt_999",500,0,0,NA,0.074,0.02,0.0467812117243355,0.000689076213085243,3.96610261158285
100,"skew","null",18,"mm_999",500,0,0,NA,0.064,0.022,0.084,0.00123579922815091,3.96610261158285
100,"skew","null",19,"ols",500,0,0,NA,0.05,0.012,0.0559633701912683,0.000540516199958855,3.80102840930637
100,"skew","null",19,"modt",500,0,0,NA,0.048,0.014,0.0552626582411607,0.00123861264698197,3.80102840930637
100,"skew","null",19,"fl_199",500,0,0,NA,0.056,0.006,0.0579999999999999,0.005,3.80102840930637
100,"skew","null",19,"fl_999",500,0,0,NA,0.054,0.01,0.0579999999999999,0.001,3.80102840930637
100,"skew","null",19,"fl_9999",500,0,0,NA,0.052,0.014,0.0570999999999999,9e-04,3.80102840930637
100,"skew","null",19,"pvw_199",500,0,0,NA,0.056,0.018,0.053219825943205,0.00114289238359749,3.80102840930637
100,"skew","null",19,"pvt_199",500,0,0,NA,0.06,0.018,0.0530443311423952,0.000487128347811203,3.80102840930637
100,"skew","null",19,"mm_199",500,0,0,NA,0.058,0.018,0.0855275625245006,0.000838334338689733,3.80102840930637
100,"skew","null",19,"pvw_999",500,0,0,NA,0.056,0.014,0.0551169754003654,0.000698803063890713,3.80102840930637
100,"skew","null",19,"pvt_999",500,0,0,NA,0.058,0.016,0.0551861583030386,0.000260248407150134,3.80102840930637
100,"skew","null",19,"mm_999",500,0,0,NA,0.054,0.014,0.086,0.000493029656633746,3.80102840930637
100,"skew","null",20,"ols",500,0,0,NA,0.064,0.014,0.0321342457992438,0.00229900526069619,4.08086593067373
100,"skew","null",20,"modt",500,0,0,NA,0.066,0.014,0.0304682220928891,0.00202065804239143,4.08086593067373
100,"skew","null",20,"fl_199",500,0,0,NA,0.05,0.002,0.037,0.005,4.08086593067373
100,"skew","null",20,"fl_999",500,0,0,NA,0.06,0.012,0.037,0.005,4.08086593067373
100,"skew","null",20,"fl_9999",500,0,0,NA,0.066,0.012,0.0318000000000001,0.0032,4.08086593067373
100,"skew","null",20,"pvw_199",500,0,0,NA,0.062,0.012,0.0324761406432278,0.00127550673618939,4.08086593067373
100,"skew","null",20,"pvt_199",500,0,0,NA,0.066,0.016,0.0365283509583572,0.000499193580324463,4.08086593067373
100,"skew","null",20,"mm_199",500,0,0,NA,0.058,0.016,0.103621553442547,0.00202133190149086,4.08086593067373
100,"skew","null",20,"pvw_999",500,0,0,NA,0.066,0.014,0.0342878023576855,0.00194425483292475,4.08086593067373
100,"skew","null",20,"pvt_999",500,0,0,NA,0.07,0.014,0.0369689892437615,0.00120591925974749,4.08086593067373
100,"skew","null",20,"mm_999",500,0,0,NA,0.062,0.014,0.088,0.00284558398263597,4.08086593067373
10,"hetero","null",2,"ols",500,0,0,NA,0.128,0.032,0.163538007735347,0.000216674534958592,3.35115356037988
10,"hetero","null",2,"modt",500,0,0,NA,0.138,0.044,0.175300958799839,0.000296887095844104,3.35115356037988
10,"hetero","null",2,"fl_199",500,0,0,NA,0.102,0,0.171,0.01,3.35115356037988
10,"hetero","null",2,"fl_999",500,0,0,NA,0.118,0.024,0.167,0.005,3.35115356037988
10,"hetero","null",2,"fl_9999",500,0,0,NA,0.12,0.018,0.169,0.0062,3.35115356037988
10,"hetero","null",2,"pvw_199",500,0,0,NA,0.138,0.014,0.226061204821692,0.0064367388054118,3.35115356037988
10,"hetero","null",2,"pvt_199",500,1,63,NA,0.266,0.14,0.266634174919808,1.60355667991755e-15,3.35115356037988
10,"hetero","null",2,"mm_199",500,0,0,NA,0.126,0.028,0.19011856382263,0.00592531374530989,3.35115356037988
10,"hetero","null",2,"pvw_999",500,0,0,NA,0.138,0.02,0.223525714979526,0.00388728971662062,3.35115356037988
10,"hetero","null",2,"pvt_999",500,1,58,NA,0.252,0.134,0.257728994979324,2.25618397526922e-14,3.35115356037988
10,"hetero","null",2,"mm_999",500,0,0,NA,0.116,0.032,0.204081549066481,0.00320646784879127,3.35115356037988
10,"hetero","null",3,"ols",500,0,0,NA,0.066,0.008,0.0753504141038823,0.0031313157406881,4.11974830532354
10,"hetero","null",3,"modt",500,0,0,NA,0.074,0.018,0.0620364181372517,0.00341812412359996,4.11974830532354
10,"hetero","null",3,"fl_199",500,0,0,NA,0.044,0.004,0.079,0.005,4.11974830532354
10,"hetero","null",3,"fl_999",500,0,0,NA,0.064,0.012,0.074,0.002,4.11974830532354
10,"hetero","null",3,"fl_9999",500,0,0,NA,0.062,0.008,0.0714,0.0022,4.11974830532354
10,"hetero","null",3,"pvw_199",500,0,0,NA,0.062,0,0.133499520404811,0.0135116598827893,4.11974830532354
10,"hetero","null",3,"pvt_199",500,1,23,NA,0.2,0.1,0.181949982756056,4.39314285108458e-07,4.11974830532354
10,"hetero","null",3,"mm_199",500,0,0,NA,0.044,0.006,0.154,0.00193046379770898,4.11974830532354
10,"hetero","null",3,"pvw_999",500,0,0,NA,0.076,0,0.131782309206084,0.012058757285376,4.11974830532354
10,"hetero","null",3,"pvt_999",500,1,21,NA,0.19,0.09,0.173688848027522,5.77058450689678e-07,4.11974830532354
10,"hetero","null",3,"mm_999",500,0,0,NA,0.078,0.012,0.28,0.00261272609219517,4.11974830532354
10,"hetero","null",4,"ols",500,0,0,NA,0.028,0.006,0.0727399571215059,0.00742055693734658,3.83702043480149
10,"hetero","null",4,"modt",500,0,0,NA,0.042,0.004,0.0651469128022033,0.00506842763728903,3.83702043480149
10,"hetero","null",4,"fl_199",500,0,0,NA,0.03,0.006,0.077,0.005,3.83702043480149
10,"hetero","null",4,"fl_999",500,0,0,NA,0.024,0.002,0.0690000000000001,0.007,3.83702043480149
10,"hetero","null",4,"fl_9999",500,0,0,NA,0.034,0.004,0.0724,0.0055,3.83702043480149
10,"hetero","null",4,"pvw_199",500,0,0,NA,0.028,0.002,0.034289307416118,0.00959118811952085,3.83702043480149
10,"hetero","null",4,"pvt_199",500,1,3,NA,0.092,0.038,0.0723576102162576,1.06546331338303e-05,3.83702043480149
10,"hetero","null",4,"mm_199",500,0,0,NA,0.034,0.008,0.176,0.000696916420979423,3.83702043480149
10,"hetero","null",4,"pvw_999",500,0,0,NA,0.03,0,0.0352774590339725,0.0152342500526466,3.83702043480149
10,"hetero","null",4,"pvt_999",500,1,3,NA,0.086,0.036,0.0706578640125818,1.50358078893265e-05,3.83702043480149
10,"hetero","null",4,"mm_999",500,0,0,NA,0.036,0.002,0.334,0.00586991740386557,3.83702043480149
10,"hetero","null",5,"ols",500,0,0,NA,0.108,0.03,0.106376071040821,0.000645056232629386,4.13421782793321
10,"hetero","null",5,"modt",500,0,0,NA,0.106,0.032,0.113266541027881,0.000971442704737552,4.13421782793321
10,"hetero","null",5,"fl_199",500,0,0,NA,0.098,0.022,0.106,0.005,4.13421782793321
10,"hetero","null",5,"fl_999",500,0,0,NA,0.114,0.03,0.109,0.001,4.13421782793321
10,"hetero","null",5,"fl_9999",500,0,0,NA,0.112,0.028,0.1038,4e-04,4.13421782793321
10,"hetero","null",5,"pvw_199",500,0,0,NA,0.112,0.008,0.163504285365859,0.00536453507528833,4.13421782793321
10,"hetero","null",5,"pvt_199",500,1,48,NA,0.208,0.114,0.197115357032269,5.97349527639287e-11,4.13421782793321
10,"hetero","null",5,"mm_199",500,1,8,NA,0.098,0.046,0.158,7.55364638756972e-05,4.13421782793321
10,"hetero","null",5,"pvw_999",500,0,0,NA,0.126,0.012,0.163292618730664,0.00457256362605057,4.13421782793321
10,"hetero","null",5,"pvt_999",500,1,44,NA,0.206,0.116,0.195249355833384,1.19054866606349e-10,4.13421782793321
10,"hetero","null",5,"mm_999",500,0,0,NA,0.11,0.034,0.292,0.000240447583498769,4.13421782793321
10,"hetero","null",6,"ols",500,1,1,NA,0.042,0.008,0.0214636097655186,2.23959687141581e-05,3.28787159908208
10,"hetero","null",6,"modt",500,0,0,NA,0.036,0.008,0.0298336144207783,0.00185422175328058,3.28787159908208
10,"hetero","null",6,"fl_199",500,0,0,NA,0.038,0.004,0.0289999999999999,0.005,3.28787159908208
10,"hetero","null",6,"fl_999",500,0,0,NA,0.042,0.008,0.022,0.002,3.28787159908208
10,"hetero","null",6,"fl_9999",500,0,0,NA,0.042,0.008,0.0222,3e-04,3.28787159908208
10,"hetero","null",6,"pvw_199",500,0,0,NA,0.044,0.004,0.0632443071693032,0.00393380637856125,3.28787159908208
10,"hetero","null",6,"pvt_199",500,1,6,NA,0.114,0.046,0.10681716295533,9.17024637404341e-31,3.28787159908208
10,"hetero","null",6,"mm_199",500,1,2,NA,0.044,0.01,0.196,4.87868714663899e-08,3.28787159908208
10,"hetero","null",6,"pvw_999",500,0,0,NA,0.052,0.004,0.0659032708572426,0.00443061842956761,3.28787159908208
10,"hetero","null",6,"pvt_999",500,1,6,NA,0.118,0.05,0.109255652723213,1.98597606855512e-29,3.28787159908208
10,"hetero","null",6,"mm_999",500,0,0,NA,0.06,0.006,0.392,0.000899572068957163,3.28787159908208
10,"hetero","null",7,"ols",500,0,0,NA,0.05,0.01,0.0338012203196834,0.000465052376706135,4.00176320034932
10,"hetero","null",7,"modt",500,0,0,NA,0.048,0.004,0.0266129287987431,0.00350574686226507,4.00176320034932
10,"hetero","null",7,"fl_199",500,0,0,NA,0.046,0.006,0.031,0.005,4.00176320034932
10,"hetero","null",7,"fl_999",500,0,0,NA,0.05,0.008,0.038,0.002,4.00176320034932
10,"hetero","null",7,"fl_9999",500,0,0,NA,0.054,0.01,0.0323,0.0012,4.00176320034932
10,"hetero","null",7,"pvw_199",500,0,0,NA,0.062,0.004,0.0779090657608638,0.0053256101515887,4.00176320034932
10,"hetero","null",7,"pvt_199",500,1,11,NA,0.128,0.064,0.090328392548248,1.13878717260417e-12,4.00176320034932
10,"hetero","null",7,"mm_199",500,1,2,NA,0.05,0.012,0.238,1.86008645990993e-06,4.00176320034932
10,"hetero","null",7,"pvw_999",500,0,0,NA,0.06,0.004,0.0800689176729489,0.00600532682864491,4.00176320034932
10,"hetero","null",7,"pvt_999",500,1,12,NA,0.122,0.062,0.090208151023375,1.27056544133999e-12,4.00176320034932
10,"hetero","null",7,"mm_999",500,0,0,NA,0.068,0.008,0.434,0.00184904609425788,4.00176320034932
10,"hetero","null",8,"ols",500,1,1,NA,0.074,0.016,0.061214719894373,1.44294640021122e-05,3.9835239655287
10,"hetero","null",8,"modt",500,1,1,NA,0.074,0.024,0.0669285799646816,4.52332871858877e-06,3.9835239655287
10,"hetero","null",8,"fl_199",500,0,0,NA,0.066,0.004,0.061,0.005,3.9835239655287
10,"hetero","null",8,"fl_999",500,0,0,NA,0.072,0.018,0.059,0.003,3.9835239655287
10,"hetero","null",8,"fl_9999",500,0,0,NA,0.072,0.018,0.0597,0.0012,3.9835239655287
10,"hetero","null",8,"pvw_199",500,0,0,NA,0.09,0.01,0.119323680801858,0.00277265895826785,3.9835239655287
10,"hetero","null",8,"pvt_199",500,1,31,NA,0.152,0.086,0.15269458123995,2.50006526517752e-36,3.9835239655287
10,"hetero","null",8,"mm_199",500,0,0,NA,0.072,0.024,0.196,0.000988723887936467,3.9835239655287
10,"hetero","null",8,"pvw_999",500,0,0,NA,0.082,0.01,0.11011403494037,0.0031497275478551,3.9835239655287
10,"hetero","null",8,"pvt_999",500,1,28,NA,0.152,0.082,0.152900648598021,1.5991608844014e-33,3.9835239655287
10,"hetero","null",8,"mm_999",500,0,0,NA,0.07,0.02,0.342,0.00166452782247124,3.9835239655287
10,"hetero","null",9,"ols",500,0,0,NA,0.104,0.034,0.134116356538589,0.000306270855278433,3.61495709329925
10,"hetero","null",9,"modt",500,0,0,NA,0.104,0.036,0.141666554239743,0.000275353384367848,3.61495709329925
10,"hetero","null",9,"fl_199",500,0,0,NA,0.106,0.026,0.133,0.005,3.61495709329925
10,"hetero","null",9,"fl_999",500,0,0,NA,0.112,0.034,0.134,0.001,3.61495709329925
10,"hetero","null",9,"fl_9999",500,0,0,NA,0.11,0.038,0.1375,4e-04,3.61495709329925
10,"hetero","null",9,"pvw_199",500,0,0,NA,0.134,0.036,0.193894859584818,0.00324255863063065,3.61495709329925
10,"hetero","null",9,"pvt_199",500,1,43,NA,0.212,0.118,0.224857102440272,3.41069310169457e-14,3.61495709329925
10,"hetero","null",9,"mm_199",500,1,5,NA,0.116,0.052,0.150660934762353,0.000158009925221174,3.61495709329925
10,"hetero","null",9,"pvw_999",500,0,0,NA,0.118,0.016,0.197382604809872,0.00588041168812772,3.61495709329925
10,"hetero","null",9,"pvt_999",500,1,45,NA,0.216,0.118,0.226104829133123,2.10871741496817e-14,3.61495709329925
10,"hetero","null",9,"mm_999",500,0,0,NA,0.11,0.036,0.276,0.000246755356509405,3.61495709329925
10,"hetero","null",10,"ols",500,0,0,NA,0.046,0.01,0.0348507673979574,0.000932762193718736,4.15327341000972
10,"hetero","null",10,"modt",500,0,0,NA,0.05,0.006,0.036079988171926,0.00131999459623119,4.15327341000972
10,"hetero","null",10,"fl_199",500,0,0,NA,0.046,0.012,0.03,0.005,4.15327341000972
10,"hetero","null",10,"fl_999",500,0,0,NA,0.044,0.01,0.03,0.002,4.15327341000972
10,"hetero","null",10,"fl_9999",500,0,0,NA,0.044,0.01,0.0286,0.0033,4.15327341000972
10,"hetero","null",10,"pvw_199",500,0,0,NA,0.056,0.008,0.0915100452086109,0.00322347883479806,4.15327341000972
10,"hetero","null",10,"pvt_199",500,1,8,NA,0.124,0.048,0.106901545464623,1.96772938096098e-09,4.15327341000972
10,"hetero","null",10,"mm_199",500,1,5,NA,0.056,0.016,0.124,3.51100623515974e-06,4.15327341000972
10,"hetero","null",10,"pvw_999",500,0,0,NA,0.054,0.004,0.0970483860676683,0.00532337648941274,4.15327341000972
10,"hetero","null",10,"pvt_999",500,1,8,NA,0.124,0.052,0.117180240473016,9.88396101340283e-11,4.15327341000972
10,"hetero","null",10,"mm_999",500,0,0,NA,0.048,0.016,0.234,0.00138910197915518,4.15327341000972
10,"hetero","null",11,"ols",500,0,0,NA,0.07,0.016,0.0918960238781337,0.00017943602596591,3.15534935113064
10,"hetero","null",11,"modt",500,0,0,NA,0.084,0.018,0.0805851060074423,0.000122221777793422,3.15534935113064
10,"hetero","null",11,"fl_199",500,0,0,NA,0.056,0.008,0.083,0.005,3.15534935113064
10,"hetero","null",11,"fl_999",500,0,0,NA,0.068,0.018,0.091,0.002,3.15534935113064
10,"hetero","null",11,"fl_9999",500,0,0,NA,0.07,0.02,0.0896,0.0019,3.15534935113064
10,"hetero","null",11,"pvw_199",500,0,0,NA,0.072,0.004,0.139732412718986,0.00673173327079602,3.15534935113064
10,"hetero","null",11,"pvt_199",500,1,25,NA,0.16,0.086,0.189723753078903,1.29564628207963e-16,3.15534935113064
10,"hetero","null",11,"mm_199",500,0,0,NA,0.066,0.022,0.146,0.000522324811641711,3.15534935113064
10,"hetero","null",11,"pvw_999",500,0,0,NA,0.082,0.004,0.141961160254137,0.00448724096922668,3.15534935113064
10,"hetero","null",11,"pvt_999",500,1,27,NA,0.168,0.086,0.186026774948398,4.3710737022219e-16,3.15534935113064
10,"hetero","null",11,"mm_999",500,0,0,NA,0.078,0.016,0.274,0.00128958728347676,3.15534935113064
10,"hetero","null",12,"ols",500,0,0,NA,0.044,0.004,0.0261957774261163,0.00102906249927794,3.99236112073453
10,"hetero","null",12,"modt",500,0,0,NA,0.04,0.01,0.0379927254481786,0.00115997573946916,3.99236112073453
10,"hetero","null",12,"fl_199",500,0,0,NA,0.046,0.004,0.0279999999999999,0.005,3.99236112073453
10,"hetero","null",12,"fl_999",500,0,0,NA,0.05,0.008,0.033,0.001,3.99236112073453
10,"hetero","null",12,"fl_9999",500,0,0,NA,0.052,0.008,0.0337,0.001,3.99236112073453
10,"hetero","null",12,"pvw_199",500,0,0,NA,0.054,0.002,0.08569991663174,0.00608710372453875,3.99236112073453
10,"hetero","null",12,"pvt_199",500,1,12,NA,0.12,0.05,0.111923615719002,4.1359362445297e-10,3.99236112073453
10,"hetero","null",12,"mm_199",500,0,0,NA,0.046,0.004,0.15,0.000686113279608896,3.99236112073453
10,"hetero","null",12,"pvw_999",500,0,0,NA,0.058,0.004,0.0835487362743491,0.00517294211782874,3.99236112073453
10,"hetero","null",12,"pvt_999",500,1,12,NA,0.112,0.05,0.106234693464195,1.37816856238847e-09,3.99236112073453
10,"hetero","null",12,"mm_999",500,0,0,NA,0.056,0.006,0.308,0.00028542811424747,3.99236112073453
10,"hetero","null",13,"ols",500,0,0,NA,0.112,0.034,0.11481530114777,0.00125845934236974,3.78560848161254
10,"hetero","null",13,"modt",500,0,0,NA,0.13,0.04,0.125804800689855,0.00130088118124055,3.78560848161254
10,"hetero","null",13,"fl_199",500,0,0,NA,0.11,0.014,0.12,0.005,3.78560848161254
10,"hetero","null",13,"fl_999",500,0,0,NA,0.108,0.03,0.118,0.001,3.78560848161254
10,"hetero","null",13,"fl_9999",500,0,0,NA,0.11,0.03,0.1177,2e-04,3.78560848161254
10,"hetero","null",13,"pvw_199",500,0,0,NA,0.136,0.02,0.184728653383669,0.00363639368753589,3.78560848161254
10,"hetero","null",13,"pvt_199",500,1,54,NA,0.222,0.122,0.218983131371507,3.99001535299156e-10,3.78560848161254
10,"hetero","null",13,"mm_199",500,1,1,NA,0.11,0.034,0.162,2.57601102016795e-05,3.78560848161254
10,"hetero","null",13,"pvw_999",500,0,0,NA,0.12,0.006,0.175693039720136,0.00794731953410326,3.78560848161254
10,"hetero","null",13,"pvt_999",500,1,54,NA,0.222,0.12,0.21243075236192,8.23416655496024e-09,3.78560848161254
10,"hetero","null",13,"mm_999",500,1,1,NA,0.108,0.024,0.294,8.04794773466216e-05,3.78560848161254
10,"hetero","null",14,"ols",500,0,0,NA,0.138,0.058,0.141375257731686,0.00036182728770427,3.53587008739892
10,"hetero","null",14,"modt",500,0,0,NA,0.142,0.056,0.133824809371123,0.000203552281489899,3.53587008739892
10,"hetero","null",14,"fl_199",500,0,0,NA,0.128,0.004,0.147,0.005,3.53587008739892
10,"hetero","null",14,"fl_999",500,0,0,NA,0.134,0.052,0.146,0.002,3.53587008739892
10,"hetero","null",14,"fl_9999",500,0,0,NA,0.134,0.038,0.1462,0.0049,3.53587008739892
10,"hetero","null",14,"pvw_199",500,0,0,NA,0.142,0.018,0.198545321380919,0.00751073298370609,3.53587008739892
10,"hetero","null",14,"pvt_199",500,1,68,NA,0.218,0.146,0.236912537066809,4.56633457241131e-13,3.53587008739892
10,"hetero","null",14,"mm_199",500,0,0,NA,0.136,0.042,0.155016170743094,0.0043825290862556,3.53587008739892
10,"hetero","null",14,"pvw_999",500,0,0,NA,0.15,0.024,0.20080405464577,0.00584220132743625,3.53587008739892
10,"hetero","null",14,"pvt_999",500,1,69,NA,0.22,0.146,0.233091795479274,1.45557548645963e-12,3.53587008739892
10,"hetero","null",14,"mm_999",500,0,0,NA,0.14,0.064,0.182573206972112,0.00289390322853118,3.53587008739892
10,"hetero","null",15,"ols",500,0,0,NA,0.062,0.006,0.0648778665129818,0.00831602660356228,3.82048808392534
10,"hetero","null",15,"modt",500,0,0,NA,0.054,0.004,0.0649137469501262,0.00579014824819043,3.82048808392534
10,"hetero","null",15,"fl_199",500,0,0,NA,0.048,0,0.0680000000000001,0.015,3.82048808392534
10,"hetero","null",15,"fl_999",500,0,0,NA,0.064,0.002,0.0700000000000001,0.007,3.82048808392534
10,"hetero","null",15,"fl_9999",500,0,0,NA,0.06,0.004,0.0660000000000001,0.0073,3.82048808392534
10,"hetero","null",15,"pvw_199",500,0,0,NA,0.07,0,0.131904275165466,0.0110968548210383,3.82048808392534
10,"hetero","null",15,"pvt_199",500,1,7,NA,0.152,0.068,0.161055150822072,2.30137961405233e-05,3.82048808392534
10,"hetero","null",15,"mm_199",500,0,0,NA,0.05,0.004,0.204,0.00753800974106495,3.82048808392534
10,"hetero","null",15,"pvw_999",500,0,0,NA,0.07,0,0.129784877224191,0.0146159709229655,3.82048808392534
10,"hetero","null",15,"pvt_999",500,1,4,NA,0.148,0.07,0.154688481563943,3.07042126779843e-05,3.82048808392534
10,"hetero","null",15,"mm_999",500,0,0,NA,0.058,0.002,0.348,0.00807349626440909,3.82048808392534
10,"hetero","null",16,"ols",500,0,0,NA,0.126,0.036,0.165287501518894,0.000347161280720015,3.78011001055807
10,"hetero","null",16,"modt",500,1,5,NA,0.142,0.058,0.148378474355738,0.000185123325675315,3.78011001055807
10,"hetero","null",16,"fl_199",500,0,0,NA,0.132,0.018,0.159,0.005,3.78011001055807
10,"hetero","null",16,"fl_999",500,0,0,NA,0.132,0.032,0.166,0.003,3.78011001055807
10,"hetero","null",16,"fl_9999",500,0,0,NA,0.132,0.028,0.1631,0.0026,3.78011001055807
10,"hetero","null",16,"pvw_199",500,0,0,NA,0.158,0.028,0.225246515431297,0.00219822096907105,3.78011001055807
10,"hetero","null",16,"pvt_199",500,1,65,NA,0.236,0.14,0.249691151689952,8.33721514081745e-16,3.78011001055807
10,"hetero","null",16,"mm_199",500,0,0,NA,0.13,0.052,0.174159220567232,0.000788860877429819,3.78011001055807
10,"hetero","null",16,"pvw_999",500,0,0,NA,0.142,0.014,0.228631340400039,0.00578503384024339,3.78011001055807
10,"hetero","null",16,"pvt_999",500,1,63,NA,0.242,0.142,0.258655930346835,1.70454930088385e-13,3.78011001055807
10,"hetero","null",16,"mm_999",500,0,0,NA,0.14,0.04,0.238,0.00130188399814227,3.78011001055807
10,"hetero","null",17,"ols",500,0,0,NA,0.068,0.01,0.0597463340799982,0.00119856934802193,3.28706925579804
10,"hetero","null",17,"modt",500,0,0,NA,0.074,0.01,0.0581081777036488,0.00141871440033426,3.28706925579804
10,"hetero","null",17,"fl_199",500,0,0,NA,0.06,0.008,0.056,0.005,3.28706925579804
10,"hetero","null",17,"fl_999",500,0,0,NA,0.064,0.006,0.056,0.002,3.28706925579804
10,"hetero","null",17,"fl_9999",500,0,0,NA,0.074,0.01,0.0595,0.0022,3.28706925579804
10,"hetero","null",17,"pvw_199",500,0,0,NA,0.076,0.002,0.114948732899493,0.00628212210987864,3.28706925579804
10,"hetero","null",17,"pvt_199",500,1,24,NA,0.172,0.08,0.145392739700455,6.28942882532146e-10,3.28706925579804
10,"hetero","null",17,"mm_199",500,0,0,NA,0.076,0.016,0.16,0.000515620459598582,3.28706925579804
10,"hetero","null",17,"pvw_999",500,0,0,NA,0.072,0.002,0.124157320785044,0.00949079210517535,3.28706925579804
10,"hetero","null",17,"pvt_999",500,1,25,NA,0.186,0.084,0.150029968721235,1.81997905230001e-09,3.28706925579804
10,"hetero","null",17,"mm_999",500,0,0,NA,0.07,0.006,0.268,0.00180851805519091,3.28706925579804
10,"hetero","null",18,"ols",500,1,2,NA,0.144,0.052,0.167764984470557,3.53020390989786e-05,3.60607438722606
10,"hetero","null",18,"modt",500,1,1,NA,0.16,0.058,0.166216175822853,3.56487663758881e-05,3.60607438722606
10,"hetero","null",18,"fl_199",500,0,0,NA,0.122,0.018,0.167,0.005,3.60607438722606
10,"hetero","null",18,"fl_999",500,0,0,NA,0.134,0.04,0.169,0.002,3.60607438722606
10,"hetero","null",18,"fl_9999",500,0,0,NA,0.132,0.044,0.1705,0.0019,3.60607438722606
10,"hetero","null",18,"pvw_199",500,0,0,NA,0.16,0.034,0.219846931476897,0.00192597205843624,3.60607438722606
10,"hetero","null",18,"pvt_199",500,1,67,NA,0.266,0.158,0.25563723706208,8.38361326293292e-25,3.60607438722606
10,"hetero","null",18,"mm_199",500,0,0,NA,0.146,0.07,0.185861388360064,0.00138175699311089,3.60607438722606
10,"hetero","null",18,"pvw_999",500,0,0,NA,0.15,0.026,0.218823576930285,0.00324697624050806,3.60607438722606
10,"hetero","null",18,"pvt_999",500,1,68,NA,0.272,0.162,0.259507531202295,1.65080003885594e-24,3.60607438722606
10,"hetero","null",18,"mm_999",500,0,0,NA,0.15,0.068,0.203372416623218,0.00249805958068647,3.60607438722606
10,"hetero","null",19,"ols",500,0,0,NA,0.206,0.054,0.229990062233032,0.0002524779895745,4.13366865595069
10,"hetero","null",19,"modt",500,1,5,NA,0.216,0.066,0.244773030354318,2.86411144471894e-05,4.13366865595069
10,"hetero","null",19,"fl_199",500,0,0,NA,0.21,0.028,0.241,0.005,4.13366865595069
10,"hetero","null",19,"fl_999",500,0,0,NA,0.244,0.038,0.235,0.002,4.13366865595069
10,"hetero","null",19,"fl_9999",500,0,0,NA,0.24,0.036,0.2361,0.0018,4.13366865595069
10,"hetero","null",19,"pvw_199",500,0,0,NA,0.21,0.02,0.28431744084374,0.00674270048452696,4.13366865595069
10,"hetero","null",19,"pvt_199",500,1,115,NA,0.352,0.226,0.328009796180386,9.04845446307206e-16,4.13366865595069
10,"hetero","null",19,"mm_199",500,0,0,NA,0.21,0.06,0.24806311329486,0.000892348724742854,4.13366865595069
10,"hetero","null",19,"pvw_999",500,0,0,NA,0.22,0.024,0.285781648200725,0.00502963240624837,4.13366865595069
10,"hetero","null",19,"pvt_999",500,1,116,NA,0.342,0.222,0.326292023587047,1.48474740285542e-14,4.13366865595069
10,"hetero","null",19,"mm_999",500,0,0,NA,0.234,0.034,0.266463555352949,0.00132631735660204,4.13366865595069
10,"hetero","null",20,"ols",500,0,0,NA,0.056,0.012,0.0440272058008355,0.000598685477748867,3.0475588107524
10,"hetero","null",20,"modt",500,0,0,NA,0.054,0.016,0.0377742564145756,0.00163384744046079,3.0475588107524
10,"hetero","null",20,"fl_199",500,0,0,NA,0.052,0.004,0.044,0.005,3.0475588107524
10,"hetero","null",20,"fl_999",500,0,0,NA,0.058,0.012,0.039,0.002,3.0475588107524
10,"hetero","null",20,"fl_9999",500,0,0,NA,0.054,0.012,0.0425,5e-04,3.0475588107524
10,"hetero","null",20,"pvw_199",500,0,0,NA,0.06,0.002,0.101483587630159,0.00959495961530707,3.0475588107524
10,"hetero","null",20,"pvt_199",500,1,23,NA,0.15,0.076,0.140244119474334,2.08845173794931e-10,3.0475588107524
10,"hetero","null",20,"mm_199",500,0,0,NA,0.06,0.016,0.206,0.000898241752225416,3.0475588107524
10,"hetero","null",20,"pvw_999",500,0,0,NA,0.06,0.006,0.0992128748660536,0.00723291750322855,3.0475588107524
10,"hetero","null",20,"pvt_999",500,1,23,NA,0.132,0.068,0.138670952164518,4.54862075551282e-11,3.0475588107524
10,"hetero","null",20,"mm_999",500,0,0,NA,0.066,0.012,0.362,0.000271006360784859,3.0475588107524
20,"hetero","null",1,"ols",500,0,0,NA,0.092,0.022,0.102808020827011,0.00101304216756651,3.86334687836801
20,"hetero","null",1,"modt",500,0,0,NA,0.094,0.022,0.0880068546503454,0.00138114515889419,3.86334687836801
20,"hetero","null",1,"fl_199",500,0,0,NA,0.094,0.018,0.102,0.005,3.86334687836801
20,"hetero","null",1,"fl_999",500,0,0,NA,0.098,0.024,0.099,0.001,3.86334687836801
20,"hetero","null",1,"fl_9999",500,0,0,NA,0.1,0.024,0.1033,0.0011,3.86334687836801
20,"hetero","null",1,"pvw_199",500,0,0,NA,0.106,0.02,0.129070383868564,0.00175116522638331,3.86334687836801
20,"hetero","null",1,"pvt_199",500,1,7,NA,0.144,0.06,0.145186138656947,2.9093356747252e-05,3.86334687836801
20,"hetero","null",1,"mm_199",500,0,0,NA,0.106,0.026,0.116356161997647,0.000312430052744925,3.86334687836801
20,"hetero","null",1,"pvw_999",500,0,0,NA,0.104,0.018,0.130172492064714,0.00253249874075377,3.86334687836801
20,"hetero","null",1,"pvt_999",500,1,6,NA,0.138,0.058,0.143937705615997,5.69153591164075e-05,3.86334687836801
20,"hetero","null",1,"mm_999",500,0,0,NA,0.106,0.024,0.182,0.000435471305338851,3.86334687836801
20,"hetero","null",2,"ols",500,0,0,NA,0.098,0.034,0.12773334954411,0.000606231144718781,3.92378486841822
20,"hetero","null",2,"modt",500,0,0,NA,0.1,0.026,0.12547344176131,0.00109890492493245,3.92378486841822
20,"hetero","null",2,"fl_199",500,0,0,NA,0.094,0.016,0.123,0.005,3.92378486841822
20,"hetero","null",2,"fl_999",500,0,0,NA,0.1,0.03,0.128,0.001,3.92378486841822
20,"hetero","null",2,"fl_9999",500,0,0,NA,0.098,0.034,0.128,0.0017,3.92378486841822
20,"hetero","null",2,"pvw_199",500,0,0,NA,0.108,0.03,0.151909290781823,0.00125922548685801,3.92378486841822
20,"hetero","null",2,"pvt_199",500,1,13,NA,0.14,0.064,0.169333199457641,1.07427632213304e-05,3.92378486841822
20,"hetero","null",2,"mm_199",500,1,1,NA,0.102,0.044,0.127141244402984,3.56476669959116e-05,3.92378486841822
20,"hetero","null",2,"pvw_999",500,0,0,NA,0.1,0.022,0.147878577147414,0.00159781597223317,3.92378486841822
20,"hetero","null",2,"pvt_999",500,1,8,NA,0.148,0.066,0.168597207418176,7.68505581526564e-06,3.92378486841822
20,"hetero","null",2,"mm_999",500,0,0,NA,0.098,0.038,0.17,0.000240166244346841,3.92378486841822
20,"hetero","null",3,"ols",500,1,3,NA,0.148,0.048,0.141834671474526,8.80267018811712e-07,3.8504313624741
20,"hetero","null",3,"modt",500,1,2,NA,0.144,0.042,0.141533374883108,5.41570249923479e-05,3.8504313624741
20,"hetero","null",3,"fl_199",500,0,0,NA,0.13,0.024,0.143,0.005,3.8504313624741
20,"hetero","null",3,"fl_999",500,0,0,NA,0.144,0.036,0.143,0.001,3.8504313624741
20,"hetero","null",3,"fl_9999",500,1,1,NA,0.15,0.044,0.1426,1e-04,3.8504313624741
20,"hetero","null",3,"pvw_199",500,1,1,NA,0.158,0.044,0.170328520373826,9.47876473731043e-05,3.8504313624741
20,"hetero","null",3,"pvt_199",500,1,27,NA,0.204,0.096,0.182064876863265,2.17382690974705e-15,3.8504313624741
20,"hetero","null",3,"mm_199",500,1,9,NA,0.146,0.052,0.155390374273191,6.41571515499583e-19,3.8504313624741
20,"hetero","null",3,"pvw_999",500,0,0,NA,0.152,0.046,0.173720968145097,0.000108553545577959,3.8504313624741
20,"hetero","null",3,"pvt_999",500,1,24,NA,0.2,0.088,0.183282007145015,3.45296047422512e-15,3.8504313624741
20,"hetero","null",3,"mm_999",500,1,2,NA,0.146,0.042,0.16863348568576,2.69823870443484e-09,3.8504313624741
20,"hetero","null",4,"ols",500,0,0,NA,0.064,0.02,0.059789186089298,0.00040062743832106,3.62996049450794
20,"hetero","null",4,"modt",500,0,0,NA,0.054,0.018,0.0627664573989334,0.000254625613175775,3.62996049450794
20,"hetero","null",4,"fl_199",500,0,0,NA,0.046,0.008,0.056,0.005,3.62996049450794
20,"hetero","null",4,"fl_999",500,0,0,NA,0.064,0.018,0.055,0.002,3.62996049450794
20,"hetero","null",4,"fl_9999",500,0,0,NA,0.064,0.02,0.0575,5e-04,3.62996049450794
20,"hetero","null",4,"pvw_199",500,0,0,NA,0.056,0.018,0.0860206072418617,0.000835664000424321,3.62996049450794
20,"hetero","null",4,"pvt_199",500,1,8,NA,0.082,0.036,0.0949155873268291,2.7782866056853e-06,3.62996049450794
20,"hetero","null",4,"mm_199",500,1,2,NA,0.06,0.022,0.102,3.22605296622297e-05,3.62996049450794
20,"hetero","null",4,"pvw_999",500,0,0,NA,0.064,0.018,0.0899526890602427,0.00131556518135024,3.62996049450794
20,"hetero","null",4,"pvt_999",500,1,8,NA,0.086,0.03,0.099608321222431,4.2378084677651e-06,3.62996049450794
20,"hetero","null",4,"mm_999",500,0,0,NA,0.064,0.02,0.182,0.000395304997139525,3.62996049450794
20,"hetero","null",5,"ols",500,1,5,NA,0.14,0.046,0.149430702024719,1.03401114710425e-05,3.7286647790811
20,"hetero","null",5,"modt",500,1,6,NA,0.146,0.05,0.147713660078926,1.4115798706696e-05,3.7286647790811
20,"hetero","null",5,"fl_199",500,0,0,NA,0.128,0.03,0.141,0.005,3.7286647790811
20,"hetero","null",5,"fl_999",500,0,0,NA,0.146,0.048,0.151,0.001,3.7286647790811
20,"hetero","null",5,"fl_9999",500,1,5,NA,0.142,0.052,0.1509,1e-04,3.7286647790811
20,"hetero","null",5,"pvw_199",500,0,0,NA,0.156,0.048,0.171912461770765,0.000273984694566217,3.7286647790811
20,"hetero","null",5,"pvt_199",500,1,38,NA,0.198,0.104,0.186662486543379,9.37530935161035e-10,3.7286647790811
20,"hetero","null",5,"mm_199",500,1,5,NA,0.146,0.06,0.144288150911825,1.0202879834831e-07,3.7286647790811
20,"hetero","null",5,"pvw_999",500,0,0,NA,0.152,0.042,0.175559696557456,0.000291971204695279,3.7286647790811
20,"hetero","null",5,"pvt_999",500,1,30,NA,0.194,0.098,0.18739524057925,1.82068974580142e-10,3.7286647790811
20,"hetero","null",5,"mm_999",500,1,5,NA,0.148,0.048,0.172807526375313,5.43298677738659e-06,3.7286647790811
20,"hetero","null",6,"ols",500,1,8,NA,0.14,0.058,0.151160284348373,2.73070262923527e-05,4.40382652343612
20,"hetero","null",6,"modt",500,1,11,NA,0.136,0.058,0.144586033230562,1.89247548630357e-05,4.40382652343612
20,"hetero","null",6,"fl_199",500,0,0,NA,0.13,0.042,0.144,0.005,4.40382652343612
20,"hetero","null",6,"fl_999",500,0,0,NA,0.13,0.054,0.158,0.001,4.40382652343612
20,"hetero","null",6,"fl_9999",500,1,7,NA,0.132,0.054,0.1503,1e-04,4.40382652343612
20,"hetero","null",6,"pvw_199",500,0,0,NA,0.142,0.058,0.168972091292379,0.000244775614369986,4.40382652343612
20,"hetero","null",6,"pvt_199",500,1,35,NA,0.19,0.092,0.184826407156399,1.76216542358063e-09,4.40382652343612
20,"hetero","null",6,"mm_199",500,1,17,NA,0.134,0.07,0.149877266066887,2.89002101699289e-07,4.40382652343612
20,"hetero","null",6,"pvw_999",500,0,0,NA,0.138,0.052,0.179259449021742,0.000496045198089936,4.40382652343612
20,"hetero","null",6,"pvt_999",500,1,33,NA,0.184,0.086,0.196329000595176,2.63550233709446e-09,4.40382652343612
20,"hetero","null",6,"mm_999",500,1,9,NA,0.134,0.056,0.171924912262342,1.26757014004471e-07,4.40382652343612
20,"hetero","null",7,"ols",500,1,5,NA,0.21,0.078,0.234536093727751,9.30216913915271e-05,3.62421759139443
20,"hetero","null",7,"modt",500,1,6,NA,0.208,0.084,0.235842014350016,3.04889143322392e-05,3.62421759139443
20,"hetero","null",7,"fl_199",500,0,0,NA,0.192,0.04,0.238,0.005,3.62421759139443
20,"hetero","null",7,"fl_999",500,0,0,NA,0.21,0.058,0.241,0.001,3.62421759139443
20,"hetero","null",7,"fl_9999",500,1,10,NA,0.204,0.068,0.2344,1e-04,3.62421759139443
20,"hetero","null",7,"pvw_199",500,0,0,NA,0.226,0.078,0.261425907880241,0.00042157044073556,3.62421759139443
20,"hetero","null",7,"pvt_199",500,1,69,NA,0.272,0.154,0.275037949131908,7.12564625324931e-09,3.62421759139443
20,"hetero","null",7,"mm_199",500,1,24,NA,0.212,0.09,0.244011820285539,2.49489033545712e-07,3.62421759139443
20,"hetero","null",7,"pvw_999",500,0,0,NA,0.222,0.07,0.25968912355086,0.000737577973564618,3.62421759139443
20,"hetero","null",7,"pvt_999",500,1,71,NA,0.268,0.152,0.276863835645695,1.23092410625986e-07,3.62421759139443
20,"hetero","null",7,"mm_999",500,1,8,NA,0.208,0.072,0.256439059380687,1.69130453151719e-05,3.62421759139443
20,"hetero","null",8,"ols",500,0,0,NA,0.062,0.016,0.0758449162297945,0.00101518398210256,3.80930689430263
20,"hetero","null",8,"modt",500,0,0,NA,0.058,0.02,0.0753670277549923,0.000830663599309499,3.80930689430263
20,"hetero","null",8,"fl_199",500,0,0,NA,0.066,0,0.078,0.01,3.80930689430263
20,"hetero","null",8,"fl_999",500,0,0,NA,0.062,0.018,0.079,0.003,3.80930689430263
20,"hetero","null",8,"fl_9999",500,0,0,NA,0.062,0.014,0.0727,9e-04,3.80930689430263
20,"hetero","null",8,"pvw_199",500,0,0,NA,0.072,0.012,0.106181379407848,0.00259326798240262,3.80930689430263
20,"hetero","null",8,"pvt_199",500,1,6,NA,0.098,0.04,0.113652654239992,1.45165584378419e-05,3.80930689430263
20,"hetero","null",8,"mm_199",500,0,0,NA,0.064,0.018,0.0980363220006211,0.00133789288778349,3.80930689430263
20,"hetero","null",8,"pvw_999",500,0,0,NA,0.068,0.014,0.103519349874168,0.00204452376527965,3.80930689430263
20,"hetero","null",8,"pvt_999",500,1,5,NA,0.1,0.038,0.11169515398758,3.53219298373493e-05,3.80930689430263
20,"hetero","null",8,"mm_999",500,0,0,NA,0.066,0.018,0.186,0.00101510876084807,3.80930689430263
20,"hetero","null",9,"ols",500,0,0,NA,0.114,0.04,0.0968153234004459,0.000313884497305927,3.62125075199242
20,"hetero","null",9,"modt",500,0,0,NA,0.116,0.044,0.106194008095646,0.00041057472568301,3.62125075199242
20,"hetero","null",9,"fl_199",500,0,0,NA,0.116,0.02,0.098,0.005,3.62125075199242
20,"hetero","null",9,"fl_999",500,0,0,NA,0.118,0.036,0.098,0.001,3.62125075199242
20,"hetero","null",9,"fl_9999",500,0,0,NA,0.116,0.044,0.0961,3e-04,3.62125075199242
20,"hetero","null",9,"pvw_199",500,0,0,NA,0.124,0.032,0.12665480881671,0.00158094158068439,3.62125075199242
20,"hetero","null",9,"pvt_199",500,1,22,NA,0.148,0.084,0.145829368341154,1.58362569613766e-06,3.62125075199242
20,"hetero","null",9,"mm_199",500,1,9,NA,0.122,0.038,0.122,1.87426173928663e-06,3.62125075199242
20,"hetero","null",9,"pvw_999",500,0,0,NA,0.122,0.038,0.121410385741776,0.00120007235602623,3.62125075199242
20,"hetero","null",9,"pvt_999",500,1,19,NA,0.152,0.082,0.141635296812714,1.43120375758695e-06,3.62125075199242
20,"hetero","null",9,"mm_999",500,0,0,NA,0.116,0.04,0.176,0.00013868513886897,3.62125075199242
20,"hetero","null",10,"ols",500,0,0,NA,0.116,0.034,0.123128888942535,0.000552460674413728,4.72379588913308
20,"hetero","null",10,"modt",500,0,0,NA,0.122,0.038,0.126059241896986,0.000150840308652793,4.72379588913308
20,"hetero","null",10,"fl_199",500,0,0,NA,0.106,0.02,0.141,0.005,4.72379588913308
20,"hetero","null",10,"fl_999",500,0,0,NA,0.108,0.026,0.128,0.001,4.72379588913308
20,"hetero","null",10,"fl_9999",500,0,0,NA,0.116,0.032,0.1216,6e-04,4.72379588913308
20,"hetero","null",10,"pvw_199",500,0,0,NA,0.114,0.034,0.162362489540688,0.00209178330963002,4.72379588913308
20,"hetero","null",10,"pvt_199",500,1,20,NA,0.152,0.076,0.185260168785005,2.634483560656e-06,4.72379588913308
20,"hetero","null",10,"mm_199",500,1,5,NA,0.116,0.04,0.136354163504404,9.80554960005655e-05,4.72379588913308
20,"hetero","null",10,"pvw_999",500,0,0,NA,0.114,0.028,0.15088443893877,0.00210933335312267,4.72379588913308
20,"hetero","null",10,"pvt_999",500,1,16,NA,0.154,0.074,0.168446717950739,3.4610898701857e-06,4.72379588913308
20,"hetero","null",10,"mm_999",500,0,0,NA,0.11,0.032,0.172,0.000383846715462529,4.72379588913308
20,"hetero","null",11,"ols",500,1,2,NA,0.12,0.038,0.108164349942957,2.13478537477022e-05,3.92184111101584
20,"hetero","null",11,"modt",500,1,3,NA,0.118,0.036,0.105367467234452,1.20131051154176e-05,3.92184111101584
20,"hetero","null",11,"fl_199",500,0,0,NA,0.116,0.022,0.106,0.005,3.92184111101584
20,"hetero","null",11,"fl_999",500,0,0,NA,0.116,0.034,0.11,0.001,3.92184111101584
20,"hetero","null",11,"fl_9999",500,1,5,NA,0.12,0.034,0.1064,1e-04,3.92184111101584
20,"hetero","null",11,"pvw_199",500,0,0,NA,0.122,0.034,0.131390003281518,0.000295363412897255,3.92184111101584
20,"hetero","null",11,"pvt_199",500,1,13,NA,0.16,0.078,0.149408906522767,6.51154487098188e-10,3.92184111101584
20,"hetero","null",11,"mm_199",500,1,4,NA,0.122,0.046,0.113996958313782,1.68979416633745e-07,3.92184111101584
20,"hetero","null",11,"pvw_999",500,0,0,NA,0.122,0.028,0.132412225108391,0.000396341530527481,3.92184111101584
20,"hetero","null",11,"pvt_999",500,1,17,NA,0.164,0.07,0.149217774054897,6.79049465134387e-10,3.92184111101584
20,"hetero","null",11,"mm_999",500,1,4,NA,0.116,0.032,0.158,7.79859583339554e-07,3.92184111101584
20,"hetero","null",12,"ols",500,1,1,NA,0.082,0.032,0.0513831610762041,2.58690733118336e-05,3.42999066716567
20,"hetero","null",12,"modt",500,0,0,NA,0.08,0.026,0.059975736541118,0.000109734703635915,3.42999066716567
20,"hetero","null",12,"fl_199",500,0,0,NA,0.07,0.02,0.051,0.005,3.42999066716567
20,"hetero","null",12,"fl_999",500,0,0,NA,0.078,0.028,0.055,0.001,3.42999066716567
20,"hetero","null",12,"fl_9999",500,0,0,NA,0.078,0.032,0.0519,2e-04,3.42999066716567
20,"hetero","null",12,"pvw_199",500,0,0,NA,0.086,0.028,0.0799959721964087,0.000712247115233349,3.42999066716567
20,"hetero","null",12,"pvt_199",500,1,14,NA,0.12,0.05,0.0923714918250359,2.64571262919366e-08,3.42999066716567
20,"hetero","null",12,"mm_199",500,1,2,NA,0.082,0.034,0.098,1.64039570451218e-06,3.42999066716567
20,"hetero","null",12,"pvw_999",500,0,0,NA,0.084,0.028,0.0845184940816519,0.000371946056085265,3.42999066716567
20,"hetero","null",12,"pvt_999",500,1,12,NA,0.116,0.054,0.093298641029706,1.78676647457506e-09,3.42999066716567
20,"hetero","null",12,"mm_999",500,0,0,NA,0.084,0.032,0.164,0.000157072584331736,3.42999066716567
20,"hetero","null",13,"ols",500,1,3,NA,0.126,0.032,0.104049201382826,0.000174838242218868,3.87017796994349
20,"hetero","null",13,"modt",500,1,2,NA,0.118,0.034,0.105412712399884,0.00010224063332383,3.87017796994349
20,"hetero","null",13,"fl_199",500,0,0,NA,0.104,0.018,0.098,0.005,3.87017796994349
20,"hetero","null",13,"fl_999",500,0,0,NA,0.124,0.028,0.101,0.001,3.87017796994349
20,"hetero","null",13,"fl_9999",500,1,2,NA,0.126,0.032,0.1021,1e-04,3.87017796994349
20,"hetero","null",13,"pvw_199",500,0,0,NA,0.124,0.028,0.125385423848295,0.000535231143138767,3.87017796994349
20,"hetero","null",13,"pvt_199",500,1,14,NA,0.162,0.068,0.143787619179798,1.64115440409906e-07,3.87017796994349
20,"hetero","null",13,"mm_199",500,1,7,NA,0.11,0.038,0.106,2.87564710006934e-06,3.87017796994349
20,"hetero","null",13,"pvw_999",500,0,0,NA,0.128,0.024,0.125789228159482,0.000757989861882386,3.87017796994349
20,"hetero","null",13,"pvt_999",500,1,12,NA,0.162,0.066,0.146966523853699,2.31052133333887e-07,3.87017796994349
20,"hetero","null",13,"mm_999",500,1,6,NA,0.122,0.026,0.19,4.46483635182033e-05,3.87017796994349
20,"hetero","null",14,"ols",500,0,0,NA,0.082,0.026,0.0680069058844107,0.000524635765264084,4.08077629252395
20,"hetero","null",14,"modt",500,0,0,NA,0.086,0.026,0.0603608331595867,0.00032773452425871,4.08077629252395
20,"hetero","null",14,"fl_199",500,0,0,NA,0.088,0.014,0.065,0.005,4.08077629252395
20,"hetero","null",14,"fl_999",500,0,0,NA,0.086,0.028,0.064,0.001,4.08077629252395
20,"hetero","null",14,"fl_9999",500,0,0,NA,0.092,0.028,0.0673,2e-04,4.08077629252395
20,"hetero","null",14,"pvw_199",500,0,0,NA,0.096,0.02,0.0873730004087932,0.00126634444342369,4.08077629252395
20,"hetero","null",14,"pvt_199",500,1,10,NA,0.126,0.054,0.108059457544331,3.89533916780296e-06,4.08077629252395
20,"hetero","null",14,"mm_199",500,1,2,NA,0.092,0.028,0.132,2.72889106371364e-05,4.08077629252395
20,"hetero","null",14,"pvw_999",500,0,0,NA,0.09,0.022,0.086305337656384,0.00200611634166271,4.08077629252395
20,"hetero","null",14,"pvt_999",500,1,12,NA,0.12,0.054,0.108619303205427,3.12854589656421e-06,4.08077629252395
20,"hetero","null",14,"mm_999",500,0,0,NA,0.086,0.024,0.222,0.000122713582616386,4.08077629252395
20,"hetero","null",15,"ols",500,0,0,NA,0.138,0.042,0.157778606932672,0.00028655887902682,4.09710634521397
20,"hetero","null",15,"modt",500,0,0,NA,0.148,0.036,0.151698937343844,0.000343492220362575,4.09710634521397
20,"hetero","null",15,"fl_199",500,0,0,NA,0.12,0.024,0.145,0.005,4.09710634521397
20,"hetero","null",15,"fl_999",500,0,0,NA,0.138,0.042,0.159,0.001,4.09710634521397
20,"hetero","null",15,"fl_9999",500,0,0,NA,0.136,0.046,0.1588,3e-04,4.09710634521397
20,"hetero","null",15,"pvw_199",500,0,0,NA,0.134,0.032,0.178359521968461,0.00218950205368264,4.09710634521397
20,"hetero","null",15,"pvt_199",500,1,33,NA,0.196,0.1,0.200646792428892,3.78501242307691e-06,4.09710634521397
20,"hetero","null",15,"mm_199",500,1,6,NA,0.14,0.056,0.159797268354735,1.61841152885101e-05,4.09710634521397
20,"hetero","null",15,"pvw_999",500,0,0,NA,0.142,0.03,0.182860005361603,0.00177478547216827,4.09710634521397
20,"hetero","null",15,"pvt_999",500,1,26,NA,0.202,0.098,0.204855887288299,2.49742592807245e-06,4.09710634521397
20,"hetero","null",15,"mm_999",500,1,1,NA,0.138,0.048,0.186997553491875,8.76457131089087e-05,4.09710634521397
20,"hetero","null",16,"ols",500,0,0,NA,0.064,0.012,0.0682490387450677,0.00134509222646982,3.79827821035424
20,"hetero","null",16,"modt",500,0,0,NA,0.058,0.018,0.069920992897441,0.00181836708281841,3.79827821035424
20,"hetero","null",16,"fl_199",500,0,0,NA,0.058,0.008,0.065,0.005,3.79827821035424
20,"hetero","null",16,"fl_999",500,0,0,NA,0.062,0.016,0.066,0.002,3.79827821035424
20,"hetero","null",16,"fl_9999",500,0,0,NA,0.068,0.014,0.0624,0.0018,3.79827821035424
20,"hetero","null",16,"pvw_199",500,0,0,NA,0.062,0.012,0.090974728161372,0.00140487325082242,3.79827821035424
20,"hetero","null",16,"pvt_199",500,1,5,NA,0.102,0.04,0.112970596294287,2.68034832434146e-05,3.79827821035424
20,"hetero","null",16,"mm_199",500,0,0,NA,0.06,0.026,0.108,0.000233515216728719,3.79827821035424
20,"hetero","null",16,"pvw_999",500,0,0,NA,0.07,0.012,0.0886049646485669,0.0029867887774416,3.79827821035424
20,"hetero","null",16,"pvt_999",500,1,6,NA,0.098,0.038,0.106964407512291,3.61487333737911e-05,3.79827821035424
20,"hetero","null",16,"mm_999",500,0,0,NA,0.064,0.022,0.192,0.00072060726067312,3.79827821035424
20,"hetero","null",17,"ols",500,1,2,NA,0.108,0.042,0.112223427305907,3.90911515643507e-06,3.94340952199951
20,"hetero","null",17,"modt",500,1,3,NA,0.11,0.042,0.112907554103797,5.53540156011701e-06,3.94340952199951
20,"hetero","null",17,"fl_199",500,0,0,NA,0.096,0.028,0.112,0.005,3.94340952199951
20,"hetero","null",17,"fl_999",500,0,0,NA,0.11,0.038,0.11,0.001,3.94340952199951
20,"hetero","null",17,"fl_9999",500,1,3,NA,0.108,0.038,0.1107,1e-04,3.94340952199951
20,"hetero","null",17,"pvw_199",500,1,1,NA,0.116,0.038,0.136420546004794,1.93004844316032e-05,3.94340952199951
20,"hetero","null",17,"pvt_199",500,1,18,NA,0.154,0.062,0.148367145722322,2.61479680374309e-13,3.94340952199951
20,"hetero","null",17,"mm_199",500,1,9,NA,0.108,0.05,0.118648531850303,3.34539694633454e-09,3.94340952199951
20,"hetero","null",17,"pvw_999",500,0,0,NA,0.116,0.04,0.132044081419983,0.000103842945970822,3.94340952199951
20,"hetero","null",17,"pvt_999",500,1,20,NA,0.16,0.06,0.148682474524586,6.93298691480826e-13,3.94340952199951
20,"hetero","null",17,"mm_999",500,1,4,NA,0.11,0.04,0.158,6.54967174111689e-08,3.94340952199951
20,"hetero","null",18,"ols",500,0,0,NA,0.138,0.048,0.158128804294836,0.000167873304274466,4.15962278043275
20,"hetero","null",18,"modt",500,1,1,NA,0.13,0.048,0.164713626382514,5.4711048022852e-05,4.15962278043275
20,"hetero","null",18,"fl_199",500,0,0,NA,0.116,0.016,0.156,0.005,4.15962278043275
20,"hetero","null",18,"fl_999",500,0,0,NA,0.138,0.036,0.163,0.001,4.15962278043275
20,"hetero","null",18,"fl_9999",500,0,0,NA,0.14,0.044,0.1583,6e-04,4.15962278043275
20,"hetero","null",18,"pvw_199",500,0,0,NA,0.146,0.034,0.182809754610754,0.00115945453372528,4.15962278043275
20,"hetero","null",18,"pvt_199",500,1,28,NA,0.202,0.1,0.199736141697776,4.5843483527343e-07,4.15962278043275
20,"hetero","null",18,"mm_199",500,1,1,NA,0.134,0.04,0.157604056339394,3.1880527056859e-07,4.15962278043275
20,"hetero","null",18,"pvw_999",500,0,0,NA,0.154,0.042,0.179094069485376,0.000950131501221231,4.15962278043275
20,"hetero","null",18,"pvt_999",500,1,27,NA,0.198,0.102,0.198831661823608,5.17963722139468e-07,4.15962278043275
20,"hetero","null",18,"mm_999",500,0,0,NA,0.142,0.044,0.183226637562546,0.0001487181634049,4.15962278043275
20,"hetero","null",19,"ols",500,0,0,NA,0.11,0.016,0.0938539441797928,0.000364809946290419,3.95218928719529
20,"hetero","null",19,"modt",500,1,1,NA,0.112,0.02,0.0993200980679096,8.27698988933249e-05,3.95218928719529
20,"hetero","null",19,"fl_199",500,0,0,NA,0.102,0.012,0.092,0.005,3.95218928719529
20,"hetero","null",19,"fl_999",500,0,0,NA,0.108,0.014,0.093,0.001,3.95218928719529
20,"hetero","null",19,"fl_9999",500,0,0,NA,0.108,0.016,0.0912,4e-04,3.95218928719529
20,"hetero","null",19,"pvw_199",500,0,0,NA,0.12,0.016,0.122331543516448,0.000540662105128592,3.95218928719529
20,"hetero","null",19,"pvt_199",500,1,5,NA,0.15,0.062,0.135965335572602,6.64243404725915e-07,3.95218928719529
20,"hetero","null",19,"mm_199",500,1,3,NA,0.114,0.024,0.103669071694072,1.09770437013315e-06,3.95218928719529
20,"hetero","null",19,"pvw_999",500,0,0,NA,0.12,0.014,0.120091409077361,0.00138739087582802,3.95218928719529
20,"hetero","null",19,"pvt_999",500,1,5,NA,0.156,0.06,0.131585970125377,3.75823378959288e-06,3.95218928719529
20,"hetero","null",19,"mm_999",500,1,1,NA,0.108,0.016,0.188,1.89052632431863e-05,3.95218928719529
20,"hetero","null",20,"ols",500,0,0,NA,0.106,0.026,0.121610886745648,0.000424125140335557,3.66143271465033
20,"hetero","null",20,"modt",500,0,0,NA,0.088,0.034,0.124721678080871,0.000170330514528174,3.66143271465033
20,"hetero","null",20,"fl_199",500,0,0,NA,0.1,0.014,0.118,0.005,3.66143271465033
20,"hetero","null",20,"fl_999",500,0,0,NA,0.104,0.018,0.122,0.001,3.66143271465033
20,"hetero","null",20,"fl_9999",500,0,0,NA,0.104,0.026,0.1231,2e-04,3.66143271465033
20,"hetero","null",20,"pvw_199",500,0,0,NA,0.114,0.032,0.141947687077778,0.000367681507332266,3.66143271465033
20,"hetero","null",20,"pvt_199",500,1,4,NA,0.14,0.064,0.159956032388126,1.85884596936669e-07,3.66143271465033
20,"hetero","null",20,"mm_199",500,1,2,NA,0.102,0.048,0.120254038636634,1.05948407917767e-07,3.66143271465033
20,"hetero","null",20,"pvw_999",500,0,0,NA,0.11,0.014,0.145669416662431,0.00104175608283131,3.66143271465033
20,"hetero","null",20,"pvt_999",500,1,5,NA,0.136,0.066,0.165991363915617,2.43371159202568e-06,3.66143271465033
20,"hetero","null",20,"mm_999",500,1,1,NA,0.1,0.026,0.19,6.00886520409706e-05,3.66143271465033
40,"hetero","null",1,"ols",500,1,1,NA,0.14,0.048,0.113631451624269,8.76078676455034e-05,4.31292460769185
40,"hetero","null",1,"modt",500,0,0,NA,0.14,0.042,0.115198303184104,0.000114734290773012,4.31292460769185
40,"hetero","null",1,"fl_199",500,0,0,NA,0.13,0.024,0.114,0.005,4.31292460769185
40,"hetero","null",1,"fl_999",500,0,0,NA,0.14,0.046,0.117,0.001,4.31292460769185
40,"hetero","null",1,"fl_9999",500,0,0,NA,0.138,0.046,0.1123,2e-04,4.31292460769185
40,"hetero","null",1,"pvw_199",500,1,1,NA,0.144,0.046,0.128179696737922,8.38418331367017e-05,4.31292460769185
40,"hetero","null",1,"pvt_199",500,1,12,NA,0.158,0.072,0.133046346870101,1.36210188225178e-06,4.31292460769185
40,"hetero","null",1,"mm_199",500,1,6,NA,0.144,0.062,0.114597391944448,4.58558023926178e-07,4.31292460769185
40,"hetero","null",1,"pvw_999",500,0,0,NA,0.142,0.042,0.12890506416959,0.000271530971247705,4.31292460769185
40,"hetero","null",1,"pvt_999",500,1,8,NA,0.156,0.066,0.135764663741014,5.51831420948065e-06,4.31292460769185
40,"hetero","null",1,"mm_999",500,1,2,NA,0.14,0.054,0.12174658951784,0.000179421215924834,4.31292460769185
40,"hetero","null",2,"ols",500,0,0,NA,0.102,0.022,0.0989510115328534,0.000490270175181125,3.77641119567603
40,"hetero","null",2,"modt",500,0,0,NA,0.098,0.02,0.0997935859163874,0.000720376276518653,3.77641119567603
40,"hetero","null",2,"fl_199",500,0,0,NA,0.1,0.014,0.097,0.005,3.77641119567603
40,"hetero","null",2,"fl_999",500,0,0,NA,0.098,0.018,0.1,0.001,3.77641119567603
40,"hetero","null",2,"fl_9999",500,0,0,NA,0.104,0.022,0.0972,6e-04,3.77641119567603
40,"hetero","null",2,"pvw_199",500,0,0,NA,0.102,0.02,0.113656780427756,0.00152042902712728,3.77641119567603
40,"hetero","null",2,"pvt_199",500,1,2,NA,0.13,0.038,0.126266483190411,6.84765433074117e-05,3.77641119567603
40,"hetero","null",2,"mm_199",500,1,1,NA,0.096,0.026,0.116530115200755,8.71232935831315e-05,3.77641119567603
40,"hetero","null",2,"pvw_999",500,0,0,NA,0.106,0.018,0.111384124765287,0.000926094317523722,3.77641119567603
40,"hetero","null",2,"pvt_999",500,1,2,NA,0.128,0.034,0.118124269157571,6.92744652777483e-05,3.77641119567603
40,"hetero","null",2,"mm_999",500,0,0,NA,0.098,0.02,0.102593784387883,0.000571589204709876,3.77641119567603
40,"hetero","null",3,"ols",500,0,0,NA,0.114,0.03,0.110337676654882,0.000303067951734584,4.10466134112634
40,"hetero","null",3,"modt",500,0,0,NA,0.118,0.03,0.111807663037898,0.000329119325523879,4.10466134112634
40,"hetero","null",3,"fl_199",500,0,0,NA,0.1,0.016,0.105,0.005,4.10466134112634
40,"hetero","null",3,"fl_999",500,0,0,NA,0.112,0.032,0.111,0.001,4.10466134112634
40,"hetero","null",3,"fl_9999",500,0,0,NA,0.114,0.03,0.1102,4e-04,4.10466134112634
40,"hetero","null",3,"pvw_199",500,0,0,NA,0.122,0.028,0.122459167436212,0.00035802119215257,4.10466134112634
40,"hetero","null",3,"pvt_199",500,1,5,NA,0.14,0.046,0.129412693300086,8.2289274503942e-05,4.10466134112634
40,"hetero","null",3,"mm_199",500,1,1,NA,0.122,0.04,0.11158362297568,3.42708535158579e-05,4.10466134112634
40,"hetero","null",3,"pvw_999",500,0,0,NA,0.112,0.032,0.121308908991062,0.000707635078490476,4.10466134112634
40,"hetero","null",3,"pvt_999",500,1,5,NA,0.14,0.046,0.131737220582722,5.08211042283024e-05,4.10466134112634
40,"hetero","null",3,"mm_999",500,0,0,NA,0.11,0.032,0.124,0.000263827005583672,4.10466134112634
40,"hetero","null",4,"ols",500,0,0,NA,0.114,0.044,0.134685510234981,0.00060612323398431,3.76936381848755
40,"hetero","null",4,"modt",500,0,0,NA,0.116,0.04,0.137417006878091,0.000417720940264484,3.76936381848755
40,"hetero","null",4,"fl_199",500,0,0,NA,0.126,0.026,0.136,0.005,3.76936381848755
40,"hetero","null",4,"fl_999",500,0,0,NA,0.12,0.038,0.129,0.001,3.76936381848755
40,"hetero","null",4,"fl_9999",500,0,0,NA,0.114,0.044,0.1335,5e-04,3.76936381848755
40,"hetero","null",4,"pvw_199",500,0,0,NA,0.126,0.044,0.144773829877472,0.000641291554603459,3.76936381848755
40,"hetero","null",4,"pvt_199",500,1,7,NA,0.144,0.062,0.151953256313737,8.55691415407052e-05,3.76936381848755
40,"hetero","null",4,"mm_199",500,0,0,NA,0.12,0.052,0.14167383401471,0.000451221652427545,3.76936381848755
40,"hetero","null",4,"pvw_999",500,0,0,NA,0.116,0.042,0.145329537270296,0.00063800472129707,3.76936381848755
40,"hetero","null",4,"pvt_999",500,1,9,NA,0.148,0.064,0.153747273279068,6.26098774067313e-05,3.76936381848755
40,"hetero","null",4,"mm_999",500,0,0,NA,0.118,0.046,0.135837224896109,0.000324473357491899,3.76936381848755
40,"hetero","null",5,"ols",500,0,0,NA,0.13,0.06,0.135693458859676,0.000527248598037737,3.89113300074145
40,"hetero","null",5,"modt",500,0,0,NA,0.126,0.054,0.132614045854412,0.000487644385014003,3.89113300074145
40,"hetero","null",5,"fl_199",500,0,0,NA,0.12,0.026,0.127,0.005,3.89113300074145
40,"hetero","null",5,"fl_999",500,0,0,NA,0.132,0.05,0.13,0.001,3.89113300074145
40,"hetero","null",5,"fl_9999",500,0,0,NA,0.128,0.06,0.1317,5e-04,3.89113300074145
40,"hetero","null",5,"pvw_199",500,0,0,NA,0.138,0.048,0.14783501682009,0.000797789474634033,3.89113300074145
40,"hetero","null",5,"pvt_199",500,1,9,NA,0.156,0.072,0.152693241333237,4.13034142271394e-05,3.89113300074145
40,"hetero","null",5,"mm_199",500,1,7,NA,0.128,0.054,0.11790014526642,1.56582881921651e-05,3.89113300074145
40,"hetero","null",5,"pvw_999",500,0,0,NA,0.134,0.054,0.144490803115613,0.000921897267327611,3.89113300074145
40,"hetero","null",5,"pvt_999",500,1,15,NA,0.156,0.074,0.150207201887638,7.07832912790724e-05,3.89113300074145
40,"hetero","null",5,"mm_999",500,0,0,NA,0.126,0.054,0.13795767166864,0.000209421539940542,3.89113300074145
40,"hetero","null",6,"ols",500,0,0,NA,0.07,0.026,0.0528683591550437,0.00160440072353128,3.68898846842682
40,"hetero","null",6,"modt",500,0,0,NA,0.072,0.024,0.051526316102797,0.00135939640340811,3.68898846842682
40,"hetero","null",6,"fl_199",500,0,0,NA,0.072,0.01,0.051,0.005,3.68898846842682
40,"hetero","null",6,"fl_999",500,0,0,NA,0.066,0.022,0.053,0.003,3.68898846842682
40,"hetero","null",6,"fl_9999",500,0,0,NA,0.07,0.024,0.0544,0.0013,3.68898846842682
40,"hetero","null",6,"pvw_199",500,0,0,NA,0.08,0.024,0.0662206736775176,0.00201088255921622,3.68898846842682
40,"hetero","null",6,"pvt_199",500,0,0,NA,0.09,0.038,0.0764079047450605,0.000300785714380586,3.68898846842682
40,"hetero","null",6,"mm_199",500,0,0,NA,0.076,0.026,0.0902159490887227,0.000941328381553094,3.68898846842682
40,"hetero","null",6,"pvw_999",500,0,0,NA,0.082,0.026,0.0626484630322671,0.00220947244190808,3.68898846842682
40,"hetero","null",6,"pvt_999",500,0,0,NA,0.09,0.034,0.0742389500228151,0.000403385130266049,3.68898846842682
40,"hetero","null",6,"mm_999",500,0,0,NA,0.072,0.028,0.134,0.000988301246830467,3.68898846842682
40,"hetero","null",7,"ols",500,0,0,NA,0.094,0.036,0.0775861343996681,0.000228199176992548,4.40148606408611
40,"hetero","null",7,"modt",500,0,0,NA,0.096,0.034,0.0746436746417419,0.000304121324829513,4.40148606408611
40,"hetero","null",7,"fl_199",500,0,0,NA,0.08,0.022,0.072,0.005,4.40148606408611
40,"hetero","null",7,"fl_999",500,0,0,NA,0.09,0.034,0.0710000000000001,0.001,4.40148606408611
40,"hetero","null",7,"fl_9999",500,0,0,NA,0.09,0.036,0.0746,3e-04,4.40148606408611
40,"hetero","null",7,"pvw_199",500,0,0,NA,0.092,0.032,0.095744084128761,0.000327995479797309,4.40148606408611
40,"hetero","null",7,"pvt_199",500,1,6,NA,0.112,0.044,0.0996437431389252,6.23194832525452e-06,4.40148606408611
40,"hetero","null",7,"mm_199",500,1,4,NA,0.09,0.03,0.113456667378953,2.1164425310349e-05,4.40148606408611
40,"hetero","null",7,"pvw_999",500,0,0,NA,0.094,0.036,0.091163709307332,0.0003518959397218,4.40148606408611
40,"hetero","null",7,"pvt_999",500,1,5,NA,0.11,0.042,0.0952619822717619,1.41863210985287e-05,4.40148606408611
40,"hetero","null",7,"mm_999",500,1,2,NA,0.092,0.038,0.106,6.98910174529856e-05,4.40148606408611
40,"hetero","null",8,"ols",500,1,1,NA,0.134,0.054,0.133026297084258,5.53412598515793e-05,4.47132234212028
40,"hetero","null",8,"modt",500,1,2,NA,0.134,0.054,0.12982388635269,5.42318349629738e-05,4.47132234212028
40,"hetero","null",8,"fl_199",500,0,0,NA,0.132,0.03,0.132,0.005,4.47132234212028
40,"hetero","null",8,"fl_999",500,0,0,NA,0.134,0.044,0.134,0.001,4.47132234212028
40,"hetero","null",8,"fl_9999",500,1,1,NA,0.136,0.054,0.1327,1e-04,4.47132234212028
40,"hetero","null",8,"pvw_199",500,0,0,NA,0.134,0.046,0.145165826542926,0.000164968260636252,4.47132234212028
40,"hetero","null",8,"pvt_199",500,1,11,NA,0.158,0.074,0.153063854433666,3.3309600410202e-06,4.47132234212028
40,"hetero","null",8,"mm_199",500,1,8,NA,0.134,0.056,0.124656503239605,1.73007255684163e-06,4.47132234212028
40,"hetero","null",8,"pvw_999",500,1,1,NA,0.134,0.044,0.145413673097392,8.97604605109173e-05,4.47132234212028
40,"hetero","null",8,"pvt_999",500,1,10,NA,0.158,0.074,0.150521831718174,1.04845578026969e-06,4.47132234212028
40,"hetero","null",8,"mm_999",500,1,5,NA,0.132,0.054,0.145938656624988,1.8422763172935e-06,4.47132234212028
40,"hetero","null",9,"ols",500,1,1,NA,0.106,0.034,0.117712601791447,5.41456974310719e-05,4.19193224249728
40,"hetero","null",9,"modt",500,1,1,NA,0.11,0.038,0.123676977462337,6.72071503243509e-05,4.19193224249728
40,"hetero","null",9,"fl_199",500,0,0,NA,0.098,0.018,0.116,0.005,4.19193224249728
40,"hetero","null",9,"fl_999",500,0,0,NA,0.104,0.032,0.115,0.001,4.19193224249728
40,"hetero","null",9,"fl_9999",500,0,0,NA,0.106,0.032,0.1141,2e-04,4.19193224249728
40,"hetero","null",9,"pvw_199",500,1,1,NA,0.11,0.03,0.129359440518557,8.64587342898484e-05,4.19193224249728
40,"hetero","null",9,"pvt_199",500,1,7,NA,0.128,0.042,0.135663277003353,2.85522604405769e-07,4.19193224249728
40,"hetero","null",9,"mm_199",500,1,4,NA,0.11,0.036,0.11927835683632,4.56642840625238e-06,4.19193224249728
40,"hetero","null",9,"pvw_999",500,0,0,NA,0.106,0.032,0.126971746196848,0.00016119916596093,4.19193224249728
40,"hetero","null",9,"pvt_999",500,1,7,NA,0.126,0.046,0.137222435392366,2.42838484932489e-06,4.19193224249728
40,"hetero","null",9,"mm_999",500,1,1,NA,0.104,0.04,0.124785195910028,1.13040688260493e-05,4.19193224249728
40,"hetero","null",10,"ols",500,0,0,NA,0.09,0.022,0.103259591818723,0.000359929609147695,4.00182371709514
40,"hetero","null",10,"modt",500,0,0,NA,0.088,0.022,0.101541871931752,0.000470416783235948,4.00182371709514
40,"hetero","null",10,"fl_199",500,0,0,NA,0.078,0.01,0.098,0.005,4.00182371709514
40,"hetero","null",10,"fl_999",500,0,0,NA,0.082,0.016,0.099,0.001,4.00182371709514
40,"hetero","null",10,"fl_9999",500,0,0,NA,0.086,0.024,0.102,3e-04,4.00182371709514
40,"hetero","null",10,"pvw_199",500,0,0,NA,0.092,0.02,0.11413295742926,0.000797673728397607,4.00182371709514
40,"hetero","null",10,"pvt_199",500,1,1,NA,0.11,0.034,0.122468255746274,5.75122586989083e-05,4.00182371709514
40,"hetero","null",10,"mm_199",500,0,0,NA,0.088,0.026,0.105666145927505,0.000215434861872725,4.00182371709514
40,"hetero","null",10,"pvw_999",500,0,0,NA,0.092,0.022,0.111836806812766,0.000879681930427657,4.00182371709514
40,"hetero","null",10,"pvt_999",500,1,1,NA,0.112,0.036,0.122112593410776,6.20032994057092e-05,4.00182371709514
40,"hetero","null",10,"mm_999",500,0,0,NA,0.088,0.018,0.12,0.000380576873411867,4.00182371709514
40,"hetero","null",11,"ols",500,0,0,NA,0.11,0.036,0.112780792689297,0.000866071559091971,3.99126352154165
40,"hetero","null",11,"modt",500,0,0,NA,0.116,0.03,0.1062330638542,0.00066973493663613,3.99126352154165
40,"hetero","null",11,"fl_199",500,0,0,NA,0.094,0.018,0.102,0.005,3.99126352154165
40,"hetero","null",11,"fl_999",500,0,0,NA,0.108,0.036,0.109,0.002,3.99126352154165
40,"hetero","null",11,"fl_9999",500,0,0,NA,0.116,0.036,0.1107,7e-04,3.99126352154165
40,"hetero","null",11,"pvw_199",500,0,0,NA,0.122,0.03,0.120273506061687,0.00177639233088953,3.99126352154165
40,"hetero","null",11,"pvt_199",500,0,0,NA,0.134,0.044,0.130838485407764,0.000457658406147813,3.99126352154165
40,"hetero","null",11,"mm_199",500,0,0,NA,0.112,0.038,0.105315389925445,0.000195121084677945,3.99126352154165
40,"hetero","null",11,"pvw_999",500,0,0,NA,0.11,0.032,0.12303705721697,0.00200211681782512,3.99126352154165
40,"hetero","null",11,"pvt_999",500,0,0,NA,0.136,0.042,0.133039830034568,0.000273969583690006,3.99126352154165
40,"hetero","null",11,"mm_999",500,0,0,NA,0.106,0.034,0.116755015686917,0.00135878730258997,3.99126352154165
40,"hetero","null",12,"ols",500,1,2,NA,0.11,0.028,0.107704763915153,7.20963100710716e-06,4.11345548174267
40,"hetero","null",12,"modt",500,1,2,NA,0.112,0.03,0.104788646354983,1.71830404056539e-05,4.11345548174267
40,"hetero","null",12,"fl_199",500,0,0,NA,0.112,0.016,0.115,0.005,4.11345548174267
40,"hetero","null",12,"fl_999",500,0,0,NA,0.114,0.028,0.109,0.001,4.11345548174267
40,"hetero","null",12,"fl_9999",500,1,2,NA,0.112,0.028,0.1092,1e-04,4.11345548174267
40,"hetero","null",12,"pvw_199",500,1,2,NA,0.12,0.028,0.125043715342676,6.76356501214526e-05,4.11345548174267
40,"hetero","null",12,"pvt_199",500,1,7,NA,0.13,0.046,0.132991794070294,9.54414035072164e-07,4.11345548174267
40,"hetero","null",12,"mm_199",500,1,4,NA,0.11,0.034,0.114733470080149,1.43579380586711e-07,4.11345548174267
40,"hetero","null",12,"pvw_999",500,1,2,NA,0.118,0.026,0.119234855103384,3.02027286046209e-05,4.11345548174267
40,"hetero","null",12,"pvt_999",500,1,6,NA,0.13,0.052,0.130787508275668,1.18050942709884e-07,4.11345548174267
40,"hetero","null",12,"mm_999",500,1,4,NA,0.112,0.032,0.116906727966047,4.80919997458255e-07,4.11345548174267
40,"hetero","null",13,"ols",500,0,0,NA,0.102,0.028,0.134516698021865,0.000373631309744596,4.2380699732705
40,"hetero","null",13,"modt",500,0,0,NA,0.1,0.024,0.133419180242893,0.000246411972576377,4.2380699732705
40,"hetero","null",13,"fl_199",500,0,0,NA,0.092,0.008,0.13,0.005,4.2380699732705
40,"hetero","null",13,"fl_999",500,0,0,NA,0.102,0.024,0.129,0.002,4.2380699732705
40,"hetero","null",13,"fl_9999",500,0,0,NA,0.102,0.026,0.137,5e-04,4.2380699732705
40,"hetero","null",13,"pvw_199",500,0,0,NA,0.104,0.032,0.143632387450669,0.00122682034931929,4.2380699732705
40,"hetero","null",13,"pvt_199",500,1,3,NA,0.112,0.038,0.147766815397532,0.000159877928819672,4.2380699732705
40,"hetero","null",13,"mm_199",500,1,2,NA,0.1,0.028,0.124322411432495,7.97065504309004e-05,4.2380699732705
40,"hetero","null",13,"pvw_999",500,0,0,NA,0.104,0.022,0.144357533593694,0.00073392559537464,4.2380699732705
40,"hetero","null",13,"pvt_999",500,1,3,NA,0.116,0.036,0.147437682187254,6.01370233974674e-05,4.2380699732705
40,"hetero","null",13,"mm_999",500,0,0,NA,0.1,0.022,0.138552597554604,0.000270404661912558,4.2380699732705
40,"hetero","null",14,"ols",500,0,0,NA,0.126,0.032,0.107973187169369,0.000604056416537844,4.11303822800006
40,"hetero","null",14,"modt",500,0,0,NA,0.126,0.038,0.11141742452022,0.000496566305166334,4.11303822800006
40,"hetero","null",14,"fl_199",500,0,0,NA,0.108,0.012,0.098,0.005,4.11303822800006
40,"hetero","null",14,"fl_999",500,0,0,NA,0.116,0.028,0.103,0.002,4.11303822800006
40,"hetero","null",14,"fl_9999",500,0,0,NA,0.124,0.034,0.1105,7e-04,4.11303822800006
40,"hetero","null",14,"pvw_199",500,0,0,NA,0.128,0.032,0.110096340624175,0.000360763140120402,4.11303822800006
40,"hetero","null",14,"pvt_199",500,1,2,NA,0.152,0.056,0.123985083285817,6.86847561342319e-05,4.11303822800006
40,"hetero","null",14,"mm_199",500,1,1,NA,0.132,0.04,0.0962272976757935,5.10783054849262e-06,4.11303822800006
40,"hetero","null",14,"pvw_999",500,0,0,NA,0.128,0.028,0.116821580916947,0.000890518567779315,4.11303822800006
40,"hetero","null",14,"pvt_999",500,1,3,NA,0.144,0.058,0.12627797339608,0.0001361827609439,4.11303822800006
40,"hetero","null",14,"mm_999",500,0,0,NA,0.122,0.036,0.13,0.000325827290725259,4.11303822800006
40,"hetero","null",15,"ols",500,1,1,NA,0.076,0.024,0.105183261001119,2.88488221295716e-05,3.4557387116665
40,"hetero","null",15,"modt",500,1,1,NA,0.076,0.022,0.10678232678452,2.33521380159537e-05,3.4557387116665
40,"hetero","null",15,"fl_199",500,0,0,NA,0.066,0.016,0.103,0.005,3.4557387116665
40,"hetero","null",15,"fl_999",500,0,0,NA,0.072,0.022,0.106,0.002,3.4557387116665
40,"hetero","null",15,"fl_9999",500,0,0,NA,0.076,0.022,0.1049,3e-04,3.4557387116665
40,"hetero","null",15,"pvw_199",500,0,0,NA,0.08,0.02,0.117000437592932,0.000121903388593383,3.4557387116665
40,"hetero","null",15,"pvt_199",500,1,1,NA,0.104,0.028,0.124037590552024,1.05431182826472e-06,3.4557387116665
40,"hetero","null",15,"mm_199",500,1,2,NA,0.074,0.028,0.0971782648651729,4.39983471455534e-05,3.4557387116665
40,"hetero","null",15,"pvw_999",500,0,0,NA,0.074,0.02,0.117442415529127,0.000151780245885771,3.4557387116665
40,"hetero","null",15,"pvt_999",500,1,1,NA,0.108,0.032,0.121537958218495,1.38430785178644e-06,3.4557387116665
40,"hetero","null",15,"mm_999",500,0,0,NA,0.066,0.024,0.112,0.000171906621351702,3.4557387116665
40,"hetero","null",16,"ols",500,0,0,NA,0.108,0.036,0.100851004720954,0.000192491920341624,3.85810054513317
40,"hetero","null",16,"modt",500,0,0,NA,0.102,0.042,0.101411958719831,0.000276369955795974,3.85810054513317
40,"hetero","null",16,"fl_199",500,0,0,NA,0.096,0.016,0.093,0.005,3.85810054513317
40,"hetero","null",16,"fl_999",500,0,0,NA,0.104,0.036,0.098,0.001,3.85810054513317
40,"hetero","null",16,"fl_9999",500,0,0,NA,0.108,0.042,0.0986,3e-04,3.85810054513317
40,"hetero","null",16,"pvw_199",500,0,0,NA,0.102,0.036,0.10823817373859,0.000195655293558377,3.85810054513317
40,"hetero","null",16,"pvt_199",500,1,9,NA,0.132,0.058,0.116644452825501,6.25022696371413e-06,3.85810054513317
40,"hetero","null",16,"mm_199",500,1,6,NA,0.108,0.046,0.0972348495676176,3.05765727627661e-05,3.85810054513317
40,"hetero","null",16,"pvw_999",500,0,0,NA,0.108,0.034,0.109314194350769,0.000574799214236186,3.85810054513317
40,"hetero","null",16,"pvt_999",500,1,7,NA,0.124,0.06,0.118651341506598,2.19835960145815e-05,3.85810054513317
40,"hetero","null",16,"mm_999",500,1,1,NA,0.108,0.042,0.11049963744709,7.98030973878485e-05,3.85810054513317
40,"hetero","null",17,"ols",500,0,0,NA,0.126,0.044,0.121975133779474,0.00060858041237363,3.71880462342356
40,"hetero","null",17,"modt",500,0,0,NA,0.126,0.044,0.117211724321155,0.00113002309097932,3.71880462342356
40,"hetero","null",17,"fl_199",500,0,0,NA,0.116,0.016,0.113,0.005,3.71880462342356
40,"hetero","null",17,"fl_999",500,0,0,NA,0.118,0.038,0.117,0.001,3.71880462342356
40,"hetero","null",17,"fl_9999",500,0,0,NA,0.122,0.042,0.1222,8e-04,3.71880462342356
40,"hetero","null",17,"pvw_199",500,0,0,NA,0.128,0.038,0.131131721015509,0.000742547996268517,3.71880462342356
40,"hetero","null",17,"pvt_199",500,1,3,NA,0.15,0.064,0.133741797180982,0.000121034529562527,3.71880462342356
40,"hetero","null",17,"mm_199",500,1,1,NA,0.13,0.042,0.11165759479812,5.64960871770614e-06,3.71880462342356
40,"hetero","null",17,"pvw_999",500,0,0,NA,0.124,0.04,0.133035767585641,0.000717706907621959,3.71880462342356
40,"hetero","null",17,"pvt_999",500,1,3,NA,0.146,0.062,0.135828084267785,8.25311720287816e-05,3.71880462342356
40,"hetero","null",17,"mm_999",500,0,0,NA,0.122,0.048,0.119677161172361,0.000479074353378601,3.71880462342356
40,"hetero","null",18,"ols",500,0,0,NA,0.084,0.026,0.070114521708595,0.000412708631617793,3.76367183794964
40,"hetero","null",18,"modt",500,0,0,NA,0.084,0.028,0.0782251706175052,0.000371486787455358,3.76367183794964
40,"hetero","null",18,"fl_199",500,0,0,NA,0.062,0.016,0.068,0.005,3.76367183794964
40,"hetero","null",18,"fl_999",500,0,0,NA,0.084,0.026,0.071,0.001,3.76367183794964
40,"hetero","null",18,"fl_9999",500,0,0,NA,0.086,0.028,0.0699,5e-04,3.76367183794964
40,"hetero","null",18,"pvw_199",500,0,0,NA,0.086,0.022,0.0856545161458134,0.000530769075602796,3.76367183794964
40,"hetero","null",18,"pvt_199",500,1,3,NA,0.106,0.034,0.0954825808979674,5.31081581958469e-05,3.76367183794964
40,"hetero","null",18,"mm_199",500,1,1,NA,0.076,0.03,0.092,2.0565669605e-05,3.76367183794964
40,"hetero","null",18,"pvw_999",500,0,0,NA,0.086,0.026,0.0838079097947903,0.00120625988180457,3.76367183794964
40,"hetero","null",18,"pvt_999",500,0,0,NA,0.102,0.036,0.0911880810131007,0.000141905141118485,3.76367183794964
40,"hetero","null",18,"mm_999",500,0,0,NA,0.084,0.03,0.142,0.000359211928486687,3.76367183794964
40,"hetero","null",19,"ols",500,0,0,NA,0.068,0.014,0.0723901189482578,0.000821353897962693,3.99957855649655
40,"hetero","null",19,"modt",500,0,0,NA,0.064,0.018,0.0748883447884562,0.00138353538714797,3.99957855649655
40,"hetero","null",19,"fl_199",500,0,0,NA,0.06,0.004,0.074,0.005,3.99957855649655
40,"hetero","null",19,"fl_999",500,0,0,NA,0.064,0.022,0.075,0.001,3.99957855649655
40,"hetero","null",19,"fl_9999",500,0,0,NA,0.068,0.016,0.0725,6e-04,3.99957855649655
40,"hetero","null",19,"pvw_199",500,0,0,NA,0.072,0.016,0.0907833092296607,0.000756054310020183,3.99957855649655
40,"hetero","null",19,"pvt_199",500,1,1,NA,0.082,0.024,0.0986142355971212,7.51994252732908e-05,3.99957855649655
40,"hetero","null",19,"mm_199",500,1,1,NA,0.074,0.026,0.08,3.40566295729099e-05,3.99957855649655
40,"hetero","null",19,"pvw_999",500,0,0,NA,0.068,0.014,0.0910263375551376,0.000838714946562746,3.99957855649655
40,"hetero","null",19,"pvt_999",500,1,1,NA,0.084,0.022,0.0967185570614901,9.94364042346205e-05,3.99957855649655
40,"hetero","null",19,"mm_999",500,0,0,NA,0.07,0.02,0.12,0.000170149635883132,3.99957855649655
40,"hetero","null",20,"ols",500,1,3,NA,0.116,0.034,0.172931870849054,2.84829924572858e-05,3.93742401879733
40,"hetero","null",20,"modt",500,1,3,NA,0.124,0.032,0.172337277828424,1.37110850504041e-05,3.93742401879733
40,"hetero","null",20,"fl_199",500,0,0,NA,0.112,0.024,0.16,0.005,3.93742401879733
40,"hetero","null",20,"fl_999",500,0,0,NA,0.114,0.024,0.162,0.001,3.93742401879733
40,"hetero","null",20,"fl_9999",500,1,3,NA,0.116,0.034,0.1682,1e-04,3.93742401879733
40,"hetero","null",20,"pvw_199",500,1,3,NA,0.12,0.03,0.172671399397173,8.34798712243806e-05,3.93742401879733
40,"hetero","null",20,"pvt_199",500,1,9,NA,0.144,0.046,0.178756442483787,2.14751940703939e-06,3.93742401879733
40,"hetero","null",20,"mm_199",500,1,5,NA,0.114,0.036,0.161484814147728,1.40176550332361e-05,3.93742401879733
40,"hetero","null",20,"pvw_999",500,1,1,NA,0.118,0.034,0.177446292798131,6.72875722230354e-05,3.93742401879733
40,"hetero","null",20,"pvt_999",500,1,7,NA,0.16,0.048,0.18544437709377,3.81285551299867e-07,3.93742401879733
40,"hetero","null",20,"mm_999",500,1,4,NA,0.116,0.032,0.173564345217267,3.85966510951695e-06,3.93742401879733
100,"hetero","null",1,"ols",500,1,2,NA,0.088,0.03,0.0856732579012401,7.90647077604296e-05,3.87742857518339
100,"hetero","null",1,"modt",500,1,2,NA,0.086,0.026,0.0819341629543726,6.2147720160459e-05,3.87742857518339
100,"hetero","null",1,"fl_199",500,0,0,NA,0.078,0.012,0.079,0.005,3.87742857518339
100,"hetero","null",1,"fl_999",500,0,0,NA,0.084,0.024,0.085,0.001,3.87742857518339
100,"hetero","null",1,"fl_9999",500,1,2,NA,0.084,0.026,0.0873,1e-04,3.87742857518339
100,"hetero","null",1,"pvw_199",500,1,2,NA,0.088,0.028,0.0912600201258956,6.59093917058894e-05,3.87742857518339
100,"hetero","null",1,"pvt_199",500,1,2,NA,0.09,0.028,0.0928369769269405,5.66200731401753e-06,3.87742857518339
100,"hetero","null",1,"mm_199",500,1,3,NA,0.088,0.03,0.101094034909387,7.69648067015284e-06,3.87742857518339
100,"hetero","null",1,"pvw_999",500,1,2,NA,0.09,0.028,0.0897827541770632,0.0001716258801996,3.87742857518339
100,"hetero","null",1,"pvt_999",500,1,2,NA,0.094,0.03,0.0924414068430953,4.39035849060678e-05,3.87742857518339
100,"hetero","null",1,"mm_999",500,1,2,NA,0.088,0.026,0.0854433139743164,6.43365373105095e-05,3.87742857518339
100,"hetero","null",2,"ols",500,0,0,NA,0.114,0.02,0.092145255688115,0.000721029296103644,4.00746426022293
100,"hetero","null",2,"modt",500,0,0,NA,0.11,0.024,0.0918915665854899,0.000649847602026982,4.00746426022293
100,"hetero","null",2,"fl_199",500,0,0,NA,0.108,0.008,0.097,0.005,4.00746426022293
100,"hetero","null",2,"fl_999",500,0,0,NA,0.116,0.02,0.094,0.001,4.00746426022293
100,"hetero","null",2,"fl_9999",500,0,0,NA,0.116,0.024,0.0928,0.0013,4.00746426022293
100,"hetero","null",2,"pvw_199",500,0,0,NA,0.126,0.02,0.104705177026181,0.000366699783152828,4.00746426022293
100,"hetero","null",2,"pvt_199",500,0,0,NA,0.134,0.03,0.105948322899109,0.000150735762598902,4.00746426022293
100,"hetero","null",2,"mm_199",500,0,0,NA,0.124,0.036,0.096813380573179,0.000456879399054408,4.00746426022293
100,"hetero","null",2,"pvw_999",500,0,0,NA,0.12,0.018,0.102509584846153,0.000907514996397682,4.00746426022293
100,"hetero","null",2,"pvt_999",500,0,0,NA,0.128,0.026,0.104707846318945,0.000390647697609451,4.00746426022293
100,"hetero","null",2,"mm_999",500,0,0,NA,0.118,0.02,0.0935435082364586,0.000622911919089084,4.00746426022293
100,"hetero","null",3,"ols",500,0,0,NA,0.124,0.036,0.113399370334639,0.000412482517413932,3.87762900078029
100,"hetero","null",3,"modt",500,0,0,NA,0.118,0.036,0.110295801388632,0.000345596557859564,3.87762900078029
100,"hetero","null",3,"fl_199",500,0,0,NA,0.112,0.02,0.106,0.005,3.87762900078029
100,"hetero","null",3,"fl_999",500,0,0,NA,0.12,0.034,0.111,0.001,3.87762900078029
100,"hetero","null",3,"fl_9999",500,0,0,NA,0.122,0.038,0.1117,5e-04,3.87762900078029
100,"hetero","null",3,"pvw_199",500,0,0,NA,0.118,0.038,0.112566504650891,0.000243385077204192,3.87762900078029
100,"hetero","null",3,"pvt_199",500,1,1,NA,0.128,0.044,0.114297789697063,2.05470846900056e-05,3.87762900078029
100,"hetero","null",3,"mm_199",500,0,0,NA,0.13,0.038,0.107336789293291,0.000115798992845458,3.87762900078029
100,"hetero","null",3,"pvw_999",500,0,0,NA,0.116,0.032,0.114064936314963,0.000281616660280658,3.87762900078029
100,"hetero","null",3,"pvt_999",500,1,1,NA,0.132,0.042,0.117421075738255,5.95857686232846e-05,3.87762900078029
100,"hetero","null",3,"mm_999",500,0,0,NA,0.12,0.034,0.109966161719039,0.000184068175260737,3.87762900078029
100,"hetero","null",4,"ols",500,0,0,NA,0.082,0.03,0.120476503878678,0.000445488791066337,3.78669109856255
100,"hetero","null",4,"modt",500,0,0,NA,0.082,0.028,0.116333151916634,0.000369885898309124,3.78669109856255
100,"hetero","null",4,"fl_199",500,0,0,NA,0.068,0.008,0.123,0.005,3.78669109856255
100,"hetero","null",4,"fl_999",500,0,0,NA,0.076,0.028,0.116,0.001,3.78669109856255
100,"hetero","null",4,"fl_9999",500,0,0,NA,0.084,0.03,0.1207,4e-04,3.78669109856255
100,"hetero","null",4,"pvw_199",500,0,0,NA,0.088,0.03,0.12619541620535,0.000227441193957915,3.78669109856255
100,"hetero","null",4,"pvt_199",500,0,0,NA,0.088,0.038,0.125356488774338,0.00010900700287185,3.78669109856255
100,"hetero","null",4,"mm_199",500,1,2,NA,0.084,0.03,0.105291251186324,1.35977515404002e-05,3.78669109856255
100,"hetero","null",4,"pvw_999",500,0,0,NA,0.08,0.026,0.12213974299395,0.000539360209536993,3.78669109856255
100,"hetero","null",4,"pvt_999",500,0,0,NA,0.092,0.034,0.124340253915164,0.000212892627198643,3.78669109856255
100,"hetero","null",4,"mm_999",500,0,0,NA,0.082,0.03,0.114223529062444,0.000187219949120834,3.78669109856255
100,"hetero","null",5,"ols",500,0,0,NA,0.126,0.042,0.109442494066151,0.000620346230340381,4.16582088873657
100,"hetero","null",5,"modt",500,0,0,NA,0.126,0.042,0.110540072807198,0.000553441670755505,4.16582088873657
100,"hetero","null",5,"fl_199",500,0,0,NA,0.114,0.018,0.114,0.005,4.16582088873657
100,"hetero","null",5,"fl_999",500,0,0,NA,0.124,0.038,0.111,0.001,4.16582088873657
100,"hetero","null",5,"fl_9999",500,0,0,NA,0.126,0.042,0.1079,8e-04,4.16582088873657
100,"hetero","null",5,"pvw_199",500,0,0,NA,0.132,0.048,0.117222382734255,0.000688814071706746,4.16582088873657
100,"hetero","null",5,"pvt_199",500,0,0,NA,0.134,0.054,0.119369984916522,0.000288998995756502,4.16582088873657
100,"hetero","null",5,"mm_199",500,1,1,NA,0.126,0.044,0.105599061624166,5.75099198179314e-05,4.16582088873657
100,"hetero","null",5,"pvw_999",500,0,0,NA,0.126,0.042,0.118543138260566,0.000819806737168312,4.16582088873657
100,"hetero","null",5,"pvt_999",500,0,0,NA,0.134,0.046,0.121958273811319,0.000304239847592558,4.16582088873657
100,"hetero","null",5,"mm_999",500,0,0,NA,0.12,0.042,0.114314256707036,0.000319989371126382,4.16582088873657
100,"hetero","null",6,"ols",500,0,0,NA,0.126,0.044,0.132716987434432,0.000159617969087852,3.9519547744182
100,"hetero","null",6,"modt",500,1,5,NA,0.13,0.044,0.128515010745565,0.000164133745310517,3.9519547744182
100,"hetero","null",6,"fl_199",500,0,0,NA,0.116,0.024,0.127,0.005,3.9519547744182
100,"hetero","null",6,"fl_999",500,0,0,NA,0.126,0.038,0.127,0.001,3.9519547744182
100,"hetero","null",6,"fl_9999",500,1,1,NA,0.124,0.046,0.1299,1e-04,3.9519547744182
100,"hetero","null",6,"pvw_199",500,0,0,NA,0.13,0.042,0.135111238414579,0.000109688230088395,3.9519547744182
100,"hetero","null",6,"pvt_199",500,1,6,NA,0.142,0.06,0.138659393661609,3.40476147641769e-05,3.9519547744182
100,"hetero","null",6,"mm_199",500,1,7,NA,0.134,0.052,0.12544857377592,5.92471250478278e-05,3.9519547744182
100,"hetero","null",6,"pvw_999",500,0,0,NA,0.134,0.04,0.138473718334674,0.000205614944561962,3.9519547744182
100,"hetero","null",6,"pvt_999",500,1,5,NA,0.146,0.058,0.139990367127922,8.35005628913049e-05,3.9519547744182
100,"hetero","null",6,"mm_999",500,1,5,NA,0.136,0.05,0.125431721546404,2.61513102170345e-05,3.9519547744182
100,"hetero","null",7,"ols",500,1,5,NA,0.108,0.04,0.135041941366141,4.25449797040244e-05,3.79690458909529
100,"hetero","null",7,"modt",500,1,4,NA,0.112,0.038,0.130040603077103,5.49366822560261e-05,3.79690458909529
100,"hetero","null",7,"fl_199",500,0,0,NA,0.1,0.026,0.121,0.005,3.79690458909529
100,"hetero","null",7,"fl_999",500,0,0,NA,0.106,0.034,0.128,0.001,3.79690458909529
100,"hetero","null",7,"fl_9999",500,1,2,NA,0.108,0.04,0.1283,1e-04,3.79690458909529
100,"hetero","null",7,"pvw_199",500,1,3,NA,0.104,0.044,0.125816372265073,1.975190639165e-05,3.79690458909529
100,"hetero","null",7,"pvt_199",500,1,4,NA,0.116,0.052,0.130780496937662,7.16045518177887e-06,3.79690458909529
100,"hetero","null",7,"mm_199",500,1,4,NA,0.112,0.048,0.113307370209289,1.11085884985468e-05,3.79690458909529
100,"hetero","null",7,"pvw_999",500,1,3,NA,0.106,0.038,0.13386019451586,6.09450405501276e-05,3.79690458909529
100,"hetero","null",7,"pvt_999",500,1,5,NA,0.114,0.042,0.136626799114233,1.31168821066215e-05,3.79690458909529
100,"hetero","null",7,"mm_999",500,1,3,NA,0.106,0.034,0.125196905372654,3.37974936050241e-06,3.79690458909529
100,"hetero","null",8,"ols",500,1,4,NA,0.118,0.038,0.154023841855428,2.00009745049382e-05,4.57919972609722
100,"hetero","null",8,"modt",500,1,4,NA,0.118,0.04,0.14982617497531,1.71818199409188e-05,4.57919972609722
100,"hetero","null",8,"fl_199",500,0,0,NA,0.114,0.024,0.155,0.005,4.57919972609722
100,"hetero","null",8,"fl_999",500,0,0,NA,0.12,0.038,0.153,0.001,4.57919972609722
100,"hetero","null",8,"fl_9999",500,1,4,NA,0.116,0.04,0.15,2e-04,4.57919972609722
100,"hetero","null",8,"pvw_199",500,0,0,NA,0.124,0.034,0.163924528451318,0.000115409456644243,4.57919972609722
100,"hetero","null",8,"pvt_199",500,1,5,NA,0.13,0.044,0.164550297943404,1.40315079371431e-05,4.57919972609722
100,"hetero","null",8,"mm_199",500,1,3,NA,0.126,0.05,0.145160055801011,1.06417632977892e-05,4.57919972609722
100,"hetero","null",8,"pvw_999",500,1,2,NA,0.12,0.036,0.157351665418602,5.63875237762264e-05,4.57919972609722
100,"hetero","null",8,"pvt_999",500,1,4,NA,0.126,0.044,0.160120997298789,1.15038944689854e-05,4.57919972609722
100,"hetero","null",8,"mm_999",500,1,3,NA,0.118,0.04,0.159086460986562,8.27805535682042e-06,4.57919972609722
100,"hetero","null",9,"ols",500,0,0,NA,0.076,0.026,0.0588795259813126,0.000823589151700143,4.12255399380206
100,"hetero","null",9,"modt",500,0,0,NA,0.074,0.026,0.0593052715799363,0.000777506666405512,4.12255399380206
100,"hetero","null",9,"fl_199",500,0,0,NA,0.07,0.012,0.059,0.005,4.12255399380206
100,"hetero","null",9,"fl_999",500,0,0,NA,0.076,0.026,0.056,0.002,4.12255399380206
100,"hetero","null",9,"fl_9999",500,0,0,NA,0.076,0.026,0.0569,8e-04,4.12255399380206
100,"hetero","null",9,"pvw_199",500,0,0,NA,0.076,0.028,0.0655751005222769,0.000454042147539019,4.12255399380206
100,"hetero","null",9,"pvt_199",500,0,0,NA,0.082,0.03,0.0716836888553404,0.000256193202941852,4.12255399380206
100,"hetero","null",9,"mm_199",500,1,3,NA,0.078,0.034,0.103389103565993,7.77492462124351e-05,4.12255399380206
100,"hetero","null",9,"pvw_999",500,0,0,NA,0.074,0.028,0.0621673827975514,0.00119487278950265,4.12255399380206
100,"hetero","null",9,"pvt_999",500,0,0,NA,0.078,0.032,0.0642593847353252,0.000641362173590999,4.12255399380206
100,"hetero","null",9,"mm_999",500,0,0,NA,0.076,0.03,0.092,0.000753365117550845,4.12255399380206
100,"hetero","null",10,"ols",500,0,0,NA,0.094,0.024,0.118645334303402,0.00024763229585194,3.86941678471751
100,"hetero","null",10,"modt",500,0,0,NA,0.094,0.022,0.118920856805884,0.000203938789042632,3.86941678471751
100,"hetero","null",10,"fl_199",500,0,0,NA,0.08,0.008,0.108,0.005,3.86941678471751
100,"hetero","null",10,"fl_999",500,0,0,NA,0.086,0.022,0.118,0.002,3.86941678471751
100,"hetero","null",10,"fl_9999",500,0,0,NA,0.092,0.024,0.12,5e-04,3.86941678471751
100,"hetero","null",10,"pvw_199",500,0,0,NA,0.094,0.026,0.118774463865144,0.000322059024183257,3.86941678471751
100,"hetero","null",10,"pvt_199",500,0,0,NA,0.094,0.028,0.119275943150803,0.000155186827712226,3.86941678471751
100,"hetero","null",10,"mm_199",500,0,0,NA,0.094,0.028,0.108914112765844,0.000166240235158711,3.86941678471751
100,"hetero","null",10,"pvw_999",500,0,0,NA,0.092,0.024,0.124661747228623,0.000554902640113607,3.86941678471751
100,"hetero","null",10,"pvt_999",500,0,0,NA,0.096,0.034,0.127962917884405,0.000184202216017034,3.86941678471751
100,"hetero","null",10,"mm_999",500,0,0,NA,0.088,0.026,0.114954557307989,0.000454701235157233,3.86941678471751
100,"hetero","null",11,"ols",500,0,0,NA,0.126,0.038,0.135504046010344,0.000147023318038942,4.19049655413553
100,"hetero","null",11,"modt",500,0,0,NA,0.124,0.042,0.135124774260823,0.000121420913624686,4.19049655413553
100,"hetero","null",11,"fl_199",500,0,0,NA,0.116,0.032,0.131,0.005,4.19049655413553
100,"hetero","null",11,"fl_999",500,0,0,NA,0.122,0.036,0.133,0.001,4.19049655413553
100,"hetero","null",11,"fl_9999",500,0,0,NA,0.124,0.038,0.1358,2e-04,4.19049655413553
100,"hetero","null",11,"pvw_199",500,1,1,NA,0.126,0.042,0.139671662208005,6.35210253292245e-05,4.19049655413553
100,"hetero","null",11,"pvt_199",500,1,4,NA,0.132,0.042,0.144566545972431,5.09642246377769e-05,4.19049655413553
100,"hetero","null",11,"mm_199",500,1,4,NA,0.132,0.042,0.126754754538334,1.79041619448774e-07,4.19049655413553
100,"hetero","null",11,"pvw_999",500,0,0,NA,0.126,0.042,0.140936268350675,0.000187047299102941,4.19049655413553
100,"hetero","null",11,"pvt_999",500,1,5,NA,0.132,0.046,0.143814122520945,4.83977056013811e-05,4.19049655413553
100,"hetero","null",11,"mm_999",500,1,1,NA,0.124,0.04,0.13723439829941,9.25213432780707e-05,4.19049655413553
100,"hetero","null",12,"ols",500,0,0,NA,0.09,0.024,0.0817035051937445,0.000587741034331429,4.0376823816791
100,"hetero","null",12,"modt",500,0,0,NA,0.092,0.024,0.0838179779917652,0.00050268441269455,4.0376823816791
100,"hetero","null",12,"fl_199",500,0,0,NA,0.074,0.008,0.07,0.005,4.0376823816791
100,"hetero","null",12,"fl_999",500,0,0,NA,0.088,0.022,0.076,0.001,4.0376823816791
100,"hetero","null",12,"fl_9999",500,0,0,NA,0.086,0.026,0.0805,3e-04,4.0376823816791
100,"hetero","null",12,"pvw_199",500,0,0,NA,0.086,0.024,0.0881650260727941,0.000819260239883161,4.0376823816791
100,"hetero","null",12,"pvt_199",500,0,0,NA,0.098,0.032,0.0905675286231988,0.000303262834536786,4.0376823816791
100,"hetero","null",12,"mm_199",500,0,0,NA,0.088,0.03,0.1182101416914,0.000388128001792084,4.0376823816791
100,"hetero","null",12,"pvw_999",500,0,0,NA,0.09,0.028,0.0845355428782368,0.00067528433402041,4.0376823816791
100,"hetero","null",12,"pvt_999",500,0,0,NA,0.096,0.034,0.0880819753685371,0.000250686448735415,4.0376823816791
100,"hetero","null",12,"mm_999",500,0,0,NA,0.084,0.03,0.0777480348625691,0.000329615939798279,4.0376823816791
100,"hetero","null",13,"ols",500,0,0,NA,0.1,0.036,0.118984045052452,0.000283733628875746,3.90579624862897
100,"hetero","null",13,"modt",500,0,0,NA,0.1,0.034,0.117591727970241,0.000236890965777552,3.90579624862897
100,"hetero","null",13,"fl_199",500,0,0,NA,0.09,0.018,0.114,0.005,3.90579624862897
100,"hetero","null",13,"fl_999",500,0,0,NA,0.092,0.034,0.12,0.001,3.90579624862897
100,"hetero","null",13,"fl_9999",500,0,0,NA,0.104,0.036,0.1154,4e-04,3.90579624862897
100,"hetero","null",13,"pvw_199",500,0,0,NA,0.106,0.034,0.121570732886261,0.000112773903053663,3.90579624862897
100,"hetero","null",13,"pvt_199",500,1,3,NA,0.11,0.038,0.123877724682076,3.82302147528333e-05,3.90579624862897
100,"hetero","null",13,"mm_199",500,1,1,NA,0.108,0.04,0.114736886977184,1.31974834515433e-05,3.90579624862897
100,"hetero","null",13,"pvw_999",500,0,0,NA,0.1,0.034,0.127860383282592,0.000204495798931493,3.90579624862897
100,"hetero","null",13,"pvt_999",500,1,2,NA,0.108,0.038,0.12969165975934,5.760591865985e-05,3.90579624862897
100,"hetero","null",13,"mm_999",500,1,1,NA,0.1,0.036,0.119723725214635,2.98733958042569e-05,3.90579624862897
100,"hetero","null",14,"ols",500,1,1,NA,0.088,0.018,0.0755252245098859,3.55963046425508e-05,3.63346667085751
100,"hetero","null",14,"modt",500,1,1,NA,0.09,0.016,0.0752544500144021,4.79083203214455e-05,3.63346667085751
100,"hetero","null",14,"fl_199",500,0,0,NA,0.074,0.01,0.074,0.005,3.63346667085751
100,"hetero","null",14,"fl_999",500,0,0,NA,0.086,0.014,0.077,0.001,3.63346667085751
100,"hetero","null",14,"fl_9999",500,1,1,NA,0.09,0.018,0.0721,1e-04,3.63346667085751
100,"hetero","null",14,"pvw_199",500,1,1,NA,0.088,0.018,0.0874653784424538,8.19427523176087e-05,3.63346667085751
100,"hetero","null",14,"pvt_199",500,1,1,NA,0.096,0.026,0.0883318914073253,2.89008872967094e-05,3.63346667085751
100,"hetero","null",14,"mm_199",500,1,2,NA,0.09,0.03,0.0978731160304089,3.48224639274228e-05,3.63346667085751
100,"hetero","null",14,"pvw_999",500,1,1,NA,0.088,0.014,0.0797566202259817,7.62755655938876e-05,3.63346667085751
100,"hetero","null",14,"pvt_999",500,1,1,NA,0.1,0.022,0.082377585615178,1.99490326122332e-05,3.63346667085751
100,"hetero","null",14,"mm_999",500,1,1,NA,0.088,0.018,0.0759711998334285,7.14836253308207e-05,3.63346667085751
100,"hetero","null",15,"ols",500,0,0,NA,0.09,0.016,0.0998222157224553,0.000664641347314755,3.85297612598596
100,"hetero","null",15,"modt",500,0,0,NA,0.092,0.02,0.0965647780683124,0.000547667130570357,3.85297612598596
100,"hetero","null",15,"fl_199",500,0,0,NA,0.082,0.012,0.096,0.005,3.85297612598596
100,"hetero","null",15,"fl_999",500,0,0,NA,0.092,0.02,0.102,0.001,3.85297612598596
100,"hetero","null",15,"fl_9999",500,0,0,NA,0.09,0.02,0.1007,5e-04,3.85297612598596
100,"hetero","null",15,"pvw_199",500,0,0,NA,0.092,0.02,0.105847839297956,0.000623445903077537,3.85297612598596
100,"hetero","null",15,"pvt_199",500,0,0,NA,0.098,0.026,0.109029106930222,0.000294278597145857,3.85297612598596
100,"hetero","null",15,"mm_199",500,0,0,NA,0.092,0.028,0.100406694078467,0.000242654000357324,3.85297612598596
100,"hetero","null",15,"pvw_999",500,0,0,NA,0.092,0.018,0.106092700233139,0.000780253725970027,3.85297612598596
100,"hetero","null",15,"pvt_999",500,0,0,NA,0.096,0.02,0.108151918771031,0.000434649496278391,3.85297612598596
100,"hetero","null",15,"mm_999",500,0,0,NA,0.09,0.02,0.102356279804863,0.000330191596395096,3.85297612598596
100,"hetero","null",16,"ols",500,0,0,NA,0.1,0.042,0.0539341710172732,0.000454251743581524,4.41421662104551
100,"hetero","null",16,"modt",500,0,0,NA,0.102,0.042,0.0550406004172928,0.000487352881538974,4.41421662104551
100,"hetero","null",16,"fl_199",500,0,0,NA,0.088,0.014,0.054,0.005,4.41421662104551
100,"hetero","null",16,"fl_999",500,0,0,NA,0.096,0.042,0.055,0.002,4.41421662104551
100,"hetero","null",16,"fl_9999",500,0,0,NA,0.1,0.04,0.0543,8e-04,4.41421662104551
100,"hetero","null",16,"pvw_199",500,0,0,NA,0.1,0.04,0.0576300445212552,0.000910384640501349,4.41421662104551
100,"hetero","null",16,"pvt_199",500,0,0,NA,0.106,0.046,0.0616016779324459,0.000368280444942261,4.41421662104551
100,"hetero","null",16,"mm_199",500,1,1,NA,0.104,0.042,0.0868011695324323,9.81608860020403e-05,4.41421662104551
100,"hetero","null",16,"pvw_999",500,0,0,NA,0.104,0.04,0.0552680305780329,0.000861453374575688,4.41421662104551
100,"hetero","null",16,"pvt_999",500,0,0,NA,0.104,0.046,0.0608377854233208,0.000397476798394272,4.41421662104551
100,"hetero","null",16,"mm_999",500,0,0,NA,0.104,0.044,0.084,0.000730682510575461,4.41421662104551
100,"hetero","null",17,"ols",500,0,0,NA,0.092,0.028,0.100678213336414,0.00023864519470206,3.74212524750009
100,"hetero","null",17,"modt",500,0,0,NA,0.084,0.028,0.100361944745898,0.000207092808707428,3.74212524750009
100,"hetero","null",17,"fl_199",500,0,0,NA,0.082,0.018,0.106,0.005,3.74212524750009
100,"hetero","null",17,"fl_999",500,0,0,NA,0.09,0.024,0.101,0.001,3.74212524750009
100,"hetero","null",17,"fl_9999",500,0,0,NA,0.086,0.028,0.1013,3e-04,3.74212524750009
100,"hetero","null",17,"pvw_199",500,0,0,NA,0.094,0.026,0.116760185060406,0.000275599614136495,3.74212524750009
100,"hetero","null",17,"pvt_199",500,1,1,NA,0.1,0.03,0.120048096009948,6.39826604599988e-05,3.74212524750009
100,"hetero","null",17,"mm_199",500,1,2,NA,0.096,0.028,0.122763375146613,1.50643251913115e-05,3.74212524750009
100,"hetero","null",17,"pvw_999",500,0,0,NA,0.09,0.026,0.109107839435932,0.000306626221531421,3.74212524750009
100,"hetero","null",17,"pvt_999",500,1,2,NA,0.094,0.03,0.113497579281255,0.000113922892946719,3.74212524750009
100,"hetero","null",17,"mm_999",500,1,2,NA,0.09,0.024,0.102630687457257,9.80582279859463e-05,3.74212524750009
100,"hetero","null",18,"ols",500,1,1,NA,0.068,0.02,0.081635263039344,6.11408822584632e-06,4.42422360845259
100,"hetero","null",18,"modt",500,1,2,NA,0.074,0.02,0.08427174983481,5.15455774002836e-06,4.42422360845259
100,"hetero","null",18,"fl_199",500,0,0,NA,0.058,0.014,0.085,0.005,4.42422360845259
100,"hetero","null",18,"fl_999",500,0,0,NA,0.07,0.02,0.082,0.001,4.42422360845259
100,"hetero","null",18,"fl_9999",500,1,2,NA,0.068,0.02,0.0827,1e-04,4.42422360845259
100,"hetero","null",18,"pvw_199",500,1,2,NA,0.074,0.02,0.0884181503504016,4.21665967750784e-05,4.42422360845259
100,"hetero","null",18,"pvt_199",500,1,3,NA,0.082,0.026,0.0911147566957294,1.06422051222717e-06,4.42422360845259
100,"hetero","null",18,"mm_199",500,1,4,NA,0.074,0.024,0.0897278070311673,2.70816460127139e-06,4.42422360845259
100,"hetero","null",18,"pvw_999",500,1,2,NA,0.07,0.02,0.0911611123860971,1.31734553938276e-05,4.42422360845259
100,"hetero","null",18,"pvt_999",500,1,3,NA,0.076,0.024,0.0920802349111596,9.58504951630003e-07,4.42422360845259
100,"hetero","null",18,"mm_999",500,1,3,NA,0.076,0.02,0.0942967266833815,1.08341775835743e-06,4.42422360845259
100,"hetero","null",19,"ols",500,1,6,NA,0.114,0.044,0.127298952915539,9.79005975839239e-05,4.00399172364006
100,"hetero","null",19,"modt",500,1,1,NA,0.112,0.044,0.130853043496783,7.92681525467318e-05,4.00399172364006
100,"hetero","null",19,"fl_199",500,0,0,NA,0.106,0.026,0.123,0.005,4.00399172364006
100,"hetero","null",19,"fl_999",500,0,0,NA,0.11,0.038,0.124,0.001,4.00399172364006
100,"hetero","null",19,"fl_9999",500,1,2,NA,0.11,0.044,0.1291,1e-04,4.00399172364006
100,"hetero","null",19,"pvw_199",500,1,2,NA,0.112,0.04,0.128551719009457,0.000105090282244499,4.00399172364006
100,"hetero","null",19,"pvt_199",500,1,7,NA,0.12,0.046,0.129966974895325,1.91571471570753e-05,4.00399172364006
100,"hetero","null",19,"mm_199",500,1,5,NA,0.118,0.046,0.120114918666161,8.4310363463948e-06,4.00399172364006
100,"hetero","null",19,"pvw_999",500,0,0,NA,0.114,0.042,0.131598653186445,0.000265610378385412,4.00399172364006
100,"hetero","null",19,"pvt_999",500,1,6,NA,0.12,0.046,0.134195393418717,7.20893874577683e-05,4.00399172364006
100,"hetero","null",19,"mm_999",500,1,7,NA,0.112,0.044,0.130599961201835,2.46310933691402e-05,4.00399172364006
100,"hetero","null",20,"ols",500,1,1,NA,0.092,0.02,0.128875364848175,4.72251368394952e-05,4.32196253291087
100,"hetero","null",20,"modt",500,1,1,NA,0.092,0.02,0.133092941341157,5.36551528719967e-05,4.32196253291087
100,"hetero","null",20,"fl_199",500,0,0,NA,0.074,0.016,0.121,0.005,4.32196253291087
100,"hetero","null",20,"fl_999",500,0,0,NA,0.086,0.018,0.127,0.001,4.32196253291087
100,"hetero","null",20,"fl_9999",500,1,1,NA,0.088,0.018,0.1274,1e-04,4.32196253291087
100,"hetero","null",20,"pvw_199",500,1,1,NA,0.092,0.02,0.129903427268458,5.38385061679475e-05,4.32196253291087
100,"hetero","null",20,"pvt_199",500,1,1,NA,0.1,0.026,0.134164554406066,4.98473280628862e-06,4.32196253291087
100,"hetero","null",20,"mm_199",500,1,1,NA,0.1,0.026,0.125492280036088,1.21854570534196e-06,4.32196253291087
100,"hetero","null",20,"pvw_999",500,1,1,NA,0.092,0.02,0.130519376879498,9.7342933950491e-05,4.32196253291087
100,"hetero","null",20,"pvt_999",500,1,1,NA,0.1,0.022,0.133803288327825,2.41302801157676e-05,4.32196253291087
100,"hetero","null",20,"mm_999",500,1,1,NA,0.092,0.018,0.127474703312333,7.36996631746275e-05,4.32196253291087
40,"missing","null",1,"ols",500,0,0,NA,0.05,0.01,0.0269455554304896,0.00125431236929095,3.98621938113579
40,"missing","null",1,"modt",500,0,0,NA,0.054,0.01,0.0294541812723013,0.00162610628674774,3.98621938113579
40,"missing","null",1,"fl_199",500,0,0,NA,0.044,0.004,0.031,0.005,3.98621938113579
40,"missing","null",1,"fl_999",500,0,0,NA,0.054,0.01,0.028,0.002,3.98621938113579
40,"missing","null",1,"fl_9999",500,0,0,NA,0.054,0.01,0.0265,9e-04,3.98621938113579
40,"missing","null",1,"pvw_199",500,0,0,NA,0.06,0.006,0.0512358103217277,0.00517094354169074,3.98621938113579
40,"missing","null",1,"pvt_199",500,0,0,NA,0.082,0.03,0.0521231358613026,0.000196329965318921,3.98621938113579
40,"missing","null",1,"mm_199",500,0,0,NA,0.054,0.008,0.13,0.000250321943157112,3.98621938113579
40,"missing","null",1,"pvw_999",500,0,0,NA,0.052,0.006,0.0481486312664354,0.00237804654238782,3.98621938113579
40,"missing","null",1,"pvt_999",500,1,1,NA,0.076,0.026,0.0501659430858313,3.8546609600137e-05,3.98621938113579
40,"missing","null",1,"mm_999",500,0,0,NA,0.052,0.01,0.196,0.00109163386199811,3.98621938113579
40,"missing","null",2,"ols",500,0,0,NA,0.052,0.008,0.0304704095017713,0.000789769989059609,4.32612059425893
40,"missing","null",2,"modt",500,0,0,NA,0.05,0.01,0.0346743974925956,0.00102916289001386,4.32612059425893
40,"missing","null",2,"fl_199",500,0,0,NA,0.05,0.006,0.026,0.005,4.32612059425893
40,"missing","null",2,"fl_999",500,0,0,NA,0.05,0.008,0.034,0.002,4.32612059425893
40,"missing","null",2,"fl_9999",500,0,0,NA,0.05,0.008,0.0324,7e-04,4.32612059425893
40,"missing","null",2,"pvw_199",500,0,0,NA,0.054,0.008,0.0435301527145893,0.00199611504172798,4.32612059425893
40,"missing","null",2,"pvt_199",500,1,1,NA,0.074,0.028,0.0530300348894134,4.20508091013402e-05,4.32612059425893
40,"missing","null",2,"mm_199",500,0,0,NA,0.052,0.012,0.12,0.000459429625940058,4.32612059425893
40,"missing","null",2,"pvw_999",500,0,0,NA,0.052,0.008,0.0510408243228925,0.0017081698095139,4.32612059425893
40,"missing","null",2,"pvt_999",500,1,1,NA,0.074,0.03,0.0608526254703434,1.86031985709153e-05,4.32612059425893
40,"missing","null",2,"mm_999",500,0,0,NA,0.05,0.01,0.204,0.000808520770904987,4.32612059425893
40,"missing","null",3,"ols",500,0,0,NA,0.038,0.002,0.0348549852690971,0.00579338752023502,3.62112338777969
40,"missing","null",3,"modt",500,0,0,NA,0.04,0.006,0.03552559580763,0.00549278022391673,3.62112338777969
40,"missing","null",3,"fl_199",500,0,0,NA,0.032,0.002,0.046,0.005,3.62112338777969
40,"missing","null",3,"fl_999",500,0,0,NA,0.04,0.002,0.039,0.006,3.62112338777969
40,"missing","null",3,"fl_9999",500,0,0,NA,0.038,0.002,0.0352,0.0063,3.62112338777969
40,"missing","null",3,"pvw_199",500,0,0,NA,0.038,0.002,0.041500515160533,0.00486237718464784,3.62112338777969
40,"missing","null",3,"pvt_199",500,0,0,NA,0.06,0.016,0.0411020938359474,0.00151451526191711,3.62112338777969
40,"missing","null",3,"mm_199",500,0,0,NA,0.038,0.006,0.094,0.000624436903187469,3.62112338777969
40,"missing","null",3,"pvw_999",500,0,0,NA,0.042,0.002,0.041375303957757,0.00646396805748254,3.62112338777969
40,"missing","null",3,"pvt_999",500,0,0,NA,0.064,0.022,0.0414668987606241,0.00129996939338261,3.62112338777969
40,"missing","null",3,"mm_999",500,0,0,NA,0.038,0.004,0.194,0.00461966481120592,3.62112338777969
40,"missing","null",4,"ols",500,0,0,NA,0.04,0.012,0.0620066710052375,0.00242848137860664,3.91372357568119
40,"missing","null",4,"modt",500,0,0,NA,0.044,0.01,0.0650594772719169,0.00192889433597945,3.91372357568119
40,"missing","null",4,"fl_199",500,0,0,NA,0.042,0.008,0.066,0.005,3.91372357568119
40,"missing","null",4,"fl_999",500,0,0,NA,0.04,0.014,0.066,0.003,3.91372357568119
40,"missing","null",4,"fl_9999",500,0,0,NA,0.042,0.012,0.0631,0.0032,3.91372357568119
40,"missing","null",4,"pvw_199",500,0,0,NA,0.046,0.008,0.0380686175112396,0.00318984453366644,3.91372357568119
40,"missing","null",4,"pvt_199",500,0,0,NA,0.06,0.022,0.0354289735949443,0.000223369556069945,3.91372357568119
40,"missing","null",4,"mm_199",500,0,0,NA,0.044,0.01,0.108,0.00020489495733933,3.91372357568119
40,"missing","null",4,"pvw_999",500,0,0,NA,0.042,0.01,0.0405634229984447,0.00510317350242127,3.91372357568119
40,"missing","null",4,"pvt_999",500,0,0,NA,0.062,0.02,0.0337237960085526,0.000344356356167803,3.91372357568119
40,"missing","null",4,"mm_999",500,0,0,NA,0.04,0.016,0.214,0.00143567827961374,3.91372357568119
40,"missing","null",5,"ols",500,1,1,NA,0.05,0.012,0.0495228178763757,2.20605081623785e-05,4.55212538304862
40,"missing","null",5,"modt",500,0,0,NA,0.05,0.016,0.0499487574208168,0.000491319848468893,4.55212538304862
40,"missing","null",5,"fl_199",500,0,0,NA,0.048,0.01,0.054,0.005,4.55212538304862
40,"missing","null",5,"fl_999",500,0,0,NA,0.052,0.012,0.056,0.001,4.55212538304862
40,"missing","null",5,"fl_9999",500,1,1,NA,0.05,0.012,0.0519,1e-04,4.55212538304862
40,"missing","null",5,"pvw_199",500,0,0,NA,0.054,0.01,0.0303101466707944,0.000269459115635354,4.55212538304862
40,"missing","null",5,"pvt_199",500,1,1,NA,0.072,0.026,0.0401909529084837,1.36475020793158e-10,4.55212538304862
40,"missing","null",5,"mm_199",500,1,1,NA,0.05,0.014,0.108,6.32111625226137e-09,4.55212538304862
40,"missing","null",5,"pvw_999",500,0,0,NA,0.056,0.01,0.0316921851481265,0.000629914390720219,4.55212538304862
40,"missing","null",5,"pvt_999",500,1,2,NA,0.072,0.024,0.0353632082815113,4.05256841117442e-10,4.55212538304862
40,"missing","null",5,"mm_999",500,1,1,NA,0.05,0.008,0.228,5.22067921949407e-05,4.55212538304862
40,"missing","null",6,"ols",500,0,0,NA,0.07,0.014,0.0427084964470512,0.000367958383473417,4.17458726970071
40,"missing","null",6,"modt",500,0,0,NA,0.072,0.016,0.0420605855945392,0.000462041957265186,4.17458726970071
40,"missing","null",6,"fl_199",500,0,0,NA,0.058,0.006,0.037,0.005,4.17458726970071
40,"missing","null",6,"fl_999",500,0,0,NA,0.066,0.014,0.042,0.001,4.17458726970071
40,"missing","null",6,"fl_9999",500,0,0,NA,0.072,0.014,0.0422,3e-04,4.17458726970071
40,"missing","null",6,"pvw_199",500,0,0,NA,0.076,0.012,0.0626194295629584,0.00146377370170484,4.17458726970071
40,"missing","null",6,"pvt_199",500,1,3,NA,0.102,0.03,0.0738667606834133,1.16724989173857e-06,4.17458726970071
40,"missing","null",6,"mm_199",500,1,2,NA,0.07,0.016,0.104,1.9913762670239e-05,4.17458726970071
40,"missing","null",6,"pvw_999",500,0,0,NA,0.074,0.012,0.063284716696321,0.00142610563250306,4.17458726970071
40,"missing","null",6,"pvt_999",500,1,3,NA,0.096,0.03,0.0759515490218017,5.24533584401676e-06,4.17458726970071
40,"missing","null",6,"mm_999",500,1,1,NA,0.068,0.014,0.212,8.19138097491269e-05,4.17458726970071
40,"missing","null",7,"ols",500,0,0,NA,0.068,0.01,0.0491564229840117,0.00380759372536911,4.0542966710152
40,"missing","null",7,"modt",500,0,0,NA,0.07,0.008,0.0560566461109894,0.00192741465119246,4.0542966710152
40,"missing","null",7,"fl_199",500,0,0,NA,0.064,0,0.048,0.01,4.0542966710152
40,"missing","null",7,"fl_999",500,0,0,NA,0.068,0.008,0.051,0.002,4.0542966710152
40,"missing","null",7,"fl_9999",500,0,0,NA,0.066,0.012,0.0513,0.0022,4.0542966710152
40,"missing","null",7,"pvw_199",500,0,0,NA,0.074,0.008,0.0715353471182883,0.00468262923619866,4.0542966710152
40,"missing","null",7,"pvt_199",500,0,0,NA,0.1,0.036,0.0799578795414942,0.000442505478463247,4.0542966710152
40,"missing","null",7,"mm_199",500,0,0,NA,0.07,0.016,0.094,0.00354430700873368,4.0542966710152
40,"missing","null",7,"pvw_999",500,0,0,NA,0.07,0.006,0.0714407402406932,0.00512437986536091,4.0542966710152
40,"missing","null",7,"pvt_999",500,0,0,NA,0.098,0.036,0.0791055772586504,0.000340327396940001,4.0542966710152
40,"missing","null",7,"mm_999",500,0,0,NA,0.066,0.012,0.162,0.00391299674138228,4.0542966710152
40,"missing","null",8,"ols",500,0,0,NA,0.05,0.012,0.0229007006313497,0.000865032326491599,3.68638023616838
40,"missing","null",8,"modt",500,0,0,NA,0.056,0.008,0.0255295614656265,0.000763826541175732,3.68638023616838
40,"missing","null",8,"fl_199",500,0,0,NA,0.046,0.002,0.028,0.005,3.68638023616838
40,"missing","null",8,"fl_999",500,0,0,NA,0.048,0.008,0.027,0.003,3.68638023616838
40,"missing","null",8,"fl_9999",500,0,0,NA,0.052,0.01,0.0263,0.0014,3.68638023616838
40,"missing","null",8,"pvw_199",500,0,0,NA,0.052,0.008,0.0408629364651703,0.00307117775808707,3.68638023616838
40,"missing","null",8,"pvt_199",500,0,0,NA,0.076,0.026,0.0410361182864857,0.000156601655009119,3.68638023616838
40,"missing","null",8,"mm_199",500,0,0,NA,0.05,0.014,0.108,0.00197141210267953,3.68638023616838
40,"missing","null",8,"pvw_999",500,0,0,NA,0.05,0.006,0.0433514370914351,0.00228381803286331,3.68638023616838
40,"missing","null",8,"pvt_999",500,1,1,NA,0.074,0.024,0.0455050468782882,6.03653155133098e-05,3.68638023616838
40,"missing","null",8,"mm_999",500,0,0,NA,0.052,0.012,0.212,0.00149443492812363,3.68638023616838
40,"missing","null",9,"ols",500,0,0,NA,0.048,0.006,0.0407039511135461,0.000208879812582026,3.87871964147231
40,"missing","null",9,"modt",500,0,0,NA,0.048,0.008,0.0402128316051439,0.000145611419096183,3.87871964147231
40,"missing","null",9,"fl_199",500,0,0,NA,0.046,0.006,0.0379999999999999,0.005,3.87871964147231
40,"missing","null",9,"fl_999",500,0,0,NA,0.05,0.004,0.0379999999999999,0.003,3.87871964147231
40,"missing","null",9,"fl_9999",500,0,0,NA,0.048,0.006,0.0386,7e-04,3.87871964147231
40,"missing","null",9,"pvw_199",500,0,0,NA,0.05,0.006,0.0424107237707097,0.00131019798738073,3.87871964147231
40,"missing","null",9,"pvt_199",500,1,1,NA,0.076,0.022,0.0553918821847672,8.496451077589e-07,3.87871964147231
40,"missing","null",9,"mm_199",500,0,0,NA,0.048,0.014,0.124,0.000298968766959567,3.87871964147231
40,"missing","null",9,"pvw_999",500,0,0,NA,0.05,0.006,0.0424453850867635,0.000949139869888629,3.87871964147231
40,"missing","null",9,"pvt_999",500,1,1,NA,0.078,0.024,0.0555736139962394,4.87014371916172e-06,3.87871964147231
40,"missing","null",9,"mm_999",500,0,0,NA,0.048,0.008,0.222,0.00189277945424904,3.87871964147231
40,"missing","null",10,"ols",500,0,0,NA,0.038,0.004,0.0514078062909492,0.00130045681932598,4.25446806678633
40,"missing","null",10,"modt",500,0,0,NA,0.048,0.004,0.049242339974612,0.00167310232154944,4.25446806678633
40,"missing","null",10,"fl_199",500,0,0,NA,0.036,0,0.051,0.01,4.25446806678633
40,"missing","null",10,"fl_999",500,0,0,NA,0.038,0.004,0.055,0.002,4.25446806678633
40,"missing","null",10,"fl_9999",500,0,0,NA,0.036,0.004,0.0544,0.0015,4.25446806678633
40,"missing","null",10,"pvw_199",500,0,0,NA,0.05,0.006,0.0302065283718934,0.00255260984783758,4.25446806678633
40,"missing","null",10,"pvt_199",500,1,1,NA,0.074,0.024,0.0337060297887781,1.22905782880814e-05,4.25446806678633
40,"missing","null",10,"mm_199",500,0,0,NA,0.048,0.012,0.12,0.00189365758340287,4.25446806678633
40,"missing","null",10,"pvw_999",500,0,0,NA,0.04,0.004,0.0330734100650594,0.00293464205064443,4.25446806678633
40,"missing","null",10,"pvt_999",500,1,1,NA,0.074,0.024,0.0388239108875697,6.49798649845047e-05,4.25446806678633
40,"missing","null",10,"mm_999",500,0,0,NA,0.04,0.004,0.204,0.000626303204413889,4.25446806678633
40,"missing","null",11,"ols",500,0,0,NA,0.048,0.014,0.0199400060114012,0.00152266268063527,3.9987047154904
40,"missing","null",11,"modt",500,0,0,NA,0.042,0.018,0.0203241264196932,0.000870144106329178,3.9987047154904
40,"missing","null",11,"fl_199",500,0,0,NA,0.044,0.002,0.025,0.005,3.9987047154904
40,"missing","null",11,"fl_999",500,0,0,NA,0.048,0.012,0.022,0.002,3.9987047154904
40,"missing","null",11,"fl_9999",500,0,0,NA,0.048,0.014,0.0217999999999999,0.001,3.9987047154904
40,"missing","null",11,"pvw_199",500,0,0,NA,0.054,0.012,0.0411366651222927,0.00151151377524763,3.9987047154904
40,"missing","null",11,"pvt_199",500,1,3,NA,0.08,0.024,0.0515743772043291,5.37124508291233e-05,3.9987047154904
40,"missing","null",11,"mm_199",500,0,0,NA,0.05,0.016,0.118,0.000675494147128342,3.9987047154904
40,"missing","null",11,"pvw_999",500,0,0,NA,0.05,0.01,0.0364766322745633,0.00204866131886914,3.9987047154904
40,"missing","null",11,"pvt_999",500,1,3,NA,0.082,0.024,0.0486159171991184,4.88525005459957e-05,3.9987047154904
40,"missing","null",11,"mm_999",500,0,0,NA,0.044,0.014,0.2,0.000741309556122567,3.9987047154904
40,"missing","null",12,"ols",500,0,0,NA,0.038,0.006,0.0361480655274296,0.00342158529672467,4.01044509377112
40,"missing","null",12,"modt",500,0,0,NA,0.04,0.004,0.0393278163299077,0.0047698735898905,4.01044509377112
40,"missing","null",12,"fl_199",500,0,0,NA,0.036,0,0.032,0.01,4.01044509377112
40,"missing","null",12,"fl_999",500,0,0,NA,0.042,0.006,0.033,0.005,4.01044509377112
40,"missing","null",12,"fl_9999",500,0,0,NA,0.038,0.006,0.0341,0.0029,4.01044509377112
40,"missing","null",12,"pvw_199",500,0,0,NA,0.05,0.006,0.0570517060991743,0.0045850840106067,4.01044509377112
40,"missing","null",12,"pvt_199",500,1,2,NA,0.074,0.012,0.0687765643987264,0.000165584020625259,4.01044509377112
40,"missing","null",12,"mm_199",500,0,0,NA,0.042,0.006,0.116,0.00346875451559777,4.01044509377112
40,"missing","null",12,"pvw_999",500,0,0,NA,0.04,0.004,0.0617579637838767,0.00688909969486701,4.01044509377112
40,"missing","null",12,"pvt_999",500,0,0,NA,0.078,0.012,0.0723198166315306,0.000231637023548879,4.01044509377112
40,"missing","null",12,"mm_999",500,0,0,NA,0.04,0.006,0.224,0.00457647506620961,4.01044509377112
40,"missing","null",13,"ols",500,0,0,NA,0.064,0.006,0.0528640742518617,0.00543021846593119,4.29451617635078
40,"missing","null",13,"modt",500,0,0,NA,0.054,0.008,0.058466945840763,0.00572140170768009,4.29451617635078
40,"missing","null",13,"fl_199",500,0,0,NA,0.054,0.006,0.053,0.005,4.29451617635078
40,"missing","null",13,"fl_999",500,0,0,NA,0.064,0.006,0.0489999999999999,0.006,4.29451617635078
40,"missing","null",13,"fl_9999",500,0,0,NA,0.064,0.006,0.0497,0.0056,4.29451617635078
40,"missing","null",13,"pvw_199",500,0,0,NA,0.062,0.01,0.0821590303226131,0.00656653257781326,4.29451617635078
40,"missing","null",13,"pvt_199",500,0,0,NA,0.102,0.032,0.0878375882280889,0.00071277898496631,4.29451617635078
40,"missing","null",13,"mm_199",500,0,0,NA,0.064,0.014,0.088,0.00177996409823316,4.29451617635078
40,"missing","null",13,"pvw_999",500,0,0,NA,0.064,0.004,0.0759519845969822,0.00729501652398381,4.29451617635078
40,"missing","null",13,"pvt_999",500,0,0,NA,0.094,0.032,0.0820799585122428,0.00131814319119612,4.29451617635078
40,"missing","null",13,"mm_999",500,0,0,NA,0.064,0.006,0.174,0.00685061924611423,4.29451617635078
40,"missing","null",14,"ols",500,0,0,NA,0.06,0.012,0.0367239368583231,0.00140264598380809,4.00020143373842
40,"missing","null",14,"modt",500,0,0,NA,0.058,0.014,0.0404016538877057,0.000643921653132939,4.00020143373842
40,"missing","null",14,"fl_199",500,0,0,NA,0.06,0.004,0.037,0.005,4.00020143373842
40,"missing","null",14,"fl_999",500,0,0,NA,0.064,0.01,0.038,0.002,4.00020143373842
40,"missing","null",14,"fl_9999",500,0,0,NA,0.058,0.012,0.0352,0.0017,4.00020143373842
40,"missing","null",14,"pvw_199",500,0,0,NA,0.068,0.008,0.0578984452646975,0.00126563029156362,4.00020143373842
40,"missing","null",14,"pvt_199",500,1,1,NA,0.076,0.032,0.0715961709697996,7.1028419224314e-05,4.00020143373842
40,"missing","null",14,"mm_199",500,0,0,NA,0.064,0.016,0.094,0.000792843520151346,4.00020143373842
40,"missing","null",14,"pvw_999",500,0,0,NA,0.06,0.01,0.0618555843379305,0.00168244505725634,4.00020143373842
40,"missing","null",14,"pvt_999",500,0,0,NA,0.074,0.02,0.0749553319097658,0.000139177267296592,4.00020143373842
40,"missing","null",14,"mm_999",500,0,0,NA,0.056,0.01,0.18,0.00114729298694301,4.00020143373842
40,"missing","null",15,"ols",500,0,0,NA,0.054,0.006,0.0264629332990449,0.00198348902762358,3.99330360962039
40,"missing","null",15,"modt",500,0,0,NA,0.05,0.006,0.0227832933920578,0.00141389437130527,3.99330360962039
40,"missing","null",15,"fl_199",500,0,0,NA,0.048,0,0.024,0.01,3.99330360962039
40,"missing","null",15,"fl_999",500,0,0,NA,0.05,0.006,0.025,0.006,3.99330360962039
40,"missing","null",15,"fl_9999",500,0,0,NA,0.054,0.006,0.0263,0.0017,3.99330360962039
40,"missing","null",15,"pvw_199",500,0,0,NA,0.06,0.004,0.0381000862174562,0.00725627718381994,3.99330360962039
40,"missing","null",15,"pvt_199",500,0,0,NA,0.09,0.022,0.0573354201327827,0.000492389821131445,3.99330360962039
40,"missing","null",15,"mm_199",500,0,0,NA,0.052,0.002,0.104,0.00452593328218821,3.99330360962039
40,"missing","null",15,"pvw_999",500,0,0,NA,0.056,0.004,0.03613935399934,0.00405367394149929,3.99330360962039
40,"missing","null",15,"pvt_999",500,0,0,NA,0.08,0.016,0.0598084851810006,0.000203072407414899,3.99330360962039
40,"missing","null",15,"mm_999",500,0,0,NA,0.054,0.006,0.208,0.00396728007857302,3.99330360962039
40,"missing","null",16,"ols",500,0,0,NA,0.048,0.01,0.0408816095734632,0.000812456035184566,3.94102505274084
40,"missing","null",16,"modt",500,0,0,NA,0.052,0.014,0.0420877899621742,0.00116055000418281,3.94102505274084
40,"missing","null",16,"fl_199",500,0,0,NA,0.044,0.004,0.045,0.005,3.94102505274084
40,"missing","null",16,"fl_999",500,0,0,NA,0.046,0.012,0.044,0.001,3.94102505274084
40,"missing","null",16,"fl_9999",500,0,0,NA,0.05,0.01,0.0434,6e-04,3.94102505274084
40,"missing","null",16,"pvw_199",500,0,0,NA,0.056,0.012,0.0227682978660675,0.00111144656795027,3.94102505274084
40,"missing","null",16,"pvt_199",500,1,1,NA,0.082,0.02,0.0415759587208808,3.02872794706824e-05,3.94102505274084
40,"missing","null",16,"mm_199",500,1,1,NA,0.056,0.012,0.114,2.0911727065355e-05,3.94102505274084
40,"missing","null",16,"pvw_999",500,0,0,NA,0.05,0.008,0.0226269642608667,0.00131176551978852,3.94102505274084
40,"missing","null",16,"pvt_999",500,1,2,NA,0.084,0.02,0.0415558688555192,4.2816396398395e-05,3.94102505274084
40,"missing","null",16,"mm_999",500,0,0,NA,0.046,0.012,0.202,0.000126927158863277,3.94102505274084
40,"missing","null",17,"ols",500,0,0,NA,0.062,0.01,0.0320122804300946,0.00427416041241999,4.44317952073471
40,"missing","null",17,"modt",500,0,0,NA,0.054,0.008,0.032534453259609,0.00224418330929644,4.44317952073471
40,"missing","null",17,"fl_199",500,0,0,NA,0.06,0,0.032,0.01,4.44317952073471
40,"missing","null",17,"fl_999",500,0,0,NA,0.058,0.006,0.032,0.006,4.44317952073471
40,"missing","null",17,"fl_9999",500,0,0,NA,0.056,0.01,0.0317,0.0043,4.44317952073471
40,"missing","null",17,"pvw_199",500,0,0,NA,0.068,0.006,0.0592210635831343,0.00619522546951305,4.44317952073471
40,"missing","null",17,"pvt_199",500,0,0,NA,0.082,0.022,0.0669434798865521,0.000863377848861959,4.44317952073471
40,"missing","null",17,"mm_199",500,0,0,NA,0.062,0.014,0.098,0.00364277573202408,4.44317952073471
40,"missing","null",17,"pvw_999",500,0,0,NA,0.06,0.008,0.0565236987092087,0.00714399236643837,4.44317952073471
40,"missing","null",17,"pvt_999",500,0,0,NA,0.08,0.018,0.064577643715196,0.00105188204982897,4.44317952073471
40,"missing","null",17,"mm_999",500,0,0,NA,0.058,0.008,0.214,0.00369938266315869,4.44317952073471
40,"missing","null",18,"ols",500,0,0,NA,0.048,0.006,0.0552703692128706,0.00645201163960654,4.06992857372769
40,"missing","null",18,"modt",500,0,0,NA,0.048,0.004,0.0500913282915001,0.00537933662407101,4.06992857372769
40,"missing","null",18,"fl_199",500,0,0,NA,0.042,0,0.053,0.01,4.06992857372769
40,"missing","null",18,"fl_999",500,0,0,NA,0.042,0.006,0.052,0.006,4.06992857372769
40,"missing","null",18,"fl_9999",500,0,0,NA,0.042,0.006,0.0554,0.007,4.06992857372769
40,"missing","null",18,"pvw_199",500,0,0,NA,0.05,0.004,0.0370899301672611,0.00665101041789043,4.06992857372769
40,"missing","null",18,"pvt_199",500,0,0,NA,0.07,0.02,0.0366275044644337,0.00120183101226048,4.06992857372769
40,"missing","null",18,"mm_199",500,0,0,NA,0.05,0.008,0.096,0.00606306545383663,4.06992857372769
40,"missing","null",18,"pvw_999",500,0,0,NA,0.048,0.002,0.0365287381133897,0.00706797776607698,4.06992857372769
40,"missing","null",18,"pvt_999",500,0,0,NA,0.064,0.018,0.03643975743705,0.00102584127330203,4.06992857372769
40,"missing","null",18,"mm_999",500,0,0,NA,0.046,0.006,0.232,0.00656705613197563,4.06992857372769
40,"missing","null",19,"ols",500,0,0,NA,0.05,0.016,0.0333574790313038,0.000831956818647273,3.95415290445311
40,"missing","null",19,"modt",500,0,0,NA,0.052,0.018,0.0395684938745606,0.00189180688128511,3.95415290445311
40,"missing","null",19,"fl_199",500,0,0,NA,0.052,0.004,0.035,0.005,3.95415290445311
40,"missing","null",19,"fl_999",500,0,0,NA,0.05,0.014,0.034,0.002,3.95415290445311
40,"missing","null",19,"fl_9999",500,0,0,NA,0.052,0.016,0.0351,0.0012,3.95415290445311
40,"missing","null",19,"pvw_199",500,0,0,NA,0.058,0.012,0.0460739723627914,0.0016329144899413,3.95415290445311
40,"missing","null",19,"pvt_199",500,1,2,NA,0.078,0.036,0.0505742175678983,2.19659075972211e-06,3.95415290445311
40,"missing","null",19,"mm_199",500,0,0,NA,0.05,0.018,0.13,0.00166353053214205,3.95415290445311
40,"missing","null",19,"pvw_999",500,0,0,NA,0.054,0.016,0.0493548026284938,0.00174150610217941,3.95415290445311
40,"missing","null",19,"pvt_999",500,1,1,NA,0.078,0.034,0.052372992341255,7.10143032315264e-06,3.95415290445311
40,"missing","null",19,"mm_999",500,0,0,NA,0.05,0.016,0.206,0.000589072859070153,3.95415290445311
40,"missing","null",20,"ols",500,0,0,NA,0.036,0.004,0.0329268337541543,0.000795858058780695,3.8823594203304
40,"missing","null",20,"modt",500,0,0,NA,0.04,0.006,0.0354433602854277,0.000757497381955825,3.8823594203304
40,"missing","null",20,"fl_199",500,0,0,NA,0.034,0.002,0.033,0.005,3.8823594203304
40,"missing","null",20,"fl_999",500,0,0,NA,0.038,0.004,0.03,0.002,3.8823594203304
40,"missing","null",20,"fl_9999",500,0,0,NA,0.038,0.004,0.0346000000000001,0.0012,3.8823594203304
40,"missing","null",20,"pvw_199",500,0,0,NA,0.044,0.002,0.0478721608566775,0.00316681303420991,3.8823594203304
40,"missing","null",20,"pvt_199",500,1,1,NA,0.07,0.014,0.0572899248295464,2.9900556207692e-05,3.8823594203304
40,"missing","null",20,"mm_199",500,0,0,NA,0.042,0.008,0.112,0.00290229316552982,3.8823594203304
40,"missing","null",20,"pvw_999",500,0,0,NA,0.044,0.002,0.0434796225802632,0.00206768010279813,3.8823594203304
40,"missing","null",20,"pvt_999",500,1,1,NA,0.066,0.016,0.0570542976626692,3.47509860226243e-05,3.8823594203304
40,"missing","null",20,"mm_999",500,0,0,NA,0.036,0.004,0.196,0.000767018630271496,3.8823594203304
100,"missing","null",1,"ols",500,0,0,NA,0.056,0.016,0.0328142057293999,0.0018420279058845,3.71777358493662
100,"missing","null",1,"modt",500,0,0,NA,0.056,0.016,0.0336407257231853,0.00182436793278356,3.71777358493662
100,"missing","null",1,"fl_199",500,0,0,NA,0.05,0.01,0.036,0.005,3.71777358493662
100,"missing","null",1,"fl_999",500,0,0,NA,0.056,0.014,0.035,0.002,3.71777358493662
100,"missing","null",1,"fl_9999",500,0,0,NA,0.054,0.014,0.0349,0.0022,3.71777358493662
100,"missing","null",1,"pvw_199",500,0,0,NA,0.056,0.018,0.0228467180896827,0.00180601244229222,3.71777358493662
100,"missing","null",1,"pvt_199",500,0,0,NA,0.062,0.022,0.0197635863891679,0.000756297107288073,3.71777358493662
100,"missing","null",1,"mm_199",500,1,2,NA,0.056,0.022,0.1,0.000140562309435336,3.71777358493662
100,"missing","null",1,"pvw_999",500,0,0,NA,0.054,0.016,0.0244668565394043,0.00256710589371947,3.71777358493662
100,"missing","null",1,"pvt_999",500,0,0,NA,0.066,0.022,0.0238611774964111,0.00108273410409426,3.71777358493662
100,"missing","null",1,"mm_999",500,0,0,NA,0.054,0.018,0.12,0.000763099294603768,3.71777358493662
100,"missing","null",2,"ols",500,0,0,NA,0.066,0.006,0.0382309418468918,0.00201468388176748,4.37834847351772
100,"missing","null",2,"modt",500,0,0,NA,0.06,0.004,0.0402313175005649,0.00174286780591745,4.37834847351772
100,"missing","null",2,"fl_199",500,0,0,NA,0.056,0.002,0.039,0.005,4.37834847351772
100,"missing","null",2,"fl_999",500,0,0,NA,0.062,0.006,0.037,0.003,4.37834847351772
100,"missing","null",2,"fl_9999",500,0,0,NA,0.066,0.006,0.038,0.0014,4.37834847351772
100,"missing","null",2,"pvw_199",500,0,0,NA,0.066,0.008,0.0501183303839322,0.00389259130732188,4.37834847351772
100,"missing","null",2,"pvt_199",500,0,0,NA,0.08,0.012,0.0560771265723727,0.00200406521187176,4.37834847351772
100,"missing","null",2,"mm_199",500,0,0,NA,0.074,0.012,0.0869104799379227,0.00166235533298671,4.37834847351772
100,"missing","null",2,"pvw_999",500,0,0,NA,0.068,0.004,0.0472111487702801,0.00269704790690446,4.37834847351772
100,"missing","null",2,"pvt_999",500,0,0,NA,0.08,0.012,0.0538400701824964,0.00147618135114677,4.37834847351772
100,"missing","null",2,"mm_999",500,0,0,NA,0.062,0.008,0.11,0.00253186294672101,4.37834847351772
100,"missing","null",3,"ols",500,0,0,NA,0.05,0.016,0.068798626713012,0.000117622563752451,3.84798496379684
100,"missing","null",3,"modt",500,0,0,NA,0.05,0.014,0.0674198699357693,0.000173628781717403,3.84798496379684
100,"missing","null",3,"fl_199",500,0,0,NA,0.042,0.01,0.07,0.005,3.84798496379684
100,"missing","null",3,"fl_999",500,0,0,NA,0.05,0.014,0.067,0.001,3.84798496379684
100,"missing","null",3,"fl_9999",500,0,0,NA,0.05,0.016,0.0691,2e-04,3.84798496379684
100,"missing","null",3,"pvw_199",500,0,0,NA,0.056,0.014,0.0525328517025343,0.000301391745757285,3.84798496379684
100,"missing","null",3,"pvt_199",500,1,1,NA,0.064,0.016,0.0503530652359598,3.85030954134934e-05,3.84798496379684
100,"missing","null",3,"mm_199",500,1,1,NA,0.05,0.014,0.096,7.39743162724464e-07,3.84798496379684
100,"missing","null",3,"pvw_999",500,0,0,NA,0.054,0.014,0.0601633164059659,0.000163993734958308,3.84798496379684
100,"missing","null",3,"pvt_999",500,1,1,NA,0.058,0.016,0.0573753247183355,1.55015426588925e-05,3.84798496379684
100,"missing","null",3,"mm_999",500,1,1,NA,0.048,0.016,0.122,3.81926847390312e-06,3.84798496379684
100,"missing","null",4,"ols",500,0,0,NA,0.044,0.014,0.0260932274730314,0.00120684769155071,4.28403414849535
100,"missing","null",4,"modt",500,0,0,NA,0.046,0.014,0.0291444173450094,0.00137950665612923,4.28403414849535
100,"missing","null",4,"fl_199",500,0,0,NA,0.044,0.01,0.02,0.005,4.28403414849535
100,"missing","null",4,"fl_999",500,0,0,NA,0.044,0.012,0.021,0.001,4.28403414849535
100,"missing","null",4,"fl_9999",500,0,0,NA,0.044,0.012,0.0241,0.0013,4.28403414849535
100,"missing","null",4,"pvw_199",500,0,0,NA,0.052,0.01,0.0326697518523185,0.00158624407036082,4.28403414849535
100,"missing","null",4,"pvt_199",500,0,0,NA,0.062,0.016,0.0330478582623673,0.000340873907790305,4.28403414849535
100,"missing","null",4,"mm_199",500,0,0,NA,0.052,0.016,0.0838703348512141,0.000536075708653656,4.28403414849535
100,"missing","null",4,"pvw_999",500,0,0,NA,0.046,0.014,0.0353518205677291,0.00180906494128988,4.28403414849535
100,"missing","null",4,"pvt_999",500,0,0,NA,0.058,0.016,0.0349222234486549,0.000544928610772781,4.28403414849535
100,"missing","null",4,"mm_999",500,0,0,NA,0.046,0.014,0.106,0.000560047765620376,4.28403414849535
100,"missing","null",5,"ols",500,0,0,NA,0.046,0.008,0.0605794323809075,0.00245247378197572,3.82420336424023
100,"missing","null",5,"modt",500,0,0,NA,0.048,0.006,0.0555235386414369,0.00218644173628708,3.82420336424023
100,"missing","null",5,"fl_199",500,0,0,NA,0.046,0.002,0.052,0.005,3.82420336424023
100,"missing","null",5,"fl_999",500,0,0,NA,0.048,0.004,0.059,0.003,3.82420336424023
100,"missing","null",5,"fl_9999",500,0,0,NA,0.046,0.006,0.0599,0.0025,3.82420336424023
100,"missing","null",5,"pvw_199",500,0,0,NA,0.056,0.006,0.0425597566917358,0.00222117987277293,3.82420336424023
100,"missing","null",5,"pvt_199",500,0,0,NA,0.068,0.01,0.0371276005034366,0.00118095719068303,3.82420336424023
100,"missing","null",5,"mm_199",500,0,0,NA,0.05,0.012,0.0926080452412444,0.00433156870263799,3.82420336424023
100,"missing","null",5,"pvw_999",500,0,0,NA,0.052,0.004,0.0507866619514112,0.00292826330880859,3.82420336424023
100,"missing","null",5,"pvt_999",500,0,0,NA,0.056,0.01,0.0451442682368811,0.00177647726971629,3.82420336424023
100,"missing","null",5,"mm_999",500,0,0,NA,0.048,0.008,0.116,0.0031240241382166,3.82420336424023
100,"missing","null",6,"ols",500,0,0,NA,0.048,0.012,0.0295379521385806,0.000660110984262261,3.96233653273622
100,"missing","null",6,"modt",500,0,0,NA,0.044,0.012,0.0324283765973772,0.000949849366601261,3.96233653273622
100,"missing","null",6,"fl_199",500,0,0,NA,0.036,0.006,0.032,0.005,3.96233653273622
100,"missing","null",6,"fl_999",500,0,0,NA,0.046,0.01,0.031,0.001,3.96233653273622
100,"missing","null",6,"fl_9999",500,0,0,NA,0.048,0.014,0.0319,5e-04,3.96233653273622
100,"missing","null",6,"pvw_199",500,0,0,NA,0.05,0.016,0.0448042311011153,0.00136709363724028,3.96233653273622
100,"missing","null",6,"pvt_199",500,0,0,NA,0.066,0.022,0.0508108540620034,0.000297240248826206,3.96233653273622
100,"missing","null",6,"mm_199",500,1,1,NA,0.056,0.016,0.0781306485851997,4.65086037945834e-05,3.96233653273622
100,"missing","null",6,"pvw_999",500,0,0,NA,0.046,0.012,0.0401513326933584,0.000772702665034736,3.96233653273622
100,"missing","null",6,"pvt_999",500,0,0,NA,0.06,0.016,0.0458852808603347,0.000205504615152862,3.96233653273622
100,"missing","null",6,"mm_999",500,0,0,NA,0.046,0.012,0.092,0.000210497014936229,3.96233653273622
100,"missing","null",7,"ols",500,0,0,NA,0.042,0.006,0.0491849356858146,0.00126008037450022,3.8134084775319
100,"missing","null",7,"modt",500,0,0,NA,0.044,0.008,0.0504197761851534,0.00100643747258765,3.8134084775319
100,"missing","null",7,"fl_199",500,0,0,NA,0.034,0.008,0.0409999999999999,0.005,3.8134084775319
100,"missing","null",7,"fl_999",500,0,0,NA,0.044,0.006,0.0499999999999999,0.001,3.8134084775319
100,"missing","null",7,"fl_9999",500,0,0,NA,0.042,0.006,0.0486,0.0015,3.8134084775319
100,"missing","null",7,"pvw_199",500,0,0,NA,0.054,0.008,0.0534310595191063,0.00194683537387368,3.8134084775319
100,"missing","null",7,"pvt_199",500,0,0,NA,0.058,0.012,0.0550289674790944,0.000528873568205258,3.8134084775319
100,"missing","null",7,"mm_199",500,0,0,NA,0.048,0.01,0.0980497644593156,0.000912234354554612,3.8134084775319
100,"missing","null",7,"pvw_999",500,0,0,NA,0.046,0.006,0.0558196837810171,0.00173824442234334,3.8134084775319
100,"missing","null",7,"pvt_999",500,0,0,NA,0.05,0.01,0.0577310794838363,0.000530730031161691,3.8134084775319
100,"missing","null",7,"mm_999",500,0,0,NA,0.044,0.008,0.098,0.000576539888900927,3.8134084775319
100,"missing","null",8,"ols",500,0,0,NA,0.042,0.012,0.0431766522202253,0.00135820075599617,4.36772621797016
100,"missing","null",8,"modt",500,0,0,NA,0.044,0.01,0.0395883805338397,0.00172867144913665,4.36772621797016
100,"missing","null",8,"fl_199",500,0,0,NA,0.036,0.004,0.043,0.005,4.36772621797016
100,"missing","null",8,"fl_999",500,0,0,NA,0.036,0.01,0.04,0.001,4.36772621797016
100,"missing","null",8,"fl_9999",500,0,0,NA,0.044,0.012,0.0408,0.0013,4.36772621797016
100,"missing","null",8,"pvw_199",500,0,0,NA,0.04,0.01,0.0370969760879131,0.00270769509038138,4.36772621797016
100,"missing","null",8,"pvt_199",500,0,0,NA,0.056,0.01,0.0310955912892775,0.00100460575192251,4.36772621797016
100,"missing","null",8,"mm_199",500,0,0,NA,0.046,0.01,0.082,0.00134103150142736,4.36772621797016
100,"missing","null",8,"pvw_999",500,0,0,NA,0.042,0.012,0.031390360445691,0.00161919494440401,4.36772621797016
100,"missing","null",8,"pvt_999",500,0,0,NA,0.05,0.012,0.027160345948147,0.000521423995179498,4.36772621797016
100,"missing","null",8,"mm_999",500,0,0,NA,0.038,0.012,0.152,0.000604727074248736,4.36772621797016
100,"missing","null",9,"ols",500,0,0,NA,0.058,0.016,0.0311772355874203,0.000789820748969219,4.15459689399188
100,"missing","null",9,"modt",500,0,0,NA,0.056,0.016,0.029937249280403,0.000652911666721643,4.15459689399188
100,"missing","null",9,"fl_199",500,0,0,NA,0.052,0.008,0.036,0.005,4.15459689399188
100,"missing","null",9,"fl_999",500,0,0,NA,0.054,0.018,0.035,0.001,4.15459689399188
100,"missing","null",9,"fl_9999",500,0,0,NA,0.058,0.016,0.032,4e-04,4.15459689399188
100,"missing","null",9,"pvw_199",500,0,0,NA,0.06,0.016,0.0282840030395225,0.000770160161701208,4.15459689399188
100,"missing","null",9,"pvt_199",500,0,0,NA,0.064,0.022,0.0289168631966583,0.00018597782891457,4.15459689399188
100,"missing","null",9,"mm_199",500,1,2,NA,0.058,0.018,0.0878485770949524,7.41929153548905e-05,4.15459689399188
100,"missing","null",9,"pvw_999",500,0,0,NA,0.062,0.02,0.0309430899421275,0.000436546328995319,4.15459689399188
100,"missing","null",9,"pvt_999",500,0,0,NA,0.068,0.022,0.0340321569828567,0.000112455346026294,4.15459689399188
100,"missing","null",9,"mm_999",500,0,0,NA,0.058,0.02,0.128,0.000315688837128695,4.15459689399188
100,"missing","null",10,"ols",500,0,0,NA,0.054,0.008,0.0314280917232074,0.00434853338041542,3.87771252388906
100,"missing","null",10,"modt",500,0,0,NA,0.058,0.008,0.0287350208620765,0.00334061498021285,3.87771252388906
100,"missing","null",10,"fl_199",500,0,0,NA,0.046,0.004,0.026,0.005,3.87771252388906
100,"missing","null",10,"fl_999",500,0,0,NA,0.062,0.008,0.031,0.004,3.87771252388906
100,"missing","null",10,"fl_9999",500,0,0,NA,0.056,0.008,0.0295,0.0046,3.87771252388906
100,"missing","null",10,"pvw_199",500,0,0,NA,0.054,0.008,0.0390461865005252,0.00438101778845805,3.87771252388906
100,"missing","null",10,"pvt_199",500,0,0,NA,0.06,0.01,0.0421343511128279,0.00247326522046619,3.87771252388906
100,"missing","null",10,"mm_199",500,0,0,NA,0.058,0.014,0.078,0.00157259885038932,3.87771252388906
100,"missing","null",10,"pvw_999",500,0,0,NA,0.058,0.008,0.0409291993178791,0.00458245739705432,3.87771252388906
100,"missing","null",10,"pvt_999",500,0,0,NA,0.066,0.01,0.042516837079018,0.00256646954232679,3.87771252388906
100,"missing","null",10,"mm_999",500,0,0,NA,0.058,0.008,0.106,0.00360488064059115,3.87771252388906
100,"missing","null",11,"ols",500,1,1,NA,0.034,0.008,0.037006845803336,4.16640989968944e-05,4.57606788658083
100,"missing","null",11,"modt",500,1,1,NA,0.04,0.008,0.0348593872994838,4.87708783167636e-05,4.57606788658083
100,"missing","null",11,"fl_199",500,0,0,NA,0.032,0.004,0.035,0.005,4.57606788658083
100,"missing","null",11,"fl_999",500,0,0,NA,0.036,0.01,0.0359999999999999,0.001,4.57606788658083
100,"missing","null",11,"fl_9999",500,0,0,NA,0.036,0.008,0.0373,2e-04,4.57606788658083
100,"missing","null",11,"pvw_199",500,1,1,NA,0.038,0.01,0.0466006696059531,9.6723656072912e-05,4.57606788658083
100,"missing","null",11,"pvt_199",500,1,1,NA,0.048,0.014,0.0465757869891507,1.25374490744109e-05,4.57606788658083
100,"missing","null",11,"mm_199",500,1,1,NA,0.04,0.01,0.0930052345057168,7.53890385978001e-06,4.57606788658083
100,"missing","null",11,"pvw_999",500,0,0,NA,0.038,0.008,0.0435004790567284,0.000130154408405829,4.57606788658083
100,"missing","null",11,"pvt_999",500,1,1,NA,0.048,0.014,0.0440291283959173,1.06625674872318e-05,4.57606788658083
100,"missing","null",11,"mm_999",500,1,1,NA,0.038,0.008,0.096,1.4251097027227e-05,4.57606788658083
100,"missing","null",12,"ols",500,0,0,NA,0.064,0.014,0.0477616640648881,0.00204004090124261,3.80210618311892
100,"missing","null",12,"modt",500,0,0,NA,0.064,0.01,0.051053093978663,0.00182281097163694,3.80210618311892
100,"missing","null",12,"fl_199",500,0,0,NA,0.054,0.008,0.05,0.005,3.80210618311892
100,"missing","null",12,"fl_999",500,0,0,NA,0.064,0.012,0.048,0.002,3.80210618311892
100,"missing","null",12,"fl_9999",500,0,0,NA,0.064,0.014,0.049,0.002,3.80210618311892
100,"missing","null",12,"pvw_199",500,0,0,NA,0.068,0.01,0.0599352237212168,0.00197686883516684,3.80210618311892
100,"missing","null",12,"pvt_199",500,0,0,NA,0.072,0.016,0.0642554790411062,0.000643191659501369,3.80210618311892
100,"missing","null",12,"mm_199",500,0,0,NA,0.068,0.018,0.086,0.000611280516295459,3.80210618311892
100,"missing","null",12,"pvw_999",500,0,0,NA,0.066,0.014,0.0597183344350072,0.00238129699303954,3.80210618311892
100,"missing","null",12,"pvt_999",500,0,0,NA,0.07,0.02,0.0637017207569907,0.000818518567708722,3.80210618311892
100,"missing","null",12,"mm_999",500,0,0,NA,0.062,0.014,0.092,0.00120444070941818,3.80210618311892
100,"missing","null",13,"ols",500,0,0,NA,0.042,0.014,0.0213435694519621,0.000764393740078901,4.13360698174381
100,"missing","null",13,"modt",500,0,0,NA,0.038,0.014,0.0197425396545029,0.000566749882081194,4.13360698174381
100,"missing","null",13,"fl_199",500,0,0,NA,0.038,0.002,0.025,0.005,4.13360698174381
100,"missing","null",13,"fl_999",500,0,0,NA,0.044,0.014,0.0249999999999999,0.001,4.13360698174381
100,"missing","null",13,"fl_9999",500,0,0,NA,0.044,0.014,0.0229,4e-04,4.13360698174381
100,"missing","null",13,"pvw_199",500,0,0,NA,0.048,0.016,0.0317566483421325,0.00093140279970762,4.13360698174381
100,"missing","null",13,"pvt_199",500,0,0,NA,0.056,0.018,0.0369888842674983,0.000635675885881261,4.13360698174381
100,"missing","null",13,"mm_199",500,0,0,NA,0.046,0.012,0.088,0.000444179228365048,4.13360698174381
100,"missing","null",13,"pvw_999",500,0,0,NA,0.046,0.014,0.0314502443497159,0.00100493045376509,4.13360698174381
100,"missing","null",13,"pvt_999",500,0,0,NA,0.056,0.016,0.0349083576785186,0.000337037861840905,4.13360698174381
100,"missing","null",13,"mm_999",500,0,0,NA,0.046,0.014,0.118,0.0005079347247595,4.13360698174381
100,"missing","null",14,"ols",500,0,0,NA,0.042,0.004,0.0385378648133323,0.00301298721270798,4.09993731701442
100,"missing","null",14,"modt",500,0,0,NA,0.042,0.006,0.0412498194138217,0.0028790372622927,4.09993731701442
100,"missing","null",14,"fl_199",500,0,0,NA,0.042,0.004,0.0429999999999999,0.005,4.09993731701442
100,"missing","null",14,"fl_999",500,0,0,NA,0.046,0.006,0.041,0.003,4.09993731701442
100,"missing","null",14,"fl_9999",500,0,0,NA,0.044,0.004,0.0387,0.0024,4.09993731701442
100,"missing","null",14,"pvw_199",500,0,0,NA,0.05,0.008,0.0452630459503568,0.00264228539033183,4.09993731701442
100,"missing","null",14,"pvt_199",500,0,0,NA,0.06,0.01,0.0455820615316777,0.00172231981722205,4.09993731701442
100,"missing","null",14,"mm_199",500,0,0,NA,0.04,0.01,0.0940777765982915,0.00142862191481536,4.09993731701442
100,"missing","null",14,"pvw_999",500,0,0,NA,0.042,0.006,0.0445368942463999,0.0032699384502983,4.09993731701442
100,"missing","null",14,"pvt_999",500,0,0,NA,0.05,0.008,0.0444251812601675,0.00166904273946889,4.09993731701442
100,"missing","null",14,"mm_999",500,0,0,NA,0.042,0.006,0.11,0.00246356223406124,4.09993731701442
100,"missing","null",15,"ols",500,0,0,NA,0.048,0.006,0.0398593304305693,0.00177973724789821,3.8041797862046
100,"missing","null",15,"modt",500,0,0,NA,0.05,0.008,0.0361102118758638,0.00144568290296072,3.8041797862046
100,"missing","null",15,"fl_199",500,0,0,NA,0.046,0.004,0.04,0.005,3.8041797862046
100,"missing","null",15,"fl_999",500,0,0,NA,0.05,0.002,0.038,0.001,3.8041797862046
100,"missing","null",15,"fl_9999",500,0,0,NA,0.05,0.008,0.0415,0.0019,3.8041797862046
100,"missing","null",15,"pvw_199",500,0,0,NA,0.05,0.008,0.0273345917753431,0.00301693808332576,3.8041797862046
100,"missing","null",15,"pvt_199",500,0,0,NA,0.06,0.014,0.0273864252201346,0.000984555226655355,3.8041797862046
100,"missing","null",15,"mm_199",500,0,0,NA,0.05,0.01,0.0907911700639883,0.000530080222458583,3.8041797862046
100,"missing","null",15,"pvw_999",500,0,0,NA,0.05,0.008,0.0307742805392477,0.00257532321417046,3.8041797862046
100,"missing","null",15,"pvt_999",500,0,0,NA,0.06,0.01,0.029653587854174,0.000964485084669504,3.8041797862046
100,"missing","null",15,"mm_999",500,0,0,NA,0.048,0.004,0.098,0.00116083263817249,3.8041797862046
100,"missing","null",16,"ols",500,0,0,NA,0.058,0.004,0.0389137155218371,0.000829132999035634,3.76748266415272
100,"missing","null",16,"modt",500,0,0,NA,0.056,0.004,0.0398249226277785,0.000699108350796503,3.76748266415272
100,"missing","null",16,"fl_199",500,0,0,NA,0.054,0.002,0.039,0.005,3.76748266415272
100,"missing","null",16,"fl_999",500,0,0,NA,0.058,0.004,0.04,0.002,3.76748266415272
100,"missing","null",16,"fl_9999",500,0,0,NA,0.058,0.004,0.0382,0.0012,3.76748266415272
100,"missing","null",16,"pvw_199",500,0,0,NA,0.056,0.006,0.0381988822027109,0.00189697527384564,3.76748266415272
100,"missing","null",16,"pvt_199",500,0,0,NA,0.07,0.012,0.0380541376311598,0.000891736779888677,3.76748266415272
100,"missing","null",16,"mm_199",500,0,0,NA,0.056,0.008,0.0790234388226034,0.0016653690263575,3.76748266415272
100,"missing","null",16,"pvw_999",500,0,0,NA,0.062,0.004,0.0414445336560942,0.0010799702864186,3.76748266415272
100,"missing","null",16,"pvt_999",500,0,0,NA,0.066,0.014,0.0416317173064179,0.000326260080748283,3.76748266415272
100,"missing","null",16,"mm_999",500,0,0,NA,0.056,0.004,0.122,0.00531404961948147,3.76748266415272
100,"missing","null",17,"ols",500,0,0,NA,0.044,0.01,0.0307245312687993,0.00030024690618333,3.82103398317502
100,"missing","null",17,"modt",500,0,0,NA,0.044,0.012,0.0305816764683926,0.000309655470067321,3.82103398317502
100,"missing","null",17,"fl_199",500,0,0,NA,0.038,0.004,0.036,0.005,3.82103398317502
100,"missing","null",17,"fl_999",500,0,0,NA,0.044,0.008,0.032,0.003,3.82103398317502
100,"missing","null",17,"fl_9999",500,0,0,NA,0.042,0.01,0.0326,5e-04,3.82103398317502
100,"missing","null",17,"pvw_199",500,0,0,NA,0.044,0.008,0.0323331437519793,0.000421919250054434,3.82103398317502
100,"missing","null",17,"pvt_199",500,0,0,NA,0.058,0.018,0.0376020351570006,0.000203816655164505,3.82103398317502
100,"missing","null",17,"mm_199",500,1,1,NA,0.042,0.01,0.076,9.35850171695755e-05,3.82103398317502
100,"missing","null",17,"pvw_999",500,0,0,NA,0.044,0.01,0.0339126657600048,0.000416608701267174,3.82103398317502
100,"missing","null",17,"pvt_999",500,1,1,NA,0.058,0.014,0.0415604714994483,8.40223400849644e-05,3.82103398317502
100,"missing","null",17,"mm_999",500,0,0,NA,0.04,0.012,0.14,0.00053753620691172,3.82103398317502
100,"missing","null",18,"ols",500,0,0,NA,0.056,0.006,0.0665072143514516,0.00634917028035211,3.88206816052594
100,"missing","null",18,"modt",500,0,0,NA,0.052,0.008,0.0694542291273018,0.00650013432662225,3.88206816052594
100,"missing","null",18,"fl_199",500,0,0,NA,0.05,0.004,0.055,0.005,3.88206816052594
100,"missing","null",18,"fl_999",500,0,0,NA,0.052,0.01,0.066,0.005,3.88206816052594
100,"missing","null",18,"fl_9999",500,0,0,NA,0.054,0.008,0.0668,0.0059,3.88206816052594
100,"missing","null",18,"pvw_199",500,0,0,NA,0.054,0.01,0.0697584213701742,0.00562161855712229,3.88206816052594
100,"missing","null",18,"pvt_199",500,0,0,NA,0.062,0.014,0.0763647811879767,0.00378780202439025,3.88206816052594
100,"missing","null",18,"mm_199",500,0,0,NA,0.056,0.014,0.0858106106095853,0.00203896789065038,3.88206816052594
100,"missing","null",18,"pvw_999",500,0,0,NA,0.052,0.008,0.0782236268049965,0.0064551612844299,3.88206816052594
100,"missing","null",18,"pvt_999",500,0,0,NA,0.066,0.012,0.0819426747667185,0.00350818281374305,3.88206816052594
100,"missing","null",18,"mm_999",500,0,0,NA,0.054,0.012,0.126,0.00494837562148376,3.88206816052594
100,"missing","null",19,"ols",500,0,0,NA,0.04,0.01,0.037413906591677,0.00100457848322282,4.44323328321185
100,"missing","null",19,"modt",500,0,0,NA,0.038,0.01,0.0366346460787192,0.000792500469128006,4.44323328321185
100,"missing","null",19,"fl_199",500,0,0,NA,0.036,0.006,0.037,0.005,4.44323328321185
100,"missing","null",19,"fl_999",500,0,0,NA,0.036,0.01,0.038,0.001,4.44323328321185
100,"missing","null",19,"fl_9999",500,0,0,NA,0.042,0.01,0.0379,9e-04,4.44323328321185
100,"missing","null",19,"pvw_199",500,0,0,NA,0.04,0.01,0.0302550236364914,0.000634059680163714,4.44323328321185
100,"missing","null",19,"pvt_199",500,0,0,NA,0.044,0.014,0.0219729454565568,0.000216865371310388,4.44323328321185
100,"missing","null",19,"mm_199",500,1,1,NA,0.042,0.01,0.108,1.72897130174875e-05,4.44323328321185
100,"missing","null",19,"pvw_999",500,0,0,NA,0.038,0.01,0.0329044612042269,0.000814230433427311,4.44323328321185
100,"missing","null",19,"pvt_999",500,0,0,NA,0.046,0.012,0.0255489672819172,0.000292898378549582,4.44323328321185
100,"missing","null",19,"mm_999",500,0,0,NA,0.038,0.01,0.118,0.000649173249045319,4.44323328321185
100,"missing","null",20,"ols",500,0,0,NA,0.038,0.006,0.0271633925415273,0.002770553955457,4.40884546480864
100,"missing","null",20,"modt",500,0,0,NA,0.036,0.004,0.025355995788637,0.0022552794030702,4.40884546480864
100,"missing","null",20,"fl_199",500,0,0,NA,0.03,0,0.026,0.01,4.40884546480864
100,"missing","null",20,"fl_999",500,0,0,NA,0.034,0.004,0.025,0.005,4.40884546480864
100,"missing","null",20,"fl_9999",500,0,0,NA,0.034,0.006,0.0293,0.0032,4.40884546480864
100,"missing","null",20,"pvw_199",500,0,0,NA,0.036,0.006,0.0344647400055874,0.0059830295792288,4.40884546480864
100,"missing","null",20,"pvt_199",500,0,0,NA,0.05,0.008,0.0366944444247712,0.00228416657134299,4.40884546480864
100,"missing","null",20,"mm_199",500,0,0,NA,0.04,0.01,0.088,0.00273476076954096,4.40884546480864
100,"missing","null",20,"pvw_999",500,0,0,NA,0.034,0.006,0.0326987741920488,0.00370286936537914,4.40884546480864
100,"missing","null",20,"pvt_999",500,0,0,NA,0.046,0.01,0.036794261621734,0.00158726234603838,4.40884546480864
100,"missing","null",20,"mm_999",500,0,0,NA,0.036,0.006,0.114,0.00232504717727138,4.40884546480864
10,"gauss","alt",1,"ols",500,0,0,0,0.0444444444444444,0.00444444444444444,0.031282003424774,0.000975105426959901,4.13438937191883
10,"gauss","alt",1,"modt",500,0,0,0,0.0444444444444444,0.00666666666666667,0.0280610107381192,0.000386537662149489,4.13438937191883
10,"gauss","alt",1,"fl_199",500,0,0,0,0.0555555555555556,0.00888888888888889,0.0244444444444444,0.005,4.13438937191883
10,"gauss","alt",1,"fl_999",500,0,0,0,0.0555555555555556,0.00444444444444444,0.0338888888888889,0.002,4.13438937191883
10,"gauss","alt",1,"fl_9999",500,0,0,0,0.0511111111111111,0.00444444444444444,0.0312555555555555,4e-04,4.13438937191883
10,"gauss","alt",1,"pvw_199",500,0,0,0,0.0644444444444444,0.00222222222222222,0.079428700122494,0.00352205337409089,4.13438937191883
10,"gauss","alt",1,"pvt_199",500,0.5,14,0.14,0.128888888888889,0.0511111111111111,0.0986501284195972,9.14464993929004e-10,4.13438937191883
10,"gauss","alt",1,"mm_199",500,0.333333333333333,3,0.04,0.0555555555555556,0.0155555555555556,0.191111111111111,4.35021501585091e-06,4.13438937191883
10,"gauss","alt",1,"pvw_999",500,0,0,0,0.0511111111111111,0.00222222222222222,0.0713419648294036,0.00625729671372992,4.13438937191883
10,"gauss","alt",1,"pvt_999",500,0.458333333333333,24,0.26,0.131111111111111,0.0533333333333333,0.0947579005872381,1.21508531566465e-09,4.13438937191883
10,"gauss","alt",1,"mm_999",500,0,0,0,0.0533333333333333,0.00666666666666667,0.357777777777778,0.00323746881958775,4.13438937191883
10,"gauss","alt",2,"ols",500,0,0,0,0.0577777777777778,0.0177777777777778,0.0393096692193422,0.00164793913350649,3.58873655229504
10,"gauss","alt",2,"modt",500,0,0,0,0.0511111111111111,0.0155555555555556,0.0444605598672836,0.000562975289962503,3.58873655229504
10,"gauss","alt",2,"fl_199",500,0,0,0,0.0377777777777778,0.00444444444444444,0.0322222222222222,0.005,3.58873655229504
10,"gauss","alt",2,"fl_999",500,0,0,0,0.0511111111111111,0.0133333333333333,0.0327777777777778,0.003,3.58873655229504
10,"gauss","alt",2,"fl_9999",500,0,0,0,0.06,0.0133333333333333,0.0383555555555556,0.0018,3.58873655229504
10,"gauss","alt",2,"pvw_199",500,0,0,0,0.0622222222222222,0.00444444444444444,0.101372134244759,0.00877455424270134,3.58873655229504
10,"gauss","alt",2,"pvt_199",500,0.842105263157895,19,0.06,0.128888888888889,0.06,0.125444750912099,4.24489843694115e-08,3.58873655229504
10,"gauss","alt",2,"mm_199",500,1,1,0,0.0422222222222222,0.0155555555555556,0.2,3.60949846135509e-06,3.58873655229504
10,"gauss","alt",2,"pvw_999",500,0,0,0,0.06,0.00222222222222222,0.102510195331415,0.00851239971101596,3.58873655229504
10,"gauss","alt",2,"pvt_999",500,0.833333333333333,18,0.06,0.126666666666667,0.0644444444444444,0.126035732351775,2.78861416849913e-08,3.58873655229504
10,"gauss","alt",2,"mm_999",500,0,0,0,0.0622222222222222,0.0133333333333333,0.344444444444444,0.00115028229948812,3.58873655229504
10,"gauss","alt",3,"ols",500,0,0,0,0.04,0.00888888888888889,0.0451316794391254,0.00363832266620075,3.59140823229905
10,"gauss","alt",3,"modt",500,0,0,0,0.0488888888888889,0.0111111111111111,0.0499078714708908,0.00190867814974572,3.59140823229905
10,"gauss","alt",3,"fl_199",500,0,0,0,0.0422222222222222,0.00222222222222222,0.0444444444444445,0.005,3.59140823229905
10,"gauss","alt",3,"fl_999",500,0,0,0,0.04,0.00666666666666667,0.0447777777777777,0.005,3.59140823229905
10,"gauss","alt",3,"fl_9999",500,0,0,0,0.04,0.00888888888888889,0.0455888888888889,0.004,3.59140823229905
10,"gauss","alt",3,"pvw_199",500,0,0,0,0.0533333333333333,0.00666666666666667,0.0598347580578024,0.00557259807958143,3.59140823229905
10,"gauss","alt",3,"pvt_199",500,0.789473684210526,19,0.08,0.106666666666667,0.0444444444444444,0.0944165376429287,2.57862244455767e-06,3.59140823229905
10,"gauss","alt",3,"mm_199",500,0,0,0,0.0466666666666667,0.0111111111111111,0.235555555555556,0.000207519414909951,3.59140823229905
10,"gauss","alt",3,"pvw_999",500,0,0,0,0.0466666666666667,0.00222222222222222,0.0565278577929943,0.00818433695306303,3.59140823229905
10,"gauss","alt",3,"pvt_999",500,0.764705882352941,17,0.08,0.104444444444444,0.0466666666666667,0.0920416626211925,1.0932351119317e-06,3.59140823229905
10,"gauss","alt",3,"mm_999",500,0,0,0,0.0622222222222222,0.00666666666666667,0.466666666666667,0.00232527328801612,3.59140823229905
10,"gauss","alt",4,"ols",500,0,0,0,0.0555555555555556,0.0111111111111111,0.0271839183251629,0.000661548526774639,3.77099437352395
10,"gauss","alt",4,"modt",500,0,0,0,0.0511111111111111,0.00666666666666667,0.0347338356397572,0.00105492392669681,3.77099437352395
10,"gauss","alt",4,"fl_199",500,0,0,0,0.06,0.00666666666666667,0.0266666666666667,0.005,3.77099437352395
10,"gauss","alt",4,"fl_999",500,0,0,0,0.0555555555555556,0.0177777777777778,0.0251111111111111,0.001,3.77099437352395
10,"gauss","alt",4,"fl_9999",500,0,0,0,0.0555555555555556,0.0177777777777778,0.0268111111111111,0.001,3.77099437352395
10,"gauss","alt",4,"pvw_199",500,0,0,0,0.0777777777777778,0.0111111111111111,0.0914568073618703,0.00314614511939903,3.77099437352395
10,"gauss","alt",4,"pvt_199",500,0.636363636363636,33,0.24,0.128888888888889,0.0622222222222222,0.114321858439229,7.3037367160221e-10,3.77099437352395
10,"gauss","alt",4,"mm_199",500,0.5,2,0.02,0.0622222222222222,0.0177777777777778,0.184444444444444,2.09696876078858e-06,3.77099437352395
10,"gauss","alt",4,"pvw_999",500,0,0,0,0.0711111111111111,0.00888888888888889,0.0889322874924759,0.00641341085721524,3.77099437352395
10,"gauss","alt",4,"pvt_999",500,0.606060606060606,33,0.26,0.124444444444444,0.0666666666666667,0.118328515280332,5.42718784335784e-11,3.77099437352395
10,"gauss","alt",4,"mm_999",500,0,0,0,0.06,0.0155555555555556,0.346666666666667,0.000216283393476597,3.77099437352395
10,"gauss","alt",5,"ols",500,0,0,0,0.0555555555555556,0.0133333333333333,0.0458634181434007,0.0005927449010591,4.02901181894
10,"gauss","alt",5,"modt",500,1,1,0,0.0533333333333333,0.00888888888888889,0.040310633944934,4.70432854039351e-05,4.02901181894
10,"gauss","alt",5,"fl_199",500,0,0,0,0.0422222222222222,0,0.0394444444444444,0.01,4.02901181894
10,"gauss","alt",5,"fl_999",500,0,0,0,0.0511111111111111,0.00666666666666667,0.0411111111111111,0.003,4.02901181894
10,"gauss","alt",5,"fl_9999",500,0,0,0,0.0577777777777778,0.0111111111111111,0.0470777777777778,0.0022,4.02901181894
10,"gauss","alt",5,"pvw_199",500,0,0,0,0.0622222222222222,0.00222222222222222,0.0902952637187958,0.00414082479146636,4.02901181894
10,"gauss","alt",5,"pvt_199",500,0.772727272727273,22,0.1,0.122222222222222,0.0622222222222222,0.112461512798198,1.60198025421594e-11,4.02901181894
10,"gauss","alt",5,"mm_199",500,0,0,0,0.0488888888888889,0.00888888888888889,0.195555555555556,0.00315719746535511,4.02901181894
10,"gauss","alt",5,"pvw_999",500,0,0,0,0.06,0.00222222222222222,0.0962679333491808,0.00537614039865772,4.02901181894
10,"gauss","alt",5,"pvt_999",500,0.739130434782609,23,0.12,0.128888888888889,0.0622222222222222,0.128930193982617,7.25810347956458e-12,4.02901181894
10,"gauss","alt",5,"mm_999",500,0,0,0,0.0555555555555556,0.00444444444444444,0.364444444444444,0.00151690289235271,4.02901181894
10,"gauss","alt",6,"ols",500,0,0,0,0.0577777777777778,0.0111111111111111,0.0465603315018581,0.000270890278653626,3.41661897151845
10,"gauss","alt",6,"modt",500,0,0,0,0.0511111111111111,0.00888888888888889,0.0544543702883978,0.000583678023951104,3.41661897151845
10,"gauss","alt",6,"fl_199",500,0,0,0,0.0511111111111111,0,0.0444444444444444,0.005,3.41661897151845
10,"gauss","alt",6,"fl_999",500,0,0,0,0.0511111111111111,0.00888888888888889,0.0447777777777778,0.001,3.41661897151845
10,"gauss","alt",6,"fl_9999",500,0,0,0,0.0555555555555556,0.0111111111111111,0.0469444444444444,2e-04,3.41661897151845
10,"gauss","alt",6,"pvw_199",500,0,0,0,0.0733333333333333,0.00222222222222222,0.104911978164527,0.0070150785909111,3.41661897151845
10,"gauss","alt",6,"pvt_199",500,0.666666666666667,21,0.14,0.151111111111111,0.0688888888888889,0.128944596578258,1.1002654486957e-13,3.41661897151845
10,"gauss","alt",6,"mm_199",500,0,1,0.02,0.0622222222222222,0.0133333333333333,0.213333333333333,6.48333804397305e-06,3.41661897151845
10,"gauss","alt",6,"pvw_999",500,0,0,0,0.0644444444444444,0.00222222222222222,0.105804218554533,0.0063992894293222,3.41661897151845
10,"gauss","alt",6,"pvt_999",500,0.705882352941177,17,0.1,0.153333333333333,0.0688888888888889,0.131310262428434,4.9626320530774e-14,3.41661897151845
10,"gauss","alt",6,"mm_999",500,0,1,0.02,0.0622222222222222,0.0111111111111111,0.386666666666667,4.21516543078993e-05,3.41661897151845
10,"gauss","alt",7,"ols",500,0,0,0,0.0533333333333333,0.00666666666666667,0.0417523610962289,0.000201952546740319,3.94723119898903
10,"gauss","alt",7,"modt",500,0,0,0,0.0533333333333333,0.0177777777777778,0.0351323950017101,0.000190051780761455,3.94723119898903
10,"gauss","alt",7,"fl_199",500,0,0,0,0.04,0.00444444444444444,0.0483333333333333,0.005,3.94723119898903
10,"gauss","alt",7,"fl_999",500,0,0,0,0.0466666666666667,0.00888888888888889,0.0426666666666667,0.001,3.94723119898903
10,"gauss","alt",7,"fl_9999",500,0,0,0,0.0511111111111111,0.00888888888888889,0.0433222222222222,4e-04,3.94723119898903
10,"gauss","alt",7,"pvw_199",500,0,0,0,0.0444444444444444,0.00222222222222222,0.0708197388824725,0.00844036592675068,3.94723119898903
10,"gauss","alt",7,"pvt_199",500,0.666666666666667,21,0.14,0.111111111111111,0.0622222222222222,0.103665950326925,9.92525065175186e-17,3.94723119898903
10,"gauss","alt",7,"mm_199",500,1,1,0,0.0444444444444444,0.0111111111111111,0.217777777777778,8.27023244445211e-09,3.94723119898903
10,"gauss","alt",7,"pvw_999",500,0,0,0,0.0555555555555556,0.00222222222222222,0.0674669100190608,0.00545003141628252,3.94723119898903
10,"gauss","alt",7,"pvt_999",500,0.666666666666667,18,0.12,0.111111111111111,0.0577777777777778,0.100894917192756,4.13895142306289e-17,3.94723119898903
10,"gauss","alt",7,"mm_999",500,1,1,0,0.0622222222222222,0.00888888888888889,0.408888888888889,3.22924138779056e-06,3.94723119898903
10,"gauss","alt",8,"ols",500,0,0,0,0.0444444444444444,0.00666666666666667,0.0289132992923718,0.00116038772407649,4.27564263328791
10,"gauss","alt",8,"modt",500,0,0,0,0.06,0.00888888888888889,0.0291611370693201,0.00157272998587694,4.27564263328791
10,"gauss","alt",8,"fl_199",500,0,0,0,0.0333333333333333,0,0.0261111111111111,0.01,4.27564263328791
10,"gauss","alt",8,"fl_999",500,0,0,0,0.04,0.00444444444444444,0.026,0.004,4.27564263328791
10,"gauss","alt",8,"fl_9999",500,0,0,0,0.0488888888888889,0.00444444444444444,0.0243777777777778,0.0036,4.27564263328791
10,"gauss","alt",8,"pvw_199",500,0,0,0,0.0488888888888889,0,0.0917468470668956,0.00761593320952535,4.27564263328791
10,"gauss","alt",8,"pvt_199",500,0.478260869565217,23,0.24,0.135555555555556,0.0511111111111111,0.124966236653039,7.29188238877995e-10,4.27564263328791
10,"gauss","alt",8,"mm_199",500,0,0,0,0.0444444444444444,0.00666666666666667,0.162222222222222,0.00113517205522579,4.27564263328791
10,"gauss","alt",8,"pvw_999",500,0,0,0,0.06,0.00222222222222222,0.0862968144189511,0.00725871380911943,4.27564263328791
10,"gauss","alt",8,"pvt_999",500,0.461538461538462,26,0.28,0.133333333333333,0.0555555555555556,0.121756794937214,2.20334795125814e-09,4.27564263328791
10,"gauss","alt",8,"mm_999",500,0,0,0,0.0533333333333333,0.0111111111111111,0.335555555555556,0.00115332590777907,4.27564263328791
10,"gauss","alt",9,"ols",500,0,0,0,0.0422222222222222,0.0155555555555556,0.0389139717361099,0.000426303346368105,3.74435168652641
10,"gauss","alt",9,"modt",500,0,0,0,0.0377777777777778,0.0155555555555556,0.0447748208486383,0.000984219691164918,3.74435168652641
10,"gauss","alt",9,"fl_199",500,0,0,0,0.04,0.00666666666666667,0.0372222222222222,0.005,3.74435168652641
10,"gauss","alt",9,"fl_999",500,0,0,0,0.0466666666666667,0.0111111111111111,0.0318888888888889,0.002,3.74435168652641
10,"gauss","alt",9,"fl_9999",500,0,0,0,0.0422222222222222,0.0111111111111111,0.0377444444444444,6e-04,3.74435168652641
10,"gauss","alt",9,"pvw_199",500,0,0,0,0.0511111111111111,0.00444444444444444,0.0637528990171345,0.00572314864141221,3.74435168652641
10,"gauss","alt",9,"pvt_199",500,0.705882352941177,17,0.1,0.117777777777778,0.0555555555555556,0.08153760242941,1.66692674159128e-15,3.74435168652641
10,"gauss","alt",9,"mm_199",500,0,0,0,0.0444444444444444,0.0155555555555556,0.217777777777778,0.000820107600953873,3.74435168652641
10,"gauss","alt",9,"pvw_999",500,0,0,0,0.0488888888888889,0.00444444444444444,0.0628949843842197,0.00556998124804704,3.74435168652641
10,"gauss","alt",9,"pvt_999",500,0.666666666666667,15,0.1,0.12,0.0511111111111111,0.0801168905993912,1.64945634847139e-13,3.74435168652641
10,"gauss","alt",9,"mm_999",500,0,0,0,0.0466666666666667,0.00888888888888889,0.408888888888889,0.00075761183302218,3.74435168652641
10,"gauss","alt",10,"ols",500,0,0,0,0.0444444444444444,0.00444444444444444,0.0280302344770741,0.00385938100917044,4.17413882257276
10,"gauss","alt",10,"modt",500,0,0,0,0.0488888888888889,0.00666666666666667,0.0307727140620599,0.00110202115815617,4.17413882257276
10,"gauss","alt",10,"fl_199",500,0,0,0,0.04,0.00666666666666667,0.0372222222222222,0.005,4.17413882257276
10,"gauss","alt",10,"fl_999",500,0,0,0,0.0444444444444444,0.00888888888888889,0.0251111111111111,0.004,4.17413882257276
10,"gauss","alt",10,"fl_9999",500,0,0,0,0.0444444444444444,0.00666666666666667,0.0266777777777777,0.0033,4.17413882257276
10,"gauss","alt",10,"pvw_199",500,0,0,0,0.0422222222222222,0,0.0617833510892041,0.00789387596182514,4.17413882257276
10,"gauss","alt",10,"pvt_199",500,0.538461538461538,13,0.12,0.124444444444444,0.0488888888888889,0.0972842679183344,2.78515212610248e-07,4.17413882257276
10,"gauss","alt",10,"mm_199",500,0,0,0,0.0444444444444444,0.00888888888888889,0.177777777777778,0.00054924683735257,4.17413882257276
10,"gauss","alt",10,"pvw_999",500,0,0,0,0.0511111111111111,0,0.0708553187216402,0.010482687764489,4.17413882257276
10,"gauss","alt",10,"pvt_999",500,0.545454545454545,11,0.1,0.12,0.0511111111111111,0.0996811959101985,1.15549816522635e-06,4.17413882257276
10,"gauss","alt",10,"mm_999",500,0,0,0,0.0511111111111111,0.00888888888888889,0.38,0.00382294568037262,4.17413882257276
10,"gauss","alt",11,"ols",500,0,0,0,0.0622222222222222,0.0111111111111111,0.0491615332808935,0.000257943800925721,4.17753728821164
10,"gauss","alt",11,"modt",500,0,0,0,0.0688888888888889,0.0111111111111111,0.05018938873215,0.00131122909399479,4.17753728821164
10,"gauss","alt",11,"fl_199",500,0,0,0,0.0511111111111111,0.00444444444444444,0.0616666666666666,0.005,4.17753728821164
10,"gauss","alt",11,"fl_999",500,0,0,0,0.0644444444444444,0.00666666666666667,0.0537777777777777,0.004,4.17753728821164
10,"gauss","alt",11,"fl_9999",500,0,0,0,0.0622222222222222,0.00666666666666667,0.0550444444444445,0.0037,4.17753728821164
10,"gauss","alt",11,"pvw_199",500,0,0,0,0.0622222222222222,0,0.0688397642213404,0.00642254265663696,4.17753728821164
10,"gauss","alt",11,"pvt_199",500,0.826086956521739,23,0.08,0.142222222222222,0.0688888888888889,0.110257563618615,1.23645199649537e-13,4.17753728821164
10,"gauss","alt",11,"mm_199",500,0.5,2,0.02,0.0577777777777778,0.0111111111111111,0.235555555555556,4.56696732160831e-08,4.17753728821164
10,"gauss","alt",11,"pvw_999",500,0,0,0,0.0622222222222222,0,0.0714796625400186,0.00608235517551005,4.17753728821164
10,"gauss","alt",11,"pvt_999",500,0.80952380952381,21,0.08,0.144444444444444,0.0644444444444444,0.111410082013621,4.43939458934763e-14,4.17753728821164
10,"gauss","alt",11,"mm_999",500,0,0,0,0.0644444444444444,0.00666666666666667,0.34,0.00108226867281463,4.17753728821164
10,"gauss","alt",12,"ols",500,0,0,0,0.0511111111111111,0.00444444444444444,0.0373270541361944,0.00142694885550998,4.3101026414069
10,"gauss","alt",12,"modt",500,0,0,0,0.0511111111111111,0.00888888888888889,0.0343522839602149,0.000912108333585445,4.3101026414069
10,"gauss","alt",12,"fl_199",500,0,0,0,0.0511111111111111,0.00222222222222222,0.0422222222222222,0.005,4.3101026414069
10,"gauss","alt",12,"fl_999",500,0,0,0,0.0533333333333333,0.00444444444444444,0.0426666666666667,0.002,4.3101026414069
10,"gauss","alt",12,"fl_9999",500,0,0,0,0.0577777777777778,0.00444444444444444,0.0365111111111111,0.0013,4.3101026414069
10,"gauss","alt",12,"pvw_199",500,0,0,0,0.0644444444444444,0.00444444444444444,0.0957562879377149,0.00611990760804841,4.3101026414069
10,"gauss","alt",12,"pvt_199",500,0.580645161290323,31,0.26,0.151111111111111,0.0577777777777778,0.128458153383546,6.38769475069877e-10,4.3101026414069
10,"gauss","alt",12,"mm_199",500,0,0,0,0.0577777777777778,0.00666666666666667,0.204444444444444,0.000218581102320143,4.3101026414069
10,"gauss","alt",12,"pvw_999",500,0,0,0,0.0577777777777778,0.00444444444444444,0.0964013062608233,0.00715420753557199,4.3101026414069
10,"gauss","alt",12,"pvt_999",500,0.580645161290323,31,0.26,0.157777777777778,0.0622222222222222,0.129175936853148,3.51139710923813e-09,4.3101026414069
10,"gauss","alt",12,"mm_999",500,0,0,0,0.08,0.00666666666666667,0.368888888888889,0.00286180697741411,4.3101026414069
10,"gauss","alt",13,"ols",500,0,0,0,0.0533333333333333,0.0244444444444444,0.0318280982044169,0.000952981242563399,3.9588520297178
10,"gauss","alt",13,"modt",500,0,0,0,0.0533333333333333,0.00888888888888889,0.0250681244929967,0.00191869309765673,3.9588520297178
10,"gauss","alt",13,"fl_199",500,0,0,0,0.0511111111111111,0.00666666666666667,0.0394444444444444,0.005,3.9588520297178
10,"gauss","alt",13,"fl_999",500,0,0,0,0.0577777777777778,0.0177777777777778,0.0255555555555556,0.002,3.9588520297178
10,"gauss","alt",13,"fl_9999",500,0,0,0,0.06,0.0244444444444444,0.0272555555555556,0.0011,3.9588520297178
10,"gauss","alt",13,"pvw_199",500,0,0,0,0.0711111111111111,0.00888888888888889,0.0795582776611509,0.00670647749269236,3.9588520297178
10,"gauss","alt",13,"pvt_199",500,0.741935483870968,31,0.16,0.133333333333333,0.0644444444444444,0.122196004001511,1.09153083438905e-10,3.9588520297178
10,"gauss","alt",13,"mm_199",500,0,0,0,0.0555555555555556,0.0222222222222222,0.173333333333333,0.00220469563324151,3.9588520297178
10,"gauss","alt",13,"pvw_999",500,0,0,0,0.06,0.00444444444444444,0.0767765705298075,0.00688322020634778,3.9588520297178
10,"gauss","alt",13,"pvt_999",500,0.766666666666667,30,0.14,0.124444444444444,0.0666666666666667,0.117034345366274,2.46958194464061e-10,3.9588520297178
10,"gauss","alt",13,"mm_999",500,0,0,0,0.0555555555555556,0.0222222222222222,0.291111111111111,0.00154895911976209,3.9588520297178
10,"gauss","alt",14,"ols",500,0,0,0,0.0533333333333333,0.0111111111111111,0.0297541767324607,0.00294544059022207,3.94271733114744
10,"gauss","alt",14,"modt",500,0,0,0,0.0422222222222222,0.0177777777777778,0.0303483108720129,0.000893574284637244,3.94271733114744
10,"gauss","alt",14,"fl_199",500,0,0,0,0.0511111111111111,0.00222222222222222,0.0316666666666666,0.005,3.94271733114744
10,"gauss","alt",14,"fl_999",500,0,0,0,0.06,0.00666666666666667,0.0252222222222223,0.001,3.94271733114744
10,"gauss","alt",14,"fl_9999",500,0,0,0,0.0577777777777778,0.00222222222222222,0.0267,5e-04,3.94271733114744
10,"gauss","alt",14,"pvw_199",500,0,0,0,0.0555555555555556,0,0.0817364428272825,0.0112343539843354,3.94271733114744
10,"gauss","alt",14,"pvt_199",500,0.666666666666667,27,0.18,0.153333333333333,0.06,0.118023401945231,6.36219772652102e-07,3.94271733114744
10,"gauss","alt",14,"mm_199",500,0,2,0.04,0.0555555555555556,0.00888888888888889,0.184444444444444,7.95292351235371e-06,3.94271733114744
10,"gauss","alt",14,"pvw_999",500,0,0,0,0.06,0,0.0818933282836808,0.00950217085732163,3.94271733114744
10,"gauss","alt",14,"pvt_999",500,0.64,25,0.18,0.148888888888889,0.0622222222222222,0.112295824147184,5.19800089913297e-07,3.94271733114744
10,"gauss","alt",14,"mm_999",500,0,0,0,0.0644444444444444,0.00666666666666667,0.337777777777778,0.000384010003588961,3.94271733114744
10,"gauss","alt",15,"ols",500,0,0,0,0.0444444444444444,0.00888888888888889,0.0304403598512783,0.00071778023735303,4.34424121282083
10,"gauss","alt",15,"modt",500,0,0,0,0.0422222222222222,0.00666666666666667,0.0240415540308142,0.0002525782834376,4.34424121282083
10,"gauss","alt",15,"fl_199",500,0,0,0,0.04,0.00888888888888889,0.0344444444444444,0.005,4.34424121282083
10,"gauss","alt",15,"fl_999",500,0,0,0,0.0422222222222222,0.00888888888888889,0.0295555555555555,0.001,4.34424121282083
10,"gauss","alt",15,"fl_9999",500,0,0,0,0.0444444444444444,0.00888888888888889,0.0305333333333333,5e-04,4.34424121282083
10,"gauss","alt",15,"pvw_199",500,0,0,0,0.0444444444444444,0.00444444444444444,0.0886896277031436,0.00649154717527944,4.34424121282083
10,"gauss","alt",15,"pvt_199",500,0.733333333333333,15,0.08,0.106666666666667,0.0511111111111111,0.119573632885724,1.55836654780167e-11,4.34424121282083
10,"gauss","alt",15,"mm_199",500,1,2,0,0.0422222222222222,0.00888888888888889,0.197777777777778,1.57661612843558e-08,4.34424121282083
10,"gauss","alt",15,"pvw_999",500,0,0,0,0.0488888888888889,0.00444444444444444,0.0901669497458098,0.00566342812623345,4.34424121282083
10,"gauss","alt",15,"pvt_999",500,0.75,16,0.08,0.108888888888889,0.0488888888888889,0.117695858721807,2.41933514382744e-11,4.34424121282083
10,"gauss","alt",15,"mm_999",500,0,0,0,0.0511111111111111,0.00666666666666667,0.384444444444444,0.000622236150473414,4.34424121282083
20,"gauss","alt",1,"ols",500,0,0,0,0.0688888888888889,0.0133333333333333,0.067657490595862,0.00047676967167217,3.46930167350847
20,"gauss","alt",1,"modt",500,0,0,0,0.0688888888888889,0.0111111111111111,0.0707145315902031,0.00056744741670638,3.46930167350847
20,"gauss","alt",1,"fl_199",500,0,0,0,0.0577777777777778,0.00444444444444444,0.0644444444444445,0.005,3.46930167350847
20,"gauss","alt",1,"fl_999",500,0,0,0,0.0644444444444444,0.00444444444444444,0.0678888888888889,0.002,3.46930167350847
20,"gauss","alt",1,"fl_9999",500,0,0,0,0.0688888888888889,0.0111111111111111,0.0696,5e-04,3.46930167350847
20,"gauss","alt",1,"pvw_199",500,0,0,0,0.0688888888888889,0.00444444444444444,0.099332617492215,0.00211846114244082,3.46930167350847
20,"gauss","alt",1,"pvt_199",500,0.25,4,0.06,0.102222222222222,0.0355555555555556,0.111406367718387,1.04657319642684e-05,3.46930167350847
20,"gauss","alt",1,"mm_199",500,1,1,0,0.0622222222222222,0.0155555555555556,0.102222222222222,1.99781983366068e-05,3.46930167350847
20,"gauss","alt",1,"pvw_999",500,0,0,0,0.0733333333333333,0.00444444444444444,0.0960097506468118,0.00171497385433825,3.46930167350847
20,"gauss","alt",1,"pvt_999",500,0.4,5,0.06,0.1,0.0288888888888889,0.106430943260011,5.19482274718097e-06,3.46930167350847
20,"gauss","alt",1,"mm_999",500,0,0,0,0.0622222222222222,0.00888888888888889,0.191111111111111,0.000616552959448045,3.46930167350847
20,"gauss","alt",2,"ols",500,0,0,0,0.0533333333333333,0.00888888888888889,0.0502855990779066,0.00023838664185386,4.20763376651215
20,"gauss","alt",2,"modt",500,0,1,0.02,0.0511111111111111,0.00888888888888889,0.0435577654201487,7.13888272980937e-05,4.20763376651215
20,"gauss","alt",2,"fl_199",500,0,0,0,0.0533333333333333,0.00666666666666667,0.0383333333333334,0.005,4.20763376651215
20,"gauss","alt",2,"fl_999",500,0,0,0,0.0511111111111111,0.0111111111111111,0.0472222222222223,0.001,4.20763376651215
20,"gauss","alt",2,"fl_9999",500,0,0,0,0.0533333333333333,0.00888888888888889,0.0472,8e-04,4.20763376651215
20,"gauss","alt",2,"pvw_199",500,0,0,0,0.0533333333333333,0.00666666666666667,0.0766323596385703,0.00164742451588995,4.20763376651215
20,"gauss","alt",2,"pvt_199",500,0.25,12,0.18,0.0911111111111111,0.0288888888888889,0.0866029298030469,1.49428829402181e-06,4.20763376651215
20,"gauss","alt",2,"mm_199",500,0,5,0.1,0.0511111111111111,0.00666666666666667,0.111111111111111,4.19340880548584e-06,4.20763376651215
20,"gauss","alt",2,"pvw_999",500,0,0,0,0.0511111111111111,0.00888888888888889,0.0791292330679626,0.00110094297359806,4.20763376651215
20,"gauss","alt",2,"pvt_999",500,0.307692307692308,13,0.18,0.0888888888888889,0.0311111111111111,0.0896870006044306,2.86722586078805e-07,4.20763376651215
20,"gauss","alt",2,"mm_999",500,0,0,0,0.0511111111111111,0.0111111111111111,0.206666666666667,0.00013356421607586,4.20763376651215
20,"gauss","alt",3,"ols",500,0,0,0,0.0444444444444444,0.00888888888888889,0.0383202435780123,0.000161605728224398,3.81045207928599
20,"gauss","alt",3,"modt",500,0,0,0,0.0422222222222222,0.0111111111111111,0.0399854649112584,0.000319539933094147,3.81045207928599
20,"gauss","alt",3,"fl_199",500,0,0,0,0.04,0.00666666666666667,0.0433333333333333,0.005,3.81045207928599
20,"gauss","alt",3,"fl_999",500,0,0,0,0.0444444444444444,0.0111111111111111,0.043,0.001,3.81045207928599
20,"gauss","alt",3,"fl_9999",500,0,0,0,0.0466666666666667,0.00888888888888889,0.0388666666666667,4e-04,3.81045207928599
20,"gauss","alt",3,"pvw_199",500,0,0,0,0.0511111111111111,0.0111111111111111,0.0486249602195591,0.000785973098914477,3.81045207928599
20,"gauss","alt",3,"pvt_199",500,0.25,12,0.18,0.0644444444444444,0.0222222222222222,0.0561714515060531,1.28357668428079e-06,3.81045207928599
20,"gauss","alt",3,"mm_199",500,0.333333333333333,6,0.08,0.0511111111111111,0.0133333333333333,0.133333333333333,3.95329279740945e-06,3.81045207928599
20,"gauss","alt",3,"pvw_999",500,0,0,0,0.0488888888888889,0.00888888888888889,0.04926369862545,0.000865185032132533,3.81045207928599
20,"gauss","alt",3,"pvt_999",500,0.25,16,0.24,0.0644444444444444,0.02,0.0555115790034296,4.37921157194343e-07,3.81045207928599
20,"gauss","alt",3,"mm_999",500,0,0,0,0.0466666666666667,0.0133333333333333,0.248888888888889,0.000127682878871335,3.81045207928599
20,"gauss","alt",4,"ols",500,0,0,0,0.0422222222222222,0.00666666666666667,0.0373734639346091,0.000364034739507049,4.57138846115454
20,"gauss","alt",4,"modt",500,0,3,0.06,0.0422222222222222,0.00888888888888889,0.0379094835251216,0.000112232699816873,4.57138846115454
20,"gauss","alt",4,"fl_199",500,0,0,0,0.0377777777777778,0.00666666666666667,0.0472222222222222,0.005,4.57138846115454
20,"gauss","alt",4,"fl_999",500,0,0,0,0.0466666666666667,0.00888888888888889,0.0371111111111111,0.001,4.57138846115454
20,"gauss","alt",4,"fl_9999",500,0,0,0,0.0444444444444444,0.00666666666666667,0.0372111111111111,2e-04,4.57138846115454
20,"gauss","alt",4,"pvw_199",500,0,0,0,0.0511111111111111,0.00888888888888889,0.036727571024425,0.00108792416137291,4.57138846115454
20,"gauss","alt",4,"pvt_199",500,0.125,24,0.42,0.0844444444444444,0.0177777777777778,0.0539885588788501,2.4677673467183e-06,4.57138846115454
20,"gauss","alt",4,"mm_199",500,0.181818181818182,11,0.18,0.04,0.0111111111111111,0.115555555555556,8.60893343897716e-06,4.57138846115454
20,"gauss","alt",4,"pvw_999",500,0,0,0,0.0488888888888889,0.00666666666666667,0.035075081353556,0.00123205432353981,4.57138846115454
20,"gauss","alt",4,"pvt_999",500,0.12,25,0.44,0.0844444444444444,0.02,0.0515992328152947,3.85892116056954e-06,4.57138846115454
20,"gauss","alt",4,"mm_999",500,0,4,0.08,0.0422222222222222,0.00888888888888889,0.237777777777778,2.85273575226143e-05,4.57138846115454
20,"gauss","alt",5,"ols",500,0,4,0.08,0.06,0.0155555555555556,0.0432762003915754,1.2931531663354e-05,3.93569444639668
20,"gauss","alt",5,"modt",500,0,4,0.08,0.0644444444444444,0.0133333333333333,0.0422541536934005,1.75489696326317e-05,3.93569444639668
20,"gauss","alt",5,"fl_199",500,0,0,0,0.0488888888888889,0.00666666666666667,0.0383333333333333,0.005,3.93569444639668
20,"gauss","alt",5,"fl_999",500,0,0,0,0.0533333333333333,0.0133333333333333,0.0418888888888889,0.001,3.93569444639668
20,"gauss","alt",5,"fl_9999",500,0,4,0.08,0.06,0.0177777777777778,0.0426222222222222,1e-04,3.93569444639668
20,"gauss","alt",5,"pvw_199",500,0,0,0,0.0666666666666667,0.00888888888888889,0.0712296372911061,0.000344744285023482,3.93569444639668
20,"gauss","alt",5,"pvt_199",500,0.3,20,0.28,0.0933333333333333,0.0333333333333333,0.0818508566024131,1.29974796001016e-09,3.93569444639668
20,"gauss","alt",5,"mm_199",500,0,2,0.04,0.06,0.0177777777777778,0.117777777777778,6.21087236377524e-10,3.93569444639668
20,"gauss","alt",5,"pvw_999",500,0,0,0,0.0666666666666667,0.00888888888888889,0.0676179708047564,0.000524320390929651,3.93569444639668
20,"gauss","alt",5,"pvt_999",500,0.388888888888889,18,0.22,0.0933333333333333,0.0377777777777778,0.0815277072229221,5.66487878156785e-10,3.93569444639668
20,"gauss","alt",5,"mm_999",500,0,3,0.06,0.0577777777777778,0.0133333333333333,0.188888888888889,5.88490025645423e-07,3.93569444639668
20,"gauss","alt",6,"ols",500,0,1,0.02,0.0688888888888889,0.00444444444444444,0.0418099993476059,1.24223538658506e-05,3.874679531641
20,"gauss","alt",6,"modt",500,0,1,0.02,0.0644444444444444,0.00666666666666667,0.0383359920444373,3.67490260488787e-05,3.874679531641
20,"gauss","alt",6,"fl_199",500,0,0,0,0.0488888888888889,0.00444444444444444,0.0416666666666667,0.005,3.874679531641
20,"gauss","alt",6,"fl_999",500,0,0,0,0.0622222222222222,0.00444444444444444,0.0463333333333333,0.001,3.874679531641
20,"gauss","alt",6,"fl_9999",500,0,1,0.02,0.0733333333333333,0.00444444444444444,0.0415444444444445,1e-04,3.874679531641
20,"gauss","alt",6,"pvw_199",500,0,0,0,0.0666666666666667,0.00666666666666667,0.067116098865187,0.000224211049736545,3.874679531641
20,"gauss","alt",6,"pvt_199",500,0,2,0.04,0.0955555555555556,0.0333333333333333,0.0728086626798033,5.47106573969303e-11,3.874679531641
20,"gauss","alt",6,"mm_199",500,0,2,0.04,0.0555555555555556,0.0111111111111111,0.113333333333333,1.03889134278342e-08,3.874679531641
20,"gauss","alt",6,"pvw_999",500,0,0,0,0.0733333333333333,0.00222222222222222,0.0631503429963374,0.000274514957972335,3.874679531641
20,"gauss","alt",6,"pvt_999",500,0.2,5,0.08,0.0888888888888889,0.0355555555555556,0.0785703359609224,2.4362841685596e-11,3.874679531641
20,"gauss","alt",6,"mm_999",500,0,1,0.02,0.0644444444444444,0.00444444444444444,0.217777777777778,7.63233009771232e-08,3.874679531641
20,"gauss","alt",7,"ols",500,0,0,0,0.06,0.00888888888888889,0.0375939729312988,0.000215388218655397,3.6537108941425
20,"gauss","alt",7,"modt",500,0,6,0.12,0.0488888888888889,0.0155555555555556,0.0343592597633883,0.000280632347042447,3.6537108941425
20,"gauss","alt",7,"fl_199",500,0,0,0,0.0488888888888889,0.00444444444444444,0.0394444444444444,0.005,3.6537108941425
20,"gauss","alt",7,"fl_999",500,0,0,0,0.0577777777777778,0.00888888888888889,0.0351111111111111,0.001,3.6537108941425
20,"gauss","alt",7,"fl_9999",500,0,0,0,0.06,0.00888888888888889,0.0349,2e-04,3.6537108941425
20,"gauss","alt",7,"pvw_199",500,0,0,0,0.0644444444444444,0.00888888888888889,0.0482663989576002,0.000814731027243379,3.6537108941425
20,"gauss","alt",7,"pvt_199",500,0.1875,16,0.26,0.08,0.0288888888888889,0.0547263178592698,1.66165183816504e-06,3.6537108941425
20,"gauss","alt",7,"mm_199",500,0.125,8,0.14,0.0555555555555556,0.0177777777777778,0.14,9.87526682239592e-07,3.6537108941425
20,"gauss","alt",7,"pvw_999",500,0,0,0,0.0622222222222222,0.00444444444444444,0.0437938751913689,0.000774734226543048,3.6537108941425
20,"gauss","alt",7,"pvt_999",500,0.222222222222222,18,0.28,0.0777777777777778,0.0311111111111111,0.047364624646081,5.9683540986476e-07,3.6537108941425
20,"gauss","alt",7,"mm_999",500,0,6,0.12,0.0533333333333333,0.00888888888888889,0.237777777777778,2.18788683864742e-05,3.6537108941425
20,"gauss","alt",8,"ols",500,0,0,0,0.0577777777777778,0.0133333333333333,0.0270040344917615,0.000191119282963788,3.56013649549128
20,"gauss","alt",8,"modt",500,0,2,0.04,0.0622222222222222,0.00888888888888889,0.0264475370420788,7.77445117808457e-05,3.56013649549128
20,"gauss","alt",8,"fl_199",500,0,0,0,0.0511111111111111,0.00444444444444444,0.0372222222222223,0.005,3.56013649549128
20,"gauss","alt",8,"fl_999",500,0,0,0,0.0577777777777778,0.0133333333333333,0.0266666666666667,0.001,3.56013649549128
20,"gauss","alt",8,"fl_9999",500,0,0,0,0.0577777777777778,0.0133333333333333,0.0258666666666667,2e-04,3.56013649549128
20,"gauss","alt",8,"pvw_199",500,0,0,0,0.0644444444444444,0.0155555555555556,0.0339787467411871,0.00115306832048515,3.56013649549128
20,"gauss","alt",8,"pvt_199",500,0.5,16,0.16,0.0844444444444444,0.0377777777777778,0.0422667128032727,2.86310630875727e-07,3.56013649549128
20,"gauss","alt",8,"mm_199",500,0,0,0,0.0644444444444444,0.0155555555555556,0.135555555555556,0.000131653151789716,3.56013649549128
20,"gauss","alt",8,"pvw_999",500,0,0,0,0.0644444444444444,0.0133333333333333,0.0374606134189427,0.000827518599223666,3.56013649549128
20,"gauss","alt",8,"pvt_999",500,0.461538461538462,13,0.14,0.0822222222222222,0.0355555555555556,0.0468287964381992,6.72684027651356e-07,3.56013649549128
20,"gauss","alt",8,"mm_999",500,0,2,0.04,0.0533333333333333,0.0111111111111111,0.248888888888889,6.58158842088639e-05,3.56013649549128
20,"gauss","alt",9,"ols",500,0,0,0,0.0622222222222222,0.0133333333333333,0.0309506906371217,0.000813218335615631,3.93147671458921
20,"gauss","alt",9,"modt",500,0,0,0,0.0711111111111111,0.0111111111111111,0.0314297599313853,0.00145000973306597,3.93147671458921
20,"gauss","alt",9,"fl_199",500,0,0,0,0.06,0.00222222222222222,0.0322222222222221,0.005,3.93147671458921
20,"gauss","alt",9,"fl_999",500,0,0,0,0.0666666666666667,0.00666666666666667,0.0334444444444444,0.001,3.93147671458921
20,"gauss","alt",9,"fl_9999",500,0,0,0,0.0622222222222222,0.00888888888888889,0.0317111111111111,0.001,3.93147671458921
20,"gauss","alt",9,"pvw_199",500,0,0,0,0.0733333333333333,0.0133333333333333,0.0620513161669656,0.00121204143863755,3.93147671458921
20,"gauss","alt",9,"pvt_199",500,0.3,10,0.14,0.0955555555555556,0.0311111111111111,0.0720111799363636,4.2976437842398e-05,3.93147671458921
20,"gauss","alt",9,"mm_199",500,0,2,0.04,0.0711111111111111,0.0222222222222222,0.126666666666667,3.6889856722371e-06,3.93147671458921
20,"gauss","alt",9,"pvw_999",500,0,0,0,0.0711111111111111,0.00666666666666667,0.0601624179440095,0.00215992231736289,3.93147671458921
20,"gauss","alt",9,"pvt_999",500,0.285714285714286,7,0.1,0.0955555555555556,0.0311111111111111,0.0739441756998048,2.72070599562429e-05,3.93147671458921
20,"gauss","alt",9,"mm_999",500,0,0,0,0.0666666666666667,0.0133333333333333,0.22,0.000414685311581506,3.93147671458921
20,"gauss","alt",10,"ols",500,0,1,0.02,0.06,0.0111111111111111,0.0309961093564575,1.80562575589281e-05,4.1324956478644
20,"gauss","alt",10,"modt",500,0,3,0.06,0.0577777777777778,0.0133333333333333,0.0261626071174066,7.77713888239252e-06,4.1324956478644
20,"gauss","alt",10,"fl_199",500,0,0,0,0.0511111111111111,0.00444444444444444,0.0288888888888889,0.005,4.1324956478644
20,"gauss","alt",10,"fl_999",500,0,0,0,0.0555555555555556,0.0111111111111111,0.0256666666666666,0.001,4.1324956478644
20,"gauss","alt",10,"fl_9999",500,0,0,0,0.0577777777777778,0.0133333333333333,0.0268777777777778,2e-04,4.1324956478644
20,"gauss","alt",10,"pvw_199",500,0,0,0,0.0666666666666667,0.0133333333333333,0.0555290816553644,0.000379605420321144,4.1324956478644
20,"gauss","alt",10,"pvt_199",500,0.416666666666667,12,0.14,0.0888888888888889,0.0355555555555556,0.0605341006136764,2.34598945813224e-10,4.1324956478644
20,"gauss","alt",10,"mm_199",500,0,5,0.1,0.0622222222222222,0.0155555555555556,0.122222222222222,2.12553419464679e-05,4.1324956478644
20,"gauss","alt",10,"pvw_999",500,0,0,0,0.0577777777777778,0.00666666666666667,0.0558909619428252,0.000435285562556359,4.1324956478644
20,"gauss","alt",10,"pvt_999",500,0.363636363636364,11,0.14,0.0933333333333333,0.0333333333333333,0.0605295360593828,1.76814707405455e-10,4.1324956478644
20,"gauss","alt",10,"mm_999",500,0,2,0.04,0.0577777777777778,0.0133333333333333,0.222222222222222,1.11015570900224e-05,4.1324956478644
20,"gauss","alt",11,"ols",500,0,2,0.04,0.0622222222222222,0.00222222222222222,0.0343551425702979,5.11838642200578e-05,3.73182974049414
20,"gauss","alt",11,"modt",500,0,2,0.04,0.0511111111111111,0.00222222222222222,0.0365330349486914,1.52308014412773e-05,3.73182974049414
20,"gauss","alt",11,"fl_199",500,0,0,0,0.0555555555555556,0,0.033888888888889,0.005,3.73182974049414
20,"gauss","alt",11,"fl_999",500,0,0,0,0.06,0.00222222222222222,0.0321111111111111,0.001,3.73182974049414
20,"gauss","alt",11,"fl_9999",500,0,3,0.06,0.0622222222222222,0.00222222222222222,0.0311888888888889,1e-04,3.73182974049414
20,"gauss","alt",11,"pvw_199",500,0,0,0,0.0711111111111111,0.00444444444444444,0.0548169679721486,0.000642624505651407,3.73182974049414
20,"gauss","alt",11,"pvt_199",500,0.125,8,0.14,0.0911111111111111,0.0222222222222222,0.0650272572011055,6.88136521568303e-09,3.73182974049414
20,"gauss","alt",11,"mm_199",500,0,4,0.08,0.0577777777777778,0.00888888888888889,0.126666666666667,1.9061948759502e-08,3.73182974049414
20,"gauss","alt",11,"pvw_999",500,0,0,0,0.0644444444444444,0.00222222222222222,0.0596185795297215,0.000581890723270433,3.73182974049414
20,"gauss","alt",11,"pvt_999",500,0.125,8,0.14,0.0933333333333333,0.0266666666666667,0.0662078520230611,7.87469081433658e-09,3.73182974049414
20,"gauss","alt",11,"mm_999",500,0,3,0.06,0.06,0.00444444444444444,0.224444444444444,5.39142963697588e-07,3.73182974049414
20,"gauss","alt",12,"ols",500,0,2,0.04,0.0511111111111111,0.00888888888888889,0.0367420654481335,0.000100506627748591,3.92323456546098
20,"gauss","alt",12,"modt",500,0,0,0,0.0511111111111111,0.00666666666666667,0.0326720465070794,0.000150480350638839,3.92323456546098
20,"gauss","alt",12,"fl_199",500,0,0,0,0.04,0,0.0266666666666667,0.005,3.92323456546098
20,"gauss","alt",12,"fl_999",500,0,0,0,0.0444444444444444,0.0111111111111111,0.0371111111111111,0.001,3.92323456546098
20,"gauss","alt",12,"fl_9999",500,0,1,0.02,0.0488888888888889,0.0111111111111111,0.0342111111111111,1e-04,3.92323456546098
20,"gauss","alt",12,"pvw_199",500,0,0,0,0.0511111111111111,0,0.0598032900699419,0.00183215123721931,3.92323456546098
20,"gauss","alt",12,"pvt_199",500,0,7,0.14,0.0777777777777778,0.0311111111111111,0.0697348808737735,7.06295960027294e-08,3.92323456546098
20,"gauss","alt",12,"mm_199",500,0,1,0.02,0.0511111111111111,0.0133333333333333,0.0977777777777777,8.8067931008169e-06,3.92323456546098
20,"gauss","alt",12,"pvw_999",500,0,0,0,0.0511111111111111,0.00444444444444444,0.0624325021395212,0.000954568272305037,3.92323456546098
20,"gauss","alt",12,"pvt_999",500,0.125,8,0.14,0.0755555555555556,0.0288888888888889,0.0694045140876888,1.03393437612435e-07,3.92323456546098
20,"gauss","alt",12,"mm_999",500,0,1,0.02,0.0422222222222222,0.00888888888888889,0.206666666666667,5.82511773409086e-05,3.92323456546098
20,"gauss","alt",13,"ols",500,0,4,0.08,0.0666666666666667,0.00222222222222222,0.0371334092220816,0.000106918353515965,3.74831871277469
20,"gauss","alt",13,"modt",500,0,4,0.08,0.0644444444444444,0.00444444444444444,0.0424585688540762,2.52258678374141e-05,3.74831871277469
20,"gauss","alt",13,"fl_199",500,0,0,0,0.06,0.00222222222222222,0.035,0.005,3.74831871277469
20,"gauss","alt",13,"fl_999",500,0,0,0,0.0644444444444444,0.00222222222222222,0.0382222222222222,0.001,3.74831871277469
20,"gauss","alt",13,"fl_9999",500,0,2,0.04,0.0688888888888889,0.00444444444444444,0.0336777777777778,1e-04,3.74831871277469
20,"gauss","alt",13,"pvw_199",500,0,0,0,0.0755555555555556,0.00222222222222222,0.0390205446956014,0.000523153727298972,3.74831871277469
20,"gauss","alt",13,"pvt_199",500,0.0714285714285714,14,0.26,0.104444444444444,0.0288888888888889,0.0606919422133117,6.14140866498469e-08,3.74831871277469
20,"gauss","alt",13,"mm_199",500,0,7,0.14,0.0644444444444444,0.0111111111111111,0.113333333333333,6.32811350255081e-07,3.74831871277469
20,"gauss","alt",13,"pvw_999",500,0,0,0,0.0644444444444444,0.00222222222222222,0.0367222372606672,0.000500586462920578,3.74831871277469
20,"gauss","alt",13,"pvt_999",500,0.0714285714285714,14,0.26,0.0977777777777778,0.0266666666666667,0.0584599051962342,3.74624717980594e-08,3.74831871277469
20,"gauss","alt",13,"mm_999",500,0,6,0.12,0.06,0.00666666666666667,0.244444444444444,2.33780172527667e-07,3.74831871277469
20,"gauss","alt",14,"ols",500,0,0,0,0.06,0.00222222222222222,0.0423237841494476,0.00132986392620507,4.57053763477154
20,"gauss","alt",14,"modt",500,0,0,0,0.0488888888888889,0.00222222222222222,0.0378981659207177,0.000985739933381883,4.57053763477154
20,"gauss","alt",14,"fl_199",500,0,0,0,0.0577777777777778,0.00222222222222222,0.0394444444444444,0.005,4.57053763477154
20,"gauss","alt",14,"fl_999",500,0,0,0,0.0533333333333333,0.00222222222222222,0.0447777777777778,0.002,4.57053763477154
20,"gauss","alt",14,"fl_9999",500,0,0,0,0.0577777777777778,0.00444444444444444,0.0419777777777778,0.0016,4.57053763477154
20,"gauss","alt",14,"pvw_199",500,0,0,0,0.0666666666666667,0.00222222222222222,0.0533029837807346,0.00121607873022271,4.57053763477154
20,"gauss","alt",14,"pvt_199",500,0,4,0.08,0.0844444444444444,0.0266666666666667,0.0689733272479123,1.37689422967812e-05,4.57053763477154
20,"gauss","alt",14,"mm_199",500,0,0,0,0.06,0.0111111111111111,0.155555555555556,0.000475264218415052,4.57053763477154
20,"gauss","alt",14,"pvw_999",500,0,0,0,0.0622222222222222,0.00222222222222222,0.0588226098521416,0.00255220418648786,4.57053763477154
20,"gauss","alt",14,"pvt_999",500,0,2,0.04,0.0911111111111111,0.0288888888888889,0.0706823359279777,4.93510993368117e-05,4.57053763477154
20,"gauss","alt",14,"mm_999",500,0,0,0,0.0511111111111111,0,0.242222222222222,0.000919059498315858,4.57053763477154
20,"gauss","alt",15,"ols",500,0,0,0,0.0555555555555556,0.00888888888888889,0.0420815015698556,0.000140038463098709,4.48817624007525
20,"gauss","alt",15,"modt",500,0,1,0.02,0.06,0.00666666666666667,0.0441156617018309,2.47788601766274e-05,4.48817624007525
20,"gauss","alt",15,"fl_199",500,0,0,0,0.0511111111111111,0.00444444444444444,0.0383333333333333,0.005,4.48817624007525
20,"gauss","alt",15,"fl_999",500,0,0,0,0.0622222222222222,0.00888888888888889,0.0406666666666667,0.001,4.48817624007525
20,"gauss","alt",15,"fl_9999",500,0,1,0.02,0.06,0.00888888888888889,0.0401,1e-04,4.48817624007525
20,"gauss","alt",15,"pvw_199",500,0,0,0,0.0666666666666667,0.0111111111111111,0.0656020657286013,0.000743320781521704,4.48817624007525
20,"gauss","alt",15,"pvt_199",500,0.25,12,0.18,0.0955555555555556,0.0266666666666667,0.0793038549507458,4.78531835306411e-07,4.48817624007525
20,"gauss","alt",15,"mm_199",500,0.111111111111111,9,0.16,0.0644444444444444,0.0133333333333333,0.104444444444444,3.37476997442592e-07,4.48817624007525
20,"gauss","alt",15,"pvw_999",500,0,0,0,0.0622222222222222,0.00888888888888889,0.069316513254804,0.000911031504814152,4.48817624007525
20,"gauss","alt",15,"pvt_999",500,0.1,10,0.18,0.0977777777777778,0.0288888888888889,0.085860347819264,4.37117420762973e-07,4.48817624007525
20,"gauss","alt",15,"mm_999",500,0,1,0.02,0.0555555555555556,0.00888888888888889,0.22,4.45445243164957e-06,4.48817624007525
40,"gauss","alt",1,"ols",500,0.142857142857143,7,0.12,0.0555555555555556,0.0155555555555556,0.0238851716609935,2.79731100597366e-05,3.70783786822532
40,"gauss","alt",1,"modt",500,0.111111111111111,9,0.16,0.06,0.0133333333333333,0.0211199855131994,3.49256613746484e-05,3.70783786822532
40,"gauss","alt",1,"fl_199",500,0,0,0,0.0511111111111111,0.00666666666666667,0.0272222222222221,0.005,3.70783786822532
40,"gauss","alt",1,"fl_999",500,0.1,10,0.18,0.0555555555555556,0.0133333333333333,0.0236666666666667,0.001,3.70783786822532
40,"gauss","alt",1,"fl_9999",500,0.125,8,0.14,0.0533333333333333,0.0133333333333333,0.0219444444444445,1e-04,3.70783786822532
40,"gauss","alt",1,"pvw_199",500,0.142857142857143,7,0.12,0.0577777777777778,0.0133333333333333,0.0319689388720327,6.25937525624883e-05,3.70783786822532
40,"gauss","alt",1,"pvt_199",500,0.19047619047619,21,0.34,0.0666666666666667,0.0155555555555556,0.0402242252403935,9.61612184319461e-07,3.70783786822532
40,"gauss","alt",1,"mm_199",500,0.176470588235294,17,0.28,0.06,0.0155555555555556,0.0954519053009657,1.35997655191573e-07,3.70783786822532
40,"gauss","alt",1,"pvw_999",500,0.142857142857143,7,0.12,0.0577777777777778,0.0111111111111111,0.0289722053273775,0.000135132861986259,3.70783786822532
40,"gauss","alt",1,"pvt_999",500,0.238095238095238,21,0.32,0.0755555555555556,0.0222222222222222,0.0414006749913639,1.42349560818081e-06,3.70783786822532
40,"gauss","alt",1,"mm_999",500,0.1,10,0.18,0.0533333333333333,0.0133333333333333,0.14,2.17804428185178e-06,3.70783786822532
40,"gauss","alt",2,"ols",500,0,13,0.26,0.0377777777777778,0.00666666666666667,0.0737018331899374,2.240084556957e-06,3.75866284150236
40,"gauss","alt",2,"modt",500,0,13,0.26,0.0355555555555556,0.00888888888888889,0.0730878273471706,1.89986778600689e-06,3.75866284150236
40,"gauss","alt",2,"fl_199",500,0,0,0,0.0333333333333333,0.00222222222222222,0.085,0.005,3.75866284150236
40,"gauss","alt",2,"fl_999",500,0,11,0.22,0.0377777777777778,0.00888888888888889,0.0754444444444445,0.001,3.75866284150236
40,"gauss","alt",2,"fl_9999",500,0,11,0.22,0.04,0.00888888888888889,0.0747222222222222,1e-04,3.75866284150236
40,"gauss","alt",2,"pvw_199",500,0,11,0.22,0.0377777777777778,0.00666666666666667,0.0678362832699035,4.10715595216619e-05,3.75866284150236
40,"gauss","alt",2,"pvt_199",500,0.0454545454545455,22,0.42,0.0444444444444444,0.0155555555555556,0.0635380781850522,7.6522514469887e-08,3.75866284150236
40,"gauss","alt",2,"mm_199",500,0,15,0.3,0.0355555555555556,0.00888888888888889,0.106666666666667,2.4642957845069e-10,3.75866284150236
40,"gauss","alt",2,"pvw_999",500,0,11,0.22,0.0377777777777778,0.00888888888888889,0.0636701146233474,2.2162382644175e-05,3.75866284150236
40,"gauss","alt",2,"pvt_999",500,0.0588235294117647,17,0.32,0.0466666666666667,0.0177777777777778,0.0607157935684396,9.71793766320183e-09,3.75866284150236
40,"gauss","alt",2,"mm_999",500,0,12,0.24,0.0377777777777778,0.0133333333333333,0.166666666666667,3.47098327088719e-08,3.75866284150236
40,"gauss","alt",3,"ols",500,0,9,0.18,0.0444444444444444,0.00666666666666667,0.0385139691910783,6.73222369536317e-07,3.68320399600961
40,"gauss","alt",3,"modt",500,0,12,0.24,0.0444444444444444,0.00888888888888889,0.0336821671446833,7.98301747704218e-07,3.68320399600961
40,"gauss","alt",3,"fl_199",500,0,0,0,0.0444444444444444,0.00222222222222222,0.0311111111111111,0.005,3.68320399600961
40,"gauss","alt",3,"fl_999",500,0,0,0,0.0444444444444444,0.00888888888888889,0.0372222222222222,0.001,3.68320399600961
40,"gauss","alt",3,"fl_9999",500,0,7,0.14,0.0444444444444444,0.00666666666666667,0.0383777777777777,1e-04,3.68320399600961
40,"gauss","alt",3,"pvw_199",500,0,5,0.1,0.0466666666666667,0.00666666666666667,0.0437850324372038,2.04120154507279e-05,3.68320399600961
40,"gauss","alt",3,"pvt_199",500,0.0869565217391304,23,0.42,0.0644444444444444,0.0155555555555556,0.0480512641095071,1.41392197270995e-09,3.68320399600961
40,"gauss","alt",3,"mm_199",500,0.105263157894737,19,0.34,0.0511111111111111,0.0133333333333333,0.0866666666666667,1.38323097858823e-08,3.68320399600961
40,"gauss","alt",3,"pvw_999",500,0,3,0.06,0.0466666666666667,0.00666666666666667,0.0485067917228987,9.65974277040757e-06,3.68320399600961
40,"gauss","alt",3,"pvt_999",500,0.136363636363636,22,0.38,0.0666666666666667,0.0177777777777778,0.0573210273112128,9.93198497522713e-10,3.68320399600961
40,"gauss","alt",3,"mm_999",500,0.0769230769230769,13,0.24,0.0422222222222222,0.00888888888888889,0.144444444444444,5.70697403308962e-09,3.68320399600961
40,"gauss","alt",4,"ols",500,0,14,0.28,0.0466666666666667,0.00666666666666667,0.0433186150505566,7.88383820924356e-07,4.00202182156928
40,"gauss","alt",4,"modt",500,0,13,0.26,0.0422222222222222,0.00666666666666667,0.0392018489249588,2.88003371910674e-06,4.00202182156928
40,"gauss","alt",4,"fl_199",500,0,0,0,0.04,0.00444444444444444,0.0505555555555556,0.005,4.00202182156928
40,"gauss","alt",4,"fl_999",500,0,10,0.2,0.0444444444444444,0.00666666666666667,0.0424444444444444,0.001,4.00202182156928
40,"gauss","alt",4,"fl_9999",500,0,13,0.26,0.0466666666666667,0.00666666666666667,0.0420999999999999,1e-04,4.00202182156928
40,"gauss","alt",4,"pvw_199",500,0,12,0.24,0.0444444444444444,0.00888888888888889,0.0337937570002012,6.46882100029518e-06,4.00202182156928
40,"gauss","alt",4,"pvt_199",500,0.0476190476190476,21,0.4,0.0533333333333333,0.0111111111111111,0.0363089565681577,4.60279783768055e-10,4.00202182156928
40,"gauss","alt",4,"mm_199",500,0.05,20,0.38,0.0488888888888889,0.0111111111111111,0.104444444444444,3.11509067523471e-08,4.00202182156928
40,"gauss","alt",4,"pvw_999",500,0,12,0.24,0.0466666666666667,0.00666666666666667,0.0326557460413793,6.46490655731965e-06,4.00202182156928
40,"gauss","alt",4,"pvt_999",500,0.0454545454545455,22,0.42,0.0555555555555556,0.0155555555555556,0.0389941962595599,2.35291628781417e-10,4.00202182156928
40,"gauss","alt",4,"mm_999",500,0,16,0.32,0.0444444444444444,0.00888888888888889,0.162222222222222,3.06818582473466e-09,4.00202182156928
40,"gauss","alt",5,"ols",500,0,11,0.22,0.0311111111111111,0.00222222222222222,0.0383979226527629,2.46880337927433e-05,4.3200859189902
40,"gauss","alt",5,"modt",500,0,12,0.24,0.0333333333333333,0.00222222222222222,0.031985303973143,8.39543663696185e-06,4.3200859189902
40,"gauss","alt",5,"fl_199",500,0,0,0,0.0244444444444444,0.00222222222222222,0.0372222222222222,0.005,4.3200859189902
40,"gauss","alt",5,"fl_999",500,0,0,0,0.0311111111111111,0.00222222222222222,0.0365555555555555,0.001,4.3200859189902
40,"gauss","alt",5,"fl_9999",500,0,11,0.22,0.0288888888888889,0.00222222222222222,0.0383555555555556,1e-04,4.3200859189902
40,"gauss","alt",5,"pvw_199",500,0,8,0.16,0.0311111111111111,0.00222222222222222,0.03448569667286,0.000160155576696344,4.3200859189902
40,"gauss","alt",5,"pvt_199",500,0.0588235294117647,17,0.32,0.04,0.00222222222222222,0.0433367638393594,2.14636347402546e-06,4.3200859189902
40,"gauss","alt",5,"mm_199",500,0,10,0.2,0.0311111111111111,0.00222222222222222,0.0733333333333334,1.43159551458618e-07,4.3200859189902
40,"gauss","alt",5,"pvw_999",500,0,7,0.14,0.0288888888888889,0.00222222222222222,0.0378925070457748,0.000113745493542759,4.3200859189902
40,"gauss","alt",5,"pvt_999",500,0.0625,16,0.3,0.0444444444444444,0.00888888888888889,0.0426703538933762,9.24602156124828e-07,4.3200859189902
40,"gauss","alt",5,"mm_999",500,0.0833333333333333,12,0.22,0.0288888888888889,0.00222222222222222,0.14,1.02142689708683e-06,4.3200859189902
40,"gauss","alt",6,"ols",500,0,11,0.22,0.0577777777777778,0.00666666666666667,0.0497703634643167,9.97034895389185e-08,3.91654019427784
40,"gauss","alt",6,"modt",500,0.0833333333333333,12,0.22,0.0555555555555556,0.0111111111111111,0.0461875712690924,3.88527878368378e-08,3.91654019427784
40,"gauss","alt",6,"fl_199",500,0,0,0,0.0511111111111111,0.00222222222222222,0.0438888888888889,0.005,3.91654019427784
40,"gauss","alt",6,"fl_999",500,0,0,0,0.0533333333333333,0.00888888888888889,0.0488888888888889,0.001,3.91654019427784
40,"gauss","alt",6,"fl_9999",500,0,9,0.18,0.0577777777777778,0.00888888888888889,0.0473555555555555,1e-04,3.91654019427784
40,"gauss","alt",6,"pvw_199",500,0,11,0.22,0.06,0.00666666666666667,0.0600864457585209,5.05522109981209e-06,3.91654019427784
40,"gauss","alt",6,"pvt_199",500,0.0869565217391304,23,0.42,0.0666666666666667,0.0177777777777778,0.0690127183011928,5.43982047469701e-12,3.91654019427784
40,"gauss","alt",6,"mm_199",500,0.0476190476190476,21,0.4,0.06,0.0111111111111111,0.08,1.74756117345825e-09,3.91654019427784
40,"gauss","alt",6,"pvw_999",500,0,7,0.14,0.0577777777777778,0.00888888888888889,0.0611463602991191,9.00662575205563e-06,3.91654019427784
40,"gauss","alt",6,"pvt_999",500,0.136363636363636,22,0.38,0.0688888888888889,0.02,0.0689386781792203,5.70535045285609e-11,3.91654019427784
40,"gauss","alt",6,"mm_999",500,0,10,0.2,0.0577777777777778,0.0133333333333333,0.104444444444444,1.44333887125366e-08,3.91654019427784
40,"gauss","alt",7,"ols",500,0.1,20,0.36,0.0377777777777778,0.0155555555555556,0.039793166508209,2.13817647586836e-07,4.11771804375157
40,"gauss","alt",7,"modt",500,0.0869565217391304,23,0.42,0.04,0.0133333333333333,0.0428872701721495,1.10206839541107e-07,4.11771804375157
40,"gauss","alt",7,"fl_199",500,0,0,0,0.0311111111111111,0.0111111111111111,0.035,0.005,4.11771804375157
40,"gauss","alt",7,"fl_999",500,0,13,0.26,0.0377777777777778,0.00888888888888889,0.0418888888888889,0.001,4.11771804375157
40,"gauss","alt",7,"fl_9999",500,0.0952380952380952,21,0.38,0.0377777777777778,0.00888888888888889,0.0418,1e-04,4.11771804375157
40,"gauss","alt",7,"pvw_199",500,0.1,20,0.36,0.0422222222222222,0.0133333333333333,0.0527752660349864,1.23681587602724e-06,4.11771804375157
40,"gauss","alt",7,"pvt_199",500,0.166666666666667,30,0.5,0.0466666666666667,0.0177777777777778,0.0559508362139416,8.35834062620121e-12,4.11771804375157
40,"gauss","alt",7,"mm_199",500,0.172413793103448,29,0.48,0.04,0.0155555555555556,0.0890072131431944,1.36482964203712e-13,4.11771804375157
40,"gauss","alt",7,"pvw_999",500,0.0555555555555556,18,0.34,0.0377777777777778,0.00888888888888889,0.0536840921092684,9.951015199929e-06,4.11771804375157
40,"gauss","alt",7,"pvt_999",500,0.133333333333333,30,0.52,0.0511111111111111,0.02,0.0587229763358128,5.42366759658555e-11,4.11771804375157
40,"gauss","alt",7,"mm_999",500,0.0909090909090909,22,0.4,0.0377777777777778,0.0111111111111111,0.102222222222222,8.831208907443e-11,4.11771804375157
40,"gauss","alt",8,"ols",500,0.136363636363636,22,0.38,0.0644444444444444,0.0111111111111111,0.0493676012916485,8.73852687284323e-06,4.0016429667476
40,"gauss","alt",8,"modt",500,0.0952380952380952,21,0.38,0.06,0.0133333333333333,0.0546614693011768,3.81511436998693e-06,4.0016429667476
40,"gauss","alt",8,"fl_199",500,0,0,0,0.0688888888888889,0.00666666666666667,0.0466666666666667,0.005,4.0016429667476
40,"gauss","alt",8,"fl_999",500,0.0714285714285714,14,0.26,0.0666666666666667,0.00666666666666667,0.051,0.001,4.0016429667476
40,"gauss","alt",8,"fl_9999",500,0.136363636363636,22,0.38,0.0644444444444444,0.0111111111111111,0.0478444444444445,1e-04,4.0016429667476
40,"gauss","alt",8,"pvw_199",500,0.1,20,0.36,0.0777777777777778,0.0111111111111111,0.0617144474267052,3.35116057902555e-05,4.0016429667476
40,"gauss","alt",8,"pvt_199",500,0.107142857142857,28,0.5,0.0866666666666667,0.0288888888888889,0.0686813006693918,6.0925672962634e-08,4.0016429667476
40,"gauss","alt",8,"mm_199",500,0.115384615384615,26,0.46,0.0733333333333333,0.0177777777777778,0.089704723975449,1.95801378146247e-07,4.0016429667476
40,"gauss","alt",8,"pvw_999",500,0.111111111111111,18,0.32,0.0711111111111111,0.00888888888888889,0.0624599581947201,4.98483825291233e-05,4.0016429667476
40,"gauss","alt",8,"pvt_999",500,0.129032258064516,31,0.54,0.0866666666666667,0.0244444444444444,0.0714056670733181,5.70711739181128e-08,4.0016429667476
40,"gauss","alt",8,"mm_999",500,0.1,20,0.36,0.0711111111111111,0.00888888888888889,0.135555555555556,9.59833085124932e-08,4.0016429667476
40,"gauss","alt",9,"ols",500,0.0714285714285714,28,0.52,0.0466666666666667,0.00888888888888889,0.029906173104951,9.98843434028381e-06,3.93209284066328
40,"gauss","alt",9,"modt",500,0.0689655172413793,29,0.54,0.0511111111111111,0.00444444444444444,0.0274090075200496,1.20273784366213e-05,3.93209284066328
40,"gauss","alt",9,"fl_199",500,0,0,0,0.0444444444444444,0,0.0266666666666667,0.005,3.93209284066328
40,"gauss","alt",9,"fl_999",500,0.04,25,0.48,0.0511111111111111,0.00444444444444444,0.0231111111111112,0.001,3.93209284066328
40,"gauss","alt",9,"fl_9999",500,0.0384615384615385,26,0.5,0.0488888888888889,0.00888888888888889,0.0302888888888889,1e-04,3.93209284066328
40,"gauss","alt",9,"pvw_199",500,0,24,0.48,0.0644444444444444,0.00666666666666667,0.0347799453140438,5.19126290684133e-05,3.93209284066328
40,"gauss","alt",9,"pvt_199",500,0.0645161290322581,31,0.58,0.0666666666666667,0.0133333333333333,0.0439417701911883,6.40827210011572e-08,3.93209284066328
40,"gauss","alt",9,"mm_199",500,0.0344827586206897,29,0.56,0.0555555555555556,0.00666666666666667,0.0860705258810778,5.45763810988066e-07,3.93209284066328
40,"gauss","alt",9,"pvw_999",500,0,24,0.48,0.0511111111111111,0.00666666666666667,0.0361283865406161,6.0982730921258e-05,3.93209284066328
40,"gauss","alt",9,"pvt_999",500,0.0909090909090909,33,0.6,0.0644444444444444,0.0133333333333333,0.043218335250534,7.44265691162344e-08,3.93209284066328
40,"gauss","alt",9,"mm_999",500,0.04,25,0.48,0.0466666666666667,0.00888888888888889,0.104444444444444,2.58338912552267e-07,3.93209284066328
40,"gauss","alt",10,"ols",500,0,22,0.44,0.0377777777777778,0.00666666666666667,0.0336787210600136,1.25166784587015e-06,4.29646122505418
40,"gauss","alt",10,"modt",500,0,21,0.42,0.04,0.00888888888888889,0.0340967804066264,1.15777540807869e-05,4.29646122505418
40,"gauss","alt",10,"fl_199",500,0,0,0,0.0355555555555556,0.00444444444444444,0.0266666666666667,0.005,4.29646122505418
40,"gauss","alt",10,"fl_999",500,0,11,0.22,0.0377777777777778,0.00888888888888889,0.0336666666666667,0.001,4.29646122505418
40,"gauss","alt",10,"fl_9999",500,0,17,0.34,0.0377777777777778,0.00444444444444444,0.0343666666666668,1e-04,4.29646122505418
40,"gauss","alt",10,"pvw_199",500,0,14,0.28,0.0422222222222222,0.00888888888888889,0.0444384732091097,1.12651077418314e-05,4.29646122505418
40,"gauss","alt",10,"pvt_199",500,0.0714285714285714,28,0.52,0.0511111111111111,0.0155555555555556,0.049043655215507,1.58436183865539e-09,4.29646122505418
40,"gauss","alt",10,"mm_199",500,0.0833333333333333,24,0.44,0.04,0.0155555555555556,0.0829617880147929,7.33526833063532e-08,4.29646122505418
40,"gauss","alt",10,"pvw_999",500,0,15,0.3,0.0377777777777778,0.00444444444444444,0.0436397210795202,1.96276060718976e-05,4.29646122505418
40,"gauss","alt",10,"pvt_999",500,0.0689655172413793,29,0.54,0.0488888888888889,0.0133333333333333,0.0486861038240576,1.15236612152929e-09,4.29646122505418
40,"gauss","alt",10,"mm_999",500,0,22,0.44,0.0377777777777778,0.00444444444444444,0.148888888888889,8.48279027194829e-08,4.29646122505418
40,"gauss","alt",11,"ols",500,0,13,0.26,0.0333333333333333,0.00888888888888889,0.0296878193648372,1.38170973816303e-06,4.08142927876958
40,"gauss","alt",11,"modt",500,0,15,0.3,0.0333333333333333,0.00888888888888889,0.0282880225582053,8.54071538907778e-07,4.08142927876958
40,"gauss","alt",11,"fl_199",500,0,0,0,0.0355555555555556,0.00222222222222222,0.0316666666666666,0.005,4.08142927876958
40,"gauss","alt",11,"fl_999",500,0,10,0.2,0.0311111111111111,0.00666666666666667,0.0321111111111111,0.001,4.08142927876958
40,"gauss","alt",11,"fl_9999",500,0,13,0.26,0.0311111111111111,0.00888888888888889,0.0275666666666666,1e-04,4.08142927876958
40,"gauss","alt",11,"pvw_199",500,0,12,0.24,0.04,0.0111111111111111,0.0318685603084278,5.49063060430813e-06,4.08142927876958
40,"gauss","alt",11,"pvt_199",500,0,17,0.34,0.0488888888888889,0.0111111111111111,0.0318950234333261,4.83845746531631e-10,4.08142927876958
40,"gauss","alt",11,"mm_199",500,0,14,0.28,0.04,0.00888888888888889,0.0911111111111111,9.57060380683812e-09,4.08142927876958
40,"gauss","alt",11,"pvw_999",500,0,6,0.12,0.0311111111111111,0.00888888888888889,0.0287850151046696,1.42932868980336e-05,4.08142927876958
40,"gauss","alt",11,"pvt_999",500,0.105263157894737,19,0.34,0.0444444444444444,0.0133333333333333,0.0288224875112265,1.85884711447987e-09,4.08142927876958
40,"gauss","alt",11,"mm_999",500,0,13,0.26,0.0311111111111111,0.00888888888888889,0.131111111111111,2.88021790455896e-08,4.08142927876958
40,"gauss","alt",12,"ols",500,0.157894736842105,19,0.32,0.0533333333333333,0.02,0.0350632815608951,3.24618662372309e-06,4.19857558419105
40,"gauss","alt",12,"modt",500,0.1,20,0.36,0.0533333333333333,0.0177777777777778,0.036564098331792,1.68130675443773e-06,4.19857558419105
40,"gauss","alt",12,"fl_199",500,0,0,0,0.0466666666666667,0.00888888888888889,0.0333333333333333,0.005,4.19857558419105
40,"gauss","alt",12,"fl_999",500,0.0833333333333333,12,0.22,0.0555555555555556,0.0155555555555556,0.0345555555555555,0.001,4.19857558419105
40,"gauss","alt",12,"fl_9999",500,0.111111111111111,18,0.32,0.0533333333333333,0.02,0.0336000000000001,1e-04,4.19857558419105
40,"gauss","alt",12,"pvw_199",500,0.157894736842105,19,0.32,0.0555555555555556,0.02,0.0478550234320417,2.79606505233236e-05,4.19857558419105
40,"gauss","alt",12,"pvt_199",500,0.233333333333333,30,0.46,0.0622222222222222,0.0222222222222222,0.0477702466412271,1.33135162036687e-08,4.19857558419105
40,"gauss","alt",12,"mm_199",500,0.136363636363636,22,0.38,0.0488888888888889,0.0222222222222222,0.0822222222222222,1.66089647534001e-08,4.19857558419105
40,"gauss","alt",12,"pvw_999",500,0.125,8,0.14,0.0533333333333333,0.02,0.0465232871972357,3.75135761096062e-05,4.19857558419105
40,"gauss","alt",12,"pvt_999",500,0.166666666666667,30,0.5,0.0622222222222222,0.0244444444444444,0.0483720154882025,2.51419137618791e-08,4.19857558419105
40,"gauss","alt",12,"mm_999",500,0.15,20,0.34,0.0533333333333333,0.02,0.124444444444444,4.93426660713656e-06,4.19857558419105
40,"gauss","alt",13,"ols",500,0,5,0.1,0.04,0.0111111111111111,0.0399180933419452,1.54316199213191e-05,4.12197629674256
40,"gauss","alt",13,"modt",500,0,4,0.08,0.0466666666666667,0.00888888888888889,0.0382863438832537,1.57649835681341e-05,4.12197629674256
40,"gauss","alt",13,"fl_199",500,0,0,0,0.0422222222222222,0.00222222222222222,0.0477777777777778,0.005,4.12197629674256
40,"gauss","alt",13,"fl_999",500,0,0,0,0.0377777777777778,0.00666666666666667,0.0434444444444444,0.001,4.12197629674256
40,"gauss","alt",13,"fl_9999",500,0,4,0.08,0.0422222222222222,0.0111111111111111,0.0395777777777778,1e-04,4.12197629674256
40,"gauss","alt",13,"pvw_199",500,0,2,0.04,0.0444444444444444,0.00666666666666667,0.0370740736628332,6.81263799483735e-05,4.12197629674256
40,"gauss","alt",13,"pvt_199",500,0.0769230769230769,13,0.24,0.0577777777777778,0.0133333333333333,0.042327804358421,1.30301016167306e-07,4.12197629674256
40,"gauss","alt",13,"mm_199",500,0.1,10,0.18,0.0444444444444444,0.0133333333333333,0.0866666666666667,7.83190561424295e-08,4.12197629674256
40,"gauss","alt",13,"pvw_999",500,0,3,0.06,0.0444444444444444,0.00888888888888889,0.0417653388101784,7.12118850960963e-05,4.12197629674256
40,"gauss","alt",13,"pvt_999",500,0.0666666666666667,15,0.28,0.0555555555555556,0.0111111111111111,0.0419200594683318,3.00123628573976e-07,4.12197629674256
40,"gauss","alt",13,"mm_999",500,0.142857142857143,7,0.12,0.0422222222222222,0.0111111111111111,0.142222222222222,2.47094319116287e-06,4.12197629674256
40,"gauss","alt",14,"ols",500,0,4,0.08,0.0488888888888889,0.00222222222222222,0.0245407763131043,6.06491298315885e-05,4.14781954712564
40,"gauss","alt",14,"modt",500,0,3,0.06,0.0511111111111111,0.00222222222222222,0.0241523509734478,6.47828399745323e-05,4.14781954712564
40,"gauss","alt",14,"fl_199",500,0,0,0,0.04,0.00444444444444444,0.0266666666666667,0.005,4.14781954712564
40,"gauss","alt",14,"fl_999",500,0,0,0,0.0533333333333333,0.00444444444444444,0.0286666666666666,0.001,4.14781954712564
40,"gauss","alt",14,"fl_9999",500,0,4,0.08,0.0466666666666667,0.00222222222222222,0.0226222222222222,1e-04,4.14781954712564
40,"gauss","alt",14,"pvw_199",500,0,4,0.08,0.0533333333333333,0.00666666666666667,0.0358758360244059,5.57311730193248e-05,4.14781954712564
40,"gauss","alt",14,"pvt_199",500,0.0833333333333333,12,0.22,0.0644444444444444,0.0111111111111111,0.0440353976583317,4.23417658732635e-07,4.14781954712564
40,"gauss","alt",14,"mm_199",500,0.111111111111111,9,0.16,0.0533333333333333,0.0111111111111111,0.08,2.49377945003373e-06,4.14781954712564
40,"gauss","alt",14,"pvw_999",500,0,3,0.06,0.0533333333333333,0.00222222222222222,0.0291067527006156,0.000154655517920312,4.14781954712564
40,"gauss","alt",14,"pvt_999",500,0.111111111111111,9,0.16,0.06,0.00888888888888889,0.0381397749200694,3.66439864169688e-06,4.14781954712564
40,"gauss","alt",14,"mm_999",500,0,2,0.04,0.0511111111111111,0.00222222222222222,0.148888888888889,1.43474460330598e-05,4.14781954712564
40,"gauss","alt",15,"ols",500,0,19,0.38,0.0577777777777778,0.0111111111111111,0.0371896078265402,1.66770831284227e-06,4.56839450659422
40,"gauss","alt",15,"modt",500,0,19,0.38,0.0533333333333333,0.0111111111111111,0.0376784461751293,1.14502755532755e-06,4.56839450659422
40,"gauss","alt",15,"fl_199",500,0,0,0,0.0488888888888889,0,0.0355555555555556,0.005,4.56839450659422
40,"gauss","alt",15,"fl_999",500,0,15,0.3,0.0511111111111111,0.00666666666666667,0.0363333333333333,0.001,4.56839450659422
40,"gauss","alt",15,"fl_9999",500,0,18,0.36,0.0555555555555556,0.00888888888888889,0.0380444444444444,1e-04,4.56839450659422
40,"gauss","alt",15,"pvw_199",500,0,18,0.36,0.0555555555555556,0.0111111111111111,0.046695218473727,3.63237394899603e-05,4.56839450659422
40,"gauss","alt",15,"pvt_199",500,0.103448275862069,29,0.52,0.0755555555555556,0.0133333333333333,0.0463022843217184,3.15300805129033e-08,4.56839450659422
40,"gauss","alt",15,"mm_199",500,0,21,0.42,0.0511111111111111,0.0111111111111111,0.0851027400063787,1.48259531326859e-07,4.56839450659422
40,"gauss","alt",15,"pvw_999",500,0,17,0.34,0.0555555555555556,0.00888888888888889,0.0434800457811721,2.50936407844607e-05,4.56839450659422
40,"gauss","alt",15,"pvt_999",500,0.08,25,0.46,0.0711111111111111,0.0133333333333333,0.0457220448280455,3.39651934329341e-09,4.56839450659422
40,"gauss","alt",15,"mm_999",500,0,16,0.32,0.0533333333333333,0.00888888888888889,0.126666666666667,1.4514841972797e-08,4.56839450659422
100,"gauss","alt",1,"ols",500,0.0588235294117647,51,0.96,0.0466666666666667,0.0111111111111111,0.046386445475573,8.18233409067743e-10,4.36919716279963
100,"gauss","alt",1,"modt",500,0.06,50,0.94,0.0444444444444444,0.0133333333333333,0.0443675608699513,5.51322668577168e-10,4.36919716279963
100,"gauss","alt",1,"fl_199",500,0,0,0,0.0444444444444444,0.00666666666666667,0.0455555555555556,0.005,4.36919716279963
100,"gauss","alt",1,"fl_999",500,0.0784313725490196,51,0.94,0.0422222222222222,0.0111111111111111,0.0446666666666666,0.001,4.36919716279963
100,"gauss","alt",1,"fl_9999",500,0.06,50,0.94,0.0466666666666667,0.0111111111111111,0.0429111111111111,1e-04,4.36919716279963
100,"gauss","alt",1,"pvw_199",500,0.06,50,0.94,0.0533333333333333,0.0133333333333333,0.0542393157366582,1.52032408531421e-09,4.36919716279963
100,"gauss","alt",1,"pvt_199",500,0.0769230769230769,52,0.96,0.0555555555555556,0.0155555555555556,0.0543513219291594,9.3378781101016e-14,4.36919716279963
100,"gauss","alt",1,"mm_199",500,0.0754716981132075,53,0.98,0.0533333333333333,0.0133333333333333,0.0837086674418464,3.32502151828702e-15,4.36919716279963
100,"gauss","alt",1,"pvw_999",500,0.0408163265306122,49,0.94,0.0488888888888889,0.0133333333333333,0.0484376864511389,1.2106950249479e-08,4.36919716279963
100,"gauss","alt",1,"pvt_999",500,0.0943396226415094,53,0.96,0.0555555555555556,0.0133333333333333,0.049562801630549,1.06422488349619e-11,4.36919716279963
100,"gauss","alt",1,"mm_999",500,0.0961538461538462,52,0.94,0.0444444444444444,0.0111111111111111,0.0666666666666667,1.84225143763548e-10,4.36919716279963
100,"gauss","alt",2,"ols",500,0.08,50,0.92,0.06,0.0133333333333333,0.0468960973907442,1.33876927229427e-09,3.65705247811292
100,"gauss","alt",2,"modt",500,0.08,50,0.92,0.0577777777777778,0.0155555555555556,0.0469311582502373,8.73999816612173e-10,3.65705247811292
100,"gauss","alt",2,"fl_199",500,0,0,0,0.0622222222222222,0.00666666666666667,0.0505555555555556,0.005,3.65705247811292
100,"gauss","alt",2,"fl_999",500,0.1,50,0.9,0.06,0.0133333333333333,0.0492222222222222,0.001,3.65705247811292
100,"gauss","alt",2,"fl_9999",500,0.0784313725490196,51,0.94,0.0577777777777778,0.0133333333333333,0.0500111111111111,1e-04,3.65705247811292
100,"gauss","alt",2,"pvw_199",500,0.08,50,0.92,0.0577777777777778,0.0155555555555556,0.0384252760330003,1.71025875292057e-08,3.65705247811292
100,"gauss","alt",2,"pvt_199",500,0.0784313725490196,51,0.94,0.0666666666666667,0.0177777777777778,0.0384747749235138,8.33827889497522e-11,3.65705247811292
100,"gauss","alt",2,"mm_199",500,0.113207547169811,53,0.94,0.06,0.0177777777777778,0.0974188578044589,1.37427815812013e-16,3.65705247811292
100,"gauss","alt",2,"pvw_999",500,0.08,50,0.92,0.0577777777777778,0.0133333333333333,0.0430507002234391,1.88733977041433e-08,3.65705247811292
100,"gauss","alt",2,"pvt_999",500,0.0784313725490196,51,0.94,0.06,0.0155555555555556,0.0416994862413764,1.96265663042628e-11,3.65705247811292
100,"gauss","alt",2,"mm_999",500,0.0980392156862745,51,0.92,0.0555555555555556,0.0155555555555556,0.0911111111111111,8.09098467121929e-11,3.65705247811292
100,"gauss","alt",3,"ols",500,0.115384615384615,52,0.92,0.04,0.0133333333333333,0.0409252062548447,1.75136596812406e-10,3.84841087016751
100,"gauss","alt",3,"modt",500,0.0980392156862745,51,0.92,0.04,0.0133333333333333,0.0421456843523838,9.84502596480467e-11,3.84841087016751
100,"gauss","alt",3,"fl_199",500,0.06,50,0.94,0.0355555555555556,0.00666666666666667,0.0427777777777778,0.005,3.84841087016751
100,"gauss","alt",3,"fl_999",500,0.115384615384615,52,0.92,0.04,0.0133333333333333,0.044,0.001,3.84841087016751
100,"gauss","alt",3,"fl_9999",500,0.0980392156862745,51,0.92,0.04,0.0133333333333333,0.0402888888888889,1e-04,3.84841087016751
100,"gauss","alt",3,"pvw_199",500,0.0980392156862745,51,0.92,0.04,0.0155555555555556,0.034543777856926,1.84623479158812e-09,3.84841087016751
100,"gauss","alt",3,"pvt_199",500,0.115384615384615,52,0.92,0.0466666666666667,0.0155555555555556,0.0334354192175409,8.97543557977203e-13,3.84841087016751
100,"gauss","alt",3,"mm_199",500,0.06,50,0.94,0.04,0.0133333333333333,0.0974758775750388,1.73402202677619e-17,3.84841087016751
100,"gauss","alt",3,"pvw_999",500,0.08,50,0.92,0.0444444444444444,0.0133333333333333,0.0345945521332918,3.2822759493064e-09,3.84841087016751
100,"gauss","alt",3,"pvt_999",500,0.115384615384615,52,0.92,0.0444444444444444,0.0133333333333333,0.0343187632812921,5.01567921900323e-13,3.84841087016751
100,"gauss","alt",3,"mm_999",500,0.0980392156862745,51,0.92,0.04,0.0133333333333333,0.12,6.58593161296943e-13,3.84841087016751
100,"gauss","alt",4,"ols",500,0.0208333333333333,48,0.94,0.0555555555555556,0.00888888888888889,0.0341445787877593,1.98468954959574e-09,3.67904338371193
100,"gauss","alt",4,"modt",500,0.0208333333333333,48,0.94,0.0555555555555556,0.00888888888888889,0.028591905392397,1.79924171841979e-09,3.67904338371193
100,"gauss","alt",4,"fl_199",500,0,0,0,0.0511111111111111,0.00222222222222222,0.0338888888888889,0.005,3.67904338371193
100,"gauss","alt",4,"fl_999",500,0.0212765957446809,47,0.92,0.06,0.00444444444444444,0.0315555555555556,0.001,3.67904338371193
100,"gauss","alt",4,"fl_9999",500,0.0208333333333333,48,0.94,0.06,0.00666666666666667,0.0292666666666667,1e-04,3.67904338371193
100,"gauss","alt",4,"pvw_199",500,0,46,0.92,0.0622222222222222,0.00888888888888889,0.0308590108265755,1.27998424897384e-08,3.67904338371193
100,"gauss","alt",4,"pvt_199",500,0.0588235294117647,51,0.96,0.0622222222222222,0.00888888888888889,0.0330558217232789,6.00306041217445e-12,3.67904338371193
100,"gauss","alt",4,"mm_199",500,0.0612244897959184,49,0.92,0.0577777777777778,0.0111111111111111,0.0830436757864655,9.99830257695715e-14,3.67904338371193
100,"gauss","alt",4,"pvw_999",500,0.0212765957446809,47,0.92,0.0644444444444444,0.0111111111111111,0.0314027055017344,9.67366275446637e-09,3.67904338371193
100,"gauss","alt",4,"pvt_999",500,0.04,50,0.96,0.0688888888888889,0.0133333333333333,0.0353050159038592,1.49291314107408e-11,3.67904338371193
100,"gauss","alt",4,"mm_999",500,0.0408163265306122,49,0.94,0.0622222222222222,0.0111111111111111,0.104444444444444,2.53663901675184e-10,3.67904338371193
100,"gauss","alt",5,"ols",500,0.109090909090909,55,0.98,0.0577777777777778,0.0155555555555556,0.0294875614907121,1.98594992680468e-09,4.22141238238089
100,"gauss","alt",5,"modt",500,0.109090909090909,55,0.98,0.0577777777777778,0.0155555555555556,0.0292320722875601,1.66956418150279e-09,4.22141238238089
100,"gauss","alt",5,"fl_199",500,0.0943396226415094,53,0.96,0.0444444444444444,0.0111111111111111,0.025,0.005,4.22141238238089
100,"gauss","alt",5,"fl_999",500,0.109090909090909,55,0.98,0.06,0.0155555555555556,0.0275555555555556,0.001,4.22141238238089
100,"gauss","alt",5,"fl_9999",500,0.109090909090909,55,0.98,0.06,0.0155555555555556,0.0303777777777778,1e-04,4.22141238238089
100,"gauss","alt",5,"pvw_199",500,0.111111111111111,54,0.96,0.0622222222222222,0.0177777777777778,0.030054963539384,5.90193376429352e-09,4.22141238238089
100,"gauss","alt",5,"pvt_199",500,0.109090909090909,55,0.98,0.0644444444444444,0.02,0.0328936268440469,2.0672645245486e-11,4.22141238238089
100,"gauss","alt",5,"mm_199",500,0.125,56,0.98,0.0644444444444444,0.0177777777777778,0.0831849618446615,5.76178458327768e-15,4.22141238238089
100,"gauss","alt",5,"pvw_999",500,0.109090909090909,55,0.98,0.0577777777777778,0.0155555555555556,0.0299332925790828,2.39237912935755e-08,4.22141238238089
100,"gauss","alt",5,"pvt_999",500,0.109090909090909,55,0.98,0.0711111111111111,0.0177777777777778,0.0338971154990812,3.23196599152271e-11,4.22141238238089
100,"gauss","alt",5,"mm_999",500,0.113207547169811,53,0.94,0.0555555555555556,0.0177777777777778,0.111111111111111,4.23430416106026e-12,4.22141238238089
100,"gauss","alt",6,"ols",500,0.0851063829787234,47,0.86,0.0555555555555556,0.0133333333333333,0.0295519591556266,2.55837837523026e-10,4.27760952072428
100,"gauss","alt",6,"modt",500,0.0652173913043478,46,0.86,0.0577777777777778,0.0133333333333333,0.0291273933712473,1.7683227513163e-10,4.27760952072428
100,"gauss","alt",6,"fl_199",500,0,0,0,0.0488888888888889,0.0133333333333333,0.0333333333333333,0.005,4.27760952072428
100,"gauss","alt",6,"fl_999",500,0.0833333333333333,48,0.88,0.0511111111111111,0.0111111111111111,0.0328888888888889,0.001,4.27760952072428
100,"gauss","alt",6,"fl_9999",500,0.0652173913043478,46,0.86,0.0577777777777778,0.0133333333333333,0.0298888888888889,1e-04,4.27760952072428
100,"gauss","alt",6,"pvw_199",500,0.0833333333333333,48,0.88,0.0577777777777778,0.0111111111111111,0.0293620055636145,1.63225031972131e-09,4.27760952072428
100,"gauss","alt",6,"pvt_199",500,0.0961538461538462,52,0.94,0.0688888888888889,0.0133333333333333,0.0315310270090549,2.85391053578667e-14,4.27760952072428
100,"gauss","alt",6,"mm_199",500,0.0980392156862745,51,0.92,0.0555555555555556,0.0133333333333333,0.0845382976435543,4.67287023703258e-17,4.27760952072428
100,"gauss","alt",6,"pvw_999",500,0.0652173913043478,46,0.86,0.0533333333333333,0.0133333333333333,0.0307072521737575,2.934230022964e-09,4.27760952072428
100,"gauss","alt",6,"pvt_999",500,0.1,50,0.9,0.0622222222222222,0.0155555555555556,0.0306974966854497,1.38672261463763e-13,4.27760952072428
100,"gauss","alt",6,"mm_999",500,0.0833333333333333,48,0.88,0.0533333333333333,0.0111111111111111,0.104444444444444,4.02078886359689e-13,4.27760952072428
100,"gauss","alt",7,"ols",500,0.02,50,0.98,0.0555555555555556,0.00444444444444444,0.024997511609033,4.83249596073407e-10,3.94965515890712
100,"gauss","alt",7,"modt",500,0.02,50,0.98,0.0533333333333333,0.00444444444444444,0.0249240510452281,2.82508657659109e-10,3.94965515890712
100,"gauss","alt",7,"fl_199",500,0,0,0,0.0555555555555556,0,0.03,0.005,3.94965515890712
100,"gauss","alt",7,"fl_999",500,0.02,50,0.98,0.0533333333333333,0.00666666666666667,0.0273333333333333,0.001,3.94965515890712
100,"gauss","alt",7,"fl_9999",500,0.02,50,0.98,0.0533333333333333,0.00666666666666667,0.0259555555555556,1e-04,3.94965515890712
100,"gauss","alt",7,"pvw_199",500,0.02,50,0.98,0.0577777777777778,0.00666666666666667,0.0301178013777121,3.34488915524027e-09,3.94965515890712
100,"gauss","alt",7,"pvt_199",500,0.0392156862745098,51,0.98,0.0622222222222222,0.00888888888888889,0.0376832434480451,8.48094931970918e-13,3.94965515890712
100,"gauss","alt",7,"mm_199",500,0,49,0.98,0.06,0.0133333333333333,0.0860171246597476,3.92924541869964e-16,3.94965515890712
100,"gauss","alt",7,"pvw_999",500,0.02,50,0.98,0.0577777777777778,0.00666666666666667,0.0283910453732,6.16864275349444e-09,3.94965515890712
100,"gauss","alt",7,"pvt_999",500,0.02,50,0.98,0.0622222222222222,0.0111111111111111,0.0344520084537361,6.27841359471605e-13,3.94965515890712
100,"gauss","alt",7,"mm_999",500,0.02,50,0.98,0.0555555555555556,0.00666666666666667,0.108888888888889,4.17802458281101e-12,3.94965515890712
100,"gauss","alt",8,"ols",500,0.0925925925925926,54,0.98,0.0422222222222222,0.0155555555555556,0.0599318958942168,4.7584955223592e-09,3.89069405814325
100,"gauss","alt",8,"modt",500,0.0909090909090909,55,1,0.0444444444444444,0.0155555555555556,0.0601950502900658,4.54699245206612e-09,3.89069405814325
100,"gauss","alt",8,"fl_199",500,0,0,0,0.0333333333333333,0.00666666666666667,0.0727777777777778,0.005,3.89069405814325
100,"gauss","alt",8,"fl_999",500,0.0943396226415094,53,0.96,0.0444444444444444,0.0133333333333333,0.0653333333333334,0.001,3.89069405814325
100,"gauss","alt",8,"fl_9999",500,0.0943396226415094,53,0.96,0.0444444444444444,0.0133333333333333,0.0595111111111111,1e-04,3.89069405814325
100,"gauss","alt",8,"pvw_199",500,0.0769230769230769,52,0.96,0.0422222222222222,0.0111111111111111,0.058624069840978,3.75778585242677e-09,3.89069405814325
100,"gauss","alt",8,"pvt_199",500,0.0909090909090909,55,1,0.0488888888888889,0.0133333333333333,0.0549475963829432,1.84175660060768e-12,3.89069405814325
100,"gauss","alt",8,"mm_199",500,0.0943396226415094,53,0.96,0.0466666666666667,0.0177777777777778,0.0822222222222222,1.47501648834817e-15,3.89069405814325
100,"gauss","alt",8,"pvw_999",500,0.0943396226415094,53,0.96,0.0466666666666667,0.0133333333333333,0.0579815136787118,2.49415073594366e-08,3.89069405814325
100,"gauss","alt",8,"pvt_999",500,0.0909090909090909,55,1,0.0466666666666667,0.0177777777777778,0.0557803486574634,2.54572973177042e-11,3.89069405814325
100,"gauss","alt",8,"mm_999",500,0.109090909090909,55,0.98,0.0466666666666667,0.0155555555555556,0.108888888888889,9.67188834862509e-11,3.89069405814325
100,"gauss","alt",9,"ols",500,0.0754716981132075,53,0.98,0.0577777777777778,0.0111111111111111,0.0529679457398762,3.40494166143418e-09,4.15206794599059
100,"gauss","alt",9,"modt",500,0.0576923076923077,52,0.98,0.06,0.0133333333333333,0.0568272199791682,2.09683801705496e-09,4.15206794599059
100,"gauss","alt",9,"fl_199",500,0.0784313725490196,51,0.94,0.0488888888888889,0.00888888888888889,0.0472222222222222,0.005,4.15206794599059
100,"gauss","alt",9,"fl_999",500,0.0588235294117647,51,0.96,0.0577777777777778,0.00666666666666667,0.0522222222222222,0.001,4.15206794599059
100,"gauss","alt",9,"fl_9999",500,0.0576923076923077,52,0.98,0.06,0.00888888888888889,0.0549333333333333,1e-04,4.15206794599059
100,"gauss","alt",9,"pvw_199",500,0.0588235294117647,51,0.96,0.06,0.00888888888888889,0.0577470213057293,9.19472378491558e-09,4.15206794599059
100,"gauss","alt",9,"pvt_199",500,0.0754716981132075,53,0.98,0.0688888888888889,0.0133333333333333,0.0591803345598086,2.21136081457048e-13,4.15206794599059
100,"gauss","alt",9,"mm_199",500,0.0784313725490196,51,0.94,0.0622222222222222,0.0155555555555556,0.093767532067588,2.43154200547711e-13,4.15206794599059
100,"gauss","alt",9,"pvw_999",500,0.0588235294117647,51,0.96,0.0577777777777778,0.00888888888888889,0.0587289714397495,2.99481941225929e-08,4.15206794599059
100,"gauss","alt",9,"pvt_999",500,0.0754716981132075,53,0.98,0.0644444444444444,0.0133333333333333,0.0603884190569052,1.00461245621096e-11,4.15206794599059
100,"gauss","alt",9,"mm_999",500,0.0588235294117647,51,0.96,0.0577777777777778,0.0111111111111111,0.106666666666667,8.01283011199999e-12,4.15206794599059
100,"gauss","alt",10,"ols",500,0.0416666666666667,48,0.92,0.0511111111111111,0.0133333333333333,0.0256929865926911,3.93619551291662e-12,4.62368598011798
100,"gauss","alt",10,"modt",500,0.0408163265306122,49,0.94,0.0555555555555556,0.0133333333333333,0.0256719542029238,2.98294375328269e-12,4.62368598011798
100,"gauss","alt",10,"fl_199",500,0,0,0,0.0511111111111111,0.00222222222222222,0.0322222222222222,0.005,4.62368598011798
100,"gauss","alt",10,"fl_999",500,0.0217391304347826,46,0.9,0.0555555555555556,0.00888888888888889,0.0274444444444445,0.001,4.62368598011798
100,"gauss","alt",10,"fl_9999",500,0.0416666666666667,48,0.92,0.0511111111111111,0.0133333333333333,0.0247111111111111,1e-04,4.62368598011798
100,"gauss","alt",10,"pvw_199",500,0.0416666666666667,48,0.92,0.0577777777777778,0.0111111111111111,0.0252177118011779,4.60920405627765e-09,4.62368598011798
100,"gauss","alt",10,"pvt_199",500,0.0588235294117647,51,0.96,0.06,0.0133333333333333,0.0250978132429977,4.04221132709474e-15,4.62368598011798
100,"gauss","alt",10,"mm_199",500,0.0416666666666667,48,0.92,0.0577777777777778,0.0177777777777778,0.0769533774610114,5.59598766095883e-20,4.62368598011798
100,"gauss","alt",10,"pvw_999",500,0.0408163265306122,49,0.94,0.0533333333333333,0.0133333333333333,0.0238721083231315,9.08346849095727e-10,4.62368598011798
100,"gauss","alt",10,"pvt_999",500,0.06,50,0.94,0.06,0.0133333333333333,0.0240345280498095,1.357458265673e-14,4.62368598011798
100,"gauss","alt",10,"mm_999",500,0.0416666666666667,48,0.92,0.0511111111111111,0.0133333333333333,0.113333333333333,2.95311847173086e-16,4.62368598011798
100,"gauss","alt",11,"ols",500,0.0612244897959184,49,0.92,0.0422222222222222,0.0111111111111111,0.0241526354793721,4.95869735089117e-11,3.82509639400524
100,"gauss","alt",11,"modt",500,0.0612244897959184,49,0.92,0.0444444444444444,0.0133333333333333,0.0252723082523627,2.47112179275179e-11,3.82509639400524
100,"gauss","alt",11,"fl_199",500,0,0,0,0.0444444444444444,0.00666666666666667,0.0311111111111112,0.005,3.82509639400524
100,"gauss","alt",11,"fl_999",500,0.06,50,0.94,0.0422222222222222,0.00888888888888889,0.0282222222222223,0.001,3.82509639400524
100,"gauss","alt",11,"fl_9999",500,0.0612244897959184,49,0.92,0.04,0.0111111111111111,0.0239888888888888,1e-04,3.82509639400524
100,"gauss","alt",11,"pvw_199",500,0.0612244897959184,49,0.92,0.0488888888888889,0.0133333333333333,0.0237613418643072,4.88725919603347e-09,3.82509639400524
100,"gauss","alt",11,"pvt_199",500,0.115384615384615,52,0.92,0.0466666666666667,0.0155555555555556,0.0249617537934539,5.82196978529017e-15,3.82509639400524
100,"gauss","alt",11,"mm_199",500,0.06,50,0.94,0.0488888888888889,0.0222222222222222,0.0844444444444444,2.61424868994959e-15,3.82509639400524
100,"gauss","alt",11,"pvw_999",500,0.0425531914893617,47,0.9,0.0444444444444444,0.0155555555555556,0.0217985868263729,1.42189534692305e-09,3.82509639400524
100,"gauss","alt",11,"pvt_999",500,0.0784313725490196,51,0.94,0.0488888888888889,0.0177777777777778,0.0244122980130234,1.97488177517398e-14,3.82509639400524
100,"gauss","alt",11,"mm_999",500,0.06,50,0.94,0.0422222222222222,0.0177777777777778,0.108888888888889,6.03569027365971e-13,3.82509639400524
100,"gauss","alt",12,"ols",500,0.0208333333333333,48,0.94,0.0488888888888889,0.00666666666666667,0.0268976943096555,2.94142588675772e-10,4.38201019231512
100,"gauss","alt",12,"modt",500,0.0204081632653061,49,0.96,0.0466666666666667,0.00666666666666667,0.0265760574085608,3.24345671387682e-10,4.38201019231512
100,"gauss","alt",12,"fl_199",500,0,0,0,0.0511111111111111,0.00222222222222222,0.0372222222222223,0.005,4.38201019231512
100,"gauss","alt",12,"fl_999",500,0.0212765957446809,47,0.92,0.0466666666666667,0.00666666666666667,0.0298888888888889,0.001,4.38201019231512
100,"gauss","alt",12,"fl_9999",500,0.0212765957446809,47,0.92,0.0488888888888889,0.00666666666666667,0.0268444444444444,1e-04,4.38201019231512
100,"gauss","alt",12,"pvw_199",500,0.0208333333333333,48,0.94,0.0488888888888889,0.00666666666666667,0.0444790217776557,1.30334890914075e-10,4.38201019231512
100,"gauss","alt",12,"pvt_199",500,0.04,50,0.96,0.0577777777777778,0.00666666666666667,0.0441960146082819,2.68602267381872e-15,4.38201019231512
100,"gauss","alt",12,"mm_199",500,0.06,50,0.94,0.0555555555555556,0.00666666666666667,0.0854574011024083,8.1210841031184e-20,4.38201019231512
100,"gauss","alt",12,"pvw_999",500,0.0212765957446809,47,0.92,0.0466666666666667,0.00666666666666667,0.0364232806194161,4.1061815111952e-09,4.38201019231512
100,"gauss","alt",12,"pvt_999",500,0.0576923076923077,52,0.98,0.0555555555555556,0.00666666666666667,0.0385339562271902,1.3448698985383e-13,4.38201019231512
100,"gauss","alt",12,"mm_999",500,0.0408163265306122,49,0.94,0.0511111111111111,0.00666666666666667,0.0888888888888889,5.63974941996005e-13,4.38201019231512
100,"gauss","alt",13,"ols",500,0.0740740740740741,54,1,0.0577777777777778,0.0155555555555556,0.0222123389423325,7.28268212112309e-09,4.62043464831573
100,"gauss","alt",13,"modt",500,0.0909090909090909,55,1,0.0555555555555556,0.0177777777777778,0.0206037351857052,4.47536274110658e-09,4.62043464831573
100,"gauss","alt",13,"fl_199",500,0.08,50,0.92,0.0511111111111111,0.00888888888888889,0.0294444444444445,0.005,4.62043464831573
100,"gauss","alt",13,"fl_999",500,0.0754716981132075,53,0.98,0.0533333333333333,0.0133333333333333,0.0223333333333333,0.001,4.62043464831573
100,"gauss","alt",13,"fl_9999",500,0.0909090909090909,55,1,0.0577777777777778,0.0155555555555556,0.0205555555555555,1e-04,4.62043464831573
100,"gauss","alt",13,"pvw_199",500,0.0925925925925926,54,0.98,0.0533333333333333,0.0222222222222222,0.0198015198254835,1.562941247963e-08,4.62043464831573
100,"gauss","alt",13,"pvt_199",500,0.12280701754386,57,1,0.06,0.0244444444444444,0.0213297310991441,1.3248013398514e-12,4.62043464831573
100,"gauss","alt",13,"mm_199",500,0.0943396226415094,53,0.96,0.0622222222222222,0.0222222222222222,0.0889393664885135,1.19123565807457e-14,4.62043464831573
100,"gauss","alt",13,"pvw_999",500,0.0925925925925926,54,0.98,0.0577777777777778,0.0155555555555556,0.0195810407334238,1.96723127504983e-08,4.62043464831573
100,"gauss","alt",13,"pvt_999",500,0.107142857142857,56,1,0.0644444444444444,0.02,0.023829163497249,1.30099143511812e-11,4.62043464831573
100,"gauss","alt",13,"mm_999",500,0.0754716981132075,53,0.98,0.06,0.0155555555555556,0.0977777777777777,1.7823103149115e-11,4.62043464831573
100,"gauss","alt",14,"ols",500,0.0408163265306122,49,0.94,0.0333333333333333,0.00444444444444444,0.0420504467526286,6.03973416622846e-09,3.87945386083203
100,"gauss","alt",14,"modt",500,0.0408163265306122,49,0.94,0.0333333333333333,0.00444444444444444,0.0440394898958823,4.07749857544974e-09,3.87945386083203
100,"gauss","alt",14,"fl_199",500,0,0,0,0.0266666666666667,0.00222222222222222,0.0488888888888889,0.005,3.87945386083203
100,"gauss","alt",14,"fl_999",500,0.0212765957446809,47,0.92,0.0311111111111111,0.00444444444444444,0.042,0.001,3.87945386083203
100,"gauss","alt",14,"fl_9999",500,0.0208333333333333,48,0.94,0.0333333333333333,0.00444444444444444,0.0435666666666667,1e-04,3.87945386083203
100,"gauss","alt",14,"pvw_199",500,0.0212765957446809,47,0.92,0.0311111111111111,0.00444444444444444,0.0348530724444574,1.10958126390585e-07,3.87945386083203
100,"gauss","alt",14,"pvt_199",500,0.04,50,0.96,0.04,0.00444444444444444,0.0327958085370904,3.32373519317581e-11,3.87945386083203
100,"gauss","alt",14,"mm_199",500,0.0408163265306122,49,0.94,0.0333333333333333,0.00666666666666667,0.0888888888888889,4.50435301458773e-14,3.87945386083203
100,"gauss","alt",14,"pvw_999",500,0.0212765957446809,47,0.92,0.0333333333333333,0.00444444444444444,0.039640718985895,2.90529163592982e-08,3.87945386083203
100,"gauss","alt",14,"pvt_999",500,0.04,50,0.96,0.0333333333333333,0.00444444444444444,0.0374032718706109,3.07496266362679e-11,3.87945386083203
100,"gauss","alt",14,"mm_999",500,0.0408163265306122,49,0.94,0.0288888888888889,0.00444444444444444,0.108888888888889,2.20290939618679e-12,3.87945386083203
100,"gauss","alt",15,"ols",500,0.0392156862745098,51,0.98,0.0377777777777778,0.00666666666666667,0.0356905524266246,3.19697325411582e-10,3.80643898515003
100,"gauss","alt",15,"modt",500,0.0384615384615385,52,1,0.0377777777777778,0.00444444444444444,0.0336681775997637,1.75254339234859e-10,3.80643898515003
100,"gauss","alt",15,"fl_199",500,0,0,0,0.04,0.00444444444444444,0.0377777777777778,0.005,3.80643898515003
100,"gauss","alt",15,"fl_999",500,0.04,50,0.96,0.04,0.00666666666666667,0.0327777777777778,0.001,3.80643898515003
100,"gauss","alt",15,"fl_9999",500,0.0392156862745098,51,0.98,0.0422222222222222,0.00666666666666667,0.0396777777777778,1e-04,3.80643898515003
100,"gauss","alt",15,"pvw_199",500,0.02,50,0.98,0.0466666666666667,0.00888888888888889,0.0373840343771599,6.84828028540398e-10,3.80643898515003
100,"gauss","alt",15,"pvt_199",500,0.0566037735849057,53,1,0.0488888888888889,0.0133333333333333,0.0442022208039892,5.40181362321427e-14,3.80643898515003
100,"gauss","alt",15,"mm_199",500,0.0754716981132075,53,0.98,0.0466666666666667,0.0155555555555556,0.0733333333333334,1.8559096658371e-16,3.80643898515003
100,"gauss","alt",15,"pvw_999",500,0.0392156862745098,51,0.98,0.04,0.00666666666666667,0.0370549730252002,3.88312725969628e-09,3.80643898515003
100,"gauss","alt",15,"pvt_999",500,0.0384615384615385,52,1,0.0444444444444444,0.0133333333333333,0.0411965285569103,1.36965374114485e-12,3.80643898515003
100,"gauss","alt",15,"mm_999",500,0.0392156862745098,51,0.98,0.0422222222222222,0.0111111111111111,0.0866666666666667,1.47193028868462e-12,3.80643898515003
10,"t3","alt",1,"ols",500,0,0,0,0.08,0.0133333333333333,0.0494402239546262,0.00114780329924889,2.56259145039479
10,"t3","alt",1,"modt",500,0,0,0,0.0755555555555556,0.00888888888888889,0.0419967132752288,0.000486056298273395,2.56259145039479
10,"t3","alt",1,"fl_199",500,0,0,0,0.06,0,0.0561111111111111,0.01,2.56259145039479
10,"t3","alt",1,"fl_999",500,0,0,0,0.0733333333333333,0.00222222222222222,0.0583333333333333,0.009,2.56259145039479
10,"t3","alt",1,"fl_9999",500,0,0,0,0.0755555555555556,0.00444444444444444,0.0523333333333333,0.0086,2.56259145039479
10,"t3","alt",1,"pvw_199",500,0,0,0,0.0822222222222222,0,0.116286586525267,0.0105205611569914,2.56259145039479
10,"t3","alt",1,"pvt_199",500,0.634615384615385,52,0.38,0.146666666666667,0.0844444444444444,0.147688267710129,3.12581238077947e-09,2.56259145039479
10,"t3","alt",1,"mm_199",500,0,0,0,0.0688888888888889,0.0111111111111111,0.115870890101072,0.00648161733004641,2.56259145039479
10,"t3","alt",1,"pvw_999",500,0,0,0,0.0866666666666667,0.00666666666666667,0.10713821288177,0.00773948104354197,2.56259145039479
10,"t3","alt",1,"pvt_999",500,0.62,50,0.38,0.146666666666667,0.0844444444444444,0.145385382101026,2.55375651910547e-09,2.56259145039479
10,"t3","alt",1,"mm_999",500,0,0,0,0.0755555555555556,0.00444444444444444,0.197777777777778,0.00683877350772421,2.56259145039479
10,"t3","alt",2,"ols",500,0,0,0,0.0488888888888889,0.0133333333333333,0.0283127610236276,0.00143749217076692,2.86224715283773
10,"t3","alt",2,"modt",500,0,0,0,0.0422222222222222,0.00888888888888889,0.0308867366850541,0.000155917646700394,2.86224715283773
10,"t3","alt",2,"fl_199",500,0,0,0,0.0533333333333333,0.00222222222222222,0.0416666666666666,0.005,2.86224715283773
10,"t3","alt",2,"fl_999",500,0,0,0,0.0511111111111111,0.0177777777777778,0.0401111111111111,0.001,2.86224715283773
10,"t3","alt",2,"fl_9999",500,0,0,0,0.0488888888888889,0.02,0.0388000000000001,9e-04,2.86224715283773
10,"t3","alt",2,"pvw_199",500,0,0,0,0.0533333333333333,0.00444444444444444,0.076947827580482,0.00463838618452852,2.86224715283773
10,"t3","alt",2,"pvt_199",500,0.566666666666667,30,0.26,0.128888888888889,0.0511111111111111,0.105959194015307,6.97474033444056e-09,2.86224715283773
10,"t3","alt",2,"mm_199",500,0.5,2,0.02,0.0555555555555556,0.0266666666666667,0.193333333333333,5.98660329846924e-05,2.86224715283773
10,"t3","alt",2,"pvw_999",500,0,0,0,0.0511111111111111,0,0.0755916928244234,0.00757218004677129,2.86224715283773
10,"t3","alt",2,"pvt_999",500,0.516129032258065,31,0.3,0.128888888888889,0.0511111111111111,0.106503971927257,7.24086601293105e-09,2.86224715283773
10,"t3","alt",2,"mm_999",500,0,0,0,0.0533333333333333,0.0155555555555556,0.32,0.000958840917656741,2.86224715283773
10,"t3","alt",3,"ols",500,0,0,0,0.0422222222222222,0.0133333333333333,0.03138928805067,0.00232618170716815,2.84345780110456
10,"t3","alt",3,"modt",500,0,0,0,0.0533333333333333,0.00888888888888889,0.0328163892886911,0.00155506856038592,2.84345780110456
10,"t3","alt",3,"fl_199",500,0,0,0,0.0355555555555556,0.00888888888888889,0.0255555555555556,0.005,2.84345780110456
10,"t3","alt",3,"fl_999",500,0,0,0,0.0444444444444444,0.00888888888888889,0.0226666666666666,0.003,2.84345780110456
10,"t3","alt",3,"fl_9999",500,0,0,0,0.0444444444444444,0.0133333333333333,0.0254555555555556,0.0017,2.84345780110456
10,"t3","alt",3,"pvw_199",500,0,0,0,0.0488888888888889,0.00444444444444444,0.0826385114217334,0.00818813561170535,2.84345780110456
10,"t3","alt",3,"pvt_199",500,0.681818181818182,22,0.14,0.122222222222222,0.0444444444444444,0.120449259834445,4.5421428359544e-08,2.84345780110456
10,"t3","alt",3,"mm_199",500,1,1,0,0.0377777777777778,0.0155555555555556,0.215555555555556,1.31003129800286e-05,2.84345780110456
10,"t3","alt",3,"pvw_999",500,0,0,0,0.0466666666666667,0.00666666666666667,0.0868350600243744,0.00932701780580228,2.84345780110456
10,"t3","alt",3,"pvt_999",500,0.727272727272727,22,0.12,0.117777777777778,0.0466666666666667,0.119315399474411,1.51543625964456e-07,2.84345780110456
10,"t3","alt",3,"mm_999",500,0,0,0,0.0488888888888889,0.0133333333333333,0.377777777777778,0.00156234816999233,2.84345780110456
10,"t3","alt",4,"ols",500,0,0,0,0.0377777777777778,0.0133333333333333,0.0653926488472252,0.000713555288872915,2.90275714396935
10,"t3","alt",4,"modt",500,0,0,0,0.0444444444444444,0.00666666666666667,0.0610473776515353,0.000858135271457747,2.90275714396935
10,"t3","alt",4,"fl_199",500,0,0,0,0.0311111111111111,0.00666666666666667,0.0572222222222222,0.005,2.90275714396935
10,"t3","alt",4,"fl_999",500,0,0,0,0.0311111111111111,0.0133333333333333,0.0513333333333333,0.002,2.90275714396935
10,"t3","alt",4,"fl_9999",500,0,0,0,0.0377777777777778,0.0133333333333333,0.0491111111111111,0.0027,2.90275714396935
10,"t3","alt",4,"pvw_199",500,0,0,0,0.04,0.00222222222222222,0.029351710947881,0.00636361244477136,2.90275714396935
10,"t3","alt",4,"pvt_199",500,0.478260869565217,23,0.24,0.1,0.0444444444444444,0.0703956866759991,1.79991386909067e-10,2.90275714396935
10,"t3","alt",4,"mm_199",500,0,0,0,0.0377777777777778,0.0133333333333333,0.122222222222222,0.00103190605992725,2.90275714396935
10,"t3","alt",4,"pvw_999",500,0,0,0,0.0422222222222222,0,0.0315671974143162,0.0079720850357283,2.90275714396935
10,"t3","alt",4,"pvt_999",500,0.478260869565217,23,0.24,0.1,0.0444444444444444,0.0678253001822661,2.82944116963616e-10,2.90275714396935
10,"t3","alt",4,"mm_999",500,0,0,0,0.0377777777777778,0.0133333333333333,0.233333333333333,0.00219041805439743,2.90275714396935
10,"t3","alt",5,"ols",500,0,0,0,0.0377777777777778,0.00888888888888889,0.0388555126290473,0.000868323587428983,2.95647133480613
10,"t3","alt",5,"modt",500,0,0,0,0.0311111111111111,0.00666666666666667,0.0395216886792949,0.000222826376529137,2.95647133480613
10,"t3","alt",5,"fl_199",500,0,0,0,0.0377777777777778,0.00666666666666667,0.0438888888888889,0.005,2.95647133480613
10,"t3","alt",5,"fl_999",500,0,0,0,0.0422222222222222,0.00888888888888889,0.036,0.002,2.95647133480613
10,"t3","alt",5,"fl_9999",500,0,0,0,0.04,0.00888888888888889,0.0422111111111111,7e-04,2.95647133480613
10,"t3","alt",5,"pvw_199",500,0,0,0,0.0422222222222222,0.00666666666666667,0.113742851759546,0.00748912145200199,2.95647133480613
10,"t3","alt",5,"pvt_199",500,0.55,20,0.18,0.133333333333333,0.0444444444444444,0.133560849075064,5.16089611103419e-10,2.95647133480613
10,"t3","alt",5,"mm_199",500,1,2,0,0.0422222222222222,0.0111111111111111,0.224444444444444,9.87779787393995e-07,2.95647133480613
10,"t3","alt",5,"pvw_999",500,0,0,0,0.0466666666666667,0.00666666666666667,0.105261585323743,0.00592810642699262,2.95647133480613
10,"t3","alt",5,"pvt_999",500,0.5,16,0.16,0.124444444444444,0.0444444444444444,0.124112050300569,6.1399336677873e-10,2.95647133480613
10,"t3","alt",5,"mm_999",500,0,0,0,0.0533333333333333,0.00888888888888889,0.404444444444444,0.000815219413490425,2.95647133480613
10,"t3","alt",6,"ols",500,0,0,0,0.0244444444444444,0.00666666666666667,0.0350174740810898,0.000998496526550421,2.66797866601866
10,"t3","alt",6,"modt",500,0,0,0,0.0333333333333333,0.00222222222222222,0.0417016866065553,0.000971669806665867,2.66797866601866
10,"t3","alt",6,"fl_199",500,0,0,0,0.0288888888888889,0.00222222222222222,0.0383333333333333,0.005,2.66797866601866
10,"t3","alt",6,"fl_999",500,0,0,0,0.0288888888888889,0.00444444444444444,0.0388888888888889,0.002,2.66797866601866
10,"t3","alt",6,"fl_9999",500,0,0,0,0.0288888888888889,0.00666666666666667,0.0421777777777778,7e-04,2.66797866601866
10,"t3","alt",6,"pvw_199",500,0,0,0,0.0333333333333333,0.00222222222222222,0.0668716243629166,0.00623404678350134,2.66797866601866
10,"t3","alt",6,"pvt_199",500,0.428571428571429,14,0.16,0.102222222222222,0.0288888888888889,0.100816104252629,4.88295181358628e-10,2.66797866601866
10,"t3","alt",6,"mm_199",500,0.5,2,0.02,0.0311111111111111,0.00444444444444444,0.217777777777778,1.78944330670708e-05,2.66797866601866
10,"t3","alt",6,"pvw_999",500,0,0,0,0.0311111111111111,0.00444444444444444,0.0605780098000472,0.00676199887759482,2.66797866601866
10,"t3","alt",6,"pvt_999",500,0.5,18,0.18,0.106666666666667,0.0311111111111111,0.0979893943699776,5.57567416903799e-10,2.66797866601866
10,"t3","alt",6,"mm_999",500,0,0,0,0.0333333333333333,0.00444444444444444,0.4,0.000354556340678319,2.66797866601866
10,"t3","alt",7,"ols",500,0,0,0,0.0377777777777778,0.00222222222222222,0.0340017338224508,0.000463586681309123,2.95240361251391
10,"t3","alt",7,"modt",500,0,0,0,0.0311111111111111,0.00222222222222222,0.034947736104783,0.00038307626465168,2.95240361251391
10,"t3","alt",7,"fl_199",500,0,0,0,0.0355555555555556,0,0.0455555555555556,0.005,2.95240361251391
10,"t3","alt",7,"fl_999",500,0,0,0,0.0422222222222222,0.00222222222222222,0.0412222222222222,0.001,2.95240361251391
10,"t3","alt",7,"fl_9999",500,0,0,0,0.0444444444444444,0.00222222222222222,0.0411888888888889,3e-04,2.95240361251391
10,"t3","alt",7,"pvw_199",500,0,0,0,0.0488888888888889,0,0.0587999295672476,0.00526636883394675,2.95240361251391
10,"t3","alt",7,"pvt_199",500,0.461538461538462,26,0.28,0.115555555555556,0.0466666666666667,0.0945964731624031,4.05706661782838e-12,2.95240361251391
10,"t3","alt",7,"mm_199",500,0,5,0.1,0.0377777777777778,0.00888888888888889,0.164444444444444,6.71408883638049e-09,2.95240361251391
10,"t3","alt",7,"pvw_999",500,0,0,0,0.0488888888888889,0,0.0582529916901994,0.00481667685553189,2.95240361251391
10,"t3","alt",7,"pvt_999",500,0.44,25,0.28,0.108888888888889,0.0488888888888889,0.0916201175996719,2.31206990666428e-12,2.95240361251391
10,"t3","alt",7,"mm_999",500,0,3,0.06,0.0444444444444444,0.00444444444444444,0.315555555555556,1.98433629833036e-05,2.95240361251391
10,"t3","alt",8,"ols",500,0,0,0,0.0422222222222222,0.00222222222222222,0.0369578474225097,0.0080430206887144,2.66560226325421
10,"t3","alt",8,"modt",500,0,0,0,0.0333333333333333,0.00888888888888889,0.0465832378934124,0.00465190323929372,2.66560226325421
10,"t3","alt",8,"fl_199",500,0,0,0,0.0333333333333333,0,0.0238888888888888,0.01,2.66560226325421
10,"t3","alt",8,"fl_999",500,0,0,0,0.04,0.00666666666666667,0.0247777777777778,0.004,2.66560226325421
10,"t3","alt",8,"fl_9999",500,0,0,0,0.04,0.00444444444444444,0.0297666666666666,0.0067,2.66560226325421
10,"t3","alt",8,"pvw_199",500,0,0,0,0.0466666666666667,0.00222222222222222,0.100877887331964,0.00892384094880197,2.66560226325421
10,"t3","alt",8,"pvt_199",500,0.857142857142857,7,0.02,0.111111111111111,0.0444444444444444,0.116096914858139,1.19814865207703e-05,2.66560226325421
10,"t3","alt",8,"mm_199",500,0,0,0,0.0422222222222222,0.0111111111111111,0.202222222222222,0.0029884335425759,2.66560226325421
10,"t3","alt",8,"pvw_999",500,0,0,0,0.0444444444444444,0,0.0938573119999276,0.0127659298530589,2.66560226325421
10,"t3","alt",8,"pvt_999",500,0.857142857142857,7,0.02,0.111111111111111,0.0444444444444444,0.115242824665593,4.82190223991251e-05,2.66560226325421
10,"t3","alt",8,"mm_999",500,0,0,0,0.04,0.00888888888888889,0.333333333333333,0.00290263896596244,2.66560226325421
10,"t3","alt",9,"ols",500,0,0,0,0.0444444444444444,0.00888888888888889,0.040514645945666,0.000709462400530556,3.06202899487536
10,"t3","alt",9,"modt",500,0,0,0,0.0533333333333333,0.00888888888888889,0.039576882510927,0.000300879217491917,3.06202899487536
10,"t3","alt",9,"fl_199",500,0,0,0,0.0466666666666667,0.00444444444444444,0.0388888888888889,0.005,3.06202899487536
10,"t3","alt",9,"fl_999",500,0,0,0,0.0466666666666667,0.00888888888888889,0.0379999999999999,0.001,3.06202899487536
10,"t3","alt",9,"fl_9999",500,0,0,0,0.0466666666666667,0.00888888888888889,0.0363555555555556,7e-04,3.06202899487536
10,"t3","alt",9,"pvw_199",500,0,0,0,0.0511111111111111,0.00222222222222222,0.0923241029198144,0.00524446540435251,3.06202899487536
10,"t3","alt",9,"pvt_199",500,0.551724137931034,29,0.26,0.117777777777778,0.0511111111111111,0.10839642396217,1.76799113481185e-11,3.06202899487536
10,"t3","alt",9,"mm_199",500,1,1,0,0.0444444444444444,0.0111111111111111,0.18,8.46978661832832e-06,3.06202899487536
10,"t3","alt",9,"pvw_999",500,0,0,0,0.0533333333333333,0.00222222222222222,0.0913171268580389,0.00610441571049691,3.06202899487536
10,"t3","alt",9,"pvt_999",500,0.566666666666667,30,0.26,0.117777777777778,0.0533333333333333,0.100446493304555,1.99210259116025e-10,3.06202899487536
10,"t3","alt",9,"mm_999",500,0,0,0,0.0644444444444444,0.00888888888888889,0.395555555555556,0.000267165864636234,3.06202899487536
10,"t3","alt",10,"ols",500,0,0,0,0.0466666666666667,0.00444444444444444,0.0558696166708242,0.00108454987358162,2.94491519541043
10,"t3","alt",10,"modt",500,0,0,0,0.0444444444444444,0.00444444444444444,0.0605586400836011,0.000774526576501851,2.94491519541043
10,"t3","alt",10,"fl_199",500,0,0,0,0.0444444444444444,0.00666666666666667,0.0727777777777778,0.005,2.94491519541043
10,"t3","alt",10,"fl_999",500,0,0,0,0.0466666666666667,0.00666666666666667,0.0624444444444444,0.001,2.94491519541043
10,"t3","alt",10,"fl_9999",500,0,0,0,0.0488888888888889,0.00444444444444444,0.0622333333333333,8e-04,2.94491519541043
10,"t3","alt",10,"pvw_199",500,0,0,0,0.0577777777777778,0.00222222222222222,0.030518630887822,0.00485954611607923,2.94491519541043
10,"t3","alt",10,"pvt_199",500,0.5,20,0.2,0.0977777777777778,0.0488888888888889,0.0744887402611525,3.02072627797864e-11,2.94491519541043
10,"t3","alt",10,"mm_199",500,0,1,0.02,0.0466666666666667,0.00888888888888889,0.224444444444444,4.51971306603181e-06,2.94491519541043
10,"t3","alt",10,"pvw_999",500,0,0,0,0.0511111111111111,0,0.0347769595292738,0.00569112622036847,2.94491519541043
10,"t3","alt",10,"pvt_999",500,0.5,24,0.24,0.1,0.0555555555555556,0.07614883534287,3.39208328202636e-10,2.94491519541043
10,"t3","alt",10,"mm_999",500,0,0,0,0.0466666666666667,0.00666666666666667,0.42,0.000183618188760896,2.94491519541043
10,"t3","alt",11,"ols",500,0,1,0.02,0.0555555555555556,0.0133333333333333,0.0737437794327517,8.06706063215272e-05,2.74150737247595
10,"t3","alt",11,"modt",500,0,0,0,0.0488888888888889,0.0133333333333333,0.0593642400205475,0.000104429126019543,2.74150737247595
10,"t3","alt",11,"fl_199",500,0,0,0,0.0577777777777778,0.00888888888888889,0.0405555555555556,0.005,2.74150737247595
10,"t3","alt",11,"fl_999",500,0,0,0,0.06,0.0133333333333333,0.048,0.002,2.74150737247595
10,"t3","alt",11,"fl_9999",500,0,0,0,0.0577777777777778,0.0133333333333333,0.0573222222222223,0.0017,2.74150737247595
10,"t3","alt",11,"pvw_199",500,0,0,0,0.0733333333333333,0.00888888888888889,0.134061628312995,0.00188072981728883,2.74150737247595
10,"t3","alt",11,"pvt_199",500,0.575757575757576,33,0.28,0.148888888888889,0.06,0.149892870433064,1.93182663008095e-19,2.74150737247595
10,"t3","alt",11,"mm_199",500,0,0,0,0.0733333333333333,0.0177777777777778,0.128888888888889,0.000775520336259746,2.74150737247595
10,"t3","alt",11,"pvw_999",500,0,0,0,0.0644444444444444,0.00222222222222222,0.133858317331348,0.00384925070625051,2.74150737247595
10,"t3","alt",11,"pvt_999",500,0.594594594594595,37,0.3,0.151111111111111,0.0644444444444444,0.155291898096584,2.24029839842903e-20,2.74150737247595
10,"t3","alt",11,"mm_999",500,0,0,0,0.0577777777777778,0.0133333333333333,0.266666666666667,0.00045934675728689,2.74150737247595
10,"t3","alt",12,"ols",500,0,0,0,0.0511111111111111,0.0155555555555556,0.0261996321990729,0.000346127450440649,2.92370770292145
10,"t3","alt",12,"modt",500,0,0,0,0.0444444444444444,0.0133333333333333,0.0199110046080422,0.000140269660007576,2.92370770292145
10,"t3","alt",12,"fl_199",500,0,0,0,0.0511111111111111,0.0111111111111111,0.0383333333333333,0.005,2.92370770292145
10,"t3","alt",12,"fl_999",500,0,0,0,0.0511111111111111,0.0111111111111111,0.0236666666666667,0.001,2.92370770292145
10,"t3","alt",12,"fl_9999",500,0,0,0,0.0533333333333333,0.0133333333333333,0.0228111111111111,4e-04,2.92370770292145
10,"t3","alt",12,"pvw_199",500,0,0,0,0.0555555555555556,0.00444444444444444,0.0822971316063756,0.00557781376359726,2.92370770292145
10,"t3","alt",12,"pvt_199",500,0.538461538461538,39,0.36,0.12,0.0577777777777778,0.102654788436025,7.63959290968856e-13,2.92370770292145
10,"t3","alt",12,"mm_199",500,0,0,0,0.0511111111111111,0.0133333333333333,0.184444444444444,0.000303728307823168,2.92370770292145
10,"t3","alt",12,"pvw_999",500,0,0,0,0.0555555555555556,0.00666666666666667,0.0840552089135417,0.00601317957262813,2.92370770292145
10,"t3","alt",12,"pvt_999",500,0.525,40,0.38,0.117777777777778,0.0577777777777778,0.103537688573182,2.44859772869306e-13,2.92370770292145
10,"t3","alt",12,"mm_999",500,0,0,0,0.0555555555555556,0.0111111111111111,0.322222222222222,0.000410151240951187,2.92370770292145
10,"t3","alt",13,"ols",500,0,0,0,0.0577777777777778,0.0111111111111111,0.0352222046321843,0.00079248786704723,2.48165815690756
10,"t3","alt",13,"modt",500,0,0,0,0.0577777777777778,0.0133333333333333,0.0342375294989377,0.00139790435543595,2.48165815690756
10,"t3","alt",13,"fl_199",500,0,0,0,0.0555555555555556,0,0.0277777777777778,0.01,2.48165815690756
10,"t3","alt",13,"fl_999",500,0,0,0,0.0533333333333333,0.0111111111111111,0.0401111111111112,0.002,2.48165815690756
10,"t3","alt",13,"fl_9999",500,0,0,0,0.0577777777777778,0.0133333333333333,0.0338888888888889,0.0014,2.48165815690756
10,"t3","alt",13,"pvw_199",500,0,0,0,0.0622222222222222,0.00222222222222222,0.0619463097586869,0.00689035128585954,2.48165815690756
10,"t3","alt",13,"pvt_199",500,0.703703703703704,27,0.16,0.144444444444444,0.0733333333333333,0.108964249709646,3.18572875789355e-11,2.48165815690756
10,"t3","alt",13,"mm_199",500,0,0,0,0.0533333333333333,0.00888888888888889,0.217777777777778,0.00500916875161974,2.48165815690756
10,"t3","alt",13,"pvw_999",500,0,0,0,0.0644444444444444,0.00222222222222222,0.0595732279251093,0.00703483114117671,2.48165815690756
10,"t3","alt",13,"pvt_999",500,0.730769230769231,26,0.14,0.137777777777778,0.06,0.0996523200282178,9.36206397719946e-10,2.48165815690756
10,"t3","alt",13,"mm_999",500,0,0,0,0.06,0.0111111111111111,0.411111111111111,0.00148515338919474,2.48165815690756
10,"t3","alt",14,"ols",500,0,0,0,0.0488888888888889,0.00222222222222222,0.0173743579738768,0.000942466038184418,2.33306052913083
10,"t3","alt",14,"modt",500,0,0,0,0.0488888888888889,0.00888888888888889,0.0250026030673273,0.00371617763424717,2.33306052913083
10,"t3","alt",14,"fl_199",500,0,0,0,0.0511111111111111,0,0.025,0.01,2.33306052913083
10,"t3","alt",14,"fl_999",500,0,0,0,0.0466666666666667,0.00444444444444444,0.0213333333333333,0.003,2.33306052913083
10,"t3","alt",14,"fl_9999",500,0,0,0,0.0466666666666667,0.00222222222222222,0.0152222222222222,0.0023,2.33306052913083
10,"t3","alt",14,"pvw_199",500,0,0,0,0.06,0,0.0655266551131562,0.00709900712521805,2.33306052913083
10,"t3","alt",14,"pvt_199",500,0.578947368421053,19,0.16,0.124444444444444,0.0622222222222222,0.093825939787073,6.47781417129421e-10,2.33306052913083
10,"t3","alt",14,"mm_199",500,0,0,0,0.0488888888888889,0.00666666666666667,0.213333333333333,0.00271233220997831,2.33306052913083
10,"t3","alt",14,"pvw_999",500,0,0,0,0.0533333333333333,0.00222222222222222,0.0698014537890779,0.00683129120059622,2.33306052913083
10,"t3","alt",14,"pvt_999",500,0.578947368421053,19,0.16,0.126666666666667,0.0533333333333333,0.0961097230687491,8.53578594369748e-10,2.33306052913083
10,"t3","alt",14,"mm_999",500,0,0,0,0.0466666666666667,0.00222222222222222,0.393333333333333,0.00177118412709643,2.33306052913083
10,"t3","alt",15,"ols",500,0,0,0,0.04,0.00666666666666667,0.0587047696868773,0.000834177323185275,2.77101492193322
10,"t3","alt",15,"modt",500,0,0,0,0.0466666666666667,0.00666666666666667,0.0533460611905881,0.00194940307170036,2.77101492193322
10,"t3","alt",15,"fl_199",500,0,0,0,0.04,0.00222222222222222,0.0377777777777778,0.005,2.77101492193322
10,"t3","alt",15,"fl_999",500,0,0,0,0.0377777777777778,0.00222222222222222,0.0385555555555556,0.001,2.77101492193322
10,"t3","alt",15,"fl_9999",500,0,0,0,0.0377777777777778,0.00222222222222222,0.0378777777777778,0.004,2.77101492193322
10,"t3","alt",15,"pvw_199",500,0,0,0,0.0444444444444444,0,0.111702594715355,0.00728919760517896,2.77101492193322
10,"t3","alt",15,"pvt_199",500,0.36,25,0.32,0.113333333333333,0.0444444444444444,0.125668563846854,2.95723346674281e-10,2.77101492193322
10,"t3","alt",15,"mm_199",500,0,2,0.04,0.0422222222222222,0.00888888888888889,0.124444444444444,2.80343150664414e-07,2.77101492193322
10,"t3","alt",15,"pvw_999",500,0,0,0,0.0422222222222222,0,0.119189385771723,0.00715354127971899,2.77101492193322
10,"t3","alt",15,"pvt_999",500,0.357142857142857,28,0.36,0.126666666666667,0.0488888888888889,0.131337810304863,1.22879244586719e-10,2.77101492193322
10,"t3","alt",15,"mm_999",500,0,0,0,0.0377777777777778,0.00666666666666667,0.235555555555556,0.000239329978772152,2.77101492193322
20,"t3","alt",1,"ols",500,0,14,0.28,0.0333333333333333,0.00888888888888889,0.0499294359156511,1.05728660304525e-06,3.32538690903952
20,"t3","alt",1,"modt",500,0,14,0.28,0.04,0,0.0544876501740436,2.62891213621242e-06,3.32538690903952
20,"t3","alt",1,"fl_199",500,0,0,0,0.0333333333333333,0.00444444444444444,0.0644444444444445,0.005,3.32538690903952
20,"t3","alt",1,"fl_999",500,0,0,0,0.0355555555555556,0.00888888888888889,0.0602222222222222,0.001,3.32538690903952
20,"t3","alt",1,"fl_9999",500,0,14,0.28,0.04,0.00888888888888889,0.0689,1e-04,3.32538690903952
20,"t3","alt",1,"pvw_199",500,0,1,0.02,0.0377777777777778,0.00444444444444444,0.0444950677647835,8.6868543273794e-05,3.32538690903952
20,"t3","alt",1,"pvt_199",500,0.129032258064516,31,0.54,0.0622222222222222,0.02,0.0507875062922509,6.09977704667479e-14,3.32538690903952
20,"t3","alt",1,"mm_199",500,0,16,0.32,0.04,0.0155555555555556,0.0977777777777777,2.35414177818569e-14,3.32538690903952
20,"t3","alt",1,"pvw_999",500,0,0,0,0.0355555555555556,0.00666666666666667,0.0378036960492468,0.000101277924867804,3.32538690903952
20,"t3","alt",1,"pvt_999",500,0.129032258064516,31,0.54,0.0688888888888889,0.02,0.0468491008436047,1.0340085304287e-15,3.32538690903952
20,"t3","alt",1,"mm_999",500,0,14,0.28,0.0355555555555556,0.0111111111111111,0.153333333333333,2.12608857670002e-06,3.32538690903952
20,"t3","alt",2,"ols",500,0,1,0.02,0.0333333333333333,0.00444444444444444,0.0339674326099454,1.93931136590683e-05,2.85600568266534
20,"t3","alt",2,"modt",500,0,3,0.06,0.04,0.00222222222222222,0.0370259663226802,3.08056270460341e-05,2.85600568266534
20,"t3","alt",2,"fl_199",500,0,0,0,0.0311111111111111,0.00222222222222222,0.0377777777777778,0.005,2.85600568266534
20,"t3","alt",2,"fl_999",500,0,0,0,0.0377777777777778,0.00444444444444444,0.0366666666666667,0.001,2.85600568266534
20,"t3","alt",2,"fl_9999",500,0,7,0.14,0.0377777777777778,0.00444444444444444,0.0330666666666667,2e-04,2.85600568266534
20,"t3","alt",2,"pvw_199",500,0,0,0,0.0311111111111111,0.00444444444444444,0.0548648801493057,0.000630687099800337,2.85600568266534
20,"t3","alt",2,"pvt_199",500,0.117647058823529,17,0.3,0.0666666666666667,0.0155555555555556,0.0633733480067417,2.63959574465002e-11,2.85600568266534
20,"t3","alt",2,"mm_199",500,0,0,0,0.0333333333333333,0.00666666666666667,0.0866666666666667,0.00025002787585119,2.85600568266534
20,"t3","alt",2,"pvw_999",500,0,0,0,0.04,0.00444444444444444,0.0619525651884493,0.000388446315063539,2.85600568266534
20,"t3","alt",2,"pvt_999",500,0.133333333333333,15,0.26,0.0666666666666667,0.0155555555555556,0.064419575407765,1.73330214157661e-10,2.85600568266534
20,"t3","alt",2,"mm_999",500,0,7,0.14,0.0333333333333333,0.00444444444444444,0.184444444444444,5.44082609241481e-05,2.85600568266534
20,"t3","alt",3,"ols",500,0,6,0.12,0.0466666666666667,0.0111111111111111,0.0508099019245865,1.21840750962648e-05,3.29221515816314
20,"t3","alt",3,"modt",500,0,3,0.06,0.0466666666666667,0.0111111111111111,0.0505593650276298,3.066610004976e-06,3.29221515816314
20,"t3","alt",3,"fl_199",500,0,0,0,0.04,0.00666666666666667,0.0555555555555556,0.005,3.29221515816314
20,"t3","alt",3,"fl_999",500,0,0,0,0.0466666666666667,0.0133333333333333,0.0572222222222222,0.001,3.29221515816314
20,"t3","alt",3,"fl_9999",500,0,6,0.12,0.0444444444444444,0.0155555555555556,0.0562555555555556,1e-04,3.29221515816314
20,"t3","alt",3,"pvw_199",500,0,0,0,0.0444444444444444,0.00888888888888889,0.0417320990548126,0.000757392162388228,3.29221515816314
20,"t3","alt",3,"pvt_199",500,0.294117647058824,17,0.24,0.0711111111111111,0.0311111111111111,0.0416472414938465,1.96344162269188e-10,3.29221515816314
20,"t3","alt",3,"mm_199",500,0.166666666666667,6,0.1,0.0488888888888889,0.0155555555555556,0.113333333333333,2.84427380203134e-08,3.29221515816314
20,"t3","alt",3,"pvw_999",500,0,0,0,0.0488888888888889,0.00666666666666667,0.0421124573196915,0.000384599436967628,3.29221515816314
20,"t3","alt",3,"pvt_999",500,0.214285714285714,14,0.22,0.0688888888888889,0.0311111111111111,0.0436272832575677,1.7873126510087e-10,3.29221515816314
20,"t3","alt",3,"mm_999",500,0,6,0.12,0.0466666666666667,0.0133333333333333,0.191111111111111,1.3107873005159e-07,3.29221515816314
20,"t3","alt",4,"ols",500,0,0,0,0.0466666666666667,0.00888888888888889,0.0280599975217611,0.00015834317698437,3.23050837108298
20,"t3","alt",4,"modt",500,0,0,0,0.0488888888888889,0.0133333333333333,0.0391823213213559,0.000405949712303416,3.23050837108298
20,"t3","alt",4,"fl_199",500,0,0,0,0.0466666666666667,0.00888888888888889,0.04,0.005,3.23050837108298
20,"t3","alt",4,"fl_999",500,0,0,0,0.0488888888888889,0.0111111111111111,0.0348888888888889,0.001,3.23050837108298
20,"t3","alt",4,"fl_9999",500,0,0,0,0.0444444444444444,0.0133333333333333,0.0317111111111111,3e-04,3.23050837108298
20,"t3","alt",4,"pvw_199",500,0,0,0,0.0466666666666667,0.00888888888888889,0.031175254386799,0.000885389836917965,3.23050837108298
20,"t3","alt",4,"pvt_199",500,0.3125,16,0.22,0.0755555555555556,0.0333333333333333,0.042566552520171,1.03233265989092e-07,3.23050837108298
20,"t3","alt",4,"mm_199",500,0.166666666666667,6,0.1,0.0533333333333333,0.0177777777777778,0.115555555555556,3.27887866450237e-06,3.23050837108298
20,"t3","alt",4,"pvw_999",500,0,0,0,0.0511111111111111,0.00666666666666667,0.0332457753141502,0.00119192424326115,3.23050837108298
20,"t3","alt",4,"pvt_999",500,0.25,16,0.24,0.0688888888888889,0.0288888888888889,0.0413294674429383,3.58932243420006e-07,3.23050837108298
20,"t3","alt",4,"mm_999",500,0,0,0,0.0577777777777778,0.0111111111111111,0.197777777777778,0.000189922811581145,3.23050837108298
20,"t3","alt",5,"ols",500,0.0666666666666667,15,0.28,0.0422222222222222,0.00666666666666667,0.0461098980192824,9.6815607122317e-06,3.10577189734919
20,"t3","alt",5,"modt",500,0.0625,16,0.3,0.04,0.0111111111111111,0.0480124620028998,1.21198177789627e-05,3.10577189734919
20,"t3","alt",5,"fl_199",500,0,0,0,0.0377777777777778,0.00444444444444444,0.0416666666666667,0.005,3.10577189734919
20,"t3","alt",5,"fl_999",500,0.0769230769230769,13,0.24,0.0488888888888889,0.00666666666666667,0.036,0.001,3.10577189734919
20,"t3","alt",5,"fl_9999",500,0.0769230769230769,13,0.24,0.0488888888888889,0.00666666666666667,0.0368222222222222,1e-04,3.10577189734919
20,"t3","alt",5,"pvw_199",500,0,0,0,0.0377777777777778,0.00444444444444444,0.0731056616037914,0.000349940181142523,3.10577189734919
20,"t3","alt",5,"pvt_199",500,0.12,25,0.44,0.0622222222222222,0.0222222222222222,0.0783065742799319,2.54089266231157e-12,3.10577189734919
20,"t3","alt",5,"mm_199",500,0.111111111111111,18,0.32,0.0466666666666667,0.0111111111111111,0.1,2.0771391217772e-09,3.10577189734919
20,"t3","alt",5,"pvw_999",500,0,0,0,0.0466666666666667,0.00444444444444444,0.0783178175413786,0.000182045025653728,3.10577189734919
20,"t3","alt",5,"pvt_999",500,0.16,25,0.42,0.0577777777777778,0.02,0.0869085639427677,5.27991761548913e-12,3.10577189734919
20,"t3","alt",5,"mm_999",500,0.0666666666666667,15,0.28,0.0488888888888889,0.00666666666666667,0.14,9.18068446151021e-10,3.10577189734919
20,"t3","alt",6,"ols",500,0,1,0.02,0.0444444444444444,0.00888888888888889,0.0491553891507708,3.69420159487289e-05,3.00962393241428
20,"t3","alt",6,"modt",500,0,1,0.02,0.06,0.00888888888888889,0.0496341646814482,1.24664348648479e-05,3.00962393241428
20,"t3","alt",6,"fl_199",500,0,0,0,0.0377777777777778,0.00666666666666667,0.038888888888889,0.005,3.00962393241428
20,"t3","alt",6,"fl_999",500,0,0,0,0.0466666666666667,0.0111111111111111,0.0397777777777778,0.001,3.00962393241428
20,"t3","alt",6,"fl_9999",500,0.5,2,0.02,0.0466666666666667,0.0133333333333333,0.0425111111111112,1e-04,3.00962393241428
20,"t3","alt",6,"pvw_199",500,0,0,0,0.0533333333333333,0.00666666666666667,0.0693795265852326,0.00107670940854149,3.00962393241428
20,"t3","alt",6,"pvt_199",500,0.25,16,0.24,0.0777777777777778,0.0266666666666667,0.0793754012417462,2.23242566350238e-08,3.00962393241428
20,"t3","alt",6,"mm_199",500,0,3,0.06,0.0511111111111111,0.0155555555555556,0.0866666666666667,4.9657808641336e-05,3.00962393241428
20,"t3","alt",6,"pvw_999",500,0,0,0,0.0488888888888889,0.00444444444444444,0.0763793666618667,0.000616797456017178,3.00962393241428
20,"t3","alt",6,"pvt_999",500,0.2,15,0.24,0.08,0.0266666666666667,0.0838468925409011,6.35177008538228e-09,3.00962393241428
20,"t3","alt",6,"mm_999",500,0,1,0.02,0.0466666666666667,0.0155555555555556,0.146666666666667,2.43579386250694e-06,3.00962393241428
20,"t3","alt",7,"ols",500,0.0769230769230769,13,0.24,0.0422222222222222,0.00888888888888889,0.0698212395167387,5.96307640206742e-05,2.62330903233341
20,"t3","alt",7,"modt",500,0.133333333333333,15,0.26,0.0444444444444444,0.0111111111111111,0.072855254142233,1.83387311181442e-05,2.62330903233341
20,"t3","alt",7,"fl_199",500,0,0,0,0.0466666666666667,0.00444444444444444,0.0527777777777778,0.005,2.62330903233341
20,"t3","alt",7,"fl_999",500,0,0,0,0.0488888888888889,0.0133333333333333,0.0575555555555555,0.001,2.62330903233341
20,"t3","alt",7,"fl_9999",500,0.181818181818182,11,0.18,0.0488888888888889,0.0133333333333333,0.0585777777777777,1e-04,2.62330903233341
20,"t3","alt",7,"pvw_199",500,0,0,0,0.0466666666666667,0.00888888888888889,0.0950264432943175,0.000771598562175752,2.62330903233341
20,"t3","alt",7,"pvt_199",500,0.192307692307692,26,0.42,0.0777777777777778,0.0266666666666667,0.0988584566019233,1.37187075163186e-08,2.62330903233341
20,"t3","alt",7,"mm_199",500,0.117647058823529,17,0.3,0.06,0.0133333333333333,0.0888243153906492,2.07345247040238e-07,2.62330903233341
20,"t3","alt",7,"pvw_999",500,0,0,0,0.0466666666666667,0.00888888888888889,0.096503386232158,0.000749324648499633,2.62330903233341
20,"t3","alt",7,"pvt_999",500,0.153846153846154,26,0.44,0.08,0.0244444444444444,0.0981980648374643,1.91276161680966e-08,2.62330903233341
20,"t3","alt",7,"mm_999",500,0.222222222222222,9,0.14,0.0488888888888889,0.0133333333333333,0.128888888888889,3.96542157457918e-06,2.62330903233341
20,"t3","alt",8,"ols",500,0,0,0,0.0466666666666667,0.00222222222222222,0.0320446689730206,0.000371600723766168,3.04184482605643
20,"t3","alt",8,"modt",500,0,3,0.06,0.0377777777777778,0.00222222222222222,0.0302741445730495,0.000181445313227682,3.04184482605643
20,"t3","alt",8,"fl_199",500,0,0,0,0.0422222222222222,0,0.0244444444444444,0.005,3.04184482605643
20,"t3","alt",8,"fl_999",500,0,0,0,0.0444444444444444,0.00222222222222222,0.028,0.001,3.04184482605643
20,"t3","alt",8,"fl_9999",500,0,7,0.14,0.0466666666666667,0.00222222222222222,0.0299,1e-04,3.04184482605643
20,"t3","alt",8,"pvw_199",500,0,0,0,0.0488888888888889,0.00222222222222222,0.0561972273320731,0.000644989972637804,3.04184482605643
20,"t3","alt",8,"pvt_199",500,0.0588235294117647,17,0.32,0.0755555555555556,0.0133333333333333,0.0718731782460553,9.34210426101562e-07,3.04184482605643
20,"t3","alt",8,"mm_199",500,0,11,0.22,0.0488888888888889,0.00444444444444444,0.0866666666666667,7.06289501564456e-07,3.04184482605643
20,"t3","alt",8,"pvw_999",500,0,0,0,0.0444444444444444,0.00222222222222222,0.0556426047280488,0.000994840413173708,3.04184482605643
20,"t3","alt",8,"pvt_999",500,0.0588235294117647,17,0.32,0.0777777777777778,0.0177777777777778,0.0708354274096597,1.2842081086945e-06,3.04184482605643
20,"t3","alt",8,"mm_999",500,0,7,0.14,0.0444444444444444,0.00222222222222222,0.133333333333333,3.66888615155316e-05,3.04184482605643
20,"t3","alt",9,"ols",500,0,1,0.02,0.0555555555555556,0.00444444444444444,0.0539282859608667,3.36441392171928e-05,2.87945927147037
20,"t3","alt",9,"modt",500,0,2,0.04,0.0488888888888889,0.0111111111111111,0.0562497305211654,2.17494559187529e-05,2.87945927147037
20,"t3","alt",9,"fl_199",500,0,0,0,0.0444444444444444,0.00222222222222222,0.0538888888888889,0.005,2.87945927147037
20,"t3","alt",9,"fl_999",500,0,0,0,0.0533333333333333,0.00666666666666667,0.048,0.001,2.87945927147037
20,"t3","alt",9,"fl_9999",500,0,0,0,0.0555555555555556,0.00888888888888889,0.0515666666666667,2e-04,2.87945927147037
20,"t3","alt",9,"pvw_199",500,0,0,0,0.0511111111111111,0.00444444444444444,0.0805235849137966,0.000328100655258399,2.87945927147037
20,"t3","alt",9,"pvt_199",500,0.2,10,0.16,0.08,0.0288888888888889,0.0951390394856266,2.99674217838426e-09,2.87945927147037
20,"t3","alt",9,"mm_199",500,0.166666666666667,6,0.1,0.0533333333333333,0.00666666666666667,0.131111111111111,4.85200347090388e-07,2.87945927147037
20,"t3","alt",9,"pvw_999",500,0,0,0,0.0511111111111111,0.00444444444444444,0.0822648311466871,0.00041326182450625,2.87945927147037
20,"t3","alt",9,"pvt_999",500,0.111111111111111,9,0.16,0.0733333333333333,0.0311111111111111,0.0958036765695017,6.53926090546231e-09,2.87945927147037
20,"t3","alt",9,"mm_999",500,0.2,5,0.08,0.0533333333333333,0.00888888888888889,0.175555555555556,4.73260117727572e-06,2.87945927147037
20,"t3","alt",10,"ols",500,0,7,0.14,0.0266666666666667,0.00222222222222222,0.0380349982902038,3.19078568029479e-06,2.61510892611823
20,"t3","alt",10,"modt",500,0,5,0.1,0.0288888888888889,0,0.0399629580702213,2.1720463362532e-05,2.61510892611823
20,"t3","alt",10,"fl_199",500,0,0,0,0.0266666666666667,0.00222222222222222,0.0322222222222222,0.005,2.61510892611823
20,"t3","alt",10,"fl_999",500,0,10,0.2,0.0333333333333333,0.00222222222222222,0.0272222222222222,0.001,2.61510892611823
20,"t3","alt",10,"fl_9999",500,0,9,0.18,0.0288888888888889,0.00222222222222222,0.0319555555555555,1e-04,2.61510892611823
20,"t3","alt",10,"pvw_199",500,0,0,0,0.0333333333333333,0.00222222222222222,0.0672172116925457,0.000173318172753213,2.61510892611823
20,"t3","alt",10,"pvt_199",500,0.0625,16,0.3,0.0688888888888889,0.0222222222222222,0.0716592771608979,6.767055947319e-13,2.61510892611823
20,"t3","alt",10,"mm_199",500,0.0666666666666667,15,0.28,0.0311111111111111,0.00444444444444444,0.0733333333333334,8.71586253813366e-06,2.61510892611823
20,"t3","alt",10,"pvw_999",500,0,0,0,0.0377777777777778,0.00222222222222222,0.0663661856152148,0.000158483222861267,2.61510892611823
20,"t3","alt",10,"pvt_999",500,0.0666666666666667,15,0.28,0.0666666666666667,0.0177777777777778,0.0732831271088439,2.01155388561955e-12,2.61510892611823
20,"t3","alt",10,"mm_999",500,0,11,0.22,0.0333333333333333,0.00222222222222222,0.151111111111111,5.27018495201483e-06,2.61510892611823
20,"t3","alt",11,"ols",500,0,2,0.04,0.0333333333333333,0.00666666666666667,0.0407762791570991,5.7896500184094e-06,2.83110636960923
20,"t3","alt",11,"modt",500,0,1,0.02,0.0422222222222222,0.00222222222222222,0.0396182807668821,5.0952156535028e-05,2.83110636960923
20,"t3","alt",11,"fl_199",500,0,0,0,0.0266666666666667,0.00444444444444444,0.0272222222222222,0.005,2.83110636960923
20,"t3","alt",11,"fl_999",500,0,0,0,0.0355555555555556,0.00666666666666667,0.0286666666666667,0.001,2.83110636960923
20,"t3","alt",11,"fl_9999",500,0,5,0.1,0.0377777777777778,0.00666666666666667,0.0267666666666667,1e-04,2.83110636960923
20,"t3","alt",11,"pvw_199",500,0,0,0,0.0377777777777778,0.00666666666666667,0.0647575788861267,0.000170667243539631,2.83110636960923
20,"t3","alt",11,"pvt_199",500,0.0769230769230769,13,0.24,0.0688888888888889,0.0133333333333333,0.0714546619217783,7.32289806982243e-12,2.83110636960923
20,"t3","alt",11,"mm_199",500,0.142857142857143,7,0.12,0.0333333333333333,0.00666666666666667,0.108888888888889,4.46866617128992e-10,2.83110636960923
20,"t3","alt",11,"pvw_999",500,0,0,0,0.0377777777777778,0.00444444444444444,0.0665727351123245,0.000172236657759863,2.83110636960923
20,"t3","alt",11,"pvt_999",500,0.166666666666667,18,0.3,0.06,0.0155555555555556,0.0700123091890868,1.3662267487632e-11,2.83110636960923
20,"t3","alt",11,"mm_999",500,0,1,0.02,0.0355555555555556,0.00666666666666667,0.184444444444444,4.93611249284357e-10,2.83110636960923
20,"t3","alt",12,"ols",500,0,10,0.2,0.0288888888888889,0.00222222222222222,0.0338117956448046,7.43926052665844e-06,2.64731179837495
20,"t3","alt",12,"modt",500,0,9,0.18,0.0288888888888889,0.00444444444444444,0.034170928509842,3.1951476401984e-06,2.64731179837495
20,"t3","alt",12,"fl_199",500,0,0,0,0.0222222222222222,0,0.0422222222222222,0.005,2.64731179837495
20,"t3","alt",12,"fl_999",500,0,0,0,0.0288888888888889,0.00222222222222222,0.0362222222222223,0.001,2.64731179837495
20,"t3","alt",12,"fl_9999",500,0,13,0.26,0.0311111111111111,0.00666666666666667,0.0363333333333333,1e-04,2.64731179837495
20,"t3","alt",12,"pvw_199",500,0,0,0,0.0288888888888889,0.00444444444444444,0.0461445012850075,0.000343068724256076,2.64731179837495
20,"t3","alt",12,"pvt_199",500,0.0434782608695652,23,0.44,0.0622222222222222,0.0133333333333333,0.055596213963553,1.13774383075592e-10,2.64731179837495
20,"t3","alt",12,"mm_199",500,0,10,0.2,0.0288888888888889,0.00666666666666667,0.117777777777778,2.12174695456775e-07,2.64731179837495
20,"t3","alt",12,"pvw_999",500,0,5,0.1,0.0333333333333333,0.00444444444444444,0.0493344964438077,0.000275539848596481,2.64731179837495
20,"t3","alt",12,"pvt_999",500,0.08,25,0.46,0.0555555555555556,0.0133333333333333,0.0581641558801183,4.68210122144276e-11,2.64731179837495
20,"t3","alt",12,"mm_999",500,0,14,0.28,0.0288888888888889,0.00888888888888889,0.171111111111111,5.23814966002242e-09,2.64731179837495
20,"t3","alt",13,"ols",500,0,1,0.02,0.0511111111111111,0.00888888888888889,0.0339385002846626,2.28587270241444e-05,3.00341723610652
20,"t3","alt",13,"modt",500,0,1,0.02,0.0422222222222222,0.00666666666666667,0.0374460857714819,4.8244436628028e-05,3.00341723610652
20,"t3","alt",13,"fl_199",500,0,0,0,0.0444444444444444,0.00222222222222222,0.0272222222222222,0.005,3.00341723610652
20,"t3","alt",13,"fl_999",500,0,0,0,0.0533333333333333,0.00666666666666667,0.0293333333333334,0.001,3.00341723610652
20,"t3","alt",13,"fl_9999",500,0,1,0.02,0.0533333333333333,0.00888888888888889,0.0272555555555555,1e-04,3.00341723610652
20,"t3","alt",13,"pvw_199",500,0,0,0,0.0555555555555556,0.00222222222222222,0.0548620006545041,0.000828101424141964,3.00341723610652
20,"t3","alt",13,"pvt_199",500,0.176470588235294,17,0.28,0.0755555555555556,0.0244444444444444,0.0617877045766442,1.22268481545284e-08,3.00341723610652
20,"t3","alt",13,"mm_199",500,0,6,0.12,0.0511111111111111,0.0155555555555556,0.104444444444444,1.74098959293235e-09,3.00341723610652
20,"t3","alt",13,"pvw_999",500,0,0,0,0.0533333333333333,0.00666666666666667,0.0548861870540841,0.000568427343761181,3.00341723610652
20,"t3","alt",13,"pvt_999",500,0.142857142857143,14,0.24,0.0755555555555556,0.0266666666666667,0.058839251526177,2.40223322734965e-09,3.00341723610652
20,"t3","alt",13,"mm_999",500,0,1,0.02,0.0511111111111111,0.0111111111111111,0.191111111111111,1.19928884976344e-07,3.00341723610652
20,"t3","alt",14,"ols",500,0,2,0.04,0.0333333333333333,0.00444444444444444,0.0369734794938109,0.000120284164839358,3.15968165031192
20,"t3","alt",14,"modt",500,0,3,0.06,0.0355555555555556,0.00666666666666667,0.0389911936750359,3.42024372436163e-05,3.15968165031192
20,"t3","alt",14,"fl_199",500,0,0,0,0.0355555555555556,0.00444444444444444,0.0461111111111111,0.005,3.15968165031192
20,"t3","alt",14,"fl_999",500,0,0,0,0.0355555555555556,0.00222222222222222,0.0451111111111111,0.001,3.15968165031192
20,"t3","alt",14,"fl_9999",500,0,6,0.12,0.0377777777777778,0.00888888888888889,0.0434777777777778,1e-04,3.15968165031192
20,"t3","alt",14,"pvw_199",500,0,0,0,0.0333333333333333,0.00222222222222222,0.0253078357785318,0.000305448130364622,3.15968165031192
20,"t3","alt",14,"pvt_199",500,0.0833333333333333,12,0.22,0.06,0.0111111111111111,0.0284064583019673,2.18016816614831e-08,3.15968165031192
20,"t3","alt",14,"mm_199",500,0.166666666666667,6,0.1,0.0377777777777778,0.00444444444444444,0.0933333333333334,1.82847081676948e-06,3.15968165031192
20,"t3","alt",14,"pvw_999",500,0,0,0,0.0355555555555556,0.00222222222222222,0.0259649168824634,0.00121682613229478,3.15968165031192
20,"t3","alt",14,"pvt_999",500,0.0714285714285714,14,0.26,0.0622222222222222,0.0111111111111111,0.0401302611989054,1.13438805574324e-07,3.15968165031192
20,"t3","alt",14,"mm_999",500,0,5,0.1,0.0377777777777778,0.00444444444444444,0.171111111111111,5.35603045680377e-05,3.15968165031192
20,"t3","alt",15,"ols",500,0,6,0.12,0.0711111111111111,0.0155555555555556,0.0686107301295188,0.000132683320103848,3.11829472887847
20,"t3","alt",15,"modt",500,0,9,0.18,0.0733333333333333,0.0111111111111111,0.071810258595189,7.46184162046612e-05,3.11829472887847
20,"t3","alt",15,"fl_199",500,0,0,0,0.0688888888888889,0.00666666666666667,0.0538888888888889,0.005,3.11829472887847
20,"t3","alt",15,"fl_999",500,0,0,0,0.0777777777777778,0.0177777777777778,0.0474444444444444,0.001,3.11829472887847
20,"t3","alt",15,"fl_9999",500,0,7,0.14,0.0777777777777778,0.02,0.0524888888888889,2e-04,3.11829472887847
20,"t3","alt",15,"pvw_199",500,0,0,0,0.0844444444444444,0.0133333333333333,0.0893502591619151,0.000840025557307125,3.11829472887847
20,"t3","alt",15,"pvt_199",500,0.269230769230769,26,0.38,0.113333333333333,0.0288888888888889,0.103413360736376,7.65205332133269e-08,3.11829472887847
20,"t3","alt",15,"mm_199",500,0.1,10,0.18,0.0866666666666667,0.02,0.08,1.16277944627898e-06,3.11829472887847
20,"t3","alt",15,"pvw_999",500,0,0,0,0.08,0.0111111111111111,0.0898279441442835,0.000895520273351216,3.11829472887847
20,"t3","alt",15,"pvt_999",500,0.307692307692308,26,0.36,0.113333333333333,0.0288888888888889,0.10047937433564,1.09718173856816e-07,3.11829472887847
20,"t3","alt",15,"mm_999",500,0,8,0.16,0.08,0.0177777777777778,0.144444444444444,3.03109948265778e-05,3.11829472887847
40,"t3","alt",1,"ols",500,0.0740740740740741,27,0.5,0.0666666666666667,0.00888888888888889,0.0718366676842633,2.69718247260411e-06,3.09210956113214
40,"t3","alt",1,"modt",500,0.0740740740740741,27,0.5,0.0688888888888889,0.0111111111111111,0.0648829901460105,3.40644652681913e-06,3.09210956113214
40,"t3","alt",1,"fl_199",500,0,0,0,0.0688888888888889,0.00666666666666667,0.0533333333333333,0.005,3.09210956113214
40,"t3","alt",1,"fl_999",500,0.0714285714285714,14,0.26,0.0733333333333333,0.00888888888888889,0.0594444444444444,0.001,3.09210956113214
40,"t3","alt",1,"fl_9999",500,0.0769230769230769,26,0.48,0.0711111111111111,0.00888888888888889,0.0594666666666667,1e-04,3.09210956113214
40,"t3","alt",1,"pvw_199",500,0.0740740740740741,27,0.5,0.0733333333333333,0.0133333333333333,0.0806833775509105,1.37144984580993e-05,3.09210956113214
40,"t3","alt",1,"pvt_199",500,0.121212121212121,33,0.58,0.0911111111111111,0.0244444444444444,0.0824564216617029,1.24898090534352e-08,3.09210956113214
40,"t3","alt",1,"mm_199",500,0.142857142857143,35,0.6,0.0822222222222222,0.0155555555555556,0.0882048468366294,6.96450678568826e-09,3.09210956113214
40,"t3","alt",1,"pvw_999",500,0.1,20,0.36,0.0777777777777778,0.00888888888888889,0.0844555791021174,3.70617812807384e-05,3.09210956113214
40,"t3","alt",1,"pvt_999",500,0.0882352941176471,34,0.62,0.0911111111111111,0.0244444444444444,0.086447659330218,5.1590181873097e-09,3.09210956113214
40,"t3","alt",1,"mm_999",500,0.0740740740740741,27,0.5,0.0733333333333333,0.00888888888888889,0.122222222222222,7.15155982590134e-07,3.09210956113214
40,"t3","alt",2,"ols",500,0.0555555555555556,18,0.34,0.0466666666666667,0.00666666666666667,0.0488409569487954,1.20035892806202e-07,3.10080178603135
40,"t3","alt",2,"modt",500,0.0526315789473684,19,0.36,0.0511111111111111,0.00444444444444444,0.0484029224126477,6.352811920849e-07,3.10080178603135
40,"t3","alt",2,"fl_199",500,0,0,0,0.0422222222222222,0.00666666666666667,0.0616666666666666,0.005,3.10080178603135
40,"t3","alt",2,"fl_999",500,0.0588235294117647,17,0.32,0.0444444444444444,0.00666666666666667,0.0514444444444445,0.001,3.10080178603135
40,"t3","alt",2,"fl_9999",500,0.0555555555555556,18,0.34,0.0488888888888889,0.00666666666666667,0.0503777777777778,1e-04,3.10080178603135
40,"t3","alt",2,"pvw_199",500,0.0526315789473684,19,0.36,0.0555555555555556,0.00666666666666667,0.0380731026305378,3.07766123275854e-06,3.10080178603135
40,"t3","alt",2,"pvt_199",500,0.0833333333333333,24,0.44,0.0622222222222222,0.0111111111111111,0.0312470572079045,1.43285967892066e-11,3.10080178603135
40,"t3","alt",2,"mm_199",500,0.115384615384615,26,0.46,0.0511111111111111,0.00888888888888889,0.0923906938309664,8.92735621770906e-13,3.10080178603135
40,"t3","alt",2,"pvw_999",500,0.0588235294117647,17,0.32,0.0488888888888889,0.00666666666666667,0.031926764132539,9.81764389217477e-06,3.10080178603135
40,"t3","alt",2,"pvt_999",500,0.0476190476190476,21,0.4,0.0711111111111111,0.0133333333333333,0.0297212206082733,2.71123656711256e-11,3.10080178603135
40,"t3","alt",2,"mm_999",500,0.0952380952380952,21,0.38,0.0511111111111111,0.00666666666666667,0.106666666666667,4.47732873122089e-09,3.10080178603135
40,"t3","alt",3,"ols",500,0.0714285714285714,28,0.52,0.0555555555555556,0.00888888888888889,0.0422296986567451,1.95007762448131e-06,3.36963998028557
40,"t3","alt",3,"modt",500,0.0666666666666667,30,0.56,0.0466666666666667,0.00666666666666667,0.0449237356890745,1.10669112744963e-06,3.36963998028557
40,"t3","alt",3,"fl_199",500,0,0,0,0.0488888888888889,0.00444444444444444,0.03,0.005,3.36963998028557
40,"t3","alt",3,"fl_999",500,0.0714285714285714,28,0.52,0.0577777777777778,0.0111111111111111,0.0353333333333334,0.001,3.36963998028557
40,"t3","alt",3,"fl_9999",500,0.0625,32,0.6,0.0555555555555556,0.00888888888888889,0.0388777777777778,1e-04,3.36963998028557
40,"t3","alt",3,"pvw_199",500,0.0384615384615385,26,0.5,0.0533333333333333,0.00666666666666667,0.0543112196864075,1.4998310146001e-05,3.36963998028557
40,"t3","alt",3,"pvt_199",500,0.0857142857142857,35,0.64,0.0711111111111111,0.0133333333333333,0.0557002050631134,2.87734496021947e-08,3.36963998028557
40,"t3","alt",3,"mm_199",500,0.0606060606060606,33,0.62,0.0622222222222222,0.0133333333333333,0.105548907235093,8.23719565063977e-09,3.36963998028557
40,"t3","alt",3,"pvw_999",500,0.04,25,0.48,0.06,0.00888888888888889,0.0537082590395914,1.05929875184187e-05,3.36963998028557
40,"t3","alt",3,"pvt_999",500,0.0810810810810811,37,0.68,0.0688888888888889,0.00888888888888889,0.0584243469394535,7.78635157248853e-09,3.36963998028557
40,"t3","alt",3,"mm_999",500,0.0625,32,0.6,0.0577777777777778,0.0111111111111111,0.1,1.37309543905225e-08,3.36963998028557
40,"t3","alt",4,"ols",500,0.04,25,0.48,0.0577777777777778,0.0177777777777778,0.0361489635704095,1.33150436022521e-08,3.09316995072168
40,"t3","alt",4,"modt",500,0.0967741935483871,31,0.56,0.0577777777777778,0.02,0.0286494671998363,1.21870120787574e-08,3.09316995072168
40,"t3","alt",4,"fl_199",500,0,0,0,0.0533333333333333,0.0111111111111111,0.0338888888888889,0.005,3.09316995072168
40,"t3","alt",4,"fl_999",500,0.12,25,0.44,0.0622222222222222,0.0222222222222222,0.0365555555555556,0.001,3.09316995072168
40,"t3","alt",4,"fl_9999",500,0.1,30,0.54,0.06,0.0244444444444444,0.0342444444444444,1e-04,3.09316995072168
40,"t3","alt",4,"pvw_199",500,0.0869565217391304,23,0.42,0.0644444444444444,0.0133333333333333,0.0403300094538294,2.76169070384409e-07,3.09316995072168
40,"t3","alt",4,"pvt_199",500,0.131578947368421,38,0.66,0.0733333333333333,0.0266666666666667,0.0494462682618412,3.67703779072591e-15,3.09316995072168
40,"t3","alt",4,"mm_199",500,0.151515151515152,33,0.56,0.0622222222222222,0.0266666666666667,0.0777777777777777,6.71255304992047e-23,3.09316995072168
40,"t3","alt",4,"pvw_999",500,0,21,0.42,0.0644444444444444,0.0155555555555556,0.0387006115133586,1.22561703676655e-06,3.09316995072168
40,"t3","alt",4,"pvt_999",500,0.111111111111111,36,0.64,0.0755555555555556,0.0244444444444444,0.0500114223503994,1.92910585647063e-13,3.09316995072168
40,"t3","alt",4,"mm_999",500,0.147058823529412,34,0.58,0.0622222222222222,0.0222222222222222,0.0911111111111111,1.27193121978291e-11,3.09316995072168
40,"t3","alt",5,"ols",500,0,22,0.44,0.0511111111111111,0.00666666666666667,0.0307041769259073,2.99537207783658e-07,3.18693127411241
40,"t3","alt",5,"modt",500,0,23,0.46,0.0488888888888889,0.00666666666666667,0.0297235190072789,3.16344880397505e-07,3.18693127411241
40,"t3","alt",5,"fl_199",500,0,0,0,0.0444444444444444,0.00666666666666667,0.0388888888888889,0.005,3.18693127411241
40,"t3","alt",5,"fl_999",500,0,21,0.42,0.0466666666666667,0.00444444444444444,0.0385555555555556,0.001,3.18693127411241
40,"t3","alt",5,"fl_9999",500,0.0416666666666667,24,0.46,0.0511111111111111,0.00888888888888889,0.0408222222222223,1e-04,3.18693127411241
40,"t3","alt",5,"pvw_199",500,0,18,0.36,0.0511111111111111,0.00888888888888889,0.0219293447271224,1.77803380567453e-05,3.18693127411241
40,"t3","alt",5,"pvt_199",500,0.0606060606060606,33,0.62,0.0688888888888889,0.0111111111111111,0.0347839430745074,1.49896750946067e-10,3.18693127411241
40,"t3","alt",5,"mm_199",500,0.125,32,0.56,0.0511111111111111,0.0111111111111111,0.0973859733532067,2.57562034689176e-11,3.18693127411241
40,"t3","alt",5,"pvw_999",500,0,21,0.42,0.0533333333333333,0.00666666666666667,0.0215291046953648,6.99595383786187e-06,3.18693127411241
40,"t3","alt",5,"pvt_999",500,0.037037037037037,27,0.52,0.06,0.0111111111111111,0.0275706828818574,4.63372509805963e-11,3.18693127411241
40,"t3","alt",5,"mm_999",500,0.0434782608695652,23,0.44,0.0488888888888889,0.00222222222222222,0.0933333333333334,8.41806799583965e-08,3.18693127411241
40,"t3","alt",6,"ols",500,0,21,0.42,0.0511111111111111,0.00222222222222222,0.0268500347873915,2.31482008553096e-07,3.24940020360368
40,"t3","alt",6,"modt",500,0.0454545454545455,22,0.42,0.0466666666666667,0.00222222222222222,0.0297503899517371,1.52498077128816e-07,3.24940020360368
40,"t3","alt",6,"fl_199",500,0,0,0,0.0466666666666667,0.00222222222222222,0.0461111111111112,0.005,3.24940020360368
40,"t3","alt",6,"fl_999",500,0.0434782608695652,23,0.44,0.0533333333333333,0.00222222222222222,0.0337777777777778,0.001,3.24940020360368
40,"t3","alt",6,"fl_9999",500,0.0454545454545455,22,0.42,0.0533333333333333,0.00222222222222222,0.0368111111111111,1e-04,3.24940020360368
40,"t3","alt",6,"pvw_199",500,0,17,0.34,0.0488888888888889,0.00222222222222222,0.0284909039843848,6.17408740145534e-07,3.24940020360368
40,"t3","alt",6,"pvt_199",500,0.04,25,0.48,0.0555555555555556,0.00666666666666667,0.0290547716182325,1.6669048285531e-11,3.24940020360368
40,"t3","alt",6,"mm_199",500,0.0416666666666667,24,0.46,0.0511111111111111,0.00444444444444444,0.0777777777777777,7.72799723437978e-15,3.24940020360368
40,"t3","alt",6,"pvw_999",500,0,19,0.38,0.0511111111111111,0.00444444444444444,0.0248848945954403,5.70352560426006e-06,3.24940020360368
40,"t3","alt",6,"pvt_999",500,0.04,25,0.48,0.0555555555555556,0.00444444444444444,0.0283159113876801,8.23678701797839e-11,3.24940020360368
40,"t3","alt",6,"mm_999",500,0.037037037037037,27,0.52,0.0511111111111111,0.00444444444444444,0.128888888888889,2.6258187751575e-11,3.24940020360368
40,"t3","alt",7,"ols",500,0,16,0.32,0.0444444444444444,0.00666666666666667,0.0297229103195524,1.38522241224771e-05,3.41283462191226
40,"t3","alt",7,"modt",500,0,18,0.36,0.0444444444444444,0.00444444444444444,0.0249295481183754,7.27446395442485e-06,3.41283462191226
40,"t3","alt",7,"fl_199",500,0,0,0,0.04,0.00444444444444444,0.0277777777777778,0.005,3.41283462191226
40,"t3","alt",7,"fl_999",500,0,11,0.22,0.0444444444444444,0.0111111111111111,0.0262222222222222,0.001,3.41283462191226
40,"t3","alt",7,"fl_9999",500,0,14,0.28,0.0466666666666667,0.00888888888888889,0.0280333333333333,1e-04,3.41283462191226
40,"t3","alt",7,"pvw_199",500,0,14,0.28,0.0488888888888889,0.00888888888888889,0.0433382180204748,1.45092323570708e-05,3.41283462191226
40,"t3","alt",7,"pvt_199",500,0.0476190476190476,21,0.4,0.0577777777777778,0.0155555555555556,0.0510719061373592,2.71767011655221e-08,3.41283462191226
40,"t3","alt",7,"mm_199",500,0.05,20,0.38,0.0488888888888889,0.0133333333333333,0.0869307779753686,1.96939406670291e-09,3.41283462191226
40,"t3","alt",7,"pvw_999",500,0,14,0.28,0.0488888888888889,0.00666666666666667,0.0439524060895963,6.76187573424615e-05,3.41283462191226
40,"t3","alt",7,"pvt_999",500,0.0476190476190476,21,0.4,0.0555555555555556,0.0177777777777778,0.0515507372711643,2.55140650239513e-07,3.41283462191226
40,"t3","alt",7,"mm_999",500,0,15,0.3,0.0466666666666667,0.0111111111111111,0.113333333333333,1.5463929912844e-06,3.41283462191226
40,"t3","alt",8,"ols",500,0.0384615384615385,26,0.5,0.0577777777777778,0.00444444444444444,0.0322519535862613,1.87237798225439e-07,3.40943769104826
40,"t3","alt",8,"modt",500,0.037037037037037,27,0.52,0.0533333333333333,0.00444444444444444,0.0314700836180276,3.19472502573892e-07,3.40943769104826
40,"t3","alt",8,"fl_199",500,0,0,0,0.06,0.00444444444444444,0.045,0.005,3.40943769104826
40,"t3","alt",8,"fl_999",500,0.0384615384615385,26,0.5,0.0644444444444444,0.00888888888888889,0.0306666666666667,0.001,3.40943769104826
40,"t3","alt",8,"fl_9999",500,0.0344827586206897,29,0.56,0.0622222222222222,0.00888888888888889,0.0311111111111111,1e-04,3.40943769104826
40,"t3","alt",8,"pvw_199",500,0,23,0.46,0.0622222222222222,0.00666666666666667,0.0370524850307084,3.21598190210806e-06,3.40943769104826
40,"t3","alt",8,"pvt_199",500,0.0588235294117647,34,0.64,0.08,0.0111111111111111,0.0427543081906308,1.7682430148538e-11,3.40943769104826
40,"t3","alt",8,"mm_199",500,0.0588235294117647,34,0.64,0.0666666666666667,0.0111111111111111,0.08,7.21607228501039e-13,3.40943769104826
40,"t3","alt",8,"pvw_999",500,0.037037037037037,27,0.52,0.0622222222222222,0.00444444444444444,0.0391451436733704,5.99343105231366e-06,3.40943769104826
40,"t3","alt",8,"pvt_999",500,0.0606060606060606,33,0.62,0.0777777777777778,0.0133333333333333,0.0482761114622506,7.67977478487114e-11,3.40943769104826
40,"t3","alt",8,"mm_999",500,0.0645161290322581,31,0.58,0.0688888888888889,0.00888888888888889,0.106666666666667,2.27182871444417e-09,3.40943769104826
40,"t3","alt",9,"ols",500,0,27,0.54,0.0533333333333333,0.00666666666666667,0.0257830621274511,1.05522880013667e-06,3.26776314434762
40,"t3","alt",9,"modt",500,0,25,0.5,0.0511111111111111,0.00888888888888889,0.028820347112629,4.15411992905353e-06,3.26776314434762
40,"t3","alt",9,"fl_199",500,0,0,0,0.0444444444444444,0.00444444444444444,0.0455555555555556,0.005,3.26776314434762
40,"t3","alt",9,"fl_999",500,0,26,0.52,0.0511111111111111,0.00666666666666667,0.039,0.001,3.26776314434762
40,"t3","alt",9,"fl_9999",500,0,27,0.54,0.0555555555555556,0.00666666666666667,0.0349111111111111,1e-04,3.26776314434762
40,"t3","alt",9,"pvw_199",500,0,24,0.48,0.0533333333333333,0.00666666666666667,0.0232550521623237,1.22024898180298e-05,3.26776314434762
40,"t3","alt",9,"pvt_199",500,0.03125,32,0.62,0.0644444444444444,0.0111111111111111,0.0232647498269766,1.65581351933336e-10,3.26776314434762
40,"t3","alt",9,"mm_199",500,0.0344827586206897,29,0.56,0.0555555555555556,0.0111111111111111,0.0783448495710275,7.80173199919218e-09,3.26776314434762
40,"t3","alt",9,"pvw_999",500,0,25,0.5,0.0533333333333333,0.00666666666666667,0.0240964622824773,2.00902702207143e-05,3.26776314434762
40,"t3","alt",9,"pvt_999",500,0.0857142857142857,35,0.64,0.0644444444444444,0.00888888888888889,0.0249162029607111,2.29400984739622e-09,3.26776314434762
40,"t3","alt",9,"mm_999",500,0.0333333333333333,30,0.58,0.0533333333333333,0.00444444444444444,0.113333333333333,4.80885906931131e-08,3.26776314434762
40,"t3","alt",10,"ols",500,0,21,0.42,0.0466666666666667,0.00444444444444444,0.0275446957343208,7.66528987651046e-06,3.16999953366803
40,"t3","alt",10,"modt",500,0,21,0.42,0.0466666666666667,0.00444444444444444,0.0283605343774488,8.18484896447139e-06,3.16999953366803
40,"t3","alt",10,"fl_199",500,0,0,0,0.0466666666666667,0.00222222222222222,0.0322222222222222,0.005,3.16999953366803
40,"t3","alt",10,"fl_999",500,0,20,0.4,0.0466666666666667,0.00888888888888889,0.0305555555555556,0.001,3.16999953366803
40,"t3","alt",10,"fl_9999",500,0,23,0.46,0.0466666666666667,0.00444444444444444,0.0317999999999999,1e-04,3.16999953366803
40,"t3","alt",10,"pvw_199",500,0,22,0.44,0.0533333333333333,0.00444444444444444,0.032793644722233,2.15787286320417e-05,3.16999953366803
40,"t3","alt",10,"pvt_199",500,0.0625,32,0.6,0.0644444444444444,0.0111111111111111,0.034161830501804,8.23029010869103e-08,3.16999953366803
40,"t3","alt",10,"mm_199",500,0.0714285714285714,28,0.52,0.0555555555555556,0.00888888888888889,0.0827861381075351,1.13196665761888e-09,3.16999953366803
40,"t3","alt",10,"pvw_999",500,0,18,0.36,0.0466666666666667,0.00222222222222222,0.034330822175871,4.51648800942386e-05,3.16999953366803
40,"t3","alt",10,"pvt_999",500,0.032258064516129,31,0.6,0.06,0.00888888888888889,0.0355947396181465,7.28069545631126e-08,3.16999953366803
40,"t3","alt",10,"mm_999",500,0,24,0.48,0.0488888888888889,0.00444444444444444,0.108888888888889,9.82371643443764e-07,3.16999953366803
40,"t3","alt",11,"ols",500,0.0909090909090909,22,0.4,0.0577777777777778,0.0133333333333333,0.0394686567598069,5.5504204722939e-08,3.2056134674138
40,"t3","alt",11,"modt",500,0.0909090909090909,22,0.4,0.0555555555555556,0.00888888888888889,0.041465332075948,1.11306639860131e-07,3.2056134674138
40,"t3","alt",11,"fl_199",500,0,0,0,0.0577777777777778,0.00666666666666667,0.0455555555555556,0.005,3.2056134674138
40,"t3","alt",11,"fl_999",500,0.136363636363636,22,0.38,0.0555555555555556,0.00888888888888889,0.0445555555555556,0.001,3.2056134674138
40,"t3","alt",11,"fl_9999",500,0.125,24,0.42,0.0577777777777778,0.0133333333333333,0.039611111111111,1e-04,3.2056134674138
40,"t3","alt",11,"pvw_199",500,0.105263157894737,19,0.34,0.0644444444444444,0.0111111111111111,0.0280045031130096,1.5661424659024e-05,3.2056134674138
40,"t3","alt",11,"pvt_199",500,0.161290322580645,31,0.52,0.0822222222222222,0.0222222222222222,0.0342684514893823,9.56324651081370e-11,3.2056134674138
40,"t3","alt",11,"mm_199",500,0.107142857142857,28,0.5,0.0688888888888889,0.0177777777777778,0.0955555555555555,9.92248164450997e-11,3.2056134674138
40,"t3","alt",11,"pvw_999",500,0.0625,16,0.3,0.0577777777777778,0.0111111111111111,0.0302008709191802,6.62108259838785e-06,3.2056134674138
40,"t3","alt",11,"pvt_999",500,0.103448275862069,29,0.52,0.0711111111111111,0.0155555555555556,0.0381448439265474,6.8419668307557e-12,3.2056134674138
40,"t3","alt",11,"mm_999",500,0.115384615384615,26,0.46,0.0577777777777778,0.0133333333333333,0.115555555555556,6.44200718166625e-12,3.2056134674138
40,"t3","alt",12,"ols",500,0,27,0.54,0.0466666666666667,0.0111111111111111,0.0411383198132402,1.61542239803722e-09,3.10452118335912
40,"t3","alt",12,"modt",500,0,28,0.56,0.0444444444444444,0.0133333333333333,0.0398399325255163,5.21060788719873e-09,3.10452118335912
40,"t3","alt",12,"fl_199",500,0,0,0,0.0511111111111111,0.00888888888888889,0.0355555555555555,0.005,3.10452118335912
40,"t3","alt",12,"fl_999",500,0,23,0.46,0.0466666666666667,0.00666666666666667,0.0342222222222223,0.001,3.10452118335912
40,"t3","alt",12,"fl_9999",500,0,26,0.52,0.0511111111111111,0.0133333333333333,0.0370444444444445,1e-04,3.10452118335912
40,"t3","alt",12,"pvw_199",500,0.037037037037037,27,0.52,0.0533333333333333,0.0133333333333333,0.0467819217984063,2.36141948833499e-07,3.10452118335912
40,"t3","alt",12,"pvt_199",500,0.0909090909090909,33,0.6,0.0644444444444444,0.0177777777777778,0.0521199878860594,8.16814253028972e-19,3.10452118335912
40,"t3","alt",12,"mm_199",500,0.125,32,0.56,0.0555555555555556,0.02,0.0777777777777777,5.21333087048353e-13,3.10452118335912
40,"t3","alt",12,"pvw_999",500,0,20,0.4,0.0533333333333333,0.00888888888888889,0.0487061591627463,1.64833563835975e-06,3.10452118335912
40,"t3","alt",12,"pvt_999",500,0.0882352941176471,34,0.62,0.0622222222222222,0.0222222222222222,0.057870780668311,5.83884747923025e-17,3.10452118335912
40,"t3","alt",12,"mm_999",500,0.037037037037037,27,0.52,0.0444444444444444,0.0111111111111111,0.124444444444444,1.53615844410471e-11,3.10452118335912
40,"t3","alt",13,"ols",500,0.0689655172413793,29,0.54,0.0511111111111111,0.0111111111111111,0.0283517946107387,2.20752581485932e-06,2.99126600387308
40,"t3","alt",13,"modt",500,0.0666666666666667,30,0.56,0.0488888888888889,0.0133333333333333,0.0292457072778069,8.71297425497838e-07,2.99126600387308
40,"t3","alt",13,"fl_199",500,0,0,0,0.0377777777777778,0.00666666666666667,0.025,0.005,2.99126600387308
40,"t3","alt",13,"fl_999",500,0.0666666666666667,30,0.56,0.0444444444444444,0.0133333333333333,0.0207777777777778,0.001,2.99126600387308
40,"t3","alt",13,"fl_9999",500,0.09375,32,0.58,0.0511111111111111,0.0111111111111111,0.0243111111111111,1e-04,2.99126600387308
40,"t3","alt",13,"pvw_199",500,0.0476190476190476,21,0.4,0.0444444444444444,0.0133333333333333,0.0376094053935437,2.67683044921866e-05,2.99126600387308
40,"t3","alt",13,"pvt_199",500,0.121951219512195,41,0.72,0.06,0.0155555555555556,0.0447045760870934,6.43661318611956e-09,2.99126600387308
40,"t3","alt",13,"mm_199",500,0.0882352941176471,34,0.62,0.0466666666666667,0.0133333333333333,0.0838286267703975,6.95144662502592e-10,2.99126600387308
40,"t3","alt",13,"pvw_999",500,0.0454545454545455,22,0.42,0.0444444444444444,0.0111111111111111,0.0409673058279025,2.3048646761332e-05,2.99126600387308
40,"t3","alt",13,"pvt_999",500,0.1,40,0.72,0.0622222222222222,0.0155555555555556,0.0464368271693096,8.37911453543715e-09,2.99126600387308
40,"t3","alt",13,"mm_999",500,0.111111111111111,36,0.64,0.0444444444444444,0.0133333333333333,0.0844444444444444,4.07848782100559e-08,2.99126600387308
40,"t3","alt",14,"ols",500,0,21,0.42,0.0466666666666667,0.0111111111111111,0.0613304798115447,2.18397906028031e-06,3.30999603830951
40,"t3","alt",14,"modt",500,0.0434782608695652,23,0.44,0.0533333333333333,0.0111111111111111,0.0577384886161715,1.22472799362579e-06,3.30999603830951
40,"t3","alt",14,"fl_199",500,0,0,0,0.0488888888888889,0.00888888888888889,0.0416666666666667,0.005,3.30999603830951
40,"t3","alt",14,"fl_999",500,0,21,0.42,0.0488888888888889,0.00666666666666667,0.047888888888889,0.001,3.30999603830951
40,"t3","alt",14,"fl_9999",500,0,26,0.52,0.0511111111111111,0.0111111111111111,0.0559999999999999,1e-04,3.30999603830951
40,"t3","alt",14,"pvw_199",500,0,17,0.34,0.0533333333333333,0.0111111111111111,0.0640102185650858,1.56740636667044e-05,3.30999603830951
40,"t3","alt",14,"pvt_199",500,0.114285714285714,35,0.62,0.0577777777777778,0.0155555555555556,0.0648389596629039,3.54291807752621e-09,3.30999603830951
40,"t3","alt",14,"mm_199",500,0.09375,32,0.58,0.0555555555555556,0.0111111111111111,0.0777777777777777,7.49901318793403e-12,3.30999603830951
40,"t3","alt",14,"pvw_999",500,0,21,0.42,0.0488888888888889,0.00666666666666667,0.0716038523318342,2.7361549007773e-05,3.30999603830951
40,"t3","alt",14,"pvt_999",500,0.0588235294117647,34,0.64,0.0622222222222222,0.0133333333333333,0.0724716939425086,1.59439479052632e-08,3.30999603830951
40,"t3","alt",14,"mm_999",500,0.0344827586206897,29,0.56,0.0511111111111111,0.00888888888888889,0.108888888888889,1.78166938820555e-07,3.30999603830951
40,"t3","alt",15,"ols",500,0,14,0.28,0.0488888888888889,0.00666666666666667,0.0576767759014988,4.41849272733197e-06,3.09292301339313
40,"t3","alt",15,"modt",500,0,11,0.22,0.0488888888888889,0.00222222222222222,0.0564723054582971,5.74146652513416e-06,3.09292301339313
40,"t3","alt",15,"fl_199",500,0,0,0,0.0422222222222222,0.00222222222222222,0.0788888888888888,0.005,3.09292301339313
40,"t3","alt",15,"fl_999",500,0,12,0.24,0.0511111111111111,0.00444444444444444,0.0606666666666667,0.001,3.09292301339313
40,"t3","alt",15,"fl_9999",500,0,12,0.24,0.0511111111111111,0.00666666666666667,0.0605222222222222,1e-04,3.09292301339313
40,"t3","alt",15,"pvw_199",500,0,15,0.3,0.0577777777777778,0.00666666666666667,0.0463256937260945,1.52887199133424e-05,3.09292301339313
40,"t3","alt",15,"pvt_199",500,0,18,0.36,0.0688888888888889,0.0111111111111111,0.0449407601402448,1.17289796631973e-08,3.09292301339313
40,"t3","alt",15,"mm_199",500,0,20,0.4,0.0577777777777778,0.00888888888888889,0.0911111111111111,2.48331522460512e-10,3.09292301339313
40,"t3","alt",15,"pvw_999",500,0,12,0.24,0.0533333333333333,0.00444444444444444,0.0429393651474722,2.57207580522768e-05,3.09292301339313
40,"t3","alt",15,"pvt_999",500,0.0476190476190476,21,0.4,0.0666666666666667,0.00888888888888889,0.0410208521036485,3.51664755671706e-08,3.09292301339313
40,"t3","alt",15,"mm_999",500,0,16,0.32,0.0511111111111111,0.00666666666666667,0.126666666666667,3.08050440099823e-06,3.09292301339313
100,"t3","alt",1,"ols",500,0.0416666666666667,48,0.92,0.0311111111111111,0.00666666666666667,0.0379632631541312,1.01062998080154e-12,3.26951734870368
100,"t3","alt",1,"modt",500,0.0416666666666667,48,0.92,0.0333333333333333,0.00666666666666667,0.0359874170284299,8.05440841300042e-13,3.26951734870368
100,"t3","alt",1,"fl_199",500,0,0,0,0.0288888888888889,0.00222222222222222,0.0483333333333333,0.005,3.26951734870368
100,"t3","alt",1,"fl_999",500,0.0612244897959184,49,0.92,0.0333333333333333,0.00666666666666667,0.0452222222222222,0.001,3.26951734870368
100,"t3","alt",1,"fl_9999",500,0.0416666666666667,48,0.92,0.0311111111111111,0.00666666666666667,0.0470333333333333,1e-04,3.26951734870368
100,"t3","alt",1,"pvw_199",500,0.0408163265306122,49,0.94,0.0333333333333333,0.00888888888888889,0.0352564900640466,4.66068030861802e-11,3.26951734870368
100,"t3","alt",1,"pvt_199",500,0.06,50,0.94,0.0377777777777778,0.00888888888888889,0.0307976149075924,1.19886050719692e-18,3.26951734870368
100,"t3","alt",1,"mm_199",500,0.0212765957446809,47,0.92,0.0288888888888889,0.00888888888888889,0.0736703750360749,3.17113802341523e-24,3.26951734870368
100,"t3","alt",1,"pvw_999",500,0.0416666666666667,48,0.92,0.0311111111111111,0.00666666666666667,0.0321900395660876,3.08618108765791e-10,3.26951734870368
100,"t3","alt",1,"pvt_999",500,0.06,50,0.94,0.04,0.00888888888888889,0.0292345610567859,1.25710116153069e-16,3.26951734870368
100,"t3","alt",1,"mm_999",500,0.0612244897959184,49,0.92,0.0333333333333333,0.00888888888888889,0.0688888888888889,1.09523960396337e-16,3.26951734870368
100,"t3","alt",2,"ols",500,0.0204081632653061,49,0.96,0.0488888888888889,0.00888888888888889,0.0465988942769226,1.4985210254959e-10,3.61448005880765
100,"t3","alt",2,"modt",500,0.0204081632653061,49,0.96,0.0511111111111111,0.00888888888888889,0.0499325566570098,5.98020874790493e-10,3.61448005880765
100,"t3","alt",2,"fl_199",500,0,0,0,0.0422222222222222,0.00222222222222222,0.0416666666666667,0.005,3.61448005880765
100,"t3","alt",2,"fl_999",500,0.0588235294117647,51,0.96,0.0511111111111111,0.00888888888888889,0.041,0.001,3.61448005880765
100,"t3","alt",2,"fl_9999",500,0.04,50,0.96,0.0555555555555556,0.00888888888888889,0.0423444444444444,1e-04,3.61448005880765
100,"t3","alt",2,"pvw_199",500,0.0204081632653061,49,0.96,0.0577777777777778,0.0111111111111111,0.0517175272197554,3.82824415153427e-09,3.61448005880765
100,"t3","alt",2,"pvt_199",500,0.0576923076923077,52,0.98,0.06,0.0133333333333333,0.053512635657881,3.79840094975738e-13,3.61448005880765
100,"t3","alt",2,"mm_199",500,0.02,50,0.98,0.0511111111111111,0.0133333333333333,0.0974991756553599,7.67853666258705e-18,3.61448005880765
100,"t3","alt",2,"pvw_999",500,0.0204081632653061,49,0.96,0.0533333333333333,0.00666666666666667,0.05289355503945,3.90448441514669e-09,3.61448005880765
100,"t3","alt",2,"pvt_999",500,0.04,50,0.96,0.0555555555555556,0.00888888888888889,0.0534541992210778,6.80119679758078e-13,3.61448005880765
100,"t3","alt",2,"mm_999",500,0.0588235294117647,51,0.96,0.0555555555555556,0.00888888888888889,0.0608419677423775,3.62232873331308e-13,3.61448005880765
100,"t3","alt",3,"ols",500,0.02,50,0.98,0.0377777777777778,0.00666666666666667,0.0363312909985056,4.08788676523352e-13,3.24785203335924
100,"t3","alt",3,"modt",500,0.02,50,0.98,0.0377777777777778,0.00666666666666667,0.036272582168371,8.12446498273219e-13,3.24785203335924
100,"t3","alt",3,"fl_199",500,0,0,0,0.0377777777777778,0,0.045,0.005,3.24785203335924
100,"t3","alt",3,"fl_999",500,0.02,50,0.98,0.0333333333333333,0.00444444444444444,0.0415555555555555,0.001,3.24785203335924
100,"t3","alt",3,"fl_9999",500,0.0392156862745098,51,0.98,0.0377777777777778,0.00888888888888889,0.0378555555555555,1e-04,3.24785203335924
100,"t3","alt",3,"pvw_199",500,0.02,50,0.98,0.0422222222222222,0.00222222222222222,0.0282370217760636,2.22814517916717e-11,3.24785203335924
100,"t3","alt",3,"pvt_199",500,0.02,50,0.98,0.0466666666666667,0.00666666666666667,0.0283981347352542,4.4655926147122e-18,3.24785203335924
100,"t3","alt",3,"mm_199",500,0,50,1,0.0466666666666667,0.0111111111111111,0.112142195743164,2.77965211726996e-19,3.24785203335924
100,"t3","alt",3,"pvw_999",500,0.02,50,0.98,0.0377777777777778,0.00444444444444444,0.031885614319357,1.46103168456878e-10,3.24785203335924
100,"t3","alt",3,"pvt_999",500,0.02,50,0.98,0.04,0.00888888888888889,0.0309988927413064,4.23005304770434e-17,3.24785203335924
100,"t3","alt",3,"mm_999",500,0.02,50,0.98,0.0355555555555556,0.00888888888888889,0.0755555555555556,3.25264360665979e-16,3.24785203335924
100,"t3","alt",4,"ols",500,0,47,0.94,0.0266666666666667,0,0.0604993167473468,5.7409490788751e-13,3.36376385112192
100,"t3","alt",4,"modt",500,0,47,0.94,0.0244444444444444,0,0.0617144483701355,5.82953662671076e-13,3.36376385112192
100,"t3","alt",4,"fl_199",500,0,0,0,0.0244444444444444,0,0.0694444444444445,0.005,3.36376385112192
100,"t3","alt",4,"fl_999",500,0,47,0.94,0.0244444444444444,0,0.0698888888888889,0.001,3.36376385112192
100,"t3","alt",4,"fl_9999",500,0,47,0.94,0.0288888888888889,0,0.0660555555555556,1e-04,3.36376385112192
100,"t3","alt",4,"pvw_199",500,0,47,0.94,0.0311111111111111,0,0.0594320406342417,2.11926249005618e-12,3.36376385112192
100,"t3","alt",4,"pvt_199",500,0,47,0.94,0.0333333333333333,0,0.057938581410251,2.75334427130242e-20,3.36376385112192
100,"t3","alt",4,"mm_199",500,0,48,0.96,0.0355555555555556,0,0.0931257870608182,2.81148246445802e-21,3.36376385112192
100,"t3","alt",4,"pvw_999",500,0,47,0.94,0.0311111111111111,0,0.0599325491876865,4.55513674541811e-11,3.36376385112192
100,"t3","alt",4,"pvt_999",500,0,47,0.94,0.0355555555555556,0,0.0579400866350454,6.39487711637776e-17,3.36376385112192
100,"t3","alt",4,"mm_999",500,0,47,0.94,0.0288888888888889,0.00222222222222222,0.0755555555555556,6.6768193606474e-17,3.36376385112192
100,"t3","alt",5,"ols",500,0.0204081632653061,49,0.96,0.0333333333333333,0.00222222222222222,0.036175501414913,3.96267995863345e-13,3.55789153265011
100,"t3","alt",5,"modt",500,0.0204081632653061,49,0.96,0.0333333333333333,0.00222222222222222,0.0374398924153169,9.4238850583031e-13,3.55789153265011
100,"t3","alt",5,"fl_199",500,0.0196078431372549,51,1,0.0244444444444444,0.00222222222222222,0.0372222222222222,0.005,3.55789153265011
100,"t3","alt",5,"fl_999",500,0.0204081632653061,49,0.96,0.0266666666666667,0.00222222222222222,0.0453333333333333,0.001,3.55789153265011
100,"t3","alt",5,"fl_9999",500,0.0204081632653061,49,0.96,0.0311111111111111,0.00222222222222222,0.0437666666666667,1e-04,3.55789153265011
100,"t3","alt",5,"pvw_199",500,0.0204081632653061,49,0.96,0.0377777777777778,0.00222222222222222,0.0280045533974137,3.57272639754763e-12,3.55789153265011
100,"t3","alt",5,"pvt_199",500,0.0204081632653061,49,0.96,0.04,0.00444444444444444,0.0297118225542852,1.6092379280289e-17,3.55789153265011
100,"t3","alt",5,"mm_199",500,0.0196078431372549,51,1,0.0422222222222222,0.00666666666666667,0.0835549346500568,1.8765269363653e-28,3.55789153265011
100,"t3","alt",5,"pvw_999",500,0.0204081632653061,49,0.96,0.0311111111111111,0.00222222222222222,0.0319403300453756,2.41296414455496e-11,3.55789153265011
100,"t3","alt",5,"pvt_999",500,0.0204081632653061,49,0.96,0.0355555555555556,0.00222222222222222,0.0324075669974478,5.15400773954724e-18,3.55789153265011
100,"t3","alt",5,"mm_999",500,0.0204081632653061,49,0.96,0.0311111111111111,0.00222222222222222,0.0711111111111111,1.27523900878997e-18,3.55789153265011
100,"t3","alt",6,"ols",500,0,48,0.96,0.0488888888888889,0.00444444444444444,0.0261604590138474,5.42673393645085e-14,3.30987862214109
100,"t3","alt",6,"modt",500,0,48,0.96,0.0511111111111111,0.00444444444444444,0.0231840626230205,8.12602747837404e-14,3.30987862214109
100,"t3","alt",6,"fl_199",500,0,0,0,0.0466666666666667,0.00444444444444444,0.0333333333333333,0.005,3.30987862214109
100,"t3","alt",6,"fl_999",500,0,46,0.92,0.0488888888888889,0.00444444444444444,0.0258888888888889,0.001,3.30987862214109
100,"t3","alt",6,"fl_9999",500,0,49,0.98,0.0533333333333333,0.00666666666666667,0.0235888888888889,1e-04,3.30987862214109
100,"t3","alt",6,"pvw_199",500,0,47,0.94,0.0422222222222222,0.00444444444444444,0.0315685318732766,1.5658118834671e-11,3.30987862214109
100,"t3","alt",6,"pvt_199",500,0.0204081632653061,49,0.96,0.0466666666666667,0.00888888888888889,0.0337682619364925,9.00615114981468e-26,3.30987862214109
100,"t3","alt",6,"mm_199",500,0.0588235294117647,51,0.96,0.0511111111111111,0.00888888888888889,0.100447395586617,7.5269267582023e-20,3.30987862214109
100,"t3","alt",6,"pvw_999",500,0,48,0.96,0.0488888888888889,0.00222222222222222,0.0293120864635265,3.17188633135797e-11,3.30987862214109
100,"t3","alt",6,"pvt_999",500,0,48,0.96,0.0555555555555556,0.0111111111111111,0.0296951808323892,2.04210916178699e-20,3.30987862214109
100,"t3","alt",6,"mm_999",500,0.0204081632653061,49,0.96,0.0488888888888889,0.00666666666666667,0.0666666666666667,4.76461694040726e-16,3.30987862214109
100,"t3","alt",7,"ols",500,0.0196078431372549,51,1,0.0377777777777778,0.0111111111111111,0.0282353611566406,1.68851827792764e-14,3.33044205229248
100,"t3","alt",7,"modt",500,0.0196078431372549,51,1,0.04,0.00666666666666667,0.0263048578790837,2.10398819705298e-14,3.33044205229248
100,"t3","alt",7,"fl_199",500,0.0392156862745098,51,0.98,0.0355555555555556,0.00444444444444444,0.0372222222222222,0.005,3.33044205229248
100,"t3","alt",7,"fl_999",500,0.0384615384615385,52,1,0.0311111111111111,0.00666666666666667,0.0292222222222222,0.001,3.33044205229248
100,"t3","alt",7,"fl_9999",500,0.0384615384615385,52,1,0.0377777777777778,0.0111111111111111,0.0296222222222222,1e-04,3.33044205229248
100,"t3","alt",7,"pvw_199",500,0.0196078431372549,51,1,0.0377777777777778,0.0111111111111111,0.0292885839243593,6.21940305051044e-12,3.33044205229248
100,"t3","alt",7,"pvt_199",500,0.0566037735849057,53,1,0.04,0.0177777777777778,0.0274412546442787,1.29343033634672e-23,3.33044205229248
100,"t3","alt",7,"mm_199",500,0.0384615384615385,52,1,0.0422222222222222,0.0155555555555556,0.0734283862706202,4.70162136542446e-26,3.33044205229248
100,"t3","alt",7,"pvw_999",500,0.0196078431372549,51,1,0.0333333333333333,0.00666666666666667,0.0268190269335726,4.10682527526408e-11,3.33044205229248
100,"t3","alt",7,"pvt_999",500,0.0196078431372549,51,1,0.0377777777777778,0.0133333333333333,0.0270995157458136,1.44975546672005e-20,3.33044205229248
100,"t3","alt",7,"mm_999",500,0.0384615384615385,52,1,0.0377777777777778,0.0133333333333333,0.0685835381437968,7.49659168102427e-18,3.33044205229248
100,"t3","alt",8,"ols",500,0.06,50,0.94,0.06,0.0155555555555556,0.0329317980665145,3.7720038360308e-12,3.40021892518631
100,"t3","alt",8,"modt",500,0.06,50,0.94,0.0644444444444444,0.0155555555555556,0.0347595914343149,4.39721368648276e-12,3.40021892518631
100,"t3","alt",8,"fl_199",500,0.115384615384615,52,0.92,0.06,0.0133333333333333,0.0383333333333333,0.005,3.40021892518631
100,"t3","alt",8,"fl_999",500,0.0784313725490196,51,0.94,0.06,0.0133333333333333,0.0398888888888889,0.001,3.40021892518631
100,"t3","alt",8,"fl_9999",500,0.06,50,0.94,0.0622222222222222,0.0155555555555556,0.0355666666666666,1e-04,3.40021892518631
100,"t3","alt",8,"pvw_199",500,0.0784313725490196,51,0.94,0.0666666666666667,0.0177777777777778,0.0320728503875037,5.25726388775312e-10,3.40021892518631
100,"t3","alt",8,"pvt_199",500,0.0961538461538462,52,0.94,0.0666666666666667,0.02,0.0364293354995604,1.51416596018779e-18,3.40021892518631
100,"t3","alt",8,"mm_199",500,0.145454545454545,55,0.94,0.0688888888888889,0.0266666666666667,0.086758902070537,5.12447311166532e-17,3.40021892518631
100,"t3","alt",8,"pvw_999",500,0.06,50,0.94,0.0644444444444444,0.0133333333333333,0.0336785440756045,9.05385725176217e-10,3.40021892518631
100,"t3","alt",8,"pvt_999",500,0.0961538461538462,52,0.94,0.0644444444444444,0.0177777777777778,0.0382926178307914,1.10189816556156e-15,3.40021892518631
100,"t3","alt",8,"mm_999",500,0.0784313725490196,51,0.94,0.0644444444444444,0.0111111111111111,0.0822222222222222,6.46578568296507e-17,3.40021892518631
100,"t3","alt",9,"ols",500,0.0961538461538462,52,0.94,0.0555555555555556,0.0155555555555556,0.0424964360370923,1.21486653593926e-13,3.17954019441212
100,"t3","alt",9,"modt",500,0.0961538461538462,52,0.94,0.0577777777777778,0.0155555555555556,0.0422343487241634,6.85371017805744e-13,3.17954019441212
100,"t3","alt",9,"fl_199",500,0,0,0,0.0488888888888889,0.00888888888888889,0.0338888888888888,0.005,3.17954019441212
100,"t3","alt",9,"fl_999",500,0.0961538461538462,52,0.94,0.06,0.0133333333333333,0.0391111111111111,0.001,3.17954019441212
100,"t3","alt",9,"fl_9999",500,0.0961538461538462,52,0.94,0.0555555555555556,0.0155555555555556,0.0390777777777778,1e-04,3.17954019441212
100,"t3","alt",9,"pvw_199",500,0.1,50,0.9,0.0577777777777778,0.0155555555555556,0.0434549876378982,1.35342269209392e-12,3.17954019441212
100,"t3","alt",9,"pvt_199",500,0.127272727272727,55,0.96,0.06,0.0177777777777778,0.0453777908011725,3.11160085739867e-20,3.17954019441212
100,"t3","alt",9,"mm_199",500,0.113207547169811,53,0.94,0.0644444444444444,0.0177777777777778,0.0847468507858734,3.0439965150089e-27,3.17954019441212
100,"t3","alt",9,"pvw_999",500,0.0980392156862745,51,0.92,0.0577777777777778,0.0155555555555556,0.0467921551691825,4.67182382725134e-11,3.17954019441212
100,"t3","alt",9,"pvt_999",500,0.111111111111111,54,0.96,0.0644444444444444,0.0155555555555556,0.0478556965923696,1.56717597869583e-18,3.17954019441212
100,"t3","alt",9,"mm_999",500,0.115384615384615,52,0.92,0.06,0.0155555555555556,0.0822222222222222,5.18891999942747e-22,3.17954019441212
100,"t3","alt",10,"ols",500,0.0208333333333333,48,0.94,0.0688888888888889,0.00666666666666667,0.0567622229085217,5.41114059149498e-14,3.19304765076242
100,"t3","alt",10,"modt",500,0.0208333333333333,48,0.94,0.0711111111111111,0.00666666666666667,0.0550999222316306,3.86108976134966e-14,3.19304765076242
100,"t3","alt",10,"fl_199",500,0.0576923076923077,52,0.98,0.0577777777777778,0.00666666666666667,0.0505555555555556,0.005,3.19304765076242
100,"t3","alt",10,"fl_999",500,0.0392156862745098,51,0.98,0.0666666666666667,0.00888888888888889,0.0555555555555556,0.001,3.19304765076242
100,"t3","alt",10,"fl_9999",500,0.0204081632653061,49,0.96,0.0711111111111111,0.00888888888888889,0.0500111111111111,1e-04,3.19304765076242
100,"t3","alt",10,"pvw_199",500,0.0212765957446809,47,0.92,0.0666666666666667,0.00888888888888889,0.0653781524484037,1.82137146477518e-12,3.19304765076242
100,"t3","alt",10,"pvt_199",500,0.04,50,0.96,0.0755555555555556,0.0155555555555556,0.0671456128661445,8.13967157216327e-21,3.19304765076242
100,"t3","alt",10,"mm_199",500,0.109090909090909,55,0.98,0.0733333333333333,0.0155555555555556,0.0992524499695718,1.75866406875134e-28,3.19304765076242
100,"t3","alt",10,"pvw_999",500,0.0208333333333333,48,0.94,0.0688888888888889,0.00666666666666667,0.0617411714567031,4.6618470542523e-11,3.19304765076242
100,"t3","alt",10,"pvt_999",500,0.04,50,0.96,0.0777777777777778,0.0111111111111111,0.0654107402427956,5.75293787380376e-19,3.19304765076242
100,"t3","alt",10,"mm_999",500,0.0576923076923077,52,0.98,0.0733333333333333,0.00888888888888889,0.0637396651064425,5.52052893503457e-20,3.19304765076242
100,"t3","alt",11,"ols",500,0,41,0.82,0.0511111111111111,0.00222222222222222,0.0570213585281023,1.17765112604413e-11,3.36509684680741
100,"t3","alt",11,"modt",500,0,42,0.84,0.0488888888888889,0.00222222222222222,0.0587762432340709,1.01156415140058e-11,3.36509684680741
100,"t3","alt",11,"fl_199",500,0,0,0,0.0488888888888889,0.00222222222222222,0.0561111111111112,0.005,3.36509684680741
100,"t3","alt",11,"fl_999",500,0,45,0.9,0.0533333333333333,0.00444444444444444,0.0655555555555556,0.001,3.36509684680741
100,"t3","alt",11,"fl_9999",500,0,42,0.84,0.0511111111111111,0.00222222222222222,0.0559111111111111,1e-04,3.36509684680741
100,"t3","alt",11,"pvw_199",500,0,41,0.82,0.0466666666666667,0.00444444444444444,0.0643051045490198,2.08588753458357e-10,3.36509684680741
100,"t3","alt",11,"pvt_199",500,0,41,0.82,0.0577777777777778,0.00888888888888889,0.0640579531280159,4.36934258568526e-15,3.36509684680741
100,"t3","alt",11,"mm_199",500,0.0444444444444444,45,0.86,0.0555555555555556,0.00888888888888889,0.0935487769297477,5.80548070110919e-21,3.36509684680741
100,"t3","alt",11,"pvw_999",500,0,41,0.82,0.0488888888888889,0.00444444444444444,0.0617291622900788,1.1617874845572e-10,3.36509684680741
100,"t3","alt",11,"pvt_999",500,0,43,0.86,0.0555555555555556,0.00444444444444444,0.0618240558710702,5.5941239557343e-16,3.36509684680741
100,"t3","alt",11,"mm_999",500,0,44,0.88,0.0511111111111111,0.00444444444444444,0.0640140992434018,3.92077168311961e-18,3.36509684680741
100,"t3","alt",12,"ols",500,0.0227272727272727,44,0.86,0.0355555555555556,0.00222222222222222,0.0321674259238472,1.09886047580929e-12,3.25647257618095
100,"t3","alt",12,"modt",500,0.0227272727272727,44,0.86,0.0355555555555556,0.00222222222222222,0.0322475676233056,3.53005066205821e-12,3.25647257618095
100,"t3","alt",12,"fl_199",500,0,0,0,0.0288888888888889,0.00444444444444444,0.0411111111111111,0.005,3.25647257618095
100,"t3","alt",12,"fl_999",500,0,41,0.82,0.0355555555555556,0.00222222222222222,0.0323333333333333,0.001,3.25647257618095
100,"t3","alt",12,"fl_9999",500,0.0222222222222222,45,0.88,0.0377777777777778,0.00222222222222222,0.0321666666666667,1e-04,3.25647257618095
100,"t3","alt",12,"pvw_199",500,0.0222222222222222,45,0.88,0.0377777777777778,0.00222222222222222,0.0383783288355169,4.01923555587521e-11,3.25647257618095
100,"t3","alt",12,"pvt_199",500,0.0217391304347826,46,0.9,0.0377777777777778,0.00222222222222222,0.0382158661425615,1.87921778114227e-18,3.25647257618095
100,"t3","alt",12,"mm_199",500,0.0425531914893617,47,0.9,0.0333333333333333,0.00444444444444444,0.0904917946733327,8.74915600931641e-21,3.25647257618095
100,"t3","alt",12,"pvw_999",500,0.0222222222222222,45,0.88,0.0355555555555556,0.00222222222222222,0.0350362492083934,1.95676007795714e-10,3.25647257618095
100,"t3","alt",12,"pvt_999",500,0.0222222222222222,45,0.88,0.0377777777777778,0.00222222222222222,0.0369249750526364,4.25009593845904e-16,3.25647257618095
100,"t3","alt",12,"mm_999",500,0,44,0.88,0.0377777777777778,0.00222222222222222,0.0733333333333334,5.19347507087498e-17,3.25647257618095
100,"t3","alt",13,"ols",500,0.0392156862745098,51,0.98,0.0644444444444444,0.00666666666666667,0.0305234027853231,1.07461918315203e-12,3.26032547222672
100,"t3","alt",13,"modt",500,0.0392156862745098,51,0.98,0.0644444444444444,0.00666666666666667,0.0300507294678043,8.95526108936311e-13,3.26032547222672
100,"t3","alt",13,"fl_199",500,0.04,50,0.96,0.0533333333333333,0.00444444444444444,0.0388888888888889,0.005,3.26032547222672
100,"t3","alt",13,"fl_999",500,0.0392156862745098,51,0.98,0.0577777777777778,0.00666666666666667,0.0416666666666666,0.001,3.26032547222672
100,"t3","alt",13,"fl_9999",500,0.0392156862745098,51,0.98,0.0644444444444444,0.00888888888888889,0.0419777777777778,1e-04,3.26032547222672
100,"t3","alt",13,"pvw_199",500,0.0392156862745098,51,0.98,0.0666666666666667,0.00666666666666667,0.0273918541395088,2.74667346601497e-10,3.26032547222672
100,"t3","alt",13,"pvt_199",500,0.0392156862745098,51,0.98,0.0733333333333333,0.00666666666666667,0.0263452041156576,8.05277958136529e-17,3.26032547222672
100,"t3","alt",13,"mm_199",500,0.0576923076923077,52,0.98,0.0644444444444444,0.00666666666666667,0.102705801035788,4.4658655005615e-21,3.26032547222672
100,"t3","alt",13,"pvw_999",500,0.0392156862745098,51,0.98,0.0644444444444444,0.00444444444444444,0.025390157666642,6.06223067861821e-10,3.26032547222672
100,"t3","alt",13,"pvt_999",500,0.0392156862745098,51,0.98,0.0644444444444444,0.00888888888888889,0.0314806451859008,3.00860819483062e-16,3.26032547222672
100,"t3","alt",13,"mm_999",500,0.0392156862745098,51,0.98,0.0688888888888889,0.00888888888888889,0.061894222584945,4.95700946339926e-16,3.26032547222672
100,"t3","alt",14,"ols",500,0.0576923076923077,52,0.98,0.0355555555555556,0.0111111111111111,0.0361135339521031,3.76073611140197e-11,3.20134191681446
100,"t3","alt",14,"modt",500,0.0576923076923077,52,0.98,0.0333333333333333,0.0133333333333333,0.0336440418366086,4.29338018999108e-11,3.20134191681446
100,"t3","alt",14,"fl_199",500,0.06,50,0.94,0.0377777777777778,0.00666666666666667,0.0344444444444444,0.005,3.20134191681446
100,"t3","alt",14,"fl_999",500,0.109090909090909,55,0.98,0.0355555555555556,0.0155555555555556,0.0305555555555556,0.001,3.20134191681446
100,"t3","alt",14,"fl_9999",500,0.0576923076923077,52,0.98,0.0355555555555556,0.0155555555555556,0.0308333333333333,1e-04,3.20134191681446
100,"t3","alt",14,"pvw_199",500,0.0576923076923077,52,0.98,0.04,0.0133333333333333,0.0441720332100107,1.2348124933526e-09,3.20134191681446
100,"t3","alt",14,"pvt_199",500,0.0754716981132075,53,0.98,0.0422222222222222,0.0155555555555556,0.0438988316530691,4.50435618374498e-13,3.20134191681446
100,"t3","alt",14,"mm_199",500,0.109090909090909,55,0.98,0.0444444444444444,0.0177777777777778,0.113843056362671,4.07075071151238e-17,3.20134191681446
100,"t3","alt",14,"pvw_999",500,0.0392156862745098,51,0.98,0.0355555555555556,0.0133333333333333,0.0390306755741909,2.60850056920595e-09,3.20134191681446
100,"t3","alt",14,"pvt_999",500,0.0754716981132075,53,0.98,0.0377777777777778,0.0177777777777778,0.0396139445276449,8.40664411086434e-14,3.20134191681446
100,"t3","alt",14,"mm_999",500,0.109090909090909,55,0.98,0.0355555555555556,0.0177777777777778,0.0737476216475059,3.95363275819163e-14,3.20134191681446
100,"t3","alt",15,"ols",500,0.0943396226415094,53,0.96,0.0533333333333333,0.0155555555555556,0.0478943647752774,3.54412283335405e-12,3.62207237112032
100,"t3","alt",15,"modt",500,0.0943396226415094,53,0.96,0.0577777777777778,0.0155555555555556,0.0438569626387133,2.46999193527345e-12,3.62207237112032
100,"t3","alt",15,"fl_199",500,0.0943396226415094,53,0.96,0.0555555555555556,0.0111111111111111,0.035,0.005,3.62207237112032
100,"t3","alt",15,"fl_999",500,0.0943396226415094,53,0.96,0.0511111111111111,0.0133333333333333,0.0377777777777778,0.001,3.62207237112032
100,"t3","alt",15,"fl_9999",500,0.0943396226415094,53,0.96,0.0555555555555556,0.0177777777777778,0.0372555555555555,1e-04,3.62207237112032
100,"t3","alt",15,"pvw_199",500,0.0769230769230769,52,0.96,0.0533333333333333,0.0133333333333333,0.0472873056245528,6.59044405719025e-11,3.62207237112032
100,"t3","alt",15,"pvt_199",500,0.111111111111111,54,0.96,0.06,0.02,0.0490298131734282,6.40899832322465e-17,3.62207237112032
100,"t3","alt",15,"mm_199",500,0.111111111111111,54,0.96,0.0666666666666667,0.0222222222222222,0.101477910236275,1.0512026869022e-26,3.62207237112032
100,"t3","alt",15,"pvw_999",500,0.0943396226415094,53,0.96,0.0577777777777778,0.0155555555555556,0.0517125737502008,7.02322493798184e-10,3.62207237112032
100,"t3","alt",15,"pvt_999",500,0.0943396226415094,53,0.96,0.06,0.0222222222222222,0.0536673098175652,8.8949676357837e-16,3.62207237112032
100,"t3","alt",15,"mm_999",500,0.0943396226415094,53,0.96,0.0577777777777778,0.0177777777777778,0.0687289884958898,2.54142462384036e-14,3.62207237112032
10,"contam","alt",1,"ols",500,0,0,0,0.0333333333333333,0.00444444444444444,0.0514557231676546,0.00332360184850703,2.61837288110315
10,"contam","alt",1,"modt",500,0,0,0,0.0333333333333333,0.00444444444444444,0.0524708769863067,0.00330322757712399,2.61837288110315
10,"contam","alt",1,"fl_199",500,0,0,0,0.0377777777777778,0,0.0638888888888889,0.01,2.61837288110315
10,"contam","alt",1,"fl_999",500,0,0,0,0.0377777777777778,0.00666666666666667,0.0589999999999999,0.004,2.61837288110315
10,"contam","alt",1,"fl_9999",500,0,0,0,0.04,0.0111111111111111,0.0618555555555556,0.0035,2.61837288110315
10,"contam","alt",1,"pvw_199",500,0,0,0,0.0355555555555556,0,0.0557826779376013,0.0109712746988572,2.61837288110315
10,"contam","alt",1,"pvt_199",500,0.6,15,0.12,0.106666666666667,0.0422222222222222,0.0829798424134682,2.67883657708946e-07,2.61837288110315
10,"contam","alt",1,"mm_199",500,0,0,0,0.0333333333333333,0.00888888888888889,0.195555555555556,0.0040009403497928,2.61837288110315
10,"contam","alt",1,"pvw_999",500,0,0,0,0.0377777777777778,0.00222222222222222,0.0601650287743157,0.00955333823794964,2.61837288110315
10,"contam","alt",1,"pvt_999",500,0.6,10,0.08,0.108888888888889,0.0333333333333333,0.0901365746206863,2.67144480969219e-07,2.61837288110315
10,"contam","alt",1,"mm_999",500,0,0,0,0.0377777777777778,0.00666666666666667,0.344444444444444,0.00397325348994484,2.61837288110315
10,"contam","alt",2,"ols",500,0,0,0,0.0555555555555556,0.00888888888888889,0.0623560226244617,0.000414415434686885,2.72357991429148
10,"contam","alt",2,"modt",500,0,1,0.02,0.0422222222222222,0.00444444444444444,0.0576653021650415,6.17686208255971e-05,2.72357991429148
10,"contam","alt",2,"fl_199",500,0,0,0,0.0377777777777778,0.00222222222222222,0.06,0.005,2.72357991429148
10,"contam","alt",2,"fl_999",500,0,0,0,0.04,0.00444444444444444,0.0513333333333333,0.001,2.72357991429148
10,"contam","alt",2,"fl_9999",500,0,0,0,0.0466666666666667,0.00888888888888889,0.0496333333333333,2e-04,2.72357991429148
10,"contam","alt",2,"pvw_199",500,0,0,0,0.06,0,0.0401660330104713,0.00367362452517677,2.72357991429148
10,"contam","alt",2,"pvt_199",500,0.764705882352941,17,0.08,0.131111111111111,0.06,0.0893780963436034,8.58383617008827e-12,2.72357991429148
10,"contam","alt",2,"mm_199",500,0.5,2,0.02,0.0444444444444444,0.00222222222222222,0.231111111111111,4.78554786511946e-05,2.72357991429148
10,"contam","alt",2,"pvw_999",500,0,0,0,0.0644444444444444,0.00222222222222222,0.0404997891936288,0.00543454909487307,2.72357991429148
10,"contam","alt",2,"pvt_999",500,0.777777777777778,18,0.08,0.131111111111111,0.0644444444444444,0.0899953268433833,1.69746662650096e-12,2.72357991429148
10,"contam","alt",2,"mm_999",500,0,0,0,0.0488888888888889,0.00444444444444444,0.453333333333333,0.000121286719844837,2.72357991429148
10,"contam","alt",3,"ols",500,0,0,0,0.0444444444444444,0.00222222222222222,0.0323803817010459,0.000618641438177458,2.58369283749252
10,"contam","alt",3,"modt",500,0,0,0,0.0444444444444444,0,0.0334243155710638,0.000678688024651995,2.58369283749252
10,"contam","alt",3,"fl_199",500,0,0,0,0.0422222222222222,0.00222222222222222,0.0233333333333333,0.005,2.58369283749252
10,"contam","alt",3,"fl_999",500,0,0,0,0.0488888888888889,0.00222222222222222,0.0254444444444445,0.001,2.58369283749252
10,"contam","alt",3,"fl_9999",500,0,0,0,0.0466666666666667,0.00444444444444444,0.0281777777777778,3e-04,2.58369283749252
10,"contam","alt",3,"pvw_199",500,0,0,0,0.0444444444444444,0.00222222222222222,0.088240832261793,0.00533493282215927,2.58369283749252
10,"contam","alt",3,"pvt_199",500,0.571428571428571,21,0.18,0.135555555555556,0.0533333333333333,0.121126346858979,5.13954555094572e-11,2.58369283749252
10,"contam","alt",3,"mm_199",500,0,0,0,0.04,0.00444444444444444,0.204444444444444,0.000123073586689791,2.58369283749252
10,"contam","alt",3,"pvw_999",500,0,0,0,0.0511111111111111,0.00222222222222222,0.086822711039464,0.00584275190012529,2.58369283749252
10,"contam","alt",3,"pvt_999",500,0.583333333333333,24,0.2,0.133333333333333,0.0466666666666667,0.124706922190942,9.49419995025252e-11,2.58369283749252
10,"contam","alt",3,"mm_999",500,0,0,0,0.0533333333333333,0.00222222222222222,0.317777777777778,0.000211733430031118,2.58369283749252
10,"contam","alt",4,"ols",500,0,0,0,0.0555555555555556,0.0155555555555556,0.0578877135638199,0.000254283984932385,2.67127691826561
10,"contam","alt",4,"modt",500,0,0,0,0.0577777777777778,0.0222222222222222,0.0541059329445292,0.000956276534758198,2.67127691826561
10,"contam","alt",4,"fl_199",500,0,0,0,0.0555555555555556,0.0111111111111111,0.0622222222222222,0.005,2.67127691826561
10,"contam","alt",4,"fl_999",500,0,0,0,0.0622222222222222,0.02,0.0564444444444445,0.001,2.67127691826561
10,"contam","alt",4,"fl_9999",500,0,0,0,0.0533333333333333,0.02,0.0534666666666666,2e-04,2.67127691826561
10,"contam","alt",4,"pvw_199",500,0,0,0,0.0644444444444444,0.00666666666666667,0.0657706448721353,0.00557010787064069,2.67127691826561
10,"contam","alt",4,"pvt_199",500,0.564102564102564,39,0.34,0.0977777777777778,0.06,0.0801238523134138,2.3296823026186e-14,2.67127691826561
10,"contam","alt",4,"mm_199",500,0.571428571428571,7,0.06,0.0577777777777778,0.0244444444444444,0.222222222222222,5.50208037770539e-06,2.67127691826561
10,"contam","alt",4,"pvw_999",500,0,0,0,0.0666666666666667,0.00666666666666667,0.0650182025271908,0.0051203797449214,2.67127691826561
10,"contam","alt",4,"pvt_999",500,0.567567567567568,37,0.32,0.1,0.0622222222222222,0.0856943911709685,1.77594039196431e-14,2.67127691826561
10,"contam","alt",4,"mm_999",500,1,2,0,0.0622222222222222,0.0177777777777778,0.386666666666667,3.97744912648352e-05,2.67127691826561
10,"contam","alt",5,"ols",500,0,0,0,0.04,0.0111111111111111,0.0449150776915519,0.000376828818294486,2.68699659510112
10,"contam","alt",5,"modt",500,0,0,0,0.0466666666666667,0.0111111111111111,0.043009878900863,0.00133040894966435,2.68699659510112
10,"contam","alt",5,"fl_199",500,0,0,0,0.04,0.00444444444444444,0.0338888888888888,0.005,2.68699659510112
10,"contam","alt",5,"fl_999",500,0,0,0,0.0488888888888889,0.0133333333333333,0.0373333333333333,0.001,2.68699659510112
10,"contam","alt",5,"fl_9999",500,0,0,0,0.0511111111111111,0.0155555555555556,0.0323666666666667,3e-04,2.68699659510112
10,"contam","alt",5,"pvw_199",500,0,0,0,0.0444444444444444,0,0.107596935564078,0.00855150780097954,2.68699659510112
10,"contam","alt",5,"pvt_199",500,0.535714285714286,28,0.26,0.126666666666667,0.0533333333333333,0.13072797919273,4.32381286619122e-14,2.68699659510112
10,"contam","alt",5,"mm_199",500,0,0,0,0.0466666666666667,0.0177777777777778,0.213333333333333,0.000180710797340138,2.68699659510112
10,"contam","alt",5,"pvw_999",500,0,0,0,0.0466666666666667,0.00222222222222222,0.106171307986619,0.0071992949273601,2.68699659510112
10,"contam","alt",5,"pvt_999",500,0.434782608695652,23,0.26,0.128888888888889,0.0511111111111111,0.126607812724876,3.84806868251064e-13,2.68699659510112
10,"contam","alt",5,"mm_999",500,0,0,0,0.0555555555555556,0.0155555555555556,0.32,0.000128841904674602,2.68699659510112
10,"contam","alt",6,"ols",500,0,1,0.02,0.0533333333333333,0.0155555555555556,0.0824272481710847,6.61562338192083e-05,2.90913170318272
10,"contam","alt",6,"modt",500,0,0,0,0.0444444444444444,0.0111111111111111,0.0883018285362831,0.000255453676639683,2.90913170318272
10,"contam","alt",6,"fl_199",500,0,0,0,0.0488888888888889,0,0.0494444444444445,0.01,2.90913170318272
10,"contam","alt",6,"fl_999",500,0,0,0,0.0577777777777778,0.0155555555555556,0.0512222222222223,0.004,2.90913170318272
10,"contam","alt",6,"fl_9999",500,0,0,0,0.0533333333333333,0.0133333333333333,0.0541777777777778,0.0034,2.90913170318272
10,"contam","alt",6,"pvw_199",500,0,0,0,0.0577777777777778,0,0.138463935368591,0.00568995771050316,2.90913170318272
10,"contam","alt",6,"pvt_199",500,0.625,24,0.18,0.1,0.0577777777777778,0.142767851213247,7.39547839972631e-21,2.90913170318272
10,"contam","alt",6,"mm_199",500,0,0,0,0.0511111111111111,0.02,0.1,0.00294156424337908,2.90913170318272
10,"contam","alt",6,"pvw_999",500,0,0,0,0.0622222222222222,0.00444444444444444,0.134020237937584,0.00385229266398985,2.90913170318272
10,"contam","alt",6,"pvt_999",500,0.608695652173913,23,0.18,0.0955555555555556,0.06,0.138259960534256,1.77319469802193e-20,2.90913170318272
10,"contam","alt",6,"mm_999",500,0,0,0,0.0533333333333333,0.0177777777777778,0.191111111111111,0.00174491747269812,2.90913170318272
10,"contam","alt",7,"ols",500,0,0,0,0.0533333333333333,0.0111111111111111,0.0463891179184616,0.000310051003086436,2.81652569297497
10,"contam","alt",7,"modt",500,0,0,0,0.0444444444444444,0.0155555555555556,0.048833876078593,0.000323105393494021,2.81652569297497
10,"contam","alt",7,"fl_199",500,0,0,0,0.0555555555555556,0.0111111111111111,0.045,0.005,2.81652569297497
10,"contam","alt",7,"fl_999",500,0,0,0,0.0577777777777778,0.0177777777777778,0.0398888888888889,0.001,2.81652569297497
10,"contam","alt",7,"fl_9999",500,0,0,0,0.0511111111111111,0.0133333333333333,0.0434444444444445,5e-04,2.81652569297497
10,"contam","alt",7,"pvw_199",500,0,0,0,0.0644444444444444,0.00666666666666667,0.0481527327019835,0.0043226991909946,2.81652569297497
10,"contam","alt",7,"pvt_199",500,0.666666666666667,24,0.16,0.12,0.0577777777777778,0.0760713756480105,8.86816743473985e-17,2.81652569297497
10,"contam","alt",7,"mm_199",500,0.75,4,0.02,0.0511111111111111,0.02,0.215555555555556,5.87673381102258e-08,2.81652569297497
10,"contam","alt",7,"pvw_999",500,0,0,0,0.0622222222222222,0.00444444444444444,0.0449083520396208,0.00365663030844266,2.81652569297497
10,"contam","alt",7,"pvt_999",500,0.68,25,0.16,0.113333333333333,0.0622222222222222,0.0775342911924854,1.77505321247444e-14,2.81652569297497
10,"contam","alt",7,"mm_999",500,0.333333333333333,3,0.04,0.0644444444444444,0.0177777777777778,0.382222222222222,3.59730046019865e-05,2.81652569297497
10,"contam","alt",8,"ols",500,0,0,0,0.0377777777777778,0.00888888888888889,0.019352245747379,0.000134415615697605,2.25611993848104
10,"contam","alt",8,"modt",500,0,2,0.04,0.0422222222222222,0.00222222222222222,0.0235573198913803,7.64126671545807e-05,2.25611993848104
10,"contam","alt",8,"fl_199",500,0,0,0,0.0333333333333333,0,0.0405555555555556,0.005,2.25611993848104
10,"contam","alt",8,"fl_999",500,0,0,0,0.04,0.00666666666666667,0.026,0.001,2.25611993848104
10,"contam","alt",8,"fl_9999",500,0,0,0,0.0377777777777778,0.0111111111111111,0.0269333333333333,2e-04,2.25611993848104
10,"contam","alt",8,"pvw_199",500,0,0,0,0.0422222222222222,0,0.0743586282847696,0.00647150460000389,2.25611993848104
10,"contam","alt",8,"pvt_199",500,0.333333333333333,36,0.48,0.126666666666667,0.0466666666666667,0.102816558908685,1.71198327816472e-17,2.25611993848104
10,"contam","alt",8,"mm_199",500,0,0,0,0.04,0.0111111111111111,0.204444444444444,0.000114322086137334,2.25611993848104
10,"contam","alt",8,"pvw_999",500,0,0,0,0.04,0.00222222222222222,0.0745960740606056,0.00570108824937251,2.25611993848104
10,"contam","alt",8,"pvt_999",500,0.314285714285714,35,0.48,0.124444444444444,0.0466666666666667,0.0987280422108374,3.23012484983967e-17,2.25611993848104
10,"contam","alt",8,"mm_999",500,0,1,0.02,0.0511111111111111,0.00888888888888889,0.362222222222222,6.0191480779197e-05,2.25611993848104
10,"contam","alt",9,"ols",500,0,0,0,0.0488888888888889,0.02,0.08367383643174,0.000567811461780313,2.37958373998851
10,"contam","alt",9,"modt",500,0,0,0,0.0466666666666667,0.0133333333333333,0.0847077323001875,0.000102361335049048,2.37958373998851
10,"contam","alt",9,"fl_199",500,0,0,0,0.0488888888888889,0.00222222222222222,0.055,0.005,2.37958373998851
10,"contam","alt",9,"fl_999",500,0,0,0,0.0511111111111111,0.0111111111111111,0.0594444444444445,0.004,2.37958373998851
10,"contam","alt",9,"fl_9999",500,0,0,0,0.0555555555555556,0.02,0.0558333333333334,0.0021,2.37958373998851
10,"contam","alt",9,"pvw_199",500,0,0,0,0.0533333333333333,0.00888888888888889,0.145178720956509,0.00679847012732163,2.37958373998851
10,"contam","alt",9,"pvt_199",500,0.48780487804878,41,0.42,0.133333333333333,0.0533333333333333,0.160812471764692,2.73007636880797e-11,2.37958373998851
10,"contam","alt",9,"mm_199",500,0,0,0,0.0555555555555556,0.0155555555555556,0.113333333333333,0.00266160350466443,2.37958373998851
10,"contam","alt",9,"pvw_999",500,0,0,0,0.0511111111111111,0.00222222222222222,0.147433371699966,0.00842600569218234,2.37958373998851
10,"contam","alt",9,"pvt_999",500,0.5,40,0.4,0.137777777777778,0.06,0.167219784578996,2.71794850167145e-12,2.37958373998851
10,"contam","alt",9,"mm_999",500,0,0,0,0.0666666666666667,0.0111111111111111,0.206666666666667,0.0037960622483937,2.37958373998851
10,"contam","alt",10,"ols",500,1,1,0,0.0488888888888889,0.00666666666666667,0.0628353007325593,5.21727485835521e-05,2.80393805690027
10,"contam","alt",10,"modt",500,0,0,0,0.06,0.00888888888888889,0.0619086317725649,0.000252995228150567,2.80393805690027
10,"contam","alt",10,"fl_199",500,0,0,0,0.0466666666666667,0.00444444444444444,0.0444444444444444,0.005,2.80393805690027
10,"contam","alt",10,"fl_999",500,0,0,0,0.0466666666666667,0.0133333333333333,0.0543333333333333,0.002,2.80393805690027
10,"contam","alt",10,"fl_9999",500,0,0,0,0.0466666666666667,0.0133333333333333,0.0542666666666666,7e-04,2.80393805690027
10,"contam","alt",10,"pvw_199",500,0,0,0,0.0577777777777778,0.00222222222222222,0.125109675705621,0.00344229709182463,2.80393805690027
10,"contam","alt",10,"pvt_199",500,0.433333333333333,30,0.34,0.12,0.0577777777777778,0.149176215181837,2.31863375556501e-22,2.80393805690027
10,"contam","alt",10,"mm_199",500,0,0,0,0.0466666666666667,0.0133333333333333,0.2,0.000165841009383782,2.80393805690027
10,"contam","alt",10,"pvw_999",500,0,0,0,0.0577777777777778,0.00222222222222222,0.128032105856184,0.00472859343209337,2.80393805690027
10,"contam","alt",10,"pvt_999",500,0.470588235294118,34,0.36,0.126666666666667,0.06,0.154992791211378,1.99951636389332e-23,2.80393805690027
10,"contam","alt",10,"mm_999",500,0,0,0,0.0533333333333333,0.0111111111111111,0.271111111111111,0.000939079152053578,2.80393805690027
10,"contam","alt",11,"ols",500,0,0,0,0.0488888888888889,0.00666666666666667,0.0459218879027382,0.000589284972915291,2.63396974701453
10,"contam","alt",11,"modt",500,0,0,0,0.0533333333333333,0.0133333333333333,0.045240738995046,0.000757236565231552,2.63396974701453
10,"contam","alt",11,"fl_199",500,0,0,0,0.0444444444444444,0.00666666666666667,0.0333333333333333,0.005,2.63396974701453
10,"contam","alt",11,"fl_999",500,0,0,0,0.0511111111111111,0.00888888888888889,0.0383333333333333,0.001,2.63396974701453
10,"contam","alt",11,"fl_9999",500,0,0,0,0.0577777777777778,0.00888888888888889,0.0377888888888889,4e-04,2.63396974701453
10,"contam","alt",11,"pvw_199",500,0,0,0,0.0577777777777778,0.00888888888888889,0.102630808275671,0.0043695834986132,2.63396974701453
10,"contam","alt",11,"pvt_199",500,0.517241379310345,29,0.28,0.124444444444444,0.0555555555555556,0.116869511090207,1.23072537076442e-10,2.63396974701453
10,"contam","alt",11,"mm_199",500,0,4,0.08,0.0555555555555556,0.00888888888888889,0.191111111111111,1.03705759579832e-05,2.63396974701453
10,"contam","alt",11,"pvw_999",500,0,0,0,0.0644444444444444,0.00444444444444444,0.10467536041656,0.00509110783642493,2.63396974701453
10,"contam","alt",11,"pvt_999",500,0.517241379310345,29,0.28,0.117777777777778,0.0577777777777778,0.117171653256164,3.58012565125983e-11,2.63396974701453
10,"contam","alt",11,"mm_999",500,0,2,0.04,0.0577777777777778,0.00888888888888889,0.362222222222222,2.1679997506829e-05,2.63396974701453
10,"contam","alt",12,"ols",500,0,0,0,0.0355555555555556,0.00222222222222222,0.0365126105825867,0.00217255375939266,2.67174269707853
10,"contam","alt",12,"modt",500,0,0,0,0.04,0,0.0334931696518936,0.000338855811829148,2.67174269707853
10,"contam","alt",12,"fl_199",500,0,0,0,0.0355555555555556,0.00222222222222222,0.0438888888888889,0.005,2.67174269707853
10,"contam","alt",12,"fl_999",500,0,0,0,0.0355555555555556,0.00222222222222222,0.0411111111111111,0.001,2.67174269707853
10,"contam","alt",12,"fl_9999",500,0,0,0,0.0422222222222222,0.00222222222222222,0.0433777777777777,0.0022,2.67174269707853
10,"contam","alt",12,"pvw_199",500,0,0,0,0.0311111111111111,0,0.0733473796281414,0.0123440115440365,2.67174269707853
10,"contam","alt",12,"pvt_199",500,0.384615384615385,13,0.16,0.124444444444444,0.0488888888888889,0.107612719226308,1.26373084179777e-07,2.67174269707853
10,"contam","alt",12,"mm_199",500,0,0,0,0.0266666666666667,0.00666666666666667,0.166666666666667,0.000656753117797001,2.67174269707853
10,"contam","alt",12,"pvw_999",500,0,0,0,0.0422222222222222,0,0.0736862215176033,0.0101409696444284,2.67174269707853
10,"contam","alt",12,"pvt_999",500,0.375,8,0.1,0.117777777777778,0.0488888888888889,0.111602524916838,1.03339096563623e-07,2.67174269707853
10,"contam","alt",12,"mm_999",500,0,0,0,0.0377777777777778,0.00444444444444444,0.255555555555556,0.00068372927038246,2.67174269707853
10,"contam","alt",13,"ols",500,0,0,0,0.0555555555555556,0.0133333333333333,0.0255634002987756,0.00131635552382956,2.40488002669534
10,"contam","alt",13,"modt",500,0,0,0,0.0533333333333333,0.0133333333333333,0.0187938881669929,0.000653316639790543,2.40488002669534
10,"contam","alt",13,"fl_199",500,0,0,0,0.0511111111111111,0.00444444444444444,0.0316666666666667,0.005,2.40488002669534
10,"contam","alt",13,"fl_999",500,0,0,0,0.06,0.0111111111111111,0.0272222222222222,0.003,2.40488002669534
10,"contam","alt",13,"fl_9999",500,0,0,0,0.0644444444444444,0.0155555555555556,0.0259666666666667,0.0016,2.40488002669534
10,"contam","alt",13,"pvw_199",500,0,0,0,0.0555555555555556,0.00222222222222222,0.0874478654592379,0.00719227935775027,2.40488002669534
10,"contam","alt",13,"pvt_199",500,0.7,20,0.12,0.122222222222222,0.06,0.108211832386946,7.60507259376038e-09,2.40488002669534
10,"contam","alt",13,"mm_199",500,0,0,0,0.06,0.0177777777777778,0.2,0.00104389511537997,2.40488002669534
10,"contam","alt",13,"pvw_999",500,0,0,0,0.0622222222222222,0.00444444444444444,0.086038945794756,0.00669035365378494,2.40488002669534
10,"contam","alt",13,"pvt_999",500,0.681818181818182,22,0.14,0.128888888888889,0.0622222222222222,0.105498803731856,5.41852565880437e-09,2.40488002669534
10,"contam","alt",13,"mm_999",500,0,0,0,0.0777777777777778,0.0155555555555556,0.402222222222222,0.00317600444628405,2.40488002669534
10,"contam","alt",14,"ols",500,0,2,0.04,0.04,0.00888888888888889,0.0419773530439574,5.83374320686821e-05,2.42105314561205
10,"contam","alt",14,"modt",500,0,0,0,0.04,0.0133333333333333,0.0429920218654034,0.000210479147288267,2.42105314561205
10,"contam","alt",14,"fl_199",500,0,0,0,0.04,0.00444444444444444,0.0483333333333334,0.005,2.42105314561205
10,"contam","alt",14,"fl_999",500,0,0,0,0.0355555555555556,0.00666666666666667,0.0476666666666666,0.001,2.42105314561205
10,"contam","alt",14,"fl_9999",500,0,2,0.04,0.04,0.00888888888888889,0.0438444444444444,1e-04,2.42105314561205
10,"contam","alt",14,"pvw_199",500,0,0,0,0.04,0.00444444444444444,0.106140531329482,0.00429864499022834,2.42105314561205
10,"contam","alt",14,"pvt_199",500,0.4375,32,0.36,0.102222222222222,0.0422222222222222,0.118372301435031,2.19485347954266e-24,2.42105314561205
10,"contam","alt",14,"mm_199",500,0.142857142857143,7,0.12,0.04,0.0111111111111111,0.191111111111111,8.39367526726944e-13,2.42105314561205
10,"contam","alt",14,"pvw_999",500,0,0,0,0.04,0.00222222222222222,0.104720163002334,0.00477885637335495,2.42105314561205
10,"contam","alt",14,"pvt_999",500,0.454545454545455,33,0.36,0.0977777777777778,0.0422222222222222,0.117231939912626,5.5420633933486e-23,2.42105314561205
10,"contam","alt",14,"mm_999",500,0,2,0.04,0.0422222222222222,0.00444444444444444,0.406666666666667,1.46883867949658e-05,2.42105314561205
10,"contam","alt",15,"ols",500,0,0,0,0.0488888888888889,0.0133333333333333,0.0270428849044424,0.000438239115809971,2.48933344795098
10,"contam","alt",15,"modt",500,1,1,0,0.0577777777777778,0.0155555555555556,0.0300094529147368,8.5441711050734e-05,2.48933344795098
10,"contam","alt",15,"fl_199",500,0,0,0,0.0355555555555556,0.00888888888888889,0.0272222222222223,0.005,2.48933344795098
10,"contam","alt",15,"fl_999",500,0,0,0,0.0422222222222222,0.00888888888888889,0.030888888888889,0.004,2.48933344795098
10,"contam","alt",15,"fl_9999",500,0,0,0,0.04,0.00888888888888889,0.0263222222222222,0.0027,2.48933344795098
10,"contam","alt",15,"pvw_199",500,0,0,0,0.0533333333333333,0.00222222222222222,0.0742694240288351,0.00531705376350739,2.48933344795098
10,"contam","alt",15,"pvt_199",500,0.846153846153846,13,0.04,0.126666666666667,0.0488888888888889,0.098094700443897,1.53915892959307e-13,2.48933344795098
10,"contam","alt",15,"mm_199",500,0,0,0,0.04,0.0155555555555556,0.186666666666667,0.000153271458483822,2.48933344795098
10,"contam","alt",15,"pvw_999",500,0,0,0,0.0488888888888889,0.00222222222222222,0.0767517292967614,0.00630359593276254,2.48933344795098
10,"contam","alt",15,"pvt_999",500,0.866666666666667,15,0.04,0.133333333333333,0.0511111111111111,0.106663390815556,4.83265849286811e-13,2.48933344795098
10,"contam","alt",15,"mm_999",500,0,0,0,0.04,0.00888888888888889,0.355555555555556,0.00185506244978971,2.48933344795098
20,"contam","alt",1,"ols",500,0,2,0.04,0.0355555555555556,0.00222222222222222,0.0837516787186092,2.70983931478001e-05,2.88999586334956
20,"contam","alt",1,"modt",500,0,6,0.12,0.0288888888888889,0.00222222222222222,0.0800126406736503,2.34693925073105e-05,2.88999586334956
20,"contam","alt",1,"fl_199",500,0,0,0,0.0311111111111111,0.00222222222222222,0.0605555555555556,0.005,2.88999586334956
20,"contam","alt",1,"fl_999",500,0,0,0,0.0355555555555556,0.00222222222222222,0.075888888888889,0.001,2.88999586334956
20,"contam","alt",1,"fl_9999",500,0,2,0.04,0.0355555555555556,0.00222222222222222,0.078888888888889,1e-04,2.88999586334956
20,"contam","alt",1,"pvw_199",500,0,0,0,0.0355555555555556,0.00222222222222222,0.10290325512822,0.000399204384568251,2.88999586334956
20,"contam","alt",1,"pvt_199",500,0.0714285714285714,14,0.26,0.06,0.02,0.10533524998787,2.06894318220451e-09,2.88999586334956
20,"contam","alt",1,"mm_199",500,0,3,0.06,0.0288888888888889,0.00666666666666667,0.0933333333333334,1.66505057319263e-06,2.88999586334956
20,"contam","alt",1,"pvw_999",500,0,0,0,0.0377777777777778,0.00222222222222222,0.105738031549665,0.000420086949935208,2.88999586334956
20,"contam","alt",1,"pvt_999",500,0.0714285714285714,14,0.26,0.0555555555555556,0.0155555555555556,0.105744538377253,5.09590229151282e-09,2.88999586334956
20,"contam","alt",1,"mm_999",500,0,5,0.1,0.0377777777777778,0.00222222222222222,0.182222222222222,8.65618856635268e-07,2.88999586334956
20,"contam","alt",2,"ols",500,0,1,0.02,0.0333333333333333,0.00888888888888889,0.0315241331358397,2.82535656674188e-05,2.66628059403708
20,"contam","alt",2,"modt",500,0,0,0,0.0333333333333333,0.00888888888888889,0.0373098500684271,0.000259454779711556,2.66628059403708
20,"contam","alt",2,"fl_199",500,0,0,0,0.0311111111111111,0.00666666666666667,0.0411111111111111,0.005,2.66628059403708
20,"contam","alt",2,"fl_999",500,0,0,0,0.04,0.00888888888888889,0.0421111111111111,0.001,2.66628059403708
20,"contam","alt",2,"fl_9999",500,0,1,0.02,0.04,0.0111111111111111,0.0473777777777777,1e-04,2.66628059403708
20,"contam","alt",2,"pvw_199",500,0,0,0,0.0333333333333333,0.00888888888888889,0.0342388333336435,0.0011461487701178,2.66628059403708
20,"contam","alt",2,"pvt_199",500,0.172413793103448,29,0.48,0.0577777777777778,0.0177777777777778,0.0557679760706294,1.19073656141753e-09,2.66628059403708
20,"contam","alt",2,"mm_199",500,0.25,8,0.12,0.0355555555555556,0.0133333333333333,0.0955555555555555,1.65351747616665e-07,2.66628059403708
20,"contam","alt",2,"pvw_999",500,0,0,0,0.0355555555555556,0.00888888888888889,0.0327592617495902,0.00035412611050469,2.66628059403708
20,"contam","alt",2,"pvt_999",500,0.16,25,0.42,0.0555555555555556,0.0155555555555556,0.049190073151567,8.39846979286175e-10,2.66628059403708
20,"contam","alt",2,"mm_999",500,0.25,12,0.18,0.0444444444444444,0.0155555555555556,0.153333333333333,3.43436404092505e-06,2.66628059403708
20,"contam","alt",3,"ols",500,0.125,8,0.14,0.0377777777777778,0.00888888888888889,0.0308527224935282,1.9581195927808e-06,2.87927270449187
20,"contam","alt",3,"modt",500,0,5,0.1,0.0355555555555556,0.00666666666666667,0.0283789507330905,2.73289882778603e-06,2.87927270449187
20,"contam","alt",3,"fl_199",500,0,0,0,0.04,0.00444444444444444,0.0255555555555556,0.005,2.87927270449187
20,"contam","alt",3,"fl_999",500,0,0,0,0.0311111111111111,0.00666666666666667,0.026,0.001,2.87927270449187
20,"contam","alt",3,"fl_9999",500,0.142857142857143,7,0.12,0.0355555555555556,0.0111111111111111,0.0230777777777778,1e-04,2.87927270449187
20,"contam","alt",3,"pvw_199",500,0,0,0,0.0444444444444444,0.00666666666666667,0.0503465835330768,0.000180441554683097,2.87927270449187
20,"contam","alt",3,"pvt_199",500,0.136363636363636,22,0.38,0.0733333333333333,0.0177777777777778,0.0596959528698079,2.18501973450503e-13,2.87927270449187
20,"contam","alt",3,"mm_199",500,0.0666666666666667,15,0.28,0.0444444444444444,0.0133333333333333,0.0688888888888889,1.25015976153084e-07,2.87927270449187
20,"contam","alt",3,"pvw_999",500,0,0,0,0.0377777777777778,0.00666666666666667,0.0508775259497631,0.000252514047713658,2.87927270449187
20,"contam","alt",3,"pvt_999",500,0.173913043478261,23,0.38,0.0755555555555556,0.0177777777777778,0.0543837572208069,3.32771762589979e-13,2.87927270449187
20,"contam","alt",3,"mm_999",500,0.125,8,0.14,0.0377777777777778,0.00444444444444444,0.131111111111111,7.33425969695542e-07,2.87927270449187
20,"contam","alt",4,"ols",500,0,5,0.1,0.0422222222222222,0.00444444444444444,0.0237469159131363,1.34654811777344e-06,2.84838444313024
20,"contam","alt",4,"modt",500,0,3,0.06,0.0444444444444444,0.0111111111111111,0.0263121394648306,1.90114139338997e-05,2.84838444313024
20,"contam","alt",4,"fl_199",500,0,0,0,0.0444444444444444,0.00222222222222222,0.0377777777777778,0.005,2.84838444313024
20,"contam","alt",4,"fl_999",500,0,0,0,0.0422222222222222,0.00888888888888889,0.0294444444444444,0.001,2.84838444313024
20,"contam","alt",4,"fl_9999",500,0,5,0.1,0.0422222222222222,0.0111111111111111,0.0261888888888889,1e-04,2.84838444313024
20,"contam","alt",4,"pvw_199",500,0,1,0.02,0.0466666666666667,0.00444444444444444,0.0340689070523286,9.82591880469655e-05,2.84838444313024
20,"contam","alt",4,"pvt_199",500,0.166666666666667,12,0.2,0.0733333333333333,0.0244444444444444,0.0457448146712286,7.03887475181027e-16,2.84838444313024
20,"contam","alt",4,"mm_199",500,0,7,0.14,0.0466666666666667,0.00888888888888889,0.102222222222222,2.85990890027713e-09,2.84838444313024
20,"contam","alt",4,"pvw_999",500,0,0,0,0.0444444444444444,0.00222222222222222,0.0353802015758657,0.000113553456128273,2.84838444313024
20,"contam","alt",4,"pvt_999",500,0.0909090909090909,11,0.2,0.0644444444444444,0.0311111111111111,0.0490400219109179,6.73845785674545e-16,2.84838444313024
20,"contam","alt",4,"mm_999",500,0,7,0.14,0.0444444444444444,0.00888888888888889,0.188888888888889,1.39362947449892e-07,2.84838444313024
20,"contam","alt",5,"ols",500,0,9,0.18,0.0444444444444444,0.00888888888888889,0.0423258036418582,4.82864958458622e-06,2.74382505962384
20,"contam","alt",5,"modt",500,0,8,0.16,0.0466666666666667,0.00888888888888889,0.0409671636203541,2.35573815116139e-06,2.74382505962384
20,"contam","alt",5,"fl_199",500,0,0,0,0.0511111111111111,0.00666666666666667,0.0361111111111111,0.005,2.74382505962384
20,"contam","alt",5,"fl_999",500,0,0,0,0.0622222222222222,0.0111111111111111,0.0332222222222223,0.001,2.74382505962384
20,"contam","alt",5,"fl_9999",500,0,9,0.18,0.0577777777777778,0.0133333333333333,0.0270555555555556,1e-04,2.74382505962384
20,"contam","alt",5,"pvw_199",500,0,0,0,0.0533333333333333,0.00888888888888889,0.0720637641958499,0.000344271697430711,2.74382505962384
20,"contam","alt",5,"pvt_199",500,0.173913043478261,23,0.38,0.0866666666666667,0.0288888888888889,0.0794318509251319,2.60645976442505e-13,2.74382505962384
20,"contam","alt",5,"mm_199",500,0.176470588235294,17,0.28,0.0555555555555556,0.0133333333333333,0.08,5.25071762215464e-07,2.74382505962384
20,"contam","alt",5,"pvw_999",500,0,0,0,0.0466666666666667,0.00666666666666667,0.0701810300844457,0.000225390102263559,2.74382505962384
20,"contam","alt",5,"pvt_999",500,0.173913043478261,23,0.38,0.0888888888888889,0.0333333333333333,0.0740661361998632,2.88978305994271e-12,2.74382505962384
20,"contam","alt",5,"mm_999",500,0.0714285714285714,14,0.26,0.0555555555555556,0.0133333333333333,0.182222222222222,3.78013243193459e-08,2.74382505962384
20,"contam","alt",6,"ols",500,0,7,0.14,0.0422222222222222,0.00444444444444444,0.0317528314926658,4.21120444802075e-06,2.88557211417445
20,"contam","alt",6,"modt",500,0,9,0.18,0.04,0.00666666666666667,0.0286051434107979,2.22645535735728e-06,2.88557211417445
20,"contam","alt",6,"fl_199",500,0,0,0,0.04,0.00888888888888889,0.0311111111111111,0.005,2.88557211417445
20,"contam","alt",6,"fl_999",500,0,0,0,0.0377777777777778,0.00444444444444444,0.0343333333333333,0.001,2.88557211417445
20,"contam","alt",6,"fl_9999",500,0,7,0.14,0.0422222222222222,0.00666666666666667,0.0337555555555555,1e-04,2.88557211417445
20,"contam","alt",6,"pvw_199",500,0,3,0.06,0.0444444444444444,0.00666666666666667,0.0364310561133574,0.000143775909912781,2.88557211417445
20,"contam","alt",6,"pvt_199",500,0.142857142857143,14,0.24,0.0577777777777778,0.0133333333333333,0.0485295557526299,3.21152776540875e-12,2.88557211417445
20,"contam","alt",6,"mm_199",500,0.166666666666667,12,0.2,0.0466666666666667,0.0155555555555556,0.0955555555555555,1.15439206360473e-11,2.88557211417445
20,"contam","alt",6,"pvw_999",500,0,0,0,0.0422222222222222,0.00444444444444444,0.0314000106030787,0.000257155540332755,2.88557211417445
20,"contam","alt",6,"pvt_999",500,0.142857142857143,14,0.24,0.0666666666666667,0.0133333333333333,0.0487034085004219,5.46192824581895e-12,2.88557211417445
20,"contam","alt",6,"mm_999",500,0.166666666666667,12,0.2,0.0422222222222222,0.00666666666666667,0.171111111111111,5.85060003385829e-07,2.88557211417445
20,"contam","alt",7,"ols",500,0,0,0,0.0444444444444444,0.00888888888888889,0.0556084134481795,0.000186326199170693,2.76845863801704
20,"contam","alt",7,"modt",500,0,3,0.06,0.0466666666666667,0.00666666666666667,0.0572044840270267,6.34008446928912e-05,2.76845863801704
20,"contam","alt",7,"fl_199",500,0,0,0,0.0444444444444444,0.00666666666666667,0.07,0.005,2.76845863801704
20,"contam","alt",7,"fl_999",500,0,0,0,0.0533333333333333,0.00888888888888889,0.0694444444444445,0.001,2.76845863801704
20,"contam","alt",7,"fl_9999",500,0.333333333333333,3,0.04,0.0533333333333333,0.0111111111111111,0.0639777777777778,2e-04,2.76845863801704
20,"contam","alt",7,"pvw_199",500,0,0,0,0.0555555555555556,0.00444444444444444,0.0293035584118606,0.00139157132792044,2.76845863801704
20,"contam","alt",7,"pvt_199",500,0.117647058823529,17,0.3,0.0777777777777778,0.0244444444444444,0.0451738059100125,6.10509999968145e-07,2.76845863801704
20,"contam","alt",7,"mm_199",500,0.375,8,0.1,0.0555555555555556,0.0133333333333333,0.104444444444444,8.70322728973138e-06,2.76845863801704
20,"contam","alt",7,"pvw_999",500,0,0,0,0.0511111111111111,0.00888888888888889,0.030452536246695,0.00113753836274578,2.76845863801704
20,"contam","alt",7,"pvt_999",500,0.235294117647059,17,0.26,0.0822222222222222,0.0288888888888889,0.0468349083716652,6.63516094577629e-07,2.76845863801704
20,"contam","alt",7,"mm_999",500,0.2,5,0.08,0.0511111111111111,0.0111111111111111,0.206666666666667,6.7207093835316e-06,2.76845863801704
20,"contam","alt",8,"ols",500,0.0714285714285714,14,0.26,0.0555555555555556,0.0111111111111111,0.0230856531644163,6.68895499735545e-07,2.67244975642301
20,"contam","alt",8,"modt",500,0.0625,16,0.3,0.06,0.00888888888888889,0.0307192629881642,4.00471979380537e-06,2.67244975642301
20,"contam","alt",8,"fl_199",500,0,0,0,0.0555555555555556,0.0111111111111111,0.0322222222222222,0.005,2.67244975642301
20,"contam","alt",8,"fl_999",500,0.2,20,0.32,0.06,0.0155555555555556,0.0291111111111111,0.001,2.67244975642301
20,"contam","alt",8,"fl_9999",500,0.157894736842105,19,0.32,0.06,0.0177777777777778,0.0261444444444444,1e-04,2.67244975642301
20,"contam","alt",8,"pvw_199",500,0,0,0,0.0511111111111111,0.0111111111111111,0.0545365696762068,0.000217819290133156,2.67244975642301
20,"contam","alt",8,"pvt_199",500,0.161290322580645,31,0.52,0.0822222222222222,0.0288888888888889,0.0643963522712291,1.30857554625131e-15,2.67244975642301
20,"contam","alt",8,"mm_199",500,0.19047619047619,21,0.34,0.0622222222222222,0.0177777777777778,0.0977777777777777,4.17397947392254e-11,2.67244975642301
20,"contam","alt",8,"pvw_999",500,0,0,0,0.0555555555555556,0.0111111111111111,0.0494198793056151,0.000102915927476894,2.67244975642301
20,"contam","alt",8,"pvt_999",500,0.15625,32,0.54,0.0822222222222222,0.0222222222222222,0.0598764430936388,5.07079581523197e-16,2.67244975642301
20,"contam","alt",8,"mm_999",500,0.238095238095238,21,0.32,0.0577777777777778,0.0177777777777778,0.162222222222222,2.36488196310295e-11,2.67244975642301
20,"contam","alt",9,"ols",500,0,6,0.12,0.0266666666666667,0.00888888888888889,0.0419163127672351,7.26668596870732e-06,2.9868693995898
20,"contam","alt",9,"modt",500,0,11,0.22,0.0311111111111111,0.00666666666666667,0.0425601038343549,4.29553661946924e-06,2.9868693995898
20,"contam","alt",9,"fl_199",500,0,0,0,0.0333333333333333,0.00444444444444444,0.0272222222222222,0.005,2.9868693995898
20,"contam","alt",9,"fl_999",500,0.2,10,0.16,0.0333333333333333,0.00444444444444444,0.0283333333333333,0.001,2.9868693995898
20,"contam","alt",9,"fl_9999",500,0.2,10,0.16,0.0333333333333333,0.00666666666666667,0.0303444444444444,1e-04,2.9868693995898
20,"contam","alt",9,"pvw_199",500,0,0,0,0.0311111111111111,0.00666666666666667,0.0718455118919383,0.000132171966965748,2.9868693995898
20,"contam","alt",9,"pvt_199",500,0.15,20,0.34,0.0644444444444444,0.0155555555555556,0.0772256228583537,9.29477221993806e-12,2.9868693995898
20,"contam","alt",9,"mm_199",500,0.105263157894737,19,0.34,0.0355555555555556,0.0133333333333333,0.0717964797458597,1.08283577282367e-13,2.9868693995898
20,"contam","alt",9,"pvw_999",500,0,0,0,0.0311111111111111,0.00444444444444444,0.0660284956515306,0.000268668796297222,2.9868693995898
20,"contam","alt",9,"pvt_999",500,0.15,20,0.34,0.06,0.0177777777777778,0.0773828193416989,1.67095904219095e-11,2.9868693995898
20,"contam","alt",9,"mm_999",500,0.117647058823529,17,0.3,0.0333333333333333,0.00666666666666667,0.142222222222222,7.31491344424828e-09,2.9868693995898
20,"contam","alt",10,"ols",500,0,3,0.06,0.0622222222222222,0.00888888888888889,0.0761866700280821,7.31825384031579e-05,3.11823516118208
20,"contam","alt",10,"modt",500,0,2,0.04,0.0577777777777778,0.00666666666666667,0.0685371098307229,9.00539947925885e-05,3.11823516118208
20,"contam","alt",10,"fl_199",500,0,0,0,0.0555555555555556,0.00444444444444444,0.0561111111111111,0.005,3.11823516118208
20,"contam","alt",10,"fl_999",500,0,0,0,0.0644444444444444,0.00888888888888889,0.0535555555555556,0.001,3.11823516118208
20,"contam","alt",10,"fl_9999",500,0,2,0.04,0.0711111111111111,0.00888888888888889,0.0575444444444444,2e-04,3.11823516118208
20,"contam","alt",10,"pvw_199",500,0,0,0,0.06,0.00666666666666667,0.0971742374889323,0.000481544073847637,3.11823516118208
20,"contam","alt",10,"pvt_199",500,0.333333333333333,9,0.12,0.0844444444444444,0.0177777777777778,0.10150944604356,5.73384821734766e-09,3.11823516118208
20,"contam","alt",10,"mm_199",500,0.2,5,0.08,0.0577777777777778,0.00888888888888889,0.093898330698435,5.15953536497433e-10,3.11823516118208
20,"contam","alt",10,"pvw_999",500,0,0,0,0.0644444444444444,0.00888888888888889,0.0942155833828235,0.000774021007310823,3.11823516118208
20,"contam","alt",10,"pvt_999",500,0.272727272727273,11,0.16,0.0888888888888889,0.02,0.0971008367710771,2.05112135977249e-08,3.11823516118208
20,"contam","alt",10,"mm_999",500,0,3,0.06,0.0666666666666667,0.00888888888888889,0.108888888888889,4.2958471270591e-05,3.11823516118208
20,"contam","alt",11,"ols",500,0,7,0.14,0.0511111111111111,0.0111111111111111,0.0566476190752252,1.15265127567301e-05,2.81809953881868
20,"contam","alt",11,"modt",500,0,6,0.12,0.0533333333333333,0.0111111111111111,0.0452898231211642,2.1264260656883e-05,2.81809953881868
20,"contam","alt",11,"fl_199",500,0,0,0,0.0444444444444444,0.00888888888888889,0.0366666666666666,0.005,2.81809953881868
20,"contam","alt",11,"fl_999",500,0,0,0,0.0555555555555556,0.0155555555555556,0.0447777777777777,0.001,2.81809953881868
20,"contam","alt",11,"fl_9999",500,0,9,0.18,0.0555555555555556,0.0177777777777778,0.0399111111111111,1e-04,2.81809953881868
20,"contam","alt",11,"pvw_199",500,0,0,0,0.0422222222222222,0.0111111111111111,0.0828872843604204,0.000387096608658729,2.81809953881868
20,"contam","alt",11,"pvt_199",500,0.185185185185185,27,0.44,0.0666666666666667,0.0266666666666667,0.0918873283569534,1.64138485574842e-11,2.81809953881868
20,"contam","alt",11,"mm_199",500,0.2,20,0.32,0.0555555555555556,0.0222222222222222,0.115555555555556,1.24971572631562e-06,2.81809953881868
20,"contam","alt",11,"pvw_999",500,0,0,0,0.0533333333333333,0.00888888888888889,0.0866629858011515,0.000259343973429649,2.81809953881868
20,"contam","alt",11,"pvt_999",500,0.185185185185185,27,0.44,0.0622222222222222,0.0244444444444444,0.0946307332894584,7.17000383887875e-11,2.81809953881868
20,"contam","alt",11,"mm_999",500,0,11,0.22,0.0533333333333333,0.0177777777777778,0.151111111111111,1.24364488840647e-07,2.81809953881868
20,"contam","alt",12,"ols",500,0,4,0.08,0.0355555555555556,0.00222222222222222,0.0284495985404101,4.03417867458295e-05,2.89469645214425
20,"contam","alt",12,"modt",500,0,4,0.08,0.0466666666666667,0.00222222222222222,0.0308378460496285,1.43470052974543e-05,2.89469645214425
20,"contam","alt",12,"fl_199",500,0,0,0,0.0422222222222222,0.00444444444444444,0.0472222222222223,0.005,2.89469645214425
20,"contam","alt",12,"fl_999",500,0,0,0,0.0444444444444444,0.00222222222222222,0.0427777777777777,0.001,2.89469645214425
20,"contam","alt",12,"fl_9999",500,0,1,0.02,0.0422222222222222,0.00222222222222222,0.041888888888889,1e-04,2.89469645214425
20,"contam","alt",12,"pvw_199",500,0,0,0,0.0444444444444444,0.00444444444444444,0.0541471210689273,0.000389039090301347,2.89469645214425
20,"contam","alt",12,"pvt_199",500,0.0714285714285714,14,0.26,0.08,0.0133333333333333,0.0701075394828732,6.0484097262382e-09,2.89469645214425
20,"contam","alt",12,"mm_199",500,0.0909090909090909,11,0.2,0.0466666666666667,0.00444444444444444,0.08,6.25003830797047e-07,2.89469645214425
20,"contam","alt",12,"pvw_999",500,0,0,0,0.04,0.00222222222222222,0.0550384295343104,0.000402039600724769,2.89469645214425
20,"contam","alt",12,"pvt_999",500,0.0769230769230769,13,0.24,0.08,0.0111111111111111,0.0750261086966398,4.43713854141338e-09,2.89469645214425
20,"contam","alt",12,"mm_999",500,0,5,0.1,0.0444444444444444,0.00444444444444444,0.144444444444444,2.41911150501449e-06,2.89469645214425
20,"contam","alt",13,"ols",500,0.5,2,0.02,0.0466666666666667,0.0111111111111111,0.0735022734957393,0.000155999256852211,2.88967765531312
20,"contam","alt",13,"modt",500,0,0,0,0.0533333333333333,0.0111111111111111,0.0711673109293899,0.00021221374048933,2.88967765531312
20,"contam","alt",13,"fl_199",500,0,0,0,0.0488888888888889,0.00888888888888889,0.0461111111111112,0.005,2.88967765531312
20,"contam","alt",13,"fl_999",500,0,0,0,0.0555555555555556,0.0133333333333333,0.0541111111111111,0.001,2.88967765531312
20,"contam","alt",13,"fl_9999",500,0.111111111111111,9,0.16,0.0577777777777778,0.0155555555555556,0.0559444444444443,1e-04,2.88967765531312
20,"contam","alt",13,"pvw_199",500,0,0,0,0.0511111111111111,0.00888888888888889,0.0967921554161749,0.000880015452674577,2.88967765531312
20,"contam","alt",13,"pvt_199",500,0.217391304347826,23,0.36,0.0911111111111111,0.0266666666666667,0.0970117428679299,3.41332988150759e-08,2.88967765531312
20,"contam","alt",13,"mm_199",500,0.214285714285714,14,0.22,0.0555555555555556,0.0177777777777778,0.0884782582700279,0.000149500799729802,2.88967765531312
20,"contam","alt",13,"pvw_999",500,0,0,0,0.0533333333333333,0.00888888888888889,0.0934213829550578,0.000979870343617531,2.88967765531312
20,"contam","alt",13,"pvt_999",500,0.25,24,0.36,0.0933333333333333,0.0266666666666667,0.0950564579154475,1.28458482101957e-07,2.88967765531312
20,"contam","alt",13,"mm_999",500,0.166666666666667,12,0.2,0.0555555555555556,0.0133333333333333,0.126666666666667,1.69900176676599e-05,2.88967765531312
20,"contam","alt",14,"ols",500,0.181818181818182,11,0.18,0.0466666666666667,0.0111111111111111,0.0403028824667114,5.55032516074886e-05,2.87490127236427
20,"contam","alt",14,"modt",500,0,6,0.12,0.0511111111111111,0.0111111111111111,0.0376404003568968,0.000104187275317522,2.87490127236427
20,"contam","alt",14,"fl_199",500,0,0,0,0.0466666666666667,0.00666666666666667,0.0372222222222223,0.005,2.87490127236427
20,"contam","alt",14,"fl_999",500,0,0,0,0.0466666666666667,0.0133333333333333,0.049,0.001,2.87490127236427
20,"contam","alt",14,"fl_9999",500,0.125,8,0.14,0.0466666666666667,0.0111111111111111,0.0472333333333333,1e-04,2.87490127236427
20,"contam","alt",14,"pvw_199",500,0,0,0,0.0533333333333333,0.00888888888888889,0.0650293511678921,0.000555148559635292,2.87490127236427
20,"contam","alt",14,"pvt_199",500,0.210526315789474,19,0.3,0.0866666666666667,0.0333333333333333,0.0741469210999812,2.99240686827804e-08,2.87490127236427
20,"contam","alt",14,"mm_199",500,0.25,12,0.18,0.0466666666666667,0.0133333333333333,0.102222222222222,5.15670901897157e-06,2.87490127236427
20,"contam","alt",14,"pvw_999",500,0,0,0,0.0488888888888889,0.00888888888888889,0.0681693059059127,0.000762081493924131,2.87490127236427
20,"contam","alt",14,"pvt_999",500,0.263157894736842,19,0.28,0.0888888888888889,0.0311111111111111,0.0739604404188352,3.10215359303481e-08,2.87490127236427
20,"contam","alt",14,"mm_999",500,0.214285714285714,14,0.22,0.0466666666666667,0.0133333333333333,0.191111111111111,4.10905432125887e-05,2.87490127236427
20,"contam","alt",15,"ols",500,0,10,0.2,0.0422222222222222,0.0111111111111111,0.0424131697878008,2.30747504216459e-05,2.67822093877048
20,"contam","alt",15,"modt",500,0.0714285714285714,14,0.26,0.0422222222222222,0.0155555555555556,0.0446298949497756,1.32100835394266e-05,2.67822093877048
20,"contam","alt",15,"fl_199",500,0,0,0,0.0444444444444444,0.00444444444444444,0.0233333333333333,0.005,2.67822093877048
20,"contam","alt",15,"fl_999",500,0,10,0.2,0.0533333333333333,0.0111111111111111,0.0194444444444445,0.001,2.67822093877048
20,"contam","alt",15,"fl_9999",500,0,11,0.22,0.0555555555555556,0.00888888888888889,0.0235777777777778,1e-04,2.67822093877048
20,"contam","alt",15,"pvw_199",500,0,0,0,0.0377777777777778,0.00888888888888889,0.0616885370886276,0.000458952970846316,2.67822093877048
20,"contam","alt",15,"pvt_199",500,0.222222222222222,27,0.42,0.0888888888888889,0.0266666666666667,0.0697541666517692,1.43338582994114e-10,2.67822093877048
20,"contam","alt",15,"mm_199",500,0.133333333333333,15,0.26,0.0488888888888889,0.0155555555555556,0.0711111111111111,1.07195689643712e-07,2.67822093877048
20,"contam","alt",15,"pvw_999",500,0,0,0,0.0422222222222222,0.00888888888888889,0.0634345929106728,0.000605829074212875,2.67822093877048
20,"contam","alt",15,"pvt_999",500,0.2,25,0.4,0.0933333333333333,0.0266666666666667,0.0804791061221607,7.96738299250093e-10,2.67822093877048
20,"contam","alt",15,"mm_999",500,0,14,0.28,0.0511111111111111,0.0133333333333333,0.131111111111111,3.79177606523273e-05,2.67822093877048
40,"contam","alt",1,"ols",500,0.0833333333333333,24,0.44,0.0488888888888889,0.00666666666666667,0.0981740873161798,2.5697375378638e-07,3.06825237315846
40,"contam","alt",1,"modt",500,0.0833333333333333,24,0.44,0.0511111111111111,0.00888888888888889,0.0944528431800643,4.59395913728035e-07,3.06825237315846
40,"contam","alt",1,"fl_199",500,0,0,0,0.0488888888888889,0.00888888888888889,0.0833333333333334,0.005,3.06825237315846
40,"contam","alt",1,"fl_999",500,0.0869565217391304,23,0.42,0.0466666666666667,0.00666666666666667,0.0828888888888889,0.001,3.06825237315846
40,"contam","alt",1,"fl_9999",500,0.0740740740740741,27,0.5,0.0511111111111111,0.00888888888888889,0.0849111111111111,1e-04,3.06825237315846
40,"contam","alt",1,"pvw_199",500,0.0833333333333333,24,0.44,0.0555555555555556,0.0111111111111111,0.115342234292299,9.28804595762993e-07,3.06825237315846
40,"contam","alt",1,"pvt_199",500,0.103448275862069,29,0.52,0.06,0.0133333333333333,0.115885240655436,1.4549930149333e-10,3.06825237315846
40,"contam","alt",1,"mm_199",500,0.0689655172413793,29,0.54,0.0555555555555556,0.0177777777777778,0.0918079937853031,9.82050179194472e-16,3.06825237315846
40,"contam","alt",1,"pvw_999",500,0.0833333333333333,24,0.44,0.0488888888888889,0.00666666666666667,0.114525359329918,3.18984294582194e-06,3.06825237315846
40,"contam","alt",1,"pvt_999",500,0.0967741935483871,31,0.56,0.0577777777777778,0.0111111111111111,0.118023382641671,5.64754326231551e-11,3.06825237315846
40,"contam","alt",1,"mm_999",500,0.0740740740740741,27,0.5,0.0488888888888889,0.00666666666666667,0.08,1.92933821860608e-14,3.06825237315846
40,"contam","alt",2,"ols",500,0,4,0.08,0.0555555555555556,0.00888888888888889,0.0296353411323543,2.9786193966182e-05,3.05474131680378
40,"contam","alt",2,"modt",500,0,6,0.12,0.0533333333333333,0.0111111111111111,0.0303807166842415,3.38958508409175e-05,3.05474131680378
40,"contam","alt",2,"fl_199",500,0,0,0,0.0533333333333333,0.00666666666666667,0.0305555555555556,0.005,3.05474131680378
40,"contam","alt",2,"fl_999",500,0,0,0,0.06,0.0133333333333333,0.0288888888888888,0.001,3.05474131680378
40,"contam","alt",2,"fl_9999",500,0,6,0.12,0.0577777777777778,0.0111111111111111,0.0269222222222222,1e-04,3.05474131680378
40,"contam","alt",2,"pvw_199",500,0,0,0,0.0555555555555556,0.0133333333333333,0.0436567066779949,0.000168876186767559,3.05474131680378
40,"contam","alt",2,"pvt_199",500,0.2,15,0.24,0.0644444444444444,0.02,0.0453383268937052,1.56621944467158e-06,3.05474131680378
40,"contam","alt",2,"mm_199",500,0.153846153846154,13,0.22,0.0577777777777778,0.0155555555555556,0.089522891265105,2.35427452314885e-06,3.05474131680378
40,"contam","alt",2,"pvw_999",500,0,3,0.06,0.0577777777777778,0.0111111111111111,0.0427556251105526,0.000139636546200951,3.05474131680378
40,"contam","alt",2,"pvt_999",500,0.235294117647059,17,0.26,0.0666666666666667,0.0177777777777778,0.0437527092096357,1.39548029900165e-06,3.05474131680378
40,"contam","alt",2,"mm_999",500,0,5,0.1,0.06,0.0111111111111111,0.1,1.04790652897931e-05,3.05474131680378
40,"contam","alt",3,"ols",500,0,21,0.42,0.0555555555555556,0.00888888888888889,0.0240290117168601,3.75921908913195e-07,3.14821384269916
40,"contam","alt",3,"modt",500,0,22,0.44,0.06,0.00888888888888889,0.0269950252445135,1.97785375082919e-07,3.14821384269916
40,"contam","alt",3,"fl_199",500,0,0,0,0.0488888888888889,0.00666666666666667,0.0427777777777778,0.005,3.14821384269916
40,"contam","alt",3,"fl_999",500,0.0434782608695652,23,0.44,0.0577777777777778,0.0133333333333333,0.0412222222222222,0.001,3.14821384269916
40,"contam","alt",3,"fl_9999",500,0.0740740740740741,27,0.5,0.0622222222222222,0.0133333333333333,0.0389111111111111,1e-04,3.14821384269916
40,"contam","alt",3,"pvw_199",500,0,26,0.52,0.0577777777777778,0.0155555555555556,0.0303972985751242,5.45937938913374e-06,3.14821384269916
40,"contam","alt",3,"pvt_199",500,0,29,0.58,0.0733333333333333,0.0177777777777778,0.0353160216312714,1.47906404514404e-11,3.14821384269916
40,"contam","alt",3,"mm_199",500,0.125,32,0.56,0.0666666666666667,0.0155555555555556,0.0852947624539538,8.05632545617387e-09,3.14821384269916
40,"contam","alt",3,"pvw_999",500,0,23,0.46,0.0577777777777778,0.00888888888888889,0.0287255553067183,7.77816997808547e-06,3.14821384269916
40,"contam","alt",3,"pvt_999",500,0,30,0.6,0.0688888888888889,0.02,0.0355781749471465,1.36532742982749e-10,3.14821384269916
40,"contam","alt",3,"mm_999",500,0.0714285714285714,28,0.52,0.06,0.0111111111111111,0.102222222222222,4.05631033845289e-11,3.14821384269916
40,"contam","alt",4,"ols",500,0,21,0.42,0.0488888888888889,0.00666666666666667,0.0462484510191207,5.20159229116593e-07,2.95425985023391
40,"contam","alt",4,"modt",500,0,21,0.42,0.0466666666666667,0.00666666666666667,0.0503083382025715,2.72693303049234e-07,2.95425985023391
40,"contam","alt",4,"fl_199",500,0,0,0,0.0355555555555556,0.00666666666666667,0.0349999999999999,0.005,2.95425985023391
40,"contam","alt",4,"fl_999",500,0,13,0.26,0.0444444444444444,0.0111111111111111,0.0377777777777778,0.001,2.95425985023391
40,"contam","alt",4,"fl_9999",500,0,23,0.46,0.0511111111111111,0.0111111111111111,0.0317,1e-04,2.95425985023391
40,"contam","alt",4,"pvw_199",500,0,15,0.3,0.0488888888888889,0.00444444444444444,0.0607724780361427,3.74871454835016e-05,2.95425985023391
40,"contam","alt",4,"pvt_199",500,0.037037037037037,27,0.52,0.0622222222222222,0.0155555555555556,0.0641125280947349,1.33219430157657e-09,2.95425985023391
40,"contam","alt",4,"mm_199",500,0.0434782608695652,23,0.44,0.0466666666666667,0.0133333333333333,0.0790086555290607,5.63300038227945e-08,2.95425985023391
40,"contam","alt",4,"pvw_999",500,0,15,0.3,0.0466666666666667,0.00666666666666667,0.0586828363110757,1.72829841472377e-05,2.95425985023391
40,"contam","alt",4,"pvt_999",500,0,27,0.54,0.0622222222222222,0.0155555555555556,0.0612756660422877,1.39424638519686e-09,2.95425985023391
40,"contam","alt",4,"mm_999",500,0.05,20,0.38,0.0466666666666667,0.0133333333333333,0.0711111111111111,4.5300545072631e-08,2.95425985023391
40,"contam","alt",5,"ols",500,0.1,30,0.54,0.0377777777777778,0.00888888888888889,0.044285230753667,1.38023759830879e-09,3.18234015527406
40,"contam","alt",5,"modt",500,0.103448275862069,29,0.52,0.0422222222222222,0.0111111111111111,0.0464719526411782,2.88443440010602e-09,3.18234015527406
40,"contam","alt",5,"fl_199",500,0,0,0,0.0355555555555556,0.00888888888888889,0.0333333333333333,0.005,3.18234015527406
40,"contam","alt",5,"fl_999",500,0.0967741935483871,31,0.56,0.0466666666666667,0.0111111111111111,0.0278888888888888,0.001,3.18234015527406
40,"contam","alt",5,"fl_9999",500,0.0909090909090909,33,0.6,0.0511111111111111,0.0111111111111111,0.0318888888888888,1e-04,3.18234015527406
40,"contam","alt",5,"pvw_199",500,0.0740740740740741,27,0.5,0.0422222222222222,0.00888888888888889,0.0565616382020868,7.43884978756442e-07,3.18234015527406
40,"contam","alt",5,"pvt_199",500,0.117647058823529,34,0.6,0.06,0.0111111111111111,0.0590793251649325,5.3898288760405e-18,3.18234015527406
40,"contam","alt",5,"mm_199",500,0.121212121212121,33,0.58,0.0488888888888889,0.0155555555555556,0.0928938072230683,8.63508624239722e-14,3.18234015527406
40,"contam","alt",5,"pvw_999",500,0.0740740740740741,27,0.5,0.04,0.00888888888888889,0.0547431703007225,3.60133855386008e-07,3.18234015527406
40,"contam","alt",5,"pvt_999",500,0.114285714285714,35,0.62,0.0577777777777778,0.0133333333333333,0.0574428613854522,6.36844366081044e-17,3.18234015527406
40,"contam","alt",5,"mm_999",500,0.0909090909090909,33,0.6,0.0466666666666667,0.0133333333333333,0.0758078592054075,3.49402227237092e-14,3.18234015527406
40,"contam","alt",6,"ols",500,0.0645161290322581,31,0.58,0.0333333333333333,0.00888888888888889,0.0436677759331087,1.98648019959675e-06,3.31239693201205
40,"contam","alt",6,"modt",500,0.0625,32,0.6,0.0311111111111111,0.00888888888888889,0.040375082852211,1.73488086902834e-06,3.31239693201205
40,"contam","alt",6,"fl_199",500,0,0,0,0.0333333333333333,0.00666666666666667,0.0372222222222223,0.005,3.31239693201205
40,"contam","alt",6,"fl_999",500,0.0666666666666667,30,0.56,0.0333333333333333,0.0111111111111111,0.031,0.001,3.31239693201205
40,"contam","alt",6,"fl_9999",500,0.0625,32,0.6,0.0355555555555556,0.0111111111111111,0.0334555555555556,1e-04,3.31239693201205
40,"contam","alt",6,"pvw_199",500,0.0666666666666667,30,0.56,0.0355555555555556,0.0111111111111111,0.0542923736873524,9.35914429472713e-06,3.31239693201205
40,"contam","alt",6,"pvt_199",500,0.0833333333333333,36,0.66,0.0422222222222222,0.0155555555555556,0.0557111590229883,7.09407221624625e-09,3.31239693201205
40,"contam","alt",6,"mm_199",500,0.108108108108108,37,0.66,0.0377777777777778,0.0133333333333333,0.0906522198849185,1.34992678472379e-10,3.31239693201205
40,"contam","alt",6,"pvw_999",500,0.0666666666666667,30,0.56,0.0355555555555556,0.00666666666666667,0.0558120998664183,3.00385591765108e-05,3.31239693201205
40,"contam","alt",6,"pvt_999",500,0.0571428571428571,35,0.66,0.0444444444444444,0.0133333333333333,0.059039478842729,1.06810779985693e-08,3.31239693201205
40,"contam","alt",6,"mm_999",500,0.0625,32,0.6,0.04,0.0111111111111111,0.0755555555555556,6.38507504218242e-09,3.31239693201205
40,"contam","alt",7,"ols",500,0.0277777777777778,36,0.7,0.0466666666666667,0.00444444444444444,0.0655120564498768,1.55212790422977e-07,3.22695213139498
40,"contam","alt",7,"modt",500,0,35,0.7,0.0488888888888889,0.00222222222222222,0.0639803748588796,2.22400394585832e-07,3.22695213139498
40,"contam","alt",7,"fl_199",500,0,0,0,0.0511111111111111,0.00222222222222222,0.0505555555555555,0.005,3.22695213139498
40,"contam","alt",7,"fl_999",500,0.0588235294117647,34,0.64,0.0555555555555556,0.00888888888888889,0.0546666666666666,0.001,3.22695213139498
40,"contam","alt",7,"fl_9999",500,0.0277777777777778,36,0.7,0.0511111111111111,0.00666666666666667,0.0554111111111111,1e-04,3.22695213139498
40,"contam","alt",7,"pvw_199",500,0,27,0.54,0.0511111111111111,0.00444444444444444,0.0758095320869672,5.42186197032873e-06,3.22695213139498
40,"contam","alt",7,"pvt_199",500,0.05,40,0.76,0.0644444444444444,0.00444444444444444,0.0821301192105488,6.4510616582322e-12,3.22695213139498
40,"contam","alt",7,"mm_199",500,0.0285714285714286,35,0.68,0.0577777777777778,0.00888888888888889,0.081460196019327,5.82940540190204e-12,3.22695213139498
40,"contam","alt",7,"pvw_999",500,0,30,0.6,0.0533333333333333,0.00444444444444444,0.0779697008714554,6.1639379346339e-06,3.22695213139498
40,"contam","alt",7,"pvt_999",500,0.0526315789473684,38,0.72,0.0622222222222222,0.00666666666666667,0.0832625863053567,5.49514377212162e-11,3.22695213139498
40,"contam","alt",7,"mm_999",500,0.0555555555555556,36,0.68,0.0577777777777778,0.00666666666666667,0.0711111111111111,1.75547679661183e-10,3.22695213139498
40,"contam","alt",8,"ols",500,0.0526315789473684,19,0.36,0.0533333333333333,0.0133333333333333,0.033639020572905,1.39494245578069e-06,3.25944507687791
40,"contam","alt",8,"modt",500,0,19,0.38,0.0488888888888889,0.0133333333333333,0.0358557366221984,5.98333103042256e-06,3.25944507687791
40,"contam","alt",8,"fl_199",500,0,0,0,0.0533333333333333,0.00666666666666667,0.0261111111111111,0.005,3.25944507687791
40,"contam","alt",8,"fl_999",500,0,20,0.4,0.0511111111111111,0.0133333333333333,0.0336666666666667,0.001,3.25944507687791
40,"contam","alt",8,"fl_9999",500,0.0909090909090909,22,0.4,0.0555555555555556,0.0155555555555556,0.0307444444444444,1e-04,3.25944507687791
40,"contam","alt",8,"pvw_199",500,0,15,0.3,0.0488888888888889,0.00888888888888889,0.0465741804933316,3.36369653984511e-05,3.25944507687791
40,"contam","alt",8,"pvt_199",500,0.0714285714285714,28,0.52,0.0755555555555556,0.0155555555555556,0.0545098134160759,2.63995625769561e-09,3.25944507687791
40,"contam","alt",8,"mm_199",500,0.111111111111111,27,0.48,0.0577777777777778,0.0155555555555556,0.0894189213938569,3.84520149131231e-10,3.25944507687791
40,"contam","alt",8,"pvw_999",500,0,18,0.36,0.0533333333333333,0.0133333333333333,0.0475764184016282,1.58210847599632e-05,3.25944507687791
40,"contam","alt",8,"pvt_999",500,0.0714285714285714,28,0.52,0.0711111111111111,0.0177777777777778,0.0540085009516013,2.31125239705952e-09,3.25944507687791
40,"contam","alt",8,"mm_999",500,0.0434782608695652,23,0.44,0.0577777777777778,0.0133333333333333,0.0977777777777777,1.56673836463392e-10,3.25944507687791
40,"contam","alt",9,"ols",500,0.0434782608695652,23,0.44,0.0577777777777778,0.00666666666666667,0.043467277417423,5.19830762763607e-07,3.12500774902857
40,"contam","alt",9,"modt",500,0.0454545454545455,22,0.42,0.0466666666666667,0.00444444444444444,0.0443188864874488,1.1388115091829e-06,3.12500774902857
40,"contam","alt",9,"fl_199",500,0,0,0,0.0466666666666667,0.00222222222222222,0.0322222222222222,0.005,3.12500774902857
40,"contam","alt",9,"fl_999",500,0.0416666666666667,24,0.46,0.0533333333333333,0.00666666666666667,0.0275555555555555,0.001,3.12500774902857
40,"contam","alt",9,"fl_9999",500,0.037037037037037,27,0.52,0.0577777777777778,0.00666666666666667,0.0306,1e-04,3.12500774902857
40,"contam","alt",9,"pvw_199",500,0.0416666666666667,24,0.46,0.0511111111111111,0.00666666666666667,0.0556482445956479,1.44497504877503e-05,3.12500774902857
40,"contam","alt",9,"pvt_199",500,0.0606060606060606,33,0.62,0.0644444444444444,0.0111111111111111,0.0600561271828874,8.34783530319002e-10,3.12500774902857
40,"contam","alt",9,"mm_199",500,0.03125,32,0.62,0.06,0.00888888888888889,0.0881714533626281,5.51330883626106e-10,3.12500774902857
40,"contam","alt",9,"pvw_999",500,0,21,0.42,0.0555555555555556,0.00666666666666667,0.0520077555428013,2.36302792800062e-05,3.12500774902857
40,"contam","alt",9,"pvt_999",500,0.09375,32,0.58,0.06,0.00666666666666667,0.0573703058720649,1.84411054977842e-09,3.12500774902857
40,"contam","alt",9,"mm_999",500,0.0357142857142857,28,0.54,0.0555555555555556,0.00666666666666667,0.0755555555555556,6.25203083911066e-08,3.12500774902857
40,"contam","alt",10,"ols",500,0.037037037037037,27,0.52,0.0488888888888889,0.0111111111111111,0.0456874468443959,1.56093177786623e-08,3.18357859090234
40,"contam","alt",10,"modt",500,0.1,30,0.54,0.0422222222222222,0.0133333333333333,0.0476889548299902,1.35616621664435e-08,3.18357859090234
40,"contam","alt",10,"fl_199",500,0,0,0,0.0555555555555556,0.00444444444444444,0.0511111111111111,0.005,3.18357859090234
40,"contam","alt",10,"fl_999",500,0.0666666666666667,30,0.56,0.0555555555555556,0.0111111111111111,0.0584444444444444,0.001,3.18357859090234
40,"contam","alt",10,"fl_9999",500,0.0714285714285714,28,0.52,0.0533333333333333,0.0133333333333333,0.0593222222222223,1e-04,3.18357859090234
40,"contam","alt",10,"pvw_199",500,0.0434782608695652,23,0.44,0.0555555555555556,0.0111111111111111,0.0388763985881155,3.8462718617379e-06,3.18357859090234
40,"contam","alt",10,"pvt_199",500,0.121212121212121,33,0.58,0.0688888888888889,0.0177777777777778,0.0370593729782823,3.43271874932292e-13,3.18357859090234
40,"contam","alt",10,"mm_199",500,0.0689655172413793,29,0.54,0.0555555555555556,0.0111111111111111,0.0733333333333334,3.69165378205679e-11,3.18357859090234
40,"contam","alt",10,"pvw_999",500,0.0416666666666667,24,0.46,0.0488888888888889,0.0111111111111111,0.0342956243385204,1.48963171757338e-06,3.18357859090234
40,"contam","alt",10,"pvt_999",500,0.147058823529412,34,0.58,0.0622222222222222,0.0155555555555556,0.0332606828387169,5.10254308097155e-14,3.18357859090234
40,"contam","alt",10,"mm_999",500,0.1,30,0.54,0.0533333333333333,0.0111111111111111,0.102222222222222,4.52219986665098e-10,3.18357859090234
40,"contam","alt",11,"ols",500,0.05,20,0.38,0.0511111111111111,0.0133333333333333,0.0238049803446383,4.69097980949993e-10,3.3031690825713
40,"contam","alt",11,"modt",500,0,18,0.36,0.0511111111111111,0.0133333333333333,0.0227368803679236,1.2578243067978e-10,3.3031690825713
40,"contam","alt",11,"fl_199",500,0,0,0,0.0466666666666667,0.0177777777777778,0.0366666666666666,0.005,3.3031690825713
40,"contam","alt",11,"fl_999",500,0.0869565217391304,23,0.42,0.0533333333333333,0.0111111111111111,0.0318888888888889,0.001,3.3031690825713
40,"contam","alt",11,"fl_9999",500,0.130434782608696,23,0.4,0.0511111111111111,0.0177777777777778,0.0333,1e-04,3.3031690825713
40,"contam","alt",11,"pvw_199",500,0,16,0.32,0.0511111111111111,0.0155555555555556,0.0325821780272963,5.74661744697383e-07,3.3031690825713
40,"contam","alt",11,"pvt_199",500,0.15625,32,0.54,0.06,0.02,0.041787674166627,5.31211484070454e-18,3.3031690825713
40,"contam","alt",11,"mm_199",500,0.206896551724138,29,0.46,0.0555555555555556,0.0244444444444444,0.0924013060212587,3.06562206041311e-18,3.3031690825713
40,"contam","alt",11,"pvw_999",500,0,19,0.38,0.0488888888888889,0.0133333333333333,0.0314931902022401,2.96634680492573e-07,3.3031690825713
40,"contam","alt",11,"pvt_999",500,0.15625,32,0.54,0.06,0.0222222222222222,0.0404434809226703,5.71942603256332e-17,3.3031690825713
40,"contam","alt",11,"mm_999",500,0.08,25,0.46,0.0511111111111111,0.0133333333333333,0.0733333333333334,1.58040502955211e-15,3.3031690825713
40,"contam","alt",12,"ols",500,0.04,25,0.48,0.0511111111111111,0.0111111111111111,0.0459637356388634,1.08061183755103e-09,3.28078605419689
40,"contam","alt",12,"modt",500,0.0434782608695652,23,0.44,0.06,0.0111111111111111,0.0521044969088414,3.48548703681328e-08,3.28078605419689
40,"contam","alt",12,"fl_199",500,0,0,0,0.0577777777777778,0.00666666666666667,0.0394444444444444,0.005,3.28078605419689
40,"contam","alt",12,"fl_999",500,0.0416666666666667,24,0.46,0.0622222222222222,0.0111111111111111,0.041,0.001,3.28078605419689
40,"contam","alt",12,"fl_9999",500,0.037037037037037,27,0.52,0.0644444444444444,0.0155555555555556,0.0413222222222222,1e-04,3.28078605419689
40,"contam","alt",12,"pvw_199",500,0.0666666666666667,15,0.28,0.0555555555555556,0.0111111111111111,0.0581380066565977,3.0336532714628e-07,3.28078605419689
40,"contam","alt",12,"pvt_199",500,0.129032258064516,31,0.54,0.0822222222222222,0.0177777777777778,0.0639582280010611,1.56556995412787e-16,3.28078605419689
40,"contam","alt",12,"mm_199",500,0.0909090909090909,33,0.6,0.0644444444444444,0.0133333333333333,0.0793615893127168,7.43470878090829e-25,3.28078605419689
40,"contam","alt",12,"pvw_999",500,0.0625,16,0.3,0.0555555555555556,0.00888888888888889,0.0581048388800013,6.2837971679601e-07,3.28078605419689
40,"contam","alt",12,"pvt_999",500,0.0967741935483871,31,0.56,0.0755555555555556,0.0177777777777778,0.0665865063220285,1.10349712877022e-16,3.28078605419689
40,"contam","alt",12,"mm_999",500,0.037037037037037,27,0.52,0.0622222222222222,0.0133333333333333,0.0844444444444444,1.30953507010813e-16,3.28078605419689
40,"contam","alt",13,"ols",500,0.0344827586206897,29,0.56,0.0444444444444444,0.00666666666666667,0.058458428457476,7.54938297507411e-08,3.3799529692035
40,"contam","alt",13,"modt",500,0.0333333333333333,30,0.58,0.04,0.00666666666666667,0.0610276667745673,2.6928886379303e-07,3.3799529692035
40,"contam","alt",13,"fl_199",500,0,0,0,0.0355555555555556,0.00444444444444444,0.0522222222222222,0.005,3.3799529692035
40,"contam","alt",13,"fl_999",500,0.0606060606060606,33,0.62,0.0444444444444444,0.0111111111111111,0.0537777777777777,0.001,3.3799529692035
40,"contam","alt",13,"fl_9999",500,0.0333333333333333,30,0.58,0.0466666666666667,0.0111111111111111,0.0497999999999999,1e-04,3.3799529692035
40,"contam","alt",13,"pvw_199",500,0.0434782608695652,23,0.44,0.0377777777777778,0.00444444444444444,0.0700839957011343,3.66894264556353e-06,3.3799529692035
40,"contam","alt",13,"pvt_199",500,0.0555555555555556,36,0.68,0.0555555555555556,0.0155555555555556,0.0707096964988822,8.9949480287014e-14,3.3799529692035
40,"contam","alt",13,"mm_199",500,0.0625,32,0.6,0.0466666666666667,0.00666666666666667,0.0992941751695437,8.23865354831101e-13,3.3799529692035
40,"contam","alt",13,"pvw_999",500,0.0357142857142857,28,0.54,0.0444444444444444,0.00666666666666667,0.0681776022722349,1.78692671665963e-06,3.3799529692035
40,"contam","alt",13,"pvt_999",500,0.0555555555555556,36,0.68,0.0488888888888889,0.0133333333333333,0.0699859001633351,8.70730947260628e-13,3.3799529692035
40,"contam","alt",13,"mm_999",500,0.03125,32,0.62,0.0488888888888889,0.0133333333333333,0.0730256708953828,1.12397646810055e-10,3.3799529692035
40,"contam","alt",14,"ols",500,0,21,0.42,0.0511111111111111,0.00888888888888889,0.0333854632069221,3.1881835128422e-07,3.16846821304006
40,"contam","alt",14,"modt",500,0,23,0.46,0.0533333333333333,0.00666666666666667,0.036151326992773,5.49513405672862e-07,3.16846821304006
40,"contam","alt",14,"fl_199",500,0,0,0,0.0511111111111111,0.00222222222222222,0.04,0.005,3.16846821304006
40,"contam","alt",14,"fl_999",500,0.0454545454545455,22,0.42,0.0577777777777778,0.00888888888888889,0.0331111111111111,0.001,3.16846821304006
40,"contam","alt",14,"fl_9999",500,0.0416666666666667,24,0.46,0.0555555555555556,0.0111111111111111,0.0357555555555556,1e-04,3.16846821304006
40,"contam","alt",14,"pvw_199",500,0.0454545454545455,22,0.42,0.0555555555555556,0.00888888888888889,0.0437365974283047,5.87007943637252e-06,3.16846821304006
40,"contam","alt",14,"pvt_199",500,0.1,30,0.54,0.0666666666666667,0.0177777777777778,0.0463150932250524,3.22286455116974e-10,3.16846821304006
40,"contam","alt",14,"mm_199",500,0.0357142857142857,28,0.54,0.06,0.00666666666666667,0.0880431293658005,6.10790419040313e-11,3.16846821304006
40,"contam","alt",14,"pvw_999",500,0,19,0.38,0.0577777777777778,0.00888888888888889,0.0408695097094995,1.05626966634762e-05,3.16846821304006
40,"contam","alt",14,"pvt_999",500,0.121212121212121,33,0.58,0.06,0.0155555555555556,0.0433561969460714,4.72684219176764e-10,3.16846821304006
40,"contam","alt",14,"mm_999",500,0.0714285714285714,28,0.52,0.06,0.0111111111111111,0.08,2.00704204348075e-08,3.16846821304006
40,"contam","alt",15,"ols",500,0.105263157894737,38,0.68,0.0577777777777778,0.0111111111111111,0.0744893515225784,1.02465762591303e-07,3.16734675326543
40,"contam","alt",15,"modt",500,0.0625,32,0.6,0.0533333333333333,0.0111111111111111,0.0738869739581164,3.24368191138267e-07,3.16734675326543
40,"contam","alt",15,"fl_199",500,0,0,0,0.0622222222222222,0.0133333333333333,0.0544444444444444,0.005,3.16734675326543
40,"contam","alt",15,"fl_999",500,0.135135135135135,37,0.64,0.0622222222222222,0.0133333333333333,0.055,0.001,3.16734675326543
40,"contam","alt",15,"fl_9999",500,0.128205128205128,39,0.68,0.06,0.0177777777777778,0.0588444444444445,1e-04,3.16734675326543
40,"contam","alt",15,"pvw_199",500,0.0689655172413793,29,0.54,0.06,0.0111111111111111,0.0838415019290041,5.47384967321858e-06,3.16734675326543
40,"contam","alt",15,"pvt_199",500,0.119047619047619,42,0.74,0.0733333333333333,0.02,0.0930870385873703,2.65629246856248e-12,3.16734675326543
40,"contam","alt",15,"mm_199",500,0.13953488372093,43,0.74,0.0666666666666667,0.0266666666666667,0.111969491373404,1.50459117505528e-12,3.16734675326543
40,"contam","alt",15,"pvw_999",500,0.0740740740740741,27,0.5,0.0622222222222222,0.0111111111111111,0.0852173751361455,7.89555474220734e-06,3.16734675326543
40,"contam","alt",15,"pvt_999",500,0.119047619047619,42,0.74,0.0666666666666667,0.02,0.0908202484377011,4.98263324229449e-11,3.16734675326543
40,"contam","alt",15,"mm_999",500,0.128205128205128,39,0.68,0.0644444444444444,0.0177777777777778,0.0710324393190836,2.02737400003098e-11,3.16734675326543
100,"contam","alt",1,"ols",500,0.0652173913043478,46,0.86,0.0466666666666667,0.0133333333333333,0.0525571845648542,3.24212205384749e-12,3.18724364606602
100,"contam","alt",1,"modt",500,0.0851063829787234,47,0.86,0.0466666666666667,0.0133333333333333,0.0539240465701759,2.34381451061064e-12,3.18724364606602
100,"contam","alt",1,"fl_199",500,0,0,0,0.0422222222222222,0.00666666666666667,0.0427777777777778,0.005,3.18724364606602
100,"contam","alt",1,"fl_999",500,0.0869565217391304,46,0.84,0.0422222222222222,0.0155555555555556,0.0467777777777778,0.001,3.18724364606602
100,"contam","alt",1,"fl_9999",500,0.102040816326531,49,0.88,0.0466666666666667,0.0155555555555556,0.0465222222222222,1e-04,3.18724364606602
100,"contam","alt",1,"pvw_199",500,0.102040816326531,49,0.88,0.0488888888888889,0.0133333333333333,0.0515583584666749,1.69395333345755e-10,3.18724364606602
100,"contam","alt",1,"pvt_199",500,0.115384615384615,52,0.92,0.0511111111111111,0.0155555555555556,0.0527817108132221,2.4711194553931e-15,3.18724364606602
100,"contam","alt",1,"mm_199",500,0.12,50,0.88,0.0488888888888889,0.0177777777777778,0.115768931368325,1.26539975592879e-21,3.18724364606602
100,"contam","alt",1,"pvw_999",500,0.0833333333333333,48,0.88,0.0444444444444444,0.0155555555555556,0.0618217188466758,5.67879699563933e-10,3.18724364606602
100,"contam","alt",1,"pvt_999",500,0.0980392156862745,51,0.92,0.0511111111111111,0.0155555555555556,0.0636674663921965,1.74940048283169e-15,3.18724364606602
100,"contam","alt",1,"mm_999",500,0.1,50,0.9,0.0444444444444444,0.0155555555555556,0.0886582994445076,8.00752017273021e-17,3.18724364606602
100,"contam","alt",2,"ols",500,0.0408163265306122,49,0.94,0.0488888888888889,0.00666666666666667,0.0260923372332809,2.91446719520638e-11,3.34435705585469
100,"contam","alt",2,"modt",500,0.0408163265306122,49,0.94,0.0488888888888889,0.00444444444444444,0.025334003391377,2.57917835268647e-11,3.34435705585469
100,"contam","alt",2,"fl_199",500,0,0,0,0.0422222222222222,0.00222222222222222,0.0361111111111112,0.005,3.34435705585469
100,"contam","alt",2,"fl_999",500,0.04,50,0.96,0.0511111111111111,0.00444444444444444,0.0314444444444445,0.001,3.34435705585469
100,"contam","alt",2,"fl_9999",500,0.04,50,0.96,0.0466666666666667,0.00444444444444444,0.0292111111111111,1e-04,3.34435705585469
100,"contam","alt",2,"pvw_199",500,0.0408163265306122,49,0.94,0.0422222222222222,0.00444444444444444,0.0287836390676737,2.20748204519107e-10,3.34435705585469
100,"contam","alt",2,"pvt_199",500,0.0392156862745098,51,0.98,0.0511111111111111,0.00444444444444444,0.0289123024523419,9.88973724139137e-15,3.34435705585469
100,"contam","alt",2,"mm_199",500,0.04,50,0.96,0.0533333333333333,0.00888888888888889,0.100935600651502,1.25651585860945e-16,3.34435705585469
100,"contam","alt",2,"pvw_999",500,0.0416666666666667,48,0.92,0.0511111111111111,0.00666666666666667,0.0275646540676916,6.36941377199581e-10,3.34435705585469
100,"contam","alt",2,"pvt_999",500,0.0392156862745098,51,0.98,0.0555555555555556,0.00666666666666667,0.029257905156017,3.320388108287e-14,3.34435705585469
100,"contam","alt",2,"mm_999",500,0.04,50,0.96,0.0511111111111111,0.00444444444444444,0.0644444444444444,2.44006335873502e-16,3.34435705585469
100,"contam","alt",3,"ols",500,0.0625,48,0.9,0.0488888888888889,0.00666666666666667,0.0524445425788833,1.44887345114788e-10,3.5236145561257
100,"contam","alt",3,"modt",500,0.0625,48,0.9,0.0466666666666667,0.00666666666666667,0.0512276348655969,7.78358924667941e-11,3.5236145561257
100,"contam","alt",3,"fl_199",500,0,0,0,0.0355555555555556,0.00444444444444444,0.06,0.005,3.5236145561257
100,"contam","alt",3,"fl_999",500,0.0625,48,0.9,0.0444444444444444,0.00666666666666667,0.0653333333333333,0.001,3.5236145561257
100,"contam","alt",3,"fl_9999",500,0.0625,48,0.9,0.0466666666666667,0.00666666666666667,0.0582111111111111,1e-04,3.5236145561257
100,"contam","alt",3,"pvw_199",500,0.0625,48,0.9,0.0422222222222222,0.00666666666666667,0.0444650067943785,2.57770957290722e-09,3.5236145561257
100,"contam","alt",3,"pvt_199",500,0.06,50,0.94,0.0488888888888889,0.00888888888888889,0.0435839918466727,2.41180775091832e-14,3.5236145561257
100,"contam","alt",3,"mm_199",500,0.0612244897959184,49,0.92,0.0422222222222222,0.0111111111111111,0.0774663334471304,4.29481393698889e-20,3.5236145561257
100,"contam","alt",3,"pvw_999",500,0.0625,48,0.9,0.0466666666666667,0.00666666666666667,0.0502437552922394,1.74024937959993e-09,3.5236145561257
100,"contam","alt",3,"pvt_999",500,0.06,50,0.94,0.0533333333333333,0.00666666666666667,0.0487132591221612,3.8461372349726e-14,3.5236145561257
100,"contam","alt",3,"mm_999",500,0.0625,48,0.9,0.0466666666666667,0.00666666666666667,0.0661467634284896,2.13317215269615e-14,3.5236145561257
100,"contam","alt",4,"ols",500,0.0204081632653061,49,0.96,0.0444444444444444,0.0133333333333333,0.0292547452861659,3.56303121756171e-14,3.76744009789057
100,"contam","alt",4,"modt",500,0.0204081632653061,49,0.96,0.0422222222222222,0.00888888888888889,0.0303549501384407,1.36191933202137e-14,3.76744009789057
100,"contam","alt",4,"fl_199",500,0.0769230769230769,52,0.96,0.0355555555555556,0.00888888888888889,0.0233333333333334,0.005,3.76744009789057
100,"contam","alt",4,"fl_999",500,0.04,50,0.96,0.0444444444444444,0.0111111111111111,0.0261111111111111,0.001,3.76744009789057
100,"contam","alt",4,"fl_9999",500,0.0204081632653061,49,0.96,0.0444444444444444,0.0133333333333333,0.0214444444444445,1e-04,3.76744009789057
100,"contam","alt",4,"pvw_199",500,0.0588235294117647,51,0.96,0.04,0.00888888888888889,0.030983859681445,1.08989285500093e-11,3.76744009789057
100,"contam","alt",4,"pvt_199",500,0.0588235294117647,51,0.96,0.0466666666666667,0.0111111111111111,0.0317964759802983,1.64331713700347e-20,3.76744009789057
100,"contam","alt",4,"mm_199",500,0.0769230769230769,52,0.96,0.0377777777777778,0.0155555555555556,0.0953441937798693,1.17232057451378e-21,3.76744009789057
100,"contam","alt",4,"pvw_999",500,0.0204081632653061,49,0.96,0.0466666666666667,0.00888888888888889,0.0343465995226151,2.3424753600394e-11,3.76744009789057
100,"contam","alt",4,"pvt_999",500,0.0204081632653061,49,0.96,0.0511111111111111,0.0133333333333333,0.0346603402520913,1.08609270762316e-19,3.76744009789057
100,"contam","alt",4,"mm_999",500,0.0588235294117647,51,0.96,0.0444444444444444,0.0133333333333333,0.0606645804597675,1.09513842712109e-19,3.76744009789057
100,"contam","alt",5,"ols",500,0.0588235294117647,51,0.96,0.0466666666666667,0.00666666666666667,0.0373339118854506,8.59534736546468e-14,3.10763218400089
100,"contam","alt",5,"modt",500,0.04,50,0.96,0.0444444444444444,0.00666666666666667,0.0367249988805967,1.09123784511672e-13,3.10763218400089
100,"contam","alt",5,"fl_199",500,0.06,50,0.94,0.0466666666666667,0.00666666666666667,0.0266666666666667,0.005,3.10763218400089
100,"contam","alt",5,"fl_999",500,0.0576923076923077,52,0.98,0.0466666666666667,0.00666666666666667,0.0297777777777778,0.001,3.10763218400089
100,"contam","alt",5,"fl_9999",500,0.0576923076923077,52,0.98,0.0533333333333333,0.00666666666666667,0.0295666666666667,1e-04,3.10763218400089
100,"contam","alt",5,"pvw_199",500,0.06,50,0.94,0.0533333333333333,0.00888888888888889,0.0407692732604698,4.00256162710554e-12,3.10763218400089
100,"contam","alt",5,"pvt_199",500,0.0588235294117647,51,0.96,0.0555555555555556,0.00888888888888889,0.0400555823143307,1.85071637962504e-18,3.10763218400089
100,"contam","alt",5,"mm_199",500,0.0740740740740741,54,1,0.0555555555555556,0.00888888888888889,0.115944797866566,1.96454235737215e-21,3.10763218400089
100,"contam","alt",5,"pvw_999",500,0.06,50,0.94,0.0488888888888889,0.00666666666666667,0.0393567167425083,2.03349402874732e-11,3.10763218400089
100,"contam","alt",5,"pvt_999",500,0.0588235294117647,51,0.96,0.0511111111111111,0.00666666666666667,0.041395995510654,2.15374024941146e-18,3.10763218400089
100,"contam","alt",5,"mm_999",500,0.0576923076923077,52,0.98,0.0511111111111111,0.00666666666666667,0.0749713834582071,1.31956179596865e-25,3.10763218400089
100,"contam","alt",6,"ols",500,0.04,50,0.96,0.0533333333333333,0.00888888888888889,0.0566418461224443,1.37826981190137e-13,3.43153962002977
100,"contam","alt",6,"modt",500,0.04,50,0.96,0.0533333333333333,0.0111111111111111,0.0594583725867142,1.34785118304812e-13,3.43153962002977
100,"contam","alt",6,"fl_199",500,0,0,0,0.0511111111111111,0.00888888888888889,0.055,0.005,3.43153962002977
100,"contam","alt",6,"fl_999",500,0.06,50,0.94,0.0533333333333333,0.0133333333333333,0.0545555555555556,0.001,3.43153962002977
100,"contam","alt",6,"fl_9999",500,0.0588235294117647,51,0.96,0.0555555555555556,0.0155555555555556,0.0541555555555556,1e-04,3.43153962002977
100,"contam","alt",6,"pvw_199",500,0.06,50,0.94,0.0533333333333333,0.0177777777777778,0.0705005537049902,4.7953052534549e-10,3.43153962002977
100,"contam","alt",6,"pvt_199",500,0.06,50,0.94,0.06,0.0177777777777778,0.0742801972456153,7.30442212591726e-19,3.43153962002977
100,"contam","alt",6,"mm_199",500,0.145454545454545,55,0.94,0.0555555555555556,0.0222222222222222,0.112786717697197,2.78041795335938e-22,3.43153962002977
100,"contam","alt",6,"pvw_999",500,0.06,50,0.94,0.0577777777777778,0.0111111111111111,0.0618487343879674,4.89739140519809e-11,3.43153962002977
100,"contam","alt",6,"pvt_999",500,0.06,50,0.94,0.0622222222222222,0.0133333333333333,0.0643884978289856,5.55540240036077e-20,3.43153962002977
100,"contam","alt",6,"mm_999",500,0.0588235294117647,51,0.96,0.06,0.0155555555555556,0.0739469470509502,1.87224498430777e-21,3.43153962002977
100,"contam","alt",7,"ols",500,0.0408163265306122,49,0.94,0.0533333333333333,0.0155555555555556,0.0392405399569771,3.86502442560973e-11,3.25846537961421
100,"contam","alt",7,"modt",500,0.0408163265306122,49,0.94,0.0533333333333333,0.0155555555555556,0.0375451637830946,2.61646630432215e-11,3.25846537961421
100,"contam","alt",7,"fl_199",500,0.0769230769230769,52,0.96,0.0511111111111111,0.00888888888888889,0.0394444444444444,0.005,3.25846537961421
100,"contam","alt",7,"fl_999",500,0.06,50,0.94,0.0511111111111111,0.0133333333333333,0.0352222222222223,0.001,3.25846537961421
100,"contam","alt",7,"fl_9999",500,0.0769230769230769,52,0.96,0.0533333333333333,0.0177777777777778,0.0384777777777778,1e-04,3.25846537961421
100,"contam","alt",7,"pvw_199",500,0.04,50,0.96,0.0555555555555556,0.0155555555555556,0.0461797042657974,8.68728499184731e-10,3.25846537961421
100,"contam","alt",7,"pvt_199",500,0.0769230769230769,52,0.96,0.06,0.0155555555555556,0.0485846247272901,5.67182645592217e-14,3.25846537961421
100,"contam","alt",7,"mm_199",500,0.0943396226415094,53,0.96,0.0644444444444444,0.0155555555555556,0.0894090959212594,6.20981592751146e-23,3.25846537961421
100,"contam","alt",7,"pvw_999",500,0.0416666666666667,48,0.92,0.0533333333333333,0.0133333333333333,0.0443443891753916,8.36168166928796e-10,3.25846537961421
100,"contam","alt",7,"pvt_999",500,0.0769230769230769,52,0.96,0.0577777777777778,0.0177777777777778,0.0458339598192185,2.36050391280747e-13,3.25846537961421
100,"contam","alt",7,"mm_999",500,0.06,50,0.94,0.0577777777777778,0.0155555555555556,0.0755555555555556,3.7740943211969e-15,3.25846537961421
100,"contam","alt",8,"ols",500,0,47,0.94,0.0622222222222222,0.00666666666666667,0.0811568669879646,3.94060713470743e-11,3.62950121643141
100,"contam","alt",8,"modt",500,0,47,0.94,0.0644444444444444,0.00888888888888889,0.0800736438434101,4.45705498133702e-11,3.62950121643141
100,"contam","alt",8,"fl_199",500,0,0,0,0.0555555555555556,0,0.0694444444444444,0.005,3.62950121643141
100,"contam","alt",8,"fl_999",500,0,48,0.96,0.0644444444444444,0.00666666666666667,0.0791111111111111,0.001,3.62950121643141
100,"contam","alt",8,"fl_9999",500,0.02,50,0.98,0.0622222222222222,0.00666666666666667,0.077,1e-04,3.62950121643141
100,"contam","alt",8,"pvw_199",500,0,47,0.94,0.0622222222222222,0.00888888888888889,0.0831493921305836,2.91761559303835e-09,3.62950121643141
100,"contam","alt",8,"pvt_199",500,0.02,50,0.98,0.0711111111111111,0.0155555555555556,0.0854676603378331,1.33376748668504e-13,3.62950121643141
100,"contam","alt",8,"mm_199",500,0.0576923076923077,52,0.98,0.0688888888888889,0.0155555555555556,0.100780567887916,1.52962590678973e-18,3.62950121643141
100,"contam","alt",8,"pvw_999",500,0,47,0.94,0.0644444444444444,0.00666666666666667,0.0901005350297926,9.8335257133823e-10,3.62950121643141
100,"contam","alt",8,"pvt_999",500,0.0204081632653061,49,0.96,0.0711111111111111,0.00888888888888889,0.0919304372907194,9.46394131643707e-14,3.62950121643141
100,"contam","alt",8,"mm_999",500,0.04,50,0.96,0.0622222222222222,0.00666666666666667,0.0724307478584082,2.25571413281651e-15,3.62950121643141
100,"contam","alt",9,"ols",500,0.0416666666666667,48,0.92,0.0288888888888889,0.00888888888888889,0.0439486280393772,2.10924873919511e-12,3.68763781585861
100,"contam","alt",9,"modt",500,0.0416666666666667,48,0.92,0.0288888888888889,0.00888888888888889,0.0471665838917603,1.62309140152204e-12,3.68763781585861
100,"contam","alt",9,"fl_199",500,0.0784313725490196,51,0.94,0.0288888888888889,0.00888888888888889,0.0583333333333333,0.005,3.68763781585861
100,"contam","alt",9,"fl_999",500,0.06,50,0.94,0.0311111111111111,0.00888888888888889,0.0522222222222222,0.001,3.68763781585861
100,"contam","alt",9,"fl_9999",500,0.0612244897959184,49,0.92,0.0288888888888889,0.00888888888888889,0.0478444444444445,1e-04,3.68763781585861
100,"contam","alt",9,"pvw_199",500,0.0612244897959184,49,0.92,0.0333333333333333,0.00888888888888889,0.0441366514671812,3.14493236257653e-12,3.68763781585861
100,"contam","alt",9,"pvt_199",500,0.0612244897959184,49,0.92,0.0333333333333333,0.0133333333333333,0.0443317030442819,1.9218554942213e-19,3.68763781585861
100,"contam","alt",9,"mm_199",500,0.0784313725490196,51,0.94,0.0311111111111111,0.0111111111111111,0.0771005879745498,3.02597371281045e-15,3.68763781585861
100,"contam","alt",9,"pvw_999",500,0.0416666666666667,48,0.92,0.0311111111111111,0.00888888888888889,0.0457318467020839,3.22812748092913e-11,3.68763781585861
100,"contam","alt",9,"pvt_999",500,0.0612244897959184,49,0.92,0.0333333333333333,0.00888888888888889,0.0454465480708672,4.50471338883304e-17,3.68763781585861
100,"contam","alt",9,"mm_999",500,0.06,50,0.94,0.0311111111111111,0.00666666666666667,0.0711111111111111,2.14184221345991e-17,3.68763781585861
100,"contam","alt",10,"ols",500,0.0576923076923077,52,0.98,0.06,0.0111111111111111,0.0314756886370014,4.89885160585502e-13,3.66893921866132
100,"contam","alt",10,"modt",500,0.0576923076923077,52,0.98,0.06,0.0111111111111111,0.0297180456732168,6.50236929729267e-11,3.66893921866132
100,"contam","alt",10,"fl_199",500,0.0980392156862745,51,0.92,0.0577777777777778,0.0111111111111111,0.0266666666666667,0.005,3.66893921866132
100,"contam","alt",10,"fl_999",500,0.0769230769230769,52,0.96,0.0644444444444444,0.0111111111111111,0.0215555555555556,0.001,3.66893921866132
100,"contam","alt",10,"fl_9999",500,0.0576923076923077,52,0.98,0.06,0.0177777777777778,0.0225,1e-04,3.66893921866132
100,"contam","alt",10,"pvw_199",500,0.04,50,0.96,0.0622222222222222,0.0111111111111111,0.0401726780252327,8.06570076765362e-11,3.66893921866132
100,"contam","alt",10,"pvt_199",500,0.0588235294117647,51,0.96,0.0688888888888889,0.0155555555555556,0.0430072620287196,9.93572069920981e-18,3.66893921866132
100,"contam","alt",10,"mm_199",500,0.0943396226415094,53,0.96,0.0644444444444444,0.0177777777777778,0.098557483362609,6.24563376030412e-20,3.66893921866132
100,"contam","alt",10,"pvw_999",500,0.0588235294117647,51,0.96,0.06,0.00888888888888889,0.0385321877887347,2.25543916100747e-10,3.66893921866132
100,"contam","alt",10,"pvt_999",500,0.0576923076923077,52,0.98,0.0622222222222222,0.0155555555555556,0.0390519645747114,1.42734966373871e-16,3.66893921866132
100,"contam","alt",10,"mm_999",500,0.0943396226415094,53,0.96,0.0644444444444444,0.0133333333333333,0.0654260808954975,1.83201211036312e-15,3.66893921866132
100,"contam","alt",11,"ols",500,0.0204081632653061,49,0.96,0.0355555555555556,0.00444444444444444,0.0450753959137448,1.45623775197333e-13,3.79424746796366
100,"contam","alt",11,"modt",500,0.02,50,0.98,0.0422222222222222,0.00444444444444444,0.0461995344134675,2.3776579652353e-13,3.79424746796366
100,"contam","alt",11,"fl_199",500,0,0,0,0.0377777777777778,0.00222222222222222,0.0516666666666667,0.005,3.79424746796366
100,"contam","alt",11,"fl_999",500,0.02,50,0.98,0.0422222222222222,0.00444444444444444,0.047,0.001,3.79424746796366
100,"contam","alt",11,"fl_9999",500,0.0196078431372549,51,1,0.0466666666666667,0.00444444444444444,0.0510333333333333,1e-04,3.79424746796366
100,"contam","alt",11,"pvw_199",500,0,48,0.96,0.0422222222222222,0.00666666666666667,0.0447592696849903,6.73738503534969e-10,3.79424746796366
100,"contam","alt",11,"pvt_199",500,0.0204081632653061,49,0.96,0.0533333333333333,0.00666666666666667,0.0427289205939484,1.9798780142154e-15,3.79424746796366
100,"contam","alt",11,"mm_199",500,0.0196078431372549,51,1,0.0511111111111111,0.00888888888888889,0.107696643922021,2.34408903640585e-18,3.79424746796366
100,"contam","alt",11,"pvw_999",500,0.0204081632653061,49,0.96,0.04,0.00444444444444444,0.0431290263039981,1.11854532283795e-10,3.79424746796366
100,"contam","alt",11,"pvt_999",500,0.02,50,0.98,0.0488888888888889,0.00666666666666667,0.0418055195671642,6.01003039551618e-17,3.79424746796366
100,"contam","alt",11,"mm_999",500,0.0196078431372549,51,1,0.0444444444444444,0.00444444444444444,0.0691294983995626,1.29622234599363e-14,3.79424746796366
100,"contam","alt",12,"ols",500,0.0212765957446809,47,0.92,0.0488888888888889,0.00666666666666667,0.0304074503908573,1.1396781230772e-11,3.57586148836587
100,"contam","alt",12,"modt",500,0.0212765957446809,47,0.92,0.0444444444444444,0.00666666666666667,0.0314673090448346,8.31057116098632e-12,3.57586148836587
100,"contam","alt",12,"fl_199",500,0,0,0,0.0444444444444444,0.00444444444444444,0.038888888888889,0.005,3.57586148836587
100,"contam","alt",12,"fl_999",500,0,45,0.9,0.0488888888888889,0.00888888888888889,0.0361111111111111,0.001,3.57586148836587
100,"contam","alt",12,"fl_9999",500,0.0212765957446809,47,0.92,0.0511111111111111,0.00666666666666667,0.0320222222222223,1e-04,3.57586148836587
100,"contam","alt",12,"pvw_199",500,0.0217391304347826,46,0.9,0.0577777777777778,0.00888888888888889,0.0259611753818674,1.27431297291182e-09,3.57586148836587
100,"contam","alt",12,"pvt_199",500,0.0212765957446809,47,0.92,0.0622222222222222,0.0111111111111111,0.0275534639251459,5.82593650599832e-13,3.57586148836587
100,"contam","alt",12,"mm_199",500,0.0612244897959184,49,0.92,0.0555555555555556,0.0111111111111111,0.0932417983658713,8.66598543487008e-17,3.57586148836587
100,"contam","alt",12,"pvw_999",500,0.0416666666666667,48,0.92,0.0511111111111111,0.00666666666666667,0.0286413643497878,8.6365794067e-10,3.57586148836587
100,"contam","alt",12,"pvt_999",500,0.0416666666666667,48,0.92,0.0533333333333333,0.0111111111111111,0.0283542774772015,1.21441587147465e-14,3.57586148836587
100,"contam","alt",12,"mm_999",500,0.0416666666666667,48,0.92,0.0533333333333333,0.00888888888888889,0.0711111111111111,5.5918908290816e-15,3.57586148836587
100,"contam","alt",13,"ols",500,0.0212765957446809,47,0.92,0.0511111111111111,0.00888888888888889,0.0348352058250989,8.75766321960601e-10,3.59917482079935
100,"contam","alt",13,"modt",500,0.0416666666666667,48,0.92,0.0488888888888889,0.00888888888888889,0.0341503867897052,1.27288164835089e-09,3.59917482079935
100,"contam","alt",13,"fl_199",500,0,0,0,0.0333333333333333,0,0.0355555555555556,0.005,3.59917482079935
100,"contam","alt",13,"fl_999",500,0.0212765957446809,47,0.92,0.0511111111111111,0.00888888888888889,0.0357777777777778,0.001,3.59917482079935
100,"contam","alt",13,"fl_9999",500,0.0416666666666667,48,0.92,0.0533333333333333,0.0111111111111111,0.0373444444444444,1e-04,3.59917482079935
100,"contam","alt",13,"pvw_199",500,0.0416666666666667,48,0.92,0.0466666666666667,0.0111111111111111,0.0319262841818031,8.20671877567346e-10,3.59917482079935
100,"contam","alt",13,"pvt_199",500,0.08,50,0.92,0.0488888888888889,0.0133333333333333,0.0318573112065671,1.1062464419971e-13,3.59917482079935
100,"contam","alt",13,"mm_199",500,0.0408163265306122,49,0.94,0.0511111111111111,0.0133333333333333,0.106001453490506,6.51430712734202e-27,3.59917482079935
100,"contam","alt",13,"pvw_999",500,0,46,0.92,0.0511111111111111,0.0111111111111111,0.0311910892670513,1.22437204497058e-08,3.59917482079935
100,"contam","alt",13,"pvt_999",500,0.06,50,0.94,0.0555555555555556,0.0111111111111111,0.0310695951346392,2.64931126182546e-12,3.59917482079935
100,"contam","alt",13,"mm_999",500,0.0208333333333333,48,0.94,0.0511111111111111,0.0133333333333333,0.0745257809091041,4.26252186335144e-12,3.59917482079935
100,"contam","alt",14,"ols",500,0.06,50,0.94,0.0511111111111111,0.00666666666666667,0.0306959122865797,1.72550009101609e-11,3.43187593465939
100,"contam","alt",14,"modt",500,0.06,50,0.94,0.0533333333333333,0.00666666666666667,0.0350910846785959,9.17611447674912e-12,3.43187593465939
100,"contam","alt",14,"fl_199",500,0,0,0,0.0444444444444444,0.00444444444444444,0.0355555555555555,0.005,3.43187593465939
100,"contam","alt",14,"fl_999",500,0.06,50,0.94,0.0488888888888889,0.00666666666666667,0.0292222222222222,0.001,3.43187593465939
100,"contam","alt",14,"fl_9999",500,0.06,50,0.94,0.0488888888888889,0.00666666666666667,0.030411111111111,1e-04,3.43187593465939
100,"contam","alt",14,"pvw_199",500,0.06,50,0.94,0.0511111111111111,0.00666666666666667,0.0457894651835529,9.19090014167969e-11,3.43187593465939
100,"contam","alt",14,"pvt_199",500,0.06,50,0.94,0.0488888888888889,0.00888888888888889,0.0466156838564553,2.56956556298751e-15,3.43187593465939
100,"contam","alt",14,"mm_199",500,0.0408163265306122,49,0.94,0.0533333333333333,0.00888888888888889,0.0755577457441506,6.80470112965924e-19,3.43187593465939
100,"contam","alt",14,"pvw_999",500,0.06,50,0.94,0.0466666666666667,0.00666666666666667,0.0374295157023341,3.83644410058814e-10,3.43187593465939
100,"contam","alt",14,"pvt_999",500,0.06,50,0.94,0.0555555555555556,0.0133333333333333,0.037940871093721,1.56953112128531e-15,3.43187593465939
100,"contam","alt",14,"mm_999",500,0.06,50,0.94,0.0533333333333333,0.00888888888888889,0.0844444444444444,6.19701880545864e-16,3.43187593465939
100,"contam","alt",15,"ols",500,0.0208333333333333,48,0.94,0.0422222222222222,0.0177777777777778,0.0209405425718883,9.59284299712147e-11,3.74544163795441
100,"contam","alt",15,"modt",500,0.0204081632653061,49,0.96,0.04,0.0155555555555556,0.025118406877791,7.17731181450469e-11,3.74544163795441
100,"contam","alt",15,"fl_199",500,0,0,0,0.04,0.00666666666666667,0.0316666666666666,0.005,3.74544163795441
100,"contam","alt",15,"fl_999",500,0.0408163265306122,49,0.94,0.0466666666666667,0.0155555555555556,0.025,0.001,3.74544163795441
100,"contam","alt",15,"fl_9999",500,0.0204081632653061,49,0.96,0.0422222222222222,0.0177777777777778,0.0291777777777778,1e-04,3.74544163795441
100,"contam","alt",15,"pvw_199",500,0.0208333333333333,48,0.94,0.0511111111111111,0.0133333333333333,0.0253630008893882,1.3460199273251e-09,3.74544163795441
100,"contam","alt",15,"pvt_199",500,0.0588235294117647,51,0.96,0.0533333333333333,0.0177777777777778,0.0265231997416433,7.27439207756941e-15,3.74544163795441
100,"contam","alt",15,"mm_199",500,0.0961538461538462,52,0.94,0.0488888888888889,0.02,0.122486569654268,1.45022875574194e-14,3.74544163795441
100,"contam","alt",15,"pvw_999",500,0.0208333333333333,48,0.94,0.0444444444444444,0.0133333333333333,0.0231981511386023,1.09765842110998e-09,3.74544163795441
100,"contam","alt",15,"pvt_999",500,0.04,50,0.96,0.0488888888888889,0.0177777777777778,0.0230300308082791,1.47371921212768e-13,3.74544163795441
100,"contam","alt",15,"mm_999",500,0.0588235294117647,51,0.96,0.0466666666666667,0.0177777777777778,0.0878631184914245,6.71581254532184e-15,3.74544163795441
10,"skew","alt",1,"ols",500,0,0,0,0.0355555555555556,0.0111111111111111,0.0299176909180686,0.000419614756211476,3.71255963964773
10,"skew","alt",1,"modt",500,0,0,0,0.04,0.00444444444444444,0.0284707747599707,0.000158460054912327,3.71255963964773
10,"skew","alt",1,"fl_199",500,0,0,0,0.04,0.00888888888888889,0.0394444444444445,0.005,3.71255963964773
10,"skew","alt",1,"fl_999",500,0,0,0,0.04,0.0133333333333333,0.0381111111111112,0.001,3.71255963964773
10,"skew","alt",1,"fl_9999",500,0,0,0,0.0377777777777778,0.0111111111111111,0.0338888888888889,2e-04,3.71255963964773
10,"skew","alt",1,"pvw_199",500,0,0,0,0.0511111111111111,0.00444444444444444,0.0665299953382624,0.00371177730640416,3.71255963964773
10,"skew","alt",1,"pvt_199",500,0.6,20,0.16,0.106666666666667,0.0466666666666667,0.10303552359248,3.15751733123262e-13,3.71255963964773
10,"skew","alt",1,"mm_199",500,0.333333333333333,3,0.04,0.0444444444444444,0.0155555555555556,0.224444444444444,6.09861188879587e-06,3.71255963964773
10,"skew","alt",1,"pvw_999",500,0,0,0,0.0511111111111111,0.00444444444444444,0.0701311612836783,0.00427807879600779,3.71255963964773
10,"skew","alt",1,"pvt_999",500,0.619047619047619,21,0.16,0.108888888888889,0.0444444444444444,0.102164951394362,5.79974919941804e-13,3.71255963964773
10,"skew","alt",1,"mm_999",500,0,2,0.04,0.0444444444444444,0.0133333333333333,0.353333333333333,1.89517482165044e-05,3.71255963964773
10,"skew","alt",2,"ols",500,0,0,0,0.04,0.00888888888888889,0.0652706633956675,0.00129604016414255,2.78798638261207
10,"skew","alt",2,"modt",500,0,0,0,0.0488888888888889,0.00666666666666667,0.0625088551841076,0.000933530523283136,2.78798638261207
10,"skew","alt",2,"fl_199",500,0,0,0,0.0377777777777778,0.00222222222222222,0.0483333333333333,0.005,2.78798638261207
10,"skew","alt",2,"fl_999",500,0,0,0,0.0488888888888889,0.00888888888888889,0.0532222222222223,0.001,2.78798638261207
10,"skew","alt",2,"fl_9999",500,0,0,0,0.0488888888888889,0.00888888888888889,0.0556888888888889,3e-04,2.78798638261207
10,"skew","alt",2,"pvw_199",500,0,0,0,0.0466666666666667,0,0.126556966179181,0.00684991387011898,2.78798638261207
10,"skew","alt",2,"pvt_199",500,0.611111111111111,18,0.14,0.14,0.0488888888888889,0.145014897486386,2.92754992308023e-08,2.78798638261207
10,"skew","alt",2,"mm_199",500,0.5,2,0.02,0.0422222222222222,0.00888888888888889,0.171111111111111,1.01903355932701e-06,2.78798638261207
10,"skew","alt",2,"pvw_999",500,0,0,0,0.0555555555555556,0.00222222222222222,0.127531322990145,0.00678628902419065,2.78798638261207
10,"skew","alt",2,"pvt_999",500,0.733333333333333,15,0.08,0.14,0.0511111111111111,0.141553435695407,1.84292484152739e-08,2.78798638261207
10,"skew","alt",2,"mm_999",500,1,1,0,0.0622222222222222,0.00888888888888889,0.297777777777778,5.51489515617059e-05,2.78798638261207
10,"skew","alt",3,"ols",500,0,0,0,0.0422222222222222,0.00888888888888889,0.0253465285861381,0.000482658540795962,3.54230787382253
10,"skew","alt",3,"modt",500,0,0,0,0.0466666666666667,0.00222222222222222,0.018613187532591,0.000427550279878656,3.54230787382253
10,"skew","alt",3,"fl_199",500,0,0,0,0.0355555555555556,0.00222222222222222,0.0405555555555556,0.005,3.54230787382253
10,"skew","alt",3,"fl_999",500,0,0,0,0.0377777777777778,0.00666666666666667,0.0261111111111111,0.001,3.54230787382253
10,"skew","alt",3,"fl_9999",500,0,0,0,0.0377777777777778,0.00444444444444444,0.0238,7e-04,3.54230787382253
10,"skew","alt",3,"pvw_199",500,0,0,0,0.0488888888888889,0,0.0783086120906542,0.00476375386745067,3.54230787382253
10,"skew","alt",3,"pvt_199",500,0.5625,16,0.14,0.115555555555556,0.0466666666666667,0.0993460767096901,2.11091772172577e-13,3.54230787382253
10,"skew","alt",3,"mm_199",500,0,0,0,0.0422222222222222,0.00444444444444444,0.18,0.000471327365967387,3.54230787382253
10,"skew","alt",3,"pvw_999",500,0,0,0,0.0466666666666667,0,0.085740272580008,0.00652028051243493,3.54230787382253
10,"skew","alt",3,"pvt_999",500,0.5625,16,0.14,0.12,0.0488888888888889,0.103083519682466,1.19540456230538e-12,3.54230787382253
10,"skew","alt",3,"mm_999",500,0,0,0,0.0355555555555556,0.00444444444444444,0.311111111111111,0.000980848425892027,3.54230787382253
10,"skew","alt",4,"ols",500,0,0,0,0.0488888888888889,0.00888888888888889,0.0411793023643164,0.000843222613706692,3.05423271489475
10,"skew","alt",4,"modt",500,0,0,0,0.0488888888888889,0.00444444444444444,0.0476024661478215,0.000245677953928104,3.05423271489475
10,"skew","alt",4,"fl_199",500,0,0,0,0.0555555555555556,0.00444444444444444,0.0472222222222222,0.005,3.05423271489475
10,"skew","alt",4,"fl_999",500,0,0,0,0.0555555555555556,0.00888888888888889,0.0421111111111111,0.002,3.05423271489475
10,"skew","alt",4,"fl_9999",500,0,0,0,0.0488888888888889,0.00888888888888889,0.0418444444444445,7e-04,3.05423271489475
10,"skew","alt",4,"pvw_199",500,0,0,0,0.0533333333333333,0.00444444444444444,0.0725985980266192,0.00697764701607942,3.05423271489475
10,"skew","alt",4,"pvt_199",500,0.846153846153846,13,0.04,0.122222222222222,0.06,0.0999908712630051,8.41551974719719e-10,3.05423271489475
10,"skew","alt",4,"mm_199",500,0,0,0,0.0555555555555556,0.0111111111111111,0.235555555555556,0.000415626247811308,3.05423271489475
10,"skew","alt",4,"pvw_999",500,0,0,0,0.0511111111111111,0.00444444444444444,0.0675832300502745,0.00638669323470646,3.05423271489475
10,"skew","alt",4,"pvt_999",500,0.8125,16,0.06,0.115555555555556,0.0511111111111111,0.0959926994569098,1.18170024927712e-09,3.05423271489475
10,"skew","alt",4,"mm_999",500,0,0,0,0.0533333333333333,0.00666666666666667,0.435555555555556,0.00081870112429812,3.05423271489475
10,"skew","alt",5,"ols",500,0,0,0,0.0422222222222222,0.00888888888888889,0.0515400802212271,0.00024669219978098,3.23603046821787
10,"skew","alt",5,"modt",500,0,0,0,0.0422222222222222,0.00444444444444444,0.0573051522700444,0.000302222619066393,3.23603046821787
10,"skew","alt",5,"fl_199",500,0,0,0,0.0422222222222222,0.00444444444444444,0.0477777777777778,0.005,3.23603046821787
10,"skew","alt",5,"fl_999",500,0,0,0,0.0466666666666667,0.00666666666666667,0.0444444444444445,0.001,3.23603046821787
10,"skew","alt",5,"fl_9999",500,0,0,0,0.0488888888888889,0.00666666666666667,0.049988888888889,7e-04,3.23603046821787
10,"skew","alt",5,"pvw_199",500,0,0,0,0.0555555555555556,0.00222222222222222,0.108839054700126,0.00429874209501684,3.23603046821787
10,"skew","alt",5,"pvt_199",500,0.472222222222222,36,0.38,0.115555555555556,0.0488888888888889,0.122219837124877,1.19657351349357e-16,3.23603046821787
10,"skew","alt",5,"mm_199",500,0,0,0,0.0488888888888889,0.00666666666666667,0.173333333333333,0.000508781397976511,3.23603046821787
10,"skew","alt",5,"pvw_999",500,0,0,0,0.0466666666666667,0.00222222222222222,0.109720465413263,0.00552854915851019,3.23603046821787
10,"skew","alt",5,"pvt_999",500,0.384615384615385,26,0.32,0.111111111111111,0.0511111111111111,0.119205505981106,5.19415952308963e-15,3.23603046821787
10,"skew","alt",5,"mm_999",500,0,0,0,0.0377777777777778,0.00888888888888889,0.286666666666667,0.000860640741447959,3.23603046821787
10,"skew","alt",6,"ols",500,0,0,0,0.0444444444444444,0.00888888888888889,0.0369128783146804,0.000492774302502659,3.425026695138
10,"skew","alt",6,"modt",500,0,0,0,0.0355555555555556,0.00666666666666667,0.0309810554313492,0.000173373339450136,3.425026695138
10,"skew","alt",6,"fl_199",500,0,0,0,0.0355555555555556,0.00222222222222222,0.0416666666666667,0.005,3.425026695138
10,"skew","alt",6,"fl_999",500,0,0,0,0.0422222222222222,0.00888888888888889,0.0337777777777778,0.003,3.425026695138
10,"skew","alt",6,"fl_9999",500,0,0,0,0.0466666666666667,0.0111111111111111,0.0321777777777777,0.0028,3.425026695138
10,"skew","alt",6,"pvw_199",500,0,0,0,0.0488888888888889,0,0.104817331274158,0.0073096879683211,3.425026695138
10,"skew","alt",6,"pvt_199",500,0.548387096774194,31,0.28,0.128888888888889,0.0511111111111111,0.128140373184609,1.45065045035051e-12,3.425026695138
10,"skew","alt",6,"mm_199",500,0,0,0,0.04,0.0111111111111111,0.193333333333333,0.00319043095053174,3.425026695138
10,"skew","alt",6,"pvw_999",500,0,0,0,0.0466666666666667,0,0.106418571151682,0.00607624809924517,3.425026695138
10,"skew","alt",6,"pvt_999",500,0.533333333333333,30,0.28,0.124444444444444,0.0466666666666667,0.1254550237104,9.52189540267407e-12,3.425026695138
10,"skew","alt",6,"mm_999",500,0,0,0,0.0444444444444444,0.0111111111111111,0.322222222222222,0.00224667610659867,3.425026695138
10,"skew","alt",7,"ols",500,0,0,0,0.0444444444444444,0.0111111111111111,0.0317042386570816,0.000623260829929042,3.29128425158212
10,"skew","alt",7,"modt",500,0,1,0.02,0.0466666666666667,0.00666666666666667,0.0245088408204964,4.97807540602367e-05,3.29128425158212
10,"skew","alt",7,"fl_199",500,0,0,0,0.0422222222222222,0.00888888888888889,0.0277777777777778,0.005,3.29128425158212
10,"skew","alt",7,"fl_999",500,0,0,0,0.0377777777777778,0.0111111111111111,0.0312222222222222,0.001,3.29128425158212
10,"skew","alt",7,"fl_9999",500,0,0,0,0.04,0.0111111111111111,0.0291555555555555,4e-04,3.29128425158212
10,"skew","alt",7,"pvw_199",500,0,0,0,0.0577777777777778,0.00888888888888889,0.0723387989623263,0.00298054198709802,3.29128425158212
10,"skew","alt",7,"pvt_199",500,0.652173913043478,23,0.16,0.122222222222222,0.0444444444444444,0.0958766957465756,7.90194371000764e-10,3.29128425158212
10,"skew","alt",7,"mm_199",500,0.5,6,0.06,0.0466666666666667,0.02,0.228888888888889,4.17161436518675e-06,3.29128425158212
10,"skew","alt",7,"pvw_999",500,0,0,0,0.0511111111111111,0.00444444444444444,0.0725464222414982,0.00487736460605475,3.29128425158212
10,"skew","alt",7,"pvt_999",500,0.64,25,0.18,0.12,0.0444444444444444,0.10078955621673,3.64316465566458e-11,3.29128425158212
10,"skew","alt",7,"mm_999",500,0,1,0.02,0.0511111111111111,0.0111111111111111,0.38,8.81247395413675e-05,3.29128425158212
10,"skew","alt",8,"ols",500,0,0,0,0.0355555555555556,0.0133333333333333,0.0311288846515541,0.000668675588711854,3.28313460568338
10,"skew","alt",8,"modt",500,0,0,0,0.0444444444444444,0.00888888888888889,0.0315386889309965,0.00202424420434096,3.28313460568338
10,"skew","alt",8,"fl_199",500,0,0,0,0.0422222222222222,0.00888888888888889,0.0416666666666666,0.005,3.28313460568338
10,"skew","alt",8,"fl_999",500,0,0,0,0.0422222222222222,0.0133333333333333,0.0415555555555556,0.001,3.28313460568338
10,"skew","alt",8,"fl_9999",500,0,0,0,0.0422222222222222,0.0155555555555556,0.0435444444444444,7e-04,3.28313460568338
10,"skew","alt",8,"pvw_199",500,0,0,0,0.0466666666666667,0.00444444444444444,0.0801907341888459,0.00386687476408186,3.28313460568338
10,"skew","alt",8,"pvt_199",500,0.518518518518518,27,0.26,0.111111111111111,0.0377777777777778,0.101466523805591,1.88876641219004e-13,3.28313460568338
10,"skew","alt",8,"mm_199",500,0.666666666666667,3,0.02,0.0444444444444444,0.0155555555555556,0.173333333333333,4.20693819563403e-09,3.28313460568338
10,"skew","alt",8,"pvw_999",500,0,0,0,0.0355555555555556,0.00666666666666667,0.0744073929581991,0.00599786049741634,3.28313460568338
10,"skew","alt",8,"pvt_999",500,0.52,25,0.24,0.108888888888889,0.0355555555555556,0.103587099999581,5.97476825964891e-12,3.28313460568338
10,"skew","alt",8,"mm_999",500,1,1,0,0.0444444444444444,0.0155555555555556,0.266666666666667,1.53394700282649e-05,3.28313460568338
10,"skew","alt",9,"ols",500,0,0,0,0.0466666666666667,0.00888888888888889,0.0683586503256082,0.000353302444321133,3.18395177167329
10,"skew","alt",9,"modt",500,0,0,0,0.0422222222222222,0.00444444444444444,0.0634805340830349,0.002509570779328,3.18395177167329
10,"skew","alt",9,"fl_199",500,0,0,0,0.0555555555555556,0.00444444444444444,0.0655555555555556,0.005,3.18395177167329
10,"skew","alt",9,"fl_999",500,0,0,0,0.0533333333333333,0.0111111111111111,0.0622222222222222,0.001,3.18395177167329
10,"skew","alt",9,"fl_9999",500,0,0,0,0.0511111111111111,0.0133333333333333,0.0604888888888889,2e-04,3.18395177167329
10,"skew","alt",9,"pvw_199",500,0,0,0,0.0622222222222222,0.00444444444444444,0.130852470996076,0.00281288028111073,3.18395177167329
10,"skew","alt",9,"pvt_199",500,0.647058823529412,17,0.12,0.122222222222222,0.0511111111111111,0.152922833366808,9.81365227443956e-13,3.18395177167329
10,"skew","alt",9,"mm_199",500,1,1,0,0.0622222222222222,0.0155555555555556,0.146666666666667,5.98368424842112e-05,3.18395177167329
10,"skew","alt",9,"pvw_999",500,0,0,0,0.0511111111111111,0.00222222222222222,0.134920859299188,0.00500347264480625,3.18395177167329
10,"skew","alt",9,"pvt_999",500,0.666666666666667,18,0.12,0.117777777777778,0.0511111111111111,0.160130501866182,1.84999889397738e-13,3.18395177167329
10,"skew","alt",9,"mm_999",500,1,1,0,0.0555555555555556,0.0155555555555556,0.262222222222222,1.18375197399471e-05,3.18395177167329
10,"skew","alt",10,"ols",500,0,0,0,0.0733333333333333,0.0177777777777778,0.0483248396714539,0.00108394463298994,3.52276756704966
10,"skew","alt",10,"modt",500,0,0,0,0.0688888888888889,0.0177777777777778,0.0511681172938541,0.000380883082956212,3.52276756704966
10,"skew","alt",10,"fl_199",500,0,0,0,0.0822222222222222,0.00888888888888889,0.0638888888888889,0.005,3.52276756704966
10,"skew","alt",10,"fl_999",500,0,0,0,0.0777777777777778,0.0133333333333333,0.0508888888888889,0.001,3.52276756704966
10,"skew","alt",10,"fl_9999",500,0,0,0,0.0777777777777778,0.0177777777777778,0.0525333333333333,0.0016,3.52276756704966
10,"skew","alt",10,"pvw_199",500,0,0,0,0.0888888888888889,0.00888888888888889,0.110462748350972,0.00433775857318222,3.52276756704966
10,"skew","alt",10,"pvt_199",500,0.821428571428571,28,0.1,0.151111111111111,0.08,0.140222172879565,2.2749842442525e-09,3.52276756704966
10,"skew","alt",10,"mm_199",500,1,3,0,0.0733333333333333,0.02,0.224444444444444,1.98844559938602e-06,3.52276756704966
10,"skew","alt",10,"pvw_999",500,0,0,0,0.0822222222222222,0.00666666666666667,0.110229742960347,0.00697247874194379,3.52276756704966
10,"skew","alt",10,"pvt_999",500,0.807692307692308,26,0.1,0.155555555555556,0.0844444444444444,0.14613631263332,1.71583351836922e-09,3.52276756704966
10,"skew","alt",10,"mm_999",500,1,1,0,0.0755555555555556,0.0133333333333333,0.388888888888889,8.23680275090779e-06,3.52276756704966
10,"skew","alt",11,"ols",500,0,0,0,0.0311111111111111,0.00888888888888889,0.0234307827033964,0.000148911192997502,3.12924276898478
10,"skew","alt",11,"modt",500,0,0,0,0.0333333333333333,0.00444444444444444,0.0264818962634425,0.00221129141397182,3.12924276898478
10,"skew","alt",11,"fl_199",500,0,0,0,0.0266666666666667,0.00444444444444444,0.0316666666666667,0.005,3.12924276898478
10,"skew","alt",11,"fl_999",500,0,0,0,0.0333333333333333,0.00666666666666667,0.0226666666666667,0.002,3.12924276898478
10,"skew","alt",11,"fl_9999",500,0,0,0,0.0311111111111111,0.00666666666666667,0.0229777777777778,7e-04,3.12924276898478
10,"skew","alt",11,"pvw_199",500,0,0,0,0.04,0.00222222222222222,0.0786979721149518,0.00525745859672334,3.12924276898478
10,"skew","alt",11,"pvt_199",500,0.315789473684211,19,0.26,0.115555555555556,0.04,0.100858770832516,2.5512516538403e-17,3.12924276898478
10,"skew","alt",11,"mm_199",500,0,0,0,0.0311111111111111,0.0111111111111111,0.193333333333333,0.0007671476881002,3.12924276898478
10,"skew","alt",11,"pvw_999",500,0,0,0,0.0422222222222222,0.00444444444444444,0.0837171492301191,0.00412974189186356,3.12924276898478
10,"skew","alt",11,"pvt_999",500,0.363636363636364,22,0.28,0.12,0.04,0.102631370188963,2.02471174349497e-16,3.12924276898478
10,"skew","alt",11,"mm_999",500,0,0,0,0.0355555555555556,0.00888888888888889,0.311111111111111,0.00084936215344903,3.12924276898478
10,"skew","alt",12,"ols",500,0,0,0,0.06,0.0111111111111111,0.0485299422461536,0.00248138087964827,3.01604281286484
10,"skew","alt",12,"modt",500,0,0,0,0.0488888888888889,0.0133333333333333,0.046519738450305,0.000485881927067316,3.01604281286484
10,"skew","alt",12,"fl_199",500,0,0,0,0.0577777777777778,0.00666666666666667,0.0466666666666666,0.005,3.01604281286484
10,"skew","alt",12,"fl_999",500,0,0,0,0.0555555555555556,0.00888888888888889,0.0527777777777778,0.003,3.01604281286484
10,"skew","alt",12,"fl_9999",500,0,0,0,0.0577777777777778,0.0111111111111111,0.0464,9e-04,3.01604281286484
10,"skew","alt",12,"pvw_199",500,0,0,0,0.0577777777777778,0.00444444444444444,0.113112506179803,0.0071870875235106,3.01604281286484
10,"skew","alt",12,"pvt_199",500,0.777777777777778,18,0.08,0.144444444444444,0.0666666666666667,0.146305036351045,9.5230445245811e-08,3.01604281286484
10,"skew","alt",12,"mm_199",500,1,1,0,0.06,0.00888888888888889,0.206666666666667,3.03060779093903e-05,3.01604281286484
10,"skew","alt",12,"pvw_999",500,0,0,0,0.0644444444444444,0.00222222222222222,0.106578551124685,0.00926172062564477,3.01604281286484
10,"skew","alt",12,"pvt_999",500,0.733333333333333,15,0.08,0.142222222222222,0.0644444444444444,0.143005781433169,2.1169540032803e-07,3.01604281286484
10,"skew","alt",12,"mm_999",500,0,0,0,0.0733333333333333,0.00666666666666667,0.368888888888889,0.00305872014999435,3.01604281286484
10,"skew","alt",13,"ols",500,0,0,0,0.0666666666666667,0.02,0.0289261668918972,0.000558399864726832,3.10375082463163
10,"skew","alt",13,"modt",500,0,0,0,0.0644444444444444,0.0222222222222222,0.031161043839311,0.000916714847549328,3.10375082463163
10,"skew","alt",13,"fl_199",500,0,0,0,0.0555555555555556,0.00666666666666667,0.0255555555555557,0.005,3.10375082463163
10,"skew","alt",13,"fl_999",500,0,0,0,0.0711111111111111,0.0266666666666667,0.0335555555555555,0.001,3.10375082463163
10,"skew","alt",13,"fl_9999",500,0,0,0,0.0688888888888889,0.0244444444444444,0.0280111111111111,3e-04,3.10375082463163
10,"skew","alt",13,"pvw_199",500,0,0,0,0.0644444444444444,0.00222222222222222,0.0830607441301892,0.00888561577023272,3.10375082463163
10,"skew","alt",13,"pvt_199",500,0.75,32,0.16,0.14,0.0777777777777778,0.126520052534555,7.74623720996333e-12,3.10375082463163
10,"skew","alt",13,"mm_199",500,0,0,0,0.0555555555555556,0.0177777777777778,0.16,0.000222399088009153,3.10375082463163
10,"skew","alt",13,"pvw_999",500,0,0,0,0.0755555555555556,0.0111111111111111,0.0855101505181218,0.00518670174452126,3.10375082463163
10,"skew","alt",13,"pvt_999",500,0.757575757575758,33,0.16,0.142222222222222,0.0733333333333333,0.116558695316888,1.69192961485388e-11,3.10375082463163
10,"skew","alt",13,"mm_999",500,1,1,0,0.0711111111111111,0.0244444444444444,0.328888888888889,5.47832079882086e-05,3.10375082463163
10,"skew","alt",14,"ols",500,0,0,0,0.0533333333333333,0.0111111111111111,0.0259672967824603,0.00158972155185655,3.59883726497685
10,"skew","alt",14,"modt",500,0,0,0,0.0688888888888889,0.0111111111111111,0.0317953274664241,0.000250365095420946,3.59883726497685
10,"skew","alt",14,"fl_199",500,0,0,0,0.0533333333333333,0.00888888888888889,0.0305555555555556,0.005,3.59883726497685
10,"skew","alt",14,"fl_999",500,0,0,0,0.0622222222222222,0.0111111111111111,0.0301111111111111,0.001,3.59883726497685
10,"skew","alt",14,"fl_9999",500,0,0,0,0.0577777777777778,0.0111111111111111,0.0291888888888889,6e-04,3.59883726497685
10,"skew","alt",14,"pvw_199",500,0,0,0,0.0755555555555556,0.00666666666666667,0.0919138160700129,0.00664079403483941,3.59883726497685
10,"skew","alt",14,"pvt_199",500,0.736842105263158,19,0.1,0.137777777777778,0.0711111111111111,0.115474632057569,5.0893867820028e-09,3.59883726497685
10,"skew","alt",14,"mm_199",500,1,3,0,0.0688888888888889,0.0133333333333333,0.186666666666667,1.07183626561865e-05,3.59883726497685
10,"skew","alt",14,"pvw_999",500,0,0,0,0.0755555555555556,0.0111111111111111,0.085074769575391,0.00533359145873924,3.59883726497685
10,"skew","alt",14,"pvt_999",500,0.722222222222222,18,0.1,0.133333333333333,0.0688888888888889,0.108802026662572,7.70147357058155e-09,3.59883726497685
10,"skew","alt",14,"mm_999",500,0,0,0,0.0777777777777778,0.0111111111111111,0.362222222222222,0.000116656188595257,3.59883726497685
10,"skew","alt",15,"ols",500,0,0,0,0.0311111111111111,0.00666666666666667,0.0318614226791016,0.000893620027609415,3.21316771738752
10,"skew","alt",15,"modt",500,0,0,0,0.0355555555555556,0.0111111111111111,0.035665607641764,0.00195167399407489,3.21316771738752
10,"skew","alt",15,"fl_199",500,0,0,0,0.04,0.00666666666666667,0.0288888888888889,0.005,3.21316771738752
10,"skew","alt",15,"fl_999",500,0,0,0,0.0333333333333333,0.00666666666666667,0.0277777777777778,0.001,3.21316771738752
10,"skew","alt",15,"fl_9999",500,0,0,0,0.0377777777777778,0.0133333333333333,0.0318222222222222,0.0019,3.21316771738752
10,"skew","alt",15,"pvw_199",500,0,0,0,0.0444444444444444,0.00666666666666667,0.0659896364886485,0.00537905407397543,3.21316771738752
10,"skew","alt",15,"pvt_199",500,0.473684210526316,19,0.2,0.108888888888889,0.0355555555555556,0.0885329602065695,9.94721854977209e-10,3.21316771738752
10,"skew","alt",15,"mm_199",500,1,1,0,0.0333333333333333,0.00666666666666667,0.231111111111111,9.97936996306095e-06,3.21316771738752
10,"skew","alt",15,"pvw_999",500,0,0,0,0.04,0.00666666666666667,0.0703074191627049,0.00580512732183443,3.21316771738752
10,"skew","alt",15,"pvt_999",500,0.444444444444444,18,0.2,0.108888888888889,0.04,0.0926260334410747,5.50493993405288e-10,3.21316771738752
10,"skew","alt",15,"mm_999",500,0,0,0,0.0377777777777778,0.00666666666666667,0.386666666666667,0.000271347878356524,3.21316771738752
20,"skew","alt",1,"ols",500,0,2,0.04,0.0511111111111111,0.00888888888888889,0.0321830699414016,8.22576857110266e-05,3.55020537058991
20,"skew","alt",1,"modt",500,0,1,0.02,0.0466666666666667,0.0133333333333333,0.0284454913555718,2.83351236254791e-05,3.55020537058991
20,"skew","alt",1,"fl_199",500,0,0,0,0.0422222222222222,0.0111111111111111,0.055,0.005,3.55020537058991
20,"skew","alt",1,"fl_999",500,0,0,0,0.0533333333333333,0.0177777777777778,0.0461111111111111,0.001,3.55020537058991
20,"skew","alt",1,"fl_9999",500,0,4,0.08,0.0533333333333333,0.0177777777777778,0.0468333333333334,1e-04,3.55020537058991
20,"skew","alt",1,"pvw_199",500,0,0,0,0.06,0.00444444444444444,0.0354062030312339,0.000532112742925371,3.55020537058991
20,"skew","alt",1,"pvt_199",500,0.166666666666667,18,0.3,0.1,0.0355555555555556,0.0591695224178528,2.58460923299299e-08,3.55020537058991
20,"skew","alt",1,"mm_199",500,0.1,10,0.18,0.06,0.0222222222222222,0.122222222222222,7.18192697740872e-07,3.55020537058991
20,"skew","alt",1,"pvw_999",500,0,0,0,0.0511111111111111,0.00444444444444444,0.0346823535662187,0.000641992138510452,3.55020537058991
20,"skew","alt",1,"pvt_999",500,0.117647058823529,17,0.3,0.0822222222222222,0.0355555555555556,0.0534415030792941,1.10352329026361e-07,3.55020537058991
20,"skew","alt",1,"mm_999",500,0,8,0.16,0.0533333333333333,0.0177777777777778,0.177777777777778,1.5600687637571e-05,3.55020537058991
20,"skew","alt",2,"ols",500,0,2,0.04,0.0666666666666667,0.0177777777777778,0.089468247132823,5.34081435786082e-05,3.73879389245679
20,"skew","alt",2,"modt",500,0,4,0.08,0.06,0.0155555555555556,0.0824654979204121,2.17222379612542e-05,3.73879389245679
20,"skew","alt",2,"fl_199",500,0,0,0,0.0644444444444444,0.00666666666666667,0.0888888888888889,0.005,3.73879389245679
20,"skew","alt",2,"fl_999",500,0,0,0,0.0688888888888889,0.0155555555555556,0.0854444444444444,0.001,3.73879389245679
20,"skew","alt",2,"fl_9999",500,0,3,0.06,0.0688888888888889,0.02,0.0846444444444445,1e-04,3.73879389245679
20,"skew","alt",2,"pvw_199",500,0,0,0,0.0688888888888889,0.00888888888888889,0.118854659944116,0.000278042936727775,3.73879389245679
20,"skew","alt",2,"pvt_199",500,0.294117647058824,17,0.24,0.104444444444444,0.0288888888888889,0.138319669886127,9.91439200280003e-10,3.73879389245679
20,"skew","alt",2,"mm_199",500,0.1,10,0.18,0.0711111111111111,0.0222222222222222,0.0973587962844311,3.7102637778391e-09,3.73879389245679
20,"skew","alt",2,"pvw_999",500,0,0,0,0.0711111111111111,0.0155555555555556,0.114617904314103,0.00029625337590756,3.73879389245679
20,"skew","alt",2,"pvt_999",500,0.388888888888889,18,0.22,0.0977777777777778,0.0266666666666667,0.129697148936785,1.22074953976288e-08,3.73879389245679
20,"skew","alt",2,"mm_999",500,0.1,10,0.18,0.0644444444444444,0.0177777777777778,0.146666666666667,1.50809906160131e-05,3.73879389245679
20,"skew","alt",3,"ols",500,0,7,0.14,0.0444444444444444,0,0.0389969714302606,3.53993083701672e-06,3.54459089712314
20,"skew","alt",3,"modt",500,0,3,0.06,0.0511111111111111,0,0.0420555943343084,1.4753156994754e-06,3.54459089712314
20,"skew","alt",3,"fl_199",500,0,0,0,0.0422222222222222,0,0.0305555555555555,0.005,3.54459089712314
20,"skew","alt",3,"fl_999",500,0,0,0,0.0488888888888889,0.00222222222222222,0.0308888888888889,0.001,3.54459089712314
20,"skew","alt",3,"fl_9999",500,0,6,0.12,0.0466666666666667,0,0.0279111111111112,1e-04,3.54459089712314
20,"skew","alt",3,"pvw_199",500,0,0,0,0.0511111111111111,0,0.0626214167807435,0.000440288039697788,3.54459089712314
20,"skew","alt",3,"pvt_199",500,0,10,0.2,0.0711111111111111,0.0222222222222222,0.0733716048998952,6.63164284765551e-14,3.54459089712314
20,"skew","alt",3,"mm_199",500,0,6,0.12,0.0488888888888889,0.00666666666666667,0.0816922369155615,9.38510294045956e-09,3.54459089712314
20,"skew","alt",3,"pvw_999",500,0,0,0,0.0511111111111111,0,0.0626628599925635,0.00024031789902268,3.54459089712314
20,"skew","alt",3,"pvt_999",500,0,11,0.22,0.0777777777777778,0.02,0.0738476378604947,2.37831647517266e-12,3.54459089712314
20,"skew","alt",3,"mm_999",500,0,5,0.1,0.0422222222222222,0.00444444444444444,0.188888888888889,3.53462645390394e-09,3.54459089712314
20,"skew","alt",4,"ols",500,0,2,0.04,0.0466666666666667,0.0155555555555556,0.0411939445204191,2.1639240692383e-05,3.20317681123564
20,"skew","alt",4,"modt",500,0,2,0.04,0.0444444444444444,0.02,0.0342817592949245,1.44307219263841e-05,3.20317681123564
20,"skew","alt",4,"fl_199",500,0,0,0,0.0333333333333333,0.0133333333333333,0.0372222222222223,0.005,3.20317681123564
20,"skew","alt",4,"fl_999",500,0,0,0,0.0422222222222222,0.0155555555555556,0.035,0.001,3.20317681123564
20,"skew","alt",4,"fl_9999",500,0,2,0.04,0.0444444444444444,0.0155555555555556,0.0425333333333333,1e-04,3.20317681123564
20,"skew","alt",4,"pvw_199",500,0,0,0,0.0444444444444444,0.0133333333333333,0.0703927219282303,0.000317161315928418,3.20317681123564
20,"skew","alt",4,"pvt_199",500,0.318181818181818,22,0.3,0.0822222222222222,0.0222222222222222,0.0829236239748801,5.28231640383521e-10,3.20317681123564
20,"skew","alt",4,"mm_199",500,0,6,0.12,0.0377777777777778,0.0177777777777778,0.126666666666667,1.05383854168747e-08,3.20317681123564
20,"skew","alt",4,"pvw_999",500,0,0,0,0.0466666666666667,0.0155555555555556,0.0645745869369351,0.000365986956673134,3.20317681123564
20,"skew","alt",4,"pvt_999",500,0.35,20,0.26,0.0711111111111111,0.02,0.0757782259905609,1.37002607038572e-09,3.20317681123564
20,"skew","alt",4,"mm_999",500,0,4,0.08,0.04,0.0155555555555556,0.231111111111111,1.25139442492737e-06,3.20317681123564
20,"skew","alt",5,"ols",500,0,0,0,0.0488888888888889,0.0133333333333333,0.030433859237146,0.000509623668215307,3.21051151307721
20,"skew","alt",5,"modt",500,0,0,0,0.0511111111111111,0.00888888888888889,0.0274932421702779,0.000474210066074957,3.21051151307721
20,"skew","alt",5,"fl_199",500,0,0,0,0.0533333333333333,0.00444444444444444,0.0322222222222222,0.005,3.21051151307721
20,"skew","alt",5,"fl_999",500,0,0,0,0.0555555555555556,0.0133333333333333,0.032,0.001,3.21051151307721
20,"skew","alt",5,"fl_9999",500,0,0,0,0.0488888888888889,0.0133333333333333,0.0310333333333334,6e-04,3.21051151307721
20,"skew","alt",5,"pvw_199",500,0,0,0,0.06,0.00888888888888889,0.0335351896339061,0.000948337413865293,3.21051151307721
20,"skew","alt",5,"pvt_199",500,0.5,12,0.12,0.0844444444444444,0.0222222222222222,0.0462763140995861,5.24515743980143e-06,3.21051151307721
20,"skew","alt",5,"mm_199",500,0,0,0,0.0533333333333333,0.0133333333333333,0.122222222222222,0.000178199061885367,3.21051151307721
20,"skew","alt",5,"pvw_999",500,0,0,0,0.06,0.00888888888888889,0.030637061834816,0.00159986781285404,3.21051151307721
20,"skew","alt",5,"pvt_999",500,0.25,8,0.12,0.0822222222222222,0.0222222222222222,0.0484567926777712,5.26589720257987e-06,3.21051151307721
20,"skew","alt",5,"mm_999",500,0,0,0,0.0488888888888889,0.0111111111111111,0.253333333333333,0.000324425115371905,3.21051151307721
20,"skew","alt",6,"ols",500,0,1,0.02,0.0577777777777778,0.0155555555555556,0.0285182301729023,6.90263778622205e-05,4.28781116813666
20,"skew","alt",6,"modt",500,0,1,0.02,0.06,0.00888888888888889,0.0380586878752591,9.82838561971994e-05,4.28781116813666
20,"skew","alt",6,"fl_199",500,0,0,0,0.0555555555555556,0.0111111111111111,0.0344444444444444,0.005,4.28781116813666
20,"skew","alt",6,"fl_999",500,0,0,0,0.0622222222222222,0.0177777777777778,0.0276666666666667,0.001,4.28781116813666
20,"skew","alt",6,"fl_9999",500,0,2,0.04,0.0622222222222222,0.0155555555555556,0.0287111111111111,1e-04,4.28781116813666
20,"skew","alt",6,"pvw_199",500,0,0,0,0.0644444444444444,0.0155555555555556,0.0532451299348493,0.000791378136958822,4.28781116813666
20,"skew","alt",6,"pvt_199",500,0.4375,16,0.18,0.0955555555555556,0.0266666666666667,0.0738688686035,1.10153107237745e-08,4.28781116813666
20,"skew","alt",6,"mm_199",500,0.222222222222222,9,0.14,0.0622222222222222,0.02,0.117777777777778,1.36787678189114e-05,4.28781116813666
20,"skew","alt",6,"pvw_999",500,0,0,0,0.0644444444444444,0.0155555555555556,0.051347481199273,0.000599862616934922,4.28781116813666
20,"skew","alt",6,"pvt_999",500,0.411764705882353,17,0.2,0.1,0.0288888888888889,0.0679520573969738,4.15809730352264e-08,4.28781116813666
20,"skew","alt",6,"mm_999",500,0,5,0.1,0.0577777777777778,0.02,0.22,2.13590905158823e-05,4.28781116813666
20,"skew","alt",7,"ols",500,0,5,0.1,0.0577777777777778,0.0133333333333333,0.0407373914693509,2.16276466214753e-05,3.72151849780886
20,"skew","alt",7,"modt",500,0,3,0.06,0.0555555555555556,0.00666666666666667,0.0423084098144662,4.14769161850728e-05,3.72151849780886
20,"skew","alt",7,"fl_199",500,0,0,0,0.0622222222222222,0.00666666666666667,0.0394444444444445,0.005,3.72151849780886
20,"skew","alt",7,"fl_999",500,0,0,0,0.0511111111111111,0.0111111111111111,0.037,0.001,3.72151849780886
20,"skew","alt",7,"fl_9999",500,0,1,0.02,0.0555555555555556,0.0133333333333333,0.0378222222222222,1e-04,3.72151849780886
20,"skew","alt",7,"pvw_199",500,0,0,0,0.0666666666666667,0.00666666666666667,0.0620872233804374,0.000165319418455529,3.72151849780886
20,"skew","alt",7,"pvt_199",500,0.153846153846154,13,0.22,0.0977777777777778,0.0333333333333333,0.0642236339662783,2.65973641170238e-10,3.72151849780886
20,"skew","alt",7,"mm_199",500,0.166666666666667,6,0.1,0.0644444444444444,0.0155555555555556,0.12,1.40607683647294e-05,3.72151849780886
20,"skew","alt",7,"pvw_999",500,0,0,0,0.0555555555555556,0.00888888888888889,0.0590606524367479,0.000379569639608925,3.72151849780886
20,"skew","alt",7,"pvt_999",500,0.266666666666667,15,0.22,0.0955555555555556,0.0333333333333333,0.0622950047860164,2.85228606459553e-10,3.72151849780886
20,"skew","alt",7,"mm_999",500,0,3,0.06,0.0511111111111111,0.0133333333333333,0.202222222222222,3.55922770399266e-06,3.72151849780886
20,"skew","alt",8,"ols",500,0,0,0,0.04,0.00888888888888889,0.0306666068128984,0.000419902422129648,3.48064485311538
20,"skew","alt",8,"modt",500,0,0,0,0.04,0.0111111111111111,0.0299081756726888,0.000333181456596837,3.48064485311538
20,"skew","alt",8,"fl_199",500,0,0,0,0.0266666666666667,0.00666666666666667,0.0361111111111111,0.005,3.48064485311538
20,"skew","alt",8,"fl_999",500,0,0,0,0.0355555555555556,0.00888888888888889,0.0327777777777778,0.001,3.48064485311538
20,"skew","alt",8,"fl_9999",500,0,0,0,0.04,0.00888888888888889,0.0320888888888889,4e-04,3.48064485311538
20,"skew","alt",8,"pvw_199",500,0,0,0,0.0377777777777778,0.00666666666666667,0.0451936781877485,0.000513966647723861,3.48064485311538
20,"skew","alt",8,"pvt_199",500,0.3,10,0.14,0.0688888888888889,0.0222222222222222,0.0527221078320398,1.64179166892218e-06,3.48064485311538
20,"skew","alt",8,"mm_199",500,0.2,5,0.08,0.0333333333333333,0.00888888888888889,0.124444444444444,2.30470949246399e-08,3.48064485311538
20,"skew","alt",8,"pvw_999",500,0,0,0,0.0377777777777778,0.00666666666666667,0.043371912086659,0.00106416512670665,3.48064485311538
20,"skew","alt",8,"pvt_999",500,0.333333333333333,9,0.12,0.0733333333333333,0.0177777777777778,0.0457128757388677,3.79955478886666e-06,3.48064485311538
20,"skew","alt",8,"mm_999",500,0,3,0.06,0.0355555555555556,0.00666666666666667,0.237777777777778,3.27319153991852e-05,3.48064485311538
20,"skew","alt",9,"ols",500,0,0,0,0.0533333333333333,0.00444444444444444,0.0253737932684623,0.000367916731835247,3.59074434298125
20,"skew","alt",9,"modt",500,0,0,0,0.0511111111111111,0.00666666666666667,0.0192839617795158,0.000184594455584243,3.59074434298125
20,"skew","alt",9,"fl_199",500,0,0,0,0.0444444444444444,0.00222222222222222,0.0344444444444444,0.005,3.59074434298125
20,"skew","alt",9,"fl_999",500,0,0,0,0.0488888888888889,0.00444444444444444,0.0244444444444445,0.001,3.59074434298125
20,"skew","alt",9,"fl_9999",500,0,0,0,0.0488888888888889,0.00444444444444444,0.0245333333333333,2e-04,3.59074434298125
20,"skew","alt",9,"pvw_199",500,0,0,0,0.0533333333333333,0.00222222222222222,0.0449739494413422,0.00143087496008707,3.59074434298125
20,"skew","alt",9,"pvt_199",500,0.111111111111111,9,0.16,0.0733333333333333,0.0222222222222222,0.0462130650340722,8.53536810938592e-06,3.59074434298125
20,"skew","alt",9,"mm_199",500,0.166666666666667,6,0.1,0.0511111111111111,0.00888888888888889,0.115555555555556,4.1948646513148e-05,3.59074434298125
20,"skew","alt",9,"pvw_999",500,0,0,0,0.0511111111111111,0.00222222222222222,0.0451709466866644,0.00172054767663124,3.59074434298125
20,"skew","alt",9,"pvt_999",500,0.111111111111111,9,0.16,0.0711111111111111,0.0244444444444444,0.0496748738944437,4.45864500549507e-06,3.59074434298125
20,"skew","alt",9,"mm_999",500,0.333333333333333,3,0.04,0.0488888888888889,0.00444444444444444,0.193333333333333,0.000105770873352146,3.59074434298125
20,"skew","alt",10,"ols",500,0.25,4,0.06,0.0866666666666667,0.0222222222222222,0.0614715399080122,1.20636983331397e-05,3.38844799923559
20,"skew","alt",10,"modt",500,0.333333333333333,6,0.08,0.0733333333333333,0.0222222222222222,0.0626782237590194,4.17567452305104e-05,3.38844799923559
20,"skew","alt",10,"fl_199",500,0,0,0,0.0622222222222222,0.00666666666666667,0.0611111111111111,0.005,3.38844799923559
20,"skew","alt",10,"fl_999",500,0,0,0,0.0866666666666667,0.02,0.0622222222222222,0.001,3.38844799923559
20,"skew","alt",10,"fl_9999",500,0.2,5,0.08,0.0888888888888889,0.0222222222222222,0.0617111111111111,1e-04,3.38844799923559
20,"skew","alt",10,"pvw_199",500,0,0,0,0.0844444444444444,0.00888888888888889,0.0793218420972755,0.000244209506485265,3.38844799923559
20,"skew","alt",10,"pvt_199",500,0.409090909090909,22,0.26,0.126666666666667,0.0466666666666667,0.0994458005147319,2.82567601720071e-11,3.38844799923559
20,"skew","alt",10,"mm_199",500,0.125,8,0.14,0.0711111111111111,0.0244444444444444,0.117777777777778,2.0332292811285e-09,3.38844799923559
20,"skew","alt",10,"pvw_999",500,0,0,0,0.0866666666666667,0.0155555555555556,0.0779459610442682,0.000192799343350732,3.38844799923559
20,"skew","alt",10,"pvt_999",500,0.416666666666667,24,0.28,0.122222222222222,0.0488888888888889,0.102695641643653,2.18656197004793e-10,3.38844799923559
20,"skew","alt",10,"mm_999",500,0.285714285714286,7,0.1,0.0844444444444444,0.0222222222222222,0.237777777777778,4.70419693309277e-10,3.38844799923559
20,"skew","alt",11,"ols",500,0,0,0,0.0533333333333333,0.00888888888888889,0.0329192922638761,0.000460660152597249,3.15701818133605
20,"skew","alt",11,"modt",500,0,0,0,0.0511111111111111,0.00444444444444444,0.0298538615164575,0.00082624658972382,3.15701818133605
20,"skew","alt",11,"fl_199",500,0,0,0,0.0488888888888889,0.00222222222222222,0.0283333333333334,0.005,3.15701818133605
20,"skew","alt",11,"fl_999",500,0,0,0,0.0555555555555556,0.00444444444444444,0.0257777777777777,0.001,3.15701818133605
20,"skew","alt",11,"fl_9999",500,0,0,0,0.0533333333333333,0.00666666666666667,0.0312111111111111,7e-04,3.15701818133605
20,"skew","alt",11,"pvw_199",500,0,0,0,0.0555555555555556,0.00666666666666667,0.0549908753792055,0.00214022030597331,3.15701818133605
20,"skew","alt",11,"pvt_199",500,0.142857142857143,7,0.12,0.0844444444444444,0.0311111111111111,0.0790197336570915,1.12906896962757e-05,3.15701818133605
20,"skew","alt",11,"mm_199",500,0.5,2,0.02,0.0533333333333333,0.00888888888888889,0.106666666666667,5.99189078024473e-05,3.15701818133605
20,"skew","alt",11,"pvw_999",500,0,0,0,0.0555555555555556,0.00444444444444444,0.0523685657417274,0.00201290830368391,3.15701818133605
20,"skew","alt",11,"pvt_999",500,0.2,5,0.08,0.0844444444444444,0.0222222222222222,0.0734210458280388,6.46885036205066e-06,3.15701818133605
20,"skew","alt",11,"mm_999",500,0,0,0,0.0555555555555556,0.00888888888888889,0.226666666666667,0.000256801072716846,3.15701818133605
20,"skew","alt",12,"ols",500,0,1,0.02,0.0466666666666667,0.00888888888888889,0.0639117772015019,5.80901662631775e-05,3.80957570084769
20,"skew","alt",12,"modt",500,0,0,0,0.0444444444444444,0.00888888888888889,0.0693064340919103,0.000190561571520949,3.80957570084769
20,"skew","alt",12,"fl_199",500,0,0,0,0.0488888888888889,0.00666666666666667,0.0566666666666666,0.005,3.80957570084769
20,"skew","alt",12,"fl_999",500,0,0,0,0.0555555555555556,0.00888888888888889,0.0525555555555555,0.001,3.80957570084769
20,"skew","alt",12,"fl_9999",500,0,2,0.04,0.0488888888888889,0.00888888888888889,0.0577222222222222,1e-04,3.80957570084769
20,"skew","alt",12,"pvw_199",500,0,0,0,0.0533333333333333,0.00888888888888889,0.0832375230066561,0.000201752871097962,3.80957570084769
20,"skew","alt",12,"pvt_199",500,0.235294117647059,17,0.26,0.0688888888888889,0.0311111111111111,0.0933070162360598,1.38147537425352e-08,3.80957570084769
20,"skew","alt",12,"mm_199",500,0.142857142857143,7,0.12,0.0511111111111111,0.0111111111111111,0.0822222222222222,4.5514447399902e-07,3.80957570084769
20,"skew","alt",12,"pvw_999",500,0,0,0,0.0533333333333333,0.00888888888888889,0.0903152583304773,0.000440172849228687,3.80957570084769
20,"skew","alt",12,"pvt_999",500,0.235294117647059,17,0.26,0.0755555555555556,0.0266666666666667,0.101013441712884,1.52432829615387e-08,3.80957570084769
20,"skew","alt",12,"mm_999",500,0,6,0.12,0.0488888888888889,0.00888888888888889,0.164444444444444,6.72387979532491e-06,3.80957570084769
20,"skew","alt",13,"ols",500,0,0,0,0.0311111111111111,0.00666666666666667,0.0395114028617177,0.000393040179929876,3.48256442782271
20,"skew","alt",13,"modt",500,0,0,0,0.0355555555555556,0.00666666666666667,0.0406483651485627,0.000314173224863223,3.48256442782271
20,"skew","alt",13,"fl_199",500,0,0,0,0.0288888888888889,0.00222222222222222,0.0311111111111111,0.005,3.48256442782271
20,"skew","alt",13,"fl_999",500,0,0,0,0.0311111111111111,0.00666666666666667,0.03,0.001,3.48256442782271
20,"skew","alt",13,"fl_9999",500,0,0,0,0.0311111111111111,0.00666666666666667,0.0374666666666667,4e-04,3.48256442782271
20,"skew","alt",13,"pvw_199",500,0,0,0,0.0333333333333333,0.00444444444444444,0.064609093085105,0.000781807352407708,3.48256442782271
20,"skew","alt",13,"pvt_199",500,0.181818181818182,11,0.18,0.0711111111111111,0.0177777777777778,0.0731483752095043,3.51661063617299e-06,3.48256442782271
20,"skew","alt",13,"mm_199",500,0,2,0.04,0.0266666666666667,0.00888888888888889,0.122222222222222,9.68249824580323e-05,3.48256442782271
20,"skew","alt",13,"pvw_999",500,0,0,0,0.0333333333333333,0.00222222222222222,0.0651890753429362,0.00167607038328479,3.48256442782271
20,"skew","alt",13,"pvt_999",500,0.1,10,0.18,0.0622222222222222,0.0155555555555556,0.0773640141697577,3.86807417473208e-06,3.48256442782271
20,"skew","alt",13,"mm_999",500,0,1,0.02,0.0311111111111111,0.00444444444444444,0.188888888888889,5.90729546208786e-05,3.48256442782271
20,"skew","alt",14,"ols",500,0,1,0.02,0.0866666666666667,0.0133333333333333,0.0578065962005183,9.09110104119479e-05,3.65026242169464
20,"skew","alt",14,"modt",500,0,0,0,0.0844444444444444,0.0155555555555556,0.0572309183888521,0.00015765822716098,3.65026242169464
20,"skew","alt",14,"fl_199",500,0,0,0,0.0711111111111111,0.00888888888888889,0.0488888888888889,0.005,3.65026242169464
20,"skew","alt",14,"fl_999",500,0,0,0,0.0844444444444444,0.0155555555555556,0.0473333333333334,0.001,3.65026242169464
20,"skew","alt",14,"fl_9999",500,0,0,0,0.0866666666666667,0.0133333333333333,0.0490111111111111,2e-04,3.65026242169464
20,"skew","alt",14,"pvw_199",500,0,0,0,0.08,0.0133333333333333,0.0892759826808918,0.000617835690351618,3.65026242169464
20,"skew","alt",14,"pvt_199",500,0.333333333333333,24,0.32,0.126666666666667,0.0422222222222222,0.0976767756029138,1.23314600094413e-08,3.65026242169464
20,"skew","alt",14,"mm_199",500,0.285714285714286,7,0.1,0.08,0.0177777777777778,0.0977777777777777,3.89494510962508e-05,3.65026242169464
20,"skew","alt",14,"pvw_999",500,0,0,0,0.0911111111111111,0.0133333333333333,0.0836697088005889,0.000537927101536842,3.65026242169464
20,"skew","alt",14,"pvt_999",500,0.318181818181818,22,0.3,0.122222222222222,0.0377777777777778,0.0977972374029127,5.01829754401848e-08,3.65026242169464
20,"skew","alt",14,"mm_999",500,0,1,0.02,0.0866666666666667,0.02,0.204444444444444,1.8502472939438e-05,3.65026242169464
20,"skew","alt",15,"ols",500,0,0,0,0.0511111111111111,0.00888888888888889,0.0486315734070492,0.000170433436693393,3.28999915328078
20,"skew","alt",15,"modt",500,0,0,0,0.0511111111111111,0.0111111111111111,0.049682825524507,0.000185672026254561,3.28999915328078
20,"skew","alt",15,"fl_199",500,0,0,0,0.0555555555555556,0.00666666666666667,0.0477777777777778,0.005,3.28999915328078
20,"skew","alt",15,"fl_999",500,0,0,0,0.0577777777777778,0.0111111111111111,0.0475555555555556,0.001,3.28999915328078
20,"skew","alt",15,"fl_9999",500,0,0,0,0.0577777777777778,0.00888888888888889,0.0492222222222222,2e-04,3.28999915328078
20,"skew","alt",15,"pvw_199",500,0,0,0,0.0555555555555556,0.0111111111111111,0.0282782634531679,0.000701578859111216,3.28999915328078
20,"skew","alt",15,"pvt_199",500,0.428571428571429,7,0.08,0.08,0.0244444444444444,0.0486075490334344,1.75330738698545e-06,3.28999915328078
20,"skew","alt",15,"mm_199",500,0.4,5,0.06,0.0555555555555556,0.0133333333333333,0.144444444444444,3.235170582849e-07,3.28999915328078
20,"skew","alt",15,"pvw_999",500,0,0,0,0.0577777777777778,0.00888888888888889,0.0310018933961225,0.000992296956335547,3.28999915328078
20,"skew","alt",15,"pvt_999",500,0.428571428571429,7,0.08,0.0866666666666667,0.02,0.0447079436332236,8.23840359379523e-07,3.28999915328078
20,"skew","alt",15,"mm_999",500,0.25,4,0.06,0.0577777777777778,0.0111111111111111,0.235555555555556,2.33659066383408e-05,3.28999915328078
40,"skew","alt",1,"ols",500,0.0588235294117647,17,0.32,0.0422222222222222,0.0133333333333333,0.0460864350273965,2.4668999379327e-06,3.24811632653556
40,"skew","alt",1,"modt",500,0.0714285714285714,14,0.26,0.04,0.0111111111111111,0.0464625178614551,2.93093735151354e-06,3.24811632653556
40,"skew","alt",1,"fl_199",500,0,0,0,0.0377777777777778,0.00888888888888889,0.0383333333333333,0.005,3.24811632653556
40,"skew","alt",1,"fl_999",500,0,11,0.22,0.04,0.0133333333333333,0.0453333333333333,0.001,3.24811632653556
40,"skew","alt",1,"fl_9999",500,0.0588235294117647,17,0.32,0.0422222222222222,0.0133333333333333,0.0400444444444445,1e-04,3.24811632653556
40,"skew","alt",1,"pvw_199",500,0,7,0.14,0.0444444444444444,0.0133333333333333,0.0584239155515035,2.14953564841797e-05,3.24811632653556
40,"skew","alt",1,"pvt_199",500,0.185185185185185,27,0.44,0.0511111111111111,0.02,0.0654126777059239,3.11284922897601e-09,3.24811632653556
40,"skew","alt",1,"mm_199",500,0.192307692307692,26,0.42,0.0444444444444444,0.0177777777777778,0.0840664129259461,5.38993858481312e-09,3.24811632653556
40,"skew","alt",1,"pvw_999",500,0,10,0.2,0.04,0.0133333333333333,0.0619623373938118,4.23970975889778e-05,3.24811632653556
40,"skew","alt",1,"pvt_999",500,0.192307692307692,26,0.42,0.0533333333333333,0.0244444444444444,0.0670906013785216,1.1081316407476e-08,3.24811632653556
40,"skew","alt",1,"mm_999",500,0.117647058823529,17,0.3,0.04,0.0133333333333333,0.1,4.72382475086231e-07,3.24811632653556
40,"skew","alt",2,"ols",500,0.0540540540540541,37,0.7,0.0511111111111111,0.00666666666666667,0.0539137543946351,8.31816358124502e-10,3.65789741367128
40,"skew","alt",2,"modt",500,0.0540540540540541,37,0.7,0.0466666666666667,0.00888888888888889,0.0491459597778354,1.59809261290682e-10,3.65789741367128
40,"skew","alt",2,"fl_199",500,0,0,0,0.04,0.00666666666666667,0.0605555555555556,0.005,3.65789741367128
40,"skew","alt",2,"fl_999",500,0.0555555555555556,36,0.68,0.0466666666666667,0.0111111111111111,0.057,0.001,3.65789741367128
40,"skew","alt",2,"fl_9999",500,0.0512820512820513,39,0.74,0.0511111111111111,0.0111111111111111,0.0579777777777778,1e-04,3.65789741367128
40,"skew","alt",2,"pvw_199",500,0.0540540540540541,37,0.7,0.0511111111111111,0.00666666666666667,0.0386374873606218,6.08044390137715e-07,3.65789741367128
40,"skew","alt",2,"pvt_199",500,0.0465116279069767,43,0.82,0.0622222222222222,0.02,0.0317398867160758,2.25534250178456e-18,3.65789741367128
40,"skew","alt",2,"mm_199",500,0.0952380952380952,42,0.76,0.0511111111111111,0.0155555555555556,0.0977777777777777,2.55221570395899e-10,3.65789741367128
40,"skew","alt",2,"pvw_999",500,0.0540540540540541,37,0.7,0.0488888888888889,0.00444444444444444,0.0398125057605891,8.90877493095013e-07,3.65789741367128
40,"skew","alt",2,"pvt_999",500,0.0487804878048781,41,0.78,0.0555555555555556,0.02,0.0316177381422749,3.53915076989879e-17,3.65789741367128
40,"skew","alt",2,"mm_999",500,0.05,40,0.76,0.0488888888888889,0.0111111111111111,0.117777777777778,3.52053862143957e-11,3.65789741367128
40,"skew","alt",3,"ols",500,0,13,0.26,0.0755555555555556,0.00666666666666667,0.0316824491791602,7.0458212593588e-06,3.68359555160636
40,"skew","alt",3,"modt",500,0.0434782608695652,23,0.44,0.0644444444444444,0.00666666666666667,0.0317022908526127,3.54602082215453e-06,3.68359555160636
40,"skew","alt",3,"fl_199",500,0,0,0,0.0622222222222222,0.00888888888888889,0.0294444444444444,0.005,3.68359555160636
40,"skew","alt",3,"fl_999",500,0.05,20,0.38,0.0688888888888889,0.0111111111111111,0.0296666666666667,0.001,3.68359555160636
40,"skew","alt",3,"fl_9999",500,0,20,0.4,0.0755555555555556,0.00666666666666667,0.0299,1e-04,3.68359555160636
40,"skew","alt",3,"pvw_199",500,0,10,0.2,0.0733333333333333,0.00666666666666667,0.046463486118559,0.000108968986556469,3.68359555160636
40,"skew","alt",3,"pvt_199",500,0.04,25,0.48,0.0822222222222222,0.0155555555555556,0.0503736939727477,7.78303121653166e-08,3.68359555160636
40,"skew","alt",3,"mm_199",500,0.0869565217391304,23,0.42,0.0711111111111111,0.0155555555555556,0.0805925311334516,1.0268208214683e-06,3.68359555160636
40,"skew","alt",3,"pvw_999",500,0,12,0.24,0.0733333333333333,0.00666666666666667,0.0437585671673188,5.71179763938205e-05,3.68359555160636
40,"skew","alt",3,"pvt_999",500,0.0769230769230769,26,0.48,0.0866666666666667,0.0177777777777778,0.0483791897754911,1.10014001743513e-07,3.68359555160636
40,"skew","alt",3,"mm_999",500,0,21,0.42,0.0688888888888889,0.0133333333333333,0.126666666666667,1.48176061616836e-06,3.68359555160636
40,"skew","alt",4,"ols",500,0,16,0.32,0.0377777777777778,0.00888888888888889,0.0319297610888836,3.7184607186016e-06,3.76196636253854
40,"skew","alt",4,"modt",500,0,14,0.28,0.0466666666666667,0.00888888888888889,0.0349932257456446,2.00330134407501e-06,3.76196636253854
40,"skew","alt",4,"fl_199",500,0,0,0,0.0377777777777778,0,0.0477777777777777,0.005,3.76196636253854
40,"skew","alt",4,"fl_999",500,0,11,0.22,0.0444444444444444,0.00444444444444444,0.0356666666666667,0.001,3.76196636253854
40,"skew","alt",4,"fl_9999",500,0,16,0.32,0.0444444444444444,0.00666666666666667,0.0366333333333333,1e-04,3.76196636253854
40,"skew","alt",4,"pvw_199",500,0,16,0.32,0.0444444444444444,0.00444444444444444,0.0230263120343139,6.16777676582984e-05,3.76196636253854
40,"skew","alt",4,"pvt_199",500,0,26,0.52,0.0644444444444444,0.0133333333333333,0.0310169714723046,2.40915720001916e-08,3.76196636253854
40,"skew","alt",4,"mm_199",500,0,17,0.34,0.0466666666666667,0.00444444444444444,0.0866666666666667,1.67186534038565e-09,3.76196636253854
40,"skew","alt",4,"pvw_999",500,0,12,0.24,0.04,0.00666666666666667,0.0228333463827949,2.82011009306053e-05,3.76196636253854
40,"skew","alt",4,"pvt_999",500,0.0357142857142857,28,0.54,0.0622222222222222,0.0111111111111111,0.0327230604392448,1.11111255618368e-08,3.76196636253854
40,"skew","alt",4,"mm_999",500,0,18,0.36,0.04,0.00888888888888889,0.133333333333333,1.5926399181733e-07,3.76196636253854
40,"skew","alt",5,"ols",500,0,23,0.46,0.0377777777777778,0.00444444444444444,0.0404797793059697,6.54665920061232e-07,3.52622211522331
40,"skew","alt",5,"modt",500,0,16,0.32,0.0355555555555556,0.00222222222222222,0.0412556077604742,2.23737055143689e-07,3.52622211522331
40,"skew","alt",5,"fl_199",500,0,0,0,0.0355555555555556,0,0.0455555555555555,0.005,3.52622211522331
40,"skew","alt",5,"fl_999",500,0,20,0.4,0.0377777777777778,0.00444444444444444,0.0411111111111112,0.001,3.52622211522331
40,"skew","alt",5,"fl_9999",500,0.0476190476190476,21,0.4,0.0377777777777778,0.00666666666666667,0.0413555555555555,1e-04,3.52622211522331
40,"skew","alt",5,"pvw_199",500,0,14,0.28,0.0422222222222222,0.00222222222222222,0.0437181764454465,1.27644456698505e-05,3.52622211522331
40,"skew","alt",5,"pvt_199",500,0.0285714285714286,35,0.68,0.0511111111111111,0.0133333333333333,0.0492337271215282,9.38246065587387e-11,3.52622211522331
40,"skew","alt",5,"mm_199",500,0,30,0.6,0.0444444444444444,0.00666666666666667,0.0977777777777777,4.29606331933849e-09,3.52622211522331
40,"skew","alt",5,"pvw_999",500,0,13,0.26,0.04,0.00222222222222222,0.0470499384031978,1.56654195627023e-05,3.52622211522331
40,"skew","alt",5,"pvt_999",500,0.0303030303030303,33,0.64,0.0533333333333333,0.0133333333333333,0.0490912024795619,1.6629563407232e-09,3.52622211522331
40,"skew","alt",5,"mm_999",500,0.0416666666666667,24,0.46,0.0377777777777778,0.00444444444444444,0.128888888888889,6.4386411386175e-08,3.52622211522331
40,"skew","alt",6,"ols",500,0.0434782608695652,23,0.44,0.0333333333333333,0.00444444444444444,0.0750934993965376,7.70409212967263e-06,3.58689023075916
40,"skew","alt",6,"modt",500,0.0526315789473684,19,0.36,0.0333333333333333,0.00444444444444444,0.075527529220669,5.10857696697863e-06,3.58689023075916
40,"skew","alt",6,"fl_199",500,0,0,0,0.0311111111111111,0.00444444444444444,0.0883333333333333,0.005,3.58689023075916
40,"skew","alt",6,"fl_999",500,0.0833333333333333,12,0.22,0.0355555555555556,0.00666666666666667,0.0841111111111111,0.001,3.58689023075916
40,"skew","alt",6,"fl_9999",500,0.05,20,0.38,0.0355555555555556,0.00888888888888889,0.0791111111111111,1e-04,3.58689023075916
40,"skew","alt",6,"pvw_199",500,0.0666666666666667,15,0.28,0.0377777777777778,0.00444444444444444,0.0615286833246534,6.92871393053656e-05,3.58689023075916
40,"skew","alt",6,"pvt_199",500,0.0416666666666667,24,0.46,0.0466666666666667,0.0111111111111111,0.0614479997587353,1.4700209151274e-07,3.58689023075916
40,"skew","alt",6,"mm_199",500,0.0869565217391304,23,0.42,0.0355555555555556,0.00888888888888889,0.0911111111111111,5.27138858615586e-10,3.58689023075916
40,"skew","alt",6,"pvw_999",500,0.1,10,0.18,0.0333333333333333,0.00222222222222222,0.0641944140881602,6.94245609066199e-05,3.58689023075916
40,"skew","alt",6,"pvt_999",500,0.04,25,0.48,0.0466666666666667,0.0133333333333333,0.0629318261799149,7.85451613356501e-08,3.58689023075916
40,"skew","alt",6,"mm_999",500,0.0454545454545455,22,0.42,0.0333333333333333,0.0111111111111111,0.113333333333333,4.57804602459672e-07,3.58689023075916
40,"skew","alt",7,"ols",500,0.08,25,0.46,0.0622222222222222,0.0111111111111111,0.0447200492379602,8.11698604354999e-09,3.5091572963513
40,"skew","alt",7,"modt",500,0.0769230769230769,26,0.48,0.0644444444444444,0.00888888888888889,0.0475167999683261,8.34767094810624e-08,3.5091572963513
40,"skew","alt",7,"fl_199",500,0,0,0,0.06,0.00666666666666667,0.0377777777777777,0.005,3.5091572963513
40,"skew","alt",7,"fl_999",500,0.0434782608695652,23,0.44,0.0622222222222222,0.0133333333333333,0.0413333333333334,0.001,3.5091572963513
40,"skew","alt",7,"fl_9999",500,0.0769230769230769,26,0.48,0.0644444444444444,0.0133333333333333,0.0386555555555555,1e-04,3.5091572963513
40,"skew","alt",7,"pvw_199",500,0.0952380952380952,21,0.38,0.0666666666666667,0.0133333333333333,0.060669164011032,3.83000466735072e-06,3.5091572963513
40,"skew","alt",7,"pvt_199",500,0.09375,32,0.58,0.0777777777777778,0.0177777777777778,0.0635344093201166,9.6674771865246e-14,3.5091572963513
40,"skew","alt",7,"mm_199",500,0.0714285714285714,28,0.52,0.0711111111111111,0.0177777777777778,0.0836790896405303,7.01960310930981e-14,3.5091572963513
40,"skew","alt",7,"pvw_999",500,0.0952380952380952,21,0.38,0.0644444444444444,0.0111111111111111,0.0567237368473236,2.05963723226727e-06,3.5091572963513
40,"skew","alt",7,"pvt_999",500,0.129032258064516,31,0.54,0.0777777777777778,0.0177777777777778,0.0638920817099837,3.35146790067547e-14,3.5091572963513
40,"skew","alt",7,"mm_999",500,0.08,25,0.46,0.0644444444444444,0.0155555555555556,0.106666666666667,2.20287752649492e-13,3.5091572963513
40,"skew","alt",8,"ols",500,0.0833333333333333,24,0.44,0.0577777777777778,0.00444444444444444,0.0811601332751234,2.42366333663006e-06,4.42462051445995
40,"skew","alt",8,"modt",500,0.0833333333333333,24,0.44,0.0577777777777778,0.00444444444444444,0.0799778879519111,3.44793200435257e-06,4.42462051445995
40,"skew","alt",8,"fl_199",500,0,0,0,0.0422222222222222,0.00666666666666667,0.0838888888888888,0.005,4.42462051445995
40,"skew","alt",8,"fl_999",500,0.0714285714285714,14,0.26,0.0555555555555556,0.00666666666666667,0.0827777777777778,0.001,4.42462051445995
40,"skew","alt",8,"fl_9999",500,0.0833333333333333,24,0.44,0.0577777777777778,0.00666666666666667,0.0832888888888889,1e-04,4.42462051445995
40,"skew","alt",8,"pvw_199",500,0.0909090909090909,22,0.4,0.0622222222222222,0.00666666666666667,0.0671364231154852,1.405327659166e-05,4.42462051445995
40,"skew","alt",8,"pvt_199",500,0.0714285714285714,28,0.52,0.0711111111111111,0.00666666666666667,0.0665458312587904,1.86416495941116e-08,4.42462051445995
40,"skew","alt",8,"mm_199",500,0.103448275862069,29,0.52,0.0577777777777778,0.00888888888888889,0.0933333333333334,1.07401411010163e-08,4.42462051445995
40,"skew","alt",8,"pvw_999",500,0.0952380952380952,21,0.38,0.0577777777777778,0.00666666666666667,0.0680165392313879,2.70012259168877e-05,4.42462051445995
40,"skew","alt",8,"pvt_999",500,0.0666666666666667,30,0.56,0.0688888888888889,0.00666666666666667,0.0662921676992567,1.02689126702412e-08,4.42462051445995
40,"skew","alt",8,"mm_999",500,0.0869565217391304,23,0.42,0.0577777777777778,0.00666666666666667,0.153333333333333,1.91998467279576e-07,4.42462051445995
40,"skew","alt",9,"ols",500,0,13,0.26,0.0577777777777778,0.0133333333333333,0.058254891889115,1.64171869810304e-05,3.83664846058278
40,"skew","alt",9,"modt",500,0,17,0.34,0.06,0.0133333333333333,0.0586546314157066,1.21427940940243e-05,3.83664846058278
40,"skew","alt",9,"fl_199",500,0,0,0,0.0488888888888889,0.00444444444444444,0.06,0.005,3.83664846058278
40,"skew","alt",9,"fl_999",500,0,12,0.24,0.06,0.0111111111111111,0.058,0.001,3.83664846058278
40,"skew","alt",9,"fl_9999",500,0.0769230769230769,26,0.48,0.0622222222222222,0.0133333333333333,0.0548,1e-04,3.83664846058278
40,"skew","alt",9,"pvw_199",500,0,19,0.38,0.0533333333333333,0.0133333333333333,0.0766001774388915,5.48192922593381e-05,3.83664846058278
40,"skew","alt",9,"pvt_199",500,0.131578947368421,38,0.66,0.0688888888888889,0.0266666666666667,0.0834229898659739,2.0647255681088e-07,3.83664846058278
40,"skew","alt",9,"mm_199",500,0.0740740740740741,27,0.5,0.06,0.02,0.0933333333333334,2.76958734840981e-09,3.83664846058278
40,"skew","alt",9,"pvw_999",500,0,11,0.22,0.06,0.0133333333333333,0.071817280284354,4.39927178942464e-05,3.83664846058278
40,"skew","alt",9,"pvt_999",500,0.0810810810810811,37,0.68,0.0755555555555556,0.0266666666666667,0.0760514135381331,2.79676139587441e-07,3.83664846058278
40,"skew","alt",9,"mm_999",500,0.0689655172413793,29,0.54,0.06,0.0155555555555556,0.12,3.4730573064292e-07,3.83664846058278
40,"skew","alt",10,"ols",500,0,12,0.24,0.04,0.00666666666666667,0.0412702725482602,2.37435667720742e-06,3.71281182862279
40,"skew","alt",10,"modt",500,0,15,0.3,0.0444444444444444,0.00222222222222222,0.039663434271447,1.60782928794526e-06,3.71281182862279
40,"skew","alt",10,"fl_199",500,0,0,0,0.0377777777777778,0.00222222222222222,0.0327777777777778,0.005,3.71281182862279
40,"skew","alt",10,"fl_999",500,0,0,0,0.04,0.00888888888888889,0.0366666666666667,0.001,3.71281182862279
40,"skew","alt",10,"fl_9999",500,0,14,0.28,0.04,0.00666666666666667,0.0396333333333333,1e-04,3.71281182862279
40,"skew","alt",10,"pvw_199",500,0,9,0.18,0.04,0.0111111111111111,0.0482243961639767,2.69001636008517e-05,3.71281182862279
40,"skew","alt",10,"pvt_199",500,0.0967741935483871,31,0.56,0.0577777777777778,0.0155555555555556,0.0470472848269402,3.8390116310346e-08,3.71281182862279
40,"skew","alt",10,"mm_199",500,0.05,20,0.38,0.0444444444444444,0.0177777777777778,0.0967318277243958,3.67884585274381e-08,3.71281182862279
40,"skew","alt",10,"pvw_999",500,0,9,0.18,0.0466666666666667,0.00666666666666667,0.0439850724590672,3.29448432636637e-05,3.71281182862279
40,"skew","alt",10,"pvt_999",500,0.0357142857142857,28,0.54,0.0577777777777778,0.0177777777777778,0.0448893242778194,2.05394643127281e-08,3.71281182862279
40,"skew","alt",10,"mm_999",500,0,15,0.3,0.0444444444444444,0.0155555555555556,0.113333333333333,1.05539974112809e-07,3.71281182862279
40,"skew","alt",11,"ols",500,0.0588235294117647,17,0.32,0.0377777777777778,0.0111111111111111,0.0265461157965887,4.622973701783e-06,3.98810785393618
40,"skew","alt",11,"modt",500,0.0476190476190476,21,0.4,0.0466666666666667,0.00666666666666667,0.0271415177194401,7.09103391225629e-06,3.98810785393618
40,"skew","alt",11,"fl_199",500,0,0,0,0.0377777777777778,0.00666666666666667,0.0294444444444445,0.005,3.98810785393618
40,"skew","alt",11,"fl_999",500,0.0714285714285714,14,0.26,0.0488888888888889,0.0111111111111111,0.0228888888888889,0.001,3.98810785393618
40,"skew","alt",11,"fl_9999",500,0.105263157894737,19,0.34,0.0444444444444444,0.0111111111111111,0.0238333333333334,1e-04,3.98810785393618
40,"skew","alt",11,"pvw_199",500,0.0588235294117647,17,0.32,0.0444444444444444,0.0111111111111111,0.0414934587742271,9.68913100967191e-05,3.98810785393618
40,"skew","alt",11,"pvt_199",500,0.125,32,0.56,0.0622222222222222,0.0177777777777778,0.0442571004751118,4.09560749873165e-07,3.98810785393618
40,"skew","alt",11,"mm_199",500,0.0909090909090909,22,0.4,0.0444444444444444,0.0111111111111111,0.0858992039623587,1.84915447130268e-06,3.98810785393618
40,"skew","alt",11,"pvw_999",500,0.0666666666666667,15,0.28,0.0444444444444444,0.00888888888888889,0.0383226722780691,6.41099910043951e-05,3.98810785393618
40,"skew","alt",11,"pvt_999",500,0.09375,32,0.58,0.0622222222222222,0.02,0.041930265175046,5.130464853409e-08,3.98810785393618
40,"skew","alt",11,"mm_999",500,0.105263157894737,19,0.34,0.0466666666666667,0.0111111111111111,0.144444444444444,6.22947651682154e-07,3.98810785393618
40,"skew","alt",12,"ols",500,0.0689655172413793,29,0.54,0.0488888888888889,0.0111111111111111,0.0398997916990285,1.27346850805161e-06,3.83084741619068
40,"skew","alt",12,"modt",500,0.0666666666666667,30,0.56,0.0555555555555556,0.0111111111111111,0.0433272914159328,8.77858587821404e-07,3.83084741619068
40,"skew","alt",12,"fl_199",500,0,0,0,0.0533333333333333,0.0111111111111111,0.038888888888889,0.005,3.83084741619068
40,"skew","alt",12,"fl_999",500,0.037037037037037,27,0.52,0.0555555555555556,0.00888888888888889,0.0395555555555556,0.001,3.83084741619068
40,"skew","alt",12,"fl_9999",500,0.0666666666666667,30,0.56,0.0488888888888889,0.0133333333333333,0.0398444444444444,1e-04,3.83084741619068
40,"skew","alt",12,"pvw_199",500,0.0384615384615385,26,0.5,0.0622222222222222,0.00888888888888889,0.0579309904500749,1.24864458087096e-05,3.83084741619068
40,"skew","alt",12,"pvt_199",500,0.105263157894737,38,0.68,0.0688888888888889,0.02,0.0618784622202445,3.95527015411349e-08,3.83084741619068
40,"skew","alt",12,"mm_199",500,0.108108108108108,37,0.66,0.0622222222222222,0.0155555555555556,0.0955555555555555,2.15396817803803e-10,3.83084741619068
40,"skew","alt",12,"pvw_999",500,0,25,0.5,0.0577777777777778,0.00888888888888889,0.0559207534404026,1.72790410327397e-05,3.83084741619068
40,"skew","alt",12,"pvt_999",500,0.111111111111111,36,0.64,0.0666666666666667,0.0177777777777778,0.0579414990909441,8.32030997004701e-09,3.83084741619068
40,"skew","alt",12,"mm_999",500,0.0357142857142857,28,0.54,0.0533333333333333,0.0133333333333333,0.0955555555555555,1.25236474883581e-07,3.83084741619068
40,"skew","alt",13,"ols",500,0,10,0.2,0.0488888888888889,0.00444444444444444,0.025364424828724,4.80967679227391e-05,3.77586749815092
40,"skew","alt",13,"modt",500,0,7,0.14,0.0444444444444444,0.00444444444444444,0.0254297955138803,0.000152768995745275,3.77586749815092
40,"skew","alt",13,"fl_199",500,0,0,0,0.0444444444444444,0.00444444444444444,0.0272222222222222,0.005,3.77586749815092
40,"skew","alt",13,"fl_999",500,0.0909090909090909,11,0.2,0.0466666666666667,0.00444444444444444,0.0254444444444445,0.001,3.77586749815092
40,"skew","alt",13,"fl_9999",500,0,9,0.18,0.0488888888888889,0.00444444444444444,0.0284333333333333,2e-04,3.77586749815092
40,"skew","alt",13,"pvw_199",500,0,3,0.06,0.0533333333333333,0.00444444444444444,0.0302408743741331,9.17027985868016e-05,3.77586749815092
40,"skew","alt",13,"pvt_199",500,0.0588235294117647,17,0.32,0.06,0.00888888888888889,0.0307258986217375,1.74212750695327e-07,3.77586749815092
40,"skew","alt",13,"mm_199",500,0.105263157894737,19,0.34,0.0555555555555556,0.00444444444444444,0.0822222222222222,5.78371639796815e-07,3.77586749815092
40,"skew","alt",13,"pvw_999",500,0,0,0,0.0488888888888889,0.00444444444444444,0.0319150799516399,0.000207103164469885,3.77586749815092
40,"skew","alt",13,"pvt_999",500,0.05,20,0.38,0.0577777777777778,0.00444444444444444,0.0325953788760825,3.13190558156337e-06,3.77586749815092
40,"skew","alt",13,"mm_999",500,0.0666666666666667,15,0.28,0.0488888888888889,0.00444444444444444,0.104444444444444,1.40836642244752e-05,3.77586749815092
40,"skew","alt",14,"ols",500,0,13,0.26,0.0666666666666667,0.0111111111111111,0.0433038231392962,2.70350844711364e-07,3.83218688862788
40,"skew","alt",14,"modt",500,0.0526315789473684,19,0.36,0.0555555555555556,0.0111111111111111,0.0394178695627029,4.05465993984191e-06,3.83218688862788
40,"skew","alt",14,"fl_199",500,0,0,0,0.06,0.00666666666666667,0.0333333333333333,0.005,3.83218688862788
40,"skew","alt",14,"fl_999",500,0.0833333333333333,12,0.22,0.0644444444444444,0.00888888888888889,0.0335555555555555,0.001,3.83218688862788
40,"skew","alt",14,"fl_9999",500,0.0588235294117647,17,0.32,0.0644444444444444,0.00888888888888889,0.038,1e-04,3.83218688862788
40,"skew","alt",14,"pvw_199",500,0,2,0.04,0.0622222222222222,0.00888888888888889,0.0498692316790519,3.83563918560872e-06,3.83218688862788
40,"skew","alt",14,"pvt_199",500,0.153846153846154,26,0.44,0.0888888888888889,0.0155555555555556,0.0514345940641769,4.027364996872e-10,3.83218688862788
40,"skew","alt",14,"mm_199",500,0.1,20,0.36,0.0688888888888889,0.0111111111111111,0.0933333333333334,9.6878376832458e-08,3.83218688862788
40,"skew","alt",14,"pvw_999",500,0,13,0.26,0.0622222222222222,0.0111111111111111,0.0510381053436802,2.92701297341425e-06,3.83218688862788
40,"skew","alt",14,"pvt_999",500,0.166666666666667,24,0.4,0.0844444444444444,0.02,0.0525941229039712,9.75509061292601e-11,3.83218688862788
40,"skew","alt",14,"mm_999",500,0.1,20,0.36,0.0644444444444444,0.0111111111111111,0.113333333333333,7.57102903361338e-09,3.83218688862788
40,"skew","alt",15,"ols",500,0.0666666666666667,30,0.56,0.0466666666666667,0.00888888888888889,0.0379734840865885,3.03701308593217e-07,3.99421997683572
40,"skew","alt",15,"modt",500,0.0384615384615385,26,0.5,0.0377777777777778,0.00666666666666667,0.0386633030442065,3.62000568980781e-07,3.99421997683572
40,"skew","alt",15,"fl_199",500,0,0,0,0.0444444444444444,0.00666666666666667,0.0355555555555555,0.005,3.99421997683572
40,"skew","alt",15,"fl_999",500,0,25,0.5,0.0466666666666667,0.00888888888888889,0.037,0.001,3.99421997683572
40,"skew","alt",15,"fl_9999",500,0.0689655172413793,29,0.54,0.0466666666666667,0.00888888888888889,0.0365444444444445,1e-04,3.99421997683572
40,"skew","alt",15,"pvw_199",500,0,26,0.52,0.0444444444444444,0.00888888888888889,0.0406414159646026,2.66396232347187e-06,3.99421997683572
40,"skew","alt",15,"pvt_199",500,0.0857142857142857,35,0.64,0.0577777777777778,0.0133333333333333,0.0441789011425647,4.39505588519296e-10,3.99421997683572
40,"skew","alt",15,"mm_199",500,0.0625,32,0.6,0.0444444444444444,0.0133333333333333,0.0842099089692343,7.48304152496624e-15,3.99421997683572
40,"skew","alt",15,"pvw_999",500,0,26,0.52,0.0466666666666667,0.00666666666666667,0.0444898740095493,1.07039521275701e-05,3.99421997683572
40,"skew","alt",15,"pvt_999",500,0.0810810810810811,37,0.68,0.0577777777777778,0.0133333333333333,0.0472682814168317,2.68812819346222e-10,3.99421997683572
40,"skew","alt",15,"mm_999",500,0.0645161290322581,31,0.58,0.0466666666666667,0.00888888888888889,0.117777777777778,1.08900438929005e-07,3.99421997683572
100,"skew","alt",1,"ols",500,0.0222222222222222,45,0.88,0.0377777777777778,0.00888888888888889,0.0440257763827497,4.40467806935332e-09,4.05490206342378
100,"skew","alt",1,"modt",500,0.0222222222222222,45,0.88,0.0377777777777778,0.00888888888888889,0.0426976866059724,2.92721018098632e-09,4.05490206342378
100,"skew","alt",1,"fl_199",500,0,0,0,0.0355555555555556,0.00888888888888889,0.0416666666666667,0.005,4.05490206342378
100,"skew","alt",1,"fl_999",500,0.0425531914893617,47,0.9,0.04,0.00666666666666667,0.0442222222222223,0.001,4.05490206342378
100,"skew","alt",1,"fl_9999",500,0.0434782608695652,46,0.88,0.04,0.00666666666666667,0.0409666666666667,1e-04,4.05490206342378
100,"skew","alt",1,"pvw_199",500,0.0425531914893617,47,0.9,0.0444444444444444,0.00666666666666667,0.0478253970949927,1.77867191493599e-09,4.05490206342378
100,"skew","alt",1,"pvt_199",500,0.0612244897959184,49,0.92,0.0533333333333333,0.0111111111111111,0.0482016231183675,2.32979861512212e-12,4.05490206342378
100,"skew","alt",1,"mm_199",500,0.0612244897959184,49,0.92,0.0488888888888889,0.0111111111111111,0.103020426527477,1.50735300645618e-15,4.05490206342378
100,"skew","alt",1,"pvw_999",500,0.0425531914893617,47,0.9,0.0377777777777778,0.00666666666666667,0.0464191559669205,2.67990053435155e-08,4.05490206342378
100,"skew","alt",1,"pvt_999",500,0.0416666666666667,48,0.92,0.0466666666666667,0.00888888888888889,0.0468719554683756,8.77168113752543e-11,4.05490206342378
100,"skew","alt",1,"mm_999",500,0.0416666666666667,48,0.92,0.04,0.00666666666666667,0.0955555555555555,1.70564467201427e-11,4.05490206342378
100,"skew","alt",2,"ols",500,0,42,0.84,0.0555555555555556,0.00888888888888889,0.0250553109065841,8.15406828226757e-10,3.46891769516272
100,"skew","alt",2,"modt",500,0,42,0.84,0.0533333333333333,0.00888888888888889,0.0232613617206748,8.19027878587645e-10,3.46891769516272
100,"skew","alt",2,"fl_199",500,0,0,0,0.0488888888888889,0.00444444444444444,0.0316666666666667,0.005,3.46891769516272
100,"skew","alt",2,"fl_999",500,0,44,0.88,0.0577777777777778,0.00444444444444444,0.0302222222222222,0.001,3.46891769516272
100,"skew","alt",2,"fl_9999",500,0,43,0.86,0.0533333333333333,0.00888888888888889,0.0259,1e-04,3.46891769516272
100,"skew","alt",2,"pvw_199",500,0.0227272727272727,44,0.86,0.06,0.00444444444444444,0.0313847749040865,8.38235379431639e-09,3.46891769516272
100,"skew","alt",2,"pvt_199",500,0.0227272727272727,44,0.86,0.0644444444444444,0.0155555555555556,0.0341310059467396,1.8056286262082e-13,3.46891769516272
100,"skew","alt",2,"mm_199",500,0.0434782608695652,46,0.88,0.0622222222222222,0.0177777777777778,0.0898867567451301,1.88062737661895e-17,3.46891769516272
100,"skew","alt",2,"pvw_999",500,0,43,0.86,0.06,0.00888888888888889,0.0254805832419813,1.05910562714972e-08,3.46891769516272
100,"skew","alt",2,"pvt_999",500,0.0227272727272727,44,0.86,0.06,0.0111111111111111,0.0290106182867409,1.82977284143318e-12,3.46891769516272
100,"skew","alt",2,"mm_999",500,0,42,0.84,0.0577777777777778,0.0133333333333333,0.0755555555555556,1.38245031640394e-12,3.46891769516272
100,"skew","alt",3,"ols",500,0.0212765957446809,47,0.92,0.0511111111111111,0.00444444444444444,0.0377080550995895,5.1950252544955e-14,4.39516013765407
100,"skew","alt",3,"modt",500,0.0212765957446809,47,0.92,0.0488888888888889,0.00444444444444444,0.0372594659131964,3.4507026161304e-14,4.39516013765407
100,"skew","alt",3,"fl_199",500,0,0,0,0.04,0,0.0427777777777777,0.005,4.39516013765407
100,"skew","alt",3,"fl_999",500,0.0208333333333333,48,0.94,0.0555555555555556,0.00444444444444444,0.0394444444444444,0.001,4.39516013765407
100,"skew","alt",3,"fl_9999",500,0,47,0.94,0.0577777777777778,0.00444444444444444,0.0388111111111111,1e-04,4.39516013765407
100,"skew","alt",3,"pvw_199",500,0.0408163265306122,49,0.94,0.0511111111111111,0.00888888888888889,0.0321455216591675,2.20985102033559e-11,4.39516013765407
100,"skew","alt",3,"pvt_199",500,0.0208333333333333,48,0.94,0.0555555555555556,0.00888888888888889,0.0307817952533075,3.49659206096079e-16,4.39516013765407
100,"skew","alt",3,"mm_199",500,0.0588235294117647,51,0.96,0.0555555555555556,0.0111111111111111,0.0718458054186489,2.88925053303538e-16,4.39516013765407
100,"skew","alt",3,"pvw_999",500,0,46,0.92,0.0555555555555556,0.00444444444444444,0.0305944358651191,2.17163477943817e-11,4.39516013765407
100,"skew","alt",3,"pvt_999",500,0.0208333333333333,48,0.94,0.0622222222222222,0.00666666666666667,0.028117660268097,4.09486099651976e-19,4.39516013765407
100,"skew","alt",3,"mm_999",500,0.0208333333333333,48,0.94,0.0533333333333333,0.00444444444444444,0.0933333333333334,2.02621098355548e-15,4.39516013765407
100,"skew","alt",4,"ols",500,0.0925925925925926,54,0.98,0.0577777777777778,0.02,0.0482032416937988,6.26570112247735e-11,3.78248312440135
100,"skew","alt",4,"modt",500,0.0925925925925926,54,0.98,0.0577777777777778,0.0155555555555556,0.0484648718907101,5.66035706421241e-11,3.78248312440135
100,"skew","alt",4,"fl_199",500,0.111111111111111,54,0.96,0.0577777777777778,0.0133333333333333,0.0533333333333333,0.005,3.78248312440135
100,"skew","alt",4,"fl_999",500,0.0925925925925926,54,0.98,0.0577777777777778,0.0177777777777778,0.0532222222222222,0.001,3.78248312440135
100,"skew","alt",4,"fl_9999",500,0.0925925925925926,54,0.98,0.0577777777777778,0.0222222222222222,0.0486111111111111,1e-04,3.78248312440135
100,"skew","alt",4,"pvw_199",500,0.0943396226415094,53,0.96,0.06,0.02,0.0432261264966431,2.52216215391414e-10,3.78248312440135
100,"skew","alt",4,"pvt_199",500,0.142857142857143,56,0.96,0.0644444444444444,0.02,0.0398767792003653,1.21517739400672e-14,3.78248312440135
100,"skew","alt",4,"mm_199",500,0.125,56,0.98,0.06,0.02,0.0675927836747594,2.28538408756348e-22,3.78248312440135
100,"skew","alt",4,"pvw_999",500,0.0925925925925926,54,0.98,0.0577777777777778,0.02,0.0451786599136585,8.9830606884646e-10,3.78248312440135
100,"skew","alt",4,"pvt_999",500,0.125,56,0.98,0.06,0.0222222222222222,0.041212366981339,6.2942578012175e-14,3.78248312440135
100,"skew","alt",4,"mm_999",500,0.125,56,0.98,0.0577777777777778,0.02,0.0866666666666667,7.95817950467104e-14,3.78248312440135
100,"skew","alt",5,"ols",500,0.04,50,0.96,0.0333333333333333,0.00444444444444444,0.0502847535491663,1.77335456102472e-10,4.10133676595775
100,"skew","alt",5,"modt",500,0.04,50,0.96,0.0355555555555556,0.00444444444444444,0.0534976327730393,1.92180575130975e-10,4.10133676595775
100,"skew","alt",5,"fl_199",500,0,0,0,0.0355555555555556,0.00222222222222222,0.0516666666666667,0.005,4.10133676595775
100,"skew","alt",5,"fl_999",500,0.04,50,0.96,0.0311111111111111,0.00444444444444444,0.0503333333333333,0.001,4.10133676595775
100,"skew","alt",5,"fl_9999",500,0.04,50,0.96,0.0355555555555556,0.00666666666666667,0.0519111111111111,1e-04,4.10133676595775
100,"skew","alt",5,"pvw_199",500,0.04,50,0.96,0.0355555555555556,0.00444444444444444,0.0450770446145338,9.96805009724523e-09,4.10133676595775
100,"skew","alt",5,"pvt_199",500,0.04,50,0.96,0.04,0.00888888888888889,0.0421309858437522,2.63626592278255e-13,4.10133676595775
100,"skew","alt",5,"mm_199",500,0.0204081632653061,49,0.96,0.0377777777777778,0.0111111111111111,0.101407824071975,5.53752596965812e-16,4.10133676595775
100,"skew","alt",5,"pvw_999",500,0.04,50,0.96,0.0311111111111111,0.00444444444444444,0.0421358972282041,7.13796142786571e-09,4.10133676595775
100,"skew","alt",5,"pvt_999",500,0.04,50,0.96,0.0355555555555556,0.00888888888888889,0.0384783584859879,3.15649978005957e-12,4.10133676595775
100,"skew","alt",5,"mm_999",500,0.04,50,0.96,0.0333333333333333,0.00444444444444444,0.0777777777777777,3.4488354727708e-12,4.10133676595775
100,"skew","alt",6,"ols",500,0.0208333333333333,48,0.94,0.0688888888888889,0.00444444444444444,0.0383423540521811,1.54558416055511e-11,3.9113851989432
100,"skew","alt",6,"modt",500,0.0208333333333333,48,0.94,0.0688888888888889,0.00444444444444444,0.0388539971693289,8.11857836450184e-12,3.9113851989432
100,"skew","alt",6,"fl_199",500,0,0,0,0.0577777777777778,0.00444444444444444,0.04,0.005,3.9113851989432
100,"skew","alt",6,"fl_999",500,0.0204081632653061,49,0.96,0.0644444444444444,0.00222222222222222,0.0358888888888888,0.001,3.9113851989432
100,"skew","alt",6,"fl_9999",500,0.02,50,0.98,0.0688888888888889,0.00444444444444444,0.0332777777777778,1e-04,3.9113851989432
100,"skew","alt",6,"pvw_199",500,0.0208333333333333,48,0.94,0.0711111111111111,0.00444444444444444,0.0492411477776138,1.96824500030064e-09,3.9113851989432
100,"skew","alt",6,"pvt_199",500,0.0204081632653061,49,0.96,0.0755555555555556,0.00888888888888889,0.052537527239576,3.37621923968085e-14,3.9113851989432
100,"skew","alt",6,"mm_199",500,0.0408163265306122,49,0.94,0.0666666666666667,0.00666666666666667,0.115621514023539,3.76122793413004e-15,3.9113851989432
100,"skew","alt",6,"pvw_999",500,0.0204081632653061,49,0.96,0.0688888888888889,0.00444444444444444,0.0433274242904897,1.38639338459822e-09,3.9113851989432
100,"skew","alt",6,"pvt_999",500,0.02,50,0.98,0.0711111111111111,0.00666666666666667,0.0456105975604451,4.73842193355972e-15,3.9113851989432
100,"skew","alt",6,"mm_999",500,0.02,50,0.98,0.0666666666666667,0.00444444444444444,0.0711111111111111,5.34070289568435e-15,3.9113851989432
100,"skew","alt",7,"ols",500,0.0566037735849057,53,1,0.0666666666666667,0.00888888888888889,0.0323242723190319,9.3742074792016e-11,3.5002423355603
100,"skew","alt",7,"modt",500,0.0566037735849057,53,1,0.0666666666666667,0.00888888888888889,0.0310778234534147,1.28233386721681e-10,3.5002423355603
100,"skew","alt",7,"fl_199",500,0.0769230769230769,52,0.96,0.0622222222222222,0.00888888888888889,0.0261111111111111,0.005,3.5002423355603
100,"skew","alt",7,"fl_999",500,0.0196078431372549,51,1,0.0622222222222222,0.0133333333333333,0.0307777777777778,0.001,3.5002423355603
100,"skew","alt",7,"fl_9999",500,0.0566037735849057,53,1,0.0644444444444444,0.00888888888888889,0.0296444444444444,1e-04,3.5002423355603
100,"skew","alt",7,"pvw_199",500,0.0566037735849057,53,1,0.0622222222222222,0.0111111111111111,0.0355806325444045,1.25244348920144e-09,3.5002423355603
100,"skew","alt",7,"pvt_199",500,0.0566037735849057,53,1,0.0688888888888889,0.0133333333333333,0.0386432006612507,1.19005688298007e-12,3.5002423355603
100,"skew","alt",7,"mm_199",500,0.12280701754386,57,1,0.0644444444444444,0.0177777777777778,0.08,1.39446358750392e-16,3.5002423355603
100,"skew","alt",7,"pvw_999",500,0.0384615384615385,52,1,0.0622222222222222,0.00888888888888889,0.0359576136247798,2.6000037594096e-09,3.5002423355603
100,"skew","alt",7,"pvt_999",500,0.0740740740740741,54,1,0.0688888888888889,0.0133333333333333,0.0402866983375842,2.6092675603042e-13,3.5002423355603
100,"skew","alt",7,"mm_999",500,0.0384615384615385,52,1,0.0622222222222222,0.0133333333333333,0.0866666666666667,2.60603934323473e-15,3.5002423355603
100,"skew","alt",8,"ols",500,0.04,50,0.96,0.0533333333333333,0.00666666666666667,0.0320197869010497,8.01047653485303e-12,3.90996214321912
100,"skew","alt",8,"modt",500,0.04,50,0.96,0.0533333333333333,0.00666666666666667,0.0302419411234183,3.53022846817927e-12,3.90996214321912
100,"skew","alt",8,"fl_199",500,0,0,0,0.0511111111111111,0.00222222222222222,0.0311111111111112,0.005,3.90996214321912
100,"skew","alt",8,"fl_999",500,0.0392156862745098,51,0.98,0.0533333333333333,0.00444444444444444,0.0341111111111111,0.001,3.90996214321912
100,"skew","alt",8,"fl_9999",500,0.04,50,0.96,0.0533333333333333,0.00888888888888889,0.0333444444444444,1e-04,3.90996214321912
100,"skew","alt",8,"pvw_199",500,0.04,50,0.96,0.0533333333333333,0.00888888888888889,0.0313718434860011,2.18577046539043e-11,3.90996214321912
100,"skew","alt",8,"pvt_199",500,0.04,50,0.96,0.0577777777777778,0.0111111111111111,0.0318559043039861,9.12553561471183e-18,3.90996214321912
100,"skew","alt",8,"mm_199",500,0.02,50,0.98,0.06,0.0111111111111111,0.0822222222222222,1.47886299710313e-22,3.90996214321912
100,"skew","alt",8,"pvw_999",500,0.0392156862745098,51,0.98,0.0533333333333333,0.00444444444444444,0.0325067411644191,1.11616171016589e-10,3.90996214321912
100,"skew","alt",8,"pvt_999",500,0.0392156862745098,51,0.98,0.06,0.00888888888888889,0.0367750507932983,2.52732768695e-16,3.90996214321912
100,"skew","alt",8,"mm_999",500,0.0392156862745098,51,0.98,0.0533333333333333,0.00666666666666667,0.108888888888889,5.88776401308464e-17,3.90996214321912
100,"skew","alt",9,"ols",500,0.02,50,0.98,0.0444444444444444,0.00666666666666667,0.0307323429443016,1.64257484756589e-11,3.97955192339679
100,"skew","alt",9,"modt",500,0.04,50,0.96,0.0422222222222222,0.00666666666666667,0.0278223432112726,1.02287591836791e-11,3.97955192339679
100,"skew","alt",9,"fl_199",500,0,0,0,0.0444444444444444,0.00222222222222222,0.0322222222222223,0.005,3.97955192339679
100,"skew","alt",9,"fl_999",500,0.0204081632653061,49,0.96,0.0488888888888889,0.00666666666666667,0.0282222222222223,0.001,3.97955192339679
100,"skew","alt",9,"fl_9999",500,0.02,50,0.98,0.0444444444444444,0.00666666666666667,0.0304666666666666,1e-04,3.97955192339679
100,"skew","alt",9,"pvw_199",500,0.04,50,0.96,0.0511111111111111,0.00666666666666667,0.023770259798586,5.70385193073827e-10,3.97955192339679
100,"skew","alt",9,"pvt_199",500,0.0392156862745098,51,0.98,0.0533333333333333,0.0111111111111111,0.024072314232686,1.74907805613348e-16,3.97955192339679
100,"skew","alt",9,"mm_199",500,0.0204081632653061,49,0.96,0.0533333333333333,0.0111111111111111,0.0777777777777777,3.15068068273271e-22,3.97955192339679
100,"skew","alt",9,"pvw_999",500,0.04,50,0.96,0.0444444444444444,0.00666666666666667,0.0251432091377092,8.59059671319782e-10,3.97955192339679
100,"skew","alt",9,"pvt_999",500,0.0588235294117647,51,0.96,0.0511111111111111,0.00666666666666667,0.024611474482968,8.5806625312429e-15,3.97955192339679
100,"skew","alt",9,"mm_999",500,0.0204081632653061,49,0.96,0.0444444444444444,0.00888888888888889,0.108888888888889,3.75644434973279e-17,3.97955192339679
100,"skew","alt",10,"ols",500,0.0434782608695652,46,0.88,0.0511111111111111,0.0111111111111111,0.0847125887227106,4.82807881518254e-11,3.80339245230507
100,"skew","alt",10,"modt",500,0.08,50,0.92,0.0511111111111111,0.0111111111111111,0.0832656020087224,3.5696080844072e-11,3.80339245230507
100,"skew","alt",10,"fl_199",500,0,0,0,0.0466666666666667,0.00666666666666667,0.0861111111111111,0.005,3.80339245230507
100,"skew","alt",10,"fl_999",500,0.0434782608695652,46,0.88,0.0488888888888889,0.0111111111111111,0.0825555555555555,0.001,3.80339245230507
100,"skew","alt",10,"fl_9999",500,0.0444444444444444,45,0.86,0.0533333333333333,0.0111111111111111,0.0836666666666667,1e-04,3.80339245230507
100,"skew","alt",10,"pvw_199",500,0.0425531914893617,47,0.9,0.06,0.0133333333333333,0.0861593874788284,1.98611379700539e-09,3.80339245230507
100,"skew","alt",10,"pvt_199",500,0.06,50,0.94,0.06,0.0133333333333333,0.08581135348045,6.12811382841278e-15,3.80339245230507
100,"skew","alt",10,"mm_199",500,0.06,50,0.94,0.06,0.0133333333333333,0.0935247789950377,3.03964176167583e-16,3.80339245230507
100,"skew","alt",10,"pvw_999",500,0.0638297872340425,47,0.88,0.0555555555555556,0.0111111111111111,0.0915764693290832,2.25391391878004e-09,3.80339245230507
100,"skew","alt",10,"pvt_999",500,0.0980392156862745,51,0.92,0.0555555555555556,0.0133333333333333,0.0920979971436839,5.64005152636016e-14,3.80339245230507
100,"skew","alt",10,"mm_999",500,0.0425531914893617,47,0.9,0.0466666666666667,0.0133333333333333,0.081959608872363,4.28821293214277e-12,3.80339245230507
100,"skew","alt",11,"ols",500,0.04,50,0.96,0.0688888888888889,0.0111111111111111,0.0413496567414867,2.13677851099827e-10,3.84129615803832
100,"skew","alt",11,"modt",500,0.04,50,0.96,0.0733333333333333,0.00888888888888889,0.0384805925445324,3.73004071090412e-10,3.84129615803832
100,"skew","alt",11,"fl_199",500,0,0,0,0.0644444444444444,0.00888888888888889,0.0377777777777777,0.005,3.84129615803832
100,"skew","alt",11,"fl_999",500,0.0588235294117647,51,0.96,0.0688888888888889,0.0133333333333333,0.0394444444444444,0.001,3.84129615803832
100,"skew","alt",11,"fl_9999",500,0.0588235294117647,51,0.96,0.0688888888888889,0.0111111111111111,0.0425888888888889,1e-04,3.84129615803832
100,"skew","alt",11,"pvw_199",500,0.06,50,0.94,0.0711111111111111,0.02,0.0468525902225616,1.84590207792786e-10,3.84129615803832
100,"skew","alt",11,"pvt_199",500,0.0925925925925926,54,0.98,0.08,0.0244444444444444,0.0482318243621401,1.07763971023027e-13,3.84129615803832
100,"skew","alt",11,"mm_199",500,0.0943396226415094,53,0.96,0.0777777777777778,0.0177777777777778,0.0944534616590289,1.73285056569784e-17,3.84129615803832
100,"skew","alt",11,"pvw_999",500,0.04,50,0.96,0.0755555555555556,0.0155555555555556,0.0474583027297065,4.15917265755416e-09,3.84129615803832
100,"skew","alt",11,"pvt_999",500,0.0769230769230769,52,0.96,0.0822222222222222,0.0177777777777778,0.050024178482211,6.55384210269657e-13,3.84129615803832
100,"skew","alt",11,"mm_999",500,0.0769230769230769,52,0.96,0.0755555555555556,0.0111111111111111,0.0688888888888889,6.84125778582188e-11,3.84129615803832
100,"skew","alt",12,"ols",500,0.0217391304347826,46,0.9,0.06,0.0111111111111111,0.0390384020066923,3.2926634539487e-09,3.69248066686415
100,"skew","alt",12,"modt",500,0.0612244897959184,49,0.92,0.0577777777777778,0.0111111111111111,0.0397126076434988,2.16355803914107e-09,3.69248066686415
100,"skew","alt",12,"fl_199",500,0,0,0,0.0577777777777778,0.00888888888888889,0.0355555555555555,0.005,3.69248066686415
100,"skew","alt",12,"fl_999",500,0.0434782608695652,46,0.88,0.0622222222222222,0.0111111111111111,0.0351111111111111,0.001,3.69248066686415
100,"skew","alt",12,"fl_9999",500,0.0425531914893617,47,0.9,0.0622222222222222,0.0133333333333333,0.0375222222222222,1e-04,3.69248066686415
100,"skew","alt",12,"pvw_199",500,0.0425531914893617,47,0.9,0.0666666666666667,0.0111111111111111,0.0431374000061749,1.12621293071221e-07,3.69248066686415
100,"skew","alt",12,"pvt_199",500,0.0408163265306122,49,0.94,0.0711111111111111,0.0155555555555556,0.0468911748904965,5.53304160183137e-10,3.69248066686415
100,"skew","alt",12,"mm_199",500,0.08,50,0.92,0.0644444444444444,0.0133333333333333,0.0962495272377083,9.98555262676194e-15,3.69248066686415
100,"skew","alt",12,"pvw_999",500,0.0217391304347826,46,0.9,0.0644444444444444,0.00888888888888889,0.0420917297661016,6.72548648619701e-08,3.69248066686415
100,"skew","alt",12,"pvt_999",500,0.0784313725490196,51,0.94,0.0666666666666667,0.0155555555555556,0.0438147604361677,8.84828586238395e-11,3.69248066686415
100,"skew","alt",12,"mm_999",500,0.08,50,0.92,0.0577777777777778,0.0111111111111111,0.0733333333333334,9.29335206546702e-11,3.69248066686415
100,"skew","alt",13,"ols",500,0.0980392156862745,51,0.92,0.06,0.0222222222222222,0.0362532059144687,1.34849995959883e-10,3.96356509624757
100,"skew","alt",13,"modt",500,0.115384615384615,52,0.92,0.06,0.0177777777777778,0.0361976013601922,1.40289724242469e-10,3.96356509624757
100,"skew","alt",13,"fl_199",500,0.0784313725490196,51,0.94,0.0577777777777778,0.00888888888888889,0.04,0.005,3.96356509624757
100,"skew","alt",13,"fl_999",500,0.0961538461538462,52,0.94,0.06,0.0177777777777778,0.0384444444444444,0.001,3.96356509624757
100,"skew","alt",13,"fl_9999",500,0.0784313725490196,51,0.94,0.06,0.0177777777777778,0.0389666666666666,1e-04,3.96356509624757
100,"skew","alt",13,"pvw_199",500,0.0980392156862745,51,0.92,0.0622222222222222,0.02,0.0339421863115839,1.90590031208894e-09,3.96356509624757
100,"skew","alt",13,"pvt_199",500,0.148148148148148,54,0.92,0.0688888888888889,0.0222222222222222,0.0335994951492937,4.40965401557643e-13,3.96356509624757
100,"skew","alt",13,"mm_199",500,0.115384615384615,52,0.92,0.0688888888888889,0.0266666666666667,0.0865038363241413,2.84888462072618e-20,3.96356509624757
100,"skew","alt",13,"pvw_999",500,0.0980392156862745,51,0.92,0.0622222222222222,0.0155555555555556,0.0335370966482293,3.57429632435175e-09,3.96356509624757
100,"skew","alt",13,"pvt_999",500,0.113207547169811,53,0.94,0.0666666666666667,0.0222222222222222,0.0335396194634264,3.06639666639783e-13,3.96356509624757
100,"skew","alt",13,"mm_999",500,0.0961538461538462,52,0.94,0.0644444444444444,0.0177777777777778,0.0888888888888889,6.1953428400915e-13,3.96356509624757
100,"skew","alt",14,"ols",500,0.0416666666666667,48,0.92,0.0444444444444444,0.00444444444444444,0.0264566046477258,1.33607714936947e-11,3.51086215416686
100,"skew","alt",14,"modt",500,0.0416666666666667,48,0.92,0.0422222222222222,0.00444444444444444,0.0272672619332644,1.48186255737216e-11,3.51086215416686
100,"skew","alt",14,"fl_199",500,0.06,50,0.94,0.0355555555555556,0.00666666666666667,0.0283333333333333,0.005,3.51086215416686
100,"skew","alt",14,"fl_999",500,0.0416666666666667,48,0.92,0.0377777777777778,0.00666666666666667,0.0233333333333333,0.001,3.51086215416686
100,"skew","alt",14,"fl_9999",500,0.0408163265306122,49,0.94,0.0422222222222222,0.00444444444444444,0.0247555555555555,1e-04,3.51086215416686
100,"skew","alt",14,"pvw_199",500,0.06,50,0.94,0.0377777777777778,0.00666666666666667,0.0279369693483165,9.68427834174196e-09,3.51086215416686
100,"skew","alt",14,"pvt_199",500,0.06,50,0.94,0.0466666666666667,0.00666666666666667,0.0287064869902657,3.72646308381594e-14,3.51086215416686
100,"skew","alt",14,"mm_199",500,0.06,50,0.94,0.0377777777777778,0.00666666666666667,0.0883533021130894,3.6177892751688e-15,3.51086215416686
100,"skew","alt",14,"pvw_999",500,0.0408163265306122,49,0.94,0.0422222222222222,0.00444444444444444,0.0311963482941222,1.6547940187381e-09,3.51086215416686
100,"skew","alt",14,"pvt_999",500,0.04,50,0.96,0.0488888888888889,0.00444444444444444,0.0315438163090437,7.23592626139109e-15,3.51086215416686
100,"skew","alt",14,"mm_999",500,0.0408163265306122,49,0.94,0.0422222222222222,0.00666666666666667,0.0755555555555556,9.67798905191277e-15,3.51086215416686
100,"skew","alt",15,"ols",500,0.0425531914893617,47,0.9,0.0377777777777778,0.0111111111111111,0.0410150774131826,2.465421398624e-12,3.84650522066422
100,"skew","alt",15,"modt",500,0.0425531914893617,47,0.9,0.04,0.0111111111111111,0.0450348117091137,2.67751351891376e-12,3.84650522066422
100,"skew","alt",15,"fl_199",500,0,0,0,0.0377777777777778,0.00666666666666667,0.0411111111111111,0.005,3.84650522066422
100,"skew","alt",15,"fl_999",500,0.0425531914893617,47,0.9,0.04,0.0111111111111111,0.0444444444444445,0.001,3.84650522066422
100,"skew","alt",15,"fl_9999",500,0.0425531914893617,47,0.9,0.0377777777777778,0.0111111111111111,0.0424555555555556,1e-04,3.84650522066422
100,"skew","alt",15,"pvw_199",500,0.0434782608695652,46,0.88,0.0422222222222222,0.00888888888888889,0.0364364126402267,2.23051571284058e-09,3.84650522066422
100,"skew","alt",15,"pvt_199",500,0.0612244897959184,49,0.92,0.0444444444444444,0.0111111111111111,0.0287698579499162,5.64747633976312e-16,3.84650522066422
100,"skew","alt",15,"mm_199",500,0.0652173913043478,46,0.86,0.0444444444444444,0.00888888888888889,0.0789516237328206,3.65865783449518e-18,3.84650522066422
100,"skew","alt",15,"pvw_999",500,0.0434782608695652,46,0.88,0.0377777777777778,0.0111111111111111,0.0401710313175166,1.02585906290671e-09,3.84650522066422
100,"skew","alt",15,"pvt_999",500,0.0612244897959184,49,0.92,0.0422222222222222,0.0111111111111111,0.035968237670329,3.5597142055041e-15,3.84650522066422
100,"skew","alt",15,"mm_999",500,0.0425531914893617,47,0.9,0.04,0.0111111111111111,0.0755555555555556,1.21019873591602e-13,3.84650522066422
10,"hetero","alt",1,"ols",500,0,0,0,0.0111111111111111,0,0.0714956674714575,0.0199845148165596,4.36549636262598
10,"hetero","alt",1,"modt",500,0,0,0,0.0111111111111111,0,0.0850270515191335,0.0222231241738399,4.36549636262598
10,"hetero","alt",1,"fl_199",500,0,0,0,0.00666666666666667,0,0.0755555555555556,0.025,4.36549636262598
10,"hetero","alt",1,"fl_999",500,0,0,0,0.00666666666666667,0,0.0723333333333334,0.024,4.36549636262598
10,"hetero","alt",1,"fl_9999",500,0,0,0,0.00888888888888889,0,0.0693777777777778,0.0233,4.36549636262598
10,"hetero","alt",1,"pvw_199",500,0,0,0,0.0177777777777778,0,0.0349652786599791,0.0227033326976099,4.36549636262598
10,"hetero","alt",1,"pvt_199",500,0,0,0,0.0711111111111111,0.0133333333333333,0.0448172111237073,0.000666166962296795,4.36549636262598
10,"hetero","alt",1,"mm_199",500,0,0,0,0.0111111111111111,0,0.231111111111111,0.0129425526312474,4.36549636262598
10,"hetero","alt",1,"pvw_999",500,0,0,0,0.0133333333333333,0,0.0389170608443841,0.025116980942444,4.36549636262598
10,"hetero","alt",1,"pvt_999",500,0,0,0,0.0755555555555556,0.0155555555555556,0.0475487382651492,0.00047684220721262,4.36549636262598
10,"hetero","alt",1,"mm_999",500,0,0,0,0.0177777777777778,0,0.395555555555556,0.0223581296768682,4.36549636262598
10,"hetero","alt",2,"ols",500,0,0,0,0.102222222222222,0.0311111111111111,0.16084246290887,0.000620779693452412,3.63917566758673
10,"hetero","alt",2,"modt",500,0,0,0,0.102222222222222,0.0355555555555556,0.159755392840071,0.000121553468408929,3.63917566758673
10,"hetero","alt",2,"fl_199",500,0,0,0,0.0977777777777778,0.0222222222222222,0.165555555555556,0.005,3.63917566758673
10,"hetero","alt",2,"fl_999",500,0,0,0,0.102222222222222,0.0288888888888889,0.159777777777778,0.001,3.63917566758673
10,"hetero","alt",2,"fl_9999",500,0,0,0,0.106666666666667,0.0288888888888889,0.1639,8e-04,3.63917566758673
10,"hetero","alt",2,"pvw_199",500,0,0,0,0.117777777777778,0.0111111111111111,0.230831675466727,0.00486919424583095,3.63917566758673
10,"hetero","alt",2,"pvt_199",500,0.784313725490196,51,0.22,0.211111111111111,0.113333333333333,0.253378485400338,2.81861250076617e-11,3.63917566758673
10,"hetero","alt",2,"mm_199",500,1,5,0,0.104444444444444,0.0422222222222222,0.209055607984949,4.06966228844586e-07,3.63917566758673
10,"hetero","alt",2,"pvw_999",500,0,0,0,0.115555555555556,0.0155555555555556,0.228741312273272,0.00521593995195336,3.63917566758673
10,"hetero","alt",2,"pvt_999",500,0.781818181818182,55,0.24,0.208888888888889,0.108888888888889,0.252063591166475,3.21149384863611e-11,3.63917566758673
10,"hetero","alt",2,"mm_999",500,1,1,0,0.113333333333333,0.0355555555555556,0.284444444444444,4.09509868415667e-05,3.63917566758673
10,"hetero","alt",3,"ols",500,0,0,0,0.104444444444444,0.04,0.0920527482388436,0.000326399259545255,3.76142614456593
10,"hetero","alt",3,"modt",500,1,1,0,0.115555555555556,0.04,0.0912276433514152,8.77145899835091e-05,3.76142614456593
10,"hetero","alt",3,"fl_199",500,0,0,0,0.108888888888889,0.02,0.0961111111111111,0.005,3.76142614456593
10,"hetero","alt",3,"fl_999",500,0,0,0,0.117777777777778,0.0377777777777778,0.088,0.002,3.76142614456593
10,"hetero","alt",3,"fl_9999",500,0,0,0,0.108888888888889,0.04,0.0896888888888888,0.0025,3.76142614456593
10,"hetero","alt",3,"pvw_199",500,0,0,0,0.124444444444444,0.0244444444444444,0.155071943900353,0.00387592548804154,3.76142614456593
10,"hetero","alt",3,"pvt_199",500,0.857142857142857,49,0.14,0.215555555555556,0.111111111111111,0.177020237699503,1.58868278607089e-12,3.76142614456593
10,"hetero","alt",3,"mm_199",500,0.888888888888889,9,0.02,0.115555555555556,0.0511111111111111,0.137777777777778,6.33282824588421e-07,3.76142614456593
10,"hetero","alt",3,"pvw_999",500,0,0,0,0.117777777777778,0.02,0.152379336115763,0.00532710106101382,3.76142614456593
10,"hetero","alt",3,"pvt_999",500,0.854166666666667,48,0.14,0.213333333333333,0.111111111111111,0.180914581512745,1.47687130238535e-13,3.76142614456593
10,"hetero","alt",3,"mm_999",500,0,0,0,0.106666666666667,0.04,0.22,0.00138277163374927,3.76142614456593
10,"hetero","alt",4,"ols",500,0,0,0,0.104444444444444,0.0333333333333333,0.151963291439173,0.000459235486897261,3.79013150902911
10,"hetero","alt",4,"modt",500,0,0,0,0.0911111111111111,0.0355555555555556,0.159715720117095,0.000340098935789988,3.79013150902911
10,"hetero","alt",4,"fl_199",500,0,0,0,0.0955555555555556,0.0111111111111111,0.158888888888889,0.005,3.79013150902911
10,"hetero","alt",4,"fl_999",500,0,0,0,0.102222222222222,0.0355555555555556,0.156555555555556,0.001,3.79013150902911
10,"hetero","alt",4,"fl_9999",500,0,0,0,0.102222222222222,0.0333333333333333,0.154055555555556,2e-04,3.79013150902911
10,"hetero","alt",4,"pvw_199",500,0,0,0,0.12,0.02,0.223582203164026,0.00327647894560883,3.79013150902911
10,"hetero","alt",4,"pvt_199",500,0.865384615384615,52,0.14,0.233333333333333,0.111111111111111,0.25215019554209,3.09738941166008e-12,3.79013150902911
10,"hetero","alt",4,"mm_199",500,1,5,0,0.104444444444444,0.0377777777777778,0.192623603102572,1.95350366733687e-05,3.79013150902911
10,"hetero","alt",4,"pvw_999",500,0,0,0,0.106666666666667,0.0133333333333333,0.215725976347553,0.00593181450868751,3.79013150902911
10,"hetero","alt",4,"pvt_999",500,0.88,50,0.12,0.24,0.106666666666667,0.247726586423123,5.61937454338904e-12,3.79013150902911
10,"hetero","alt",4,"mm_999",500,0,0,0,0.115555555555556,0.04,0.277777777777778,0.000192164779903883,3.79013150902911
10,"hetero","alt",5,"ols",500,0,0,0,0.0822222222222222,0.0222222222222222,0.083185473494985,0.00150851421228969,3.68880084336109
10,"hetero","alt",5,"modt",500,0,0,0,0.0622222222222222,0.0266666666666667,0.0790799919476728,0.000396939348474333,3.68880084336109
10,"hetero","alt",5,"fl_199",500,0,0,0,0.0688888888888889,0.00888888888888889,0.0833333333333334,0.005,3.68880084336109
10,"hetero","alt",5,"fl_999",500,0,0,0,0.0888888888888889,0.0222222222222222,0.0801111111111111,0.002,3.68880084336109
10,"hetero","alt",5,"fl_9999",500,0,0,0,0.0911111111111111,0.0266666666666667,0.0816222222222222,0.0021,3.68880084336109
10,"hetero","alt",5,"pvw_199",500,0,0,0,0.0733333333333333,0,0.146446143867199,0.0116393357741746,3.68880084336109
10,"hetero","alt",5,"pvt_199",500,0.794871794871795,39,0.16,0.173333333333333,0.0933333333333333,0.186308873868457,8.27191488562079e-09,3.68880084336109
10,"hetero","alt",5,"mm_199",500,0,0,0,0.0822222222222222,0.0244444444444444,0.131111111111111,0.00158208171047991,3.68880084336109
10,"hetero","alt",5,"pvw_999",500,0,0,0,0.0822222222222222,0.00888888888888889,0.14251505434474,0.00876487242678552,3.68880084336109
10,"hetero","alt",5,"pvt_999",500,0.763157894736842,38,0.18,0.162222222222222,0.0844444444444444,0.170257454617046,1.68414195491445e-08,3.68880084336109
10,"hetero","alt",5,"mm_999",500,0,0,0,0.0844444444444444,0.0266666666666667,0.217777777777778,0.00148303701826582,3.68880084336109
10,"hetero","alt",6,"ols",500,1,1,0,0.168888888888889,0.04,0.194709278924431,4.38298109936201e-06,3.5480037764614
10,"hetero","alt",6,"modt",500,1,3,0,0.157777777777778,0.0488888888888889,0.212420273543717,3.04791245638893e-05,3.5480037764614
10,"hetero","alt",6,"fl_199",500,0,0,0,0.133333333333333,0.0111111111111111,0.203888888888889,0.005,3.5480037764614
10,"hetero","alt",6,"fl_999",500,0,0,0,0.155555555555556,0.0311111111111111,0.203666666666667,0.001,3.5480037764614
10,"hetero","alt",6,"fl_9999",500,0,0,0,0.164444444444444,0.0488888888888889,0.198833333333333,2e-04,3.5480037764614
10,"hetero","alt",6,"pvw_199",500,0,0,0,0.155555555555556,0.00444444444444444,0.262005422985292,0.00594219322237647,3.5480037764614
10,"hetero","alt",6,"pvt_199",500,0.851063829787234,94,0.28,0.288888888888889,0.18,0.29963587390046,1.09696858241921e-46,3.5480037764614
10,"hetero","alt",6,"mm_199",500,0,0,0,0.142222222222222,0.0333333333333333,0.218806896418703,0.000256313913858284,3.5480037764614
10,"hetero","alt",6,"pvw_999",500,0,0,0,0.175555555555556,0.0111111111111111,0.261081373433221,0.00422618057199379,3.5480037764614
10,"hetero","alt",6,"pvt_999",500,0.852631578947368,95,0.28,0.284444444444444,0.182222222222222,0.29429355548089,4.32197173769703e-47,3.5480037764614
10,"hetero","alt",6,"mm_999",500,0,0,0,0.162222222222222,0.0244444444444444,0.231047026552229,0.000518675085387968,3.5480037764614
10,"hetero","alt",7,"ols",500,0,0,0,0.106666666666667,0.0333333333333333,0.11189530991856,0.000141628268789082,3.95644661281636
10,"hetero","alt",7,"modt",500,0,0,0,0.111111111111111,0.0266666666666667,0.111875101259049,0.000292985417729487,3.95644661281636
10,"hetero","alt",7,"fl_199",500,0,0,0,0.106666666666667,0.00444444444444444,0.110555555555556,0.005,3.95644661281636
10,"hetero","alt",7,"fl_999",500,0,0,0,0.1,0.0111111111111111,0.111555555555556,0.008,3.95644661281636
10,"hetero","alt",7,"fl_9999",500,0,0,0,0.104444444444444,0.0288888888888889,0.111822222222222,0.0058,3.95644661281636
10,"hetero","alt",7,"pvw_199",500,0,0,0,0.135555555555556,0.0155555555555556,0.16286788807276,0.00434087270628823,3.95644661281636
10,"hetero","alt",7,"pvt_199",500,0.774193548387097,62,0.28,0.22,0.126666666666667,0.207609844616952,1.73894445029139e-14,3.95644661281636
10,"hetero","alt",7,"mm_199",500,0,0,0,0.111111111111111,0.0466666666666667,0.164444444444444,0.000868881683527367,3.95644661281636
10,"hetero","alt",7,"pvw_999",500,0,0,0,0.122222222222222,0.0111111111111111,0.162471594077683,0.00458173115926987,3.95644661281636
10,"hetero","alt",7,"pvt_999",500,0.758064516129032,62,0.3,0.211111111111111,0.117777777777778,0.209330656243252,2.2700764907999e-17,3.95644661281636
10,"hetero","alt",7,"mm_999",500,0,0,0,0.104444444444444,0.0377777777777778,0.248888888888889,0.00287358446769102,3.95644661281636
10,"hetero","alt",8,"ols",500,1,3,0,0.0955555555555556,0.0288888888888889,0.141203975201572,1.51344863885217e-06,4.04673076997628
10,"hetero","alt",8,"modt",500,1,2,0,0.108888888888889,0.0288888888888889,0.145417739219031,3.70452498845326e-06,4.04673076997628
10,"hetero","alt",8,"fl_199",500,0,0,0,0.0844444444444444,0.02,0.131666666666667,0.005,4.04673076997628
10,"hetero","alt",8,"fl_999",500,0,0,0,0.1,0.0377777777777778,0.135333333333333,0.001,4.04673076997628
10,"hetero","alt",8,"fl_9999",500,1,3,0,0.1,0.0333333333333333,0.135433333333333,1e-04,4.04673076997628
10,"hetero","alt",8,"pvw_199",500,0,0,0,0.104444444444444,0.0111111111111111,0.194612118571996,0.00419012699737988,4.04673076997628
10,"hetero","alt",8,"pvt_199",500,0.837209302325581,43,0.14,0.208888888888889,0.111111111111111,0.23047095569868,9.71478921284533e-63,4.04673076997628
10,"hetero","alt",8,"mm_199",500,0.714285714285714,7,0.04,0.0888888888888889,0.0422222222222222,0.158357475239547,9.14257429263476e-11,4.04673076997628
10,"hetero","alt",8,"pvw_999",500,0,0,0,0.108888888888889,0.0155555555555556,0.203202904745985,0.00285779576168709,4.04673076997628
10,"hetero","alt",8,"pvt_999",500,0.825,40,0.14,0.206666666666667,0.111111111111111,0.235803037887066,4.89337182074171e-66,4.04673076997628
10,"hetero","alt",8,"mm_999",500,0.8,5,0.02,0.104444444444444,0.0444444444444444,0.268888888888889,5.49987183799551e-09,4.04673076997628
10,"hetero","alt",9,"ols",500,0,0,0,0.133333333333333,0.0333333333333333,0.144075291331166,0.000538284892015111,4.2208544888682
10,"hetero","alt",9,"modt",500,0.5,4,0.04,0.144444444444444,0.0466666666666667,0.148540136074149,0.0001935191135506,4.2208544888682
10,"hetero","alt",9,"fl_199",500,0,0,0,0.128888888888889,0.0222222222222222,0.141111111111111,0.005,4.2208544888682
10,"hetero","alt",9,"fl_999",500,0,0,0,0.137777777777778,0.0533333333333333,0.146111111111111,0.001,4.2208544888682
10,"hetero","alt",9,"fl_9999",500,0,0,0,0.133333333333333,0.0511111111111111,0.149133333333333,0.0024,4.2208544888682
10,"hetero","alt",9,"pvw_199",500,0,0,0,0.155555555555556,0.0222222222222222,0.196710037032252,0.00345717571170653,4.2208544888682
10,"hetero","alt",9,"pvt_199",500,0.835616438356164,73,0.24,0.231111111111111,0.142222222222222,0.237449492398534,4.277581724561e-11,4.2208544888682
10,"hetero","alt",9,"mm_199",500,0,0,0,0.14,0.06,0.170085265230837,0.00119396398150638,4.2208544888682
10,"hetero","alt",9,"pvw_999",500,0,0,0,0.142222222222222,0.0155555555555556,0.19787208052549,0.00475235546119703,4.2208544888682
10,"hetero","alt",9,"pvt_999",500,0.842857142857143,70,0.22,0.233333333333333,0.142222222222222,0.241188593799304,3.71396164025004e-11,4.2208544888682
10,"hetero","alt",9,"mm_999",500,0,0,0,0.128888888888889,0.0533333333333333,0.187825741070153,0.00135993967630723,4.2208544888682
10,"hetero","alt",10,"ols",500,0,0,0,0.126666666666667,0.0466666666666667,0.131635431875502,0.000247112541378997,3.6530800112524
10,"hetero","alt",10,"modt",500,0,0,0,0.142222222222222,0.04,0.126189439710555,0.000124447816867719,3.6530800112524
10,"hetero","alt",10,"fl_199",500,0,0,0,0.111111111111111,0.0244444444444444,0.118333333333333,0.005,3.6530800112524
10,"hetero","alt",10,"fl_999",500,0,0,0,0.126666666666667,0.0488888888888889,0.131777777777778,0.002,3.6530800112524
10,"hetero","alt",10,"fl_9999",500,0,0,0,0.128888888888889,0.0533333333333333,0.127277777777778,0.0011,3.6530800112524
10,"hetero","alt",10,"pvw_199",500,0,0,0,0.142222222222222,0.0288888888888889,0.176628965111105,0.00245906880836623,3.6530800112524
10,"hetero","alt",10,"pvt_199",500,0.763888888888889,72,0.34,0.222222222222222,0.14,0.21999955160716,2.11999246925004e-15,3.6530800112524
10,"hetero","alt",10,"mm_199",500,0.8,15,0.06,0.126666666666667,0.0711111111111111,0.140294297280385,0.000491768083673221,3.6530800112524
10,"hetero","alt",10,"pvw_999",500,0,0,0,0.14,0.0311111111111111,0.182386435842407,0.00440313189098349,3.6530800112524
10,"hetero","alt",10,"pvt_999",500,0.773333333333333,75,0.34,0.226666666666667,0.135555555555556,0.224165275078695,2.97842391924037e-15,3.6530800112524
10,"hetero","alt",10,"mm_999",500,0,0,0,0.133333333333333,0.0577777777777778,0.171111111111111,0.00116565171808879,3.6530800112524
10,"hetero","alt",11,"ols",500,0,0,0,0.0711111111111111,0.0222222222222222,0.0480606421625988,0.00118630170414954,3.21875549241589
10,"hetero","alt",11,"modt",500,0,0,0,0.0688888888888889,0.0222222222222222,0.050181994813348,0.000480113773160998,3.21875549241589
10,"hetero","alt",11,"fl_199",500,0,0,0,0.0555555555555556,0.0133333333333333,0.035,0.005,3.21875549241589
10,"hetero","alt",11,"fl_999",500,0,0,0,0.0688888888888889,0.0222222222222222,0.0437777777777778,0.001,3.21875549241589
10,"hetero","alt",11,"fl_9999",500,0,0,0,0.0688888888888889,0.0244444444444444,0.0497333333333333,2e-04,3.21875549241589
10,"hetero","alt",11,"pvw_199",500,0,0,0,0.0711111111111111,0,0.0955813427380812,0.0103140477735545,3.21875549241589
10,"hetero","alt",11,"pvt_199",500,0.766666666666667,30,0.14,0.155555555555556,0.0777777777777778,0.128707169111541,4.84756600197238e-09,3.21875549241589
10,"hetero","alt",11,"mm_199",500,1,1,0,0.0577777777777778,0.02,0.195555555555556,4.00563333514194e-05,3.21875549241589
10,"hetero","alt",11,"pvw_999",500,0,0,0,0.0755555555555556,0.00444444444444444,0.102017095233473,0.00813198208763667,3.21875549241589
10,"hetero","alt",11,"pvt_999",500,0.757575757575758,33,0.16,0.171111111111111,0.0755555555555556,0.132581453356494,9.12477378974402e-09,3.21875549241589
10,"hetero","alt",11,"mm_999",500,0,0,0,0.0777777777777778,0.0222222222222222,0.386666666666667,0.000132083238652302,3.21875549241589
10,"hetero","alt",12,"ols",500,1,3,0,0.191111111111111,0.0644444444444444,0.245635357486823,4.43210788354008e-05,4.21677640702289
10,"hetero","alt",12,"modt",500,0.6,5,0.04,0.195555555555556,0.08,0.257356040883877,6.16388382883883e-05,4.21677640702289
10,"hetero","alt",12,"fl_199",500,0,0,0,0.188888888888889,0.00222222222222222,0.249444444444444,0.005,4.21677640702289
10,"hetero","alt",12,"fl_999",500,0,0,0,0.217777777777778,0.0222222222222222,0.246888888888889,0.003,4.21677640702289
10,"hetero","alt",12,"fl_9999",500,0,0,0,0.22,0.0177777777777778,0.2463,0.0022,4.21677640702289
10,"hetero","alt",12,"pvw_199",500,0,0,0,0.191111111111111,0.00666666666666667,0.312121666527698,0.00838436675301281,4.21677640702289
10,"hetero","alt",12,"pvt_199",500,0.859649122807018,114,0.32,0.328888888888889,0.213333333333333,0.352394500642571,1.20114980593715e-22,4.21677640702289
10,"hetero","alt",12,"mm_199",500,0,0,0,0.188888888888889,0.0133333333333333,0.229165109644139,0.000976890914643228,4.21677640702289
10,"hetero","alt",12,"pvw_999",500,0,0,0,0.206666666666667,0.0222222222222222,0.310917251742755,0.00446698034347463,4.21677640702289
10,"hetero","alt",12,"pvt_999",500,0.870689655172414,116,0.3,0.322222222222222,0.215555555555556,0.342224801580521,1.41982672214119e-23,4.21677640702289
10,"hetero","alt",12,"mm_999",500,0,0,0,0.215555555555556,0.0133333333333333,0.263253644202436,0.00494661217889429,4.21677640702289
10,"hetero","alt",13,"ols",500,0,0,0,0.0888888888888889,0.02,0.0859905320602366,0.000401769994816545,3.82076483553133
10,"hetero","alt",13,"modt",500,1,1,0,0.0911111111111111,0.0244444444444444,0.0915761544981077,5.10673589049437e-05,3.82076483553133
10,"hetero","alt",13,"fl_199",500,0,0,0,0.0777777777777778,0.0155555555555556,0.0894444444444444,0.005,3.82076483553133
10,"hetero","alt",13,"fl_999",500,0,0,0,0.0888888888888889,0.0155555555555556,0.0826666666666667,0.001,3.82076483553133
10,"hetero","alt",13,"fl_9999",500,0,0,0,0.0911111111111111,0.02,0.0824222222222222,3e-04,3.82076483553133
10,"hetero","alt",13,"pvw_199",500,0,0,0,0.108888888888889,0.00888888888888889,0.140763868627904,0.00424141488520959,3.82076483553133
10,"hetero","alt",13,"pvt_199",500,0.85,40,0.12,0.173333333333333,0.0955555555555556,0.181436412272529,1.68503503852187e-11,3.82076483553133
10,"hetero","alt",13,"mm_199",500,1,1,0,0.0911111111111111,0.0333333333333333,0.157777777777778,2.255939168043e-06,3.82076483553133
10,"hetero","alt",13,"pvw_999",500,0,0,0,0.102222222222222,0.00444444444444444,0.140688105550728,0.00671187167792884,3.82076483553133
10,"hetero","alt",13,"pvt_999",500,0.842105263157895,38,0.12,0.164444444444444,0.102222222222222,0.1796693190916,3.79018795631433e-12,3.82076483553133
10,"hetero","alt",13,"mm_999",500,0,0,0,0.0933333333333333,0.0177777777777778,0.324444444444444,0.000338733398745968,3.82076483553133
10,"hetero","alt",14,"ols",500,0.5,2,0.02,0.153333333333333,0.0355555555555556,0.210191100403498,0.000137806167506446,3.84822393924065
10,"hetero","alt",14,"modt",500,1,5,0,0.171111111111111,0.0422222222222222,0.203720004380994,7.58031223948816e-05,3.84822393924065
10,"hetero","alt",14,"fl_199",500,0,0,0,0.128888888888889,0.0266666666666667,0.213333333333333,0.005,3.84822393924065
10,"hetero","alt",14,"fl_999",500,0,0,0,0.16,0.0422222222222222,0.214444444444444,0.001,3.84822393924065
10,"hetero","alt",14,"fl_9999",500,0.833333333333333,6,0.02,0.16,0.0422222222222222,0.214255555555556,1e-04,3.84822393924065
10,"hetero","alt",14,"pvw_199",500,0,0,0,0.177777777777778,0.0177777777777778,0.263373653385007,0.00505927844189705,3.84822393924065
10,"hetero","alt",14,"pvt_199",500,0.903614457831325,83,0.16,0.313333333333333,0.175555555555556,0.304142067061453,3.3177528859836e-16,3.84822393924065
10,"hetero","alt",14,"mm_199",500,0.833333333333333,12,0.04,0.153333333333333,0.0444444444444444,0.229483507282486,2.49211116836242e-07,3.84822393924065
10,"hetero","alt",14,"pvw_999",500,0,0,0,0.175555555555556,0.0177777777777778,0.257174117827766,0.00469479244050663,3.84822393924065
10,"hetero","alt",14,"pvt_999",500,0.884615384615385,78,0.18,0.313333333333333,0.175555555555556,0.30277996801366,3.41240108481495e-16,3.84822393924065
10,"hetero","alt",14,"mm_999",500,0.833333333333333,12,0.04,0.16,0.0422222222222222,0.258332079916845,2.90219531117049e-06,3.84822393924065
10,"hetero","alt",15,"ols",500,0,0,0,0.122222222222222,0.0333333333333333,0.165861282029512,0.000432988619933153,3.91917526011535
10,"hetero","alt",15,"modt",500,1,1,0,0.137777777777778,0.0422222222222222,0.147916044728067,9.6557270218437e-05,3.91917526011535
10,"hetero","alt",15,"fl_199",500,0,0,0,0.12,0.0155555555555556,0.171666666666667,0.005,3.91917526011535
10,"hetero","alt",15,"fl_999",500,0,0,0,0.12,0.00666666666666667,0.170555555555556,0.006,3.91917526011535
10,"hetero","alt",15,"fl_9999",500,0,0,0,0.122222222222222,0.0111111111111111,0.1686,0.009,3.91917526011535
10,"hetero","alt",15,"pvw_199",500,0,0,0,0.135555555555556,0.0177777777777778,0.224677380079057,0.00376102812903314,3.91917526011535
10,"hetero","alt",15,"pvt_199",500,0.898305084745763,59,0.12,0.233333333333333,0.131111111111111,0.26136054359109,1.7177570042987e-14,3.91917526011535
10,"hetero","alt",15,"mm_199",500,0,0,0,0.122222222222222,0.0555555555555556,0.186985030696555,0.00161350046530935,3.91917526011535
10,"hetero","alt",15,"pvw_999",500,0,0,0,0.131111111111111,0.00888888888888889,0.220926354246893,0.00506412263165929,3.91917526011535
10,"hetero","alt",15,"pvt_999",500,0.88135593220339,59,0.14,0.24,0.131111111111111,0.265709754523716,1.1600024656666e-12,3.91917526011535
10,"hetero","alt",15,"mm_999",500,0,0,0,0.115555555555556,0.04,0.188951822642299,0.00435605184404275,3.91917526011535
20,"hetero","alt",1,"ols",500,0,0,0,0.0777777777777778,0.0155555555555556,0.0833330283079366,0.000171107653265139,3.83719320027681
20,"hetero","alt",1,"modt",500,0,0,0,0.0844444444444444,0.0222222222222222,0.0845851796382635,0.000141139857369924,3.83719320027681
20,"hetero","alt",1,"fl_199",500,0,0,0,0.06,0.00888888888888889,0.09,0.005,3.83719320027681
20,"hetero","alt",1,"fl_999",500,0,0,0,0.0711111111111111,0.0177777777777778,0.0767777777777778,0.001,3.83719320027681
20,"hetero","alt",1,"fl_9999",500,0,0,0,0.0755555555555556,0.02,0.0840888888888889,3e-04,3.83719320027681
20,"hetero","alt",1,"pvw_199",500,0,0,0,0.0688888888888889,0.0111111111111111,0.110263523044129,0.000949575272439544,3.83719320027681
20,"hetero","alt",1,"pvt_199",500,0.7,10,0.06,0.108888888888889,0.0511111111111111,0.117838948083283,4.10173261119857e-07,3.83719320027681
20,"hetero","alt",1,"mm_199",500,0,1,0.02,0.0644444444444444,0.0266666666666667,0.1,1.0465343169866e-05,3.83719320027681
20,"hetero","alt",1,"pvw_999",500,0,0,0,0.0755555555555556,0.0155555555555556,0.108944413910645,0.00101676566163234,3.83719320027681
20,"hetero","alt",1,"pvt_999",500,0.7,10,0.06,0.104444444444444,0.0511111111111111,0.116972998950164,3.15245963019459e-07,3.83719320027681
20,"hetero","alt",1,"mm_999",500,0,1,0.02,0.0733333333333333,0.0177777777777778,0.186666666666667,3.25354629117268e-05,3.83719320027681
20,"hetero","alt",2,"ols",500,1,1,0,0.144444444444444,0.0422222222222222,0.125931411575223,8.20980053957804e-05,3.85125701951937
20,"hetero","alt",2,"modt",500,1,1,0,0.153333333333333,0.0422222222222222,0.131186771897024,1.84085919211262e-05,3.85125701951937
20,"hetero","alt",2,"fl_199",500,0,0,0,0.148888888888889,0.0288888888888889,0.133888888888889,0.005,3.85125701951937
20,"hetero","alt",2,"fl_999",500,0,0,0,0.144444444444444,0.0444444444444444,0.127444444444444,0.001,3.85125701951937
20,"hetero","alt",2,"fl_9999",500,0,0,0,0.144444444444444,0.0466666666666667,0.128133333333333,3e-04,3.85125701951937
20,"hetero","alt",2,"pvw_199",500,0,0,0,0.164444444444444,0.0444444444444444,0.154531281177563,0.000230392475836628,3.85125701951937
20,"hetero","alt",2,"pvt_199",500,0.714285714285714,28,0.16,0.197777777777778,0.0911111111111111,0.164982448880702,2.10084861920981e-07,3.85125701951937
20,"hetero","alt",2,"mm_199",500,0.666666666666667,18,0.12,0.146666666666667,0.0622222222222222,0.133100558057237,7.17256152179093e-08,3.85125701951937
20,"hetero","alt",2,"pvw_999",500,0,0,0,0.151111111111111,0.0355555555555556,0.151733741921053,0.000759867914466173,3.85125701951937
20,"hetero","alt",2,"pvt_999",500,0.730769230769231,26,0.14,0.191111111111111,0.0911111111111111,0.167416148206422,3.78117419670952e-08,3.85125701951937
20,"hetero","alt",2,"mm_999",500,0.75,4,0.02,0.14,0.0422222222222222,0.162222222222222,8.72627454380658e-06,3.85125701951937
20,"hetero","alt",3,"ols",500,0.285714285714286,7,0.1,0.0666666666666667,0.0244444444444444,0.0363763475889643,7.85991112289873e-05,4.01846129710238
20,"hetero","alt",3,"modt",500,0,3,0.06,0.0688888888888889,0.0155555555555556,0.0442565403260799,0.000131262122425877,4.01846129710238
20,"hetero","alt",3,"fl_199",500,0,0,0,0.06,0.0222222222222222,0.0477777777777777,0.005,4.01846129710238
20,"hetero","alt",3,"fl_999",500,0,0,0,0.0666666666666667,0.0222222222222222,0.0385555555555556,0.001,4.01846129710238
20,"hetero","alt",3,"fl_9999",500,0.166666666666667,6,0.1,0.0688888888888889,0.0244444444444444,0.0342222222222223,1e-04,4.01846129710238
20,"hetero","alt",3,"pvw_199",500,0,0,0,0.0755555555555556,0.0222222222222222,0.0714297939991163,0.000482040465441224,4.01846129710238
20,"hetero","alt",3,"pvt_199",500,0.5,20,0.2,0.0977777777777778,0.0444444444444444,0.0810966547421368,9.80066451831157e-08,4.01846129710238
20,"hetero","alt",3,"mm_199",500,0.5,14,0.14,0.0688888888888889,0.0288888888888889,0.0911111111111111,2.11851947060991e-06,4.01846129710238
20,"hetero","alt",3,"pvw_999",500,0,0,0,0.0711111111111111,0.0244444444444444,0.0653865986743487,0.000545005078736498,4.01846129710238
20,"hetero","alt",3,"pvt_999",500,0.545454545454545,22,0.2,0.1,0.0444444444444444,0.075811709332208,7.65617897307451e-08,4.01846129710238
20,"hetero","alt",3,"mm_999",500,0.454545454545455,11,0.12,0.0666666666666667,0.0244444444444444,0.191111111111111,2.61970802923834e-05,4.01846129710238
20,"hetero","alt",4,"ols",500,0,1,0.02,0.106666666666667,0.0377777777777778,0.128447903274739,4.74307476004571e-05,3.58982545278274
20,"hetero","alt",4,"modt",500,0,2,0.04,0.104444444444444,0.0444444444444444,0.1322844331494,2.85748787523936e-05,3.58982545278274
20,"hetero","alt",4,"fl_199",500,0,0,0,0.0955555555555556,0.02,0.124444444444444,0.005,3.58982545278274
20,"hetero","alt",4,"fl_999",500,0,0,0,0.104444444444444,0.0311111111111111,0.132,0.001,3.58982545278274
20,"hetero","alt",4,"fl_9999",500,0.6,5,0.04,0.104444444444444,0.0422222222222222,0.128866666666667,2e-04,3.58982545278274
20,"hetero","alt",4,"pvw_199",500,0,0,0,0.111111111111111,0.0266666666666667,0.151526919729968,0.000724475197513484,3.58982545278274
20,"hetero","alt",4,"pvt_199",500,0.75,28,0.14,0.155555555555556,0.0688888888888889,0.174361407853853,2.13574015452505e-09,3.58982545278274
20,"hetero","alt",4,"mm_199",500,0.833333333333333,6,0.02,0.104444444444444,0.0333333333333333,0.124775290837928,5.78823698738511e-05,3.58982545278274
20,"hetero","alt",4,"pvw_999",500,0,0,0,0.106666666666667,0.0355555555555556,0.154225478573175,0.000609715925087953,3.58982545278274
20,"hetero","alt",4,"pvt_999",500,0.777777777777778,27,0.12,0.157777777777778,0.0666666666666667,0.17422482254479,8.49639427171806e-09,3.58982545278274
20,"hetero","alt",4,"mm_999",500,0.666666666666667,6,0.04,0.1,0.04,0.162222222222222,3.1980627764367e-06,3.58982545278274
20,"hetero","alt",5,"ols",500,0,0,0,0.0733333333333333,0.0222222222222222,0.0882290953852066,0.000126168997116535,3.78919009961888
20,"hetero","alt",5,"modt",500,0,1,0.02,0.0777777777777778,0.0266666666666667,0.0884499728534459,3.48962029570002e-05,3.78919009961888
20,"hetero","alt",5,"fl_199",500,0,0,0,0.0777777777777778,0.02,0.0855555555555555,0.005,3.78919009961888
20,"hetero","alt",5,"fl_999",500,0,0,0,0.0777777777777778,0.0244444444444444,0.088,0.001,3.78919009961888
20,"hetero","alt",5,"fl_9999",500,0,1,0.02,0.08,0.0311111111111111,0.0895333333333333,1e-04,3.78919009961888
20,"hetero","alt",5,"pvw_199",500,0,0,0,0.0866666666666667,0.0222222222222222,0.120039581377543,0.000549624039225258,3.78919009961888
20,"hetero","alt",5,"pvt_199",500,0.6875,16,0.1,0.124444444444444,0.0422222222222222,0.132076319993278,1.51051354978966e-07,3.78919009961888
20,"hetero","alt",5,"mm_199",500,0.666666666666667,6,0.04,0.0888888888888889,0.0333333333333333,0.108888888888889,1.37001799823448e-07,3.78919009961888
20,"hetero","alt",5,"pvw_999",500,0,0,0,0.0844444444444444,0.02,0.113197554374959,0.000678223358908883,3.78919009961888
20,"hetero","alt",5,"pvt_999",500,0.75,12,0.06,0.126666666666667,0.0444444444444444,0.130691974706867,9.52678909586121e-08,3.78919009961888
20,"hetero","alt",5,"mm_999",500,0.6,5,0.04,0.0777777777777778,0.0288888888888889,0.197777777777778,1.29055360979752e-05,3.78919009961888
20,"hetero","alt",6,"ols",500,0,1,0.02,0.0777777777777778,0.0266666666666667,0.0974292445868293,6.25292852318977e-05,3.81502787262489
20,"hetero","alt",6,"modt",500,0.5,2,0.02,0.0866666666666667,0.0333333333333333,0.0987617846383145,2.27939315724225e-05,3.81502787262489
20,"hetero","alt",6,"fl_199",500,0,0,0,0.08,0.02,0.0922222222222222,0.005,3.81502787262489
20,"hetero","alt",6,"fl_999",500,0,0,0,0.08,0.0288888888888889,0.09,0.001,3.81502787262489
20,"hetero","alt",6,"fl_9999",500,0.5,2,0.02,0.08,0.0311111111111111,0.0975222222222222,1e-04,3.81502787262489
20,"hetero","alt",6,"pvw_199",500,0,0,0,0.0866666666666667,0.0333333333333333,0.11766523528349,0.000338625141720718,3.81502787262489
20,"hetero","alt",6,"pvt_199",500,0.555555555555556,27,0.24,0.113333333333333,0.0555555555555556,0.13205875287171,1.93957122571421e-07,3.81502787262489
20,"hetero","alt",6,"mm_199",500,0.5,10,0.1,0.0844444444444444,0.0333333333333333,0.106666666666667,3.21713803341082e-10,3.81502787262489
20,"hetero","alt",6,"pvw_999",500,0,0,0,0.08,0.0311111111111111,0.120221445619443,0.000481660872273935,3.81502787262489
20,"hetero","alt",6,"pvt_999",500,0.518518518518518,27,0.26,0.115555555555556,0.0511111111111111,0.133552436311414,9.97247068014593e-08,3.81502787262489
20,"hetero","alt",6,"mm_999",500,0.5,4,0.04,0.08,0.0244444444444444,0.186666666666667,2.40137999714428e-06,3.81502787262489
20,"hetero","alt",7,"ols",500,0.666666666666667,6,0.04,0.137777777777778,0.0444444444444444,0.1655283183142,1.59091863751955e-05,4.04815320552803
20,"hetero","alt",7,"modt",500,0.5,2,0.02,0.14,0.0488888888888889,0.164748951664854,1.26115825016386e-05,4.04815320552803
20,"hetero","alt",7,"fl_199",500,0,0,0,0.137777777777778,0.0244444444444444,0.162222222222222,0.005,4.04815320552803
20,"hetero","alt",7,"fl_999",500,0,0,0,0.135555555555556,0.04,0.166333333333333,0.001,4.04815320552803
20,"hetero","alt",7,"fl_9999",500,0.5,2,0.02,0.133333333333333,0.0444444444444444,0.163688888888889,1e-04,4.04815320552803
20,"hetero","alt",7,"pvw_199",500,0,0,0,0.142222222222222,0.0333333333333333,0.190035363566584,0.0001250650530795,4.04815320552803
20,"hetero","alt",7,"pvt_199",500,0.724137931034483,29,0.16,0.204444444444444,0.1,0.216140104822539,2.46654194528591e-10,4.04815320552803
20,"hetero","alt",7,"mm_199",500,0.6,15,0.12,0.137777777777778,0.0466666666666667,0.164210331880306,8.87246772122545e-08,4.04815320552803
20,"hetero","alt",7,"pvw_999",500,0,0,0,0.142222222222222,0.0333333333333333,0.188229052092238,0.000320484614753309,4.04815320552803
20,"hetero","alt",7,"pvt_999",500,0.757575757575758,33,0.16,0.202222222222222,0.0955555555555556,0.205420686479415,3.38427650603151e-10,4.04815320552803
20,"hetero","alt",7,"mm_999",500,0.555555555555556,9,0.08,0.133333333333333,0.0422222222222222,0.18,1.03872755484525e-07,4.04815320552803
20,"hetero","alt",8,"ols",500,0,1,0.02,0.102222222222222,0.0288888888888889,0.0670445800912108,7.36831618878366e-06,4.00363827593124
20,"hetero","alt",8,"modt",500,0.25,4,0.06,0.1,0.0311111111111111,0.069226048398789,4.40593736771359e-06,4.00363827593124
20,"hetero","alt",8,"fl_199",500,0,0,0,0.0977777777777778,0.02,0.0716666666666667,0.005,4.00363827593124
20,"hetero","alt",8,"fl_999",500,0,0,0,0.1,0.0266666666666667,0.0681111111111111,0.001,4.00363827593124
20,"hetero","alt",8,"fl_9999",500,0.428571428571429,7,0.08,0.102222222222222,0.0266666666666667,0.0682777777777778,1e-04,4.00363827593124
20,"hetero","alt",8,"pvw_199",500,0,0,0,0.102222222222222,0.0244444444444444,0.0981580032755477,0.00018058745304635,4.00363827593124
20,"hetero","alt",8,"pvt_199",500,0.62962962962963,27,0.2,0.144444444444444,0.0644444444444444,0.114996161922206,2.69426794891297e-13,4.00363827593124
20,"hetero","alt",8,"mm_199",500,0.533333333333333,15,0.14,0.0977777777777778,0.0355555555555556,0.0977777777777777,1.12227828514442e-12,4.00363827593124
20,"hetero","alt",8,"pvw_999",500,0,0,0,0.104444444444444,0.0244444444444444,0.0941634045484397,0.000181996967115245,4.00363827593124
20,"hetero","alt",8,"pvt_999",500,0.576923076923077,26,0.22,0.137777777777778,0.0622222222222222,0.109747925127643,2.57379363171201e-12,4.00363827593124
20,"hetero","alt",8,"mm_999",500,0.625,8,0.06,0.0955555555555556,0.0311111111111111,0.213333333333333,2.28733720843098e-09,4.00363827593124
20,"hetero","alt",9,"ols",500,0,0,0,0.111111111111111,0.0333333333333333,0.12743934207104,0.000175023961276304,3.77613783477754
20,"hetero","alt",9,"modt",500,0,0,0,0.104444444444444,0.04,0.115141713558492,0.000225208523188629,3.77613783477754
20,"hetero","alt",9,"fl_199",500,0,0,0,0.102222222222222,0.0222222222222222,0.122777777777778,0.005,3.77613783477754
20,"hetero","alt",9,"fl_999",500,0,0,0,0.102222222222222,0.0311111111111111,0.117888888888889,0.001,3.77613783477754
20,"hetero","alt",9,"fl_9999",500,0,0,0,0.111111111111111,0.0311111111111111,0.123155555555556,3e-04,3.77613783477754
20,"hetero","alt",9,"pvw_199",500,0,0,0,0.117777777777778,0.0333333333333333,0.146229380868189,0.000294544804096255,3.77613783477754
20,"hetero","alt",9,"pvt_199",500,0.636363636363636,22,0.16,0.144444444444444,0.0733333333333333,0.155020411459622,4.83928520346789e-07,3.77613783477754
20,"hetero","alt",9,"mm_199",500,0.666666666666667,12,0.08,0.106666666666667,0.0422222222222222,0.116724022036825,2.74802303396306e-07,3.77613783477754
20,"hetero","alt",9,"pvw_999",500,0,0,0,0.113333333333333,0.0244444444444444,0.149883124610408,0.000868994906395627,3.77613783477754
20,"hetero","alt",9,"pvt_999",500,0.666666666666667,24,0.16,0.146666666666667,0.0688888888888889,0.161362323256168,1.48753617708299e-07,3.77613783477754
20,"hetero","alt",9,"mm_999",500,0,0,0,0.111111111111111,0.0333333333333333,0.16,0.000224289399579003,3.77613783477754
20,"hetero","alt",10,"ols",500,0.166666666666667,6,0.1,0.0777777777777778,0.0222222222222222,0.0901605125449512,2.46113322677736e-05,3.70909891825837
20,"hetero","alt",10,"modt",500,0,5,0.1,0.0711111111111111,0.0244444444444444,0.0878491779790993,7.84527612597883e-05,3.70909891825837
20,"hetero","alt",10,"fl_199",500,0,0,0,0.0733333333333333,0.00888888888888889,0.0927777777777778,0.005,3.70909891825837
20,"hetero","alt",10,"fl_999",500,0,0,0,0.0711111111111111,0.0177777777777778,0.0871111111111111,0.001,3.70909891825837
20,"hetero","alt",10,"fl_9999",500,0,1,0.02,0.0777777777777778,0.0288888888888889,0.0849222222222223,1e-04,3.70909891825837
20,"hetero","alt",10,"pvw_199",500,0,0,0,0.0844444444444444,0.0177777777777778,0.113165461421581,0.000167813020788781,3.70909891825837
20,"hetero","alt",10,"pvt_199",500,0.473684210526316,19,0.2,0.104444444444444,0.0488888888888889,0.130246476523099,3.12708216386455e-11,3.70909891825837
20,"hetero","alt",10,"mm_199",500,0,8,0.16,0.0777777777777778,0.0333333333333333,0.0977777777777777,7.13459831041457e-06,3.70909891825837
20,"hetero","alt",10,"pvw_999",500,0,0,0,0.0822222222222222,0.0177777777777778,0.111470597219263,0.000286793186113239,3.70909891825837
20,"hetero","alt",10,"pvt_999",500,0.526315789473684,19,0.18,0.104444444444444,0.0511111111111111,0.127206194029329,7.4204160412513e-10,3.70909891825837
20,"hetero","alt",10,"mm_999",500,0,5,0.1,0.0755555555555556,0.02,0.175555555555556,1.57824314353463e-05,3.70909891825837
20,"hetero","alt",11,"ols",500,0.636363636363636,11,0.08,0.135555555555556,0.0622222222222222,0.168753853256999,3.14524152020724e-05,4.25219922487858
20,"hetero","alt",11,"modt",500,0.777777777777778,18,0.08,0.144444444444444,0.0666666666666667,0.174359107706278,1.88436950124455e-05,4.25219922487858
20,"hetero","alt",11,"fl_199",500,0,0,0,0.124444444444444,0.0377777777777778,0.176666666666667,0.005,4.25219922487858
20,"hetero","alt",11,"fl_999",500,0.6,10,0.08,0.135555555555556,0.0511111111111111,0.171777777777778,0.001,4.25219922487858
20,"hetero","alt",11,"fl_9999",500,0.666666666666667,9,0.06,0.137777777777778,0.0622222222222222,0.171455555555556,1e-04,4.25219922487858
20,"hetero","alt",11,"pvw_199",500,0,0,0,0.142222222222222,0.0488888888888889,0.193379943797709,0.000405888122834773,4.25219922487858
20,"hetero","alt",11,"pvt_199",500,0.777777777777778,45,0.2,0.188888888888889,0.1,0.212678113198938,3.26873395462928e-11,4.25219922487858
20,"hetero","alt",11,"mm_199",500,0.761904761904762,21,0.1,0.126666666666667,0.0644444444444444,0.181087512019587,5.32313140381468e-11,4.25219922487858
20,"hetero","alt",11,"pvw_999",500,0,0,0,0.14,0.0511111111111111,0.19414493056791,0.000558481086579609,4.25219922487858
20,"hetero","alt",11,"pvt_999",500,0.777777777777778,45,0.2,0.186666666666667,0.1,0.211967720731868,4.19617990125897e-09,4.25219922487858
20,"hetero","alt",11,"mm_999",500,0.636363636363636,11,0.08,0.128888888888889,0.0533333333333333,0.199296464176909,7.75786371086268e-08,4.25219922487858
20,"hetero","alt",12,"ols",500,0.8,20,0.08,0.191111111111111,0.0733333333333333,0.202322976772944,1.21353635456131e-06,4.06468061743441
20,"hetero","alt",12,"modt",500,0.8,20,0.08,0.197777777777778,0.0755555555555556,0.201538487193812,4.67585864494822e-06,4.06468061743441
20,"hetero","alt",12,"fl_199",500,0,0,0,0.166666666666667,0.04,0.196666666666667,0.005,4.06468061743441
20,"hetero","alt",12,"fl_999",500,0.75,12,0.06,0.188888888888889,0.0733333333333333,0.198888888888889,0.001,4.06468061743441
20,"hetero","alt",12,"fl_9999",500,0.769230769230769,13,0.06,0.186666666666667,0.0711111111111111,0.201277777777778,1e-04,4.06468061743441
20,"hetero","alt",12,"pvw_199",500,0,0,0,0.195555555555556,0.0644444444444444,0.223440857940398,0.000145611486049956,4.06468061743441
20,"hetero","alt",12,"pvt_199",500,0.803571428571429,56,0.22,0.242222222222222,0.124444444444444,0.244288903625106,5.22423538873758e-14,4.06468061743441
20,"hetero","alt",12,"mm_199",500,0.791666666666667,24,0.1,0.182222222222222,0.08,0.204271836497423,1.01524330556393e-08,4.06468061743441
20,"hetero","alt",12,"pvw_999",500,0,0,0,0.195555555555556,0.0733333333333333,0.225985105490364,0.000131088579527013,4.06468061743441
20,"hetero","alt",12,"pvt_999",500,0.846153846153846,52,0.16,0.242222222222222,0.12,0.244317894317466,7.22137004551099e-15,4.06468061743441
20,"hetero","alt",12,"mm_999",500,0.791666666666667,24,0.1,0.188888888888889,0.0733333333333333,0.230245071800786,1.28233897542316e-07,4.06468061743441
20,"hetero","alt",13,"ols",500,0.75,8,0.04,0.128888888888889,0.0466666666666667,0.163611335869696,8.93304832514195e-05,3.62077360035789
20,"hetero","alt",13,"modt",500,0.833333333333333,12,0.04,0.135555555555556,0.0555555555555556,0.164477041544049,4.91061997285224e-05,3.62077360035789
20,"hetero","alt",13,"fl_199",500,0,0,0,0.117777777777778,0.0266666666666667,0.152222222222222,0.005,3.62077360035789
20,"hetero","alt",13,"fl_999",500,0,0,0,0.131111111111111,0.0488888888888889,0.158333333333333,0.001,3.62077360035789
20,"hetero","alt",13,"fl_9999",500,0.75,8,0.04,0.131111111111111,0.0488888888888889,0.161566666666667,1e-04,3.62077360035789
20,"hetero","alt",13,"pvw_199",500,0,0,0,0.133333333333333,0.0533333333333333,0.188573702959705,0.000678472953120615,3.62077360035789
20,"hetero","alt",13,"pvt_199",500,0.710526315789474,38,0.22,0.202222222222222,0.0866666666666667,0.200435688032963,4.03478422586169e-08,3.62077360035789
20,"hetero","alt",13,"mm_199",500,0.666666666666667,18,0.12,0.135555555555556,0.0555555555555556,0.169019295579589,2.89611871696905e-06,3.62077360035789
20,"hetero","alt",13,"pvw_999",500,0,0,0,0.133333333333333,0.0422222222222222,0.187666083379027,0.000891876749969755,3.62077360035789
20,"hetero","alt",13,"pvt_999",500,0.736842105263158,38,0.2,0.2,0.0933333333333333,0.197235181601859,6.52609040427463e-08,3.62077360035789
20,"hetero","alt",13,"mm_999",500,0.714285714285714,7,0.04,0.128888888888889,0.0466666666666667,0.190995544402346,1.1157904815176e-05,3.62077360035789
20,"hetero","alt",14,"ols",500,0.714285714285714,7,0.04,0.131111111111111,0.0444444444444444,0.153091763844571,4.65569046638115e-05,3.97355758499209
20,"hetero","alt",14,"modt",500,0.75,4,0.02,0.146666666666667,0.04,0.151040055625831,2.62890978867007e-05,3.97355758499209
20,"hetero","alt",14,"fl_199",500,0,0,0,0.131111111111111,0.0288888888888889,0.165555555555556,0.005,3.97355758499209
20,"hetero","alt",14,"fl_999",500,0,0,0,0.131111111111111,0.0422222222222222,0.155555555555556,0.001,3.97355758499209
20,"hetero","alt",14,"fl_9999",500,0.714285714285714,7,0.04,0.131111111111111,0.0422222222222222,0.154655555555556,1e-04,3.97355758499209
20,"hetero","alt",14,"pvw_199",500,0,0,0,0.155555555555556,0.0444444444444444,0.183270158702564,0.000188932654687027,3.97355758499209
20,"hetero","alt",14,"pvt_199",500,0.714285714285714,35,0.2,0.213333333333333,0.08,0.200884897860198,4.0015129549645e-09,3.97355758499209
20,"hetero","alt",14,"mm_199",500,0.736842105263158,19,0.1,0.14,0.0511111111111111,0.159719455243816,3.99904380704201e-08,3.97355758499209
20,"hetero","alt",14,"pvw_999",500,0,0,0,0.148888888888889,0.04,0.177239562173959,0.000354240893734533,3.97355758499209
20,"hetero","alt",14,"pvt_999",500,0.696969696969697,33,0.2,0.204444444444444,0.0844444444444444,0.194843378598523,1.3646638715181e-08,3.97355758499209
20,"hetero","alt",14,"mm_999",500,0.545454545454545,11,0.1,0.128888888888889,0.0466666666666667,0.182222222222222,1.47993131619165e-06,3.97355758499209
20,"hetero","alt",15,"ols",500,0.529411764705882,17,0.16,0.148888888888889,0.0555555555555556,0.135630673015652,6.38800549610721e-06,4.02613318443009
20,"hetero","alt",15,"modt",500,0.533333333333333,15,0.14,0.144444444444444,0.0622222222222222,0.133187885011187,3.40901175083695e-06,4.02613318443009
20,"hetero","alt",15,"fl_199",500,0,0,0,0.148888888888889,0.0444444444444444,0.137777777777778,0.005,4.02613318443009
20,"hetero","alt",15,"fl_999",500,0,0,0,0.153333333333333,0.0533333333333333,0.136555555555556,0.001,4.02613318443009
20,"hetero","alt",15,"fl_9999",500,0.6,15,0.12,0.151111111111111,0.0511111111111111,0.1364,1e-04,4.02613318443009
20,"hetero","alt",15,"pvw_199",500,0.5,10,0.1,0.166666666666667,0.0733333333333333,0.162538515914481,1.12305688924254e-05,4.02613318443009
20,"hetero","alt",15,"pvt_199",500,0.75,52,0.26,0.191111111111111,0.104444444444444,0.181293993183802,7.73881434834885e-12,4.02613318443009
20,"hetero","alt",15,"mm_199",500,0.6875,32,0.2,0.153333333333333,0.08,0.14678314004855,1.8796311350388e-12,4.02613318443009
20,"hetero","alt",15,"pvw_999",500,0,0,0,0.157777777777778,0.0466666666666667,0.159409860141627,0.000276350866411839,4.02613318443009
20,"hetero","alt",15,"pvt_999",500,0.75,48,0.24,0.195555555555556,0.108888888888889,0.17839406345586,5.80095274923427e-11,4.02613318443009
20,"hetero","alt",15,"mm_999",500,0.529411764705882,17,0.16,0.151111111111111,0.0511111111111111,0.206666666666667,1.05844510331159e-07,4.02613318443009
40,"hetero","alt",1,"ols",500,0,10,0.2,0.0711111111111111,0.0288888888888889,0.0462321471977411,2.67824249110971e-06,4.03815136774778
40,"hetero","alt",1,"modt",500,0.0833333333333333,12,0.22,0.0711111111111111,0.0266666666666667,0.0469497107339006,1.14672238210235e-06,4.03815136774778
40,"hetero","alt",1,"fl_199",500,0,0,0,0.0711111111111111,0.0155555555555556,0.0405555555555556,0.005,4.03815136774778
40,"hetero","alt",1,"fl_999",500,0.181818181818182,11,0.18,0.0688888888888889,0.0266666666666667,0.0461111111111111,0.001,4.03815136774778
40,"hetero","alt",1,"fl_9999",500,0,10,0.2,0.0711111111111111,0.0266666666666667,0.0420222222222222,1e-04,4.03815136774778
40,"hetero","alt",1,"pvw_199",500,0,9,0.18,0.0755555555555556,0.0311111111111111,0.0519123783230371,2.81618931880187e-05,4.03815136774778
40,"hetero","alt",1,"pvt_199",500,0.384615384615385,26,0.32,0.0844444444444444,0.0355555555555556,0.0539508079223159,4.50104892779759e-09,4.03815136774778
40,"hetero","alt",1,"mm_199",500,0.315789473684211,19,0.26,0.0733333333333333,0.0333333333333333,0.0978842306675827,4.3102080746972e-08,4.03815136774778
40,"hetero","alt",1,"pvw_999",500,0,10,0.2,0.0711111111111111,0.0244444444444444,0.0568972508201652,1.76097515750898e-05,4.03815136774778
40,"hetero","alt",1,"pvt_999",500,0.384615384615385,26,0.32,0.0822222222222222,0.0355555555555556,0.0565565161668758,8.60287573413531e-09,4.03815136774778
40,"hetero","alt",1,"mm_999",500,0.0909090909090909,11,0.2,0.0711111111111111,0.0266666666666667,0.102222222222222,3.75882145561021e-07,4.03815136774778
40,"hetero","alt",2,"ols",500,0.25,8,0.12,0.0777777777777778,0.0177777777777778,0.0479418577721612,4.17826936337514e-07,3.81719598318085
40,"hetero","alt",2,"modt",500,0.25,8,0.12,0.0844444444444444,0.0155555555555556,0.0566756892021756,2.89360744037995e-07,3.81719598318085
40,"hetero","alt",2,"fl_199",500,0,0,0,0.0711111111111111,0.0155555555555556,0.0444444444444444,0.005,3.81719598318085
40,"hetero","alt",2,"fl_999",500,0,0,0,0.0755555555555556,0.0177777777777778,0.0476666666666666,0.001,3.81719598318085
40,"hetero","alt",2,"fl_9999",500,0.222222222222222,9,0.14,0.0755555555555556,0.0177777777777778,0.0514333333333334,1e-04,3.81719598318085
40,"hetero","alt",2,"pvw_199",500,0,4,0.08,0.08,0.0155555555555556,0.0614945720743234,7.77442887662658e-06,3.81719598318085
40,"hetero","alt",2,"pvt_199",500,0.266666666666667,15,0.22,0.0933333333333333,0.0311111111111111,0.0719785743886523,2.13437486159382e-10,3.81719598318085
40,"hetero","alt",2,"mm_199",500,0.25,8,0.12,0.08,0.0244444444444444,0.0910250319657813,1.7756761489747e-07,3.81719598318085
40,"hetero","alt",2,"pvw_999",500,0,4,0.08,0.0777777777777778,0.02,0.0572090369619933,8.61999322897923e-06,3.81719598318085
40,"hetero","alt",2,"pvt_999",500,0.285714285714286,14,0.2,0.0911111111111111,0.0333333333333333,0.0663667940569903,5.77286303704283e-10,3.81719598318085
40,"hetero","alt",2,"mm_999",500,0.3,10,0.14,0.08,0.02,0.12,2.77302564496527e-07,3.81719598318085
40,"hetero","alt",3,"ols",500,0.6,15,0.12,0.135555555555556,0.0422222222222222,0.106845156095216,2.2824020946132e-06,3.83846241137245
40,"hetero","alt",3,"modt",500,0.588235294117647,17,0.14,0.135555555555556,0.0511111111111111,0.106303089587418,2.68215139967039e-06,3.83846241137245
40,"hetero","alt",3,"fl_199",500,0,0,0,0.115555555555556,0.0333333333333333,0.112222222222222,0.005,3.83846241137245
40,"hetero","alt",3,"fl_999",500,0.7,10,0.06,0.128888888888889,0.0377777777777778,0.104,0.001,3.83846241137245
40,"hetero","alt",3,"fl_9999",500,0.529411764705882,17,0.16,0.135555555555556,0.0422222222222222,0.103711111111111,1e-04,3.83846241137245
40,"hetero","alt",3,"pvw_199",500,0.454545454545455,11,0.12,0.131111111111111,0.0422222222222222,0.12253011475838,5.61550834745713e-06,3.83846241137245
40,"hetero","alt",3,"pvt_199",500,0.583333333333333,24,0.2,0.16,0.0688888888888889,0.132170544862778,1.68924906667261e-09,3.83846241137245
40,"hetero","alt",3,"mm_199",500,0.583333333333333,24,0.2,0.128888888888889,0.0488888888888889,0.103628479527148,1.15828428126895e-09,3.83846241137245
40,"hetero","alt",3,"pvw_999",500,0.444444444444444,9,0.1,0.133333333333333,0.0355555555555556,0.115143816811667,1.93761587342945e-05,3.83846241137245
40,"hetero","alt",3,"pvt_999",500,0.56,25,0.22,0.151111111111111,0.0555555555555556,0.124600582289413,1.65583256553534e-08,3.83846241137245
40,"hetero","alt",3,"mm_999",500,0.5625,16,0.14,0.135555555555556,0.0422222222222222,0.108314679499878,1.13643042598599e-07,3.83846241137245
40,"hetero","alt",4,"ols",500,0,0,0,0.0422222222222222,0.00444444444444444,0.0485247874681523,0.000290367895112596,3.91994781747919
40,"hetero","alt",4,"modt",500,0,0,0,0.0377777777777778,0.00666666666666667,0.0501391880900347,0.00021372914148741,3.91994781747919
40,"hetero","alt",4,"fl_199",500,0,0,0,0.0377777777777778,0.00222222222222222,0.0566666666666667,0.005,3.91994781747919
40,"hetero","alt",4,"fl_999",500,0,0,0,0.0444444444444444,0.00444444444444444,0.0501111111111111,0.001,3.91994781747919
40,"hetero","alt",4,"fl_9999",500,0,0,0,0.04,0.00888888888888889,0.0500555555555555,4e-04,3.91994781747919
40,"hetero","alt",4,"pvw_199",500,0,0,0,0.0444444444444444,0.00222222222222222,0.0384534288481624,0.00050409029019378,3.91994781747919
40,"hetero","alt",4,"pvt_199",500,0.166666666666667,6,0.1,0.0533333333333333,0.0133333333333333,0.0322315909919096,4.82476054063987e-05,3.91994781747919
40,"hetero","alt",4,"mm_199",500,0,2,0.04,0.0444444444444444,0.00444444444444444,0.08,2.99449923508014e-05,3.91994781747919
40,"hetero","alt",4,"pvw_999",500,0,0,0,0.0466666666666667,0.00888888888888889,0.0372245263587152,0.000611557409110835,3.91994781747919
40,"hetero","alt",4,"pvt_999",500,0.142857142857143,7,0.12,0.0511111111111111,0.0133333333333333,0.0362296965752202,4.41870128566708e-05,3.91994781747919
40,"hetero","alt",4,"mm_999",500,0,0,0,0.0444444444444444,0.00888888888888889,0.148888888888889,0.000252114713306791,3.91994781747919
40,"hetero","alt",5,"ols",500,0.45,20,0.22,0.106666666666667,0.0377777777777778,0.0762442069092117,4.77001304368844e-07,3.70615685861852
40,"hetero","alt",5,"modt",500,0.45,20,0.22,0.102222222222222,0.04,0.0729134730223295,5.13705025945393e-07,3.70615685861852
40,"hetero","alt",5,"fl_199",500,0,0,0,0.0955555555555556,0.0266666666666667,0.0738888888888889,0.005,3.70615685861852
40,"hetero","alt",5,"fl_999",500,0.416666666666667,12,0.14,0.104444444444444,0.04,0.0745555555555555,0.001,3.70615685861852
40,"hetero","alt",5,"fl_9999",500,0.45,20,0.22,0.108888888888889,0.04,0.0762888888888889,1e-04,3.70615685861852
40,"hetero","alt",5,"pvw_199",500,0.4,15,0.18,0.104444444444444,0.0377777777777778,0.0902485345208725,1.2488994396623e-06,3.70615685861852
40,"hetero","alt",5,"pvt_199",500,0.533333333333333,30,0.28,0.117777777777778,0.0511111111111111,0.0987610143304766,5.91553803174939e-10,3.70615685861852
40,"hetero","alt",5,"mm_199",500,0.461538461538462,26,0.28,0.102222222222222,0.0444444444444444,0.08,2.09403986195886e-12,3.70615685861852
40,"hetero","alt",5,"pvw_999",500,0.4375,16,0.18,0.111111111111111,0.04,0.0839655929505595,7.81728852695365e-06,3.70615685861852
40,"hetero","alt",5,"pvt_999",500,0.482758620689655,29,0.3,0.117777777777778,0.0511111111111111,0.09366044916647,4.77851985294341e-10,3.70615685861852
40,"hetero","alt",5,"mm_999",500,0.421052631578947,19,0.22,0.106666666666667,0.0422222222222222,0.137777777777778,3.18035377530783e-09,3.70615685861852
40,"hetero","alt",6,"ols",500,0.461538461538462,13,0.14,0.144444444444444,0.0488888888888889,0.175758774229683,9.88044509729642e-07,4.04857729400913
40,"hetero","alt",6,"modt",500,0.533333333333333,15,0.14,0.146666666666667,0.0577777777777778,0.174643241002392,1.52931245481604e-06,4.04857729400913
40,"hetero","alt",6,"fl_199",500,0,0,0,0.135555555555556,0.0311111111111111,0.181111111111111,0.005,4.04857729400913
40,"hetero","alt",6,"fl_999",500,0.363636363636364,11,0.14,0.137777777777778,0.0488888888888889,0.171777777777778,0.001,4.04857729400913
40,"hetero","alt",6,"fl_9999",500,0.416666666666667,12,0.14,0.142222222222222,0.0488888888888889,0.175966666666667,1e-04,4.04857729400913
40,"hetero","alt",6,"pvw_199",500,0.2,5,0.08,0.144444444444444,0.0511111111111111,0.183662470023003,8.95241286038579e-06,4.04857729400913
40,"hetero","alt",6,"pvt_199",500,0.638888888888889,36,0.26,0.177777777777778,0.0777777777777778,0.191723163467295,3.2381916960295e-10,4.04857729400913
40,"hetero","alt",6,"mm_199",500,0.578947368421053,19,0.16,0.146666666666667,0.0711111111111111,0.168558343124704,8.36672939657231e-11,4.04857729400913
40,"hetero","alt",6,"pvw_999",500,0.444444444444444,9,0.1,0.14,0.0511111111111111,0.183650897885499,9.76390085611589e-06,4.04857729400913
40,"hetero","alt",6,"pvt_999",500,0.6,35,0.28,0.173333333333333,0.0711111111111111,0.191627757247736,4.92479586833715e-10,4.04857729400913
40,"hetero","alt",6,"mm_999",500,0.4,10,0.12,0.14,0.0555555555555556,0.184018186412542,6.56359267824752e-09,4.04857729400913
40,"hetero","alt",7,"ols",500,0.272727272727273,11,0.16,0.1,0.0288888888888889,0.111424304794477,2.02871613513305e-05,3.86969591423365
40,"hetero","alt",7,"modt",500,0.272727272727273,11,0.16,0.0955555555555556,0.0311111111111111,0.111685974088328,2.45299732712765e-05,3.86969591423365
40,"hetero","alt",7,"fl_199",500,0,0,0,0.0888888888888889,0.0177777777777778,0.0961111111111111,0.005,3.86969591423365
40,"hetero","alt",7,"fl_999",500,0,0,0,0.0977777777777778,0.0333333333333333,0.100666666666667,0.001,3.86969591423365
40,"hetero","alt",7,"fl_9999",500,0.333333333333333,12,0.16,0.1,0.0311111111111111,0.106888888888889,1e-04,3.86969591423365
40,"hetero","alt",7,"pvw_199",500,0,6,0.12,0.108888888888889,0.0288888888888889,0.116557546156342,8.72422552964517e-05,3.86969591423365
40,"hetero","alt",7,"pvt_199",500,0.428571428571429,28,0.32,0.135555555555556,0.0466666666666667,0.121336990233179,6.09200542652649e-07,3.86969591423365
40,"hetero","alt",7,"mm_199",500,0.315789473684211,19,0.26,0.0977777777777778,0.04,0.0915482083719848,3.9612669443098e-06,3.86969591423365
40,"hetero","alt",7,"pvw_999",500,0,2,0.04,0.108888888888889,0.0311111111111111,0.11532339042092,0.000107448762049908,3.86969591423365
40,"hetero","alt",7,"pvt_999",500,0.464285714285714,28,0.3,0.128888888888889,0.0422222222222222,0.121536670498988,5.08048335937413e-07,3.86969591423365
40,"hetero","alt",7,"mm_999",500,0.384615384615385,13,0.16,0.0955555555555556,0.0333333333333333,0.108888888888889,4.73279872089774e-06,3.86969591423365
40,"hetero","alt",8,"ols",500,0,1,0.02,0.0844444444444444,0.0177777777777778,0.0806400320909643,1.05501603216453e-06,3.65434726292989
40,"hetero","alt",8,"modt",500,0,1,0.02,0.0733333333333333,0.0177777777777778,0.0795234512152513,2.51893281422208e-06,3.65434726292989
40,"hetero","alt",8,"fl_199",500,0,0,0,0.0711111111111111,0.0111111111111111,0.0827777777777778,0.005,3.65434726292989
40,"hetero","alt",8,"fl_999",500,0,0,0,0.0822222222222222,0.0133333333333333,0.0811111111111111,0.001,3.65434726292989
40,"hetero","alt",8,"fl_9999",500,0,2,0.04,0.0844444444444444,0.0177777777777778,0.0791555555555556,1e-04,3.65434726292989
40,"hetero","alt",8,"pvw_199",500,0,1,0.02,0.0822222222222222,0.02,0.0898023454652708,1.41300646904119e-05,3.65434726292989
40,"hetero","alt",8,"pvt_199",500,0.466666666666667,15,0.16,0.106666666666667,0.0333333333333333,0.100124659820346,1.30236415267893e-10,3.65434726292989
40,"hetero","alt",8,"mm_199",500,0.454545454545455,11,0.12,0.0822222222222222,0.0177777777777778,0.08,2.89659949409502e-12,3.65434726292989
40,"hetero","alt",8,"pvw_999",500,0,1,0.02,0.08,0.0177777777777778,0.0892286223341559,2.66505889053479e-05,3.65434726292989
40,"hetero","alt",8,"pvt_999",500,0.545454545454545,11,0.1,0.104444444444444,0.0355555555555556,0.0969475361757257,3.77871100165956e-09,3.65434726292989
40,"hetero","alt",8,"mm_999",500,0.666666666666667,9,0.06,0.08,0.02,0.133333333333333,4.72839988407172e-09,3.65434726292989
40,"hetero","alt",9,"ols",500,0.444444444444444,18,0.2,0.122222222222222,0.0422222222222222,0.107567901477846,2.73271325289538e-07,3.91697843538395
40,"hetero","alt",9,"modt",500,0.411764705882353,17,0.2,0.12,0.0488888888888889,0.108030829026535,4.22381872651561e-07,3.91697843538395
40,"hetero","alt",9,"fl_199",500,0,0,0,0.124444444444444,0.0266666666666667,0.113888888888889,0.005,3.91697843538395
40,"hetero","alt",9,"fl_999",500,0,0,0,0.12,0.0466666666666667,0.110888888888889,0.001,3.91697843538395
40,"hetero","alt",9,"fl_9999",500,0.411764705882353,17,0.2,0.122222222222222,0.0444444444444444,0.107433333333333,1e-04,3.91697843538395
40,"hetero","alt",9,"pvw_199",500,0.333333333333333,12,0.16,0.135555555555556,0.0511111111111111,0.126147819681746,4.91892536010277e-06,3.91697843538395
40,"hetero","alt",9,"pvt_199",500,0.526315789473684,38,0.36,0.151111111111111,0.0644444444444444,0.135308603026854,7.87328351452295e-10,3.91697843538395
40,"hetero","alt",9,"mm_199",500,0.458333333333333,24,0.26,0.133333333333333,0.0622222222222222,0.117550678924929,1.65075077643992e-11,3.91697843538395
40,"hetero","alt",9,"pvw_999",500,0.307692307692308,13,0.18,0.126666666666667,0.0466666666666667,0.120265915679197,2.69565453508741e-06,3.91697843538395
40,"hetero","alt",9,"pvt_999",500,0.485714285714286,35,0.36,0.148888888888889,0.06,0.12790833855524,7.95547892528981e-11,3.91697843538395
40,"hetero","alt",9,"mm_999",500,0.375,16,0.2,0.124444444444444,0.0533333333333333,0.122222222222222,3.10875132996116e-11,3.91697843538395
40,"hetero","alt",10,"ols",500,0.2,10,0.16,0.117777777777778,0.0333333333333333,0.16040713048342,9.7621559190528e-05,3.70921393382597
40,"hetero","alt",10,"modt",500,0.2,10,0.16,0.122222222222222,0.0333333333333333,0.169087746795294,8.69641006522551e-05,3.70921393382597
40,"hetero","alt",10,"fl_199",500,0,0,0,0.115555555555556,0.0155555555555556,0.161111111111111,0.005,3.70921393382597
40,"hetero","alt",10,"fl_999",500,0,0,0,0.117777777777778,0.0333333333333333,0.156111111111111,0.001,3.70921393382597
40,"hetero","alt",10,"fl_9999",500,0.142857142857143,7,0.12,0.122222222222222,0.0333333333333333,0.162633333333333,1e-04,3.70921393382597
40,"hetero","alt",10,"pvw_199",500,0,0,0,0.128888888888889,0.0377777777777778,0.177533419175674,0.00015660053169184,3.70921393382597
40,"hetero","alt",10,"pvt_199",500,0.448275862068966,29,0.32,0.142222222222222,0.0555555555555556,0.180277579768308,3.6373827382351e-06,3.70921393382597
40,"hetero","alt",10,"mm_199",500,0.333333333333333,21,0.28,0.135555555555556,0.0422222222222222,0.145314994228238,1.28360649117983e-06,3.70921393382597
40,"hetero","alt",10,"pvw_999",500,0,0,0,0.128888888888889,0.0333333333333333,0.1739091653115,0.000295909459235808,3.70921393382597
40,"hetero","alt",10,"pvt_999",500,0.419354838709677,31,0.36,0.148888888888889,0.0511111111111111,0.179157926470368,7.09403093232101e-06,3.70921393382597
40,"hetero","alt",10,"mm_999",500,0,2,0.04,0.122222222222222,0.0355555555555556,0.170585221889812,2.72337814289326e-05,3.70921393382597
40,"hetero","alt",11,"ols",500,0.444444444444444,18,0.2,0.128888888888889,0.0533333333333333,0.159429251160559,7.03883686615707e-06,3.68944231483222
40,"hetero","alt",11,"modt",500,0.411764705882353,17,0.2,0.124444444444444,0.0511111111111111,0.160335496920091,4.41882777038548e-06,3.68944231483222
40,"hetero","alt",11,"fl_199",500,0,0,0,0.108888888888889,0.0311111111111111,0.165555555555556,0.005,3.68944231483222
40,"hetero","alt",11,"fl_999",500,0.416666666666667,12,0.14,0.122222222222222,0.0533333333333333,0.161111111111111,0.001,3.68944231483222
40,"hetero","alt",11,"fl_9999",500,0.444444444444444,18,0.2,0.126666666666667,0.0533333333333333,0.158255555555556,1e-04,3.68944231483222
40,"hetero","alt",11,"pvw_199",500,0.357142857142857,14,0.18,0.124444444444444,0.0488888888888889,0.175274206110323,2.16328233526998e-05,3.68944231483222
40,"hetero","alt",11,"pvt_199",500,0.555555555555556,36,0.32,0.144444444444444,0.0666666666666667,0.182809074260644,8.48547470171456e-08,3.68944231483222
40,"hetero","alt",11,"mm_199",500,0.428571428571429,21,0.24,0.12,0.0533333333333333,0.178183317062141,1.4536332656823e-06,3.68944231483222
40,"hetero","alt",11,"pvw_999",500,0.181818181818182,11,0.18,0.128888888888889,0.0533333333333333,0.174513676871216,2.68802191071017e-05,3.68944231483222
40,"hetero","alt",11,"pvt_999",500,0.605263157894737,38,0.3,0.146666666666667,0.0666666666666667,0.179286093801766,9.71764754485684e-08,3.68944231483222
40,"hetero","alt",11,"mm_999",500,0.476190476190476,21,0.22,0.126666666666667,0.0555555555555556,0.169411369817227,1.29277354129256e-06,3.68944231483222
40,"hetero","alt",12,"ols",500,0,3,0.06,0.111111111111111,0.0333333333333333,0.100507288148579,7.05650793090017e-06,3.78348643478358
40,"hetero","alt",12,"modt",500,0.428571428571429,7,0.08,0.108888888888889,0.0288888888888889,0.103203619630719,8.680978989833e-06,3.78348643478358
40,"hetero","alt",12,"fl_199",500,0,0,0,0.0933333333333333,0.02,0.102222222222222,0.005,3.78348643478358
40,"hetero","alt",12,"fl_999",500,0,0,0,0.108888888888889,0.0311111111111111,0.104666666666667,0.001,3.78348643478358
40,"hetero","alt",12,"fl_9999",500,0.25,4,0.06,0.108888888888889,0.0333333333333333,0.1007,1e-04,3.78348643478358
40,"hetero","alt",12,"pvw_199",500,0,3,0.06,0.113333333333333,0.0333333333333333,0.118954773292321,5.03314114005586e-05,3.78348643478358
40,"hetero","alt",12,"pvt_199",500,0.611111111111111,18,0.14,0.133333333333333,0.0488888888888889,0.12730718113388,2.5617634869939e-07,3.78348643478358
40,"hetero","alt",12,"mm_199",500,0.666666666666667,12,0.08,0.115555555555556,0.0333333333333333,0.108442849269964,7.62980927417837e-07,3.78348643478358
40,"hetero","alt",12,"pvw_999",500,0,1,0.02,0.117777777777778,0.0266666666666667,0.114394918756119,2.05483566551954e-05,3.78348643478358
40,"hetero","alt",12,"pvt_999",500,0.578947368421053,19,0.16,0.131111111111111,0.0533333333333333,0.125712785905802,4.30644984606921e-08,3.78348643478358
40,"hetero","alt",12,"mm_999",500,0.25,4,0.06,0.108888888888889,0.0288888888888889,0.14,1.02332236633121e-07,3.78348643478358
40,"hetero","alt",13,"ols",500,0.166666666666667,6,0.1,0.102222222222222,0.0222222222222222,0.107625039952571,1.68694922536634e-06,3.53475439654263
40,"hetero","alt",13,"modt",500,0.166666666666667,6,0.1,0.102222222222222,0.0244444444444444,0.112243769565874,8.73894458122342e-07,3.53475439654263
40,"hetero","alt",13,"fl_199",500,0,0,0,0.0844444444444444,0.00888888888888889,0.105,0.005,3.53475439654263
40,"hetero","alt",13,"fl_999",500,0.3,10,0.14,0.102222222222222,0.02,0.106,0.001,3.53475439654263
40,"hetero","alt",13,"fl_9999",500,0.333333333333333,9,0.12,0.102222222222222,0.02,0.108888888888889,1e-04,3.53475439654263
40,"hetero","alt",13,"pvw_199",500,0,3,0.06,0.1,0.0155555555555556,0.127825084589994,4.1019065829766e-05,3.53475439654263
40,"hetero","alt",13,"pvt_199",500,0.375,16,0.2,0.117777777777778,0.0355555555555556,0.134892886672339,1.78999588991457e-09,3.53475439654263
40,"hetero","alt",13,"mm_199",500,0.333333333333333,12,0.16,0.102222222222222,0.0244444444444444,0.10564516122221,1.97111064262903e-08,3.53475439654263
40,"hetero","alt",13,"pvw_999",500,0.2,5,0.08,0.108888888888889,0.0177777777777778,0.117963257033181,1.50342417843321e-05,3.53475439654263
40,"hetero","alt",13,"pvt_999",500,0.352941176470588,17,0.22,0.122222222222222,0.0355555555555556,0.124898074062996,3.91230705818913e-09,3.53475439654263
40,"hetero","alt",13,"mm_999",500,0.3,10,0.14,0.104444444444444,0.02,0.126107330932854,6.17569019030522e-07,3.53475439654263
40,"hetero","alt",14,"ols",500,0.6875,16,0.1,0.142222222222222,0.0666666666666667,0.14907648366347,1.38145810751526e-06,3.991841128608
40,"hetero","alt",14,"modt",500,0.666666666666667,18,0.12,0.151111111111111,0.0666666666666667,0.150379811998091,4.70520710788154e-07,3.991841128608
40,"hetero","alt",14,"fl_199",500,0,0,0,0.131111111111111,0.0444444444444444,0.150555555555556,0.005,3.991841128608
40,"hetero","alt",14,"fl_999",500,0.75,12,0.06,0.135555555555556,0.0644444444444444,0.148333333333333,0.001,3.991841128608
40,"hetero","alt",14,"fl_9999",500,0.769230769230769,13,0.06,0.14,0.0666666666666667,0.148477777777778,1e-04,3.991841128608
40,"hetero","alt",14,"pvw_199",500,0.692307692307692,13,0.08,0.144444444444444,0.0688888888888889,0.160832233333946,1.72623256053512e-05,3.991841128608
40,"hetero","alt",14,"pvt_199",500,0.673913043478261,46,0.3,0.18,0.08,0.173038939258471,8.08037011517315e-09,3.991841128608
40,"hetero","alt",14,"mm_199",500,0.65625,32,0.22,0.144444444444444,0.0711111111111111,0.153320736688293,4.20328205693628e-09,3.991841128608
40,"hetero","alt",14,"pvw_999",500,0.727272727272727,11,0.06,0.148888888888889,0.0666666666666667,0.155475990801144,1.4739783377623e-05,3.991841128608
40,"hetero","alt",14,"pvt_999",500,0.674418604651163,43,0.28,0.18,0.0777777777777778,0.165316361578469,6.45308508354681e-09,3.991841128608
40,"hetero","alt",14,"mm_999",500,0.727272727272727,22,0.12,0.142222222222222,0.0688888888888889,0.152967054265269,2.3967385920084e-06,3.991841128608
40,"hetero","alt",15,"ols",500,0,0,0,0.0955555555555556,0.0288888888888889,0.114656309293239,0.000551297611388118,4.20527076667337
40,"hetero","alt",15,"modt",500,0,0,0,0.0955555555555556,0.0266666666666667,0.110155569621738,0.000512051778594986,4.20527076667337
40,"hetero","alt",15,"fl_199",500,0,0,0,0.0866666666666667,0.0111111111111111,0.109444444444444,0.005,4.20527076667337
40,"hetero","alt",15,"fl_999",500,0,0,0,0.0933333333333333,0.0222222222222222,0.115,0.001,4.20527076667337
40,"hetero","alt",15,"fl_9999",500,0,0,0,0.0911111111111111,0.0288888888888889,0.114722222222222,4e-04,4.20527076667337
40,"hetero","alt",15,"pvw_199",500,0,0,0,0.0955555555555556,0.0244444444444444,0.12534892200279,0.00082668638282729,4.20527076667337
40,"hetero","alt",15,"pvt_199",500,0.444444444444444,18,0.2,0.117777777777778,0.0488888888888889,0.13307704382009,4.47391209133596e-05,4.20527076667337
40,"hetero","alt",15,"mm_199",500,0.285714285714286,14,0.2,0.0955555555555556,0.0288888888888889,0.101563194672371,3.40654450506493e-05,4.20527076667337
40,"hetero","alt",15,"pvw_999",500,0,0,0,0.0933333333333333,0.0244444444444444,0.127337206559813,0.000904025388454387,4.20527076667337
40,"hetero","alt",15,"pvt_999",500,0.470588235294118,17,0.18,0.113333333333333,0.0444444444444444,0.133899038210231,0.00011359928418149,4.20527076667337
40,"hetero","alt",15,"mm_999",500,0,0,0,0.0933333333333333,0.0266666666666667,0.124309663751563,0.000182712867942647,4.20527076667337
100,"hetero","alt",1,"ols",500,0.333333333333333,45,0.6,0.128888888888889,0.04,0.101238805409056,3.83541024982451e-09,3.92296026604962
100,"hetero","alt",1,"modt",500,0.285714285714286,42,0.6,0.135555555555556,0.0444444444444444,0.104248189403039,4.23313038698005e-09,3.92296026604962
100,"hetero","alt",1,"fl_199",500,0,0,0,0.111111111111111,0.02,0.103888888888889,0.005,3.92296026604962
100,"hetero","alt",1,"fl_999",500,0.292682926829268,41,0.58,0.126666666666667,0.04,0.0993333333333333,0.001,3.92296026604962
100,"hetero","alt",1,"fl_9999",500,0.311111111111111,45,0.62,0.128888888888889,0.0444444444444444,0.102111111111111,1e-04,3.92296026604962
100,"hetero","alt",1,"pvw_199",500,0.27027027027027,37,0.54,0.124444444444444,0.0444444444444444,0.111366644599224,9.34252147634061e-07,3.92296026604962
100,"hetero","alt",1,"pvt_199",500,0.372549019607843,51,0.64,0.133333333333333,0.0488888888888889,0.117464542579974,1.58425729543561e-09,3.92296026604962
100,"hetero","alt",1,"mm_199",500,0.32,50,0.68,0.126666666666667,0.0422222222222222,0.105428300315353,8.84343380827808e-09,3.92296026604962
100,"hetero","alt",1,"pvw_999",500,0.275,40,0.58,0.128888888888889,0.0422222222222222,0.105020458306436,8.32327237746851e-08,3.92296026604962
100,"hetero","alt",1,"pvt_999",500,0.346938775510204,49,0.64,0.137777777777778,0.0488888888888889,0.108254520092202,2.57422886060926e-11,3.92296026604962
100,"hetero","alt",1,"mm_999",500,0.285714285714286,42,0.6,0.131111111111111,0.0422222222222222,0.0978025873779128,4.82027726512025e-10,3.92296026604962
100,"hetero","alt",2,"ols",500,0.0357142857142857,28,0.54,0.0733333333333333,0.0266666666666667,0.0314184474597943,1.77128977800208e-06,3.6580662312147
100,"hetero","alt",2,"modt",500,0.037037037037037,27,0.52,0.0755555555555556,0.0222222222222222,0.0334885809048284,1.2854895466802e-06,3.6580662312147
100,"hetero","alt",2,"fl_199",500,0,0,0,0.0666666666666667,0.0155555555555556,0.0361111111111111,0.005,3.6580662312147
100,"hetero","alt",2,"fl_999",500,0.1,30,0.54,0.0644444444444444,0.0266666666666667,0.0312222222222222,0.001,3.6580662312147
100,"hetero","alt",2,"fl_9999",500,0.0357142857142857,28,0.54,0.0711111111111111,0.0266666666666667,0.0306333333333333,1e-04,3.6580662312147
100,"hetero","alt",2,"pvw_199",500,0.0689655172413793,29,0.54,0.0777777777777778,0.0244444444444444,0.0388103590520821,1.95114598683755e-06,3.6580662312147
100,"hetero","alt",2,"pvt_199",500,0.121212121212121,33,0.58,0.08,0.0355555555555556,0.0405119865079559,3.78390072210234e-07,3.6580662312147
100,"hetero","alt",2,"mm_199",500,0.171428571428571,35,0.58,0.0822222222222222,0.0333333333333333,0.0922052721724533,1.25756027900103e-07,3.6580662312147
100,"hetero","alt",2,"pvw_999",500,0.0357142857142857,28,0.54,0.0688888888888889,0.0266666666666667,0.0346997916503272,4.87875801596439e-06,3.6580662312147
100,"hetero","alt",2,"pvt_999",500,0.125,32,0.56,0.0733333333333333,0.0311111111111111,0.0374760413931853,1.28110312177655e-07,3.6580662312147
100,"hetero","alt",2,"mm_999",500,0.0689655172413793,29,0.54,0.0666666666666667,0.0311111111111111,0.0844444444444444,3.9645329175517e-07,3.6580662312147
100,"hetero","alt",3,"ols",500,0.111111111111111,36,0.64,0.0777777777777778,0.0177777777777778,0.0899733724909475,1.88037077151067e-07,3.64546073780203
100,"hetero","alt",3,"modt",500,0.108108108108108,37,0.66,0.0777777777777778,0.0177777777777778,0.0880066272195354,1.41539666098043e-07,3.64546073780203
100,"hetero","alt",3,"fl_199",500,0,0,0,0.0755555555555556,0.0111111111111111,0.0916666666666667,0.005,3.64546073780203
100,"hetero","alt",3,"fl_999",500,0.125,32,0.56,0.0755555555555556,0.0155555555555556,0.0927777777777778,0.001,3.64546073780203
100,"hetero","alt",3,"fl_9999",500,0.0882352941176471,34,0.62,0.0755555555555556,0.02,0.0907888888888889,1e-04,3.64546073780203
100,"hetero","alt",3,"pvw_199",500,0.128205128205128,39,0.68,0.0844444444444444,0.0222222222222222,0.0921989808292834,9.09862128858328e-08,3.64546073780203
100,"hetero","alt",3,"pvt_199",500,0.146341463414634,41,0.7,0.0888888888888889,0.0288888888888889,0.0952890379959068,1.26585083326117e-09,3.64546073780203
100,"hetero","alt",3,"mm_199",500,0.153846153846154,39,0.66,0.0866666666666667,0.0244444444444444,0.0918975599523165,6.39053196916777e-11,3.64546073780203
100,"hetero","alt",3,"pvw_999",500,0.108108108108108,37,0.66,0.08,0.0177777777777778,0.0964533791120368,5.39159888895936e-07,3.64546073780203
100,"hetero","alt",3,"pvt_999",500,0.15,40,0.68,0.0822222222222222,0.02,0.100130924053995,6.36841609068658e-09,3.64546073780203
100,"hetero","alt",3,"mm_999",500,0.0882352941176471,34,0.62,0.0777777777777778,0.0177777777777778,0.0978576108285915,1.92750693465375e-08,3.64546073780203
100,"hetero","alt",4,"ols",500,0.321428571428571,56,0.76,0.111111111111111,0.0511111111111111,0.12173541456576,1.70369692921343e-09,4.08291142574849
100,"hetero","alt",4,"modt",500,0.327586206896552,58,0.78,0.113333333333333,0.0511111111111111,0.119224389639861,2.111252886584e-09,4.08291142574849
100,"hetero","alt",4,"fl_199",500,0,0,0,0.106666666666667,0.02,0.115,0.005,4.08291142574849
100,"hetero","alt",4,"fl_999",500,0.235294117647059,51,0.78,0.111111111111111,0.0466666666666667,0.116222222222222,0.001,4.08291142574849
100,"hetero","alt",4,"fl_9999",500,0.333333333333333,60,0.8,0.111111111111111,0.0511111111111111,0.118122222222222,1e-04,4.08291142574849
100,"hetero","alt",4,"pvw_199",500,0.254901960784314,51,0.76,0.113333333333333,0.0511111111111111,0.1224952498707,2.28670058502097e-08,4.08291142574849
100,"hetero","alt",4,"pvt_199",500,0.333333333333333,60,0.8,0.115555555555556,0.0533333333333333,0.127330541453265,2.39970803499746e-12,4.08291142574849
100,"hetero","alt",4,"mm_199",500,0.310344827586207,58,0.8,0.117777777777778,0.06,0.11099087360494,1.31526316430157e-10,4.08291142574849
100,"hetero","alt",4,"pvw_999",500,0.283018867924528,53,0.76,0.113333333333333,0.0511111111111111,0.124804020069138,2.58096882773582e-08,4.08291142574849
100,"hetero","alt",4,"pvt_999",500,0.344262295081967,61,0.8,0.117777777777778,0.0533333333333333,0.128692682017416,6.45567364900149e-12,4.08291142574849
100,"hetero","alt",4,"mm_999",500,0.315789473684211,57,0.78,0.113333333333333,0.0511111111111111,0.112201658535325,1.02537990107968e-09,4.08291142574849
100,"hetero","alt",5,"ols",500,0.166666666666667,36,0.6,0.08,0.0244444444444444,0.0815296560249823,9.80161610032417e-11,4.14970375033159
100,"hetero","alt",5,"modt",500,0.184210526315789,38,0.62,0.0844444444444444,0.0222222222222222,0.0781806959374514,5.86442827697963e-11,4.14970375033159
100,"hetero","alt",5,"fl_199",500,0,0,0,0.0777777777777778,0.00888888888888889,0.0711111111111111,0.005,4.14970375033159
100,"hetero","alt",5,"fl_999",500,0.114285714285714,35,0.62,0.0866666666666667,0.02,0.0717777777777778,0.001,4.14970375033159
100,"hetero","alt",5,"fl_9999",500,0.166666666666667,36,0.6,0.08,0.0222222222222222,0.0796333333333333,1e-04,4.14970375033159
100,"hetero","alt",5,"pvw_199",500,0.142857142857143,35,0.6,0.0866666666666667,0.0222222222222222,0.0783280859377696,2.41576027025336e-08,4.14970375033159
100,"hetero","alt",5,"pvt_199",500,0.2,40,0.64,0.0933333333333333,0.0311111111111111,0.0811412999803074,1.10820795842259e-12,4.14970375033159
100,"hetero","alt",5,"mm_199",500,0.157894736842105,38,0.64,0.0911111111111111,0.0244444444444444,0.0880601029311325,8.52483720635111e-15,4.14970375033159
100,"hetero","alt",5,"pvw_999",500,0.184210526315789,38,0.62,0.0866666666666667,0.0222222222222222,0.0801671157702234,4.25988671432973e-09,4.14970375033159
100,"hetero","alt",5,"pvt_999",500,0.195121951219512,41,0.66,0.0888888888888889,0.0266666666666667,0.0825351812052616,6.59075513943918e-14,4.14970375033159
100,"hetero","alt",5,"mm_999",500,0.175,40,0.66,0.0844444444444444,0.0244444444444444,0.077115192819944,8.1991481821859e-13,4.14970375033159
100,"hetero","alt",6,"ols",500,0.3125,48,0.66,0.113333333333333,0.04,0.0966763700170896,7.77432356515885e-07,4.03488053590525
100,"hetero","alt",6,"modt",500,0.297872340425532,47,0.66,0.115555555555556,0.04,0.0994872467026647,5.13914957223381e-07,4.03488053590525
100,"hetero","alt",6,"fl_199",500,0,0,0,0.108888888888889,0.0288888888888889,0.0966666666666666,0.005,4.03488053590525
100,"hetero","alt",6,"fl_999",500,0.219512195121951,41,0.64,0.117777777777778,0.0422222222222222,0.0968888888888889,0.001,4.03488053590525
100,"hetero","alt",6,"fl_9999",500,0.297872340425532,47,0.66,0.113333333333333,0.0422222222222222,0.0933,1e-04,4.03488053590525
100,"hetero","alt",6,"pvw_199",500,0.28,50,0.72,0.113333333333333,0.0444444444444444,0.100157275891027,5.02285841619671e-06,4.03488053590525
100,"hetero","alt",6,"pvt_199",500,0.321428571428571,56,0.76,0.122222222222222,0.0466666666666667,0.106461974963799,4.22159682480795e-07,4.03488053590525
100,"hetero","alt",6,"mm_199",500,0.307692307692308,52,0.72,0.117777777777778,0.0533333333333333,0.099735124969621,2.00445865233284e-08,4.03488053590525
100,"hetero","alt",6,"pvw_999",500,0.297872340425532,47,0.66,0.117777777777778,0.04,0.100024149865062,3.37574668042232e-06,4.03488053590525
100,"hetero","alt",6,"pvt_999",500,0.321428571428571,56,0.76,0.117777777777778,0.0466666666666667,0.101636624825736,8.44374696893262e-08,4.03488053590525
100,"hetero","alt",6,"mm_999",500,0.339622641509434,53,0.7,0.117777777777778,0.0444444444444444,0.106119906712349,1.31927240095424e-07,4.03488053590525
100,"hetero","alt",7,"ols",500,0.121951219512195,41,0.72,0.104444444444444,0.0222222222222222,0.126846371486263,2.66248767010155e-08,3.82906466851822
100,"hetero","alt",7,"modt",500,0.121951219512195,41,0.72,0.108888888888889,0.0222222222222222,0.127179865452164,2.12376836868358e-08,3.82906466851822
100,"hetero","alt",7,"fl_199",500,0,0,0,0.102222222222222,0.0155555555555556,0.122777777777778,0.005,3.82906466851822
100,"hetero","alt",7,"fl_999",500,0.146341463414634,41,0.7,0.104444444444444,0.0177777777777778,0.132333333333333,0.001,3.82906466851822
100,"hetero","alt",7,"fl_9999",500,0.121951219512195,41,0.72,0.102222222222222,0.0222222222222222,0.131133333333333,1e-04,3.82906466851822
100,"hetero","alt",7,"pvw_199",500,0.135135135135135,37,0.64,0.111111111111111,0.0244444444444444,0.133983724003016,3.25165883117038e-07,3.82906466851822
100,"hetero","alt",7,"pvt_199",500,0.177777777777778,45,0.74,0.12,0.0333333333333333,0.135982514259932,3.30571563092711e-10,3.82906466851822
100,"hetero","alt",7,"mm_199",500,0.204545454545455,44,0.7,0.106666666666667,0.0266666666666667,0.122271605872934,1.22510487282405e-12,3.82906466851822
100,"hetero","alt",7,"pvw_999",500,0.128205128205128,39,0.68,0.106666666666667,0.0222222222222222,0.14064707387908,3.16317141929133e-07,3.82906466851822
100,"hetero","alt",7,"pvt_999",500,0.159090909090909,44,0.74,0.113333333333333,0.0311111111111111,0.142339744435266,5.11196134617864e-10,3.82906466851822
100,"hetero","alt",7,"mm_999",500,0.179487179487179,39,0.64,0.102222222222222,0.0266666666666667,0.130983809827637,2.40849730318812e-08,3.82906466851822
100,"hetero","alt",8,"ols",500,0.111111111111111,27,0.48,0.0622222222222222,0.0133333333333333,0.0374664444846094,1.4252965109375e-09,4.40043354470273
100,"hetero","alt",8,"modt",500,0.137931034482759,29,0.5,0.0577777777777778,0.0133333333333333,0.0391944575263163,6.67823911875635e-09,4.40043354470273
100,"hetero","alt",8,"fl_199",500,0,0,0,0.0533333333333333,0.00888888888888889,0.0361111111111111,0.005,4.40043354470273
100,"hetero","alt",8,"fl_999",500,0.0869565217391304,23,0.42,0.0577777777777778,0.0133333333333333,0.0398888888888889,0.001,4.40043354470273
100,"hetero","alt",8,"fl_9999",500,0.142857142857143,28,0.48,0.0622222222222222,0.0133333333333333,0.0397111111111111,1e-04,4.40043354470273
100,"hetero","alt",8,"pvw_199",500,0.0833333333333333,24,0.44,0.0622222222222222,0.0133333333333333,0.0482346714281065,1.16024998149156e-07,4.40043354470273
100,"hetero","alt",8,"pvt_199",500,0.15625,32,0.54,0.0688888888888889,0.0177777777777778,0.0492904263199902,4.85777344871399e-11,4.40043354470273
100,"hetero","alt",8,"mm_199",500,0.133333333333333,30,0.52,0.0666666666666667,0.0222222222222222,0.119448182373511,6.57319293933075e-12,4.40043354470273
100,"hetero","alt",8,"pvw_999",500,0.148148148148148,27,0.46,0.0622222222222222,0.0133333333333333,0.0483656495658812,3.87855826050269e-08,4.40043354470273
100,"hetero","alt",8,"pvt_999",500,0.147058823529412,34,0.58,0.0688888888888889,0.0155555555555556,0.0510931829665949,1.35558831112485e-11,4.40043354470273
100,"hetero","alt",8,"mm_999",500,0.172413793103448,29,0.48,0.0644444444444444,0.0133333333333333,0.0600000000000001,1.93067129729545e-11,4.40043354470273
100,"hetero","alt",9,"ols",500,0.2,30,0.48,0.0777777777777778,0.0311111111111111,0.0785383585686693,1.85736595763972e-07,3.79384517923065
100,"hetero","alt",9,"modt",500,0.161290322580645,31,0.52,0.08,0.0333333333333333,0.0801149516689041,1.76302506955883e-07,3.79384517923065
100,"hetero","alt",9,"fl_199",500,0,0,0,0.0644444444444444,0.02,0.0877777777777777,0.005,3.79384517923065
100,"hetero","alt",9,"fl_999",500,0.2,25,0.4,0.0733333333333333,0.0333333333333333,0.0802222222222222,0.001,3.79384517923065
100,"hetero","alt",9,"fl_9999",500,0.193548387096774,31,0.5,0.0777777777777778,0.0288888888888889,0.0804111111111111,1e-04,3.79384517923065
100,"hetero","alt",9,"pvw_199",500,0.15625,32,0.54,0.0711111111111111,0.0288888888888889,0.0877293789632205,8.96211187768746e-07,3.79384517923065
100,"hetero","alt",9,"pvt_199",500,0.194444444444444,36,0.58,0.0711111111111111,0.0311111111111111,0.0903733249986401,1.77043324924861e-08,3.79384517923065
100,"hetero","alt",9,"mm_199",500,0.147058823529412,34,0.58,0.0688888888888889,0.0355555555555556,0.110448825960263,3.06348804531398e-09,3.79384517923065
100,"hetero","alt",9,"pvw_999",500,0.142857142857143,28,0.48,0.0777777777777778,0.0311111111111111,0.0842960080078772,8.28553951235491e-07,3.79384517923065
100,"hetero","alt",9,"pvt_999",500,0.225,40,0.62,0.08,0.0333333333333333,0.0901784838857734,1.46332595847327e-08,3.79384517923065
100,"hetero","alt",9,"mm_999",500,0.228571428571429,35,0.54,0.0755555555555556,0.0311111111111111,0.0815139403242287,7.97428664281029e-09,3.79384517923065
100,"hetero","alt",10,"ols",500,0.114285714285714,35,0.62,0.108888888888889,0.0311111111111111,0.101040017796747,1.30912963129146e-07,3.63680426583929
100,"hetero","alt",10,"modt",500,0.162162162162162,37,0.62,0.108888888888889,0.0311111111111111,0.0994766069625703,1.23988733547793e-07,3.63680426583929
100,"hetero","alt",10,"fl_199",500,0,0,0,0.0955555555555556,0.00888888888888889,0.100555555555556,0.005,3.63680426583929
100,"hetero","alt",10,"fl_999",500,0.0967741935483871,31,0.56,0.102222222222222,0.0266666666666667,0.0974444444444445,0.001,3.63680426583929
100,"hetero","alt",10,"fl_9999",500,0.138888888888889,36,0.62,0.104444444444444,0.0333333333333333,0.0995666666666667,1e-04,3.63680426583929
100,"hetero","alt",10,"pvw_199",500,0.0909090909090909,33,0.6,0.1,0.0333333333333333,0.104197026810467,1.1351446693442e-07,3.63680426583929
100,"hetero","alt",10,"pvt_199",500,0.2,40,0.64,0.111111111111111,0.04,0.106921957720424,2.02861024271148e-09,3.63680426583929
100,"hetero","alt",10,"mm_199",500,0.138888888888889,36,0.62,0.104444444444444,0.0311111111111111,0.120680469411556,2.24493624362845e-09,3.63680426583929
100,"hetero","alt",10,"pvw_999",500,0.138888888888889,36,0.62,0.106666666666667,0.0311111111111111,0.102027071349084,1.06173531809337e-06,3.63680426583929
100,"hetero","alt",10,"pvt_999",500,0.225,40,0.62,0.111111111111111,0.0422222222222222,0.106822167914253,2.01525322639377e-08,3.63680426583929
100,"hetero","alt",10,"mm_999",500,0.114285714285714,35,0.62,0.106666666666667,0.0355555555555556,0.0979228190466281,2.02055601927013e-08,3.63680426583929
100,"hetero","alt",11,"ols",500,0.146341463414634,41,0.7,0.104444444444444,0.0244444444444444,0.12080209293966,6.89151759598601e-08,3.76189704760849
100,"hetero","alt",11,"modt",500,0.146341463414634,41,0.7,0.108888888888889,0.0244444444444444,0.120287799959566,6.48507018717948e-08,3.76189704760849
100,"hetero","alt",11,"fl_199",500,0,0,0,0.0955555555555556,0.0133333333333333,0.115555555555556,0.005,3.76189704760849
100,"hetero","alt",11,"fl_999",500,0.195121951219512,41,0.66,0.104444444444444,0.0244444444444444,0.116,0.001,3.76189704760849
100,"hetero","alt",11,"fl_9999",500,0.15,40,0.68,0.104444444444444,0.0266666666666667,0.116544444444444,1e-04,3.76189704760849
100,"hetero","alt",11,"pvw_199",500,0.175,40,0.66,0.122222222222222,0.0266666666666667,0.123716917713801,6.84300383218312e-07,3.76189704760849
100,"hetero","alt",11,"pvt_199",500,0.2,45,0.72,0.124444444444444,0.0377777777777778,0.123949540925917,4.49759899712952e-09,3.76189704760849
100,"hetero","alt",11,"mm_199",500,0.209302325581395,43,0.68,0.113333333333333,0.0333333333333333,0.123480830646029,1.30380916973436e-09,3.76189704760849
100,"hetero","alt",11,"pvw_999",500,0.153846153846154,39,0.66,0.104444444444444,0.0244444444444444,0.123314494870116,4.43399893174341e-07,3.76189704760849
100,"hetero","alt",11,"pvt_999",500,0.181818181818182,44,0.72,0.106666666666667,0.0288888888888889,0.125949623597701,5.03425030273738e-09,3.76189704760849
100,"hetero","alt",11,"mm_999",500,0.170731707317073,41,0.68,0.102222222222222,0.0311111111111111,0.117643478377042,1.56556926061462e-08,3.76189704760849
100,"hetero","alt",12,"ols",500,0,23,0.46,0.0644444444444444,0.0155555555555556,0.0751925187781011,2.20292947718063e-06,3.87637797531586
100,"hetero","alt",12,"modt",500,0,24,0.48,0.0666666666666667,0.02,0.0749125496707207,1.67660982825206e-06,3.87637797531586
100,"hetero","alt",12,"fl_199",500,0,0,0,0.0622222222222222,0.00444444444444444,0.0727777777777778,0.005,3.87637797531586
100,"hetero","alt",12,"fl_999",500,0,20,0.4,0.0688888888888889,0.02,0.0728888888888889,0.001,3.87637797531586
100,"hetero","alt",12,"fl_9999",500,0,21,0.42,0.0644444444444444,0.0177777777777778,0.0772444444444444,1e-04,3.87637797531586
100,"hetero","alt",12,"pvw_199",500,0,23,0.46,0.0688888888888889,0.0177777777777778,0.0840517697417306,3.71796058794201e-06,3.87637797531586
100,"hetero","alt",12,"pvt_199",500,0.0333333333333333,30,0.58,0.0777777777777778,0.0222222222222222,0.0863698740477828,1.07546781653483e-07,3.87637797531586
100,"hetero","alt",12,"mm_199",500,0.0666666666666667,30,0.56,0.0711111111111111,0.0222222222222222,0.0852212226645745,6.80300145190865e-10,3.87637797531586
100,"hetero","alt",12,"pvw_999",500,0,21,0.42,0.0688888888888889,0.0177777777777778,0.0849468312354684,4.2240867763645e-06,3.87637797531586
100,"hetero","alt",12,"pvt_999",500,0.0344827586206897,29,0.56,0.08,0.0222222222222222,0.087001079961385,2.24317843306593e-07,3.87637797531586
100,"hetero","alt",12,"mm_999",500,0,28,0.56,0.0711111111111111,0.0177777777777778,0.0955555555555555,4.71446463018702e-08,3.87637797531586
100,"hetero","alt",13,"ols",500,0.0416666666666667,24,0.46,0.0622222222222222,0.0155555555555556,0.0341334005968672,1.68298556004355e-10,4.18682190594445
100,"hetero","alt",13,"modt",500,0.0416666666666667,24,0.46,0.0622222222222222,0.0155555555555556,0.033812873353952,1.70090872671596e-10,4.18682190594445
100,"hetero","alt",13,"fl_199",500,0,0,0,0.0488888888888889,0.00888888888888889,0.0388888888888889,0.005,4.18682190594445
100,"hetero","alt",13,"fl_999",500,0.0476190476190476,21,0.4,0.0577777777777778,0.0155555555555556,0.0384444444444444,0.001,4.18682190594445
100,"hetero","alt",13,"fl_9999",500,0.0416666666666667,24,0.46,0.0622222222222222,0.0155555555555556,0.0369222222222222,1e-04,4.18682190594445
100,"hetero","alt",13,"pvw_199",500,0.0769230769230769,26,0.48,0.0555555555555556,0.0155555555555556,0.0344408716395996,9.28563680240558e-09,4.18682190594445
100,"hetero","alt",13,"pvt_199",500,0.151515151515152,33,0.56,0.0644444444444444,0.0177777777777778,0.0340601568641615,4.53535313460208e-14,4.18682190594445
100,"hetero","alt",13,"mm_199",500,0.176470588235294,34,0.56,0.06,0.0155555555555556,0.0899376551147827,1.31295523883052e-16,4.18682190594445
100,"hetero","alt",13,"pvw_999",500,0.0416666666666667,24,0.46,0.06,0.0133333333333333,0.0334334895749826,2.1139330998436e-08,4.18682190594445
100,"hetero","alt",13,"pvt_999",500,0.0967741935483871,31,0.56,0.0622222222222222,0.0155555555555556,0.0351119977646002,2.59803210498588e-12,4.18682190594445
100,"hetero","alt",13,"mm_999",500,0.0384615384615385,26,0.5,0.06,0.0155555555555556,0.0955555555555555,2.43038861729973e-11,4.18682190594445
100,"hetero","alt",14,"ols",500,0.1875,32,0.52,0.102222222222222,0.0377777777777778,0.0861506910200423,1.14326310423419e-07,4.01709816109069
100,"hetero","alt",14,"modt",500,0.1875,32,0.52,0.102222222222222,0.0355555555555556,0.0836938456801718,1.76891503363779e-07,4.01709816109069
100,"hetero","alt",14,"fl_199",500,0,0,0,0.0911111111111111,0.0133333333333333,0.0822222222222222,0.005,4.01709816109069
100,"hetero","alt",14,"fl_999",500,0.166666666666667,30,0.5,0.102222222222222,0.0311111111111111,0.0865555555555556,0.001,4.01709816109069
100,"hetero","alt",14,"fl_9999",500,0.15625,32,0.54,0.1,0.0377777777777778,0.0862555555555556,1e-04,4.01709816109069
100,"hetero","alt",14,"pvw_199",500,0.115384615384615,26,0.46,0.1,0.0377777777777778,0.0927111872218655,1.7741987020122e-07,4.01709816109069
100,"hetero","alt",14,"pvt_199",500,0.2,35,0.56,0.106666666666667,0.0377777777777778,0.0959182665716526,2.38694199279457e-09,4.01709816109069
100,"hetero","alt",14,"mm_199",500,0.30952380952381,42,0.58,0.0977777777777778,0.04,0.119414364320843,3.37393471033589e-11,4.01709816109069
100,"hetero","alt",14,"pvw_999",500,0.166666666666667,30,0.5,0.106666666666667,0.0355555555555556,0.0912380782341112,3.04168750580581e-07,4.01709816109069
100,"hetero","alt",14,"pvt_999",500,0.236842105263158,38,0.58,0.106666666666667,0.0422222222222222,0.0914304613198997,3.83989247824384e-09,4.01709816109069
100,"hetero","alt",14,"mm_999",500,0.228571428571429,35,0.54,0.104444444444444,0.04,0.0800890355251455,3.79749697240509e-11,4.01709816109069
100,"hetero","alt",15,"ols",500,0.26530612244898,49,0.72,0.113333333333333,0.04,0.164397238234161,1.35184679209463e-09,3.53395331967097
100,"hetero","alt",15,"modt",500,0.270833333333333,48,0.7,0.113333333333333,0.04,0.16598349754725,7.00961303986433e-10,3.53395331967097
100,"hetero","alt",15,"fl_199",500,0,0,0,0.106666666666667,0.0244444444444444,0.15,0.005,3.53395331967097
100,"hetero","alt",15,"fl_999",500,0.255813953488372,43,0.64,0.113333333333333,0.0355555555555556,0.157888888888889,0.001,3.53395331967097
100,"hetero","alt",15,"fl_9999",500,0.270833333333333,48,0.7,0.111111111111111,0.0355555555555556,0.164244444444444,1e-04,3.53395331967097
100,"hetero","alt",15,"pvw_199",500,0.239130434782609,46,0.7,0.12,0.0355555555555556,0.161664310283853,7.8191172974823e-09,3.53395331967097
100,"hetero","alt",15,"pvt_199",500,0.283018867924528,53,0.76,0.128888888888889,0.04,0.165972945670967,1.63023436393324e-12,3.53395331967097
100,"hetero","alt",15,"mm_199",500,0.290909090909091,55,0.78,0.122222222222222,0.0488888888888889,0.150772565386201,6.15250183841823e-09,3.53395331967097
100,"hetero","alt",15,"pvw_999",500,0.25,44,0.66,0.115555555555556,0.0377777777777778,0.166015538546172,3.41323733174995e-08,3.53395331967097
100,"hetero","alt",15,"pvt_999",500,0.288461538461538,52,0.74,0.117777777777778,0.0444444444444444,0.167645923323241,2.02419628091426e-11,3.53395331967097
100,"hetero","alt",15,"mm_999",500,0.239130434782609,46,0.7,0.113333333333333,0.0377777777777778,0.159284642832249,2.3311396145554e-09,3.53395331967097
40,"missing","alt",1,"ols",500,0,2,0.04,0.0488888888888889,0.0133333333333333,0.0429278364295138,0.000112214033986642,4.15462706480903
40,"missing","alt",1,"modt",500,0,2,0.04,0.0511111111111111,0.0133333333333333,0.0414529425469939,2.26033209865018e-05,4.15462706480903
40,"missing","alt",1,"fl_199",500,0,0,0,0.0444444444444444,0.0111111111111111,0.0488888888888889,0.005,4.15462706480903
40,"missing","alt",1,"fl_999",500,0,0,0,0.0466666666666667,0.0133333333333333,0.0439999999999999,0.001,4.15462706480903
40,"missing","alt",1,"fl_9999",500,0,0,0,0.0488888888888889,0.0133333333333333,0.0418777777777778,3e-04,4.15462706480903
40,"missing","alt",1,"pvw_199",500,0,0,0,0.0577777777777778,0.0133333333333333,0.031571966715894,0.000388265308277451,4.15462706480903
40,"missing","alt",1,"pvt_199",500,0.333333333333333,18,0.24,0.0844444444444444,0.0266666666666667,0.0388508462349638,2.7778638579287e-07,4.15462706480903
40,"missing","alt",1,"mm_199",500,0.166666666666667,6,0.1,0.0533333333333333,0.0155555555555556,0.1,5.28474244241907e-07,4.15462706480903
40,"missing","alt",1,"pvw_999",500,0,0,0,0.0533333333333333,0.0133333333333333,0.0354399647997085,0.000638400551769524,4.15462706480903
40,"missing","alt",1,"pvt_999",500,0.263157894736842,19,0.28,0.0822222222222222,0.0266666666666667,0.0408192394671974,1.57711606410467e-07,4.15462706480903
40,"missing","alt",1,"mm_999",500,0,3,0.06,0.0488888888888889,0.0155555555555556,0.208888888888889,1.03243181907695e-06,4.15462706480903
40,"missing","alt",2,"ols",500,0,0,0,0.0622222222222222,0.0133333333333333,0.0270066797279181,0.00015404475950103,4.03007953659957
40,"missing","alt",2,"modt",500,1,1,0,0.0577777777777778,0.0133333333333333,0.0258818365549394,5.87302553579736e-05,4.03007953659957
40,"missing","alt",2,"fl_199",500,0,0,0,0.0444444444444444,0.00888888888888889,0.0216666666666667,0.005,4.03007953659957
40,"missing","alt",2,"fl_999",500,0,0,0,0.0533333333333333,0.0133333333333333,0.024,0.001,4.03007953659957
40,"missing","alt",2,"fl_9999",500,0,0,0,0.0577777777777778,0.0133333333333333,0.0254666666666667,2e-04,4.03007953659957
40,"missing","alt",2,"pvw_199",500,0,0,0,0.0555555555555556,0.0133333333333333,0.0404080107124329,0.000820785620626354,4.03007953659957
40,"missing","alt",2,"pvt_199",500,0.555555555555556,9,0.08,0.0733333333333333,0.0244444444444444,0.0418846313421237,3.9805793839733e-07,4.03007953659957
40,"missing","alt",2,"mm_199",500,0.75,4,0.02,0.0511111111111111,0.0155555555555556,0.0844444444444444,1.6063976787105e-05,4.03007953659957
40,"missing","alt",2,"pvw_999",500,0,0,0,0.0577777777777778,0.0133333333333333,0.0403313146218844,0.000470135251192604,4.03007953659957
40,"missing","alt",2,"pvt_999",500,0.571428571428571,7,0.06,0.0755555555555556,0.0288888888888889,0.0400859149688906,6.23741372149351e-07,4.03007953659957
40,"missing","alt",2,"mm_999",500,1,1,0,0.0488888888888889,0.0155555555555556,0.202222222222222,3.79259113051086e-05,4.03007953659957
40,"missing","alt",3,"ols",500,0.2,5,0.08,0.0555555555555556,0.0155555555555556,0.0345761210001139,0.00019114788296334,4.26555799437157
40,"missing","alt",3,"modt",500,0,4,0.08,0.0511111111111111,0.0177777777777778,0.0354241899570364,0.000135584406205234,4.26555799437157
40,"missing","alt",3,"fl_199",500,0,0,0,0.0511111111111111,0.00666666666666667,0.033888888888889,0.005,4.26555799437157
40,"missing","alt",3,"fl_999",500,0,0,0,0.0533333333333333,0.0133333333333333,0.0349999999999999,0.001,4.26555799437157
40,"missing","alt",3,"fl_9999",500,0.25,4,0.06,0.0577777777777778,0.0155555555555556,0.0319333333333334,1e-04,4.26555799437157
40,"missing","alt",3,"pvw_199",500,0,0,0,0.0555555555555556,0.0133333333333333,0.0321950401741595,0.000665669521186473,4.26555799437157
40,"missing","alt",3,"pvt_199",500,0.304347826086957,23,0.32,0.0866666666666667,0.0266666666666667,0.038135383839877,6.39186334170237e-07,4.26555799437157
40,"missing","alt",3,"mm_199",500,0.285714285714286,7,0.1,0.0511111111111111,0.0177777777777778,0.12,3.1834332210841e-07,4.26555799437157
40,"missing","alt",3,"pvw_999",500,0,0,0,0.0533333333333333,0.0133333333333333,0.0314347155920533,0.000668582425481062,4.26555799437157
40,"missing","alt",3,"pvt_999",500,0.296296296296296,27,0.38,0.0777777777777778,0.0244444444444444,0.0414993212891772,2.3662398592337e-06,4.26555799437157
40,"missing","alt",3,"mm_999",500,0.2,5,0.08,0.0555555555555556,0.0133333333333333,0.2,2.77276667530337e-05,4.26555799437157
40,"missing","alt",4,"ols",500,0,9,0.18,0.0444444444444444,0.0111111111111111,0.0380918226119674,8.23492618645137e-05,4.22030720330857
40,"missing","alt",4,"modt",500,0,5,0.1,0.0488888888888889,0.00888888888888889,0.0364701771868587,6.95969875780419e-05,4.22030720330857
40,"missing","alt",4,"fl_199",500,0,0,0,0.0333333333333333,0.00222222222222222,0.0394444444444444,0.005,4.22030720330857
40,"missing","alt",4,"fl_999",500,0,0,0,0.0444444444444444,0.00888888888888889,0.0349999999999999,0.001,4.22030720330857
40,"missing","alt",4,"fl_9999",500,0,8,0.16,0.0466666666666667,0.0111111111111111,0.0366777777777778,1e-04,4.22030720330857
40,"missing","alt",4,"pvw_199",500,0,0,0,0.0511111111111111,0.00444444444444444,0.0370416923692495,0.000556315976090129,4.22030720330857
40,"missing","alt",4,"pvt_199",500,0.107142857142857,28,0.5,0.08,0.0177777777777778,0.0531041787368472,1.57886279876136e-07,4.22030720330857
40,"missing","alt",4,"mm_199",500,0,12,0.24,0.0466666666666667,0.0111111111111111,0.126666666666667,1.13748011688262e-07,4.22030720330857
40,"missing","alt",4,"pvw_999",500,0,0,0,0.0488888888888889,0.0111111111111111,0.0371567849372933,0.000514210670510941,4.22030720330857
40,"missing","alt",4,"pvt_999",500,0.172413793103448,29,0.48,0.0822222222222222,0.02,0.0558394432747873,6.45243955125743e-08,4.22030720330857
40,"missing","alt",4,"mm_999",500,0.1,10,0.18,0.04,0.0111111111111111,0.208888888888889,7.31894244921769e-07,4.22030720330857
40,"missing","alt",5,"ols",500,0,5,0.1,0.0355555555555556,0.0111111111111111,0.0571792541754434,1.52523394084446e-05,3.91792307713503
40,"missing","alt",5,"modt",500,0.166666666666667,6,0.1,0.0377777777777778,0.00888888888888889,0.0516098544110075,4.60963384169375e-06,3.91792307713503
40,"missing","alt",5,"fl_199",500,0,0,0,0.0311111111111111,0.00444444444444444,0.0583333333333333,0.005,3.91792307713503
40,"missing","alt",5,"fl_999",500,0,0,0,0.04,0.0111111111111111,0.0558888888888889,0.001,3.91792307713503
40,"missing","alt",5,"fl_9999",500,0,3,0.06,0.0355555555555556,0.0133333333333333,0.0540666666666667,3e-04,3.91792307713503
40,"missing","alt",5,"pvw_199",500,0,5,0.1,0.0377777777777778,0.0133333333333333,0.0359591206597726,7.00624253617308e-05,3.91792307713503
40,"missing","alt",5,"pvt_199",500,0.25,20,0.3,0.0511111111111111,0.0222222222222222,0.0226681540916285,3.721725440516e-10,3.91792307713503
40,"missing","alt",5,"mm_199",500,0.181818181818182,11,0.18,0.0422222222222222,0.0222222222222222,0.104444444444444,2.24455841561659e-06,3.91792307713503
40,"missing","alt",5,"pvw_999",500,0,0,0,0.0377777777777778,0.0111111111111111,0.0396361246451859,0.000183283447755662,3.91792307713503
40,"missing","alt",5,"pvt_999",500,0.222222222222222,18,0.28,0.0511111111111111,0.0222222222222222,0.0252457846466619,2.30636177149192e-09,3.91792307713503
40,"missing","alt",5,"mm_999",500,0.285714285714286,7,0.1,0.04,0.0111111111111111,0.208888888888889,8.84595890045407e-06,3.91792307713503
40,"missing","alt",6,"ols",500,0,4,0.08,0.04,0.0111111111111111,0.0479605618994943,6.32815649438796e-05,4.1717220603128
40,"missing","alt",6,"modt",500,0,4,0.08,0.0355555555555556,0.0133333333333333,0.0516723216848412,2.88660664642323e-05,4.1717220603128
40,"missing","alt",6,"fl_199",500,0,0,0,0.0311111111111111,0.00444444444444444,0.0538888888888889,0.005,4.1717220603128
40,"missing","alt",6,"fl_999",500,0,0,0,0.0422222222222222,0.00888888888888889,0.047,0.001,4.1717220603128
40,"missing","alt",6,"fl_9999",500,0,4,0.08,0.04,0.00888888888888889,0.0471888888888889,2e-04,4.1717220603128
40,"missing","alt",6,"pvw_199",500,0,0,0,0.0444444444444444,0.00888888888888889,0.0313953198744161,0.000141403980002974,4.1717220603128
40,"missing","alt",6,"pvt_199",500,0.285714285714286,14,0.2,0.0666666666666667,0.02,0.0353388379756044,4.41296234326549e-08,4.1717220603128
40,"missing","alt",6,"mm_199",500,0.111111111111111,9,0.16,0.04,0.0111111111111111,0.126666666666667,6.0302438563289e-08,4.1717220603128
40,"missing","alt",6,"pvw_999",500,0,0,0,0.0422222222222222,0.0111111111111111,0.0237487170769931,0.000445781555223927,4.1717220603128
40,"missing","alt",6,"pvt_999",500,0.25,16,0.24,0.0622222222222222,0.02,0.0363351437310369,3.04545610372288e-07,4.1717220603128
40,"missing","alt",6,"mm_999",500,0,5,0.1,0.0377777777777778,0.0111111111111111,0.213333333333333,4.85176230958733e-05,4.1717220603128
40,"missing","alt",7,"ols",500,0,5,0.1,0.0577777777777778,0.00666666666666667,0.0314387430499402,8.8509836200634e-05,3.62997057586648
40,"missing","alt",7,"modt",500,0,2,0.04,0.06,0.00888888888888889,0.0304071438438114,9.92251019198271e-05,3.62997057586648
40,"missing","alt",7,"fl_199",500,0,0,0,0.0444444444444444,0.00222222222222222,0.0327777777777778,0.005,3.62997057586648
40,"missing","alt",7,"fl_999",500,0,0,0,0.0555555555555556,0.00444444444444444,0.031,0.001,3.62997057586648
40,"missing","alt",7,"fl_9999",500,0,1,0.02,0.06,0.00666666666666667,0.0307,1e-04,3.62997057586648
40,"missing","alt",7,"pvw_199",500,0,0,0,0.0555555555555556,0.00666666666666667,0.0540033522889506,0.000383960357378558,3.62997057586648
40,"missing","alt",7,"pvt_199",500,0.15,20,0.34,0.0755555555555556,0.0244444444444444,0.0651061429310135,5.18156302538782e-08,3.62997057586648
40,"missing","alt",7,"mm_199",500,0,8,0.16,0.0511111111111111,0.0133333333333333,0.0977777777777777,6.09341057776487e-08,3.62997057586648
40,"missing","alt",7,"pvw_999",500,0,0,0,0.0577777777777778,0.00444444444444444,0.0509342670125771,0.000580028501635366,3.62997057586648
40,"missing","alt",7,"pvt_999",500,0.0588235294117647,17,0.32,0.0777777777777778,0.0266666666666667,0.0617319521384356,1.46192412142993e-07,3.62997057586648
40,"missing","alt",7,"mm_999",500,0,7,0.14,0.0533333333333333,0.00222222222222222,0.175555555555556,8.79071239531857e-05,3.62997057586648
40,"missing","alt",8,"ols",500,0,7,0.14,0.06,0.0133333333333333,0.0387095549134101,6.96253470755171e-07,3.92787049804609
40,"missing","alt",8,"modt",500,0,8,0.16,0.0577777777777778,0.0133333333333333,0.0401750432953597,1.10293039578773e-06,3.92787049804609
40,"missing","alt",8,"fl_199",500,0,0,0,0.0533333333333333,0.00666666666666667,0.0355555555555555,0.005,3.92787049804609
40,"missing","alt",8,"fl_999",500,0,0,0,0.0533333333333333,0.0133333333333333,0.0397777777777778,0.001,3.92787049804609
40,"missing","alt",8,"fl_9999",500,0,6,0.12,0.0577777777777778,0.0133333333333333,0.0403888888888888,1e-04,3.92787049804609
40,"missing","alt",8,"pvw_199",500,0,3,0.06,0.0577777777777778,0.00666666666666667,0.0649364300034369,4.21429018132497e-05,3.92787049804609
40,"missing","alt",8,"pvt_199",500,0.25,16,0.24,0.0866666666666667,0.0222222222222222,0.0706809820280418,7.66851198413903e-15,3.92787049804609
40,"missing","alt",8,"mm_199",500,0.166666666666667,12,0.2,0.0577777777777778,0.02,0.108888888888889,1.43347492037666e-12,3.92787049804609
40,"missing","alt",8,"pvw_999",500,0,3,0.06,0.0577777777777778,0.0133333333333333,0.0652885172550196,2.31691489312068e-05,3.92787049804609
40,"missing","alt",8,"pvt_999",500,0.235294117647059,17,0.26,0.08,0.0244444444444444,0.0724986844383248,1.76680229135339e-13,3.92787049804609
40,"missing","alt",8,"mm_999",500,0,10,0.2,0.0488888888888889,0.0133333333333333,0.193333333333333,3.47113074627015e-11,3.92787049804609
40,"missing","alt",9,"ols",500,0,0,0,0.0577777777777778,0.0177777777777778,0.038542146464538,0.000254168245500646,4.59748162597997
40,"missing","alt",9,"modt",500,0,0,0,0.0533333333333333,0.0133333333333333,0.0390185729290561,0.000262534324888299,4.59748162597997
40,"missing","alt",9,"fl_199",500,0,0,0,0.0444444444444444,0.00222222222222222,0.0394444444444445,0.005,4.59748162597997
40,"missing","alt",9,"fl_999",500,0,0,0,0.0511111111111111,0.0177777777777778,0.04,0.001,4.59748162597997
40,"missing","alt",9,"fl_9999",500,0,0,0,0.0577777777777778,0.0177777777777778,0.0390666666666667,3e-04,4.59748162597997
40,"missing","alt",9,"pvw_199",500,0,0,0,0.0577777777777778,0.0133333333333333,0.0589418443167258,0.000573482302153256,4.59748162597997
40,"missing","alt",9,"pvt_199",500,0.266666666666667,15,0.22,0.0866666666666667,0.0333333333333333,0.0778087068851904,4.98349533905531e-06,4.59748162597997
40,"missing","alt",9,"mm_199",500,0.333333333333333,3,0.04,0.06,0.0222222222222222,0.0911111111111111,1.46124342748795e-05,4.59748162597997
40,"missing","alt",9,"pvw_999",500,0,0,0,0.0577777777777778,0.0111111111111111,0.0554580938328074,0.0011508687665584,4.59748162597997
40,"missing","alt",9,"pvt_999",500,0.307692307692308,13,0.18,0.0888888888888889,0.0311111111111111,0.0734985735169915,2.47417703260627e-06,4.59748162597997
40,"missing","alt",9,"mm_999",500,0,2,0.04,0.0511111111111111,0.02,0.2,5.78518683921196e-05,4.59748162597997
40,"missing","alt",10,"ols",500,0,0,0,0.0577777777777778,0.0133333333333333,0.0577632584539365,0.000124237788132756,3.82472514991554
40,"missing","alt",10,"modt",500,0,0,0,0.0644444444444444,0.0111111111111111,0.0664180623353727,0.000147535819268257,3.82472514991554
40,"missing","alt",10,"fl_199",500,0,0,0,0.0533333333333333,0.00666666666666667,0.0588888888888889,0.005,3.82472514991554
40,"missing","alt",10,"fl_999",500,0,0,0,0.06,0.00666666666666667,0.0574444444444444,0.001,3.82472514991554
40,"missing","alt",10,"fl_9999",500,0,1,0.02,0.0577777777777778,0.0133333333333333,0.0606666666666666,1e-04,3.82472514991554
40,"missing","alt",10,"pvw_199",500,0,0,0,0.0666666666666667,0.0111111111111111,0.0804968177668663,0.000897519145686678,3.82472514991554
40,"missing","alt",10,"pvt_199",500,0.25,8,0.12,0.0977777777777778,0.0288888888888889,0.0931418884720121,4.54656572696025e-06,3.82472514991554
40,"missing","alt",10,"mm_199",500,0.166666666666667,6,0.1,0.0666666666666667,0.0155555555555556,0.0977777777777777,9.01883058433187e-06,3.82472514991554
40,"missing","alt",10,"pvw_999",500,0,0,0,0.06,0.0111111111111111,0.0808599099763963,0.000547361690159969,3.82472514991554
40,"missing","alt",10,"pvt_999",500,0.363636363636364,11,0.14,0.0955555555555556,0.0222222222222222,0.0907958350322491,2.52272335357845e-06,3.82472514991554
40,"missing","alt",10,"mm_999",500,0,2,0.04,0.0533333333333333,0.0111111111111111,0.171111111111111,1.6338788949875e-05,3.82472514991554
40,"missing","alt",11,"ols",500,0,0,0,0.0577777777777778,0.00888888888888889,0.0511943461876779,0.00133860912981359,3.67870679892853
40,"missing","alt",11,"modt",500,0,0,0,0.0622222222222222,0.00444444444444444,0.0443109393237697,0.0013759428179981,3.67870679892853
40,"missing","alt",11,"fl_199",500,0,0,0,0.0555555555555556,0.00444444444444444,0.0533333333333333,0.005,3.67870679892853
40,"missing","alt",11,"fl_999",500,0,0,0,0.0555555555555556,0.00888888888888889,0.0504444444444445,0.001,3.67870679892853
40,"missing","alt",11,"fl_9999",500,0,0,0,0.0577777777777778,0.00666666666666667,0.0491888888888888,0.0012,3.67870679892853
40,"missing","alt",11,"pvw_199",500,0,0,0,0.0644444444444444,0.00444444444444444,0.0755577165089698,0.00112830989526711,3.67870679892853
40,"missing","alt",11,"pvt_199",500,0,3,0.06,0.0844444444444444,0.0244444444444444,0.08139767429952,0.000103715178973449,3.67870679892853
40,"missing","alt",11,"mm_199",500,0,0,0,0.0577777777777778,0.0177777777777778,0.104444444444444,0.00025096031951171,3.67870679892853
40,"missing","alt",11,"pvw_999",500,0,0,0,0.06,0.00444444444444444,0.0737032004160272,0.00247242535670777,3.67870679892853
40,"missing","alt",11,"pvt_999",500,0,3,0.06,0.0911111111111111,0.0266666666666667,0.0787861553330724,8.81534727159668e-05,3.67870679892853
40,"missing","alt",11,"mm_999",500,0,0,0,0.0622222222222222,0.00888888888888889,0.202222222222222,0.000593476921823477,3.67870679892853
40,"missing","alt",12,"ols",500,0,2,0.04,0.0488888888888889,0.00666666666666667,0.0380812439722024,0.000103752595866764,4.22510225155644
40,"missing","alt",12,"modt",500,0,2,0.04,0.0511111111111111,0.00888888888888889,0.0392713106722201,8.79293745032354e-05,4.22510225155644
40,"missing","alt",12,"fl_199",500,0,0,0,0.04,0,0.0438888888888889,0.005,4.22510225155644
40,"missing","alt",12,"fl_999",500,0,0,0,0.0466666666666667,0.00444444444444444,0.0343333333333333,0.001,4.22510225155644
40,"missing","alt",12,"fl_9999",500,0,0,0,0.0488888888888889,0.00666666666666667,0.0371333333333334,2e-04,4.22510225155644
40,"missing","alt",12,"pvw_199",500,0,0,0,0.0555555555555556,0.00444444444444444,0.0188939890338657,0.000278327195067193,4.22510225155644
40,"missing","alt",12,"pvt_199",500,0.0666666666666667,15,0.28,0.0755555555555556,0.0244444444444444,0.0343379956436254,3.34751865585324e-06,4.22510225155644
40,"missing","alt",12,"mm_199",500,0,5,0.1,0.0555555555555556,0.0133333333333333,0.133333333333333,4.31951544493795e-06,4.22510225155644
40,"missing","alt",12,"pvw_999",500,0,0,0,0.0533333333333333,0.00444444444444444,0.0201635986445525,0.000447597075200377,4.22510225155644
40,"missing","alt",12,"pvt_999",500,0.125,16,0.28,0.0755555555555556,0.0222222222222222,0.0331491795140312,1.88574254724892e-06,4.22510225155644
40,"missing","alt",12,"mm_999",500,0,3,0.06,0.0488888888888889,0.00666666666666667,0.193333333333333,1.09620553333615e-05,4.22510225155644
40,"missing","alt",13,"ols",500,0,0,0,0.0422222222222222,0.00666666666666667,0.0338404933904147,0.000593321091544813,3.97704238946723
40,"missing","alt",13,"modt",500,0,0,0,0.0466666666666667,0.00666666666666667,0.0296357335927619,0.000472237826054153,3.97704238946723
40,"missing","alt",13,"fl_199",500,0,0,0,0.0444444444444444,0.00666666666666667,0.0361111111111111,0.005,3.97704238946723
40,"missing","alt",13,"fl_999",500,0,0,0,0.04,0.00444444444444444,0.0344444444444444,0.001,3.97704238946723
40,"missing","alt",13,"fl_9999",500,0,0,0,0.0422222222222222,0.00666666666666667,0.0343555555555555,0.001,3.97704238946723
40,"missing","alt",13,"pvw_199",500,0,0,0,0.0511111111111111,0.00666666666666667,0.0369542482208336,0.000910364729620913,3.97704238946723
40,"missing","alt",13,"pvt_199",500,0.133333333333333,15,0.26,0.0777777777777778,0.0222222222222222,0.0540717352192438,1.3780675772201e-06,3.97704238946723
40,"missing","alt",13,"mm_199",500,0,3,0.06,0.0444444444444444,0.0111111111111111,0.113333333333333,4.85388753409201e-05,3.97704238946723
40,"missing","alt",13,"pvw_999",500,0,0,0,0.0466666666666667,0.00444444444444444,0.0331342557385883,0.00134631680612052,3.97704238946723
40,"missing","alt",13,"pvt_999",500,0.142857142857143,14,0.24,0.08,0.02,0.054864227264695,3.42528498377524e-06,3.97704238946723
40,"missing","alt",13,"mm_999",500,0,0,0,0.0422222222222222,0.00666666666666667,0.175555555555556,0.000428927857152694,3.97704238946723
40,"missing","alt",14,"ols",500,0,2,0.04,0.0488888888888889,0.00666666666666667,0.0197514197130463,0.000180596770816418,4.43021660443306
40,"missing","alt",14,"modt",500,0,3,0.06,0.0533333333333333,0.00666666666666667,0.0209256293238149,0.000106399878725152,4.43021660443306
40,"missing","alt",14,"fl_199",500,0,0,0,0.06,0.00444444444444444,0.0255555555555556,0.005,4.43021660443306
40,"missing","alt",14,"fl_999",500,0,0,0,0.0511111111111111,0.00666666666666667,0.0206666666666666,0.001,4.43021660443306
40,"missing","alt",14,"fl_9999",500,0,2,0.04,0.0488888888888889,0.00666666666666667,0.0200111111111111,2e-04,4.43021660443306
40,"missing","alt",14,"pvw_199",500,0,0,0,0.06,0.00666666666666667,0.0346290595018812,0.00101635587586268,4.43021660443306
40,"missing","alt",14,"pvt_199",500,0.181818181818182,11,0.18,0.0822222222222222,0.0222222222222222,0.0486595909392338,4.42308047174557e-07,4.43021660443306
40,"missing","alt",14,"mm_199",500,0.166666666666667,6,0.1,0.0622222222222222,0.0133333333333333,0.113333333333333,3.16443609270937e-07,4.43021660443306
40,"missing","alt",14,"pvw_999",500,0,0,0,0.0533333333333333,0.00666666666666667,0.036307295590291,0.000831978382822408,4.43021660443306
40,"missing","alt",14,"pvt_999",500,0.25,8,0.12,0.08,0.0244444444444444,0.0470466575134359,5.00466911527635e-07,4.43021660443306
40,"missing","alt",14,"mm_999",500,0,3,0.06,0.0533333333333333,0.00666666666666667,0.191111111111111,4.55620412300023e-05,4.43021660443306
40,"missing","alt",15,"ols",500,0.5,2,0.02,0.0822222222222222,0.02,0.0383645749120846,2.76200794884044e-05,4.06353129384176
40,"missing","alt",15,"modt",500,0.2,5,0.08,0.0622222222222222,0.0177777777777778,0.0440236352079376,3.51487538143408e-05,4.06353129384176
40,"missing","alt",15,"fl_199",500,0,0,0,0.0755555555555556,0.00666666666666667,0.0483333333333333,0.005,4.06353129384176
40,"missing","alt",15,"fl_999",500,0,0,0,0.0777777777777778,0.0155555555555556,0.0388888888888889,0.001,4.06353129384176
40,"missing","alt",15,"fl_9999",500,0,0,0,0.0733333333333333,0.02,0.0395,2e-04,4.06353129384176
40,"missing","alt",15,"pvw_199",500,0,0,0,0.0822222222222222,0.02,0.040514868234595,0.000172832364712153,4.06353129384176
40,"missing","alt",15,"pvt_199",500,0.428571428571429,14,0.16,0.1,0.0422222222222222,0.0552369359316959,1.78398112123926e-09,4.06353129384176
40,"missing","alt",15,"mm_199",500,0.333333333333333,3,0.04,0.0844444444444444,0.0288888888888889,0.126666666666667,1.59611929393166e-10,4.06353129384176
40,"missing","alt",15,"pvw_999",500,0,0,0,0.0866666666666667,0.0133333333333333,0.0370151857909446,0.000311188184604541,4.06353129384176
40,"missing","alt",15,"pvt_999",500,0.3,10,0.14,0.0977777777777778,0.0444444444444444,0.0562674578113821,4.50029010102103e-09,4.06353129384176
40,"missing","alt",15,"mm_999",500,0.5,4,0.04,0.08,0.02,0.217777777777778,3.85409806301099e-06,4.06353129384176
100,"missing","alt",1,"ols",500,0.03125,32,0.62,0.0555555555555556,0.00444444444444444,0.0445962449020251,4.63597817110717e-08,4.35407394346973
100,"missing","alt",1,"modt",500,0.0571428571428571,35,0.66,0.0622222222222222,0.00888888888888889,0.0432606873258608,2.30800622585298e-08,4.35407394346973
100,"missing","alt",1,"fl_199",500,0,0,0,0.0555555555555556,0.00222222222222222,0.0511111111111111,0.005,4.35407394346973
100,"missing","alt",1,"fl_999",500,0.0303030303030303,33,0.64,0.0555555555555556,0.00666666666666667,0.0443333333333333,0.001,4.35407394346973
100,"missing","alt",1,"fl_9999",500,0.03125,32,0.62,0.0555555555555556,0.00444444444444444,0.0473111111111112,1e-04,4.35407394346973
100,"missing","alt",1,"pvw_199",500,0.032258064516129,31,0.6,0.06,0.00888888888888889,0.0541611592969311,8.42682029187325e-07,4.35407394346973
100,"missing","alt",1,"pvt_199",500,0.0487804878048781,41,0.78,0.0711111111111111,0.0177777777777778,0.0558978993972076,1.49083343832387e-09,4.35407394346973
100,"missing","alt",1,"mm_199",500,0.0476190476190476,42,0.8,0.06,0.0133333333333333,0.0919041748383944,1.03138245560177e-11,4.35407394346973
100,"missing","alt",1,"pvw_999",500,0.0344827586206897,29,0.56,0.0555555555555556,0.00666666666666667,0.0532689230347228,1.24264277355836e-06,4.35407394346973
100,"missing","alt",1,"pvt_999",500,0.0476190476190476,42,0.8,0.0622222222222222,0.0111111111111111,0.0537784176951375,7.13335486875815e-10,4.35407394346973
100,"missing","alt",1,"mm_999",500,0.0263157894736842,38,0.74,0.0577777777777778,0.00888888888888889,0.0888888888888889,1.14187365112458e-09,4.35407394346973
100,"missing","alt",2,"ols",500,0,30,0.6,0.0488888888888889,0.00666666666666667,0.0329468716688651,1.61184646125722e-07,4.3711392523871
100,"missing","alt",2,"modt",500,0,33,0.66,0.0511111111111111,0.00666666666666667,0.0358726236279395,3.05355372518456e-07,4.3711392523871
100,"missing","alt",2,"fl_199",500,0,0,0,0.0466666666666667,0,0.0283333333333333,0.005,4.3711392523871
100,"missing","alt",2,"fl_999",500,0,30,0.6,0.0466666666666667,0.00444444444444444,0.0351111111111112,0.001,4.3711392523871
100,"missing","alt",2,"fl_9999",500,0,31,0.62,0.0511111111111111,0.00666666666666667,0.0360111111111112,1e-04,4.3711392523871
100,"missing","alt",2,"pvw_199",500,0,31,0.62,0.0511111111111111,0.00444444444444444,0.0374671341043827,1.188603085886e-06,4.3711392523871
100,"missing","alt",2,"pvt_199",500,0.027027027027027,37,0.72,0.0577777777777778,0.0133333333333333,0.0389721892838857,9.94416709107357e-09,4.3711392523871
100,"missing","alt",2,"mm_199",500,0,37,0.74,0.0511111111111111,0.00666666666666667,0.0844444444444444,4.59142215398417e-08,4.3711392523871
100,"missing","alt",2,"pvw_999",500,0,30,0.6,0.0488888888888889,0.00666666666666667,0.042691217295864,1.93263101075347e-06,4.3711392523871
100,"missing","alt",2,"pvt_999",500,0.0263157894736842,38,0.74,0.0577777777777778,0.00888888888888889,0.0429131260053836,5.5284103453644e-09,4.3711392523871
100,"missing","alt",2,"mm_999",500,0,33,0.66,0.0488888888888889,0.00888888888888889,0.113333333333333,4.89831289441605e-08,4.3711392523871
100,"missing","alt",3,"ols",500,0.027027027027027,37,0.72,0.06,0.00444444444444444,0.0328642260621059,1.66158887023189e-09,3.83663323333002
100,"missing","alt",3,"modt",500,0.027027027027027,37,0.72,0.0622222222222222,0.00444444444444444,0.0358695694030482,5.14445108049538e-09,3.83663323333002
100,"missing","alt",3,"fl_199",500,0,0,0,0.0466666666666667,0,0.0372222222222223,0.005,3.83663323333002
100,"missing","alt",3,"fl_999",500,0,32,0.64,0.06,0.00222222222222222,0.0373333333333333,0.001,3.83663323333002
100,"missing","alt",3,"fl_9999",500,0.0285714285714286,35,0.68,0.06,0.00444444444444444,0.0334111111111111,1e-04,3.83663323333002
100,"missing","alt",3,"pvw_199",500,0.0277777777777778,36,0.7,0.06,0.00888888888888889,0.0313536113417818,2.12645859022355e-08,3.83663323333002
100,"missing","alt",3,"pvt_199",500,0.027027027027027,37,0.72,0.0666666666666667,0.0177777777777778,0.0313135671137623,5.48475612142399e-14,3.83663323333002
100,"missing","alt",3,"mm_199",500,0.0540540540540541,37,0.7,0.0644444444444444,0.0111111111111111,0.0830583622607309,1.41594995601495e-13,3.83663323333002
100,"missing","alt",3,"pvw_999",500,0.027027027027027,37,0.72,0.0644444444444444,0.00222222222222222,0.0278301061322533,1.03119116958711e-07,3.83663323333002
100,"missing","alt",3,"pvt_999",500,0.027027027027027,37,0.72,0.0711111111111111,0.0155555555555556,0.0272525386374101,4.08944905333189e-13,3.83663323333002
100,"missing","alt",3,"mm_999",500,0.0285714285714286,35,0.68,0.0577777777777778,0.00888888888888889,0.135555555555556,4.79084674494741e-13,3.83663323333002
100,"missing","alt",4,"ols",500,0.0540540540540541,37,0.7,0.0533333333333333,0.0155555555555556,0.0514437311424046,4.28015212038112e-08,3.70832028805558
100,"missing","alt",4,"modt",500,0.0789473684210526,38,0.7,0.0533333333333333,0.0155555555555556,0.0514951858234668,2.74469285947605e-08,3.70832028805558
100,"missing","alt",4,"fl_199",500,0,0,0,0.0533333333333333,0.00444444444444444,0.0566666666666667,0.005,3.70832028805558
100,"missing","alt",4,"fl_999",500,0.032258064516129,31,0.6,0.0577777777777778,0.0133333333333333,0.0492222222222222,0.001,3.70832028805558
100,"missing","alt",4,"fl_9999",500,0.0555555555555556,36,0.68,0.0533333333333333,0.0133333333333333,0.0507777777777778,1e-04,3.70832028805558
100,"missing","alt",4,"pvw_199",500,0.0810810810810811,37,0.68,0.0555555555555556,0.0155555555555556,0.0460809870609704,1.68265393884536e-06,3.70832028805558
100,"missing","alt",4,"pvt_199",500,0.142857142857143,42,0.72,0.06,0.0177777777777778,0.0444367659229459,4.89974521587442e-11,3.70832028805558
100,"missing","alt",4,"mm_199",500,0.121951219512195,41,0.72,0.0577777777777778,0.0177777777777778,0.0956613294551178,2.03009843213145e-10,3.70832028805558
100,"missing","alt",4,"pvw_999",500,0.0555555555555556,36,0.68,0.0555555555555556,0.0133333333333333,0.0423320937929643,8.07974223142084e-07,3.70832028805558
100,"missing","alt",4,"pvt_999",500,0.136363636363636,44,0.76,0.06,0.0155555555555556,0.0417069343472425,2.15411429016751e-10,3.70832028805558
100,"missing","alt",4,"mm_999",500,0.0540540540540541,37,0.7,0.0533333333333333,0.0133333333333333,0.124444444444444,1.42157030986742e-10,3.70832028805558
100,"missing","alt",5,"ols",500,0.0769230769230769,39,0.72,0.0422222222222222,0.00888888888888889,0.0411002262603031,2.49280187881406e-08,4.03747073443844
100,"missing","alt",5,"modt",500,0.0540540540540541,37,0.7,0.0444444444444444,0.00888888888888889,0.0433368957971538,1.81855503931016e-08,4.03747073443844
100,"missing","alt",5,"fl_199",500,0,0,0,0.0444444444444444,0.00666666666666667,0.0472222222222222,0.005,4.03747073443844
100,"missing","alt",5,"fl_999",500,0.0588235294117647,34,0.64,0.0444444444444444,0.00888888888888889,0.0451111111111111,0.001,4.03747073443844
100,"missing","alt",5,"fl_9999",500,0.0789473684210526,38,0.7,0.0422222222222222,0.00888888888888889,0.0411555555555556,1e-04,4.03747073443844
100,"missing","alt",5,"pvw_199",500,0.0303030303030303,33,0.64,0.0511111111111111,0.0133333333333333,0.0323253218580108,1.4479975518774e-07,4.03747073443844
100,"missing","alt",5,"pvt_199",500,0.0952380952380952,42,0.76,0.0555555555555556,0.0133333333333333,0.0307015288119888,7.61741958589266e-12,4.03747073443844
100,"missing","alt",5,"mm_199",500,0.0888888888888889,45,0.82,0.0466666666666667,0.0133333333333333,0.110797842366268,1.14628547641161e-15,4.03747073443844
100,"missing","alt",5,"pvw_999",500,0.0571428571428571,35,0.66,0.0488888888888889,0.00888888888888889,0.0338623063918642,4.71132039254647e-07,4.03747073443844
100,"missing","alt",5,"pvt_999",500,0.0952380952380952,42,0.76,0.0533333333333333,0.0133333333333333,0.0322479014128474,8.87521536660537e-11,4.03747073443844
100,"missing","alt",5,"mm_999",500,0.0571428571428571,35,0.66,0.0466666666666667,0.00888888888888889,0.106666666666667,1.17263503698972e-09,4.03747073443844
100,"missing","alt",6,"ols",500,0.05,40,0.76,0.0488888888888889,0.0111111111111111,0.0223826138735287,6.97790176875915e-07,3.94693134809487
100,"missing","alt",6,"modt",500,0.05,40,0.76,0.0444444444444444,0.0111111111111111,0.0261223631029145,4.04393964216655e-07,3.94693134809487
100,"missing","alt",6,"fl_199",500,0,0,0,0.04,0.00666666666666667,0.0288888888888889,0.005,3.94693134809487
100,"missing","alt",6,"fl_999",500,0.075,40,0.74,0.0422222222222222,0.00888888888888889,0.0282222222222222,0.001,3.94693134809487
100,"missing","alt",6,"fl_9999",500,0.05,40,0.76,0.0466666666666667,0.0111111111111111,0.0268777777777778,1e-04,3.94693134809487
100,"missing","alt",6,"pvw_199",500,0.05,40,0.76,0.0444444444444444,0.00888888888888889,0.0207884771709809,1.40898017716021e-06,3.94693134809487
100,"missing","alt",6,"pvt_199",500,0.0652173913043478,46,0.86,0.0555555555555556,0.0155555555555556,0.0223667750324832,1.10365880557289e-08,3.94693134809487
100,"missing","alt",6,"mm_199",500,0.0869565217391304,46,0.84,0.0466666666666667,0.0111111111111111,0.0723934685642384,1.02600370447702e-09,3.94693134809487
100,"missing","alt",6,"pvw_999",500,0.0256410256410256,39,0.76,0.0444444444444444,0.0111111111111111,0.0208645355262806,3.24854354081224e-06,3.94693134809487
100,"missing","alt",6,"pvt_999",500,0.0851063829787234,47,0.86,0.0511111111111111,0.0155555555555556,0.0212150700614823,4.30092618468346e-09,3.94693134809487
100,"missing","alt",6,"mm_999",500,0.0731707317073171,41,0.76,0.0444444444444444,0.0111111111111111,0.135555555555556,9.63142914146799e-09,3.94693134809487
100,"missing","alt",7,"ols",500,0.0588235294117647,34,0.64,0.0488888888888889,0.0111111111111111,0.0343496621730683,4.11477066100317e-08,4.10647674184166
100,"missing","alt",7,"modt",500,0.0588235294117647,34,0.64,0.0466666666666667,0.0111111111111111,0.0344696472698468,1.31944522057961e-07,4.10647674184166
100,"missing","alt",7,"fl_199",500,0,0,0,0.0377777777777778,0.00444444444444444,0.0416666666666666,0.005,4.10647674184166
100,"missing","alt",7,"fl_999",500,0.0606060606060606,33,0.62,0.0444444444444444,0.00888888888888889,0.0344444444444445,0.001,4.10647674184166
100,"missing","alt",7,"fl_9999",500,0.0588235294117647,34,0.64,0.0511111111111111,0.0133333333333333,0.0347444444444445,1e-04,4.10647674184166
100,"missing","alt",7,"pvw_199",500,0.0882352941176471,34,0.62,0.0511111111111111,0.00888888888888889,0.0291733220421927,4.148553457502e-07,4.10647674184166
100,"missing","alt",7,"pvt_199",500,0.0769230769230769,39,0.72,0.0644444444444444,0.0133333333333333,0.0289462806665431,1.0297479434108e-10,4.10647674184166
100,"missing","alt",7,"mm_199",500,0.0526315789473684,38,0.72,0.0533333333333333,0.0111111111111111,0.106666666666667,1.61318730692448e-12,4.10647674184166
100,"missing","alt",7,"pvw_999",500,0.0588235294117647,34,0.64,0.0488888888888889,0.00666666666666667,0.0303860071026487,5.22213078990556e-07,4.10647674184166
100,"missing","alt",7,"pvt_999",500,0.0789473684210526,38,0.7,0.06,0.0133333333333333,0.0316015749277437,3.21188863433269e-10,4.10647674184166
100,"missing","alt",7,"mm_999",500,0.0555555555555556,36,0.68,0.0466666666666667,0.0133333333333333,0.151111111111111,6.95838195342792e-10,4.10647674184166
100,"missing","alt",8,"ols",500,0.0285714285714286,35,0.68,0.0444444444444444,0.00444444444444444,0.0240754053357808,1.91611655004827e-06,4.02441084708417
100,"missing","alt",8,"modt",500,0.0540540540540541,37,0.7,0.0422222222222222,0.00444444444444444,0.0249576376117959,7.91501388127019e-07,4.02441084708417
100,"missing","alt",8,"fl_199",500,0,0,0,0.0377777777777778,0.00222222222222222,0.0238888888888889,0.005,4.02441084708417
100,"missing","alt",8,"fl_999",500,0.0303030303030303,33,0.64,0.0488888888888889,0.00444444444444444,0.0248888888888889,0.001,4.02441084708417
100,"missing","alt",8,"fl_9999",500,0.0285714285714286,35,0.68,0.0422222222222222,0.00444444444444444,0.0213777777777778,1e-04,4.02441084708417
100,"missing","alt",8,"pvw_199",500,0.0303030303030303,33,0.64,0.0466666666666667,0.00444444444444444,0.0289770435154524,8.8580147818995e-06,4.02441084708417
100,"missing","alt",8,"pvt_199",500,0.0512820512820513,39,0.74,0.0555555555555556,0.00888888888888889,0.0309265095066043,1.36246479261044e-08,4.02441084708417
100,"missing","alt",8,"mm_199",500,0.0294117647058824,34,0.66,0.0466666666666667,0.00888888888888889,0.100996436452172,3.09876218270991e-09,4.02441084708417
100,"missing","alt",8,"pvw_999",500,0.0294117647058824,34,0.66,0.0488888888888889,0.00444444444444444,0.028906551868107,7.79208395993863e-06,4.02441084708417
100,"missing","alt",8,"pvt_999",500,0.05,40,0.76,0.0533333333333333,0.00666666666666667,0.0360348042465131,2.07532743194288e-08,4.02441084708417
100,"missing","alt",8,"mm_999",500,0.0277777777777778,36,0.7,0.0444444444444444,0.00444444444444444,0.104444444444444,1.06676299572645e-07,4.02441084708417
100,"missing","alt",9,"ols",500,0.0540540540540541,37,0.7,0.0577777777777778,0.0133333333333333,0.0547559986810045,8.3939544601131e-10,3.91705493052335
100,"missing","alt",9,"modt",500,0.0540540540540541,37,0.7,0.0533333333333333,0.0155555555555556,0.0536879796616344,1.23546173246817e-09,3.91705493052335
100,"missing","alt",9,"fl_199",500,0,0,0,0.0533333333333333,0.00222222222222222,0.0638888888888889,0.005,3.91705493052335
100,"missing","alt",9,"fl_999",500,0.0303030303030303,33,0.64,0.0577777777777778,0.0111111111111111,0.0533333333333333,0.001,3.91705493052335
100,"missing","alt",9,"fl_9999",500,0.0555555555555556,36,0.68,0.0577777777777778,0.0111111111111111,0.0520222222222222,1e-04,3.91705493052335
100,"missing","alt",9,"pvw_199",500,0.0294117647058824,34,0.66,0.0533333333333333,0.0133333333333333,0.0650547132338948,7.60113996219067e-08,3.91705493052335
100,"missing","alt",9,"pvt_199",500,0.1,40,0.72,0.0644444444444444,0.0244444444444444,0.0660469749233868,4.12590946964067e-14,3.91705493052335
100,"missing","alt",9,"mm_199",500,0.0285714285714286,35,0.68,0.0533333333333333,0.0133333333333333,0.0889122573404051,9.54696259867651e-11,3.91705493052335
100,"missing","alt",9,"pvw_999",500,0.0277777777777778,36,0.7,0.0577777777777778,0.0111111111111111,0.0631454948039269,1.57542791424361e-07,3.91705493052335
100,"missing","alt",9,"pvt_999",500,0.075,40,0.74,0.0711111111111111,0.02,0.068002379053817,6.77809125818433e-14,3.91705493052335
100,"missing","alt",9,"mm_999",500,0.0571428571428571,35,0.66,0.0533333333333333,0.0133333333333333,0.0933333333333334,1.28306132190358e-09,3.91705493052335
100,"missing","alt",10,"ols",500,0.0294117647058824,34,0.66,0.0466666666666667,0.0177777777777778,0.0250275116203042,4.41387390737009e-09,3.74477122818049
100,"missing","alt",10,"modt",500,0.0540540540540541,37,0.7,0.0466666666666667,0.02,0.0271577242650561,4.79975285024925e-09,3.74477122818049
100,"missing","alt",10,"fl_199",500,0,0,0,0.0422222222222222,0.00444444444444444,0.0355555555555556,0.005,3.74477122818049
100,"missing","alt",10,"fl_999",500,0.0540540540540541,37,0.7,0.0466666666666667,0.0133333333333333,0.0271111111111111,0.001,3.74477122818049
100,"missing","alt",10,"fl_9999",500,0.0277777777777778,36,0.7,0.0466666666666667,0.0177777777777778,0.0261111111111111,1e-04,3.74477122818049
100,"missing","alt",10,"pvw_199",500,0.0277777777777778,36,0.7,0.0488888888888889,0.0155555555555556,0.0297108566991299,1.54777854328421e-07,3.74477122818049
100,"missing","alt",10,"pvt_199",500,0.0952380952380952,42,0.76,0.0511111111111111,0.0222222222222222,0.0308962064396114,1.16450464352905e-14,3.74477122818049
100,"missing","alt",10,"mm_199",500,0.0526315789473684,38,0.72,0.0511111111111111,0.0155555555555556,0.0962487351728298,1.82771404946836e-12,3.74477122818049
100,"missing","alt",10,"pvw_999",500,0.0285714285714286,35,0.68,0.0488888888888889,0.0177777777777778,0.027922856486594,1.84374135577638e-07,3.74477122818049
100,"missing","alt",10,"pvt_999",500,0.0769230769230769,39,0.72,0.0577777777777778,0.0244444444444444,0.0282404628218321,5.2995935642961e-13,3.74477122818049
100,"missing","alt",10,"mm_999",500,0.0277777777777778,36,0.7,0.0511111111111111,0.02,0.113333333333333,1.40924898942071e-11,3.74477122818049
100,"missing","alt",11,"ols",500,0.025,40,0.78,0.04,0.00888888888888889,0.043526609153607,2.0012571072453e-08,4.27594234488828
100,"missing","alt",11,"modt",500,0.025,40,0.78,0.0444444444444444,0.00666666666666667,0.0399864264910906,1.05428448074123e-08,4.27594234488828
100,"missing","alt",11,"fl_199",500,0,0,0,0.0422222222222222,0.00444444444444444,0.0461111111111111,0.005,4.27594234488828
100,"missing","alt",11,"fl_999",500,0.0285714285714286,35,0.68,0.0422222222222222,0.00222222222222222,0.0422222222222222,0.001,4.27594234488828
100,"missing","alt",11,"fl_9999",500,0.025,40,0.78,0.0422222222222222,0.00888888888888889,0.0409333333333333,1e-04,4.27594234488828
100,"missing","alt",11,"pvw_199",500,0.024390243902439,41,0.8,0.0466666666666667,0.00888888888888889,0.0369433198494014,3.75180532428499e-07,4.27594234488828
100,"missing","alt",11,"pvt_199",500,0.0888888888888889,45,0.82,0.0488888888888889,0.0111111111111111,0.0290952189608634,3.55811550668198e-12,4.27594234488828
100,"missing","alt",11,"mm_199",500,0.0714285714285714,42,0.78,0.0466666666666667,0.0111111111111111,0.0889565161563612,1.02461059854155e-11,4.27594234488828
100,"missing","alt",11,"pvw_999",500,0.025,40,0.78,0.0422222222222222,0.00444444444444444,0.0365155331046627,3.49886769072359e-07,4.27594234488828
100,"missing","alt",11,"pvt_999",500,0.0238095238095238,42,0.82,0.0488888888888889,0.0111111111111111,0.0278037449193363,1.17025034931523e-11,4.27594234488828
100,"missing","alt",11,"mm_999",500,0.024390243902439,41,0.8,0.04,0.00666666666666667,0.128888888888889,1.55671473387315e-11,4.27594234488828
100,"missing","alt",12,"ols",500,0.0666666666666667,30,0.56,0.0511111111111111,0.00888888888888889,0.0366016812664907,1.5758804476293e-07,3.77063016081356
100,"missing","alt",12,"modt",500,0.0909090909090909,33,0.6,0.0488888888888889,0.00888888888888889,0.0375050704561484,4.0288514201134e-07,3.77063016081356
100,"missing","alt",12,"fl_199",500,0,0,0,0.04,0.00888888888888889,0.045,0.005,3.77063016081356
100,"missing","alt",12,"fl_999",500,0.08,25,0.46,0.0444444444444444,0.00888888888888889,0.0446666666666667,0.001,3.77063016081356
100,"missing","alt",12,"fl_9999",500,0.0909090909090909,33,0.6,0.0511111111111111,0.00888888888888889,0.0381,1e-04,3.77063016081356
100,"missing","alt",12,"pvw_199",500,0.0882352941176471,34,0.62,0.0422222222222222,0.00888888888888889,0.0320842009261581,8.55805111979214e-07,3.77063016081356
100,"missing","alt",12,"pvt_199",500,0.0769230769230769,39,0.72,0.0511111111111111,0.0111111111111111,0.0289425032175451,4.03580976902527e-09,3.77063016081356
100,"missing","alt",12,"mm_199",500,0.114285714285714,35,0.62,0.0466666666666667,0.0111111111111111,0.0780685212922775,8.03129193197354e-09,3.77063016081356
100,"missing","alt",12,"pvw_999",500,0.0967741935483871,31,0.56,0.0533333333333333,0.00666666666666667,0.0353564364598799,2.33904632973934e-06,3.77063016081356
100,"missing","alt",12,"pvt_999",500,0.0882352941176471,34,0.62,0.0533333333333333,0.0155555555555556,0.0286433227194575,3.14457462248724e-09,3.77063016081356
100,"missing","alt",12,"mm_999",500,0.09375,32,0.58,0.0533333333333333,0.0111111111111111,0.104444444444444,2.86886105231413e-07,3.77063016081356
100,"missing","alt",13,"ols",500,0.0357142857142857,28,0.54,0.04,0.0111111111111111,0.0416633665419683,2.73669026832251e-08,3.63511405517505
100,"missing","alt",13,"modt",500,0.0666666666666667,30,0.56,0.0422222222222222,0.0111111111111111,0.0427205200606391,1.49830359998588e-08,3.63511405517505
100,"missing","alt",13,"fl_199",500,0,0,0,0.0355555555555556,0.00444444444444444,0.045,0.005,3.63511405517505
100,"missing","alt",13,"fl_999",500,0.037037037037037,27,0.52,0.0377777777777778,0.00666666666666667,0.044,0.001,3.63511405517505
100,"missing","alt",13,"fl_9999",500,0.0967741935483871,31,0.56,0.0422222222222222,0.00888888888888889,0.0442888888888889,1e-04,3.63511405517505
100,"missing","alt",13,"pvw_199",500,0.037037037037037,27,0.52,0.0444444444444444,0.0111111111111111,0.0381955782852995,1.50557130142876e-07,3.63511405517505
100,"missing","alt",13,"pvt_199",500,0.0882352941176471,34,0.62,0.0488888888888889,0.0133333333333333,0.0381389930761886,5.66252246440119e-10,3.63511405517505
100,"missing","alt",13,"mm_199",500,0.03125,32,0.62,0.0422222222222222,0.0133333333333333,0.0933333333333334,2.63230306007583e-11,3.63511405517505
100,"missing","alt",13,"pvw_999",500,0.037037037037037,27,0.52,0.0422222222222222,0.00888888888888889,0.0389278458669874,5.37347071153707e-07,3.63511405517505
100,"missing","alt",13,"pvt_999",500,0.0833333333333333,36,0.66,0.0466666666666667,0.0111111111111111,0.0387137359708147,3.07542226141147e-10,3.63511405517505
100,"missing","alt",13,"mm_999",500,0,28,0.56,0.04,0.00888888888888889,0.126666666666667,2.50235068592997e-07,3.63511405517505
100,"missing","alt",14,"ols",500,0.0454545454545455,22,0.42,0.0511111111111111,0.00666666666666667,0.0744412048947551,4.79951456519549e-08,3.76525845917953
100,"missing","alt",14,"modt",500,0,23,0.46,0.0533333333333333,0.00888888888888889,0.0749605075201877,1.61233329593915e-07,3.76525845917953
100,"missing","alt",14,"fl_199",500,0,0,0,0.0422222222222222,0.00222222222222222,0.0705555555555556,0.005,3.76525845917953
100,"missing","alt",14,"fl_999",500,0,14,0.28,0.0511111111111111,0.00888888888888889,0.0723333333333333,0.001,3.76525845917953
100,"missing","alt",14,"fl_9999",500,0.0454545454545455,22,0.42,0.0488888888888889,0.00666666666666667,0.0745555555555555,1e-04,3.76525845917953
100,"missing","alt",14,"pvw_199",500,0.05,20,0.38,0.0533333333333333,0.00888888888888889,0.0746843233207279,5.79502828963e-07,3.76525845917953
100,"missing","alt",14,"pvt_199",500,0.0857142857142857,35,0.64,0.0644444444444444,0.0133333333333333,0.0744236493826686,1.72952913256828e-13,3.76525845917953
100,"missing","alt",14,"mm_199",500,0.0333333333333333,30,0.58,0.0555555555555556,0.0133333333333333,0.106453114804305,1.39098266574124e-12,3.76525845917953
100,"missing","alt",14,"pvw_999",500,0.0476190476190476,21,0.4,0.0577777777777778,0.00666666666666667,0.084014320398223,1.18083906016676e-06,3.76525845917953
100,"missing","alt",14,"pvt_999",500,0.0833333333333333,36,0.66,0.0622222222222222,0.0111111111111111,0.0865637399845179,1.13476314426783e-10,3.76525845917953
100,"missing","alt",14,"mm_999",500,0.0454545454545455,22,0.42,0.0488888888888889,0.00888888888888889,0.1,7.52330545980787e-10,3.76525845917953
100,"missing","alt",15,"ols",500,0.0384615384615385,26,0.5,0.0511111111111111,0.0111111111111111,0.0314582161517756,1.23270347461982e-07,3.85699230820791
100,"missing","alt",15,"modt",500,0.037037037037037,27,0.52,0.0488888888888889,0.00888888888888889,0.0307258250069985,1.21591723354392e-07,3.85699230820791
100,"missing","alt",15,"fl_199",500,0,0,0,0.0444444444444444,0.0111111111111111,0.0277777777777778,0.005,3.85699230820791
100,"missing","alt",15,"fl_999",500,0.0384615384615385,26,0.5,0.0488888888888889,0.0111111111111111,0.0248888888888889,0.001,3.85699230820791
100,"missing","alt",15,"fl_9999",500,0.04,25,0.48,0.0511111111111111,0.0111111111111111,0.0314777777777778,1e-04,3.85699230820791
100,"missing","alt",15,"pvw_199",500,0,25,0.5,0.0533333333333333,0.0111111111111111,0.0306352475930692,2.87141541433452e-07,3.85699230820791
100,"missing","alt",15,"pvt_199",500,0.129032258064516,31,0.54,0.0555555555555556,0.0111111111111111,0.0309828709270884,7.57504299653757e-12,3.85699230820791
100,"missing","alt",15,"mm_199",500,0.121212121212121,33,0.58,0.0533333333333333,0.0155555555555556,0.0866280219617818,5.96295040267503e-10,3.85699230820791
100,"missing","alt",15,"pvw_999",500,0.0384615384615385,26,0.5,0.0511111111111111,0.0111111111111111,0.0405889952207017,9.82796120570354e-07,3.85699230820791
100,"missing","alt",15,"pvt_999",500,0.1,30,0.54,0.0577777777777778,0.0155555555555556,0.0413365625360098,2.11744975114182e-09,3.85699230820791
100,"missing","alt",15,"mm_999",500,0.103448275862069,29,0.52,0.0466666666666667,0.0111111111111111,0.1,3.87168153386419e-08,3.85699230820791
