"simulator","regime_id","method","arm","fdr_05","tpr_05","fdr_10","tpr_10","pauc10","fpr05","ks_null","shadow","est_bias","est_rmse","ci_cover","runtime_s","n_pos","n_tested","n_rej_05","tp_05","fp_05","fdr_05_se","tpr_05_se","fdr_10_se","tpr_10_se","pauc10_se","fpr05_se","ks_null_se","shadow_se","est_bias_se","est_rmse_se","ci_cover_se","runtime_s_se","n_pos_se","n_tested_se","n_rej_05_se","tp_05_se","fp_05_se","n_cells"
"implant","B_abund","adapt","single",0.03,0.00466419404201341,0.0713095238095238,0.00809202383534806,0.110640170008376,0.0538302004869825,0.0764604037297041,NA,-0.0570379788720441,1.27065803461436,NA,0.567559999999998,47.13,479.83,0.2,0.11,0.09,0.0156023826204315,0.00182490343682081,0.0235887400537103,0.00242987819762495,0.00670655022700554,0.00335990141501708,0.00460371318413019,NA,0.0328000196586161,0.0443067837907965,NA,0.0400664632677729,4.38762389390242,45.2090096835316,0.0724743075339479,0.034509550720186,0.0621093854226216,100
"implant","B_abund","aldex2","single",0.0133333333333333,0.00175,0.015,0.00338101604278075,0.118589773630417,0.00601789788124858,0.274740084865242,NA,-0.0151973204185926,0.629886628388051,NA,17.20138,47.13,479.83,0.05,0.03,0.02,0.0105089347908202,0.00139289825340267,0.0111350751676807,0.00166233658323833,0.00692891022049453,0.000955451628078168,0.00475223263198211,NA,0.00275223692461446,0.0065530359075708,NA,1.56077402241531,4.38762389390242,45.2090096835316,0.0329523684408054,0.0222701503353613,0.014070529413629,100
"implant","B_abund","ancombc2","single",0,0.000666666666666667,0,0.000666666666666667,0.113777645771006,0.468537383567995,0.457878716095569,NA,-0.0156775791308109,0.843058203216757,0.497378077285441,88.20642,47.13,479.83,0.01,0.01,0,0,0.000666666666666667,0,0.000666666666666667,0.00609677792083613,0.00503014266161875,0.00430800528095579,NA,0.0156014286046194,0.0122710145440582,0.00452788690717853,8.68984909559877,4.38762389390242,45.2090096835316,0.01,0.01,0,100
"implant","B_abund","corncob","single",0.688691889193824,0.0658550410656696,0.723074897163411,0.100605319077221,0.120684116303782,0.129587480938135,0.122524124802156,NA,NA,NA,NA,17.22645,47.12,479.72,9.64,2.16,7.48,0.0300990299882633,0.00697598066981837,0.0229345360823064,0.00952268855628685,0.00580815808581355,0.00541130578812545,0.00707005683318381,NA,NA,NA,NA,1.62228851575747,4.3857961741066,45.2022035754985,1.00247370806098,0.240672458588914,0.80584731741807,100
"implant","B_abund","fastancom","single",0,0.0015654936461388,0,0.00169707259350723,0.116272031618062,0.0320437049987339,0.116238416193674,NA,-0.0174382158567681,0.457924836359315,NA,0.0492200000000045,47.13,479.83,0.04,0.04,0,0,0.00134191577111329,0,0.0013468071958143,0.00587372100004653,0.00315489437960078,0.00686324347591537,NA,0.0131455629466302,0.00677565042539996,NA,0.00345138180496477,4.38762389390242,45.2090096835316,0.0242878362539562,0.0242878362539562,0,100
"implant","B_abund","ldm","single",0.0446464646464646,0.00704655978248398,0.100863636363636,0.0116522979223144,0.145324244028943,0.0566914268959752,0.0826372998024045,NA,NA,NA,NA,15.37362,47.13,479.83,0.37,0.15,0.22,0.0186291765726103,0.00317279523620682,0.0272030898095252,0.00368139922937892,0.00705130705545024,0.00321328282254243,0.00541391196343701,NA,NA,NA,NA,2.10761264543271,4.38762389390242,45.2090096835316,0.150859490449179,0.053889149223572,0.115976312454333,100
"implant","B_abund","limma_logtss","single",0.0393333333333333,0.00717596553773023,0.0873095238095238,0.0135408131206369,0.113413318785199,0.0578361664415789,0.113853683040785,NA,-0.0186545510373922,0.467834293205789,0.888669283646277,0.03831,47.13,479.83,0.31,0.13,0.18,0.0178368966514605,0.00306099271293109,0.0256945995805598,0.00514431176502039,0.00649979781536958,0.00525148750934567,0.00661977285058109,NA,0.0161971691849562,0.00657502864404096,0.00466169279922973,0.000539490032298565,4.38762389390242,45.2090096835316,0.139040725085578,0.0463953149846539,0.10766577539738,100
"implant","B_abund","linda","single",0.0554166666666667,0.00471996278575226,0.0868900966183575,0.0103838839925857,0.116005597490407,0.0577350767634488,0.0790141475889648,NA,-0.021589202102099,0.436011741573013,0.873922692661086,0.40846,47.13,479.83,0.32,0.09,0.23,0.0223014292320301,0.00247249815738261,0.0261187314151841,0.00430752048006316,0.00619563139227672,0.00371218463029322,0.00494511253116372,NA,0.0065967739999819,0.00611831954717709,0.00375215038625371,0.0494738486577514,4.38762389390242,45.2090096835316,0.150339682725554,0.0404395046378357,0.127013082917955,100
"implant","B_abund","lm_logtss","single",0.0325909090909091,0.00731975638740344,0.0752464494569758,0.0135815931614668,0.116684124595443,0.0584264275769381,0.113285904382087,NA,-0.0186545510373922,0.467834293205789,0.888488122399352,0.03604,47.13,479.83,0.33,0.14,0.19,0.0155463774904708,0.00309834729938913,0.024013183672239,0.0051948897071406,0.00652849540574093,0.0051968544887679,0.00660639140157103,NA,0.0161971691849562,0.00657502864404096,0.00461850124988107,0.000343164124234459,4.38762389390242,45.2090096835316,0.14146063449282,0.0532195756495975,0.109816191700477,100
"implant","B_abund","locom","single",0.0416666666666667,0.0023270546986253,0.131,0.00872281738781124,0.14519380675662,0.0578090609758836,0.0804797874917083,NA,-0.019022476988503,1.01628312557271,NA,315.36719,47.13,479.83,0.2,0.11,0.09,0.0188584127285339,0.0010464921635562,0.0322387801414013,0.00258702645155694,0.00747096296327322,0.0032646037989501,0.00512152421368345,NA,0.00737203696577837,0.0181910814369707,NA,31.3142136355436,4.38762389390242,45.2090096835316,0.0681649810860727,0.0490207130000197,0.0428645977162243,100
"implant","B_abund","locom2","single",0.191904761904762,0.00451836464205954,0.190198412698413,0.0117473468011998,0.135762851841214,0.0480482937136802,0.0904726098144387,NA,NA,NA,NA,62.29848,47.13,479.83,0.48,0.16,0.32,0.0373005434135964,0.00161407410551077,0.0352977642059115,0.0038092061692826,0.00666214805771956,0.00266600055147943,0.00454061727850167,NA,NA,NA,NA,7.00744848535074,4.38762389390242,45.2090096835316,0.102966111910765,0.0443129367525598,0.0776940386153509,100
"implant","B_abund","logistic_presence","single",0.0766666666666667,0.000925229741019214,0.167380952380952,0.00363565820144767,0.0634815781457809,0.0593863273414285,0.125009577507028,NA,-0.0436640033838472,0.734188055203651,NA,0.54963,46.99,478.44,0.17,0.03,0.14,0.0253394463650559,0.000728396201509127,0.0357286406937275,0.00171569039115981,0.00411864723426284,0.00318885747122282,0.00287898067477795,NA,0.0175511374271405,0.0370334355959957,NA,0.0491314309384594,4.39160114378123,45.2511226938129,0.0620442982835244,0.0171446607997765,0.0532195756495975,100
"implant","B_abund","maaslin3","abundance",0.08,0.00673888788711516,0.242334776334776,0.0201495693973575,0.145392402423468,0.0518245322056094,0.0642397279636793,NA,-0.0105509032860721,0.874992814956669,NA,13.54428,47.12,479.74,0.46,0.33,0.13,0.023716195151371,0.00157218083230379,0.0354682311823912,0.00277849913190512,0.00665804134029144,0.00190229574296755,0.00386289439775211,NA,0.0148246061015706,0.0133704794336484,NA,1.15511619705683,4.3857961741066,45.2018651175038,0.0925726577867189,0.0725509225553773,0.0337997668989631,100
"implant","B_abund","maaslin3","combined",0.116666666666667,0.00944680652132684,0.302781010656011,0.0261107643111394,0.141955231582875,0.0575482856565598,0.0999731916807267,NA,NA,NA,NA,13.54428,47.13,479.83,0.68,0.47,0.21,0.0269054961653883,0.00175335302875945,0.0362445793874145,0.00301970664843374,0.00612993220108435,0.00248577193977224,0.00455123141324672,NA,NA,NA,NA,1.15511619705683,4.38762389390242,45.2090096835316,0.107195657985336,0.079715402868865,0.0433333333333333,100
"implant","B_abund","maaslin3","presence",0.02,NA,0.23,NA,NA,0.0446987994763476,0.0759471102793459,0.0620007890204848,NA,NA,NA,13.54428,0,478.98,0.02,NA,0.02,0.014070529413629,NA,0.0422952584681651,NA,NA,0.00272534966079942,0.00415941902044102,0.00661939033988534,NA,NA,NA,1.15511619705683,0,45.2342410306193,0.014070529413629,NA,0.014070529413629,100
"implant","B_abund","pursue","abundance",0.0666666666666667,0.00479453942214345,0.119166666666667,0.00839574740056958,0.143905936095482,0.0542048016197416,0.0657546953785793,NA,-0.0113586585940974,0.864970327931829,0.942732462018922,18.63223,47.12,479.74,0.24,0.15,0.09,0.024158102511316,0.00179901343230653,0.0302963060721297,0.00223412153491886,0.00671399575868538,0.00216883353370815,0.00381246214590772,NA,0.0136492735595737,0.0134474161354153,0.00218356728982759,1.73589391833956,4.3857961741066,45.2018651175038,0.0605029425780768,0.0457816513022367,0.0320825954263823,100
"implant","B_abund","pursue","combined",0.0483333333333333,0.00347510776019211,0.101904761904762,0.00554025503122173,0.124412046209943,0.0457637537862222,0.108981742749491,NA,NA,NA,NA,18.63223,47.13,479.83,0.18,0.12,0.06,0.0204185991664265,0.00129513390327524,0.0289676708316645,0.00187967262133542,0.00577851854808836,0.00192880475080845,0.00501033858709525,NA,NA,NA,NA,1.73589391833956,4.38762389390242,45.2090096835316,0.050010099990003,0.0383497988352882,0.0238683256575942,100
"implant","B_abund","pursue","presence",0.02,NA,0.07,NA,NA,0.0346002154192144,0.187455324600846,0.0365153460137078,NA,NA,NA,18.63223,0,478.43,0.02,NA,0.02,0.014070529413629,NA,0.0256432399976243,NA,NA,0.00165498640404608,0.00714386260432129,0.00412441060330312,NA,NA,NA,1.73589391833956,0,45.2507899479014,0.014070529413629,NA,0.014070529413629,100
"implant","B_abund","wilcoxon_tss","single",0.0283333333333333,0.00458065953654189,0.0504761904761905,0.00498065953654189,0.103073443370428,0.0555072913885654,0.0809265075445658,NA,-0.0389848127642871,1.58613653799657,NA,0.27077,47.13,479.83,0.19,0.0800000000000001,0.11,0.0151785113033922,0.00288629027684056,0.0210015165692041,0.00290751717649029,0.00524123776354093,0.00330733631048362,0.00502139502247684,NA,0.0352796580037135,0.0486195905769287,NA,0.0236121345921964,4.38762389390242,45.2090096835316,0.0950225916784684,0.0464497121366297,0.0584220105194208,100
"implant","B_abund","zicoseq","single",0.03,0.00688292239023488,0.0945151515151515,0.011203036162126,0.118702814483351,0.0600459771410018,0.0771137570190718,NA,NA,NA,NA,119.29426,47.13,479.83,0.27,0.15,0.12,0.0138898989531707,0.00351848340977732,0.0271122269411646,0.00398436322116324,0.0063168499027572,0.00387612434116882,0.0049143832941589,NA,NA,NA,NA,11.1006627999915,4.38762389390242,45.2090096835316,0.0919540948275581,0.0435194139889245,0.074236858171067,100
"implant","B_allup","adapt","single",0.0700102675280105,0.111340776913316,0.09523710019164,0.138437175193486,0.36412051987458,0.0493689514452139,0.0753652742353359,NA,0.0129884192955959,1.29965926363849,NA,0.622199999999996,49.31,476.33,6.1,5.63,0.47,0.0187387028769625,0.00909268437778772,0.0188953788293504,0.0108387158347282,0.0123768524977527,0.00296164652497626,0.00447963340571009,NA,0.0319110875833203,0.0363562112446883,NA,0.0468757523845336,4.59755523527604,44.5493122644146,0.681279248283267,0.630320585419864,0.116735910187366,100
"implant","B_allup","aldex2","single",0,0.0446218935082339,0.00125,0.05827084009612,0.272492622808619,0.0041616652661045,0.272682899289509,NA,-0.04726751276552,0.694341427252418,NA,17.38894,49.31,476.33,1.88,1.88,0,0,0.00506972446565204,0.00125,0.00600633409507953,0.00859317038200976,0.000578880184922749,0.00496429019426152,NA,0.00287392684476054,0.0144168286340347,NA,1.57070442009857,4.59755523527604,44.5493122644146,0.203643578515766,0.203643578515766,0,100
"implant","B_allup","ancombc2","single",0.009,0.0263614602397971,0.009,0.0263614602397971,0.103515973717076,0.465242150012555,0.454140325720421,NA,-0.0809663815742283,0.841047333038748,0.499806647785112,111.51908,49.31,476.33,1.24,1.21,0.03,0.00637149586800145,0.00368232123945038,0.00637149586800145,0.00368232123945038,0.006621730849164,0.00599956951284294,0.00511145520634373,NA,0.0151850286714944,0.011997042942004,0.0058236905924821,11.1117655162725,4.59755523527604,44.5493122644146,0.155777619273972,0.151953608018694,0.0222701503353614,100
"implant","B_allup","corncob","single",0.61695838768325,0.0885067243901561,0.693596149730923,0.127280905072161,0.152908886120058,0.121090992810464,0.117292798281187,NA,NA,NA,NA,17.12095,49.27,476.23,11.2,3.38,7.82,0.0308855650619535,0.00853903188066172,0.0222295624971344,0.0110089604017633,0.00742386050586633,0.00442400351437486,0.00644881891113657,NA,NA,NA,NA,1.60910053187858,4.5948555994501,44.5420329349683,1.32832392301142,0.396392826281295,1.00175401726727,100
"implant","B_allup","fastancom","single",0.0209336219336219,0.0544884999413933,0.0414310268584462,0.0662750293318408,0.20836852775378,0.0441881809112314,0.137939900042434,NA,-0.210436199946061,0.484165258700523,NA,0.0480800000000055,49.31,476.33,2.53,2.35,0.18,0.00742701955406304,0.00585420386458556,0.013177989507357,0.00615942835765384,0.0102925268986074,0.00540134242177815,0.00850823657992374,NA,0.0155060203312475,0.0102019720637493,NA,0.00310901848814013,4.59755523527604,44.5493122644146,0.293517504167171,0.257954267342884,0.0701801433829579,100
"implant","B_allup","ldm","single",0.0704402264402264,0.0673063099732707,0.131657792997396,0.0870301466902747,0.283218087854863,0.0528347242782057,0.07686213317529,NA,NA,NA,NA,22.70311,49.31,476.33,3.15,2.89,0.26,0.018206452625119,0.00708509136068682,0.0237563643878889,0.00834969989321756,0.0108346023776636,0.00311633701433843,0.00516160304451706,NA,NA,NA,NA,2.81942138239284,4.59755523527604,44.5493122644146,0.348843688766071,0.334813380855664,0.0579445921340012,100
"implant","B_allup","limma_logtss","single",0.0345606774422242,0.0855791385142086,0.0823588041751759,0.110643557782479,0.325801561882453,0.04814687150463,0.10898324669411,NA,-0.0596287242626482,0.444257740110909,0.917947978356619,0.03843,49.31,476.33,4.75,4.07,0.68,0.0122913498350588,0.00765217715624773,0.0190754198539242,0.00932640947141594,0.0148780367906146,0.00458413429968208,0.00663163768948183,NA,0.0157383227989958,0.00861391135932675,0.00457001955151973,0.000601388124897457,4.59755523527604,44.5493122644146,0.741875183490315,0.524790482483296,0.416546649381688,100
"implant","B_allup","linda","single",0.0678713819705199,0.110976813204114,0.112834225835491,0.141330316167516,0.344264375150799,0.0551355360306046,0.0815552956136913,NA,-0.0481535612118972,0.409556221721973,0.900474494865178,0.36731,49.31,476.33,5.5,5.02,0.48,0.0167366064620526,0.0079872928076228,0.0195491954485792,0.00987988324928163,0.0109771372631681,0.00315581342545212,0.00473206528588342,NA,0.00600852244560614,0.00747982085112609,0.00310498742544213,0.0430481517922346,4.59755523527604,44.5493122644146,0.55605028476921,0.51482663552546,0.113244171700986,100
"implant","B_allup","lm_logtss","single",0.0365033993783994,0.0876773023289378,0.0712830188493905,0.112430539656111,0.323508547299137,0.0485190212921483,0.10972352778289,NA,-0.0596287242626482,0.444257740110909,0.917569699718021,0.03639,49.31,476.33,4.85,4.25,0.6,0.0144784099801253,0.00762141848867662,0.0179794707300779,0.00939972218510768,0.0148203282162097,0.00462674826473914,0.00658811434066869,NA,0.0157383227989958,0.00861391135932675,0.00459506198745502,0.00037142776667691,4.59755523527604,44.5493122644146,0.699693295001965,0.519590942448718,0.375782012890613,100
"implant","B_allup","locom","single",0.041,0.0265439335068601,0.095296176046176,0.0410820660259381,0.213867388399485,0.0517365921222386,0.073052563787047,NA,-0.0824669509628586,0.995338729773271,NA,313.6252,49.31,476.33,1.09,0.98,0.11,0.0155923446640078,0.00412487489820631,0.0214266944758118,0.00587860724887298,0.00867217264106959,0.00260419500612392,0.00440995785900826,NA,0.00824167865128923,0.0150449611111022,NA,30.7894178566486,4.59755523527604,44.5493122644146,0.155761407805708,0.144236057919095,0.0423906793643331,100
"implant","B_allup","locom2","single",0.0884126984126984,0.0354916654208334,0.146260101010101,0.0439383647689473,0.213386454274616,0.0434942011818825,0.0890780811811314,NA,NA,NA,NA,59.71538,49.31,476.33,1.94,1.6,0.34,0.0213107438169436,0.00516080477012872,0.0262645880174871,0.00580064362668528,0.00930502571711655,0.00226363994359651,0.004296907340549,NA,NA,NA,NA,6.53516262544136,4.59755523527604,44.5493122644146,0.269986905780501,0.233116782629296,0.0806789372084865,100
"implant","B_allup","logistic_presence","single",0.0511658420399839,0.129409402639604,0.100308879222105,0.155946164512335,0.342704247650154,0.0559598073552524,0.119124969467883,NA,-0.0165050435279857,0.862933884199716,NA,0.54648,49.14,474.94,6.97,6.55,0.42,0.0117671986589949,0.00918117431447662,0.0177655438128973,0.0101055042614429,0.0110051861236741,0.00262610364284989,0.00305958726312225,NA,0.0166271759030252,0.0473124782531233,NA,0.0487132456215956,4.59995652153365,44.5954040753805,0.740113968837697,0.692145690274567,0.0912096043144138,100
"implant","B_allup","maaslin3","abundance",0.13,0.0104899697079637,0.349871572871573,0.0262462715925543,0.151690074615404,0.0486817490911979,0.0635272080694999,0.0661273582313432,-0.126052952638503,0.876515305574208,NA,13.43701,33.74,476.24,0.48,0.26,0.22,0.0318543965783257,0.00300709396622511,0.040169377094994,0.0038885397523772,0.00914126634934294,0.00157403627851265,0.00350856560708003,0.0113774011659512,0.0178841710034965,0.0154390065796053,NA,1.16195414585503,3.15938940527144,44.5425687212,0.0958534234541406,0.062957417066112,0.0595945899517326,100
"implant","B_allup","maaslin3","combined",0.0616738816738817,0.0893678038608677,0.173446853096613,0.13983178360825,0.308395588049749,0.0499761251183557,0.0919874201506677,NA,NA,NA,NA,13.43701,49.31,476.33,4.48,4.13,0.35,0.0165181171224187,0.00720975319577242,0.023039433948395,0.00859026732641833,0.00938123649572988,0.00187136170179519,0.00397971095451966,NA,NA,NA,NA,1.16195414585503,4.59755523527604,44.5493122644146,0.446417841140886,0.417702953755127,0.0821122660899348,100
"implant","B_allup","maaslin3","presence",0.00366666666666667,0.131414904168215,0.0487711412770236,0.191081933508349,0.501986081157257,0.0385924292662366,0.0778344215348994,0.0538597989879191,NA,NA,NA,13.43701,32.15,475.39,3.97,3.95,0.02,0.00259045125614008,0.0112259089860814,0.0157182038322163,0.0128950961740322,0.0144440968631259,0.00191062328190706,0.00423252404786491,0.0121138494158353,NA,NA,NA,1.16195414585503,3.04592375399509,44.5664409119189,0.414254837880103,0.413747348857813,0.014070529413629,100
"implant","B_allup","pursue","abundance",0.0291666666666667,0.00672992259313014,0.0857222222222222,0.00971838945171767,0.146761193288377,0.0518352923303266,0.0642477289815061,0.0635432657423606,-0.0394459625831154,0.851016676237475,0.944828638823262,18.45063,33.74,476.24,0.18,0.0900000000000001,0.09,0.0148115263606191,0.00255765849635576,0.0257981767221021,0.0030324085019463,0.00996574968154496,0.00192206332526119,0.00339865130560941,0.00952810868489082,0.00931288052026652,0.0124124921336369,0.00203498637425002,1.70266582322747,3.15938940527144,44.5425687212,0.0641651908527647,0.0287623491264662,0.0473435755030621,100
"implant","B_allup","pursue","combined",0.0369285714285714,0.0475004107077307,0.0866696359196359,0.0653793821628837,0.221586137740954,0.0453240813247926,0.115569829328587,NA,NA,NA,NA,18.45063,49.31,476.33,2.29,2.15,0.14,0.0122492016370587,0.00543493756485338,0.0176673357760397,0.00747682391811795,0.00844525199511175,0.00174800027576781,0.00580510668104394,NA,NA,NA,NA,1.70266582322747,4.59755523527604,44.5493122644146,0.249563254871021,0.241366061735232,0.0449915817041636,100
"implant","B_allup","pursue","presence",0.0353098845598846,0.0878609947310605,0.0600783660783661,0.106236819886715,0.327907217707073,0.033903704994053,0.18203762551727,0.0315898661295266,NA,NA,NA,18.45063,32.12,474.94,2.62,2.48,0.14,0.0127354554721608,0.0106463216437064,0.0149154423613415,0.0115571693795905,0.0120385476984782,0.00161208461301434,0.00724705289246791,0.00710665686294448,NA,NA,NA,1.70266582322747,3.04837363493746,44.5954040753805,0.290864264223057,0.276149571534315,0.0376587548676509,100
"implant","B_allup","wilcoxon_tss","single",0.0301487415605063,0.101500359954765,0.0440922637098424,0.127220370020859,0.353409354410279,0.0493389025485238,0.0812523359075435,NA,-0.119862708573155,1.55467034290704,NA,0.26959,49.31,476.33,5,4.74,0.26,0.00839328618561082,0.00820644983728167,0.00999663330773487,0.00937188988796404,0.0118474215970226,0.00276598439870761,0.00481202007889235,NA,0.0327853918296625,0.0328429554599421,NA,0.0233862520911044,4.59755523527604,44.5493122644146,0.588612475627765,0.543951126741023,0.07992420652017,100
"implant","B_allup","zicoseq","single",0.0537101411660235,0.0720292596345115,0.0950334973334199,0.103104870916055,0.308385344502304,0.0557621514234142,0.0805386174032221,NA,NA,NA,NA,119.4436,49.31,476.33,4.25,3.93,0.32,0.0134451247998319,0.00671205226116763,0.0187450806723616,0.00889888398619489,0.0126439517266375,0.00301226132592364,0.0051429971346243,NA,NA,NA,NA,11.038704927205,4.59755523527604,44.5493122644146,0.481658540352966,0.459304480775668,0.0763828739597001,100
"implant","B_conf04","adapt","single",0.0365498472116119,0.102591602435009,0.0913409599590474,0.134906835703447,0.35023047170309,0.0456236680681727,0.0765061623952479,NA,0.00313010396072674,1.33593534861571,NA,0.683449999999991,47.59,474.63,4.75,4.4,0.35,0.00964625630538262,0.00861345336513807,0.0156194001399748,0.00956313566797237,0.0125780630955617,0.00236802666120636,0.00395847737540763,NA,0.0332432009850406,0.0276900260103047,NA,0.0521849844400671,4.42285375674296,44.7336983569084,0.499570522619887,0.434381017871256,0.114039688288992,100
"implant","B_conf04","aldex2","single",0,0.0290372145151773,0,0.0400260485639025,0.289591447688111,0.00199742826936232,0.317790521373639,NA,NA,NA,NA,130.85715,47.59,474.63,1.03,1.03,0,0,0.0041828897528562,0,0.00531226964268417,0.0106573270686835,0.000401882610469032,0.00394384676794417,NA,NA,NA,NA,13.1009858610638,4.42285375674296,44.7336983569084,0.129064231131541,0.129064231131541,0,100
"implant","B_conf04","ancombc2","single",0.0123076923076923,0.0240409833777025,0.0123076923076923,0.0240409833777025,0.0808678064505229,0.512950671677723,0.495148147193552,NA,0.0134709591241,0.935728978596045,0.453333664838397,166.21912,47.59,474.63,1.09,1.04,0.05,0.00737252960765376,0.00432769729789399,0.00737252960765376,0.00432769729789399,0.00476085771382499,0.00434475485794107,0.00412504545072507,NA,0.0167582274876601,0.0123857523161029,0.00416544779488455,16.5176613956843,4.42285375674296,44.7336983569084,0.179277449893744,0.160126212846005,0.0329523684408054,100
"implant","B_conf04","corncob","single",0.571502562790543,0.0811656684787701,0.642479389802824,0.120090328458341,0.149927248242621,0.123946884569827,0.122476654203213,NA,NA,NA,NA,20.24742,47.49,473.92,10.15,3.01,7.14,0.0329496948634614,0.00768245488908242,0.0269756278493384,0.0102315157651084,0.00782108809820294,0.0044535308919943,0.00590976971457424,NA,NA,NA,NA,1.99718022965714,4.4061594857814,44.66102108148,1.1513167691953,0.303346653054211,0.906544109363809,100
"implant","B_conf04","fastancom","single",0.00348484848484849,0.0510564051047562,0.0144318181818182,0.0672656111240107,0.302916000260076,0.0289514917146376,0.135009223860921,NA,-0.00931789301329912,0.455549448898972,NA,0.0509499999999866,47.59,474.63,2.52,2.49,0.03,0.00245404658853664,0.00483822062296847,0.00722845745104637,0.00652821443615078,0.00971774382493206,0.00485786084290572,0.00986450544568714,NA,0.0188683211868391,0.00946594316722114,NA,0.00336420176793012,4.42285375674296,44.7336983569084,0.285147489747132,0.278703709296732,0.0222701503353614,100
"implant","B_conf04","ldm","single",0.0219761904761905,0.0507842419046593,0.0597699522699523,0.0719360732775178,0.279025235420531,0.0438253212800224,0.0817124869935098,NA,NA,NA,NA,23.9566,47.59,474.63,2.37,2.19,0.18,0.00748605175869284,0.00696874064176272,0.0146248721503224,0.00896219936407682,0.0110544979259153,0.00230619328857605,0.00477732453026181,NA,NA,NA,NA,2.97439378928503,4.42285375674296,44.7336983569084,0.355236441392109,0.309673989540581,0.0808790092756714,100
"implant","B_conf04","limma_logtss","single",0.023294878650761,0.0787186132892053,0.0465833990770414,0.102437338455967,0.313487362322863,0.0477024296759958,0.118191145877779,NA,0.0255902308638114,0.455962582320799,0.921748187056577,0.03826,47.59,474.63,3.49,3.23,0.26,0.00809963145503601,0.00806510603786118,0.0126563576457941,0.00925816236338657,0.0121268704975115,0.00401592840567369,0.00644546937476814,NA,0.0175775983874978,0.00667056573177008,0.0038631670244237,0.000517300686255103,4.42285375674296,44.7336983569084,0.443925328146184,0.37141688848315,0.107890704142683,100
"implant","B_conf04","linda","single",0.0364659692159692,0.0991393974937792,0.07667313363455,0.118703304116537,0.341944556072816,0.0484127958782783,0.070959383105449,NA,-0.00717450006671792,0.41472787548338,0.909856099733064,0.593469999999999,47.59,474.63,4.4,4.15,0.25,0.0129634543287717,0.00848455723324887,0.0153449333667611,0.00939208919134536,0.011027207659646,0.00242763079085531,0.00336859062055716,NA,0.00673069129221321,0.00549986838404672,0.00260621306753128,0.0812789876246802,4.42285375674296,44.7336983569084,0.479267117270703,0.425541841169419,0.0914253020699732,100
"implant","B_conf04","lm_logtss","single",0.0227424242424242,0.0834456332078882,0.0554270451770452,0.107460655334545,0.312124668109066,0.0478520891431831,0.117865126970551,NA,0.0255902308638114,0.455962582320799,0.921666265409606,0.0453200000000001,47.59,474.63,3.64,3.42,0.22,0.00785337058649519,0.00806625018622385,0.013498072394895,0.00962958150361865,0.0122347414538519,0.00402123570565027,0.00641735942785044,NA,0.0175775983874978,0.00667056573177008,0.00385545211200998,0.000295720315586377,4.42285375674296,44.7336983569084,0.42462580080239,0.376635826036963,0.0798736375771004,100
"implant","B_conf04","locom","single",0.029,0.00680940076341281,0.04,0.0158839590090851,0.203810538357065,0.0402802240963592,0.089939478201066,NA,-0.00671207728771194,1.07914151685715,NA,372.34644,47.59,474.63,0.27,0.19,0.08,0.0135806606405706,0.00217751027153166,0.015144274364119,0.0037355456213594,0.00981721864364372,0.00311012372306235,0.00440120209977581,NA,0.00954971007131753,0.0201208206638367,NA,38.7540823098425,4.42285375674296,44.7336983569084,0.0789514618821801,0.0563090318750649,0.0393892771133865,100
"implant","B_conf04","locom2","single",0.112756493506494,0.0191396973578484,0.15974258776088,0.0278902236529417,0.199152310269279,0.0399788080598357,0.0950043754183083,NA,NA,NA,NA,158.77167,47.59,474.63,1.63,1.02,0.61,0.0255214242366352,0.00360046286984657,0.0283545504577742,0.00452923371778196,0.00913778353888546,0.00277487407761155,0.00479276163889305,NA,NA,NA,NA,28.7302815991257,4.42285375674296,44.7336983569084,0.34514087301017,0.178648122058844,0.192744662832736,100
"implant","B_conf04","logistic_presence","single",0.0575519645473206,0.122518011409847,0.09277964117776,0.151343693917415,0.339001628366225,0.054377878188953,0.0734761166899911,NA,-0.0258478648888924,0.836000054290645,NA,0.57839,47.49,473.22,5.76,5.27,0.49,0.0110082102570516,0.00909555270234405,0.0132584153241755,0.0103035536172828,0.0121341447151618,0.00260696516235118,0.00421189467385466,NA,0.0182478995549274,0.0384536993974988,NA,0.0522701063629291,4.42961783243364,44.7810872326407,0.572980864171807,0.50188634070863,0.124312249410649,100
"implant","B_conf04","maaslin3","abundance",0.105,0.00455199146832671,0.31775,0.0113554340155846,0.120547088090204,0.0482425520209279,0.0604459976170083,0.0549803256194266,-0.0153020566148806,0.98262645895746,NA,16.01673,31.37,474.52,0.24,0.12,0.12,0.0295547770839986,0.00163750393242845,0.0437793760604001,0.00331823852590439,0.007934442554934,0.00170814088286749,0.00279441277795053,0.00894337573543834,0.0151708791514566,0.0153490620628346,NA,1.34283794895081,2.92345633962558,44.7210376453947,0.0514830559553826,0.0356186309210063,0.032659863237109,100
"implant","B_conf04","maaslin3","combined",0.0502579365079365,0.0698742395967677,0.128853317956777,0.110154717582475,0.283714578407276,0.0493983165176936,0.0918483193884256,NA,NA,NA,NA,16.01673,47.59,474.63,2.96,2.73,0.23,0.0156857909418351,0.00746888620138485,0.0222322841055328,0.00859763436884201,0.0107694163180798,0.00195466729915777,0.00397515536934362,NA,NA,NA,NA,1.34283794895081,4.42285375674296,44.7336983569084,0.31969682608068,0.282075639973867,0.0649086382011772,100
"implant","B_conf04","maaslin3","presence",0.0025,0.100889232920416,0.0166488454356101,0.152101947403614,0.475756759882312,0.0379718447303267,0.0747862462382375,0.0503149710865679,NA,NA,NA,16.01673,31.43,473.73,2.49,2.47,0.02,0.00185584586128012,0.011497611922349,0.00645783949187956,0.0127815492981103,0.0147711950894878,0.00195569194278116,0.00415285015506061,0.00985944857313998,NA,NA,NA,1.34283794895081,2.93619884142127,44.757909644638,0.258783088451867,0.254040082735704,0.014070529413629,100
"implant","B_conf04","pursue","abundance",0.085,0.00508572908572909,0.1375,0.00858572908572909,0.121619305749657,0.0508599813358786,0.0610151570559829,0.0524186361726292,0.00566200188655259,0.969359644311987,0.94510997235514,36.7626,31.37,474.52,0.19,0.08,0.11,0.0266429819060946,0.00215555590595107,0.0335927406179106,0.00338914726843108,0.00896297611014082,0.00177257695725536,0.00304010121036418,0.00809527939231399,0.0122404327910108,0.0152112088534537,0.0018441983204694,3.46344800527632,2.92345633962558,44.7210376453947,0.0506423386569624,0.0307482445914323,0.034509550720186,100
"implant","B_conf04","pursue","combined",0.072452380952381,0.0379371734462507,0.122049062049062,0.0501524018548099,0.195457759769385,0.0514399526526075,0.0780373957811852,NA,NA,NA,NA,36.7626,47.59,474.63,1.53,1.36,0.17,0.020440286849937,0.00560904352730033,0.0244764223168328,0.00622078485388257,0.00902695714497038,0.00216799416973862,0.00375399736996138,NA,NA,NA,NA,3.46344800527632,4.42285375674296,44.7336983569084,0.182825743606453,0.166071665192464,0.0403394686042433,100
"implant","B_conf04","pursue","presence",0.0586071428571429,0.0671751598707639,0.117428210678211,0.0934873934335149,0.270682424721496,0.0499244912324413,0.10198506609103,0.0470088796605164,NA,NA,NA,36.7626,31.36,472.56,1.8,1.59,0.21,0.0182852271679443,0.00926460875756152,0.0237179159612114,0.00968037772793541,0.0135457631227232,0.00217049632110161,0.00451282653635927,0.00773291532945255,NA,NA,NA,3.46344800527632,2.93314462202895,44.7118864723822,0.226077666104176,0.195450786903021,0.0671121479617544,100
"implant","B_conf04","wilcoxon_tss","single",0,NA,0,NA,NA,NA,NA,NA,NA,NA,NA,0.01944,0,0,0,NA,0,0,NA,0,NA,NA,NA,NA,NA,NA,NA,NA,5.91522603033158e-05,0,0,0,NA,0,100
"implant","B_conf04","zicoseq","single",0.0716624111182935,0.0588672460517821,0.113031994787855,0.083764946400435,0.286665456679234,0.0522415908609479,0.0913818278970097,NA,NA,NA,NA,120.74671,47.59,474.63,3.56,3.04,0.52,0.0188614570648912,0.00662030325472866,0.023586969950648,0.0086599992657562,0.0126341549706182,0.00338777111759051,0.00596159466088606,NA,NA,NA,NA,11.2810808923998,4.42285375674296,44.7336983569084,0.492021187028413,0.387407858057691,0.184489467548594,100
"implant","B_conf07","adapt","single",0.0370046089531384,0.067555884621265,0.0659972326229729,0.088925234640421,0.296631080298823,0.0494903712522032,0.0709450734405823,NA,0.0513889296631689,1.52550094717998,NA,0.674010000000012,47.85,477.98,3.36,3.09,0.27,0.00921306621712364,0.00724620197645534,0.0119234158235507,0.00771652463367484,0.0102335112807223,0.00270811172827613,0.00383790012096524,NA,0.0326694354390629,0.0431089756805965,NA,0.0513202433034716,4.56104221210526,44.7631048020035,0.398106630048896,0.356496702635381,0.0649086382011772,100
"implant","B_conf07","aldex2","single",0,0.0169282279633519,0,0.0240734220272667,0.246647008352421,0.00309952911754511,0.310257170071093,NA,NA,NA,NA,129.61655,47.85,477.98,0.66,0.66,0,0,0.00319210683237886,0,0.00386285993986648,0.00997885870656527,0.000608596424125379,0.00441038270035498,NA,NA,NA,NA,12.7707758068555,4.56104221210526,44.7631048020035,0.102710734344055,0.102710734344055,0,100
"implant","B_conf07","ancombc2","single",0.00333333333333333,0.0146937579117827,0.00333333333333333,0.0146937579117827,0.0751089752584592,0.53818827375761,0.517607429579144,NA,0.00446570427820529,1.06284863372863,0.431077721349341,163.9098,47.85,477.98,0.75,0.74,0.00999999999999999,0.00333333333333333,0.00293969906617144,0.00333333333333333,0.00293969906617144,0.0051039392527367,0.00568606227689052,0.00500056634047271,NA,0.0190588531521341,0.0158851516593317,0.00553957763795631,16.2679195068085,4.56104221210526,44.7631048020035,0.126630776414557,0.125223033347735,0.00999999999999999,100
"implant","B_conf07","corncob","single",0.628266602195228,0.0591142878403889,0.704288727160859,0.0972998250989093,0.126510467588156,0.126980541558083,0.131186768468294,NA,NA,NA,NA,20.58041,47.76,477.18,8.94,2.22,6.72,0.0341976224821167,0.0078968830581084,0.0258235561138808,0.0102017191073764,0.00756665841781254,0.00521551081548696,0.00714171010017826,NA,NA,NA,NA,2.02123835634259,4.55534140910814,44.6857204498396,1.13349553206535,0.291141952256346,0.893871389298293,100
"implant","B_conf07","fastancom","single",0.00391666666666667,0.0393238905194826,0.00376165501165501,0.046955642651977,0.245199241557038,0.0243701698592928,0.118355099979312,NA,-0.0116913584322234,0.50817440896022,NA,0.0514599999999984,47.85,477.98,1.97,1.94,0.03,0.00228894466441801,0.00502806653348448,0.00188925890486095,0.00545605715634772,0.0105448877908258,0.00204400269009161,0.00596043460114234,NA,0.0175321278204455,0.0097450461289514,NA,0.00339900223030363,4.56104221210526,44.7631048020035,0.245959264098671,0.239030026430475,0.0171446607997765,100
"implant","B_conf07","ldm","single",0.0647083333333333,0.0337578583612574,0.100448107448107,0.0482676937584991,0.226047658138412,0.0518468325870906,0.080378909652487,NA,NA,NA,NA,21.92344,47.85,477.98,1.52,1.32,0.2,0.0202663118787338,0.00506681306776465,0.0231179723227028,0.00618510907791761,0.00952355285805058,0.00309105065387995,0.00471238100092246,NA,NA,NA,NA,2.61022591875365,4.56104221210526,44.7631048020035,0.238039127587517,0.201950088843353,0.0619546918189724,100
"implant","B_conf07","limma_logtss","single",0.0273661616161616,0.0531266024293776,0.0738581842134474,0.067278256804454,0.261744448955307,0.0525438348311616,0.105887081248018,NA,-0.0132146765215888,0.510056960249315,0.922548277236373,0.03815,47.85,477.98,2.37,2.22,0.15,0.00991149091687796,0.00678565448858158,0.0184897896133616,0.00734373625617056,0.00935229634719802,0.00490109160409316,0.00679779081099226,NA,0.0181874052765417,0.00996960420460647,0.00483363793235045,0.000507394811709297,4.56104221210526,44.7631048020035,0.300724713875254,0.276551637277395,0.05,100
"implant","B_conf07","linda","single",0.0631168300653595,0.067737326519324,0.120742780202179,0.0908406035163587,0.277934274497124,0.0534079123950851,0.071671113065567,NA,0.00760582164434961,0.469115307906934,0.908561369338111,0.60198,47.85,477.98,3.39,3.1,0.29,0.0182530880970983,0.00735812490768148,0.0227193061240585,0.00882428000624868,0.00952123393122587,0.00277662484135697,0.00431533181792595,NA,0.0076444028836168,0.00864593301102063,0.00290660067036919,0.0818189501400514,4.56104221210526,44.7631048020035,0.365395869454132,0.335297244880184,0.0769297199928728,100
"implant","B_conf07","lm_logtss","single",0.0409085914085914,0.0584506910313849,0.0694325396825397,0.073005834224271,0.262781892008837,0.0521902028086309,0.104927510165365,NA,-0.0132146765215888,0.510056960249315,0.922762360155552,0.04521,47.85,477.98,2.74,2.53,0.21,0.0147614476352954,0.00675445568806015,0.0167899589431041,0.00715491988017766,0.00932370778981692,0.00495225709150026,0.0067793294177987,NA,0.0181874052765417,0.00996960420460647,0.00490390608158642,0.000297903448530664,4.56104221210526,44.7631048020035,0.320863733309851,0.295916654932882,0.0700576962801433,100
"implant","B_conf07","locom","single",0.0266666666666667,0.00820124217028241,0.0600641025641026,0.00954822109299904,0.164784148750911,0.0442326461272609,0.101594944766009,NA,-0.0188292051353545,1.30419469833725,NA,364.27601,47.85,477.98,0.22,0.16,0.06,0.0139584118546462,0.00270187103952871,0.021084303095331,0.00285157146410263,0.00740891920419283,0.00351880528637302,0.00511402223168935,NA,0.0121107327820897,0.048193050682945,NA,38.8506121818894,4.56104221210526,44.7631048020035,0.069019101440372,0.0526471003163248,0.031204765240863,100
"implant","B_conf07","locom2","single",0.152004855089716,0.0148157004931129,0.171852564102564,0.0228199423868152,0.165664984903304,0.0472589945252824,0.110257930787796,NA,NA,NA,NA,176.9549,46.6,465.38,2.04,0.737373737373737,1.31,0.0317657642809431,0.00328151647661097,0.0317991769963837,0.00450852155217989,0.00863967060538836,0.00410762471872263,0.00586198509833988,NA,NA,NA,NA,51.8890658994715,4.51855881198571,44.3106749570746,0.920026350083782,0.205362984965327,0.750850695995394,100
"implant","B_conf07","logistic_presence","single",0.055925311942959,0.0816936220510527,0.116489191288793,0.106986825214467,0.299292777380373,0.0537763743280395,0.0695640683789156,NA,0.0378059957325922,0.883705021971788,NA,0.58151,47.72,476.63,4.39,3.89,0.5,0.0136220898500634,0.0086223467792741,0.0211883412954841,0.00984077907867835,0.0090877603092929,0.0024811581722737,0.0036626053943346,NA,0.0188060972954706,0.0339715933211352,NA,0.0522843265909652,4.56265207301564,44.8061495937125,0.536711836984798,0.463167618065255,0.108711461300922,100
"implant","B_conf07","maaslin3","abundance",0.065,0.00474382282231119,0.233833333333333,0.00843468567043027,0.0911661878242914,0.0494732907450751,0.0607404998746679,0.0435525160453675,-0.024524964503927,1.11890925326759,NA,15.96232,32.23,477.82,0.18,0.1,0.08,0.0242618293546955,0.00200214651494007,0.0399890943326344,0.00224957160837944,0.00748650911081479,0.00186877464166171,0.00322724106594971,0.00851879388781401,0.0188431308354082,0.0183964486481985,NA,1.33191540202731,3.10531818178122,44.7522436207494,0.045792681696639,0.0333333333333333,0.0307482445914323,100
"implant","B_conf07","maaslin3","combined",0.0175952380952381,0.0368436912124111,0.14547551095537,0.0688783650893885,0.245036988744114,0.0531505476972001,0.0967063549820018,NA,NA,NA,NA,15.96232,47.85,477.98,1.76,1.68,0.08,0.0071676573633017,0.00536548444620517,0.0252868326440125,0.00703118696840986,0.00960144290189253,0.00213310849066166,0.00467671294197354,NA,NA,NA,NA,1.33191540202731,4.56104221210526,44.7631048020035,0.248274855836035,0.239898968633705,0.0307482445914323,100
"implant","B_conf07","maaslin3","presence",0,0.0479163588132655,0.0242611642743222,0.0884660970464034,0.421835894247229,0.0373631262360085,0.0688808328603722,0.0498714834904927,NA,NA,NA,15.96232,31.62,477.1,1.42,1.42,0,0,0.00762772663162837,0.0116526287484377,0.00969457728641209,0.0130931448741593,0.0019045026001676,0.00343426659856032,0.00788829269708392,NA,NA,NA,1.33191540202731,2.97938302880365,44.7905845535249,0.213285979592914,0.213285979592914,0,100
"implant","B_conf07","pursue","abundance",0.0866666666666667,0.00484427609427609,0.111666666666667,0.00734427609427609,0.0888234061300062,0.0551184053666356,0.0660418262222682,0.0519108069871555,-0.0154045496444989,1.10340660608646,0.942437046176686,37.05638,32.23,477.82,0.17,0.06,0.11,0.0278765919205411,0.00211445817641632,0.030891632027022,0.0032367071185098,0.00835845819287134,0.00221277801357297,0.00384103583335341,0.00982972294413191,0.0147452033713594,0.0176409901057325,0.002158045517424,3.45968375210828,3.10531818178122,44.7522436207494,0.0472581562625261,0.0238683256575942,0.0373219679669936,100
"implant","B_conf07","pursue","combined",0.0428333333333333,0.0216073952320778,0.13375974025974,0.0334846327163139,0.159612966986262,0.0530349391596766,0.0813108629452916,NA,NA,NA,NA,37.05638,47.85,477.98,1.13,1.03,0.1,0.0171712425662279,0.00367427726739001,0.027216870973858,0.0051224088572874,0.00856461483335254,0.00196375319626601,0.00422654888258648,NA,NA,NA,NA,3.45968375210828,4.56104221210526,44.7631048020035,0.167967649602926,0.159199385816794,0.0389249472080761,100
"implant","B_conf07","pursue","presence",0.0543333333333333,0.0395112964951249,0.143296717171717,0.0585811991015759,0.231362926693969,0.045332944693612,0.110802065213555,0.0367462948831475,NA,NA,NA,37.05638,31.58,476.2,1.38,1.24,0.14,0.017623414432266,0.00687724844196533,0.0264515019844559,0.00889130184460873,0.0112641591070864,0.00177728846320462,0.00540602836897186,0.0069988081480042,NA,NA,NA,3.45968375210828,2.98214145820879,44.7851007872624,0.194770001631035,0.177023653044936,0.042687494916219,100
"implant","B_conf07","wilcoxon_tss","single",0,NA,0,NA,NA,NA,NA,NA,NA,NA,NA,0.0193799999999999,0,0,0,NA,0,0,NA,0,NA,NA,NA,NA,NA,NA,NA,NA,0.000100282429450858,0,0,0,NA,0,100
"implant","B_conf07","zicoseq","single",0.0540031746031746,0.0409601028003282,0.114218066370041,0.0548848372834603,0.238611508464534,0.0569077145001341,0.096218211616624,NA,NA,NA,NA,121.39349,47.85,477.98,2.45,2.01,0.44,0.0150962570181357,0.00558689590432935,0.0237992296502145,0.00664867250945336,0.0106056521269064,0.00368078005352244,0.00629263612347585,NA,NA,NA,NA,11.3858762023505,4.56104221210526,44.7631048020035,0.37046926289164,0.261887091100055,0.216641024123626,100
"implant","B_cont","adapt","single",0,NA,0,NA,NA,NA,NA,NA,NA,NA,NA,0.0222699999999922,0,0,0,NA,0,0,NA,0,NA,NA,NA,NA,NA,NA,NA,NA,0.000122148278826048,0,0,0,NA,0,100
"implant","B_cont","aldex2","single",0,0.00436948139579718,0,0.00600234608013245,0.238461929840151,0.00291777123325239,0.315017001457199,NA,NA,NA,NA,120.75051,46.22,475.91,0.08,0.08,0,0,0.00202180222635194,0,0.00230416906508479,0.010354379543762,0.000518420197908798,0.00500162816824046,NA,NA,NA,NA,11.9410304961083,4.40377661613853,44.5451810020461,0.03673547263198,0.03673547263198,0,100
"implant","B_cont","ancombc2","single",0.00333333333333333,0.00943972781235038,0.00333333333333333,0.00943972781235038,0.297464487579343,0.486161721207534,0.471744159392135,NA,-0.007223982051976,0.460811043138097,0.470811412105607,83.08064,46.22,475.91,0.24,0.23,0.00999999999999999,0.00333333333333333,0.00261465377112929,0.00333333333333333,0.00261465377112929,0.0120378115816674,0.0054651161110459,0.00483690445501497,NA,0.0083618391430061,0.0076888065685001,0.00501679216193522,8.08075122691054,4.40377661613853,44.5451810020461,0.0588097428882822,0.0547814758929522,0.00999999999999999,100
"implant","B_cont","corncob","single",0.454269966924857,0.173985421467615,0.550360739963712,0.23663544457665,0.281889472071542,0.117702514495234,0.11692773083518,NA,NA,NA,NA,17.61784,46.21,475.68,15.03,7.3,7.73,0.0286019949956928,0.0113627967623746,0.0242272880337501,0.0125581718953495,0.0123957280777446,0.00487753419302152,0.00661535082815238,NA,NA,NA,NA,1.72462379646617,4.40200356128154,44.5191296528863,1.57797050323855,0.710455821812641,0.983382638722799,100
"implant","B_cont","fastancom","single",0.0025,0.0161325380954866,0.00655555555555555,0.0249482075722136,0.277854049183905,0.0248932703137424,0.128659873323004,NA,-0.00441668451457113,0.30278849286233,NA,0.0490000000000042,46.22,475.91,0.58,0.57,0.01,0.0025,0.00354468868250416,0.00378066503518136,0.00448030068173666,0.0108754285078789,0.00250583936216381,0.0071926396406724,NA,0.00693768591154661,0.00313187645299519,NA,0.00313851924166675,4.40377661613853,44.5451810020461,0.115627405789877,0.113043300901857,0.01,100
"implant","B_cont","ldm","single",0.0251197691197691,0.0572335358064096,0.0691507403415298,0.0865426025092688,0.328223831655997,0.0458290350032412,0.0860319539325815,NA,NA,NA,NA,36.7796,46.22,475.91,2.26,2.11,0.15,0.00787676988500246,0.00726244346048962,0.0144190501110192,0.00925336912140811,0.0105250943416092,0.00230793232013593,0.00489692378856823,NA,NA,NA,NA,4.80156090786311,4.40377661613853,44.5451810020461,0.314504580750633,0.290208911167821,0.0457816513022368,100
"implant","B_cont","limma_logtss","single",0.0363730158730159,0.0343163738515109,0.0665218253968254,0.0524901590952584,0.274710446994647,0.0498188562708899,0.117512126850803,NA,0.0165319569365557,0.306100587040386,0.873365297295901,0.0378800000000001,46.22,475.91,1.03,0.83,0.2,0.0127275052291656,0.00631796871082876,0.0183344884821943,0.00877031316460895,0.00993640010548007,0.00497897299823149,0.00719308192732926,NA,0.00812515479098904,0.00314455708278852,0.00488485959446349,0.000479536813556122,4.40377661613853,44.5451810020461,0.183377405171064,0.133374993491617,0.0765413996382732,100
"implant","B_cont","linda","single",0.0466111111111111,0.0360013375818999,0.0745223665223665,0.0543248815304721,0.261423047124291,0.0506148746549025,0.0791161400804299,NA,-0.000665847951243444,0.298535943444081,0.867823274935919,0.35058,46.22,475.91,1.35,1.14,0.21,0.014656327129547,0.00569415592774346,0.0160528685044374,0.00711144552073754,0.0104486985393415,0.00319732003875815,0.00437275040389842,NA,0.00372134055471124,0.00296774149844711,0.00344119604981128,0.0393332490497299,4.40377661613853,44.5451810020461,0.210518839580171,0.165767270227834,0.0700576962801433,100
"implant","B_cont","lm_logtss","single",0.0448015873015873,0.0371957457002873,0.0726782106782107,0.058182605334346,0.269497379082322,0.0515349273829748,0.117265135187616,NA,0.0165319569365557,0.306100587040386,0.871706449682482,0.04431,46.22,475.91,1.22,0.99,0.23,0.0141361974836363,0.00618808173231675,0.0183135475724001,0.00901630552089452,0.00959464657908993,0.00499432436644675,0.00713419995413759,NA,0.00812515479098904,0.00314455708278852,0.00489608432673752,0.000291874817500434,4.40377661613853,44.5451810020461,0.192054285255103,0.14389600621998,0.07895146188218,100
"implant","B_cont","locom","single",0,NA,0,NA,NA,NA,NA,NA,NA,NA,NA,0.0218000000000072,0,0,0,NA,0,0,NA,0,NA,NA,NA,NA,NA,NA,NA,NA,0.000116341538305879,0,0,0,NA,0,100
"implant","B_cont","locom2","single",0,NA,0,NA,NA,NA,NA,NA,NA,NA,NA,0.0239200000000009,0,0,0,NA,0,0,NA,0,NA,NA,NA,NA,NA,NA,NA,NA,9.28559218478629e-05,0,0,0,NA,0,100
"implant","B_cont","logistic_presence","single",0.031,0.00438630763176218,0.116,0.00919046558762746,0.11971523540503,0.0520391390070869,0.0740347192592162,NA,-0.00179439827630416,0.370140408970734,NA,0.55838,46.12,474.49,0.15,0.08,0.07,0.0159351590180109,0.00206392032539132,0.0294219658812722,0.00361267411959344,0.00655430528182177,0.00277903569027401,0.0041278082433013,NA,0.00702230741192199,0.00333328411644059,NA,0.0504508196968177,4.40544383161735,44.5916636114461,0.0609271795844942,0.0307482445914323,0.0382838943376528,100
"implant","B_cont","maaslin3","abundance",0.0283996836496836,0.0727290315567724,0.124766782881721,0.125138798854359,0.336145093664868,0.0491904418777664,0.0667230870810771,NA,0.00659583931112236,0.477288850317763,NA,12.42568,46.22,475.91,3.52,3.35,0.17,0.0114906379726897,0.00626921818762741,0.0202447500752598,0.00862431439401466,0.0126759224109828,0.00190615070666887,0.00343164136892696,NA,0.0100112436712873,0.00779931403043398,NA,1.04996647131461,4.40377661613853,44.5451810020461,0.373484817751551,0.348843688766071,0.0513553671720273,100
"implant","B_cont","maaslin3","combined",0.0420936285936286,0.098095036834863,0.167029987781132,0.157766528255384,0.333515658006723,0.0528812187212632,0.0906054337819329,NA,NA,NA,NA,12.42568,46.22,475.91,4.65,4.29,0.36,0.00875847013744613,0.00724550747166291,0.0210756802888875,0.010292763530314,0.0116380941079276,0.00227040854182039,0.00405731246772402,NA,NA,NA,NA,1.04996647131461,4.40377661613853,44.5451810020461,0.465881373898393,0.419305582740287,0.0810536672192997,100
"implant","B_cont","maaslin3","presence",0.1,NA,0.42,NA,NA,0.0473052287473955,0.0722495076439343,0.112190782433191,NA,NA,NA,12.42568,0,475.09,0.13,NA,0.13,0.0301511344577764,NA,0.0496044963748858,NA,NA,0.00239392060693234,0.00390214981888307,0.00798189734608111,NA,NA,NA,1.04996647131461,0,44.5603939172513,0.0441645225322889,NA,0.0441645225322889,100
"implant","B_cont","pursue","abundance",0.0460003607503607,0.0709601122829101,0.115609971899446,0.110966483102846,0.340267892159157,0.0522490816518611,0.0674203673059794,NA,0.00412247963061392,0.468163215635507,0.935134015910641,19.54245,46.22,475.91,3.47,3.2,0.27,0.0127544246326618,0.00690789033537743,0.0215473476975778,0.00901705344177015,0.012397513937607,0.00227636694922078,0.00347395349675991,NA,0.00605489473322927,0.00734607466521515,0.00223948723899703,1.82110547142541,4.40377661613853,44.5451810020461,0.39400943433303,0.361813613493316,0.0617178329908861,100
"implant","B_cont","pursue","combined",0.0634891774891775,0.0539746568560455,0.152481451512024,0.0789388253690022,0.274170315079268,0.0569041882154506,0.143473181574753,NA,NA,NA,NA,19.54245,46.22,475.91,2.26,2.02,0.24,0.014891220307215,0.00621957110321097,0.0240444983008091,0.00748440448896617,0.0108006962276976,0.00252772214355494,0.00639499042544969,NA,NA,NA,NA,1.82110547142541,4.40377661613853,44.5451810020461,0.265763622473624,0.242453786078581,0.047396884353981,100
"implant","B_cont","pursue","presence",0.13,NA,0.22,NA,NA,0.0566363111610555,0.158074356732545,0.0663951264833673,NA,NA,NA,19.54245,0,474.43,0.13,NA,0.13,0.0337997668989631,NA,0.0416333199893227,NA,NA,0.00256632333928474,0.00688384302795522,0.0066506230159061,NA,NA,NA,1.82110547142541,0,44.5875379042579,0.0337997668989631,NA,0.0337997668989631,100
"implant","B_cont","wilcoxon_tss","single",0,NA,0,NA,NA,NA,NA,NA,NA,NA,NA,0.01927,0,0,0,NA,0,0,NA,0,NA,NA,NA,NA,NA,NA,NA,NA,7.36563135464356e-05,0,0,0,NA,0,100
"implant","B_cont","zicoseq","single",0.0726785714285714,0.0493274521297247,0.12690845959596,0.0779626025575604,0.270954962065625,0.0599481387485715,0.101528959955714,NA,NA,NA,NA,120.28063,46.22,475.91,2.61,2.17,0.44,0.0204828337420149,0.00558618174130965,0.0238485129416107,0.00824650748049992,0.0113642145523485,0.00378169752160622,0.00658272197861612,NA,NA,NA,NA,11.0392714672302,4.40377661613853,44.5451810020461,0.325326564758204,0.264786935501209,0.15395132380402,100
"implant","B_da05","adapt","single",0.0588730158730159,0.0905028133622872,0.128427414290428,0.114547044842925,0.335687124308354,0.0527521704109837,0.0760632249148927,NA,0.000372875854887743,1.25981381820619,NA,0.596810000000006,23.72,478.4,2.29,2.06,0.23,0.0178141533733027,0.0107122558789535,0.0267405364769077,0.0115890770536662,0.0150925233579781,0.00295640258435907,0.00399947898351987,NA,0.0295770469270934,0.0299447892199891,NA,0.0441160171444214,2.22556677607019,44.9889750804336,0.276812666843937,0.248152771452986,0.0750151499850046,100
"implant","B_da05","aldex2","single",0,0.0343457438914275,0.00333333333333333,0.0418459275095707,0.278128395102347,0.00609388163417943,0.27569415374975,NA,-0.00172075056347813,0.577077529171201,NA,17.495,23.72,478.4,0.76,0.76,0,0,0.00647960390999909,0.00333333333333333,0.00686102504896683,0.0143525743374212,0.000851056218359954,0.00449839017263491,NA,0.00182572801368956,0.00836976335328455,NA,1.58340080034887,2.22556677607019,44.9889750804336,0.12153895331011,0.12153895331011,0,100
"implant","B_da05","ancombc2","single",0.035,0.0203403025837449,0.035,0.0203403025837449,0.107831883581676,0.464406068353546,0.452530351022197,NA,0.00568634459569499,0.825278088874647,0.506576260424646,106.1036,23.72,478.4,0.47,0.43,0.04,0.0177738316327429,0.00425437806760853,0.0177738316327429,0.00425437806760853,0.0112226251736727,0.00472659895660087,0.00453271682373894,NA,0.0155229002924046,0.0112759546426621,0.00473762569319657,10.7247509452281,2.22556677607019,44.9889750804336,0.0731057073315377,0.0714284271282814,0.0196946385566932,100
"implant","B_da05","corncob","single",0.693926310553525,0.0850812695807148,0.74057354684691,0.116774979688238,0.166075714293446,0.120167909428252,0.115697471999641,NA,NA,NA,NA,17.4098,23.69,478.29,10.7,1.75,8.95,0.0344244823916656,0.0111405703980115,0.030103901977936,0.0127095613707079,0.0116146480887858,0.00502328153002257,0.00680473323557879,NA,NA,NA,NA,1.62973617354268,2.22059665291775,44.9853540588265,1.3634848400664,0.21806078292647,1.19733500371079,100
"implant","B_da05","fastancom","single",0.00733333333333333,0.0492384841675717,0.0170833333333333,0.0566479230026407,0.302484031182441,0.029368241257925,0.121980542742168,NA,0.00578371201961127,0.4143394414624,NA,0.0483000000000095,23.72,478.4,1.37,1.34,0.03,0.00433139039581319,0.00728498278712756,0.00816528796855491,0.00783854089151215,0.0149516521034649,0.0030435644209352,0.00716575256102584,NA,0.0163658277610139,0.00933527547070948,NA,0.00315154283204716,2.22556677607019,44.9889750804336,0.193142539084585,0.189214217758656,0.0171446607997765,100
"implant","B_da05","ldm","single",0.0835714285714286,0.0549864119041591,0.124595238095238,0.0788975029551668,0.296413160964247,0.0518450835055344,0.0805021662195873,NA,NA,NA,NA,17.64232,23.72,478.4,1.38,1.1,0.28,0.0243057830480858,0.00754189407650499,0.0275857733375313,0.00941850647396141,0.0160331533701119,0.00288774800854353,0.00484610705979219,NA,NA,NA,NA,2.55783191986471,2.22556677607019,44.9889750804336,0.180783927058874,0.146680440124618,0.0943665751474032,100
"implant","B_da05","limma_logtss","single",0.05125,0.0689970393732629,0.0718512598512599,0.0945465134258428,0.304411533962714,0.0536516199790208,0.112692973928211,NA,-0.0251729473069164,0.419083741966357,0.930413833966658,0.0382199999999999,23.72,478.4,1.7,1.52,0.18,0.0204540817069265,0.0081298843650695,0.0219408459179746,0.0115532231028105,0.013869435949143,0.0050329300429819,0.00697164114057099,NA,0.0167451974201321,0.00811369703674025,0.00505539713890411,0.000555155815783269,2.22556677607019,44.9889750804336,0.232900030576263,0.203246379817922,0.0716049769727826,100
"implant","B_da05","linda","single",0.0516785714285714,0.0842193674781271,0.101395550527903,0.115506067346512,0.332276922328474,0.0556350407806337,0.076706515770425,NA,-0.0090275453241757,0.379431899555443,0.922220886989258,0.38262,23.72,478.4,2.14,1.93,0.21,0.0187698839420606,0.0102442596587456,0.0237985060539365,0.011925238829974,0.0160321546993407,0.00298259895431472,0.00449092847823266,NA,0.00703888107097705,0.00663059057495152,0.00294795475568029,0.0454124638700376,2.22556677607019,44.9889750804336,0.26170381901854,0.244228325031055,0.0782317200386264,100
"implant","B_da05","lm_logtss","single",0.0524166666666667,0.0788816898788924,0.0808928571428571,0.0935668225979809,0.301596813949404,0.0543237940538283,0.112727607590198,NA,-0.0251729473069164,0.419083741966357,0.929778677503384,0.0358299999999997,23.72,478.4,1.82,1.62,0.2,0.0205570211735217,0.0103543497323713,0.0225431524306645,0.0111748723984478,0.0137785444693044,0.0052176381320021,0.00696300125873616,NA,0.0167451974201321,0.00811369703674025,0.00521449017409364,0.00032162937450652,2.22556677607019,44.9889750804336,0.24551738813939,0.211669649227376,0.0852802865422442,100
"implant","B_da05","locom","single",0.0445,0.018073220292636,0.1105,0.0258500984405004,0.234322778412406,0.0499331279608627,0.0747919145858378,NA,-0.0102395448397723,0.980936823142427,NA,312.45906,23.72,478.4,0.43,0.33,0.1,0.0185441733069006,0.00450976112763718,0.0281556669693968,0.00531589253637427,0.0130410131372112,0.00229967821262949,0.00394094325401596,NA,0.00759066257900304,0.0146500785293815,NA,31.0275449353297,2.22556677607019,44.9889750804336,0.094553709818304,0.075283974175629,0.0460566186471838,100
"implant","B_da05","locom2","single",0.147666666666667,0.0225168664191528,0.163031746031746,0.0274557940822009,0.217616869916468,0.0419048347152906,0.0872549947931548,NA,NA,NA,NA,58.91507,23.72,478.4,1.08,0.61,0.47,0.031728205312398,0.00488517388098449,0.031195448335525,0.00508417765461318,0.0130618253034238,0.00209075755852159,0.00426351454879585,NA,NA,NA,NA,6.33043465581682,2.22556677607019,44.9889750804336,0.188390310501653,0.118828456272906,0.115867391984339,100
"implant","B_da05","logistic_presence","single",0.0871026196026196,0.0926417337372033,0.126743867243867,0.119528529043358,0.334329013337133,0.0583543289706089,0.117769088470386,NA,-0.0108322488515692,0.718808677493096,NA,0.54898,23.68,476.97,2.59,2.29,0.3,0.0234883664071316,0.00907445296403001,0.0261568027555356,0.0105159737692323,0.0152689188690249,0.00284503391708567,0.00246571919184279,NA,0.0147214001939261,0.0308134288330268,NA,0.0492762630174986,2.22823388867198,45.0341294929959,0.311754565469231,0.276081893867041,0.0915633026044735,100
"implant","B_da05","maaslin3","abundance",0.201666666666667,0.00832854721344424,0.463404761904762,0.0110330076339761,0.126419779063242,0.0490039787019454,0.063886249581596,0.0591866255294692,0.00516790038106044,0.864647957389667,NA,13.53111,16,478.31,0.42,0.11,0.31,0.0390900281789397,0.0031089428528329,0.0482371816015551,0.00332961464403095,0.0124692573057073,0.00180272894874755,0.00381257863985014,0.0124663691941943,0.0185728202440611,0.0144277139790183,NA,1.16383010587127,1.50903005840564,44.9842524522401,0.0793661760385991,0.0373219679669936,0.063077633744362,100
"implant","B_da05","maaslin3","combined",0.0881082251082251,0.0776534086138696,0.270545847942907,0.121620737605084,0.288111676234933,0.0544576315422217,0.0972724488752953,NA,NA,NA,NA,13.53111,23.72,478.4,2.25,1.84,0.41,0.0170539050645416,0.00781262372355672,0.0293403203089479,0.011523816971244,0.014656228717181,0.00217134059337863,0.0042465896645551,NA,NA,NA,NA,1.16383010587127,2.22556677607019,44.9889750804336,0.272798812166021,0.214485524928934,0.0753376239057058,100
"implant","B_da05","maaslin3","presence",0.0183333333333333,0.105733448986206,0.0565833333333333,0.160376922364155,0.466802276630354,0.0422491547021988,0.077323992010536,0.0456111568643538,NA,NA,NA,13.53111,15.42,477.44,1.72,1.67,0.05,0.011084564246475,0.010790975877974,0.0153860291582117,0.0146553624417157,0.0200824344708314,0.00254237551524544,0.00379324390461142,0.0128325021200227,NA,NA,NA,1.16383010587127,1.43795449556414,45.0095732129075,0.203544351506749,0.198507054043554,0.0261116483933547,100
"implant","B_da05","pursue","abundance",0.08,0.00632857142857143,0.193333333333333,0.00882857142857143,0.122779264407453,0.0523694777480474,0.0637559699795677,0.0635180554357202,0.00830732132854437,0.844998779947014,0.945823513510624,18.56034,16,478.31,0.15,0.04,0.11,0.0272659924344291,0.00348884342551263,0.0394063694453315,0.00491558843768719,0.0124111269627456,0.00184495443261391,0.00367844691537814,0.0117916642558972,0.0101163482224447,0.0126094506313046,0.00179734930264747,1.72651002087033,1.50903005840564,44.9842524522401,0.0457816513022367,0.0196946385566932,0.0423906793643331,100
"implant","B_da05","pursue","combined",0.0558333333333333,0.028704229792068,0.145888888888889,0.0405196544904774,0.193103913966776,0.0454476162246204,0.114429818562035,NA,NA,NA,NA,18.56034,23.72,478.4,0.84,0.7,0.14,0.0198922109408865,0.00497580377214916,0.0289934458581765,0.00613699096001884,0.0113068519395524,0.00187973653780944,0.00547071404845086,NA,NA,NA,NA,1.72651002087033,2.22556677607019,44.9889750804336,0.127699141371705,0.108711461300922,0.0512864799952486,100
"implant","B_da05","pursue","presence",0.0583333333333333,0.0491646713705905,0.0935,0.0633043959727839,0.276242651479086,0.0349385260047292,0.186021963710712,0.0284351252093187,NA,NA,NA,18.56034,15.41,476.97,0.92,0.79,0.13,0.0197309341975935,0.00759808616523308,0.0236283597127699,0.00869381488627977,0.0165642394753516,0.00162501448626054,0.00769449020910607,0.00811220794384711,NA,NA,NA,1.72651002087033,1.43858059955435,45.0341294929959,0.137569082737556,0.115727824195088,0.048523658709391,100
"implant","B_da05","wilcoxon_tss","single",0.0459393939393939,0.0792050641846666,0.0922362637362637,0.102821417312705,0.339869132779749,0.0533233999470407,0.0803784188646866,NA,0.00684425815266575,1.55865324015949,NA,0.26939,23.72,478.4,2.18,1.9,0.28,0.0187471495639683,0.00838042788492385,0.0251682878130389,0.0114642692185318,0.0155316453521755,0.00307744031670976,0.00439955779158635,NA,0.0332037668746748,0.0346980955181323,NA,0.0235758132136915,2.22556677607019,44.9889750804336,0.317623753023681,0.243501394848016,0.166411926534516,100
"implant","B_da05","zicoseq","single",0.0888674242424242,0.0585871917486571,0.152072958650545,0.0862939767121496,0.300679793677046,0.0546333402719027,0.0787469602789139,NA,NA,NA,NA,120.65283,23.72,478.4,1.96,1.52,0.44,0.0242518107539437,0.00780624357614861,0.0291503855546017,0.00992383354981163,0.0153711835906199,0.00356841519411091,0.00431951397326062,NA,NA,NA,NA,11.2407840285532,2.22556677607019,44.9889750804336,0.276675793934878,0.200242277496461,0.151304095426823,100
"implant","B_graded","adapt","single",0.0707160381888643,0.124450352804054,0.109443972451934,0.162870274631902,0.358032570959896,0.052076945244974,0.0740420691090537,NA,-0.000999805202373174,1.30223524476684,NA,0.637600000000006,47.29,480.42,6.57,6.03,0.54,0.0151758605597915,0.0087512271100769,0.0187728734535653,0.0095765453198352,0.0115086472050269,0.00259893978698598,0.00371559496362013,NA,0.0310690583594931,0.0318528764965946,NA,0.0476153760922248,4.44765958202466,44.9682698009262,0.697362274154647,0.641251144484772,0.121788025816676,100
"implant","B_graded","aldex2","single",0.01,0.0494500469968864,0.01125,0.0628545965544138,0.301611167134681,0.00527901534409113,0.279078319838445,NA,-0.0129167013118509,0.714381768020163,NA,17.55442,47.29,480.42,1.95,1.94,0.01,0.01,0.00484792522470532,0.0100652856267209,0.00542443662085796,0.0111898528055651,0.000700559733856501,0.00503028720296952,NA,0.00326245061092691,0.0123687221202276,NA,1.60721234252844,4.44765958202466,44.9682698009262,0.20269646910062,0.203415284031898,0.01,100
"implant","B_graded","ancombc2","single",0.0211666666666667,0.0281259167973832,0.0211666666666667,0.0281259167973832,0.118722364297197,0.465519406139395,0.455408250172214,NA,0.0175661006184073,0.839219445776068,0.500234349932303,128.79511,47.29,480.42,1.48,1.43,0.05,0.0116144937318191,0.00408404660825487,0.0116144937318191,0.00408404660825487,0.0067519262180922,0.00472916416202597,0.0040323851474368,NA,0.0154343457853176,0.0108036032711797,0.00430295382524043,13.2060848284012,4.44765958202466,44.9682698009262,0.20124862757547,0.1970771268803,0.021904291355759,100
"implant","B_graded","corncob","single",0.577315665530796,0.105269011852848,0.617322307413828,0.146165805278657,0.180203597443278,0.119791050211353,0.114111115806151,NA,NA,NA,NA,17.44559,47.18,480.26,13.72,4.82,8.9,0.0268925812499366,0.00730876873885785,0.0233793895099153,0.00922834533893346,0.00840239083601122,0.00473760588875883,0.00645473181923511,NA,NA,NA,NA,1.62785067112863,4.44088852698319,44.9611540974848,1.61633579869451,0.522886317482204,1.16571389666971,100
"implant","B_graded","fastancom","single",0.0244166666666667,0.06701405630006,0.0304155654287233,0.0787757800997735,0.319460249735152,0.0233715342969027,0.120827462926638,NA,0.0149632351989961,0.463347330714236,NA,0.0487799999999993,47.29,480.42,3.69,3.6,0.0899999999999999,0.0117900254357458,0.00572046317749096,0.0093229408172844,0.00608712182118371,0.0118313126981604,0.00191470186859823,0.00646242263308355,NA,0.0183698762163128,0.00799894744807737,NA,0.00317250116412325,4.44765958202466,44.9682698009262,0.425617792215628,0.418028078898385,0.0320825954263823,100
"implant","B_graded","ldm","single",0.0579367087161205,0.0819265805650921,0.0986271726716973,0.113958536419374,0.325428051170273,0.050115145069879,0.0763958900660377,NA,NA,NA,NA,25.00166,47.29,480.42,4.93,4.3,0.63,0.0157559270687744,0.00748198260931939,0.0192414081733235,0.00914256885520936,0.01021108668726,0.0030539500344956,0.00448486563098615,NA,NA,NA,NA,3.1327765854248,4.44765958202466,44.9682698009262,0.628330319098951,0.504625073343036,0.249708921455653,100
"implant","B_graded","limma_logtss","single",0.0493326872132842,0.095615055635042,0.0863086879494774,0.122520716705497,0.314560216547446,0.0529111851585034,0.106552657274589,NA,-0.0234974563794701,0.456351438439212,0.914913046685272,0.0383600000000001,47.29,480.42,5.05,4.51,0.54,0.0147714773457862,0.00796113030473891,0.0186418303112172,0.00958894554082945,0.0109018101227254,0.00432170488187868,0.00585246713488355,NA,0.0158254729379196,0.00672925869789665,0.00428922219060412,0.000587843172929306,4.44765958202466,44.9682698009262,0.766254830096662,0.536636551008956,0.297267012579056,100
"implant","B_graded","linda","single",0.0820775129583179,0.120722349788697,0.121044793215987,0.155389432758338,0.352079851739828,0.0571141395343502,0.0776331480551316,NA,-0.0210582821720174,0.424487095899739,0.902570064531258,0.37414,47.29,480.42,6.15,5.65,0.5,0.0183659949448863,0.00836120119591526,0.0216560912266516,0.00982476518042426,0.0113294801758633,0.002857626043475,0.00438154096627703,NA,0.00637708407361703,0.00616158707396011,0.00300224665954007,0.0437519015921514,4.44765958202466,44.9682698009262,0.601408279949586,0.572673157616581,0.0979589689408765,100
"implant","B_graded","lm_logtss","single",0.0427140013087687,0.0967188449022804,0.0776046159403358,0.125945838961794,0.316954113922218,0.0527073782658538,0.106117028132598,NA,-0.0234974563794701,0.456351438439212,0.914944203123031,0.0360600000000001,47.29,480.42,4.95,4.57,0.38,0.0112504957655547,0.00774619184311378,0.017313004552436,0.00988637378806412,0.010768766139734,0.00435385680667092,0.0058325540375903,NA,0.0158254729379196,0.00672925869789665,0.0043322464664857,0.000341067841825157,4.44765958202466,44.9682698009262,0.605258939494811,0.523055320866607,0.124543611281796,100
"implant","B_graded","locom","single",0.0461053113553114,0.0334916385100354,0.105840923945336,0.0575493877263782,0.244874493445157,0.0519518713226624,0.0727124695471113,NA,-0.0200717428090823,0.988875892100516,NA,319.13245,47.29,480.42,2.15,1.92,0.23,0.0145782535156778,0.00458681793799362,0.023358471196532,0.00639265360737279,0.00851367008487699,0.0023200540999403,0.0040824797032532,NA,0.00731167298274435,0.0144303256187606,NA,30.7823423187082,4.44765958202466,44.9682698009262,0.31634752658391,0.27622271792702,0.0708605117199426,100
"implant","B_graded","locom2","single",0.0949334831834832,0.0385389503910887,0.11891562677089,0.0519381199551889,0.23631896755828,0.0425242047604995,0.0867634733391604,NA,NA,NA,NA,60.8999,47.29,480.42,2.87,2.37,0.5,0.0198079023893662,0.00460621558487278,0.021453091754351,0.00570065932320447,0.0091647674587216,0.0020740929527977,0.00420049589976606,NA,NA,NA,NA,6.58478944888609,4.44765958202466,44.9682698009262,0.365605903628042,0.309660941983162,0.0926599081904282,100
"implant","B_graded","logistic_presence","single",0.0569209955406443,0.13565332153654,0.101531236117901,0.171495353764986,0.346252726302131,0.059424864405404,0.116440696214541,NA,-0.00680276097985122,0.867533201201184,NA,0.55411,47.17,479.12,7.3,6.74,0.56,0.0114265486762037,0.00870785272362927,0.0178553822088043,0.0101256944152924,0.0101740921611303,0.00242382956535879,0.00263351704045797,NA,0.0169000671616579,0.0439786056560976,NA,0.0495713665620415,4.44751786410298,45.0078787266713,0.773748582348859,0.708907254123905,0.133575537589876,100
"implant","B_graded","maaslin3","abundance",0.1565,0.0146527704635027,0.304176767676768,0.0300076183351596,0.16371188531952,0.0462575438950781,0.06123971474111,0.0612092472771299,-0.0241136009326481,0.867199108316487,NA,13.5556,31.71,480.29,0.9,0.58,0.32,0.0324736749119893,0.00315207884250368,0.0370535620049131,0.00437695884585341,0.00988002911100921,0.00151407852221308,0.00362676718767006,0.0092383785248342,0.0155598357689796,0.0116299409337087,NA,1.16129719101468,3.04436206848666,44.9614027401686,0.119341628287971,0.0889671372763647,0.0664845998724669,100
"implant","B_graded","maaslin3","combined",0.0676426804189962,0.0902581465368655,0.164329179517687,0.146128498272285,0.322244818473224,0.0503040136590502,0.0937798772254339,NA,NA,NA,NA,13.5556,47.29,480.42,5.11,4.7,0.41,0.0158718538590978,0.00642812826847826,0.0197766714282018,0.00901425512205455,0.0105411254816765,0.00196443993304293,0.00370523018547734,NA,NA,NA,NA,1.16129719101468,4.44765958202466,44.9682698009262,0.54120983066467,0.511187960845256,0.0753376239057058,100
"implant","B_graded","maaslin3","presence",0.0134444444444444,0.122650506268474,0.052949194409614,0.189908911723788,0.481665548257272,0.0407046794138183,0.0735339458160141,0.0554794274123884,NA,NA,NA,13.5556,31.83,479.49,4.19,4.14,0.05,0.0101826381878125,0.00926257063287035,0.014551325235105,0.012992238487061,0.0155620818829653,0.0020822445008681,0.00334627504737368,0.00824915736747985,NA,NA,NA,1.16129719101468,3.03677976039279,44.994975016858,0.471553418249329,0.466237898264156,0.0261116483933547,100
"implant","B_graded","pursue","abundance",0.06,0.00939843968895004,0.116666666666667,0.0156230180311494,0.158560297166567,0.0508005025669675,0.0631590566469435,0.0496635400543113,0.00270950452419689,0.854083226251358,0.944753941167757,18.69975,31.71,480.29,0.31,0.23,0.08,0.0227857832692212,0.00321773635592782,0.0286724604590652,0.00365581487605903,0.0102129696032294,0.00202821383630562,0.00373912868265597,0.00911312049354,0.0130273426865445,0.0117193827793606,0.00191899936923543,1.73012437991456,3.04436206848666,44.9614027401686,0.0662029325848053,0.0583528106011228,0.0307482445914323,100
"implant","B_graded","pursue","combined",0.0493535353535354,0.0402075190280446,0.0974923393599864,0.0558518913431834,0.219389410568901,0.0445749516755006,0.111768889198488,NA,NA,NA,NA,18.69975,47.29,480.42,2.07,1.91,0.16,0.0167801847794107,0.00417539973850392,0.0222107228630429,0.00476157097001991,0.00930442034645569,0.00200227113996981,0.00540681337731274,NA,NA,NA,NA,1.73012437991456,4.44765958202466,44.9682698009262,0.251562792129199,0.232724313428155,0.0443129367525598,100
"implant","B_graded","pursue","presence",0.0275067155067155,0.0642124111085933,0.0538582251082251,0.0832677813078811,0.284002354518597,0.0358267252764509,0.179272727922666,0.0321285719223535,NA,NA,NA,18.69975,31.81,479.12,2.05,1.95,0.1,0.0120187462735813,0.00665847593036963,0.0159144842483356,0.00951615321397533,0.0130088235933195,0.00194946091834717,0.00758524102223943,0.00750351329408325,NA,NA,NA,1.73012437991456,3.03530388873498,45.0078787266713,0.249190608964222,0.232411599355866,0.0333333333333333,100
"implant","B_graded","wilcoxon_tss","single",0.0616033080876534,0.117395246484425,0.0802668066472246,0.153367105442039,0.35618087079961,0.0540289516606873,0.0796630087068175,NA,-0.0306569900428912,1.54714783876182,NA,0.27224,47.29,480.42,6.13,5.67,0.46,0.0162553250750182,0.00914527764611078,0.0154122847296435,0.0101774962471262,0.0106376166988933,0.00303935553742675,0.00442866635651902,NA,0.0296067661788766,0.0307746934604084,NA,0.0237534989235504,4.44765958202466,44.9682698009262,0.667371597001887,0.615302340071099,0.114961565821633,100
"implant","B_graded","zicoseq","single",0.0661453791306732,0.0889047522686859,0.132399316427197,0.126690001223011,0.335822874679757,0.0578671799084649,0.0808289976245867,NA,NA,NA,NA,121.39005,47.29,480.42,5.17,4.82,0.35,0.0142920579483827,0.00682856565878364,0.02150357156219,0.00895511646911515,0.0110240208676989,0.00330788776189553,0.00479175580895975,NA,NA,NA,NA,11.329773652525,4.44765958202466,44.9682698009262,0.595276864538297,0.568602753166999,0.0729950876996721,100
"implant","B_large","adapt","single",0.0418324450385861,0.318492896531113,0.0704605006095198,0.377663640311387,0.587453409220804,0.0484615364131727,0.0745146875797758,NA,0.0371568238302704,1.36626319310006,NA,0.622010000000006,46.35,474.04,16.3,15.41,0.889999999999999,0.00921889669603115,0.0129300518884321,0.0106895001294128,0.0133676472858318,0.0108788219465609,0.00261681525019875,0.0040438761480057,NA,0.0321306772844389,0.0354941052681646,NA,0.0462258301464374,4.45179285186986,44.6276761526732,1.63290037551702,1.53741847118979,0.16446730662808,100
"implant","B_large","aldex2","single",0,0.124654466277577,0.0172619047619048,0.141079630910763,0.447980873621866,0.00639773879261334,0.277459776037911,NA,-0.0142029778971585,1.00965061077565,NA,17.3932,46.35,474.04,5.46,5.46,0,0,0.00887745376147325,0.00852671081995739,0.00953208027723013,0.0122684822718181,0.00108092413968326,0.00485793658231701,NA,0.00401990135340638,0.0203533974658275,NA,1.5544061878961,4.45179285186986,44.6276761526732,0.503807723464242,0.503807723464242,0,100
"implant","B_large","ancombc2","single",0.00222222222222223,0.110196306907998,0.00222222222222223,0.110196306907998,0.248152993435114,0.464031051509743,0.454195562559917,NA,-0.039216861528319,0.864457877236289,0.493357565210842,140.24966,46.35,474.04,5.51,5.48,0.03,0.00175148913180336,0.00831541631915743,0.00175148913180336,0.00831541631915743,0.0102764127620036,0.00490282926488594,0.00453569625951388,NA,0.0142411481527172,0.0105298831780529,0.00454151705152887,14.1369443120951,4.45179285186986,44.6276761526732,0.589554702699205,0.585598200582321,0.0222701503353614,100
"implant","B_large","corncob","single",0.469818780608108,0.282844546836883,0.526159898879502,0.36477404374909,0.332960849058918,0.129523791501449,0.13160714960251,NA,NA,NA,NA,17.19061,45.93,473.51,23.49,12.12,11.37,0.0225353439434715,0.0115568246485992,0.0189776596292257,0.0134699246941631,0.0118860050938217,0.00520334224004787,0.00748993499528319,NA,NA,NA,NA,1.60975237576837,4.41904178561714,44.5879734090626,2.19436813574011,1.12351181029787,1.21992341206861,100
"implant","B_large","fastancom","single",0.00408473879062114,0.173849418724697,0.0222290409955179,0.208193250864184,0.496664965292268,0.0252788101843564,0.129696330266937,NA,0.0030492680442041,0.533968876625011,NA,0.0485400000000007,46.35,474.04,9.58,9.49,0.09,0.00152064954908195,0.0107198716274321,0.00790354120438914,0.0123710012862672,0.0129973383374888,0.00273517754843789,0.00785379724925237,NA,0.0174839829604229,0.00942669763681944,NA,0.00325475316757124,4.45179285186986,44.6276761526732,1.03026720080303,1.01727453263486,0.0350900716914789,100
"implant","B_large","ldm","single",0.0859594541325124,0.303943358715975,0.137127598675157,0.3714190400451,0.550196515615443,0.0572981808202207,0.0794734569470306,NA,NA,NA,NA,47.19064,46.35,474.04,15.77,14.14,1.63,0.0159554132836912,0.0149152634928198,0.0191184893591745,0.0150719054234113,0.0120762988465883,0.00391524575173452,0.0052946379922423,NA,NA,NA,NA,5.14055937490987,4.45179285186986,44.6276761526732,1.40395221363899,1.31993418874816,0.319613086797968,100
"implant","B_large","limma_logtss","single",0.0430713510382184,0.242548126486188,0.077725321716458,0.288831211701844,0.504730131597013,0.0498246296139095,0.106781740169247,NA,-0.0350581655353117,0.533492327042642,0.901537464468332,0.03835,46.35,474.04,12.04,11.37,0.67,0.0117598243624366,0.0133211910494336,0.0137414686784056,0.0147666213333098,0.0127951856038106,0.00453958352765723,0.00596743478001113,NA,0.0167403336353416,0.00899283509824682,0.00446528383520901,0.000614204749857469,4.45179285186986,44.6276761526732,1.15644177361317,1.10906776760093,0.155085509160318,100
"implant","B_large","linda","single",0.0545415445031835,0.311656347106866,0.107195749417729,0.371433044583988,0.555558428271424,0.0560974748121396,0.0740427703558175,NA,-0.00621249447130084,0.509413130733674,0.891070411150551,0.36064,46.35,474.04,15.19,14.31,0.88,0.0120097760190446,0.0128609600288631,0.015682806259216,0.0128624829894925,0.0123944682632024,0.00316693837214939,0.00410721672269641,NA,0.00755242345756853,0.0082993734876283,0.00353869795177079,0.0424757126562529,4.45179285186986,44.6276761526732,1.43087844742771,1.37383155128754,0.179381653960983,100
"implant","B_large","lm_logtss","single",0.0608690730757429,0.244323758100463,0.0827874475732319,0.294951019483132,0.502958646151496,0.0508576775132047,0.106075563554961,NA,-0.0350581655353117,0.533492327042642,0.900653907801919,0.0362199999999999,46.35,474.04,12.27,11.59,0.68,0.015999006330088,0.0125677819872646,0.01460471879267,0.0145783102206918,0.0127724890415006,0.00442331344170846,0.00592623665929215,NA,0.0167403336353416,0.00899283509824682,0.00440191670342807,0.000356917215877712,4.45179285186986,44.6276761526732,1.177040888213,1.14301523978635,0.139175058719934,100
"implant","B_large","locom","single",0.0401997418940497,0.194400069871696,0.0880300917172303,0.246998706976851,0.46199195145723,0.0512340375344839,0.0735660937956343,NA,0.00593944464092231,1.01470826130748,NA,317.65155,46.35,474.04,9.56,8.99,0.57,0.00799604363618658,0.011069348754076,0.01219084714475,0.0127447255609043,0.0122684821162556,0.00238865176395401,0.00426100112147417,NA,0.00867498853204586,0.0152789730047491,NA,31.1111674989472,4.45179285186986,44.6276761526732,0.935745799894502,0.885402949982878,0.118283173321099,100
"implant","B_large","locom2","single",0.0685113150011831,0.161110778976089,0.101855924858106,0.201707333844159,0.419822466041654,0.0450320940972442,0.0853375766348713,NA,NA,NA,NA,63.72983,46.35,474.04,9.48,8.39,1.09,0.012200772905943,0.00966472546631296,0.0150191940440455,0.0109304251016451,0.0118178032098703,0.00238461619068922,0.00384052159888853,NA,NA,NA,NA,7.32082938360467,4.45179285186986,44.6276761526732,1.02715454759567,0.876851000323132,0.232289874636381,100
"implant","B_large","logistic_presence","single",0.0485067615306903,0.313406346905974,0.0862905898256384,0.377586263570591,0.561910220953978,0.0567772997632708,0.125123150939832,NA,-0.0443118506621295,1.03604821498337,NA,0.54789,46.21,472.68,16.05,15.13,0.92,0.00975170263039715,0.0142771433633,0.0129260373146344,0.014795425120069,0.00989645568436889,0.00340568671675663,0.00410166140132804,NA,0.0197983910218516,0.0506689096508474,NA,0.0492803316739954,4.45596399800483,44.6697983524493,1.61635423410248,1.5387030482543,0.156785899180437,100
"implant","B_large","maaslin3","abundance",0.130576923076923,0.0744448646154334,0.237400488400488,0.119122823362197,0.298362161072336,0.0514644262555579,0.0632436340972941,0.0837714039818939,-0.0222031689096974,0.914861545982226,NA,13.21726,30.35,473.55,2.57,2.07,0.5,0.0224770562769798,0.0078410377911061,0.0288783445600692,0.00995429568681134,0.0134237774339035,0.00202544893476589,0.0034954198560822,0.0146352896457252,0.0238797100402506,0.0145616851121386,NA,1.13743086757354,2.86903971546036,44.5877171449943,0.262565047255731,0.209016455782502,0.0797724035217466,100
"implant","B_large","maaslin3","combined",0.0571594147960969,0.231835632680569,0.118860318224104,0.312224577572617,0.528934766965925,0.0520814015748463,0.0887891544794885,NA,NA,NA,NA,13.21726,46.35,474.04,12.37,11.62,0.75,0.0133183173899632,0.0116597861688526,0.0176387506995874,0.0144170588186526,0.0130545557310982,0.00236341760373906,0.00359829614514745,NA,NA,NA,NA,1.13743086757354,4.45179285186986,44.6276761526732,1.24613787197067,1.16764288161659,0.119235782033632,100
"implant","B_large","maaslin3","presence",0.0259897785386916,0.285711772454513,0.0611956116963793,0.3578571296611,0.71764681250759,0.0438335832353452,0.0808158564545588,0.127331308827949,NA,NA,NA,13.21726,31.5,473.14,9.96,9.75,0.21,0.00892305899488636,0.0157497735270467,0.0147394960288059,0.0182729618396803,0.0144968968956264,0.00262559620037226,0.00481123940917207,0.0163715515926025,NA,NA,NA,1.13743086757354,3.0502359570924,44.6483454510372,1.02414487611506,1.01248519131208,0.0518252697615612,100
"implant","B_large","pursue","abundance",0.0735833333333333,0.0595545249148701,0.139514652014652,0.0776039830548999,0.286257625625269,0.054291592042129,0.0644244518476598,0.0722798502631981,0.0201204249351107,0.891983706804605,0.935521786125055,18.40815,30.35,473.55,1.45,1.26,0.19,0.0191317039481484,0.00711946636637876,0.0234200746436644,0.00859693353547421,0.013414677591288,0.00207881191604337,0.00369225726906845,0.0138865603263796,0.015214945217162,0.012659914013699,0.00198544051812132,1.7134022868671,2.86903971546036,44.5877171449943,0.148647097502641,0.133802205897475,0.0442559132612339,100
"implant","B_large","pursue","combined",0.0491254700589739,0.123064454743351,0.0815332382760801,0.152536813060258,0.364767012695429,0.0437395833553055,0.117341380993473,NA,NA,NA,NA,18.40815,46.35,474.04,6.22,5.8,0.42,0.0127616445805475,0.00906284200403048,0.0147665128150189,0.010627153095273,0.0112783112302806,0.00181512777618247,0.00564280844956877,NA,NA,NA,NA,1.7134022868671,4.45179285186986,44.6276761526732,0.625320927705336,0.57471995815617,0.0878244346018311,100
"implant","B_large","pursue","presence",0.0169071067821068,0.136126982240167,0.0454626769429401,0.168849701440807,0.39684634011459,0.0304848578548718,0.189250257088171,0.0413974328100115,NA,NA,NA,18.40815,31.49,472.68,5.21,4.96,0.25,0.00576416188839226,0.0130320453139659,0.0102958009446496,0.0142542052800563,0.0131576513188037,0.00167498049948325,0.00785402153955356,0.00927314097433944,NA,NA,NA,1.7134022868671,3.05089802974121,44.6697983524493,0.623333333333333,0.575408506623729,0.0903137069140983,100
"implant","B_large","wilcoxon_tss","single",0.0429160591609133,0.301023327699237,0.0795350830906068,0.362602231682365,0.579164379877851,0.0558651880431922,0.0841692511104242,NA,-0.0849317963304385,1.75838065814422,NA,0.26693,46.35,474.04,15.35,14.53,0.82,0.0112906277774451,0.0137819906153957,0.0147305745726269,0.0147783044517901,0.0109374147221428,0.00434189670089425,0.00568719465377037,NA,0.0435610677441485,0.04809887544317,NA,0.0233031200711515,4.45179285186986,44.6276761526732,1.50771584547854,1.45563724807378,0.216202299579432,100
"implant","B_large","zicoseq","single",0.0591714593153027,0.260319846496985,0.123066407405358,0.32084955327857,0.559144778343082,0.0589400788186537,0.0776160763631747,NA,NA,NA,NA,118.77029,46.35,474.04,13.6,12.71,0.89,0.014955387909148,0.0139036760221074,0.0184057804301576,0.0150184008814865,0.0130068716080483,0.00450495684347854,0.00553306622943908,NA,NA,NA,NA,11.0491242113041,4.45179285186986,44.6276761526732,1.33113455064437,1.26923941274634,0.171679169888887,100
"implant","B_n100","adapt","single",0.0434049999015403,0.27782498939764,0.0655618239658473,0.323332765432845,0.536271178505397,0.0439176623439521,0.0833560473734917,NA,0.0582306460971134,0.933610411342499,NA,0.426625000000007,27.525,274.1125,8.9,8.4,0.5,0.00940925313631262,0.015021551921944,0.0112971827190138,0.0161903778690537,0.014585484743216,0.00269942715754821,0.00497512401589229,NA,0.0223455584959001,0.0296310738665612,NA,0.0282208142897622,2.59411304078184,25.7906431967713,0.962690060143312,0.906830619328603,0.0941316073041934,80
"implant","B_n100","aldex2","single",0,0.114888530503934,0,0.135642923192275,0.41516761191543,0.00540285640458862,0.279832214195558,NA,-0.0058256375673823,0.60272546551425,NA,19.29215,27.525,274.1125,3.225,3.225,0,0,0.00896598558320912,0,0.00945061275828106,0.0152989572799443,0.000966693596525019,0.00473919845575558,NA,0.00267822278881921,0.0128760352662159,NA,1.72735229031074,2.59411304078184,25.7906431967713,0.353094368280482,0.353094368280482,0,80
"implant","B_n100","ancombc2","single",0,0.0714528763755086,0,0.0714528763755086,0.126966102790801,0.462353177959998,0.446561548177909,NA,-0.00916591813244264,0.571831809928101,0.517818923699053,78.2317375,27.525,274.1125,2.3875,2.3875,0,0,0.00708810519874574,0,0.00708810519874574,0.00895106291336844,0.00599008969687979,0.00608060429233734,NA,0.0135213184741971,0.00853150394149534,0.00526710493558148,8.67909748668968,2.59411304078184,25.7906431967713,0.319955371690206,0.319955371690206,0,80
"implant","B_n100","corncob","single",0.526388950772816,0.190317873746057,0.578852335750939,0.24969648421798,0.242407546725877,0.134782023602949,0.13518217855615,NA,NA,NA,NA,21.72545,27.525,274.1125,10.3,4.9875,5.3125,0.0312753817309345,0.0125568315602143,0.0261076334854615,0.0140801642664088,0.0135107759737924,0.00675119368671914,0.00896562559967777,NA,NA,NA,NA,2.03300920022419,2.59411304078184,25.7906431967713,0.75313689982195,0.515117582128315,0.531773290301874,80
"implant","B_n100","fastancom","single",0.00078125,0.156351011143724,0.00791266937396969,0.181207766959532,0.444761197888298,0.0228680168234489,0.14812030638956,NA,-0.0213187985804224,0.34227902982874,NA,0.0361375000000017,27.525,274.1125,5.125,5.1125,0.0125,0.00078125,0.0114273833835394,0.00339374849234834,0.0133911111744156,0.0144562311918837,0.0027714485367896,0.00900035608119355,NA,0.0143886328988122,0.00714328779939248,NA,0.001653127430246,2.59411304078184,25.7906431967713,0.637780715063045,0.635199995914772,0.0125,80
"implant","B_n100","ldm","single",0.0496973284311671,0.211555907901028,0.103426546319267,0.27221713651921,0.480031306664328,0.0535806196701637,0.0855475018097639,NA,NA,NA,NA,38.1994625,27.525,274.1125,7.2875,6.75,0.5375,0.0131020563455247,0.0141504772604723,0.0211956121489523,0.015725440067477,0.015868679930258,0.00399569154821087,0.00521706463038543,NA,NA,NA,NA,4.54191352918875,2.59411304078184,25.7906431967713,0.864963917810404,0.811604911053136,0.131860769974348,80
"implant","B_n100","limma_logtss","single",0.0266915646992037,0.220345439433882,0.0688474129770485,0.262689363564053,0.460802942704243,0.0478750557784827,0.112287424779396,NA,0.00273238541566083,0.339093632058909,0.90847389821721,0.0379,27.525,274.1125,6.9125,6.575,0.3375,0.0077236903405222,0.0139129074525114,0.0132481369784059,0.0147490790106641,0.0151464962801433,0.00402150532857188,0.006574590263919,NA,0.0134146352884436,0.00676473635264901,0.00416592027539512,0.000691860452747487,2.59411304078184,25.7906431967713,0.811545203355061,0.743063918745737,0.116575273123409,80
"implant","B_n100","linda","single",0.0332670154890007,0.284559171955662,0.0776696229333933,0.332717063991507,0.516659566572168,0.0517895577745398,0.079027105445037,NA,0.00357143683821133,0.317079015758788,0.899224370067939,0.1928375,27.525,274.1125,8.65,8.2625,0.3875,0.00772026274037011,0.0143752157227452,0.0128576245238095,0.0159172336602325,0.0135460898550396,0.00278692989393559,0.00399016893803496,NA,0.00592497621123241,0.00640761379906454,0.00336328281345016,0.0166125471468314,2.59411304078184,25.7906431967713,0.913003805779082,0.869989042197834,0.0915647208332217,80
"implant","B_n100","lm_logtss","single",0.038487124328443,0.227555214554205,0.0772834439863811,0.264843350190355,0.458929902226631,0.0496245146671921,0.112638722750193,NA,0.00273238541566083,0.339093632058909,0.906573797609244,0.036475,27.525,274.1125,7.1125,6.6875,0.425,0.00874783323038631,0.013716348676404,0.0137235022326792,0.0154377263417399,0.0149777582317079,0.00420190690209653,0.00660121813604565,NA,0.0134146352884436,0.00676473635264901,0.00430213100636323,0.000587036916873335,2.59411304078184,25.7906431967713,0.789165909222187,0.728400743001449,0.0986859871037066,80
"implant","B_n100","locom","single",0.0332837301587302,0.0921101403470664,0.0819478264790765,0.118796892037429,0.369886412810542,0.0441593956998846,0.0800436737675322,NA,0.00985107210433288,0.723385321023776,NA,287.871,27.525,274.1125,3.1,2.925,0.175,0.0147560213142629,0.00916997842332711,0.019903594243518,0.01148431167383,0.0135919642760232,0.0025344570027761,0.00412148507533021,NA,0.00553262585124925,0.0133789395312374,NA,27.1209036748794,2.59411304078184,25.7906431967713,0.454095289169101,0.427598164020167,0.075,80
"implant","B_n100","locom2","single",0.0379527505446623,0.0883345200207569,0.070474289749638,0.121284435378101,0.344411590425842,0.0435598166055442,0.0935694044055593,NA,NA,NA,NA,39.37335,27.525,274.1125,3.3875,3.1375,0.25,0.0148112484067065,0.00975230997243789,0.0179860206700499,0.0117713427320742,0.0134707330113293,0.00274021012742004,0.00477702443490069,NA,NA,NA,NA,3.47590108206636,2.59411304078184,25.7906431967713,0.542058240483391,0.48774336671261,0.08054403622958,80
"implant","B_n100","logistic_presence","single",0.0380660155256929,0.294477358393628,0.0795878053207641,0.341286295338773,0.513496901711812,0.0483510043202684,0.096851643070333,NA,0.0101723830819544,0.527201783379687,NA,0.43245,27.3875,273.05,9.15,8.6875,0.4625,0.00884462513447127,0.0168286545016923,0.0138764954341742,0.0184001502956187,0.0158722482335505,0.00215311631685628,0.00382356136904865,NA,0.0126197526383212,0.0350186549020229,NA,0.0383252647443109,2.60151451446794,25.8438097036795,0.999224382753247,0.941079663760887,0.100542437038146,80
"implant","B_n100","maaslin3","abundance",0.274245806277056,0.0728320438882792,0.464778005978947,0.115746383056293,0.218191479805147,0.0452362845779418,0.0684505681662411,0.058252804369282,0.0104293247139808,0.590099360937952,NA,9.0556625,18.35,274.1125,2.675,1.6875,0.9875,0.0391275579126209,0.00899962146915975,0.0400174624782805,0.0124408809746137,0.0143004322952405,0.00244613563661776,0.00351456289157494,0.0101672988547132,0.0190881016113134,0.0116290158918288,NA,0.788631593440228,1.79266261201218,25.7906431967713,0.392885705027798,0.264810506646507,0.165443162063041,80
"implant","B_n100","maaslin3","combined",0.158351111455669,0.333788989005961,0.286713623639775,0.41839024083499,0.495914161644851,0.0505622177708984,0.0960362636579445,NA,NA,NA,NA,9.0556625,27.525,274.1125,12.4375,10.3375,2.1,0.0224847680397915,0.0152116856284942,0.0212871267549851,0.0183102527542211,0.0148101640643801,0.0027147046956239,0.00429917986708641,NA,NA,NA,NA,0.788631593440228,2.59411304078184,25.7906431967713,1.4045409797952,1.14487627848514,0.3273406463215,80
"implant","B_n100","maaslin3","presence",0.0657190192851457,0.453177361867649,0.165916454123928,0.54410700141655,0.722246388590872,0.0456516308106953,0.0749976505777451,0.0828317157792343,NA,NA,NA,9.0556625,18.2625,273.4125,10,9.125,0.875,0.0131299384088127,0.0224990580869053,0.0227245552086735,0.0234958130123633,0.0171028162401328,0.00232650084339383,0.00444768168651458,0.01589050073625,NA,NA,NA,0.788631593440228,1.75128738812988,25.8216539841631,1.11250088892014,0.99323263938987,0.166283843038631,80
"implant","B_n100","pursue","abundance",0.0572916666666667,0.0296175519318208,0.105833333333333,0.0430425349146666,0.202091372844433,0.050922701954107,0.0695671649095422,0.0627102896228199,0.0189782970438311,0.557110787535516,0.941483531323175,15.277375,18.35,274.1125,0.5375,0.4125,0.125,0.0223643035586591,0.00679964136480852,0.0291991982530627,0.00781557073188324,0.0127028650935832,0.00255336067946778,0.00432015166305975,0.0117620789804813,0.0120374260340304,0.00930131880036205,0.00268798442462943,1.44186869194189,1.79266261201218,25.7906431967713,0.119258985809047,0.0919096797976488,0.0514812243026154,80
"implant","B_n100","pursue","combined",0.0437797619047619,0.130552376917471,0.0806826853701854,0.154049084810252,0.326043045208244,0.037684449485257,0.146483282446222,NA,NA,NA,NA,15.277375,27.525,274.1125,4.05,3.8625,0.1875,0.0154058128636502,0.0103363990568891,0.0192552727978983,0.0113087129574252,0.0129646303470399,0.00259706568684288,0.00639105784385061,NA,NA,NA,NA,1.44186869194189,2.59411304078184,25.7906431967713,0.480604840444026,0.460374005221346,0.0536448411997069,80
"implant","B_n100","pursue","presence",0.0233272977022977,0.180647398642158,0.0469921096812544,0.206801794217493,0.430851863951518,0.0259016079833495,0.263395217015263,0.0451609379817442,NA,NA,NA,15.277375,18.2375,273.05,3.875,3.7,0.175,0.00762728264130299,0.0145531153062774,0.0122099640041965,0.0165668868870667,0.0179124009373436,0.00173427477970901,0.01060627050889,0.0105885790209301,NA,NA,NA,1.44186869194189,1.75277752005499,25.8438097036795,0.484367981778474,0.455069893087794,0.0526962876697895,80
"implant","B_n100","wilcoxon_tss","single",0.0325404320296562,0.282310918799847,0.0881964548598885,0.345565451720093,0.529250697280069,0.0481662140499862,0.0821751437358674,NA,0.0324155681497863,1.10889931975761,NA,0.2131,27.525,274.1125,8.775,8.4375,0.3375,0.00795442638074575,0.0154065012869906,0.0142963448747191,0.0171031443070464,0.0155657609306252,0.00269719853890107,0.00501863098169703,NA,0.0332036479369986,0.0264681623507224,NA,0.0189749301628107,2.59411304078184,25.7906431967713,0.93117167923135,0.903727119044351,0.0687679780866544,80
"implant","B_n100","zicoseq","single",0.0558777946825463,0.201657841763298,0.111106589180744,0.24261435907498,0.479968482900463,0.0574582699985135,0.0893391995369305,NA,NA,NA,NA,88.7006125,27.525,274.1125,7.1875,6.575,0.612499999999999,0.0178421028383763,0.0151901550473739,0.0235191498109408,0.0168665077456529,0.0155760639693709,0.00446498051885482,0.00584664941594994,NA,NA,NA,NA,8.5289837969538,2.59411304078184,25.7906431967713,0.864030471142824,0.797895769024907,0.196885359884144,80
"implant","B_n20","adapt","single",0.0116666666666667,0.0154606924667054,0.0306666666666667,0.0231336710373551,0.174609790491778,0.0504141148747094,0.0716959644902182,NA,-0.0116484488662472,2.07887783770628,NA,0.594569999999994,50.92,504.1,0.49,0.46,0.03,0.00829283086593739,0.00488896124593274,0.0135042080983535,0.00525855121088807,0.00748663997591026,0.00219726377367803,0.00354731774668308,NA,0.0466869391756604,0.059333966646086,NA,0.0433122425480994,4.72420545401205,46.1598485283652,0.0904478196575687,0.0857763123337426,0.0222701503353614,100
"implant","B_n20","aldex2","single",0.01,0.00352036337531408,0.03,0.00409830466198481,0.173886725402969,0.00441714270389633,0.290569774860311,NA,-0.00867524595757839,0.855864154227331,NA,8.8216,50.92,504.1,0.17,0.16,0.01,0.01,0.00120864324006449,0.0171446607997765,0.00125015671253981,0.00798668566958737,0.0006545474822792,0.00445279582340402,NA,0.00260520224951668,0.00947221759669814,NA,0.810640433437188,4.72420545401205,46.1598485283652,0.0472581562625261,0.046536615322309,0.01,100
"implant","B_n20","ancombc2","single",0,0.000886164274322169,0,0.000886164274322169,0.0607190547540209,0.398966777892874,0.428980513790355,NA,0.0406951101841488,1.37366837781869,0.462564226382934,115.93348,50.92,504.1,0.05,0.05,0,0,0.000582154703617808,0,0.000582154703617808,0.00382028456628823,0.00510762319053704,0.00464250472709476,NA,0.0210027785897855,0.0180838937804462,0.00507240882242129,11.7033791474508,4.72420545401205,46.1598485283652,0.0329523684408054,0.0329523684408053,0,100
"implant","B_n20","corncob","single",0.570223321014435,0.0312325014482923,0.660703948401142,0.0436307701865768,0.097553074984745,0.105131885700996,0.0984720507224751,NA,NA,NA,NA,12.78439,49.23,489.44,6.77,1.36,5.41,0.0406678670997732,0.00425043465089433,0.0352671000846811,0.00511187879289243,0.00522623970393476,0.00374420456086728,0.00498006797865908,NA,NA,NA,NA,1.19696715674333,4.59955762036202,44.9398977310898,0.991565948539496,0.192022725927759,0.831585439647871,100
"implant","B_n20","fastancom","single",0.005,0.00470927786995919,0.005,0.00750370952517094,0.171062902933288,0.0235901954290052,0.111831851745551,NA,-0.02278829791344,0.614446323935779,NA,0.0510500000000043,50.92,504.1,0.3,0.29,0.01,0.005,0.00133346696960137,0.00351763235340724,0.00155759106927722,0.0078648458038421,0.00217369115607777,0.00607610692585383,NA,0.0205979877725312,0.00926617711749808,NA,0.00358837559265243,4.72420545401205,46.1598485283652,0.0703526470681448,0.068600733276406,0.01,100
"implant","B_n20","ldm","single",0.00666666666666667,0.00982566292663038,0.035,0.0133127809908402,0.159154596045587,0.0363760830215431,0.077689853303359,NA,NA,NA,NA,9.07279,50.92,504.1,0.25,0.23,0.02,0.00666666666666667,0.00351064027540354,0.0150373646113828,0.00363326853494423,0.00732399020100941,0.00175166014394292,0.00366242816743979,NA,NA,NA,NA,0.940295490230856,4.72420545401205,46.1598485283652,0.0641573192719398,0.0583528106011228,0.02,100
"implant","B_n20","limma_logtss","single",0.015,0.00727165347736625,0.0367777777777778,0.0165830038566899,0.162261135192787,0.0509571225501877,0.115405487347755,NA,0.0105476039114282,0.629996779332554,0.930132659728612,0.03695,50.92,504.1,0.29,0.25,0.04,0.0111350751676807,0.00219546191539698,0.0157142339702094,0.00464973677769147,0.00767384886104427,0.00518282291054368,0.00728022195657873,NA,0.0252752567511862,0.0100414389420858,0.00507945061519034,0.000418601567994273,4.72420545401205,46.1598485283652,0.0742572650596655,0.0672324476737387,0.0315268043724605,100
"implant","B_n20","linda","single",0.0441666666666667,0.0178070781891804,0.0569166666666667,0.0230487293390231,0.172083209656553,0.0507985871064426,0.0701392541294431,NA,-0.0136466152300141,0.568109431587303,0.913246096745663,0.39712,50.92,504.1,0.69,0.62,0.07,0.0189680086866111,0.00406218944075806,0.0195638666768368,0.00431357010888013,0.00749201564131467,0.00233020329548833,0.00337786801163905,NA,0.00916548359240405,0.00748934062445125,0.00259647876408057,0.0461056062236744,4.72420545401205,46.1598485283652,0.100196776092816,0.0940449065311059,0.0293188669562103,100
"implant","B_n20","lm_logtss","single",0.0266666666666667,0.0136997509416786,0.0465769230769231,0.0185690926467278,0.170156826201167,0.0490643500674878,0.117667619241872,NA,0.0105476039114282,0.629996779332554,0.932351738273273,0.03488,50.92,504.1,0.55,0.46,0.09,0.0122451575439933,0.00299429799133966,0.0178757819441302,0.00383361612678655,0.00736571693568282,0.00502680139033415,0.00735937753063931,NA,0.0252752567511862,0.0100414389420858,0.00500490312442076,0.000299588943977469,4.72420545401205,46.1598485283652,0.107661084384791,0.0869459369930301,0.0404395046378357,100
"implant","B_n20","locom","single",0.125666666666667,0.00559311830897318,0.167647058823529,0.00835254700423961,0.119692278674458,0.0438608624639112,0.071478998602622,NA,-0.00939999299996587,1.50441088974566,NA,322.15551,50.92,504.1,0.39,0.15,0.24,0.0314550076842704,0.00267843320315086,0.0339419179538173,0.00281704983618538,0.00636231353280401,0.0020389095280224,0.00355096862051932,NA,0.0132668331607113,0.0898196313276079,NA,31.1309417864123,4.72420545401205,46.1598485283652,0.10239061667867,0.0538891492235719,0.063754579950357,100
"implant","B_n20","locom2","single",0.0791666666666667,0.00488532817730363,0.0985,0.00610918077077631,0.11456464758768,0.0359083870941577,0.105407456039695,NA,NA,NA,NA,44.02792,50.92,504.1,0.24,0.1,0.14,0.025878910592759,0.00224034783753108,0.0273082489397824,0.00230338997328303,0.0053188730132694,0.0022330977563598,0.00494480665491722,NA,NA,NA,NA,4.86172671235148,4.72420545401205,46.1598485283652,0.0668482375884875,0.0333333333333333,0.0492776098069177,100
"implant","B_n20","logistic_presence","single",0.0378333333333333,0.0141175903606154,0.0901547619047619,0.0255681133970464,0.167707829613904,0.0576721804745146,0.190669812205636,NA,-0.0419879980793292,3.44874094055176,NA,0.45757,50.71,501.63,0.76,0.68,0.08,0.0157613639903804,0.00272023012442416,0.0227429006743158,0.00521776134617826,0.0072448531726749,0.00240072081799184,0.00343331414787439,NA,0.0529572553415181,0.0846168889827394,NA,0.0406474103813154,4.71642937619192,46.1793684638191,0.135676382646652,0.123811521795401,0.0272659924344291,100
"implant","B_n20","maaslin3","abundance",0.02,0,0.02,0,0.0703231322900242,0.041533176348677,0.0614880564326763,0.0406066177802596,-0.0267954659706679,1.97240294774042,NA,13.28398,32.8,489.71,0.02,0,0.02,0.014070529413629,0,0.014070529413629,0,0.00536967912726199,0.00166709214488515,0.00353456324360772,0.00583216002978481,0.0255928485582881,0.0572183595291303,NA,1.08512849436778,3.04212844149379,44.9364001628519,0.014070529413629,0,0.014070529413629,100
"implant","B_n20","maaslin3","combined",0.02,0,0.04,0,0.133713685375974,0.0354309423783696,0.0839103238215314,NA,NA,NA,NA,13.28398,50.92,504.1,0.02,0,0.02,0.014070529413629,0,0.0196946385566932,0,0.0072673257644533,0.0015181199832542,0.00331146459859067,NA,NA,NA,NA,1.08512849436778,4.72420545401205,46.1598485283652,0.014070529413629,0,0.014070529413629,100
"implant","B_n20","maaslin3","presence",0,0,0,0,0.248934580623453,0.0180393663330152,0.0965110255433447,0.0241804313672981,NA,NA,NA,13.28398,33.96,502.85,0,0,0,0,0,0,0,0.0113806569069948,0.00118171484557888,0.00436126543861215,0.00681818155492634,NA,NA,NA,1.08512849436778,3.25554445476785,46.1962882216152,0,0,0,100
"implant","B_n20","pursue","abundance",0.095,0.000601250601250601,0.138333333333333,0.000907341816432725,0.0909933492269381,0.0497650837451009,0.0845234417842588,0.03186895361465,0.00154168317668931,1.14842339267734,0.948791747261072,14.4696,17.37,260.67,0.15,0.0202020202020202,0.13,0.0290375931885172,0.000431521221984487,0.0336729333768203,0.000525496459677239,0.0121001248432855,0.00316424589854837,0.0050694130572704,0.0065215320841435,0.0181353426199503,0.0190637110794726,0.00313641842323007,1.32021045093102,1.6787835302427,24.9214120544539,0.0479372485441102,0.0142119160199078,0.0441645225322889,100
"implant","B_n20","pursue","combined",0.035,0.00144860692771084,0.0516666666666667,0.0031734325715555,0.106030800354696,0.0292020753391595,0.110381610877023,NA,NA,NA,NA,14.4696,50.92,504.1,0.07,0.03,0.04,0.0177738316327429,0.00125615044063796,0.0211476292340825,0.00140474708560928,0.00562929404801256,0.00150966905329812,0.00386946365962897,NA,NA,NA,NA,1.32021045093102,4.72420545401205,46.1598485283652,0.0293188669562103,0.0171446607997765,0.0196946385566932,100
"implant","B_n20","pursue","presence",0.01,0.00441415246746766,0.02,0.0058815767098919,0.148546049075649,0.0240885517522934,0.128859126790606,0.0172162459145295,NA,NA,NA,14.4696,33.9,501.63,0.13,0.12,0.01,0.01,0.0019557112697258,0.014070529413629,0.00224765571450216,0.00783467547642001,0.00140658703880107,0.00428190403696054,0.0034878713753713,NA,NA,NA,1.32021045093102,3.25404177582094,46.1793684638191,0.0441645225322889,0.0432983541805861,0.01,100
"implant","B_n20","wilcoxon_tss","single",0.015,0.0101027586772556,0.0308333333333333,0.0146370666136023,0.176698282727212,0.0538568809988141,0.100757864966917,NA,-0.103487723255098,5.17829177358692,NA,0.23183,50.92,504.1,0.28,0.26,0.02,0.0111350751676807,0.00263590849317272,0.0161387345913103,0.00389886380050044,0.00772476666915889,0.00227005813257195,0.00348616465534818,NA,0.0911728754235963,0.124445783231967,NA,0.0191817993226007,4.72420545401205,46.1598485283652,0.0604361253930565,0.0579445921340013,0.014070529413629,100
"implant","B_n20","zicoseq","single",0.04,0.0140327281536264,0.0808333333333333,0.0199849407851867,0.15852275760786,0.0431303404231913,0.0761052632024699,NA,NA,NA,NA,64.90992,50.92,504.1,0.61,0.55,0.06,0.0180207512259471,0.00355810487925032,0.0229640999772809,0.00397713519777662,0.00700264371852647,0.00193218595998634,0.00382906357441041,NA,NA,NA,NA,6.28056225676869,4.72420545401205,46.1598485283652,0.09733312577811,0.0903137069140984,0.0238683256575942,100
"implant","B_null","adapt","single",0.056,NA,0.1,NA,NA,0.0496056175466949,0.0745544920945434,NA,0.00628082212895827,1.17539961088803,NA,0.566296000000001,0,478.42,0.076,NA,0.076,0.0145706973368996,NA,0.0190117275157343,NA,NA,0.00176687002985548,0.00263289314195749,NA,0.0182208371319078,0.0158198084028068,NA,0.0256978995581901,0,28.1761147814369,0.0217897953345802,NA,0.0217897953345802,250
"implant","B_null","aldex2","single",0.004,NA,0.004,NA,NA,0.00486702669654923,0.278624601381231,NA,-9.6512284282846e-05,0.452643665832675,NA,17.283528,0,478.42,0.004,NA,0.004,0.004,NA,0.004,NA,NA,0.000434474051101411,0.00277510607072061,NA,0.000674636512451402,0.00375868178068862,NA,0.966735227855057,0,28.1761147814369,0.004,NA,0.004,250
"implant","B_null","ancombc2","single",0,NA,0,NA,NA,0.470491769984384,0.456437492747602,NA,0.0163333007708194,0.83118036098572,0.502422154086243,78.56786,0,478.42,0,NA,0,0,NA,0,NA,NA,0.00334790251172923,0.0030303053348559,NA,0.00930071225843218,0.00776285578175012,0.00319531038501935,4.84785819783157,0,28.1761147814369,0,NA,0,250
"implant","B_null","corncob","single",0.784,NA,0.84,NA,NA,0.120497510008004,0.110892484886067,NA,NA,NA,NA,17.263172,0,478.32,7.768,NA,7.768,0.0260786576637328,NA,0.0232327147820606,NA,NA,0.00307086817847851,0.0039645498458397,NA,NA,NA,NA,1.0114905785918,0,28.1731001611602,0.661876898004795,NA,0.661876898004795,250
"implant","B_null","fastancom","single",0.012,NA,0.012,NA,NA,0.0279899186792561,0.106718325083193,NA,-0.00368062194455287,0.376181780914002,NA,0.0485759999999939,0,478.42,0.016,NA,0.016,0.00690032302369427,NA,0.00690032302369427,NA,NA,0.00183136844173861,0.00367338143888941,NA,0.0081164711613349,0.00424045395247325,NA,0.00203482553449213,0,28.1761147814369,0.00976511288817879,NA,0.00976511288817879,250
"implant","B_null","ldm","single",0.032,NA,0.08,NA,NA,0.0498531764956494,0.0759595114235335,NA,NA,NA,NA,10.957976,0,478.42,0.052,NA,0.052,0.0111535468092308,NA,0.017192507941463,NA,NA,0.00180548020990755,0.00266806155627307,NA,NA,NA,NA,1.10854560770731,0,28.1761147814369,0.0205639369287117,NA,0.0205639369287117,250
"implant","B_null","limma_logtss","single",0.036,NA,0.052,NA,NA,0.0542963379614286,0.110241457245491,NA,0.0133647599818292,0.388562120112293,0.945703662038571,0.0381960000000001,0,478.42,0.316,NA,0.316,0.0118056551692781,NA,0.0140703910256417,NA,NA,0.00387151175411118,0.00488193168350661,NA,0.0102564310217094,0.00446524415805348,0.00387151175411118,0.000326682140441638,0,28.1761147814369,0.178257338460046,NA,0.178257338460046,250
"implant","B_null","linda","single",0.048,NA,0.088,NA,NA,0.053349055807453,0.0701401724432209,NA,-0.000752129941492754,0.345589756441607,0.943967537580793,0.356704,0,478.42,0.108,NA,0.108,0.0135468842280857,NA,0.0179530847770529,NA,NA,0.00170496721166039,0.0024267338605215,NA,0.00397127110539391,0.00353013633851924,0.00173579074854398,0.025714812225782,0,28.1761147814369,0.0522711497134842,NA,0.0522711497134842,250
"implant","B_null","lm_logtss","single",0.04,NA,0.064,NA,NA,0.0537450390549492,0.109949170208824,NA,0.0133647599818292,0.388562120112293,0.946254960945051,0.036128,0,478.42,0.304,NA,0.304,0.0124184084113013,NA,0.0155105871343741,NA,NA,0.00383831942150225,0.00492697828369499,NA,0.0102564310217094,0.00446524415805348,0.00383831942150225,0.000240945393670277,0,28.1761147814369,0.161662845150047,NA,0.161662845150047,250
"implant","B_null","locom","single",0.04,NA,0.092,NA,NA,0.0504263170459449,0.0689759293708952,NA,-0.00303447697217623,0.984108568363337,NA,302.855968,0,478.42,0.052,NA,0.052,0.0124184084113013,NA,0.0183162753794296,NA,NA,0.00159393512580064,0.0024616298638092,NA,0.00479332560441664,0.0095321153592442,NA,19.9071477047426,0,28.1761147814369,0.0171569649350674,NA,0.0171569649350674,250
"implant","B_null","locom2","single",0.16,NA,0.204,NA,NA,0.0414492952960243,0.0811871806047305,NA,NA,NA,NA,64.045968,0,478.42,0.272,NA,0.272,0.0232327147820606,NA,0.0255371215745482,NA,NA,0.001275135814065,0.00259575180891267,NA,NA,NA,NA,4.58862805916029,0,28.1761147814369,0.0486779433488587,NA,0.0486779433488587,250
"implant","B_null","logistic_presence","single",0.072,NA,0.116,NA,NA,0.0548846773866101,0.118733724159834,NA,0.00773512513487415,0.66319066491914,NA,0.549232,0,477.04,0.136,NA,0.136,0.0163810057504901,NA,0.0202934298030838,NA,NA,0.00166306540035193,0.00164733819472122,NA,0.00965446847189741,0.020281918026809,NA,0.0307036924755073,0,28.2043283584738,0.0560229442382717,NA,0.0560229442382717,250
"implant","B_null","maaslin3","abundance",0.184,NA,0.408,NA,NA,0.0470122710090425,0.0592649108672073,NA,-0.00521882635198407,0.855699014566321,NA,13.563,0,478.348,0.284,NA,0.284,0.0245558129942225,NA,0.0311452098465485,NA,NA,0.00104642213040449,0.00198011692872582,NA,0.00892902390074454,0.00739183604289206,NA,0.725293924698683,0,28.1733323233302,0.0451389643702386,NA,0.0451389643702386,250
"implant","B_null","maaslin3","combined",0.224,NA,0.504,NA,NA,0.050579423528084,0.0914851247477876,NA,NA,NA,NA,13.563,0,478.42,0.372,NA,0.372,0.0264213616873479,NA,0.0316851985511992,NA,NA,0.00131180304306587,0.00250226747957882,NA,NA,NA,NA,0.725293924698683,0,28.1761147814369,0.051390934146499,NA,0.051390934146499,250
"implant","B_null","maaslin3","presence",0.02,NA,0.188,NA,NA,0.0391279418159062,0.0766838476558784,NA,NA,NA,NA,13.563,0,477.544,0.02,NA,0.02,0.00887213950734269,NA,0.0247603777277505,NA,NA,0.00134123704258557,0.00231716810373547,NA,NA,NA,NA,0.725293924698683,0,28.19282999111,0.00887213950734269,NA,0.00887213950734269,250
"implant","B_null","pursue","abundance",0.1,NA,0.152,NA,NA,0.0494225832296664,0.062544314979594,NA,-0.00874575069115965,0.840913191785821,0.950577416770334,18.52092,0,478.348,0.16,NA,0.16,0.0190117275157343,NA,0.0227520244917655,NA,NA,0.00127301963337923,0.00213444806537222,NA,0.00637355561768167,0.00736935283360725,0.00127301963337923,1.07214998943515,0,28.1733323233302,0.041575402057285,NA,0.041575402057285,250
"implant","B_null","pursue","combined",0.092,NA,0.14,NA,NA,0.0434495679146287,0.114475981043194,NA,NA,NA,NA,18.52092,0,478.42,0.116,NA,0.116,0.0183162753794296,NA,0.0219894096452402,NA,NA,0.0012364910404429,0.0031625870793911,NA,NA,NA,NA,1.07214998943515,0,28.1761147814369,0.0245885009203497,NA,0.0245885009203497,250
"implant","B_null","pursue","presence",0.044,NA,0.076,NA,NA,0.0371205990284695,0.179789487650907,NA,NA,NA,NA,18.52092,0,477.04,0.132,NA,0.132,0.012997373846575,NA,0.0167935730678597,NA,NA,0.00118780952422884,0.00441966045908159,NA,NA,NA,NA,1.07214998943515,0,28.2043283584738,0.0852724431351239,NA,0.0852724431351239,250
"implant","B_null","wilcoxon_tss","single",0.02,NA,0.056,NA,NA,0.049156063597194,0.0758715061033468,NA,0.0113367514560809,1.53521978168065,NA,0.270248,0,478.42,0.02,NA,0.02,0.00887213950734269,NA,0.0145706973368996,NA,NA,0.00168572647945143,0.00259965370286633,NA,0.0219238791032862,0.0224689310793436,NA,0.0148036078441986,0,28.1761147814369,0.00887213950734269,NA,0.00887213950734269,250
"implant","B_null","zicoseq","single",0.048,NA,0.112,NA,NA,0.0543696659155766,0.0738932116836824,NA,NA,NA,NA,119.932696,0,478.42,0.088,NA,0.088,0.0135468842280857,NA,0.0199855369391715,NA,NA,0.00201619691961428,0.00274908534801107,NA,NA,NA,NA,7.012283784115,0,28.1761147814369,0.0344932331411557,NA,0.0344932331411557,250
"implant","B_prev","adapt","single",0.0264395524066577,0.114336137579528,0.0756018663311233,0.150270768501032,0.412703408516034,0.0441285253748488,0.0706806717860505,NA,-0.037062917967185,1.24364075476688,NA,0.62687,47.11,481.62,5.62,5.29,0.33,0.00840442863069289,0.00904199060083029,0.0150877171922486,0.0113142850464714,0.0135110273488018,0.00256103287633788,0.00416027511851622,NA,0.0314717387881601,0.0292733476442485,NA,0.0463273914982305,4.49376436652148,45.2374002325286,0.61492875500937,0.536598904059991,0.147747395676854,100
"implant","B_prev","aldex2","single",0.005,0.0408826298757587,0.00444444444444444,0.0483019166850977,0.356593825062841,0.00382158993441542,0.280042632139331,NA,0.000424145771765177,0.448412335796629,NA,17.54524,47.11,481.62,1.63,1.62,0.01,0.005,0.00510258671036887,0.00350297826360672,0.0052826675280986,0.012633052698046,0.000625736743700424,0.0041181473720686,NA,0.0028042852229449,0.00525834481086803,NA,1.57119856965209,4.49376436652148,45.2374002325286,0.17212574684594,0.172199086096661,0.01,100
"implant","B_prev","ancombc2","single",0.00571428571428571,0.00811748384214758,0.00571428571428571,0.00811748384214758,0.0622513011248899,0.464678513865189,0.458833537588118,NA,-0.0122766084674398,0.837119243725254,0.50471883355709,119.22544,47.11,481.62,0.48,0.44,0.04,0.00571428571428571,0.00275358591312561,0.00571428571428571,0.00275358591312561,0.00508680592222755,0.00565554694368745,0.0050703607685352,NA,0.014857357808541,0.0118336755243209,0.00546192375622676,12.1251788313653,4.49376436652148,45.2374002325286,0.108692876556568,0.0902521719708426,0.04,100
"implant","B_prev","corncob","single",0.690866978328136,0.0453879372031988,0.763375157543029,0.0747933502845003,0.106395987020757,0.116799682935894,0.112028299645577,NA,NA,NA,NA,17.44366,47.1,481.51,9.05,1.74,7.31,0.0338577642594152,0.00565313063083777,0.0254524424634968,0.00879090878517349,0.00612320530415235,0.00452858522811834,0.00618580482248596,NA,NA,NA,NA,1.63462966523573,4.4922042462358,45.2305552729903,1.15805261477441,0.238945494820366,0.946305415494353,100
"implant","B_prev","fastancom","single",0.0084047619047619,0.0622662784717208,0.00994228324434275,0.0753732937395396,0.337997672651691,0.0257849252759154,0.125572185664583,NA,-0.0284588408515349,0.385574330563636,NA,0.0495299999999983,47.11,481.62,3.24,3.1,0.14,0.0053882725496392,0.00671959348071512,0.00600049759657806,0.00740646611436441,0.0132486741783454,0.00289117865855107,0.00697992800142001,NA,0.0165527354352816,0.0075037032432153,NA,0.00338527575231155,4.49376436652148,45.2374002325286,0.389540003262071,0.347719845434641,0.0943023292020366,100
"implant","B_prev","ldm","single",0.0290849673202614,0.0342426243379604,0.0714721944721945,0.0627203503764607,0.281189748285241,0.0479410107232418,0.0708958770612919,NA,NA,NA,NA,16.42494,47.11,481.62,1.73,1.51,0.22,0.00916061183381967,0.00513068790030875,0.015138980942319,0.00789149695858747,0.0108106279341417,0.00285623613655921,0.00430508605809559,NA,NA,NA,NA,1.97899381355906,4.49376436652148,45.2374002325286,0.296053162029178,0.241834320111597,0.0811284055175385,100
"implant","B_prev","limma_logtss","single",0.0539488104784817,0.0881635235383631,0.0813031222266196,0.126198006167564,0.345860397798673,0.0555530648271105,0.114407540040563,NA,0.00675400658681694,0.38819240710966,0.944446935172889,0.03832,47.11,481.62,6.17,4.04,2.13,0.0173783983730326,0.00856700890473254,0.0205849795133949,0.0112740300799315,0.0135083894790188,0.00651994603616346,0.00789439845358858,NA,0.0172160778682188,0.00710797638371104,0.00651994603616346,0.00050669856358928,4.49376436652148,45.2374002325286,2.07125858385961,0.564240796794841,1.6008618259733,100
"implant","B_prev","linda","single",0.0325979437229437,0.111728521672185,0.0731573387746113,0.150376062508625,0.392541211546466,0.0508341729633728,0.0699962363320488,NA,-0.00496912317781898,0.342286733914936,0.94619596269769,0.37917,47.11,481.62,5.1,4.73,0.37,0.0121795673829557,0.0093968466681766,0.0151855086026773,0.0113905837222631,0.0122954088677922,0.00297511714976388,0.00364427725825732,NA,0.00680292549253761,0.0051713244763966,0.00306046664759489,0.0446574686481512,4.49376436652148,45.2374002325286,0.560573299616049,0.459875916509942,0.187301409983529,100
"implant","B_prev","lm_logtss","single",0.0344553546811611,0.0939047034986506,0.0854851204760848,0.128591079342381,0.34817777371366,0.0549491995095452,0.11388749981344,NA,0.00675400658681694,0.38819240710966,0.945050800490455,0.0361500000000001,47.11,481.62,6.34,4.25,2.09,0.0123003437606794,0.00844316945515139,0.0206194760232164,0.0105866235772278,0.0135182605502142,0.00634647332121281,0.00785728262620193,NA,0.0172160778682188,0.00710797638371104,0.0063464733212128,0.000338259060365272,4.49376436652148,45.2374002325286,2.135000295697,0.569844033242625,1.67465328840439,100
"implant","B_prev","locom","single",0.0438095238095238,0.00242879328068357,0.0744642857142857,0.00746180707970145,0.149714100753513,0.0498376301496189,0.0692652456707713,NA,-0.00992978467502231,0.987517592977325,NA,312.66097,47.11,481.62,0.26,0.15,0.11,0.0194954568352653,0.000831949316502084,0.0240478534449165,0.00199271814150914,0.0074783916865185,0.00232968463084898,0.00400979530921721,NA,0.0083180957682063,0.0146849975449218,NA,31.1755797762956,4.49376436652148,45.2374002325286,0.0894653027941023,0.05,0.0584220105194208,100
"implant","B_prev","locom2","single",0.0934166666666667,0.00797223191271938,0.121452380952381,0.0132799798639403,0.169126011717404,0.0400841715147006,0.081387676687622,NA,NA,NA,NA,62.66128,47.11,481.62,0.72,0.44,0.28,0.0256583612322053,0.00202858778156042,0.0276351832707101,0.00335503459292075,0.00905731721069295,0.00236755490674604,0.00424480898972525,NA,NA,NA,NA,7.08740107122919,4.49376436652148,45.2374002325286,0.163348793331412,0.100824880687539,0.0841835416626593,100
"implant","B_prev","logistic_presence","single",0.0502574901276813,0.179705351271088,0.0973381570228319,0.225267085781017,0.458048130484877,0.0552345153989926,0.12076955793564,NA,-0.0216213330006191,0.714121329268226,NA,0.55181,47.02,480.3,8.86,8.15,0.71,0.0111013546493594,0.0124687883165865,0.0157550479396116,0.0137476184072021,0.0132049918293496,0.00302288455077029,0.00288475681493189,NA,0.0180436091654137,0.0374089083968788,NA,0.0490207968544211,4.49455293222875,45.2769000348707,0.872245447802464,0.781267424048122,0.181628436344337,100
"implant","B_prev","maaslin3","abundance",0.24,NA,0.58,NA,NA,0.0461066497874367,0.0573667336738986,0.0622807072895325,0.0045636684627301,0.860887141366725,NA,13.52224,0,481.53,0.34,NA,0.34,0.0429234695990928,NA,0.0496044963748858,NA,NA,0.00163603421915927,0.00300590054494337,0.00556392422806899,0.0138773807555182,0.0123376974421488,NA,1.1544424545348,0,45.2315645910412,0.0699494767166224,NA,0.0699494767166224,100
"implant","B_prev","maaslin3","combined",0.0510928836366816,0.119088086473531,0.182826698056998,0.185778093207438,0.355351782316759,0.0475018374047983,0.0869547669501282,NA,NA,NA,NA,13.52224,47.11,481.62,5.72,5.32,0.4,0.0134132289676698,0.00851506618958447,0.0199984325248809,0.00983157459179471,0.0110046284976669,0.00202245708271583,0.00464328003251679,NA,NA,NA,NA,1.1544424545348,4.49376436652148,45.2374002325286,0.565521123755905,0.518131842353475,0.0791367567103066,100
"implant","B_prev","maaslin3","presence",0.00185714285714286,0.117116327519539,0.0280441995075862,0.180336289030776,0.457464310272089,0.0371422820093589,0.0760511467149083,NA,NA,NA,NA,13.52224,47.04,480.71,5.28,5.25,0.03,0.00107633689469518,0.00852894277666356,0.00654420709337956,0.0104579543778764,0.0126306326915487,0.00256352516009819,0.00395320496307616,NA,NA,NA,NA,1.1544424545348,4.49333782932965,45.2583655864367,0.521280474728656,0.514904129548659,0.0171446607997765,100
"implant","B_prev","pursue","abundance",0.07,NA,0.18,NA,NA,0.0517148857232892,0.0596365824403603,0.0622570563390889,-0.00621483199090342,0.846085050817774,0.949362537474527,18.65458,0,481.53,0.08,NA,0.08,0.0256432399976243,NA,0.0386122919665369,NA,NA,0.00222572355371715,0.00318342715407591,0.00687359497415936,0.00903869936997945,0.0120861987312028,0.00214121138583027,1.72352422072633,0,45.2315645910412,0.0307482445914323,NA,0.0307482445914323,100
"implant","B_prev","pursue","combined",0.0563644849302744,0.0732132844251119,0.0824892551892552,0.0911125417263437,0.257332824687929,0.0427140942528977,0.117362615352929,NA,NA,NA,NA,18.65458,47.11,481.62,3.03,2.76,0.27,0.0154927530632416,0.00753105110688938,0.0167902358348726,0.008714318660868,0.0105662365353316,0.00184882673321478,0.00489247697607171,NA,NA,NA,NA,1.72352422072633,4.49376436652148,45.2374002325286,0.336786657285072,0.297504774598813,0.0708605117199426,100
"implant","B_prev","pursue","presence",0.0244047619047619,0.0885660348617781,0.0509124620590138,0.102638048897802,0.312720157305702,0.0341490292595478,0.191708683366809,NA,NA,NA,NA,18.65458,47.02,480.3,3.61,3.45,0.16,0.0088848178837585,0.00854098300129026,0.0109411606567305,0.00892721648451622,0.0129531894531297,0.00190179098821375,0.00730877501120424,NA,NA,NA,NA,1.72352422072633,4.49455293222875,45.2769000348707,0.417519127971668,0.381749031737244,0.0631176550882427,100
"implant","B_prev","wilcoxon_tss","single",0.0266495753272069,0.115351504489257,0.0547754110339788,0.157833875006855,0.433999089901115,0.0466844450699622,0.075095751002962,NA,-0.0324238972070245,1.55097087722146,NA,0.26956,47.11,481.62,5.4,5.09,0.31,0.008082102632701,0.00996647307210718,0.0126137185139996,0.0122592315394369,0.01286399899078,0.00302761158599513,0.00448315519723338,NA,0.0359134444146325,0.0413008990334088,NA,0.0234386770061362,4.49376436652148,45.2374002325286,0.558316372424427,0.502939842176463,0.124474653620484,100
"implant","B_prev","zicoseq","single",0.0745675500969619,0.0576565765015682,0.105668035203605,0.0836819375060631,0.314000020313854,0.0577485761206246,0.0742254638132396,NA,NA,NA,NA,120.9173,47.11,481.62,3.74,3.26,0.48,0.0186291572206475,0.00551850659104803,0.0204964113474762,0.0072922827904675,0.0114845554298183,0.00379389856389589,0.00458826694431009,NA,NA,NA,NA,11.2500384287245,4.49376436652148,45.2374002325286,0.454076930250655,0.377021822372995,0.135944135882384,100
"implant","B_ref","adapt","single",0.0377710996888416,0.117733002814955,0.0782460371980904,0.147329537978445,0.356864386187042,0.0519011609310645,0.0749905969204605,NA,-0.0150851745631835,1.28668908230555,NA,0.62554,47.53,477.83,6.36,5.96,0.4,0.00914951700537278,0.00823299066072889,0.0130547273308037,0.00921419318931231,0.0118388411262893,0.00244755347377438,0.00419680806527851,NA,0.0252597980867401,0.0312306983808472,NA,0.0469972950435885,4.52390854072543,44.7369958646074,0.715417516015803,0.668923452914148,0.0953462589245592,100
"implant","B_ref","aldex2","single",0,0.048115351167301,0,0.0591462364981695,0.30908600636929,0.0051200887931291,0.276061783633962,NA,-0.000697147323022703,0.693951702862239,NA,16.98108,47.53,477.83,2.06,2.06,0,0,0.00474270218564237,0,0.00559520500682124,0.0115480075615861,0.000709358151353678,0.00477923728116915,NA,0.0031979362491406,0.0131468633844131,NA,1.53723116264604,4.52390854072543,44.7369958646074,0.222392863776214,0.222392863776214,0,100
"implant","B_ref","ancombc2","single",0.00458333333333333,0.0240011439359548,0.00458333333333333,0.0240011439359548,0.0846411344918732,0.466988479038289,0.457025061698661,NA,0.0232839563750399,0.849435630738732,0.496046870023351,122.29031,47.53,477.83,1.4,1.37,0.03,0.00354815952670339,0.00338167203470312,0.00354815952670339,0.00338167203470312,0.0052803846810931,0.00557982167207277,0.00505281763465903,NA,0.0155744611573256,0.0125624410496635,0.0053509451369137,12.6784563744697,4.52390854072543,44.7369958646074,0.204988297276215,0.198303410016677,0.0222701503353613,100
"implant","B_ref","corncob","single",0.544418217232213,0.0858401000228664,0.617948278121479,0.120148599597544,0.159826306043307,0.124175234770555,0.123149432782791,NA,NA,NA,NA,17.00357,47.49,477.69,11.39,3.64,7.75,0.035380097615521,0.00882151465165009,0.0302429532258747,0.0106507491034178,0.00914942833786939,0.0050354526446361,0.00752520136382965,NA,NA,NA,NA,1.60122220871048,4.52473549648279,44.7289856872036,1.3349153493383,0.423673211212356,0.971552438839068,100
"implant","B_ref","fastancom","single",0.00435353535353536,0.0748468943809784,0.0126515151515152,0.0869332983548676,0.319281936834958,0.0240586930192345,0.128811200856512,NA,0.00276116553482326,0.431171993672685,NA,0.0510199999999983,47.53,477.83,3.7,3.65,0.05,0.00226829346784458,0.00587798390514462,0.00470327859128004,0.00706830252208984,0.0103584771343685,0.00238957496145324,0.00736069542213072,NA,0.0119009501419304,0.00823082778437929,NA,0.00382799311821888,4.52390854072543,44.7369958646074,0.420317340430616,0.411298755975102,0.0261116483933547,100
"implant","B_ref","ldm","single",0.0405797258297258,0.066716450178918,0.103911103516367,0.0883424140116192,0.295599209175571,0.0560260589491821,0.0801515457823247,NA,NA,NA,NA,23.35368,47.53,477.83,3.51,3.3,0.21,0.0137648936605772,0.00662948282752878,0.0220679369914112,0.00796565584581132,0.0111201345609132,0.00295153166797615,0.0051245916163975,NA,NA,NA,NA,3.03144454001185,4.52390854072543,44.7369958646074,0.420796503038817,0.409113355164235,0.068600733276406,100
"implant","B_ref","limma_logtss","single",0.0257427660059239,0.0971376267930926,0.0558249505374426,0.121318455259592,0.320066838005329,0.0558572156678582,0.10992037350388,NA,-0.0158546635243612,0.446955526699521,0.912045050876191,0.0383199999999999,47.53,477.83,4.63,4.21,0.42,0.0109319776975198,0.00791149121643079,0.015606461887755,0.00954169409460249,0.0107405669446245,0.00532154091830335,0.00715908734396824,NA,0.0172931167843953,0.00936100108301849,0.00502697947348475,0.000592525837990938,4.52390854072543,44.7369958646074,0.55933853430601,0.462600248485655,0.30090100388901,100
"implant","B_ref","linda","single",0.0468376634481864,0.118529983654367,0.0865594797444212,0.146524512789682,0.350445480690517,0.0569757777400325,0.0776616432512195,NA,-0.00158286302936541,0.407906810158212,0.899554125046464,0.37432,47.53,477.83,5.98,5.59,0.39,0.0129531194242352,0.00829756203145214,0.0173607925484805,0.0093429137257884,0.0111082693594963,0.00327616877033302,0.00436821377275448,NA,0.00617579519240334,0.00799211787181672,0.00337822905595115,0.0441058641054095,4.52390854072543,44.7369958646074,0.638334322334862,0.604544239385123,0.101399300696889,100
"implant","B_ref","lm_logtss","single",0.0295401353032932,0.101001828863593,0.0603580809316103,0.125755534796016,0.319744113808473,0.0556124457507846,0.109508347662439,NA,-0.0158546635243612,0.446955526699521,0.912625436505739,0.03588,47.53,477.83,4.8,4.4,0.4,0.0118813679247876,0.00834914980013022,0.016065536683317,0.009356214527972,0.0106180825739613,0.00530412927582019,0.00713531837560754,NA,0.0172931167843953,0.00936100108301849,0.00501690438135476,0.00031084115271666,4.52390854072543,44.7369958646074,0.553409998339953,0.479477830456206,0.271174028135722,100
"implant","B_ref","locom","single",0.0286904761904762,0.0254628395614241,0.0510539321789322,0.0373909245383893,0.221280068869585,0.0542539128737385,0.0754839499073518,NA,-0.00540877464927357,1.00209549338315,NA,315.82639,47.53,477.83,1.36,1.27,0.09,0.0106936830935304,0.00395619959545061,0.0145962414747812,0.00487774133725629,0.00956706055574355,0.00255313933783555,0.00428811542654858,NA,0.0075184777029226,0.0169510946436951,NA,30.7817985692447,4.52390854072543,44.7369958646074,0.226309879625618,0.218283015251931,0.0320825954263823,100
"implant","B_ref","locom2","single",0.10819421101774,0.0298302016298779,0.152035353535354,0.044313004449859,0.215716467878874,0.0438670098370558,0.0878427883022471,NA,NA,NA,NA,62.62724,47.53,477.83,2.21,1.72,0.49,0.0230201169925985,0.00456403177159683,0.0264527081506603,0.00645901366510847,0.00995143867024426,0.00211475553312431,0.00459307969223871,NA,NA,NA,NA,7.03884173107875,4.52390854072543,44.7369958646074,0.304609370648489,0.241242574596566,0.0958692291139815,100
"implant","B_ref","logistic_presence","single",0.0497377102796607,0.136903191096956,0.0829562918585878,0.172531477410101,0.373086727122887,0.0532430487747262,0.123379258917549,NA,-0.0155619628843971,0.786119214031662,NA,0.54285,47.37,476.37,7,6.58,0.42,0.0132200147149663,0.00919860913787635,0.0148477860349537,0.0105336465725478,0.0113356751076909,0.00254896953706747,0.00319291185298693,NA,0.0144930769519906,0.0374556073332842,NA,0.0487153147782029,4.53013824571089,44.7879778579706,0.771853338243462,0.726160513184992,0.0912096043144137,100
"implant","B_ref","maaslin3","abundance",0.221666666666667,0.00748676376425622,0.377666666666667,0.0154776139858947,0.111683539613019,0.0501128431691079,0.0577112262174848,0.0615964146770265,0.0187087045192072,0.884900188791653,NA,13.26994,31.81,477.73,0.56,0.21,0.35,0.0401529762773343,0.00260271326625339,0.0429731345488341,0.00313995742308283,0.00747734965910155,0.00166059501919128,0.00311849378372812,0.0128733223578158,0.0176674377157632,0.0151653548948915,NA,1.13333381344197,2.99520475346036,44.7310274774895,0.0967345634071698,0.0537389875963326,0.0729950876996722,100
"implant","B_ref","maaslin3","combined",0.0725298798900058,0.0941394758288075,0.186015014375348,0.142485728903762,0.30730297871334,0.0526290243833599,0.0904786137634111,NA,NA,NA,NA,13.26994,47.53,477.83,4.94,4.44,0.5,0.0149164249035065,0.00661107493457667,0.0237136266713169,0.00861572209673087,0.0107345269345917,0.00208317033386547,0.00403487183368624,NA,NA,NA,NA,1.13333381344197,4.52390854072543,44.7369958646074,0.532730720159839,0.476375202265329,0.0904534033733291,100
"implant","B_ref","maaslin3","presence",0.0251666666666667,0.134109577944216,0.0457455579778602,0.199867824531473,0.518663565057198,0.0390094950697448,0.0751450725803841,0.0488131963467741,NA,NA,NA,13.26994,31.74,476.95,4.34,4.27,0.07,0.0125718920268909,0.00975923043786634,0.0137070732977422,0.0125633258442408,0.0160527272735992,0.0021786043875063,0.00376760522106325,0.00888822477571778,NA,NA,NA,1.13333381344197,3.02623611942377,44.7620631559784,0.465413902897304,0.465117558725042,0.0293188669562103,100
"implant","B_ref","pursue","abundance",0.07,0.00444672869147659,0.109333333333333,0.00510468467459134,0.110200564590165,0.05487065238542,0.0616268069642852,0.0622684489457355,0.00415399616061145,0.867708686245232,0.940594435425901,18.50686,31.81,477.73,0.18,0.07,0.11,0.0246388049034588,0.00242759506934546,0.0293937241826271,0.00243869516143363,0.00743860237330227,0.00207031981465008,0.00314405646320114,0.0130477272640502,0.0110140310286675,0.013594904040542,0.00197196150177635,1.72325479951296,2.99520475346036,44.7310274774895,0.0592546294487706,0.0293188669562103,0.0423906793643331,100
"implant","B_ref","pursue","combined",0.0293690476190476,0.0408704961585897,0.0969014874014874,0.0489216143075804,0.208322665760203,0.0456277052560416,0.111754148655669,NA,NA,NA,NA,18.50686,47.53,477.83,1.94,1.78,0.16,0.010274135573423,0.00537763859692332,0.0219052252558774,0.00591488232413565,0.0107943498836562,0.00184161499392413,0.00506134648495916,NA,NA,NA,NA,1.72325479951296,4.52390854072543,44.7369958646074,0.256164404280146,0.225889934760853,0.0545319848688582,100
"implant","B_ref","pursue","presence",0.0359789377289377,0.0665258505388429,0.0792792207792208,0.0879406307632536,0.306974957426003,0.036329176314777,0.183666039235582,0.0426803331254174,NA,NA,NA,18.50686,31.71,476.37,2.2,2.07,0.13,0.0140808767511254,0.00847369044012976,0.0195059304346334,0.0101169507005811,0.0151160718165941,0.00168646826155421,0.0073642586488375,0.00899922104841695,NA,NA,NA,1.72325479951296,3.02836072601477,44.7879778579706,0.283556062188838,0.269400756637333,0.0418148878808117,100
"implant","B_ref","wilcoxon_tss","single",0.0235293016370603,0.115970882950124,0.0535938336650342,0.146565928828174,0.368441780088815,0.0514850590810141,0.0824795888309243,NA,-0.0192669940938437,1.56754330423725,NA,0.26932,47.53,477.83,5.74,5.5,0.24,0.00731606123240742,0.00748768507357447,0.0109812027172142,0.00981770689839006,0.011721027738537,0.00285923179641013,0.00447548318636873,NA,0.0375846585214699,0.0361467999968094,NA,0.0233231401111957,4.52390854072543,44.7369958646074,0.623385996803025,0.593312903972433,0.0683425714376264,100
"implant","B_ref","zicoseq","single",0.0550217938087099,0.0859238315274874,0.0982276279212778,0.109642151542998,0.314915970807837,0.0582229278897722,0.0767217221243141,NA,NA,NA,NA,118.56945,47.53,477.83,4.92,4.57,0.35,0.0159306942413745,0.00709464926824748,0.0197696501384019,0.00824396984726081,0.0102891452906173,0.00294824160309093,0.00446246282471654,NA,NA,NA,NA,11.1147777589743,4.52390854072543,44.7369958646074,0.583039752963169,0.537155809459754,0.0891882585015844,100
"implant","B_small","adapt","single",0.0646428571428571,0.0155633295263536,0.132178571428571,0.0263030747869445,0.184611135975792,0.0538290370281357,0.0816676573792067,NA,0.0665613903026144,1.23547811303248,NA,0.581979999999995,48.21,476.52,0.93,0.71,0.22,0.0220139793201534,0.00284365743408359,0.0276350355060094,0.00392496182452942,0.00917028763143508,0.00321270104336864,0.00421788126737356,NA,0.0355374883505013,0.0333992204454724,NA,0.0428184067377048,4.48603433339559,44.7436638028788,0.290681887285671,0.170735189842355,0.1330147709577,100
"implant","B_small","aldex2","single",0.01,0.00280446984733881,0.01,0.00422697573135401,0.17819030089097,0.00568515700623404,0.279261567066017,NA,0.000992431869113264,0.534207451913203,NA,17.27988,48.21,476.52,0.17,0.16,0.01,0.01,0.00083920415649,0.01,0.00108938629067648,0.0089999886002257,0.000675685470296112,0.00516937239965042,NA,0.00204863648206255,0.00878236649312562,NA,1.55355981658027,4.48603433339559,44.7436638028788,0.0403394686042433,0.0394917201397452,0.01,100
"implant","B_small","ancombc2","single",0.01,0.0017123738833183,0.01,0.0017123738833183,0.0531561545056238,0.475324752004614,0.464349305588395,NA,-0.00257295745833963,0.836301347020726,0.493766797396345,90.97706,48.21,476.52,0.11,0.1,0.01,0.01,0.000682465422512766,0.01,0.000682465422512766,0.00355753724609593,0.00526935399943023,0.00489386439344319,NA,0.0181754476580906,0.0115047220129981,0.00495998469773283,9.02853149171743,4.48603433339559,44.7436638028788,0.031446603773522,0.0301511344577764,0.01,100
"implant","B_small","corncob","single",0.750306380422869,0.0296694529578401,0.787616048033035,0.0472147666852277,0.0801478595893032,0.117012357574462,0.112579599275087,NA,NA,NA,NA,17.2649,48.16,476.36,7.62,1.08,6.54,0.0345649951621365,0.00493981128057623,0.0288844327370489,0.0064627072026669,0.00474688422141857,0.004527302461452,0.00623019457553579,NA,NA,NA,NA,1.62349862325072,4.48151579695797,44.728623967435,0.987986422840502,0.155492050529208,0.866132702641956,100
"implant","B_small","fastancom","single",0.0366666666666667,0.00637902879091467,0.0366666666666667,0.00976019275389452,0.176062218855305,0.0283131653900838,0.119326318244262,NA,-0.00376370662957445,0.398025495236784,NA,0.0478200000000048,48.21,476.52,0.43,0.38,0.05,0.017818765880622,0.00154092251565778,0.017818765880622,0.00202112728138951,0.00881227752017934,0.00380294682279063,0.0072186475446296,NA,0.0134449663881844,0.00863427618717503,NA,0.00309572465040257,4.48603433339559,44.7436638028788,0.0890522488784142,0.0813770374382247,0.021904291355759,100
"implant","B_small","ldm","single",0.054,0.00529784255599473,0.0796969696969697,0.00863491345420926,0.139923124264621,0.050195049130091,0.0764601140980806,NA,NA,NA,NA,11.95886,48.21,476.52,0.22,0.14,0.08,0.0210060116455391,0.00192777763145993,0.0243727557183005,0.00244876863693834,0.00632136648420428,0.00270818166129487,0.00386564286901744,NA,NA,NA,NA,1.23735126023945,4.48603433339559,44.7436638028788,0.0660272364982509,0.0449915817041636,0.0307482445914323,100
"implant","B_small","limma_logtss","single",0.0638571428571429,0.0129687358018743,0.108800453514739,0.0226404039382631,0.164116767493752,0.0550256646823784,0.111771697090748,NA,0.0315401116258961,0.412770636545728,0.933083303195201,0.0385500000000001,48.21,476.52,0.66,0.5,0.16,0.021982222348092,0.00280305096038148,0.0268938648329349,0.004370929012726,0.00806222292455379,0.00548698491411356,0.00712138112004493,NA,0.0167768460696074,0.00802438220271692,0.00546126471732019,0.0005440913099245,4.48603433339559,44.7436638028788,0.137965008006898,0.0915633026044735,0.069223689528363,100
"implant","B_small","linda","single",0.0551666666666667,0.0147344153704855,0.107153235653236,0.0241843180296021,0.173390959017967,0.0539474418595793,0.0781878340282078,NA,0.00631393204197538,0.369338278620361,0.922530418971747,0.36012,48.21,476.52,0.81,0.67,0.14,0.020048615156588,0.002404196360892,0.0243980998114447,0.00386020322440469,0.00841111525450115,0.00259589313861083,0.00387447042559182,NA,0.00613124162428759,0.00703965219432864,0.00276580813561764,0.0411793252038255,4.48603433339559,44.7436638028788,0.152219272993623,0.111060089295586,0.0619872909750398,100
"implant","B_small","lm_logtss","single",0.0685595238095238,0.016214104959547,0.123590277777778,0.0238406893946956,0.163436785788245,0.0557381307582559,0.112413468486718,NA,0.0315401116258961,0.412770636545728,0.932506218265346,0.03593,48.21,476.52,0.85,0.61,0.24,0.0229958992733866,0.00324535405146618,0.0290054806905915,0.00397736989714078,0.00799412331601056,0.00551851461705809,0.00708519698780726,NA,0.0167768460696074,0.00802438220271692,0.00548696309117819,0.000318853691789317,4.48603433339559,44.7436638028788,0.169595478308315,0.105308589345309,0.0922447337742969,100
"implant","B_small","locom","single",0.04,0.0015222369731165,0.0857142857142857,0.00226888568756051,0.093846231343283,0.0480401153660399,0.0711801364221997,NA,-0.00985398886584532,0.979698708083435,NA,307.30107,48.21,476.52,0.12,0.05,0.07,0.01836773631599,0.00100818883425925,0.0267646622418175,0.00140656916083396,0.00538625954036402,0.00235160464269247,0.00353178776842097,NA,0.00698401989430009,0.0153994085667442,NA,31.4278266622844,4.48603433339559,44.7436638028788,0.0537107855541928,0.0297294195005282,0.0325824517434794,100
"implant","B_small","locom2","single",0.205980392156863,0.00459331332935718,0.256428571428571,0.00726398006843824,0.0974291638564968,0.0447848497692617,0.0829215216286235,NA,NA,NA,NA,61.96819,48.21,476.52,0.7,0.2,0.5,0.0380800217777564,0.00152650177352586,0.0401795783993673,0.00223404076695998,0.00608667112691806,0.00233819322023173,0.00429927935776355,NA,NA,NA,NA,7.04696743070616,4.48603433339559,44.7436638028788,0.190427482949878,0.0568535243614961,0.147367471706519,100
"implant","B_small","logistic_presence","single",0.0893007518796992,0.0308420891569706,0.0931991341991342,0.0411948433761267,0.195077304601765,0.0539440798899379,0.119781255716613,NA,0.00565271138027684,0.740555137153231,NA,0.54687,48.03,475.11,1.53,1.2,0.33,0.0221354826859542,0.00421928234406117,0.0206910239949187,0.00500917971850271,0.0100821317020879,0.00291160288921739,0.00267130446700631,NA,0.0165663526306549,0.0335145024702172,NA,0.0486929975572578,4.48349284384486,44.7873469122066,0.246779253585061,0.176955167523108,0.0932629604826043,100
"implant","B_small","maaslin3","abundance",0.145,0.00115178571428571,0.424809523809524,0.00335028903296026,0.0636193084886256,0.0453179551263762,0.0617960715743655,0.0395834698819543,0.00915053679089487,0.849372533333014,NA,13.37105,32.29,476.38,0.2,0.03,0.17,0.0350288481400717,0.000785100668007218,0.0474749645604409,0.00119905609224181,0.00529316514304609,0.00163600741038568,0.00346996512836868,0.0108461382260991,0.0129229786434143,0.0123753342273948,NA,1.15009329462369,3.07690304092156,44.7283083931996,0.0492365963917331,0.0171446607997765,0.0450700913168936,100
"implant","B_small","maaslin3","combined",0.143380952380952,0.0102020991660035,0.301907953157953,0.0326129575985189,0.148817085777382,0.0479065556284866,0.0934910686532187,NA,NA,NA,NA,13.37105,48.21,476.52,0.81,0.51,0.3,0.0316912872134037,0.00219972446757068,0.0334662896342666,0.00377366772771485,0.00686545752592136,0.00210996036974484,0.00447258273731447,NA,NA,NA,NA,1.15009329462369,4.48603433339559,44.7436638028788,0.135359603361646,0.0958692291139816,0.0731678573796948,100
"implant","B_small","maaslin3","presence",0.0125,0.0141282495284006,0.0685434173669468,0.0443549147304638,0.271450202098551,0.0394350613098697,0.0786627412864968,0.0541092412901202,NA,NA,NA,13.37105,31.99,475.6,0.46,0.44,0.02,0.0102832363337108,0.00314102466784485,0.018164846761417,0.00539005635382991,0.0123862113564141,0.00242142302934325,0.00368148266763492,0.00893683980262688,NA,NA,NA,1.15009329462369,3.032267378472,44.7684525467917,0.0892392086676947,0.085658471486326,0.014070529413629,100
"implant","B_small","pursue","abundance",0.07,0.000714285714285714,0.085,0.00097069597069597,0.0625650019094324,0.050053068690316,0.0623653559233929,0.0396579777556059,0.0070358022667059,0.836956397579466,0.947807006036043,18.40274,32.29,476.38,0.09,0.01,0.08,0.0256432399976243,0.000714285714285714,0.0275745087962331,0.000756472271484568,0.00516109438043503,0.00165894969214596,0.00340265118545167,0.0109135940825051,0.00999556196473905,0.0120772613464977,0.00169909129468647,1.70032215424197,3.07690304092156,44.7283083931996,0.0320825954263823,0.01,0.0307482445914323,100
"implant","B_small","pursue","combined",0.0583333333333333,0.00408376259438226,0.084969696969697,0.006519136275993,0.101109581209775,0.044119874952341,0.117181405776353,NA,NA,NA,NA,18.40274,48.21,476.52,0.27,0.18,0.09,0.0213693666646869,0.00147010323513312,0.0249471311193617,0.00199948557894786,0.00659681456759043,0.00201920451507517,0.0054251141748134,NA,NA,NA,NA,1.70032215424197,4.48603433339559,44.7436638028788,0.0694203998777875,0.0557411042864304,0.0320825954263823,100
"implant","B_small","pursue","presence",0.0288888888888889,0.00887317788138049,0.0846666666666667,0.0125858470405761,0.156229793936702,0.0338521406682962,0.182550272798988,0.0332566337156544,NA,NA,NA,18.40274,31.97,475.11,0.36,0.28,0.08,0.0138912455913001,0.00261312855675375,0.0239500977647382,0.00298039370990092,0.00932128337218827,0.00222046566666238,0.00709535572093804,0.00593809459804556,NA,NA,NA,1.70032215424197,3.02896638702667,44.7873469122066,0.110572431583386,0.0841835416626593,0.03673547263198,100
"implant","B_small","wilcoxon_tss","single",0.0485714285714286,0.00993122858124637,0.0661666666666667,0.0213313869877086,0.18564288066337,0.0496299974716998,0.0844240484973962,NA,0.0275254035053587,1.53236053536023,NA,0.26803,48.21,476.52,0.56,0.45,0.11,0.0191791992045392,0.00205774748423341,0.0197237586540528,0.0038750315138224,0.00921602381323025,0.00262109768809083,0.00400686781527719,NA,0.029440061414145,0.0303522920418707,NA,0.0232044947535532,4.48603433339559,44.7436638028788,0.151304095426823,0.105767994624407,0.0548551812419839,100
"implant","B_small","zicoseq","single",0.0553846153846154,0.00941865226689408,0.0923179271708683,0.0132676609067741,0.143979431154695,0.0508059505766692,0.07641083856262,NA,NA,NA,NA,118.73791,48.21,476.52,0.67,0.5,0.17,0.0197412434654671,0.00186827713839349,0.0248224549688452,0.00246791852400365,0.00780899701598626,0.00288891389983605,0.00400534903693774,NA,NA,NA,NA,10.9918554632909,4.48603433339559,44.7436638028788,0.157027308954767,0.098984745279158,0.0792069275615294,100
