"simulator","regime_id","method","arm","fdr_05","tpr_05","fdr_10","tpr_10","pauc10","fpr05","ks_null","shadow","est_bias","est_rmse","ci_cover","runtime_s","n_pos","n_tested","n_rej_05","tp_05","fp_05","fdr_05_se","tpr_05_se","fdr_10_se","tpr_10_se","pauc10_se","fpr05_se","ks_null_se","shadow_se","est_bias_se","est_rmse_se","ci_cover_se","runtime_s_se","n_pos_se","n_tested_se","n_rej_05_se","tp_05_se","fp_05_se","n_cells"
"house","R00","adapt","single",0.051202198515279,0.199170933697573,0.107941834965038,0.264363651353698,0.487248657878614,0.0488740846257459,0.0622919381990679,NA,0.00161709347504296,1.65534823204358,NA,0.426609999999998,26.97,237.5,5.98,5.62,0.36,0.0105985023026786,0.011969388264892,0.0117267328826274,0.0122502601187624,0.010695009132457,0.00175202655191696,0.00236118457554263,NA,0.0228159485193436,0.0480859569958802,NA,0.0107881518904824,0.81865311902718,8.50642656638455,0.431810845232732,0.402211060730231,0.0643852043986392,100
"house","R00","aldex2","single",0,0.0239961955663989,0.0025,0.033281793847739,0.393203573765496,0.00555466814030523,0.257521725738684,NA,-0.0121223596599933,0.788018518941507,NA,11.25834,26.97,237.5,0.69,0.69,0,0,0.00315672371738866,0.0025,0.00350009662795462,0.00996073730246743,0.000512674129324055,0.00392477473921041,NA,0.00323550136325473,0.0108031174640551,NA,0.414956427850132,0.81865311902718,8.50642656638455,0.0928722376453401,0.0928722376453401,0,100
"house","R00","ancombc2","single",0,0.0284671533673023,0,0.0284671533673023,0.141865171062172,0.449904187023371,0.440911779911753,NA,-0.0259726219569259,0.806928657645522,0.517036648533396,68.28609,26.97,237.5,0.82,0.82,0,0,0.00394798719974049,0,0.00394798719974049,0.00688629625922959,0.00426696151096939,0.00399657376983074,NA,0.0176225829350251,0.0104938453757362,0.00420066676564555,2.79638340119588,0.81865311902718,8.50642656638455,0.120084145582179,0.120084145582179,0,100
"house","R00","corncob","single",0.351200577200577,0.0689527338697173,0.42617173418257,0.0974825687243734,0.218149196168601,0.0822245141532273,0.0940617128490042,NA,NA,NA,NA,10.41217,26.77,237.24,3.31,1.67,1.64,0.035898563195675,0.00841420294611606,0.0337704769989196,0.0102776314333672,0.00904450041328526,0.00304145309301183,0.00467595835322975,NA,NA,NA,NA,0.401986319194064,0.824970767771057,8.51321159828485,0.355816034637354,0.182604612330698,0.21951277545022,100
"house","R00","fastancom","single",0.0136071428571429,0.0605213349743147,0.0338036032594856,0.0955125152104281,0.392188622085836,0.0399133574744238,0.106000946781454,NA,-0.11085915627966,0.483449916243062,NA,0.0345999999999975,26.97,237.5,1.99,1.91,0.08,0.00659998637424179,0.00612506451596208,0.0093593437640547,0.0090909714284975,0.0120579436377668,0.00316218627227211,0.00579089853224806,NA,0.0155910617800856,0.00979124805620239,NA,0.000588955589895252,0.81865311902718,8.50642656638455,0.234195377297407,0.215601109421632,0.0393892771133865,100
"house","R00","fastemu","single",0.142,0.0173375733585411,0.192,0.0250293296309425,0.322538203073116,0.045776856719014,0.1152259292689,NA,-0.0311491526893148,1.54023292484296,0.842952815760685,726.35428,27.16,232.92,0.96,0.56,0.4,0.0551271258093509,0.00595957863264237,0.0657444547725003,0.00761179476231286,0.0210217342494964,0.00420647210909061,0.0087789666291221,NA,0.0168441661500837,0.0554039088817245,0.0090678639095476,53.7680214310055,1.58921364202551,17.4764527293155,0.318747549010185,0.200665559243899,0.173205080756888,25
"house","R00","ldm","single",0.0336673881673882,0.143136908363264,0.104984524462466,0.207541120639921,0.428638974928644,0.0484898230111861,0.0637136039253325,NA,NA,NA,NA,13.53952,26.97,237.5,4.36,4.1,0.26,0.00764894489161528,0.0106293933883454,0.0152181915438351,0.0116873925386614,0.0110313090398148,0.0015886771167733,0.0026268791388696,NA,NA,NA,NA,1.84553617800882,0.81865311902718,8.50642656638455,0.36335140349838,0.33166247903554,0.0596623495983519,100
"house","R00","limma_logtss","single",0.0431042568542569,0.130109276978417,0.0706116745147436,0.183254876352405,0.446878003160124,0.0482792477113529,0.0827884116635582,NA,-0.00104104020091241,0.470556006703906,0.926738332994182,0.0452999999999999,26.97,237.5,3.97,3.69,0.28,0.0132555238146816,0.0107922366660644,0.0140163784528199,0.0129011210658466,0.0113802458435537,0.0032259587435869,0.00495080524071653,NA,0.0150885103932883,0.00897628442321795,0.00328288188803586,0.000665377541496017,0.81865311902718,8.50642656638455,0.374018581075725,0.336258378289221,0.0753175097353018,100
"house","R00","linda","single",0.0453784687534688,0.1886367332161,0.0855423901863531,0.255262394312411,0.475148980149709,0.0540838120832116,0.0614322481500633,NA,-0.0117973686330015,0.440610451475144,0.910031079070388,0.21853,26.97,237.5,5.59,5.3,0.29,0.0120152456894023,0.0119606067385162,0.0104087536700803,0.0124744458207809,0.0110358658988811,0.0020004237074716,0.00277176143554801,NA,0.00675536244102747,0.00822062215581987,0.00253559034691115,0.0217567611922307,0.81865311902718,8.50642656638455,0.405541164820091,0.380456928899284,0.0518252697615611,100
"house","R00","lm_logtss","single",0.0398253968253968,0.135029958360781,0.0856643911643912,0.193470910172891,0.450667420471647,0.0495971403544684,0.0830178504210459,NA,-0.00104104020091241,0.470556006703906,0.925219254049027,0.0448600000000001,26.97,237.5,4.13,3.86,0.27,0.0129969375925818,0.0109192077683235,0.0148944017347067,0.0133465142537795,0.0110969111108328,0.00340253159500255,0.0051696849327646,NA,0.0150885103932883,0.00897628442321795,0.00343349388224637,0.000782255221985283,0.81865311902718,8.50642656638455,0.379434720433841,0.343487755799007,0.0736563135464471,100
"house","R00","locom","single",0.0429329004329004,0.0951034844265643,0.0641358641358641,0.137476924402955,0.347712764464771,0.0485806635167649,0.0718038455319651,NA,-0.0388786878539515,0.965241677437421,NA,132.56466,24.09,209.57,2.19,2.04,0.15,0.0134924497980825,0.0130095745689688,0.0114284942228665,0.0141144405380556,0.0131377542483129,0.0017973397777622,0.00328652826895841,NA,0.00694101064088411,0.016271997839426,NA,6.43045474358831,0.936476849093927,9.33925412850339,0.226387974838584,0.209819547288241,0.0385992097056273,100
"house","R00","locom2","single",0.0664404761904762,0.0768724459133195,0.135929653679654,0.1067328250709,0.329797982546845,0.0427557056767621,0.0769891446094195,NA,NA,NA,NA,26.33839,26.97,237.5,2.44,2.21,0.23,0.0198475725559484,0.00744758569710751,0.0237846647525544,0.00883009007873356,0.0102876884554538,0.00173608157303235,0.00262676522953573,NA,NA,NA,NA,1.17050425220211,0.81865311902718,8.50642656638455,0.246723990063243,0.22124304474601,0.0565953205047052,100
"house","R00","logistic_presence","single",0.0634481156098803,0.198137520074454,0.122085604496982,0.276634719558125,0.475853657278816,0.0560403400035485,0.116480814418129,NA,-0.00298068540323737,0.847802659329074,NA,0.33614,26.87,235.96,5.92,5.51,0.41,0.0109514980281622,0.0114514920317645,0.0130664860804539,0.0122184286676852,0.010124176505964,0.00183211398184472,0.00252142745592952,NA,0.00897635087405522,0.0486614799016096,NA,0.0124655486453788,0.821756556641831,8.54173260876246,0.419639094576482,0.39170567181665,0.0637149586800145,100
"house","R00","maaslin3","abundance",0.03,0.00335144927536232,0.055,0.00713430938910478,0.156568798739636,0.0440103037157438,0.0656387955328932,0.0420547122296348,-0.0351978013723409,0.893356506700308,NA,9.77793,17.58,237.18,0.09,0.06,0.03,0.0171446607997765,0.00134930144246636,0.0223550324255519,0.00210611130422708,0.00955664400044976,0.00138143751576099,0.00298534118063159,0.00702981054317731,0.0167958558670863,0.0154346831715287,NA,0.393785262523635,0.587096949645311,8.51793568200819,0.0287623491264661,0.0238683256575942,0.0171446607997765,100
"house","R00","maaslin3","combined",0.0286111111111111,0.0437355905736741,0.0513644688644689,0.0788210876552516,0.393207798968277,0.0503096909284226,0.0807606930304409,NA,NA,NA,NA,9.77793,26.97,237.5,1.24,1.19,0.05,0.0150520514763798,0.00536165700510448,0.0162247646104132,0.00812838952762038,0.0104799016507728,0.0016794489161078,0.00270365262779942,NA,NA,NA,NA,0.393785262523635,0.81865311902718,8.50642656638455,0.159620762680761,0.154197171429205,0.021904291355759,100
"house","R00","maaslin3","presence",0.00465909090909091,0.0768039294371741,0.0155229492729493,0.122500313797528,0.626609250151613,0.041749986859226,0.071124778307265,0.0593051449112055,NA,NA,NA,9.77793,19.05,236.83,1.54,1.51,0.03,0.00291666666666667,0.00921802527772745,0.00649758459893429,0.013352161574805,0.0140370235427985,0.00165359099330287,0.00272911007405211,0.00887944958721352,NA,NA,NA,0.393785262523635,0.601744098098153,8.52447522008116,0.207154848635342,0.198730821449365,0.0171446607997765,100
"house","R00","pursue","abundance",0.015,0.00664699508886142,0.06,0.0107631885359372,0.152283056431081,0.0451120325760457,0.0659156764744039,0.0507256195387,-0.0155103060724572,0.87076791315703,0.953693298150178,10.22755,17.58,237.18,0.14,0.12,0.02,0.0111350751676807,0.00224661132385204,0.021778396198187,0.00275931579666776,0.00894412398963994,0.00168241145280981,0.00297844310128829,0.00824605495068659,0.00662629727996556,0.0146398634645421,0.00157828804450061,0.363744530001567,0.587096949645311,8.51793568200819,0.042687494916219,0.0383497988352882,0.014070529413629,100
"house","R00","pursue","combined",0.0433888888888889,0.0541896538999482,0.0817852147852148,0.0867364439901562,0.308391397662542,0.0444743940857986,0.0929977320184175,NA,NA,NA,NA,10.22755,26.97,237.5,1.81,1.71,0.1,0.0180255418330174,0.00691964605652772,0.0199881374898638,0.00918688444378876,0.0135860887269178,0.0016210827590898,0.00529460305435729,NA,NA,NA,NA,0.363744530001567,0.81865311902718,8.50642656638455,0.238977197678149,0.230193155608261,0.0333333333333333,100
"house","R00","pursue","presence",0.0463308080808081,0.107144339837463,0.0711171214406509,0.146609352677312,0.436023226994237,0.0399595271515811,0.114712027799341,0.0558612543461028,NA,NA,NA,10.22755,19.02,235.96,2.59,2.43,0.16,0.016102354768714,0.0125161412828013,0.0162905168266423,0.0151786915585616,0.0187574198829529,0.00163684630049361,0.00712499650644613,0.0130401517154049,NA,NA,NA,0.363744530001567,0.602516607759705,8.54173260876246,0.329399514881307,0.312130185219649,0.0394917201397452,100
"house","R00","wilcoxon_tss","single",0.0361829004329004,0.184286853492657,0.0875913257279356,0.245658393678998,0.490369252706419,0.0488885221619135,0.0649318063049111,NA,-0.0161334397078502,1.70628424013834,NA,0.16518,26.97,237.5,5.43,5.18,0.25,0.00823207385709281,0.011500797430308,0.0120528154422789,0.0124579101176294,0.0102812851719614,0.00178555053833629,0.00303365114372904,NA,0.023078502691603,0.0655531009853244,NA,0.00492175915007157,0.81865311902718,8.50642656638455,0.401324826246292,0.38042506794799,0.05,100
"house","R00","zicoseq","single",0.0347055999556,0.141331421906718,0.091295557340836,0.210278203076921,0.460958568064198,0.0496190656055554,0.0641100309655561,NA,NA,NA,NA,59.02699,26.97,237.5,4.29,4.04,0.25,0.00831207901178898,0.0110158281192229,0.0139775536514375,0.0122049719260812,0.0098386952158899,0.00177874450546506,0.0029180173881713,NA,NA,NA,NA,2.26892956216798,0.81865311902718,8.50642656638455,0.386722827687409,0.357013425319813,0.0557320429022713,100
"house","R01","adapt","single",0.0433333333333333,0.0183566421022503,0.0955952380952381,0.0322048458601771,0.250395421074554,0.0562906771698158,0.0624404560161072,NA,0.0206587104504281,2.48210726279913,NA,0.42564,27.99,256.12,0.6,0.55,0.05,0.0199071920746321,0.00285202840026995,0.0277821347850748,0.00395387902618303,0.00812341485549346,0.00177906447263294,0.00228913726839523,NA,0.0320319969076197,0.0689547178372201,NA,0.010115709554845,0.795377427719226,8.15089113303731,0.0887625364598595,0.0868936421753919,0.021904291355759,100
"house","R01","aldex2","single",0,0.0028069170771757,0,0.00434210615280595,0.2105254527654,0.00559945561568557,0.266801262061556,NA,-0.00484664466428843,0.984857796540485,NA,5.41786,27.99,256.12,0.09,0.09,0,0,0.0011066852708285,0,0.00133997555999702,0.00788482176935257,0.000544264302628206,0.00368932992659552,NA,0.00334352337035443,0.0130600607008603,NA,0.183313079884021,0.795377427719226,8.15089113303731,0.0350900716914789,0.0350900716914789,0,100
"house","R01","ancombc2","single",0,0.00192347690623553,0,0.00192347690623553,0.0842926210924292,0.380338305584681,0.413182796440203,NA,-0.00646551799335589,1.30795537981674,0.483181433166554,68.81112,27.99,256.12,0.06,0.06,0,0,0.000871799830192963,0,0.000871799830192963,0.00485732671666798,0.00495410194316991,0.00390765645263469,NA,0.0195721097583132,0.0182354425167026,0.00483008880913243,2.92038928179588,0.795377427719226,8.15089113303731,0.0277797979063414,0.0277797979063414,0,100
"house","R01","corncob","single",0.454230158730159,0.0328215413144113,0.562027777777778,0.0490450510378216,0.123230381485426,0.0894751307627017,0.0874065715137857,NA,NA,NA,NA,7.68038,25.24,246.75,2.18,0.75,1.43,0.0419348167769948,0.00483846810686852,0.0378363070861898,0.00605284026923619,0.00658018596129981,0.00331310388895755,0.00431015425468525,NA,NA,NA,NA,0.259672538067202,0.760797030233505,8.01361688350245,0.252414602020429,0.105767994624407,0.183817542386163,100
"house","R01","fastancom","single",0,0.0077047226856811,0.01,0.0104917803170592,0.225286854055977,0.0305448726732228,0.0917891556995794,NA,-0.0434154443027179,0.683750820498957,NA,0.0344499999999999,27.99,256.12,0.25,0.25,0,0,0.00174191958585875,0.00703526470681448,0.00210847432430665,0.00879391609147097,0.00197793838294494,0.00424648463481221,NA,0.0187702049135716,0.0119266367815164,NA,0.000515688223090552,0.795377427719226,8.15089113303731,0.0575159178669767,0.0575159178669767,0,100
"house","R01","ldm","single",0.025,0.00952886351433709,0.025,0.0166416899611185,0.223853624742299,0.0385149510607768,0.0630922626355286,NA,NA,NA,NA,10.32518,27.99,256.12,0.34,0.31,0.03,0.0148647097502641,0.00196797517897987,0.0148647097502641,0.00278486861072962,0.00747618216397015,0.00149854813021943,0.00247574107396308,NA,NA,NA,NA,1.41317273189719,0.795377427719226,8.15089113303731,0.0669991708074726,0.0646591685749831,0.0171446607997765,100
"house","R01","limma_logtss","single",0.0225,0.0161579099562739,0.0687676767676768,0.0267845313371391,0.21370709711319,0.0544056045399131,0.0943119692731375,NA,0.0185674748229439,0.699934659568163,0.932645570248088,0.0422599999999997,27.99,256.12,0.53,0.43,0.1,0.0103837020487847,0.0051082205706494,0.0204786132668498,0.00571291583432688,0.00849431645657704,0.00365888795828822,0.00520947013585538,NA,0.0248009604783018,0.0127772947213124,0.00365906888965654,0.000732729779177105,0.795377427719226,8.15089113303731,0.133677585891192,0.0977060113118157,0.0502518907629606,100
"house","R01","linda","single",0.0283333333333333,0.0134194556883585,0.0583333333333333,0.0279981626614234,0.238580035331929,0.0538775973870376,0.0591790725340418,NA,-0.0170431425637673,0.643270597197328,0.916302586199506,0.1814,27.99,256.12,0.48,0.44,0.04,0.0151785113033922,0.00232350435578239,0.021071866766463,0.00371259593275638,0.00834575424801775,0.00192331042721966,0.00197417415693957,NA,0.0103996679103878,0.0114845473990052,0.00191789471120193,0.00561610239050239,0.795377427719226,8.15089113303731,0.0810038033774721,0.0769625384406747,0.0196946385566932,100
"house","R01","lm_logtss","single",0.0235,0.0146840881777495,0.0651607142857143,0.0276693910485106,0.225686561122781,0.0511195662922634,0.0931147584301461,NA,0.0185674748229439,0.699934659568163,0.935871537305776,0.0409199999999999,27.99,256.12,0.51,0.45,0.06,0.0127812797133586,0.0027264347944885,0.0206585301287548,0.00570112414804348,0.00819506787233626,0.0036500322113008,0.00520220662641804,NA,0.0248009604783018,0.0127772947213124,0.00370181297705979,0.000725395050850196,0.795377427719226,8.15089113303731,0.0969171259010981,0.0821122660899347,0.0342893215995531,100
"house","R01","locom","single",0.0793333333333333,0.00950485878778155,0.124333333333333,0.0185719236587257,0.163614731751752,0.0463598805817193,0.0642556915616791,NA,-0.0198893357952475,1.55624441021908,NA,146.32654,27.99,256.12,0.47,0.3,0.17,0.0239424112661832,0.00186977998663595,0.0270175463624625,0.00327019434505328,0.00729992404550142,0.00156821906717146,0.00244537509676578,NA,0.0127402938179799,0.087157790593957,NA,4.46756036300066,0.795377427719226,8.15089113303731,0.0926108399528245,0.0594588390010563,0.0532859638121892,100
"house","R01","locom2","single",0.0853333333333333,0.016589586839502,0.101785714285714,0.0227093969488691,0.182487791257823,0.0371198848451073,0.0919221341819806,NA,NA,NA,NA,21.64768,27.99,256.12,0.62,0.44,0.18,0.0245741279917403,0.00340036777856218,0.0257102408724397,0.00426349878802222,0.00757008895242699,0.00168310151856873,0.003919882737594,NA,NA,NA,NA,1.07890402966542,0.795377427719226,8.15089113303731,0.110809692169899,0.0856584714863261,0.0557411042864304,100
"house","R01","logistic_presence","single",0.0448333333333333,0.0220073797020872,0.104428571428571,0.0391399539099723,0.234686492920565,0.0609674756695549,0.188214241091573,NA,0.0119104866086587,3.64445388047833,NA,0.28047,27.72,253.32,0.74,0.64,0.1,0.0169912749115565,0.00348994271904236,0.0243706138456243,0.00513819345309885,0.00831698473076905,0.0017817698804223,0.0029329386474251,NA,0.0310708357914154,0.0693231667844679,NA,0.0105401440869533,0.789844633744223,8.17331059367048,0.119443152447793,0.103981350309184,0.0333333333333333,100
"house","R01","maaslin3","abundance",0.02,0.000588235294117647,0.02,0.00111455108359133,0.0928601352618734,0.0391315884958057,0.0605963877855828,0.0333278943278943,-0.0455271111898997,2.05294548923528,NA,9.5642,16.88,246.93,0.03,0.01,0.02,0.014070529413629,0.000588235294117647,0.014070529413629,0.000785349970444005,0.00690812431443316,0.00137865940504666,0.00221518117683359,0.00722683754648727,0.028132097298895,0.0598394804363363,NA,0.335635023033754,0.593615867358512,8.00935381194067,0.0171446607997765,0.01,0.014070529413629,100
"house","R01","maaslin3","combined",0.02,0.00071256038647343,0.02,0.00071256038647343,0.175462681884475,0.0350834698775345,0.0824057568807495,NA,NA,NA,NA,9.5642,27.99,256.12,0.04,0.02,0.02,0.014070529413629,0.000513572344601066,0.014070529413629,0.000513572344601066,0.00656348325961816,0.00121629088519774,0.00242336261441309,NA,NA,NA,NA,0.335635023033754,0.795377427719226,8.15089113303731,0.0196946385566932,0.014070529413629,0.014070529413629,100
"house","R01","maaslin3","presence",0,0,0,0.000666666666666667,0.319775286662254,0.0222126530947586,0.086675969116211,0.032355953686836,NA,NA,NA,9.5642,19.07,254.73,0,0,0,0,0,0,0.000666666666666667,0.0116706633175614,0.00129829316802605,0.00372987883682289,0.00777434668022042,NA,NA,NA,0.335635023033754,0.5587241960688,8.18794204605131,0,0,0,100
"house","R01","pursue","abundance",0.06,0.00751964085297419,0.1275,0.0117577609556219,0.0997845444518791,0.0503154814033776,0.0816488696742951,0.0502822778595975,0.0113063949520605,1.18654283498332,0.951084258708764,8.07147,9.76,131.62,0.11,0.0505050505050505,0.06,0.0238683256575942,0.00360649692900257,0.0332375517823568,0.00404093117443315,0.0113210383223548,0.00272461671776108,0.00381541620075872,0.011104581515122,0.0144783208431951,0.0238514372567758,0.00258664507594471,0.272439168061311,0.487856577698856,5.73915807009489,0.031446603773522,0.022120793242072,0.0238683256575942,100
"house","R01","pursue","combined",0.01,0.00236335403726708,0.0325,0.00472480924872229,0.141005230362762,0.0290750691397564,0.103270123528438,NA,NA,NA,NA,8.07147,27.99,256.11,0.09,0.08,0.01,0.01,0.000889991549748705,0.0172821943752592,0.00129737039938309,0.00730378559436234,0.00114944700647733,0.00315618273952017,NA,NA,NA,NA,0.272439168061311,0.795377427719226,8.15019235070777,0.0320825954263823,0.0307482445914323,0.01,100
"house","R01","pursue","presence",0,0.00426459417775207,0.005,0.00711957880664974,0.208657346646792,0.0246843906679714,0.111395733391023,0.0210877733377733,NA,NA,NA,8.07147,18.94,253.31,0.1,0.1,0,0,0.00162621345951416,0.005,0.00215789250990681,0.0108677659834536,0.00102339412586035,0.00349591638188112,0.0057460358978633,NA,NA,NA,0.272439168061311,0.553194579171057,8.17257912136368,0.0389249472080761,0.0389249472080762,0,100
"house","R01","wilcoxon_tss","single",0.01,0.00806852575364376,0.0125,0.0166548472991657,0.247887086661287,0.0574235290084042,0.091922383656571,NA,-0.0254405234197426,5.56614597668919,NA,0.15191,27.99,256.12,0.25,0.24,0.01,0.01,0.00178133529720045,0.0102832363337108,0.00291518745590473,0.00802381635645284,0.00167362888399023,0.0029696376776395,NA,0.05444698370758,0.11067086620698,NA,0.00494356218436737,0.795377427719226,8.15089113303731,0.0519809599951771,0.0514830559553825,0.01,100
"house","R01","zicoseq","single",0.0325,0.0216905485947942,0.0826666666666667,0.037800626176677,0.22911238218415,0.044927086039255,0.0614950335613385,NA,NA,NA,NA,36.52723,27.99,256.12,0.65,0.6,0.05,0.0157533866809392,0.00300564215237022,0.0224794706193584,0.00427804552178165,0.0077277023091641,0.00155354880286655,0.00214449690505471,NA,NA,NA,NA,1.38875678738797,0.795377427719226,8.15089113303731,0.0891882585015845,0.0840874965182521,0.021904291355759,100
"house","R02","adapt","single",0.0492839813138507,0.522293863361907,0.0902759872431393,0.576572962832537,0.660136216248476,0.0490722087316274,0.0691767826082276,NA,0.039352568233199,1.24547872882941,NA,0.442999999999995,26.34,233.04,14.68,13.91,0.77,0.00587764466024588,0.0121925499686057,0.00758280137257366,0.012542735806753,0.00951546062951062,0.00178268930253611,0.00250737727525835,NA,0.0164200943086606,0.0367469176895397,NA,0.0105123592485079,0.76583881522752,8.23905358887804,0.576278552175048,0.539377681062428,0.0951925215634935,100
"house","R02","aldex2","single",0,0.118433312156368,0.00236111111111111,0.161035802596363,0.526459346953195,0.00730212997935983,0.251100657846839,NA,-0.00583179827732495,0.689002176137437,NA,19.86353,26.34,233.04,3.41,3.41,0,0,0.00793880312282893,0.00166403411618959,0.00893694838866143,0.0105459638430205,0.00068209257724319,0.00350297103483676,NA,0.00304970793805615,0.00889532617161129,NA,0.676329890436597,0.76583881522752,8.23905358887804,0.261732765247381,0.26173276524738,0,100
"house","R02","ancombc2","single",0,0.144392438555665,0,0.144392438555665,0.190296771570681,0.447183764006095,0.435638403634358,NA,-0.00249830718281827,0.567163297858594,0.531640720189105,69.83755,26.34,233.04,4.12,4.12,0,0,0.00958463655029264,0,0.00958463655029264,0.00884136440357477,0.0054938846439256,0.00506906605133632,NA,0.0114796610147596,0.00810383272741484,0.00507873267322423,2.85877253056096,0.76583881522752,8.23905358887804,0.307902647608039,0.307902647608039,0,100
"house","R02","corncob","single",0.305107615587027,0.19590931069701,0.382457672591688,0.263341410802833,0.35963586725835,0.0921880441913607,0.0931610155731629,NA,NA,NA,NA,21.81296,26.32,233.02,7.75,5.05,2.7,0.0230403882131256,0.0108712253096587,0.0214079096869702,0.011763434355332,0.0118926413944452,0.00414779543402968,0.00498886291508373,NA,NA,NA,NA,0.843564147826939,0.763680614398507,8.23758300336778,0.457568231926875,0.301971635566768,0.253261552829114,100
"house","R02","fastancom","single",0.0299665940354795,0.266901949631189,0.0621023303135297,0.325990113136687,0.547676668679537,0.0458140443626851,0.110452120857183,NA,-0.107974997040794,0.374918743312455,NA,0.0391799999999992,26.34,233.04,8.17,7.79,0.38,0.00687489912784379,0.0153060366463567,0.0107266256415501,0.0154276896733793,0.0136200279042025,0.00332425074253545,0.00567440595946844,NA,0.0106721861895489,0.00651566769491878,NA,0.000996496894428487,0.76583881522752,8.23905358887804,0.576659660143107,0.532631166564593,0.0762505174680238,100
"house","R02","ldm","single",0.0563090226766697,0.397217163750254,0.102498805717743,0.477118133672117,0.604791416026504,0.0490479886059487,0.0626640853194802,NA,NA,NA,NA,34.27076,26.34,233.04,11.36,10.69,0.67,0.00845952448156769,0.0134878985213896,0.00933501294576977,0.0128892947008811,0.0106102914459099,0.00171566512809701,0.00239627146829429,NA,NA,NA,NA,2.46892112593433,0.76583881522752,8.23905358887804,0.534755679131729,0.494759404849336,0.0954045082898088,100
"house","R02","limma_logtss","single",0.0445771552922481,0.393257380102338,0.0851828863618013,0.465281447191957,0.612932729665593,0.0515575869249496,0.0871630774530949,NA,-0.0148826355117689,0.361033180317704,0.91330327526097,0.04258,26.34,233.04,11.44,10.74,0.7,0.00877847556898777,0.0144607322545557,0.0112747222561372,0.014487758665361,0.01097466621791,0.00318290958538314,0.00447348260215714,NA,0.0108815754636171,0.00588761566197969,0.00297366595309561,0.000606226946869841,0.76583881522752,8.23905358887804,0.596508358887134,0.525629973162555,0.167874411932903,100
"house","R02","linda","single",0.0500905485897101,0.495315471605858,0.0991448474507178,0.565114990380305,0.653687147858978,0.0545277229159466,0.0690624444545479,NA,-0.00281369692668154,0.341101764782456,0.902675517677743,0.17841,26.34,233.04,13.93,13.16,0.77,0.00632570645172297,0.0130538802980153,0.00862064637281614,0.0133238248116341,0.00948316561132081,0.0018961296186645,0.00229243791995637,NA,0.00459683064053279,0.00522267086781718,0.0022360109313082,0.00548837329398625,0.76583881522752,8.23905358887804,0.564658652585253,0.512218387768027,0.109040813413598,100
"house","R02","lm_logtss","single",0.0476870398263587,0.397268119469163,0.0839913053840164,0.468120515487111,0.61283546253033,0.0515612908504489,0.087001771578818,NA,-0.0148826355117689,0.361033180317704,0.913178203674411,0.0411499999999999,26.34,233.04,11.58,10.84,0.74,0.00888253721759995,0.0145311128777613,0.0115370018545962,0.0145606769715657,0.0111021613349278,0.00322766228810914,0.00451689769451176,NA,0.0108815754636171,0.00588761566197969,0.003055374366018,0.000670349675071656,0.76583881522752,8.23905358887804,0.599861936977454,0.524302326232613,0.166132477258361,100
"house","R02","locom","single",0.0549794511044511,0.233564098018437,0.0848277472011992,0.289373824532258,0.467674975908578,0.0524561935677063,0.0660323675218933,NA,-0.0158934099386775,0.75494643081287,NA,259.08176,26.34,233.04,6.75,6.36,0.39,0.0119171328064761,0.0119591857856938,0.0127241144254068,0.0119020142784399,0.0107105049846532,0.00151899417782575,0.0025046731455862,NA,0.00444477025454316,0.0118252386196385,NA,10.4255622752916,0.76583881522752,8.23905358887804,0.39806983804302,0.374306091995643,0.0566666666666667,100
"house","R02","locom2","single",0.0492445193695194,0.195048227177009,0.0880112967098261,0.244678785669217,0.461089019954898,0.0451333563408275,0.0699458004396391,NA,NA,NA,NA,36.24492,26.34,233.04,5.73,5.41,0.32,0.00991727889102631,0.0109526826581051,0.0119202893138695,0.0118563365574508,0.0119558416702725,0.00162443766484405,0.00303058060509787,NA,NA,NA,NA,1.57193644817692,0.76583881522752,8.23905358887804,0.38556137741944,0.362398017699219,0.0601009252185123,100
"house","R02","logistic_presence","single",0.050140495066281,0.521515482939495,0.103303364408887,0.582536131991522,0.654102570038557,0.0509161393662165,0.0873721216278788,NA,0.00703864332089192,0.555295419997715,NA,0.42572,26.29,232.09,14.66,13.88,0.78,0.00638548855041273,0.0122675070227899,0.0075480917490557,0.0122986213973741,0.00971285550565371,0.00189316838058327,0.00207071605586266,NA,0.00519003033455862,0.0328226480410075,NA,0.0149758599017879,0.767956096177747,8.27372737322573,0.581050946148616,0.545186466108874,0.106912595283732,100
"house","R02","maaslin3","abundance",0.120833333333333,0.0282542178368736,0.234833333333333,0.0457406078639656,0.242509585575727,0.0454300299779256,0.0654704329486944,0.0539925336101807,-0.0450917561762663,0.614529728410895,NA,10.02218,16.84,233.02,0.72,0.54,0.18,0.0300900024785351,0.00454531397276489,0.0365878361356123,0.00541951608989972,0.0128472478511893,0.0015779849221972,0.00279095444493592,0.0123705107765361,0.0117328272056803,0.0116509016872635,NA,0.360747520030396,0.566349287234932,8.23758300336778,0.101583423446899,0.0914750062458416,0.0435310176190437,100
"house","R02","maaslin3","combined",0.0361793571925151,0.328633997019382,0.0622211644564586,0.421201748531832,0.636807671827333,0.0512018807600695,0.0858744861647416,NA,NA,NA,NA,10.02218,26.34,233.04,9.29,8.97,0.32,0.00784361868466769,0.0123006446153062,0.00776353234145136,0.0129058816275645,0.0101653291515173,0.00174293951535895,0.0032590375977391,NA,NA,NA,NA,0.360747520030396,0.76583881522752,8.23905358887804,0.453782086268488,0.443688625005866,0.0583960701597377,100
"house","R02","maaslin3","presence",0.00870463746779536,0.450517829657057,0.0207032828282828,0.565012739108207,0.857729214440963,0.045633894946972,0.0704012405376355,0.0707797561915209,NA,NA,NA,10.02218,19.02,232.87,8.98,8.91,0.07,0.00454046738742832,0.0167466069714955,0.00523617556917831,0.0153554106707231,0.00922404377304047,0.00164075641066072,0.00240913956423497,0.011037545718098,NA,NA,NA,0.360747520030396,0.542344331340684,8.24713791799215,0.446983153367036,0.446104349798442,0.0293188669562103,100
"house","R02","pursue","abundance",0.0508333333333333,0.0206214557159536,0.119666666666667,0.0325899318155409,0.238457457064002,0.0459457617063057,0.0653891707825898,0.0476250301985596,-0.00951204773302565,0.582842634863692,0.94938452269987,13.61865,16.84,233.02,0.46,0.38,0.08,0.0205116580138738,0.00360793089677885,0.0285423858323218,0.00479814615980509,0.0128637314793705,0.00169286114823942,0.00278892882921353,0.0118311999513293,0.00563364047100738,0.0104592216997142,0.00184828898887659,0.508767278142061,0.566349287234932,8.23758300336778,0.0783929495902185,0.0678381913233261,0.0307482445914323,100
"house","R02","pursue","combined",0.0448069552996024,0.276537187737922,0.108190218985932,0.337848262892206,0.526299468386122,0.043427499205964,0.0920397002008934,NA,NA,NA,NA,13.61865,26.34,233.04,8.36,7.96,0.4,0.00960449549668187,0.0176158705898175,0.0141230878803155,0.0190589898348813,0.0156510140642444,0.00161440103217072,0.00497845249333029,NA,NA,NA,NA,0.508767278142061,0.76583881522752,8.23905358887804,0.606783205589821,0.578734251045619,0.0752101433090355,100
"house","R02","pursue","presence",0.0441502266204952,0.418632724239701,0.090580286212942,0.487082904202705,0.661185017754202,0.0423012000984616,0.128753711837994,0.0477963188772012,NA,NA,NA,13.61865,18.98,232.09,9,8.6,0.4,0.00902987901274197,0.0251185842859778,0.0101207349583193,0.0268147584316829,0.0204637680888485,0.00160460084911527,0.00921926022778788,0.00914068375898566,NA,NA,NA,0.508767278142061,0.543274769106273,8.27372737322573,0.619383858068939,0.597469410907117,0.0752101433090356,100
"house","R02","wilcoxon_tss","single",0.0401023457387201,0.517118995336416,0.0913755628251024,0.576063857252562,0.661475101164527,0.0485632518614182,0.0689059842363862,NA,-0.017219363454302,1.03613531516797,NA,0.19337,26.34,233.04,14.39,13.74,0.65,0.00566654312045646,0.0126954226338458,0.00724825083902198,0.0124335256837856,0.00966296483792828,0.00173939951717011,0.00265998816765715,NA,0.0147861398912102,0.0195070382707193,NA,0.00624599516134584,0.76583881522752,8.23905358887804,0.56851658824621,0.52658994454601,0.101876336206147,100
"house","R02","zicoseq","single",0.044740248112068,0.43270913450431,0.0948333107058287,0.513478598805297,0.637544060632663,0.0500972405818474,0.0688136888948988,NA,NA,NA,NA,90.01705,26.34,233.04,12.38,11.74,0.64,0.00691253167893652,0.0141782301113678,0.00839067014069375,0.0130004283592151,0.010264925954564,0.00178019019648932,0.00245856466878252,NA,NA,NA,NA,3.46674167463652,0.76583881522752,8.23905358887804,0.574329648768497,0.528504656287125,0.0893523272435497,100
"house","R03","adapt","single",0.0523456413369103,0.70223144322537,0.0959367578459002,0.722527115382249,0.741555930586053,0.0503374218969377,0.0683285402706116,NA,0.0769148952136801,0.980886180908706,NA,0.533140000000001,25.48,224.86,18.77,17.72,1.05,0.00605766885925867,0.0105640472154296,0.0075274388061759,0.0105072377716032,0.00888204827510007,0.00171884717944032,0.00312005204480802,NA,0.0155328836398849,0.0341111617279163,NA,0.0158049795247507,0.867887252371115,8.70944013555105,0.661778289951027,0.612674217647272,0.118385605185561,100
"house","R03","aldex2","single",0.00148351648351648,0.283223776794366,0.00909313725490196,0.328630933755277,0.66204269554024,0.00718596061429641,0.241163748951751,NA,-0.0163856866916554,0.645038174979595,NA,41.56388,25.48,224.86,7.72,7.7,0.02,0.00104442330827304,0.0124101987642556,0.00537147122013604,0.0132440506728645,0.00949455330029852,0.000651738094991762,0.00343934707711052,NA,0.00335321810952849,0.00972565539942477,NA,1.67162250549119,0.867887252371115,8.70944013555105,0.476112201358911,0.473862273815351,0.014070529413629,100
"house","R03","ancombc2","single",0.0036025641025641,0.345582428989672,0.0036025641025641,0.345582428989672,0.284746881197786,0.446888756444847,0.430496048753536,NA,-0.0279032250108652,0.399829596683366,0.535127916370045,79.07402,25.48,224.86,9.05,9.02,0.03,0.00228220514920892,0.0129432414508494,0.00228220514920892,0.0129432414508494,0.0114593824140339,0.00561328063229089,0.00531965934589765,NA,0.01011262608769,0.00609896315552887,0.00528258250258468,3.63951500479074,0.867887252371115,8.70944013555105,0.465881373898393,0.465578818637228,0.0171446607997765,100
"house","R03","corncob","single",0.273129760501048,0.435959231161595,0.33684301212506,0.512676882880774,0.517109061593679,0.103314071687749,0.113878470753043,NA,NA,NA,NA,70.15073,25.48,224.86,15.41,11,4.41,0.01832372355094,0.0154442409224617,0.0177699490611253,0.0156521029975744,0.0138137088260159,0.00443955552716451,0.00614459531014225,NA,NA,NA,NA,3.36717721834903,0.867887252371115,8.70944013555105,0.658141705904211,0.494821669744247,0.357910603363466,100
"house","R03","fastancom","single",0.0362918639327947,0.504603671200548,0.0698971444461764,0.560742145044289,0.682964802297588,0.0474466534821102,0.111782802462906,NA,-0.0834602312299029,0.301070527108997,NA,0.0399399999999991,25.48,224.86,14.34,13.73,0.61,0.00722888667041748,0.0163184220079379,0.00979138834814034,0.0157569472265643,0.0120401338535361,0.00348075861627245,0.00637825551400492,NA,0.00811895953137583,0.0048063170881469,NA,0.000764069381798711,0.867887252371115,8.70944013555105,0.769523005871596,0.719407022933794,0.11272116307979,100
"house","R03","ldm","single",0.0528905011417703,0.667071579335441,0.11535506866432,0.708633546092266,0.75455144958596,0.0521124352197308,0.06756610250263,NA,NA,NA,NA,74.21573,25.48,224.86,18.24,17.08,1.16,0.00626371284286536,0.0130513252186581,0.00907133302968018,0.0113665157510181,0.00837679106287178,0.00201337435222752,0.00264081709097222,NA,NA,NA,NA,3.6619622209476,0.867887252371115,8.70944013555105,0.72587390729584,0.651289319563723,0.146831862889483,100
"house","R03","limma_logtss","single",0.0600464725134851,0.629455620551832,0.106904864024877,0.66770879053428,0.716213485257618,0.0577702002046511,0.0902229203342255,NA,-0.00499826061321447,0.291548996428055,0.893901806756322,0.0441,25.48,224.86,17.27,16.05,1.22,0.00822958994724693,0.0132910752559917,0.0117925691489149,0.0127623948532773,0.0101458252425411,0.00406659542745755,0.00526888219692563,NA,0.00896085334880041,0.00493651064422475,0.00397506681610911,0.000400378608698111,0.867887252371115,8.70944013555105,0.713343953475177,0.632994327132415,0.203792328440776,100
"house","R03","linda","single",0.0518501287805547,0.700602832896375,0.099572029928673,0.723777840263636,0.745904130715159,0.0554974525778755,0.0671794359530704,NA,-0.00594032341595772,0.277970106638217,0.891822709405911,0.18137,25.48,224.86,18.77,17.72,1.05,0.00643453435832807,0.0110076793123561,0.00714478665754946,0.0105444070376873,0.00834934559511601,0.00176562133827892,0.0024817026712186,NA,0.00387060011572681,0.00432571456247505,0.00204800089815455,0.00541661594381851,0.867887252371115,8.70944013555105,0.6728283434859,0.621675806253395,0.118385605185561,100
"house","R03","lm_logtss","single",0.0637820429239571,0.629798966095177,0.110245871363374,0.668025382538372,0.715936288275569,0.0582537964994775,0.0901889062670946,NA,-0.00499826061321447,0.291548996428055,0.893426667864107,0.04117,25.48,224.86,17.36,16.06,1.3,0.00841088115151631,0.0133508321589074,0.0117959831855972,0.0130676264907914,0.0101153719966279,0.00412376753020871,0.00529488685839904,NA,0.00896085334880041,0.00493651064422475,0.00402404745474509,0.000328773355355811,0.867887252371115,8.70944013555105,0.72020199186819,0.633703241257135,0.213437474581095,100
"house","R03","locom","single",0.0474297948926432,0.427078646377576,0.0881636141406276,0.485408608254749,0.607774135966314,0.0479545322185781,0.0662301114825345,NA,-0.0106307461222395,0.55949522899942,NA,427.35315,25.48,224.86,11.72,11.11,0.61,0.00679267247331757,0.0141450407538582,0.00931519914135581,0.0135107329668575,0.0120242207713031,0.0016930558036923,0.00252104654095688,NA,0.00378571211180176,0.0090191453044371,NA,20.2132196165316,0.867887252371115,8.70944013555105,0.562117209819943,0.53065520773375,0.0790026211047085,100
"house","R03","locom2","single",0.0363842012633573,0.399583083979814,0.0692869885063013,0.463236258224722,0.61482788373877,0.0461710299514592,0.0722522375528983,NA,NA,NA,NA,47.452,25.48,224.86,11.17,10.67,0.5,0.00634337193200435,0.0156465529903328,0.00728807560854869,0.0149193869893902,0.0116781503353001,0.00178175024881627,0.00337007612218109,NA,NA,NA,NA,2.11097578308414,0.867887252371115,8.70944013555105,0.611349723847557,0.579629801744792,0.0834847109936722,100
"house","R03","logistic_presence","single",0.0534881690497582,0.693040921555345,0.10257639509488,0.704828461351346,0.713252735848331,0.0516451311827453,0.0742858213795995,NA,0.000452740669758693,0.444225039087105,NA,0.54832,25.43,224.3,18.45,17.37,1.08,0.00614524830240746,0.0102409682954499,0.00734947403805944,0.0101759841557337,0.00894185450895831,0.00184150941173839,0.0026079385768538,NA,0.00518111365195658,0.0332938875669247,NA,0.0174850636402917,0.872156852726375,8.73761750112464,0.649533632226954,0.591463686906722,0.130794001036251,100
"house","R03","maaslin3","abundance",0.0818376623376623,0.148894126924482,0.153467032967033,0.186249162811306,0.388352965298824,0.0458702005937099,0.0674835527512849,0.0538111719929902,-0.0235571308137515,0.4318807078558,NA,11.45159,16.73,224.86,3.03,2.77,0.26,0.0193679276452993,0.0125491515101912,0.0239694964404405,0.0140129402827665,0.0176389763598497,0.00186886934803241,0.0026520724361692,0.0111909458078376,0.0104987683154967,0.00826353118522468,NA,0.50833747958468,0.604169853701103,8.70944013555105,0.255230139761009,0.249385102387711,0.0524548868220603,100
"house","R03","maaslin3","combined",0.0296215729406771,0.701685665379424,0.0726914305744411,0.740586192510792,0.782447504029301,0.0565475743671291,0.0866306389908543,NA,NA,NA,NA,11.45159,25.48,224.86,18.29,17.76,0.53,0.0052646411086199,0.0104411323176124,0.0072120723203384,0.0102425963472119,0.00860919146387498,0.00197998003306442,0.00305652800696498,NA,NA,NA,NA,0.50833747958468,0.867887252371115,8.70944013555105,0.632183166143765,0.62346700883937,0.0797154028688649,100
"house","R03","maaslin3","presence",0.0222781467618794,0.916810054206389,0.0518650631969248,0.946273939322435,0.94683370940181,0.0491049725910666,0.0668802266049302,0.113847263847264,NA,NA,NA,11.45159,17.98,224.73,16.82,16.47,0.35,0.00499881919960704,0.00694968382121033,0.00694250634863666,0.00628569037477463,0.00491740988619224,0.00186536583794782,0.00271164061953834,0.0149831203385971,NA,NA,NA,0.50833747958468,0.602516607759705,8.71507291762932,0.565931787301957,0.565052066967141,0.0672324476737388,100
"house","R03","pursue","abundance",0.0261071428571429,0.127633308636237,0.0737420634920635,0.158194742594216,0.38870868602752,0.0491534039428097,0.0721528091451631,0.0487995169813352,-0.0164635493871218,0.410335461233528,0.941905322815789,20.89792,16.73,224.86,2.53,2.39,0.14,0.00768844386243793,0.0127076456927583,0.014414880291704,0.0147524709843057,0.0175945890235332,0.0028503426321142,0.00355169509834369,0.00896567567604529,0.00737852678637534,0.00852985593491327,0.00314787517235719,0.838917555535619,0.604169853701103,8.70944013555105,0.266080795810201,0.250613388922202,0.0402517331328978,100
"house","R03","pursue","combined",0.045127467874518,0.518107289501478,0.0790296262301306,0.560587936496305,0.652172478454778,0.0460008029698396,0.104380201545563,NA,NA,NA,NA,20.89792,25.48,224.86,15.16,14.36,0.8,0.00786839381163304,0.0229080095509062,0.0096736100781739,0.022044653384627,0.0179926358499878,0.00224084208995297,0.00624462631518014,NA,NA,NA,NA,0.838917555535619,0.867887252371115,8.70944013555105,0.923511086708074,0.868357325324342,0.0974420314594759,100
"house","R03","pursue","presence",0.0500368245764482,0.666847468587107,0.0868853603308624,0.710207197384963,0.759911457486829,0.0410583958448937,0.162385000222407,0.0412203725979236,NA,NA,NA,20.89792,17.95,224.3,13.79,12.98,0.81,0.00879700013522433,0.0292515555684335,0.00964653213116736,0.0285718166291081,0.022974728028695,0.00199910895157622,0.0128321695265123,0.00872864681199242,NA,NA,NA,0.838917555535619,0.604591021294811,8.73761750112464,0.836333387683127,0.779144830353553,0.120348819619631,100
"house","R03","wilcoxon_tss","single",0.0552285206851557,0.70509385147324,0.101109038896291,0.722311091499904,0.738992061185818,0.0502766690108114,0.0668232960158599,NA,0.0117449358874417,0.770832379688964,NA,0.25924,25.48,224.86,18.9,17.78,1.12,0.00635413866645802,0.0100468797515547,0.00758597023940619,0.00999144228554361,0.00867566742237909,0.00200452194080043,0.00269439213870076,NA,0.0141325615128943,0.0134982803410835,NA,0.00903172992590818,0.867887252371115,8.70944013555105,0.668406819809371,0.613580319176559,0.132023872956004,100
"house","R03","zicoseq","single",0.0486045687489533,0.666063547250821,0.0966942262483062,0.699396580794741,0.751767740481611,0.0508398461860682,0.0694498316512179,NA,NA,NA,NA,130.92851,25.48,224.86,18.02,17.14,0.88,0.00613965087228264,0.0111055978961085,0.00805892064400473,0.0113299882108001,0.0083787025576526,0.00192359298687822,0.00274503512317663,NA,NA,NA,NA,5.30167204937177,0.867887252371115,8.70944013555105,0.679123023323522,0.650566186975902,0.105677229182434,100
"house","R04","adapt","single",0.0555,0.232243113912232,0.108021367521368,0.294558251389134,0.48385799208074,0.0525255785674678,0.0920756149408757,NA,0.0329578034485059,2.19586967546695,NA,0.29333,11.7,106.99,2.98,2.77,0.21,0.013571455551497,0.0174447327358801,0.0177261507193924,0.0183619610412855,0.0148909569217888,0.00226273603252712,0.00291850311514048,NA,0.0346029641449983,0.069592635470585,NA,0.00447640401765676,0.334090050160375,3.17364446526689,0.222919109304091,0.212182025914572,0.0477683805651624,100
"house","R04","aldex2","single",0.01,0.0350818454421396,0.01,0.0589150400253341,0.405450261775923,0.00768916191628699,0.244705725569349,NA,0.00127606362751766,0.85532233532835,NA,5.64339,11.7,106.99,0.46,0.45,0.01,0.01,0.0061530569474215,0.01,0.00724730556330271,0.0140646487913456,0.000867794975539972,0.00393398514249113,NA,0.00521336391089827,0.0163457081376896,NA,0.210815321973494,0.334090050160375,3.17364446526689,0.079671040833384,0.0796139676086039,0.01,100
"house","R04","ancombc2","single",0.01,0.0289150694077165,0.01,0.0289150694077165,0.138523879702307,0.449408576242894,0.452489400418518,NA,-0.0482383197905279,0.864729030818588,0.520202415085988,28.33393,11.7,106.99,0.37,0.36,0.01,0.01,0.00572177725803874,0.01,0.00572177725803874,0.0114491177101867,0.00654497282078973,0.00606462069889339,NA,0.0202291835256126,0.0127096717238575,0.00650344896138316,1.2232147373985,0.334090050160375,3.17364446526689,0.0719918626153559,0.07180219742846,0.01,100
"house","R04","corncob","single",0.237761904761905,0.088906017185429,0.305688311688312,0.112523265133559,0.264032119879373,0.0729694671701817,0.118067476353318,NA,NA,NA,NA,4.70442,11.62,106.88,1.7,0.99,0.71,0.0348923212646563,0.0136064163547872,0.0354466027818926,0.0147203829377167,0.014040270689306,0.00436484275553194,0.00513286326361123,NA,NA,NA,NA,0.145994746812924,0.338081336218061,3.17672342472109,0.209134821914892,0.146676996881384,0.113079037344986,100
"house","R04","fastancom","single",0.0108333333333333,0.0675793381455146,0.0146944444444444,0.0959560863972629,0.422114077528885,0.0292779787696188,0.13119701363419,NA,-0.091774694522878,0.590155541669406,NA,0.0303600000000013,11.7,106.99,0.91,0.88,0.03,0.00645008025946463,0.0105447277590914,0.00672316303904139,0.0126693214673882,0.0162384526246883,0.00272625223902424,0.00643016405005484,NA,0.0203820293750982,0.0134313005790546,NA,0.00046461018742874,0.334090050160375,3.17364446526689,0.146401275039985,0.143040574875124,0.0171446607997765,100
"house","R04","ldm","single",0.0505238095238095,0.165006726933198,0.107869047619048,0.227583483509954,0.428893247863308,0.0484915483536201,0.0951652943883568,NA,NA,NA,NA,10.19015,11.7,106.99,2.21,2.03,0.18,0.0154840724369492,0.0147010972233846,0.0180248728005608,0.016335146366784,0.0146129570860678,0.00233828697455825,0.00397208320575592,NA,NA,NA,NA,0.83862290936759,0.334090050160375,3.17364446526689,0.200652974464911,0.188805388555186,0.050010099990003,100
"house","R04","limma_logtss","single",0.0206904761904762,0.160397472625414,0.072020202020202,0.229977847316083,0.453819364938024,0.0476843665665289,0.0969384337103647,NA,-0.0129640052621414,0.567913467485823,0.930908039519132,0.0435200000000001,11.7,106.99,2.05,1.96,0.09,0.00741927050292512,0.0142011822041096,0.0139849296501871,0.0170393456287707,0.0154845962284434,0.00259301519580939,0.00375480338555548,NA,0.0138985489781764,0.0116165256115703,0.00281097986526774,0.000891427183926103,0.334090050160375,3.17364446526689,0.194559850312276,0.183633363311823,0.0320825954263823,100
"house","R04","linda","single",0.0482063492063492,0.214754867681338,0.114543650793651,0.30335716489393,0.474525225155859,0.0561827468039914,0.0932330628626157,NA,-0.00114797444881195,0.545256885839652,0.914022118154592,0.11397,11.7,106.99,2.75,2.53,0.22,0.0126634399961983,0.0158161408376111,0.0147556208674649,0.0180452794603974,0.0141354924421829,0.00273764485785537,0.00298799201094259,NA,0.00969044948954092,0.0118220077585271,0.00284429006426844,0.00388333541422753,0.334090050160375,3.17364446526689,0.219446042699716,0.198201509539757,0.0561023595535406,100
"house","R04","lm_logtss","single",0.0196904761904762,0.164570914379738,0.0802539682539682,0.234100936645054,0.459238998980972,0.0478379460443276,0.0975820505496474,NA,-0.0129640052621414,0.567913467485823,0.93056025758137,0.0430500000000001,11.7,106.99,2.11,2.01,0.1,0.00720931525117976,0.0144152091635423,0.0162990418281538,0.0164919704749677,0.0151148859446172,0.00253411908641222,0.00378828668545412,NA,0.0138985489781764,0.0116165256115703,0.00275869720296247,0.000990089782685284,0.334090050160375,3.17364446526689,0.197915909089459,0.183949378192409,0.0362371537669739,100
"house","R04","locom","single",0.0408333333333333,0.0902613114010173,0.0849523809523809,0.128596064066652,0.335018777502125,0.051851114219207,0.0902180036551154,NA,-0.0204653138111193,1.07367302242781,NA,57.50385,11.7,106.99,1.24,1.13,0.11,0.0147222222222222,0.0103990035985349,0.0185760801268803,0.0132138541627354,0.0130954498469756,0.0022593523612873,0.00360888970324874,NA,0.00938728670010965,0.0175563664707159,NA,2.35494627489705,0.334090050160375,3.17364446526689,0.140072131490179,0.125251262619899,0.0373219679669935,100
"house","R04","locom2","single",0.0783333333333333,0.095072175373646,0.131047619047619,0.119647433448904,0.340013959429033,0.0421694039523107,0.101656051743363,NA,NA,NA,NA,10.75582,11.7,106.99,1.33,1.17,0.16,0.0223738513803329,0.00998773366627796,0.0270335876387945,0.011602572623609,0.0155020333669662,0.00214794905686487,0.00381904828641473,NA,NA,NA,NA,0.384705830782929,0.334090050160375,3.17364446526689,0.137109408499161,0.123954211161406,0.0419716113774079,100
"house","R04","logistic_presence","single",0.0635833333333333,0.222540724798078,0.111692474192474,0.298644238931004,0.472958081356793,0.0584382049083667,0.128331155084512,NA,-0.011575951304308,0.755778685578324,NA,0.15588,11.6,106.13,2.81,2.56,0.25,0.0131346195278324,0.0168780649533611,0.0154313191623222,0.0182981134204376,0.0146532720605039,0.00245540131079318,0.00299983836372528,NA,0.0108360234463509,0.0462913966873814,NA,0.00462999181882908,0.33272672075905,3.16332056069203,0.21728117983643,0.197622229150836,0.0479372485441102,100
"house","R04","maaslin3","abundance",0.03,0.00411111111111111,0.0566666666666667,0.00938034188034188,0.155069753536967,0.0416670637944001,0.0930384405640092,0.0486111111111111,-0.0358387048766824,1.01971930236112,NA,4.59062,7.87,106.88,0.07,0.03,0.04,0.0171446607997765,0.00247524216865552,0.0227488113427585,0.00368159467560206,0.0118571031976292,0.00201647719326935,0.00340761514898787,0.0116307578822225,0.0268319558871688,0.0233476271471955,NA,0.163292729510873,0.317711195963258,3.17672342472109,0.0293188669562103,0.0171446607997765,0.0242878362539562,100
"house","R04","maaslin3","combined",0.0241666666666667,0.0537282145958616,0.0436666666666667,0.0853717083570025,0.402725205995507,0.0452720281418293,0.110948520015596,NA,NA,NA,NA,4.59062,11.7,106.99,0.69,0.64,0.05,0.0130984680524047,0.0080340482808296,0.0170474678945632,0.0101052941245904,0.0145054786564138,0.00212302384503614,0.00377777280175014,NA,NA,NA,NA,0.163292729510873,0.334090050160375,3.17364446526689,0.0981598366713878,0.091585363393278,0.0261116483933547,100
"house","R04","maaslin3","presence",0,0.0765019147519148,0,0.11553219003219,0.655576560152706,0.0417222838527687,0.101724877356824,0.0361413043478261,NA,NA,NA,4.59062,7.93,106.6,0.64,0.64,0,0,0.0113743901871425,0,0.0137171568821522,0.0168512712160865,0.00205698676316745,0.00323653661030667,0.0105705328042321,NA,NA,NA,0.163292729510873,0.259079567357641,3.17210060089875,0.0990051524013786,0.0990051524013786,0,100
"house","R04","pursue","abundance",0.07,0.0064478021978022,0.146666666666667,0.0172897935397935,0.154224965273989,0.0477974056849502,0.0935748642211312,0.0334325396825397,-0.0131775503879713,0.988426664465976,0.952062059505519,4.96679,7.87,106.88,0.12,0.05,0.07,0.0256432399976243,0.00297791377910781,0.0346766367429494,0.00602012872064873,0.0120726485191554,0.00277886845045159,0.00347640770135654,0.00959902140801963,0.0162181442506316,0.0223458964116683,0.00263531155901994,0.174300479142465,0.317711195963258,3.17672342472109,0.032659863237109,0.021904291355759,0.0256432399976243,100
"house","R04","pursue","combined",0.0808333333333333,0.0945594691256456,0.126103174603175,0.15940958143164,0.388582133015736,0.0473947412860285,0.0906480341801456,NA,NA,NA,NA,4.96679,11.7,106.99,1.26,1.11,0.15,0.023524201307123,0.0120786447789951,0.0245039502115751,0.0160839277013735,0.018427241384206,0.00266216643170549,0.00342856019309804,NA,NA,NA,NA,0.174300479142465,0.334090050160375,3.17364446526689,0.138986228516252,0.127044889863402,0.0385992097056272,100
"house","R04","pursue","presence",0.0470396825396825,0.185208152958153,0.0796035353535353,0.252478299478299,0.54398524560403,0.0477689467787673,0.102417664725279,0.0369824016563147,NA,NA,NA,4.96679,7.9,106.13,1.69,1.56,0.13,0.0159266084805451,0.0188267673151755,0.0186295523650182,0.0230111868337668,0.0207193231590264,0.0024669448293393,0.00423857501534681,0.0104049459258274,NA,NA,NA,0.174300479142465,0.256432399976243,3.16332056069203,0.185153498972658,0.170749979664876,0.0337997668989631,100
"house","R04","wilcoxon_tss","single",0.0490952380952381,0.209076514172102,0.0844148351648352,0.272062566518449,0.48335335505894,0.0551232700976239,0.0950120128605892,NA,-0.00782573269894571,1.60658450123725,NA,0.10058,11.7,106.99,2.63,2.45,0.18,0.0121228121152487,0.016700566967668,0.014827604688527,0.0183322112303676,0.0146099412857999,0.00243729956561723,0.00283549526049136,NA,0.028541149114262,0.0635545742431135,NA,0.00264101985198633,0.334090050160375,3.17364446526689,0.21017308884043,0.195595438999931,0.0411452219939241,100
"house","R04","zicoseq","single",0.0296190476190476,0.166334998334998,0.0954862637362637,0.22806319497496,0.446488408679091,0.0530599656216436,0.0900585033214752,NA,NA,NA,NA,36.2606,11.7,106.99,2.2,2.08,0.12,0.00945041888469137,0.0135504040619323,0.0177746918104859,0.0161882276842009,0.0137383239502468,0.0026551706608227,0.00331539714942978,NA,NA,NA,NA,1.00649959299896,0.334090050160375,3.17364446526689,0.2,0.185145315573438,0.0356186309210063,100
"house","R05","adapt","single",0.0628932852063657,0.182990205018612,0.103677219984214,0.252397633697138,0.478550347417615,0.0506114266392006,0.0494344806628349,NA,0.0496465280099312,1.3626926646273,NA,0.584830000000008,45.52,404.73,9.28,8.74,0.54,0.00968259828886936,0.00874955409900267,0.0105517794775065,0.0103002535644509,0.00870872820153635,0.00132560981421162,0.00210365896514679,NA,0.0204569807673514,0.0400859525977077,NA,0.0183453902777905,1.68381961173057,17.216012366927,0.582068759172007,0.559873723136375,0.068784541368778,100
"house","R05","aldex2","single",0,0.0156213022583831,0.005,0.0245293911219103,0.350103558733891,0.00615081142654512,0.264515798788468,NA,-0.0151531652047023,0.736537875102161,NA,17.38999,45.52,404.73,0.74,0.74,0,0,0.00215215921103457,0.005,0.00278695945099334,0.00872610111719871,0.000474566665920684,0.00297434853450476,NA,0.00247554803685637,0.00658627023872904,NA,0.66081776908493,1.68381961173057,17.216012366927,0.110663745854117,0.110663745854117,0,100
"house","R05","ancombc2","single",0.00291666666666667,0.023953451624206,0.00291666666666667,0.023953451624206,0.127199824829852,0.449910296259047,0.439542384454194,NA,-0.0249993544628331,0.776058734954694,0.511686247135757,119.40246,45.52,404.73,1.29,1.27,0.02,0.00207320771648435,0.00291765819480364,0.00207320771648435,0.00291765819480364,0.00528004250730092,0.00491743367561874,0.00428640362621843,NA,0.0125105985045608,0.0120179304180061,0.00477916220621972,5.62084034152664,1.68381961173057,17.216012366927,0.170735189842355,0.164442738183886,0.014070529413629,100
"house","R05","corncob","single",0.475159772740041,0.108823975899265,0.513888393868755,0.168437613454796,0.226234370715962,0.110539339185487,0.10509571523563,NA,NA,NA,NA,17.53205,44.9,404.01,9.73,4.65,5.08,0.025494676898229,0.00703756162827671,0.0203911341652814,0.0096098334103243,0.00758240034919729,0.00388805009289558,0.00545634350710917,NA,NA,NA,NA,0.787112819987636,1.68033786886309,17.2211784988394,0.588759181446348,0.311845273729577,0.374888535622809,100
"house","R05","fastancom","single",0.0139037114845938,0.0648331562462786,0.0592264647117588,0.0950148457411407,0.378513666300844,0.0413941403974314,0.0818818977254398,NA,-0.0844844879218044,0.429370251577682,NA,0.0427600000000058,45.52,404.73,3.62,3.51,0.11,0.00485215624150035,0.00611742638947661,0.0150343350755908,0.0077768171198265,0.0116409660054879,0.00311251401361394,0.00475380479657928,NA,0.0104815175520916,0.00578980511909741,NA,0.00102554444766785,1.68381961173057,17.216012366927,0.405960638983683,0.39170567181665,0.0373219679669935,100
"house","R05","ldm","single",0.0584178264545912,0.141071186653903,0.10642097572701,0.196909448764624,0.41916386890345,0.0517802806717773,0.0509119242370441,NA,NA,NA,NA,32.54278,45.52,404.73,7.01,6.59,0.42,0.00965627455375862,0.00770422949650153,0.0122176758675708,0.00983934500699521,0.00899062789379604,0.00143066637970539,0.00223489513865861,NA,NA,NA,NA,3.26670352516559,1.68381961173057,17.216012366927,0.467206397839133,0.447235052203192,0.0589127072091163,100
"house","R05","limma_logtss","single",0.0429404761904762,0.089700809005879,0.0958726768657649,0.144042084238135,0.404407119771721,0.0562334782402091,0.0918696655616611,NA,-0.028218176417492,0.433394798556269,0.913175684774167,0.04105,45.52,404.73,4.74,4.44,0.3,0.0113401633781975,0.00726074116049891,0.0177261094372519,0.0100141904278492,0.0115798290166912,0.00458822765495692,0.00601628715842541,NA,0.0146195684631781,0.00618580029787011,0.00450141188826179,0.000365252092272024,1.68381961173057,17.216012366927,0.41551234043107,0.383318840305735,0.0915633026044735,100
"house","R05","linda","single",0.0617153093724301,0.154587608690251,0.0878270736573368,0.226490575669542,0.465372613353007,0.0538771785953314,0.0531708702714545,NA,0.000645006763076121,0.399152106944012,0.903789994785703,0.25396,45.52,404.73,7.97,7.52,0.45,0.0140712670868253,0.00925372054045359,0.0106007614101842,0.00966833792523339,0.00816588336548515,0.00157700477220935,0.00230841537357504,NA,0.00469808953827995,0.00525981190054012,0.00228220181176869,0.00947874730674103,1.68381961173057,17.216012366927,0.59347546816455,0.558403206844428,0.078334945180064,100
"house","R05","lm_logtss","single",0.0581956376956377,0.100662696825559,0.0927576822491308,0.148353200715777,0.404625809035729,0.0563334170151063,0.0910815868306741,NA,-0.028218176417492,0.433394798556269,0.912922829238446,0.0387,45.52,404.73,5.32,4.94,0.38,0.015440409132863,0.00774566347682536,0.0173891027196989,0.00987461565957205,0.0116051426328547,0.00446378883201798,0.00602272444569359,NA,0.0146195684631781,0.00618580029787011,0.00437930654444563,0.000297294195005276,1.68381961173057,17.216012366927,0.455023586912222,0.410916688943787,0.119578383911934,100
"house","R05","locom","single",0.062247113997114,0.0607455767307745,0.0959911656970481,0.097020981218151,0.315375497550572,0.0529445301324807,0.0524288290229147,NA,-0.026041520285038,0.984075567420837,NA,291.78001,45.52,404.73,3.31,3.08,0.23,0.0170586950934538,0.00474615309474218,0.0158208587809559,0.0065095403886841,0.0080806495461954,0.00144289690950027,0.00241269742623929,NA,0.00543395905617456,0.0159254785248608,NA,11.3333754381437,1.68381961173057,17.216012366927,0.286636714432408,0.269934522550648,0.0489382212074519,100
"house","R05","locom2","single",0.11730303030303,0.0758032623031154,0.16595535020535,0.105067190054739,0.311554733374118,0.0469480021935037,0.0717804412209886,NA,NA,NA,NA,47.92263,45.52,404.73,4.14,3.66,0.48,0.0212734308535465,0.00606726439302561,0.0241637797315003,0.00730674773947698,0.00916512456810999,0.00162270612013465,0.00303228941917317,NA,NA,NA,NA,2.8094190947652,1.68381961173057,17.216012366927,0.364323088935238,0.335212882759116,0.0717459040466754,100
"house","R05","logistic_presence","single",0.0711190776289713,0.193876001383592,0.111614966878422,0.27284199121317,0.476131739528568,0.0570151705397875,0.108868769098997,NA,0.0209559820696787,0.97793813442333,NA,0.55645,45.29,402.2,9.68,9.02,0.66,0.0117720418618962,0.00907449284300804,0.010966718644162,0.0111812129452223,0.00853521937337119,0.0015793825823093,0.00163357285133205,NA,0.0109502736136204,0.0410863595419245,NA,0.0246926905104823,1.68818203575876,17.3054962951139,0.613465071490948,0.577871398786403,0.103689513218624,100
"house","R05","maaslin3","abundance",0.015,0.00327099800086071,0.07,0.00469752446250921,0.131770948313122,0.0481342119905837,0.0506200135283362,0.0439945223727529,-0.0234821949410056,0.841415843826903,NA,14.79876,30.1,404.1,0.12,0.1,0.02,0.0111350751676807,0.00120599442047016,0.0235916437868508,0.00140021627067219,0.00743275059379049,0.00123856840954793,0.00219575772510166,0.00616589799433278,0.0137719055793666,0.0167249719675676,NA,0.627997117042858,1.11992965147032,17.2218706383142,0.0383497988352882,0.0333333333333333,0.014070529413629,100
"house","R05","maaslin3","combined",0.00833333333333333,0.0242036112602492,0.0280476190476191,0.0475562029605373,0.380864482220256,0.0518226031593087,0.0832397386515449,NA,NA,NA,NA,14.79876,45.52,404.73,1.27,1.24,0.03,0.00481125224324688,0.00302887537974816,0.00847210301324327,0.00465210143437923,0.00887700747697161,0.00137737257103674,0.00281232292861441,NA,NA,NA,NA,0.627997117042858,1.68381961173057,17.216012366927,0.167485865527558,0.163990637820972,0.0171446607997765,100
"house","R05","maaslin3","presence",0,0.0326711375870702,0.012,0.0584942615185954,0.623485880833334,0.0392849130789115,0.0562971970061485,0.0686676245375599,NA,NA,NA,14.79876,32.1,403.68,1.16,1.16,0,0,0.00407016290880086,0.0101782100388997,0.00594848070445928,0.0103348951637649,0.00113629634879133,0.00218563225923115,0.00786230871149091,NA,NA,NA,0.627997117042858,1.14331610553325,17.2527139132873,0.154213547335564,0.154213547335564,0,100
"house","R05","pursue","abundance",0.0608333333333333,0.00531691082785257,0.14,0.00643090681053067,0.134757850956486,0.0496400791571624,0.0511060908326832,0.0411053174193032,-0.00874467701356712,0.82402929950539,0.945957950493084,16.95182,30.1,404.1,0.21,0.13,0.08,0.0225933342871023,0.00193046850982436,0.0328004544054369,0.00215200299705702,0.00735595276658962,0.00136037377189752,0.00242731044420741,0.00542114771181383,0.00703856182969453,0.0160508847626842,0.00140002204502172,0.704749517989953,1.11992965147032,17.2218706383142,0.0607944043145387,0.0441645225322889,0.0272659924344291,100
"house","R05","pursue","combined",0.0264166666666667,0.0231331737220843,0.0909174991674992,0.0434246716418304,0.24742307412885,0.0422705858531149,0.0957238796218916,NA,NA,NA,NA,16.95182,45.52,404.73,1.32,1.21,0.11,0.00822663596384974,0.00315313700834801,0.020130272634269,0.00464550708292674,0.0114975362181466,0.00122459538025918,0.00535463316054437,NA,NA,NA,NA,0.704749517989953,1.68381961173057,17.216012366927,0.19430269003165,0.176552278576933,0.031446603773522,100
"house","R05","pursue","presence",0.0196666666666667,0.0477359832316298,0.0504285714285714,0.082286588505144,0.345494599878014,0.0353723805742654,0.155729630671422,0.0452248644838159,NA,NA,NA,16.95182,31.99,402.2,1.78,1.71,0.07,0.00792918998839439,0.00579644666002078,0.016249384598446,0.00793149072871626,0.0170245052776541,0.00115275217557725,0.00934356003904533,0.00587254154391359,NA,NA,NA,0.704749517989953,1.14437535341117,17.3054962951139,0.231193652703756,0.223965635892219,0.0256432399976243,100
"house","R05","wilcoxon_tss","single",0.0480977102962397,0.15491306393314,0.0829418614629713,0.236389882871957,0.487082805738187,0.0506960967651643,0.053214483521572,NA,0.0275712728424189,1.70888275086175,NA,0.23776,45.52,404.73,7.67,7.29,0.38,0.00941458189733906,0.00826438631354264,0.0101902719072962,0.0103402359213064,0.00850553739231917,0.00136632067688628,0.0022872805705793,NA,0.0223406198039366,0.0530558681740035,NA,0.00906458443113036,1.68381961173057,17.216012366927,0.526673379320475,0.507975780859082,0.0707535200966044,100
"house","R05","zicoseq","single",0.0650283229842053,0.133822059208299,0.0914359683686141,0.198792080399292,0.439084750696626,0.0522993270303012,0.050384693265024,NA,NA,NA,NA,110.85877,45.52,404.73,6.96,6.58,0.38,0.0125184294393573,0.00762470594172992,0.0106345957894933,0.00963857986756437,0.00921376073431995,0.00152813155546212,0.002353900329749,NA,NA,NA,NA,4.64272659084556,1.68381961173057,17.216012366927,0.508298806577073,0.494245675629831,0.0564613034553648,100
"house","R06","adapt","single",0.056,NA,0.084,NA,NA,0.0505740265248482,0.0587191637044876,NA,0.0145876981951794,1.45088331318877,NA,0.387772,0,235.444,0.056,NA,0.056,0.0145706973368996,NA,0.0175787385267763,NA,NA,0.00106349351350742,0.00151601567074024,NA,0.0123491173551857,0.0242102295619652,NA,0.00541580611613356,0,5.26737890969629,0.0145706973368996,NA,0.0145706973368996,250
"house","R06","aldex2","single",0,NA,0.016,NA,NA,0.00595569691429132,0.257009886494891,NA,0.000695371815888317,0.515232177254212,NA,10.606372,0,235.444,0,NA,0,0,NA,0.00795166118887435,NA,NA,0.000331806201531015,0.00221529990884947,NA,0.000850684555254885,0.00456922578783318,NA,0.247307035820515,0,5.26737890969629,0,NA,0,250
"house","R06","ancombc2","single",0,NA,0,NA,NA,0.452832183603798,0.441676018211531,NA,0.0079650309636728,0.804052223539671,0.519498590033653,42.616124,0,235.444,0,NA,0,0,NA,0,NA,NA,0.00318555483790292,0.0028121467498243,NA,0.0101560809869643,0.00746710617102545,0.00311578325372972,1.12844959316923,0,5.26737890969629,0,NA,0,250
"house","R06","corncob","single",0.492,NA,0.644,NA,NA,0.0865188338313097,0.0908455429665652,NA,NA,NA,NA,9.90034,0,235.416,1.156,NA,1.156,0.0316821564314139,NA,0.0303436806571532,NA,NA,0.0022115554243998,0.00278807173396294,NA,NA,NA,NA,0.23864889927696,0,5.26628243629177,0.0989028974930973,NA,0.0989028974930973,250
"house","R06","fastancom","single",0.02,NA,0.032,NA,NA,0.037206130492141,0.0920325156617084,NA,-0.012856373820118,0.43447957132345,NA,0.0345080000000015,0,235.444,0.02,NA,0.02,0.00887213950734269,NA,0.0111535468092308,NA,NA,0.00151623147473077,0.00279284016296492,NA,0.00889068908970458,0.00507329846940895,NA,0.000381804718899013,0,5.26737890969629,0.00887213950734269,NA,0.00887213950734269,250
"house","R06","fastemu","single",0.2,NA,0.32,NA,NA,0.048491032722145,0.12665671288124,NA,-0.00557767581019541,1.47657455553986,0.850147144754437,610.03984,0,236.92,0.24,NA,0.24,0.0816496580927726,NA,0.0952190457139047,NA,NA,0.00323996610873893,0.00576156506958977,NA,0.0181833518876752,0.043921129667554,0.00639889650594352,35.7855837774878,0,15.9114130945893,0.104562580942387,NA,0.104562580942387,25
"house","R06","ldm","single",0.04,NA,0.08,NA,NA,0.0485772154461258,0.0586231694560228,NA,NA,NA,NA,6.32892,0,235.444,0.04,NA,0.04,0.0124184084113013,NA,0.017192507941463,NA,NA,0.000949538243497151,0.00149762760056003,NA,NA,NA,NA,0.315597025207271,0,5.26737890969629,0.0124184084113013,NA,0.0124184084113013,250
"house","R06","limma_logtss","single",0.036,NA,0.088,NA,NA,0.0461230290455232,0.0815793062867709,NA,0.0120692906938654,0.435557864474226,0.953876970954477,0.040772,0,235.444,0.048,NA,0.048,0.0118056551692781,NA,0.0179530847770529,NA,NA,0.00183701060334072,0.00243727593379309,NA,0.00917638807469077,0.00520130955897932,0.00183701060334072,0.000324526321479997,0,5.26737890969629,0.0176644311687089,NA,0.0176644311687089,250
"house","R06","linda","single",0.052,NA,0.088,NA,NA,0.0537862349148741,0.059360808529902,NA,0.00530020875284318,0.402118070494278,0.943232469035911,0.18766,0,235.444,0.052,NA,0.052,0.0140703910256417,NA,0.0179530847770529,NA,NA,0.00113820299742102,0.0014898017279037,NA,0.00429921859861802,0.00467429885567415,0.00115991943767206,0.00662187454501816,0,5.26737890969629,0.0140703910256417,NA,0.0140703910256417,250
"house","R06","lm_logtss","single",0.044,NA,0.088,NA,NA,0.046930940037534,0.0810643819803485,NA,0.0120692906938654,0.435557864474226,0.953069059962466,0.0403560000000001,0,235.444,0.056,NA,0.056,0.012997373846575,NA,0.0179530847770529,NA,NA,0.00186019046696149,0.00246391057469799,NA,0.00917638807469077,0.00520130955897932,0.00186019046696149,0.00044083374822523,0,5.26737890969629,0.0184612913174684,NA,0.0184612913174684,250
"house","R06","locom","single",0.04,NA,0.104,NA,NA,0.0490163499638514,0.0622912691620908,NA,0.000778390368704824,0.977741500973529,NA,127.387956,0,223.676,0.044,NA,0.044,0.0124184084113013,NA,0.0193451009748439,NA,NA,0.00107701377113034,0.00152198202571757,NA,0.0033294062560688,0.0109133053107152,NA,4.16262116156673,0,5.58942310965946,0.0141795712545851,NA,0.0141795712545851,250
"house","R06","locom2","single",0.148,NA,0.2,NA,NA,0.0438846619745847,0.0704686030467671,NA,NA,NA,NA,26.476124,0,235.444,0.18,NA,0.18,0.0225035472438062,NA,0.0253489700209791,NA,NA,0.000971408352259198,0.00179209437500532,NA,NA,NA,NA,0.760628439298172,0,5.26737890969629,0.029151315524126,NA,0.029151315524126,250
"house","R06","logistic_presence","single",0.06,NA,0.088,NA,NA,0.0561067014637583,0.113469278729856,NA,0.000557938686536592,0.657744621397631,NA,0.314704,0,233.876,0.068,NA,0.068,0.0150501170791587,NA,0.0179530847770529,NA,NA,0.00101839991187335,0.00120162032827716,NA,0.00435718937677102,0.0163306551958574,NA,0.00757649302263841,0,5.29062390472096,0.0187325286739962,NA,0.0187325286739962,250
"house","R06","maaslin3","abundance",0.016,NA,0.028,NA,NA,0.0456178010496615,0.060147260479389,NA,0.00590261412935965,0.894577223700993,NA,9.022896,0,235.416,0.016,NA,0.016,0.00795166118887435,NA,0.0104547216519273,NA,NA,0.000949088354314491,0.00146628697010917,NA,0.0107404106391727,0.0112535880604111,NA,0.216771086829116,0,5.26599264051516,0.00795166118887435,NA,0.00795166118887435,250
"house","R06","maaslin3","combined",0.016,NA,0.044,NA,NA,0.0489652006370928,0.0813436514235857,NA,NA,NA,NA,9.022896,0,235.444,0.016,NA,0.016,0.00795166118887435,NA,0.012997373846575,NA,NA,0.000954315227706001,0.00170379165998405,NA,NA,NA,NA,0.216771086829116,0,5.26737890969629,0.00795166118887435,NA,0.00795166118887435,250
"house","R06","maaslin3","presence",0,NA,0.004,NA,NA,0.0401217333494676,0.0673816443799978,NA,NA,NA,NA,9.022896,0,234.884,0,NA,0,0,NA,0.004,NA,NA,0.000866361475768033,0.00158820931531343,NA,NA,NA,NA,0.216771086829116,0,5.27683676086377,0,NA,0,250
"house","R06","pursue","abundance",0.056,NA,0.108,NA,NA,0.0476594291881399,0.0602124987838643,NA,-0.00720809225869531,0.871624386458934,0.95234057081186,9.87224,0,235.416,0.068,NA,0.068,0.0145706973368996,NA,0.0196695593815688,NA,NA,0.00101956009076135,0.00149387865335738,NA,0.00351114947402845,0.0106546748071314,0.00101956009076135,0.224101437789402,0,5.26599264051516,0.0211493066716326,NA,0.0211493066716326,250
"house","R06","pursue","combined",0.024,NA,0.092,NA,NA,0.0431415459046956,0.0856447807690646,NA,NA,NA,NA,9.87224,0,235.444,0.024,NA,0.024,0.00969908702696427,NA,0.0183162753794296,NA,NA,0.00096455025680973,0.00266529599835513,NA,NA,NA,NA,0.224101437789402,0,5.26737890969629,0.00969908702696427,NA,0.00969908702696427,250
"house","R06","pursue","presence",0.036,NA,0.04,NA,NA,0.0401637065096666,0.111572355467099,NA,NA,NA,NA,9.87224,0,233.876,0.036,NA,0.036,0.0118056551692781,NA,0.0124184084113013,NA,NA,0.000924667375336355,0.00444960797657739,NA,NA,NA,NA,0.224101437789402,0,5.29062390472096,0.0118056551692781,NA,0.0118056551692781,250
"house","R06","wilcoxon_tss","single",0.012,NA,0.048,NA,NA,0.0503284919621277,0.0603468211375653,NA,0.0119056440723848,1.40161764137753,NA,0.155176,0,235.444,0.012,NA,0.012,0.00690032302369427,NA,0.0135468842280857,NA,NA,0.00100071598238035,0.00142663417828296,NA,0.0130518707681495,0.0172515217269617,NA,0.00287166536068796,0,5.26737890969629,0.00690032302369427,NA,0.00690032302369427,250
"house","R06","zicoseq","single",0.044,NA,0.092,NA,NA,0.0491598653574863,0.0618699544901277,NA,NA,NA,NA,63.471608,0,235.444,0.044,NA,0.044,0.012997373846575,NA,0.0183162753794296,NA,NA,0.00102425015736088,0.00166334989166191,NA,NA,NA,NA,1.35821947803564,0,5.26737890969629,0.012997373846575,NA,0.012997373846575,250
"house","R07","adapt","single",0.0588333333333333,0.143070723523123,0.0813373015873016,0.19126660108897,0.495671153980214,0.0479643737796961,0.0602942869569269,NA,0.0152024823947551,1.53720244773106,NA,0.421650000000003,13.37,235.91,2.21,2.03,0.18,0.0172498231094234,0.0125605162467766,0.0171686761242581,0.0140090521813946,0.0138563780794204,0.0016054824803121,0.00239699610641167,NA,0.0222462916368358,0.0432021272308971,NA,0.0108308983277411,0.44690970321563,8.33509187505792,0.19811995142215,0.183927412120361,0.0411452219939241,100
"house","R07","aldex2","single",0,0.0141749140951927,0.01,0.0257946395279987,0.384931619156523,0.00602235780149656,0.259256681927462,NA,-0.00461560112465412,0.654752880943238,NA,10.29919,13.37,235.91,0.21,0.21,0,0,0.00325957319345819,0.01,0.00446084998196573,0.0127514065480019,0.000578132781826988,0.0035016711891125,NA,0.00232549952867496,0.00965272745330815,NA,0.360335815789111,0.44690970321563,8.33509187505792,0.0477683805651624,0.0477683805651624,0,100
"house","R07","ancombc2","single",0,0.0175869573323134,0,0.0175869573323134,0.125980507130069,0.454926949753222,0.445797289182009,NA,-0.00544761657176304,0.814197460963482,0.514409681160583,59.99155,13.37,235.91,0.24,0.24,0,0,0.00382421124372367,0,0.00382421124372367,0.00960314676362193,0.00540163664241956,0.00468307773087857,NA,0.0166099121252785,0.0119356406356546,0.00520627933577988,2.62418470484192,0.44690970321563,8.33509187505792,0.0494821669744247,0.0494821669744247,0,100
"house","R07","corncob","single",0.476980158730159,0.0726795095599275,0.555269797196268,0.106419181996194,0.229455603561965,0.0925155355556502,0.0954403922578188,NA,NA,NA,NA,9.61306,13.17,235.66,2.53,0.85,1.68,0.0401543502548442,0.0096616182599671,0.0369608997721519,0.0120001815867102,0.0119185115177501,0.0036983489673736,0.00506117162225336,NA,NA,NA,NA,0.340655691521009,0.448353891609309,8.33968509445935,0.260711923529989,0.110439891782678,0.189566224669253,100
"house","R07","fastancom","single",0.01375,0.0461881940299123,0.0297619047619048,0.0678022718595474,0.39597407190116,0.0343620643278286,0.092157544955292,NA,-0.0839682747820557,0.457105649844635,NA,0.0357500000000019,13.37,235.91,0.75,0.72,0.03,0.0103436837214453,0.00666382167595563,0.0134575358216497,0.00882119927687587,0.0148781148246696,0.00238463691512524,0.00436294523503355,NA,0.0135937215459074,0.00888526601781866,NA,0.000582813621299091,0.44690970321563,8.33509187505792,0.117529278535739,0.109249043635876,0.0171446607997765,100
"house","R07","ldm","single",0.0579166666666667,0.105804632544958,0.0925595238095238,0.143452495818595,0.432961988787099,0.049340336752397,0.0608000395011995,NA,NA,NA,NA,10.9582,13.37,235.91,1.63,1.49,0.14,0.0191153151207639,0.011940883220845,0.0209390492740318,0.0140492453716477,0.0129213134780631,0.00145095076471597,0.00253040143633237,NA,NA,NA,NA,1.2967898358577,0.44690970321563,8.33509187505792,0.196255347993785,0.17950267998337,0.0376587548676509,100
"house","R07","limma_logtss","single",0.0611071428571429,0.0844247055833743,0.115082611832612,0.11993221965513,0.419603924144729,0.0559023659650654,0.089337457175019,NA,-0.0218901036045907,0.460396799622342,0.932115281706034,0.0404499999999999,13.37,235.91,1.4,1.26,0.14,0.0202743927602783,0.00932277692052141,0.0234500279412458,0.0126757681177737,0.0151683128068791,0.00416819785192134,0.00566694646974442,NA,0.0167382939018174,0.00880051379479677,0.00406521434968674,0.000413503142049535,0.44690970321563,8.33509187505792,0.16575508280215,0.153491354673792,0.042687494916219,100
"house","R07","linda","single",0.0410238095238095,0.127771962471653,0.086742784992785,0.18855861467394,0.479767317351118,0.0518844568980173,0.0592911910361771,NA,-0.00620762072455001,0.42116264415841,0.929782306358002,0.17146,13.37,235.91,2.01,1.85,0.16,0.0111753377181347,0.0119327167424091,0.0181525567607722,0.0155651055790962,0.0143521262193056,0.00169148721244565,0.00238609707574748,NA,0.00680421758718145,0.00806516683078184,0.00190652502334419,0.00498234093696135,0.44690970321563,8.33509187505792,0.199744786660328,0.183333333333333,0.041971611377408,100
"house","R07","lm_logtss","single",0.0686666666666667,0.090112507977059,0.0954217171717172,0.126703481288234,0.424365745729357,0.0558514043010555,0.0890262109601854,NA,-0.0218901036045907,0.460396799622342,0.932121125299641,0.0393400000000002,13.37,235.91,1.48,1.34,0.14,0.0219979592972518,0.00938921515511893,0.0201902232732478,0.0117419418079858,0.0153394236197304,0.0042804702117729,0.00569548633479099,NA,0.0167382939018174,0.00880051379479677,0.00415256824778793,0.000469519419032359,0.44690970321563,8.33509187505792,0.159215247226812,0.151903744110366,0.0402517331328978,100
"house","R07","locom","single",0.0156666666666667,0.0591979757428674,0.0549458874458875,0.0915912772727788,0.333473395491298,0.0502902087831715,0.0625007970110917,NA,-0.00889846366087634,1.0105191977252,NA,148.99003,13.37,235.91,0.92,0.87,0.05,0.00783464062449114,0.00816697418502809,0.0140917278208225,0.0102864353660854,0.0130691140272751,0.00143809053758051,0.00250294792842363,NA,0.0058727219548476,0.016063215273654,NA,5.60636038866274,0.44690970321563,8.33509187505792,0.138301383678084,0.130774692513575,0.0261116483933547,100
"house","R07","locom2","single",0.0573333333333333,0.0679353335862624,0.074952380952381,0.0825802138178299,0.337916529648046,0.0432148037047736,0.0744472917390496,NA,NA,NA,NA,26.30639,13.37,235.91,1.1,0.98,0.12,0.0202693977426189,0.00861451935801037,0.0213666863322556,0.0101837998222156,0.0121374125471606,0.00147235723439454,0.00287423510034551,NA,NA,NA,NA,1.17888032779053,0.44690970321563,8.33509187505792,0.146680440124618,0.137054143986376,0.0432983541805861,100
"house","R07","logistic_presence","single",0.0677619047619048,0.145011413981615,0.116678571428571,0.207304820394604,0.482589923731723,0.0537634662059056,0.109489296558427,NA,-0.00499519342896766,0.777765814725304,NA,0.30816,13.29,234.3,2.23,2,0.23,0.0173645682395871,0.0110068965114392,0.0210097979741025,0.0148118588601461,0.0134338702962825,0.00193709134765678,0.00201405736758522,NA,0.00876897627432719,0.0423783418271333,NA,0.0112145082798844,0.451550639239919,8.36828428163036,0.185785256724428,0.166969421987344,0.0509604719068583,100
"house","R07","maaslin3","abundance",0.03,0.00166666666666667,0.05,0.00277777777777778,0.159028715697623,0.044663932386756,0.0611969819933076,0.0454393696581197,-0.0361417066462929,0.906711086379605,NA,8.80837,8.42,235.69,0.04,0.01,0.03,0.0171446607997765,0.00166666666666667,0.021904291355759,0.00199372378490354,0.0123643576362771,0.00164001624322672,0.00241587767708585,0.0106313895908225,0.0161436644672306,0.0176600953961594,NA,0.327495747417837,0.345294487109602,8.33674711894589,0.0196946385566932,0.01,0.0171446607997765,100
"house","R07","maaslin3","combined",0.0383333333333333,0.016730713687757,0.052,0.0327676791732519,0.397156923176666,0.0497755609554694,0.0843287803739734,NA,NA,NA,NA,8.80837,13.37,235.91,0.3,0.25,0.05,0.0180184155702797,0.00382051628462844,0.0192235358925198,0.00557270472151721,0.0136532403660758,0.0018138439350609,0.00266190369624408,NA,NA,NA,NA,0.327495747417837,0.44690970321563,8.33509187505792,0.0627645914460848,0.0557320429022712,0.021904291355759,100
"house","R07","maaslin3","presence",0,0.0207729811038635,0,0.0431181261548909,0.611919632145859,0.0385053327066605,0.0679818271600612,0.0608240459304289,NA,NA,NA,8.80837,9.81,235.32,0.22,0.22,0,0,0.00535738051634672,0,0.00767754873975636,0.014771011348062,0.00142898363532984,0.0025520644817508,0.0175871176934284,NA,NA,NA,0.327495747417837,0.343686197017282,8.35276377172626,0.0542720420239975,0.0542720420239974,0,100
"house","R07","pursue","abundance",0.0366666666666667,0.00174242424242424,0.0833333333333333,0.004504329004329,0.151926024545294,0.0467231631982534,0.0593590141140522,0.0425547542735043,0.00536401611913467,0.884998291780387,0.952430083075746,9.90896,8.42,235.69,0.07,0.02,0.05,0.0182850604139947,0.00122702329426832,0.0269575881718839,0.00227782348531547,0.0121461535403417,0.0015976722149748,0.00232906083985167,0.0101623970601121,0.00620829314900855,0.0169798892711349,0.0016228703364552,0.356255604505268,0.345294487109602,8.33674711894589,0.0355476632654857,0.014070529413629,0.0261116483933547,100
"house","R07","pursue","combined",0.0483333333333333,0.0312675308008125,0.0827619047619048,0.0461404460262819,0.312245527714212,0.0432859704689344,0.0870288193789871,NA,NA,NA,NA,9.90896,13.37,235.91,0.63,0.5,0.13,0.0182796888872238,0.00537061446104932,0.0231180773003411,0.0073504547151572,0.0161176288438019,0.00148702296808594,0.0048594162570075,NA,NA,NA,NA,0.356255604505268,0.44690970321563,8.33509187505792,0.106983431172563,0.0870388279778489,0.0505624925865572,100
"house","R07","pursue","presence",0.0608333333333333,0.0538176268176268,0.0701785714285714,0.0932143134643135,0.410173663202627,0.0395944092511742,0.119901817367702,0.0547872340425532,NA,NA,NA,9.90896,9.77,234.3,0.73,0.63,0.1,0.0214465312743973,0.00824801534381016,0.021892572568673,0.0127359271431876,0.0206886381552211,0.00173914877395644,0.00768234565632349,0.0157122709262173,NA,NA,NA,0.356255604505268,0.346950641265797,8.36828428163036,0.108110493421678,0.101159939369957,0.0333333333333333,100
"house","R07","wilcoxon_tss","single",0.0216666666666667,0.115956374293062,0.0554087301587302,0.172051082345587,0.488957725131785,0.0474421805538372,0.0608385417065658,NA,-0.0238688729969375,1.57928728181102,NA,0.15659,13.37,235.91,1.76,1.67,0.09,0.00764129897701409,0.0110982362376536,0.0135719661174973,0.0130203262477088,0.0141672378350737,0.00169895507874608,0.00257969715288107,NA,0.0249227585326275,0.0514736848135026,NA,0.00477929234861555,0.44690970321563,8.33509187505792,0.178161202682891,0.166396751133785,0.0320825954263823,100
"house","R07","zicoseq","single",0.0423452380952381,0.117704497514869,0.0739206349206349,0.154217470609885,0.452096935532469,0.0490462423237698,0.0619484895689382,NA,NA,NA,NA,68.00929,13.37,235.91,1.84,1.7,0.14,0.0140507702154493,0.0113494951702405,0.0160877639731186,0.0135733607386943,0.0129182237069658,0.00140798349581488,0.00253783965617011,NA,NA,NA,NA,2.04793675734379,0.44690970321563,8.33509187505792,0.190544143722841,0.174945879077104,0.0402517331328978,100
"house","R08","adapt","single",0.042704525159933,0.263473167381123,0.080571354771158,0.356183476251108,0.484615662131276,0.048727743486498,0.0665443743950975,NA,0.0560949552859191,1.85134240972336,NA,0.429019999999991,66.87,240.73,18.97,18.18,0.79,0.00547729157066732,0.0092824684511041,0.00651802467597648,0.00938008710527368,0.00810718487610543,0.00195528463145295,0.00251399283595008,NA,0.0283517951979793,0.0584593175249257,NA,0.00993549884876085,1.91573257871012,8.03209288800971,0.931649455036983,0.898526290627879,0.0844411216783803,100
"house","R08","aldex2","single",0,0.025941510966278,0.0168333333333333,0.0438979965974406,0.34674798241319,0.00784351046092361,0.246616381602133,NA,-0.0170050359722069,1.05771681894344,NA,10.74057,66.87,240.73,1.96,1.96,0,0,0.00260152099349346,0.0108025202820659,0.00354032493997444,0.00887780942726231,0.000721668213150774,0.00343662470741085,NA,0.00511090793786873,0.0114959898748122,NA,0.362103300807319,1.91573257871012,8.03209288800971,0.222438278807376,0.222438278807376,0,100
"house","R08","ancombc2","single",0,0.0331754716563,0,0.0331754716563,0.132596764557058,0.442034353628363,0.439905543671694,NA,-0.0341796980884589,0.820440544691568,0.519284623870689,77.41429,66.87,240.73,2.5,2.5,0,0,0.00351526033875947,0,0.00351526033875947,0.0047825120725607,0.00571079629522199,0.00499944059442407,NA,0.0150365762731303,0.0124270591661698,0.00502279191291047,2.90544595611379,1.91573257871012,8.03209288800971,0.280511797767703,0.280511797767703,0,100
"house","R08","corncob","single",0.228741241039363,0.118396603946575,0.26927331495406,0.165569101188882,0.225353656477841,0.0937997535825579,0.0943783361991308,NA,NA,NA,NA,10.19626,65.96,239.76,9.99,7.41,2.58,0.0200220506909888,0.00762260213295766,0.0167694388010629,0.00945665127193395,0.00774761713387318,0.00447415963132413,0.00467956891932891,NA,NA,NA,NA,0.36238962446962,1.9090914862914,8.02289803807159,0.632215121296509,0.472494989551757,0.269747356546151,100
"house","R08","fastancom","single",0.0197505411255411,0.0938260860708179,0.0545495268405485,0.145629550225464,0.364611170157392,0.0473914637584858,0.103013558858499,NA,-0.151084886744573,0.546853002164228,NA,0.0349699999999996,66.87,240.73,7.31,7.08,0.23,0.00527604808753753,0.00745509024879986,0.00879887959840179,0.00947327340660117,0.0112466264847681,0.00383724077191713,0.00610156767410247,NA,0.0149231542615419,0.00974645728532571,NA,0.000552396980660053,1.91573257871012,8.03209288800971,0.676994994237197,0.648180047315075,0.0617178329908861,100
"house","R08","ldm","single",0.0469784853318014,0.211531133249255,0.0888082516085359,0.304342173470847,0.418995858463851,0.0492560562895492,0.0693702083883091,NA,NA,NA,NA,33.54229,66.87,240.73,15.45,14.6,0.85,0.0060401579443653,0.00918214534597566,0.00787631262745354,0.0103877757812441,0.00856103283963129,0.00212370347706574,0.00269874938795373,NA,NA,NA,NA,2.49036330773324,1.91573257871012,8.03209288800971,0.83174090274131,0.773160900316213,0.111350751676807,100
"house","R08","limma_logtss","single",0.0299942224122271,0.168415432774726,0.0670524005949654,0.247440616033824,0.42570319633014,0.0502785162855594,0.0871721098526028,NA,-0.0121374733982944,0.528110004734872,0.886694195069407,0.0389,66.87,240.73,12.04,11.58,0.46,0.00623742045556684,0.0101785213344658,0.00853906088302805,0.0119026033187655,0.00892986636415743,0.00359896081911694,0.0055340878129287,NA,0.0150606707463609,0.00857601624930446,0.00374602375266175,0.000212963694918958,1.91573257871012,8.03209288800971,0.831928512857355,0.780724863912578,0.120117787310135,100
"house","R08","linda","single",0.045247544683826,0.244421060877916,0.0848422606654684,0.331663571480682,0.466457050159391,0.0563613097182175,0.0720531794601059,NA,-0.0150754286440601,0.505050890468948,0.859340484680794,0.17033,66.87,240.73,17.61,16.87,0.74,0.00654498169054404,0.0102404097315119,0.0061033899935258,0.0109528465710722,0.00852209567262782,0.00264816895961445,0.00272210092035734,NA,0.00757087034053585,0.00784945301525648,0.0032020666868658,0.0045009775593641,1.91573257871012,8.03209288800971,0.905080497564005,0.868605639848002,0.0894653027941022,100
"house","R08","lm_logtss","single",0.0259739880767184,0.173907760668127,0.0739866505140725,0.251500381593165,0.428683877813755,0.0508044227831333,0.087867799510595,NA,-0.0121374733982944,0.528110004734872,0.886400204617722,0.03869,66.87,240.73,12.38,11.93,0.45,0.00553499984478731,0.00998388598853209,0.0099509408660681,0.0117790242257388,0.00895002831202198,0.0036060542969497,0.00562948592774287,NA,0.0150606707463609,0.00857601624930446,0.00366337691034104,0.000482144829240798,1.91573257871012,8.03209288800971,0.804881571061447,0.760814953809002,0.117529278535739,100
"house","R08","locom","single",0.0465949286912068,0.0985536601490759,0.0764922354617989,0.146068738030244,0.308570302870602,0.050229571523178,0.0687788182142671,NA,-0.071200109702712,1.0415721049441,NA,155.48477,66.87,240.73,7.34,6.88,0.46,0.00745484786903313,0.00605999488878107,0.00859013764525472,0.00796551746988882,0.00710637357634559,0.0018808374392251,0.00255556478368645,NA,0.00696982607886629,0.0161924113382795,NA,4.87028052007409,1.91573257871012,8.03209288800971,0.52861931844985,0.489955677236795,0.0702376916856849,100
"house","R08","locom2","single",0.0621578951664091,0.101825044279576,0.0990296751506743,0.142713890218474,0.311810177122435,0.0455269870094545,0.0801531131948023,NA,NA,NA,NA,27.56592,66.87,240.73,7.47,6.97,0.5,0.0126663832382023,0.00592165502627332,0.0143543888824969,0.00723640578511507,0.00734232163580028,0.00188440373408548,0.00285316002603421,NA,NA,NA,NA,1.2182593900108,1.91573257871012,8.03209288800971,0.502811288575736,0.470644303700853,0.078495962709022,100
"house","R08","logistic_presence","single",0.0484796678099476,0.291840085688065,0.0846027258200851,0.376048555013802,0.480028513119556,0.0555196857856328,0.116473343909961,NA,0.0199701155755537,1.10698694846533,NA,0.31157,66.52,239.13,20.73,19.72,1.01,0.00561449116271815,0.00977608769628307,0.00617102534321716,0.00869654015666327,0.00755425486957701,0.00154699836293743,0.00265470622240374,NA,0.01196172850222,0.047839933279749,NA,0.0103041352393252,1.93001177575305,8.0932401647076,0.943329050209786,0.893306195879083,0.11502744512208,100
"house","R08","maaslin3","abundance",0.0933333333333333,0.00468059838790051,0.151,0.0124955093506248,0.141075622291648,0.0462086315494889,0.0624270935186229,0.0454239922804434,-0.0589186946244809,0.93125404986712,NA,9.14516,42.69,239.84,0.34,0.23,0.11,0.0279610118167813,0.00102174248376969,0.0321278834949887,0.0017819226969946,0.00630605143349793,0.00164036335224433,0.00226916781971666,0.00465739606594267,0.0204120684839342,0.0195847245034767,NA,0.327897896685089,1.33980965028242,8.02193608712127,0.0623123445460712,0.0509604719068583,0.031446603773522,100
"house","R08","maaslin3","combined",0.022202380952381,0.0464542396810111,0.0475911665160891,0.0903970864639702,0.385967518006823,0.0500562420502598,0.089980599773256,NA,NA,NA,NA,9.14516,66.87,240.73,3.48,3.35,0.13,0.00754483333970439,0.00404791173148146,0.00924890858275653,0.00563494528803003,0.00872069637239072,0.00185507580205259,0.00303298387207406,NA,NA,NA,NA,0.327897896685089,1.91573257871012,8.03209288800971,0.353190365586937,0.335861623742621,0.0418148878808117,100
"house","R08","maaslin3","presence",5e-04,0.059277392935232,0.00460014005602241,0.117907756403112,0.636220025013223,0.0403514096335614,0.0699291139033606,0.046354549983315,NA,NA,NA,9.14516,47.16,240.05,3.05,3.04,0.01,5e-04,0.00554328534842932,0.00233043393265279,0.0079187710622194,0.00941595573030604,0.00146069973818757,0.00263744457600707,0.0051044432726206,NA,NA,NA,0.327897896685089,1.22183170988182,8.06022000100782,0.334656464893403,0.329652403405022,0.01,100
"house","R08","pursue","abundance",0.0766666666666667,0.00557288199154294,0.1295,0.0137766246804933,0.13965428591801,0.0516475313097296,0.0647747132780373,0.0469176888727121,-0.0389715252684461,0.908967679591602,0.944176496677614,9.93129,42.69,239.84,0.38,0.26,0.12,0.0243224688628127,0.00120170479075008,0.0290727009690983,0.00203146330617984,0.00632883115405497,0.00223746070799511,0.00225772813039874,0.00471719898019732,0.0125144652735367,0.0185957833726577,0.00223710066812551,0.333777368580867,1.33980965028242,8.02193608712127,0.0721670340812258,0.0561743318211757,0.0383497988352882,100
"house","R08","pursue","combined",0.0387463334877128,0.0795782716374954,0.0548160342572394,0.12409652744519,0.307112005839163,0.0447718600445753,0.0913712222000147,NA,NA,NA,NA,9.93129,66.87,240.73,6.36,6.04,0.32,0.0090599140427287,0.00774416051997269,0.00910215884515544,0.010562961449971,0.0111050227691802,0.00202193778495735,0.00442122914999082,NA,NA,NA,NA,0.333777368580867,1.91573257871012,8.03209288800971,0.679797949780119,0.654729491523566,0.0664845998724669,100
"house","R08","pursue","presence",0.0132296810653588,0.140194325000245,0.0530577004225361,0.209653147488661,0.440998915154878,0.0390038047728535,0.105472140200445,0.0428856894242128,NA,NA,NA,9.93129,47.08,239.13,7.67,7.47,0.2,0.00394435976958262,0.0130718603406446,0.00844912906144326,0.016658108336523,0.0154094962647138,0.00172098847773655,0.00652525320722606,0.00472561697125453,NA,NA,NA,0.333777368580867,1.22166304931458,8.0932401647076,0.814273549945848,0.788996933844588,0.055048188256318,100
"house","R08","wilcoxon_tss","single",0.0375344585517913,0.250621601126229,0.0713722528448869,0.360047608717553,0.492655593601662,0.048803851040343,0.0717917437684979,NA,0.0254450052349464,1.95047488244091,NA,0.15629,66.87,240.73,17.76,17.15,0.61,0.00685700411995216,0.0101716019673473,0.00598040772958515,0.00891571793206702,0.00800434352616737,0.00166417852499193,0.00285961237843105,NA,0.0294796814779296,0.0592826507469741,NA,0.00410686281999073,1.91573257871012,8.03209288800971,0.892179263592154,0.863674906104342,0.0863338598322544,100
"house","R08","zicoseq","single",0.0399377007751894,0.20897254687902,0.0747115873861756,0.296287925671345,0.448424566623876,0.0536307072861758,0.0751207770024886,NA,NA,NA,NA,68.79157,66.87,240.73,15.34,14.65,0.69,0.00582085193904966,0.00865001354984129,0.00638550978007778,0.00988278109077513,0.00848787994728353,0.00207664284765579,0.00357607663244008,NA,NA,NA,NA,1.95508146443486,1.91573257871012,8.03209288800971,0.829411377015792,0.793709485564301,0.0960797227895311,100
"house","R09","adapt","single",0.032018407500048,0.30288592788116,0.0617694153061301,0.40243976880675,0.467002371588049,0.0509099641660608,0.0773649259289232,NA,0.113849235095425,1.99038821446135,NA,0.442709999999996,106.03,248.68,34.86,33.71,1.15,0.00314610055401693,0.00903598243868582,0.00404870708302916,0.00866251166645096,0.00848410694463916,0.00263012498959771,0.00311731833632388,NA,0.0271496354028743,0.0558403541765239,NA,0.00967993128575625,2.98888361307784,7.78619446471922,1.63212818866731,1.58492232865803,0.111350751676807,100
"house","R09","aldex2","single",0.00833333333333334,0.031009061785958,0.00998611111111111,0.053950755610925,0.327507688220265,0.00800472108900965,0.235004863747996,NA,-0.0539001119488021,1.29492705246974,NA,11.39991,106.03,248.68,3.77,3.74,0.03,0.00685549088914052,0.0025558760432112,0.00435147998805231,0.00360710125662901,0.00860591382264991,0.000867606630839965,0.00366568122808517,NA,0.00627488791803967,0.0123965312418256,NA,0.36742716205138,2.98888361307784,7.78619446471922,0.345199400727502,0.345715478275405,0.0222701503353614,100
"house","R09","ancombc2","single",0.00311111111111111,0.0503349671852484,0.00311111111111111,0.0503349671852484,0.127210559578328,0.444548101206179,0.440760095733461,NA,-0.0514080345626909,0.840888975031029,0.506434525512376,90.82921,106.03,248.68,5.96,5.94,0.02,0.00227808571458755,0.00353371337622659,0.00227808571458755,0.00353371337622659,0.00438766410512424,0.00572320424764947,0.00561310799513138,NA,0.0169648570325976,0.0116131678373028,0.00508535602170726,3.34719192229936,2.98888361307784,7.78619446471922,0.486986196473325,0.486757982300582,0.014070529413629,100
"house","R09","corncob","single",0.166800807201895,0.121371365454604,0.2072847875092,0.180477489152741,0.204762024976051,0.101926519418716,0.111748282062381,NA,NA,NA,NA,10.78712,104.86,247.49,14.66,12.1,2.56,0.0123085573241079,0.00673298450408659,0.011710625434696,0.00809850262181853,0.00680727993579444,0.00402801293885073,0.00517395953594506,NA,NA,NA,NA,0.363465647934276,3.0052822183817,7.80602583866716,0.792925792953737,0.647996134169788,0.218035304341737,100
"house","R09","fastancom","single",0.0247851442887928,0.123726382016284,0.0477919827857779,0.194353978442407,0.349885294868213,0.0513367100682962,0.105751796439922,NA,-0.185981364877564,0.595248028175537,NA,0.0353599999999983,106.03,248.68,15.5,15.01,0.49,0.00562792550879641,0.00803959549125951,0.00642363531720116,0.0109136776586066,0.0106760670917082,0.00450129958446807,0.00632521025344435,NA,0.0129266795535708,0.0102248364995286,NA,0.000564706055654555,2.98888361307784,7.78619446471922,1.17520683758695,1.13203981441208,0.108706815412704,100
"house","R09","ldm","single",0.0570811983207392,0.262695443464279,0.0917478538566731,0.363954828132393,0.395656770977537,0.0539651674913209,0.0787378032255116,NA,NA,NA,NA,41.10887,106.03,248.68,30.2,28.52,1.68,0.006551558421665,0.00961595941798997,0.00522934911755926,0.00991108894705154,0.00812289003720277,0.00249392626910935,0.00294748762239666,NA,NA,NA,NA,2.39682048369114,2.98888361307784,7.78619446471922,1.35557211448737,1.28011047503051,0.179719197357961,100
"house","R09","limma_logtss","single",0.0315702174145644,0.204374671082103,0.0592089651633292,0.289410217167421,0.404882336192633,0.0535360595284661,0.100419528641566,NA,-0.0597037227891944,0.578685629732275,0.84691160986658,0.04152,106.03,248.68,23.43,22.53,0.9,0.00467723146947011,0.0105326610601233,0.0061296122090802,0.0121000542109862,0.00973781717194365,0.00374027034539347,0.00577599766032914,NA,0.0158278163659203,0.00842522440475981,0.00427201981792552,0.000471507361468711,2.98888361307784,7.78619446471922,1.36479953757971,1.30472761196126,0.143899516007076,100
"house","R09","linda","single",0.0386717261863444,0.276213068104721,0.0681980223575968,0.378004427859746,0.440747818822339,0.0595191612036108,0.0817243205936493,NA,-0.0472323600706969,0.558027174814904,0.806059486433521,0.18412,106.03,248.68,31.97,30.85,1.12,0.00493569494683794,0.00945765276978808,0.0055441569884875,0.00975540290325667,0.0108061999986041,0.00347250022295725,0.00424714902905675,NA,0.00890320733417552,0.00805768738736788,0.00473830727636831,0.00506453862806393,2.98888361307784,7.78619446471922,1.51860216161196,1.49263342634906,0.124948474228865,100
"house","R09","lm_logtss","single",0.0339806707192493,0.205890408943434,0.0605343140138791,0.294549381460023,0.407352678397002,0.0528798780097659,0.101510597966607,NA,-0.0597037227891944,0.578685629732275,0.84782161583587,0.04019,106.03,248.68,23.58,22.69,0.89,0.00497852923183128,0.0104344251139573,0.00622219882010623,0.0116462480924207,0.00960154942503901,0.00366879594772218,0.0057240130164264,NA,0.0158278163659203,0.00842522440475981,0.00421368935670614,0.000490453305060164,2.98888361307784,7.78619446471922,1.35282569968839,1.29635814667261,0.132493567596867,100
"house","R09","locom","single",0.0327561467428341,0.109181148381178,0.0671512445907383,0.167791577333958,0.288575507032203,0.0560915266640328,0.076015239926657,NA,-0.116955318057041,1.07029026984674,NA,149.74574,106.03,248.68,12.96,12.49,0.47,0.0055169587333342,0.0055317956103393,0.00628468488711043,0.00740282767306577,0.00711757779771884,0.00220105138650367,0.00291406798145996,NA,0.00860748612346822,0.0158455588150534,NA,4.93694105240003,2.98888361307784,7.78619446471922,0.808530279037967,0.780765617515877,0.0717106982424815,100
"house","R09","locom2","single",0.0418784818347746,0.11197914829095,0.0610351830030394,0.16249748678394,0.288753799752841,0.0473968212952478,0.0913746624581676,NA,NA,NA,NA,28.09265,106.03,248.68,13.04,12.49,0.55,0.00726133921680603,0.00565760201150975,0.00733506810549605,0.00784985907967276,0.00750181707905204,0.00215653198391105,0.00344121079110145,NA,NA,NA,NA,1.12758800157144,2.98888361307784,7.78619446471922,0.812642528291425,0.78050682834355,0.078334945180064,100
"house","R09","logistic_presence","single",0.040915431733571,0.338541615049856,0.0662073103970059,0.435047364075751,0.469365244392221,0.0582611970066032,0.116866409988132,NA,0.0365488312016713,1.27204237171284,NA,0.33879,105.45,247.2,37.71,36.26,1.45,0.00330265177934444,0.00855193689071972,0.00387212264166446,0.00864459172019472,0.00782364615002418,0.00256708641153986,0.00235434608796669,NA,0.0182915227905491,0.0651761512682994,NA,0.0107947826436308,2.99576721594339,7.80190341965965,1.52615546555733,1.48484737167553,0.113150476371204,100
"house","R09","maaslin3","abundance",0.0466666666666667,0.00666096577805537,0.123452380952381,0.0145885232947163,0.14685427797421,0.044351024379823,0.0695126476584999,0.0448978619520135,-0.140504889876102,0.96525810424643,NA,9.72704,67.78,247.61,0.6,0.52,0.08,0.0190736654527837,0.00112262058950251,0.0268050114872214,0.00198480142865221,0.00592158779882157,0.00158791753400265,0.00226393853189565,0.00367602489823311,0.0241433800459763,0.0198506414722648,NA,0.340918902919267,2.09374151588813,7.79721388987403,0.0974420314594759,0.0870156145281821,0.0307482445914323,100
"house","R09","maaslin3","combined",0.00865349927849928,0.0653366752291415,0.0210454141364917,0.118382768590128,0.387393874415569,0.0489198948457711,0.0935913927215192,NA,NA,NA,NA,9.72704,106.03,248.68,7.82,7.72,0.1,0.00385892665999313,0.00496464419117986,0.00372067605531504,0.0077227242348509,0.00830441105418067,0.00196617423350353,0.00335361057911496,NA,NA,NA,NA,0.340918902919267,2.98888361307784,7.78619446471922,0.664903729645856,0.652435994770926,0.0333333333333333,100
"house","R09","maaslin3","presence",0.00168589743589744,0.0913116280447943,0.0116111901847491,0.163751254621572,0.626259025766394,0.0404814964667869,0.0762408905548812,0.0377211781450812,NA,NA,NA,9.72704,75.37,248.15,7.7,7.67,0.03,0.000998435435563414,0.00675874890460253,0.00272239270904475,0.01041799104204,0.0101391785112026,0.00178284664738323,0.00245069343329461,0.00416973894248907,NA,NA,NA,0.340918902919267,1.98787511548072,7.79992715583701,0.652655802057712,0.647614893671425,0.0171446607997765,100
"house","R09","pursue","abundance",0.0633333333333333,0.00694504757837188,0.132236263736264,0.0158191057695223,0.145212325254588,0.0516346098677367,0.0724414625683477,0.0505584658562626,-0.0489119899151863,0.937654494706346,0.941389375541687,10.64985,67.78,247.61,0.64,0.53,0.11,0.021422477889417,0.0014765509849094,0.0287531146818136,0.00254033519240862,0.00586805326875773,0.00211430902531889,0.00267214998537427,0.00385363147686507,0.0182636314486435,0.0181501977705018,0.00209897021868867,0.346029008936032,2.09374151588813,7.79721388987403,0.123517471058007,0.114992314192003,0.034509550720186,100
"house","R09","pursue","combined",0.0398442049108,0.10172145813806,0.0646874101810671,0.166187301546215,0.307989861323941,0.0473771347997552,0.0957487406492785,NA,NA,NA,NA,10.64985,106.03,248.68,12.99,12.46,0.53,0.00836818891342531,0.00857090559395684,0.00892719762954148,0.011873964317816,0.0107619245122733,0.00214072995354851,0.00416909774444794,NA,NA,NA,NA,0.346029008936032,2.98888361307784,7.78619446471922,1.20918162491009,1.16813068315548,0.080972622883081,100
"house","R09","pursue","presence",0.0295938435316838,0.182361797529945,0.0483411380151844,0.263640270588338,0.440149856190923,0.0390567635740716,0.111154374753622,0.0380956286646332,NA,NA,NA,10.64985,75.2,247.2,15.96,15.46,0.5,0.00590298530416864,0.0134888439565991,0.00600397467956945,0.0175746943945978,0.0147090450982075,0.00159070095952396,0.00609885306372957,0.00462023119255323,NA,NA,NA,0.346029008936032,1.98545214045068,7.80190341965965,1.38992914578515,1.34775683446551,0.0784959627090219,100
"house","R09","wilcoxon_tss","single",0.0316380956200934,0.300274189688344,0.0578120668184078,0.409237412664264,0.470191210494181,0.0536039825740039,0.0773039598545238,NA,0.0290633313438957,2.2065194527732,NA,0.16426,106.03,248.68,33.64,32.58,1.06,0.00336467710222397,0.00981322402699824,0.00377377487788117,0.00867210189267101,0.00793598415057091,0.00237186779078865,0.00293570948782735,NA,0.0435479767512819,0.0907363680403326,NA,0.00420417349160031,2.98888361307784,7.78619446471922,1.50067459578159,1.45963742557575,0.109008386295864,100
"house","R09","zicoseq","single",0.0388331200362594,0.238193712141719,0.0709066462667155,0.327556561061744,0.41145478258267,0.0591918708510455,0.0829405707255133,NA,NA,NA,NA,70.70192,106.03,248.68,28.16,27.1,1.06,0.00513448358516887,0.00913761920484864,0.0058325377366142,0.00927425169867507,0.00977163701192936,0.0028716610986598,0.00361546876065847,NA,NA,NA,NA,2.00907118982726,2.98888361307784,7.78619446471922,1.49650906911365,1.458344155804,0.117051313965329,100
"house","R10","adapt","single",0.0492349439775911,0.219462385444013,0.097462881245002,0.304040694313528,0.512750806650952,0.0505094779760913,0.0651096776013196,NA,0.0849487576879961,1.67213421291574,NA,0.438090000000001,31.57,241.86,7.65,7.2,0.45,0.00947301888064509,0.0106614551169221,0.0109798603999952,0.0126784439071868,0.00978732834105389,0.00161240789735504,0.00276732755621462,NA,0.0199253867210345,0.0484164052188154,NA,0.0115799294758933,0.793694213819469,8.29541701389047,0.468475929979009,0.431815523649447,0.079613967608604,100
"house","R10","aldex2","single",0,0.0286082204887724,0.009,0.0439238287523715,0.361980775534687,0.00794146897329376,0.245706238754668,NA,-0.032376848806993,0.832531338170984,NA,10.97625,31.57,241.86,1.02,1.02,0,0,0.0037217728422347,0.00570220584643798,0.00469479165214719,0.0095525287738224,0.000646123832370046,0.0038111446855389,NA,0.00394858658350554,0.011003146944538,NA,0.366685470970984,0.793694213819469,8.29541701389047,0.144236057919095,0.144236057919095,0,100
"house","R10","ancombc2","single",0.005,0.0298576192951018,0.005,0.0298576192951018,0.127155175829695,0.45506414323874,0.441593130130447,NA,-0.0512100681548916,0.821896343414855,0.512314692952246,65.89993,31.57,241.86,1.05,1.04,0.01,0.005,0.00374766821039403,0.005,0.00374766821039403,0.00550151273148503,0.00492355352252964,0.00483511493994388,NA,0.0159353170258182,0.0130085251439885,0.00469672070535149,2.74252192563282,0.793694213819469,8.29541701389047,0.13734495390671,0.137009916326218,0.01,100
"house","R10","corncob","single",0.326890724772304,0.0819788581445139,0.405545542957812,0.127117985202919,0.227016750005654,0.0907106480269995,0.0954949275253384,NA,NA,NA,NA,10.16119,31.23,241.43,4.24,2.45,1.79,0.0304677880682779,0.00781820992397558,0.0266049104505591,0.0100721322179903,0.00967016421732556,0.00350828423748129,0.004604191750575,NA,NA,NA,NA,0.375829571759715,0.801621462847004,8.30088537324772,0.358199763689301,0.230666579085638,0.210480450878508,100
"house","R10","fastancom","single",0.0487738095238095,0.0509886393042717,0.083534965034965,0.0849735857848142,0.295512350577501,0.0601143698177715,0.116904143022552,NA,-0.229455289958461,0.522309597348987,NA,0.0354399999999993,31.57,241.86,2.04,1.82,0.22,0.0140376004007182,0.00560638819190298,0.0170869785939522,0.00762837537636481,0.0123887018556956,0.00421248568182436,0.00581139305561548,NA,0.0116291785521316,0.0104128889529059,NA,0.000611558697431455,0.793694213819469,8.29541701389047,0.23822576508748,0.214325345060619,0.0612661028100805,100
"house","R10","ldm","single",0.0437015207015207,0.156433175759487,0.110841643994121,0.220507072176086,0.439925270003763,0.0493540953508003,0.0628946009261462,NA,NA,NA,NA,15.72259,31.57,241.86,5.47,5.17,0.3,0.00874629319843152,0.0104084919545558,0.0150389376975065,0.0115094752602457,0.00918986310361928,0.00151418065222392,0.00217661344945206,NA,NA,NA,NA,1.50059187131665,0.793694213819469,8.29541701389047,0.392210776151412,0.373640295882377,0.0594588390010563,100
"house","R10","limma_logtss","single",0.0210721500721501,0.128983298392786,0.0651450094714666,0.184662740133226,0.446100105394419,0.048361873811359,0.083666031214385,NA,-0.0396359945218498,0.480071106356079,0.923579019872657,0.04052,31.57,241.86,4.49,4.35,0.14,0.00692210610427753,0.0113786546943556,0.0128341046599684,0.0139526842050081,0.0143639906798254,0.00284131087900827,0.003676616812285,NA,0.0136025700338658,0.00836306655014504,0.00298556094870461,0.000399363129358385,0.793694213819469,8.29541701389047,0.434030907059426,0.417393305788643,0.0376587548676509,100
"house","R10","linda","single",0.046535958322723,0.204418359807931,0.0989738385539469,0.287248968900838,0.492737636316349,0.0539309671722208,0.0642304429906725,NA,-0.0301650487307263,0.453094137602415,0.906946854331577,0.17719,31.57,241.86,7.21,6.8,0.41,0.00936830720680572,0.0119991218048411,0.0112915281367717,0.0135088359306134,0.0112047817731358,0.00205710639020082,0.00264146088240109,NA,0.00732970082566465,0.00824332612718808,0.00233853377866792,0.00497156957513463,0.793694213819469,8.29541701389047,0.4856101025691,0.454606056566195,0.0697687377532141,100
"house","R10","lm_logtss","single",0.0260298835151776,0.139735844440686,0.0588276533408112,0.19893840323756,0.452096529519185,0.0481694294921024,0.0824481732202559,NA,-0.0396359945218498,0.480071106356079,0.923077132567431,0.03955,31.57,241.86,4.97,4.74,0.23,0.00691201901736625,0.0118731625076511,0.0115199801095492,0.0139593104948982,0.0142841695806451,0.00287257272438863,0.00374477930077577,NA,0.0136025700338658,0.00836306655014504,0.0029762697839269,0.000492442890089809,0.793694213819469,8.29541701389047,0.479363003254203,0.445770244757443,0.0509604719068583,100
"house","R10","locom","single",0.0558849206349206,0.0694273400243358,0.103638389388389,0.109304926602721,0.310801608215317,0.0530846050364909,0.0633018417638617,NA,-0.0787207819961958,1.0210868189014,NA,155.53515,31.57,241.86,2.54,2.31,0.23,0.0127791470806615,0.00663594664442137,0.0171638313737383,0.00847307493632215,0.0105256690710956,0.00188131027179194,0.00265047619828901,NA,0.00699271803912974,0.0162069215843596,NA,5.45421146364686,0.793694213819469,8.29541701389047,0.256794537214938,0.235571516516618,0.0489382212074519,100
"house","R10","locom2","single",0.0799801587301587,0.0791917586697281,0.107491674991675,0.108877999583379,0.319363453929783,0.0457897305617384,0.076926486294406,NA,NA,NA,NA,26.93319,31.57,241.86,2.89,2.57,0.32,0.0180689286491895,0.00748656076621883,0.019062178669755,0.0088341565353189,0.0102563914788114,0.00173121225018681,0.00248898131655141,NA,NA,NA,NA,1.26139321360642,0.793694213819469,8.29541701389047,0.272991286352225,0.242984390736142,0.0583960701597377,100
"house","R10","logistic_presence","single",0.0562399103734243,0.237283738385746,0.109700213426438,0.335524862005971,0.517680026052765,0.0570085477575327,0.111109219144029,NA,0.0050830946330566,0.899554879791904,NA,0.32203,31.4,240.27,8.37,7.81,0.56,0.00847064198907515,0.0121685662489764,0.00989756830440147,0.0124357752018895,0.00816257371870924,0.00177203060048482,0.00211897454550144,NA,0.00939150866201527,0.0463599663416737,NA,0.0116244730954773,0.79455215770466,8.34143672676756,0.51613462342198,0.481935282129889,0.0820445801458764,100
"house","R10","maaslin3","abundance",0.0366666666666667,0.00345145009440338,0.0716666666666667,0.00762865216886712,0.152844391657459,0.0456373381685124,0.0599459427765809,0.039917612616142,-0.0789503429198197,0.917506123578353,NA,9.41451,19.82,241.5,0.12,0.07,0.05,0.0182850604139947,0.00127743171433819,0.0249865283568286,0.00191587169001947,0.00877693463364905,0.0015037178136094,0.00218274247890781,0.00572905382017044,0.0181410883186753,0.0192224181408584,NA,0.357460376696608,0.584545061815536,8.30051111971334,0.0408989886516436,0.0256432399976243,0.0261116483933547,100
"house","R10","maaslin3","combined",0.0283333333333333,0.041945023093359,0.0351666666666667,0.0760552484351615,0.428834618100277,0.0491442905405941,0.0881986512806499,NA,NA,NA,NA,9.41451,31.57,241.86,1.47,1.41,0.06,0.0134120153176976,0.0047112684766409,0.0114417840391154,0.00725012255275117,0.0100821845858973,0.00169091966474548,0.00302501809526884,NA,NA,NA,NA,0.357460376696608,0.793694213819469,8.29541701389047,0.177214701718143,0.175289083020771,0.0277797979063414,100
"house","R10","maaslin3","presence",0,0.0517457956938233,0.0158333333333333,0.0913540205998535,0.656527474452338,0.0401230551520209,0.0691258494018329,0.0435417164534812,NA,NA,NA,9.41451,23.7,241.14,1.3,1.3,0,0,0.00594251304012428,0.0107709939079135,0.00899070422328808,0.00993923967430041,0.00155847532621702,0.002641022535725,0.00761229488876569,NA,NA,NA,0.357460376696608,0.550940426484891,8.32593635344495,0.157313301241423,0.157313301241423,0,100
"house","R10","pursue","abundance",0.1,0.00519987550575786,0.143333333333333,0.00736570864063124,0.143448182266822,0.0507715209489073,0.0601571722599244,0.0432429678164972,-0.0243155026741507,0.897729001323923,0.946744942197111,10.26961,19.82,241.5,0.22,0.1,0.12,0.0293016357663844,0.00173419799598795,0.0334190816276423,0.00199003101021093,0.0082746587905576,0.00223507547298519,0.00343918675171586,0.00609793290771583,0.0128297774647444,0.0184149607566095,0.00226427583590717,0.362632859914679,0.584545061815536,8.30051111971334,0.0504124403437697,0.0333333333333333,0.0356186309210063,100
"house","R10","pursue","combined",0.0550559163059163,0.0683426472633034,0.0745291452613434,0.104239420361597,0.332785209028631,0.0465170378826148,0.086630751500921,NA,NA,NA,NA,10.26961,31.57,241.86,2.66,2.43,0.23,0.0147772834110018,0.00793695407921959,0.0154121597363486,0.0111982571682819,0.0138088601911537,0.00173042073486932,0.00439068905454393,NA,NA,NA,NA,0.362632859914679,0.793694213819469,8.29541701389047,0.325427457819758,0.30459610614515,0.0509604719068583,100
"house","R10","pursue","presence",0.0286637426900585,0.123501321000405,0.0588805006053458,0.181952087959264,0.461537682373532,0.0401926332521831,0.114537731486041,0.0527614411732059,NA,NA,NA,10.26961,23.63,240.27,3.45,3.3,0.15,0.0114527873320039,0.0138728090238004,0.016263067747913,0.0173612834290624,0.0184515863624524,0.00161473720228174,0.00751023072165041,0.0128582714822314,NA,NA,NA,0.362632859914679,0.550051420920413,8.34143672676756,0.420767696651554,0.404644750043014,0.0435194139889245,100
"house","R10","wilcoxon_tss","single",0.0376002135119782,0.19612506818114,0.0778813294100345,0.288096230213842,0.521826397302734,0.0504953760375493,0.0644722183567696,NA,-0.00470576655613833,1.7076740434464,NA,0.16122,31.57,241.86,6.85,6.52,0.33,0.00721670950274474,0.00984758335571799,0.00854070196422751,0.0124944658181537,0.00788670656079408,0.00161733270481832,0.00223086814930388,NA,0.022703043549284,0.0571212342569726,NA,0.00471765606926561,0.793694213819469,8.29541701389047,0.42649025709146,0.402637767375555,0.0586979943903924,100
"house","R10","zicoseq","single",0.0572714352640823,0.175753045113125,0.102882418080715,0.247225562718905,0.46526133966823,0.0530153435541559,0.0660715813725605,NA,NA,NA,NA,68.91057,31.57,241.86,6.26,5.86,0.4,0.0127705844125919,0.0114247717302355,0.0109687776372194,0.0125278183731373,0.0108719802698546,0.00188314105694407,0.00245248311329956,NA,NA,NA,NA,2.1173006327266,0.793694213819469,8.29541701389047,0.459384744451036,0.429004014485231,0.0666666666666667,100
"house","R11","adapt","single",0.035403240893953,0.25287589923755,0.0705387567724591,0.34517977914802,0.532831030693855,0.0470331629632836,0.0651520883073521,NA,0.163350145477975,1.6996067692541,NA,0.443960000000003,35.51,245.66,9.69,9.26,0.43,0.00643672265021442,0.0111497494753956,0.00728053969046195,0.0123287535177726,0.00957233004519218,0.00170538725762281,0.00252345699861055,NA,0.023295843958557,0.049558748118468,NA,0.0109738432813502,0.831998324590388,8.2772442103137,0.512016216599246,0.482338579268241,0.0807227453457922,100
"house","R11","aldex2","single",0.01,0.0212165212017259,0.01,0.0310349182468859,0.342624483880853,0.00654068035503224,0.237185023831722,NA,-0.0501885914313472,0.842492078006096,NA,11.24825,35.51,245.66,0.84,0.83,0.01,0.01,0.00320059187297563,0.01,0.00371800087933643,0.00795307852556462,0.000618123882319398,0.00333484423033462,NA,0.00349510453662985,0.00995848205828578,NA,0.399565549261402,0.831998324590388,8.2772442103137,0.132360084312424,0.13261549188111,0.01,100
"house","R11","ancombc2","single",0,0.0280957060218338,0,0.0280957060218338,0.121236973392474,0.450169840447059,0.43942257754278,NA,-0.0717911623162823,0.817275253160519,0.516100988507298,63.84748,35.51,245.66,1.11,1.11,0,0,0.00362275313797405,0,0.00362275313797405,0.00587518318317539,0.00533532299017689,0.00517546915394086,NA,0.0155110809596195,0.0125042572292495,0.00538685480974142,2.58804141082352,0.831998324590388,8.2772442103137,0.14967641866049,0.14967641866049,0,100
"house","R11","corncob","single",0.409256047873695,0.0853225119509277,0.452676356667069,0.13360637422652,0.218591779100859,0.0943881314009851,0.0929024071409352,NA,NA,NA,NA,10.32115,35.07,245.16,5.24,2.87,2.37,0.0300628132720281,0.00804399826699181,0.0259712877113299,0.0103099075097775,0.00879140188638653,0.00343859577100336,0.00430238052491138,NA,NA,NA,NA,0.377308265945109,0.83063259329893,8.27085328980113,0.441100551994324,0.273641732891381,0.227260807768244,100
"house","R11","fastancom","single",0.0557606837606838,0.0369151577913632,0.135439962084699,0.056554776748645,0.226854147762248,0.075510220952218,0.151475117583135,NA,-0.299913451546703,0.55558589238505,NA,0.0362100000000027,35.51,245.66,1.63,1.45,0.18,0.0186569640872813,0.0049332324965391,0.0255327622439435,0.006084386109087,0.0118173015066899,0.00458537117878957,0.00842065724235574,NA,0.01316653041409,0.00999115677562992,NA,0.000734612520690455,0.831998324590388,8.2772442103137,0.235554364395692,0.205172999188391,0.0519906751545919,100
"house","R11","ldm","single",0.0318015383309501,0.162565379230209,0.0906648442716554,0.238503092138706,0.434891529602279,0.0525823752871607,0.0682844694838756,NA,NA,NA,NA,17.20612,35.51,245.66,6.34,6.04,0.3,0.00739796689342741,0.0103802265846067,0.01342481299752,0.0118489108383385,0.0108082349889923,0.00183156833351474,0.00293686958305945,NA,NA,NA,NA,1.72685952071933,0.831998324590388,8.2772442103137,0.450189634566043,0.426619315554325,0.078495962709022,100
"house","R11","limma_logtss","single",0.0494137112887113,0.124745041776306,0.0811183258004465,0.181122999745219,0.422344046150451,0.050674831795431,0.0896336772725095,NA,-0.0848614106953752,0.483676034750176,0.918996833277595,0.04086,35.51,245.66,5.02,4.75,0.27,0.017716747672493,0.0122098671381696,0.0173328353006729,0.014690924450949,0.0165872358382984,0.0034562183640445,0.00541730504499901,NA,0.0151336342857148,0.00863415988865921,0.00360014227610329,0.000714781876738029,0.831998324590388,8.2772442103137,0.522035642577413,0.501990985471801,0.100357945234631,100
"house","R11","linda","single",0.0410616729761467,0.216255913780011,0.0708511615046983,0.292604051035285,0.500964787314775,0.0522131999350824,0.0658467820170151,NA,-0.0476060602261053,0.448350134122594,0.907092156909223,0.1781,35.51,245.66,8.46,8.01,0.45,0.00726367126871765,0.0102664592281608,0.00983891584735772,0.0118565897535445,0.00972693364930196,0.00200831838078862,0.00279412699134126,NA,0.00645479187445261,0.0075877744392908,0.00240670325175964,0.00514762865872057,0.831998324590388,8.2772442103137,0.488952704742235,0.458476837038699,0.0796139676086039,100
"house","R11","lm_logtss","single",0.0302518192591722,0.136194603840385,0.0776549861902803,0.18963066250176,0.427405205914753,0.0509540729241346,0.0887865254064242,NA,-0.0848614106953752,0.483676034750176,0.918369604214156,0.0392499999999999,35.51,245.66,5.55,5.2,0.35,0.00944326295934384,0.0125578205637008,0.0166626160342872,0.0146794201867127,0.0165555612942396,0.0036144218942038,0.00544244257094421,NA,0.0151336342857148,0.00863415988865921,0.00383334931032509,0.000391158600193128,0.831998324590388,8.2772442103137,0.56360581539895,0.523970852763257,0.139533855998094,100
"house","R11","locom","single",0.0544999722499723,0.0756934528870251,0.108424228549229,0.121538862451325,0.318090449789248,0.0494153196574929,0.0627514013317771,NA,-0.0979371401212484,1.022542759528,NA,160.95957,35.51,245.66,3.12,2.84,0.28,0.0145106003488725,0.00611867073372359,0.0181922328331608,0.00795173082445797,0.00894026426222941,0.00180176771729934,0.00259446850157663,NA,0.00548026222443414,0.0170276775719206,NA,5.35207664994815,0.831998324590388,8.2772442103137,0.282942689703349,0.248112063309296,0.0739642283182017,100
"house","R11","locom2","single",0.0575375180375181,0.0979500954352216,0.0831840659340659,0.128282072444714,0.322961265716896,0.0445232905019201,0.0768002008675293,NA,NA,NA,NA,27.98283,35.51,245.66,4,3.6,0.4,0.0100035845770953,0.00777747573091635,0.0110030847295849,0.0084637699620391,0.0090259784067619,0.00138978720343705,0.00284221408961386,NA,NA,NA,NA,1.21908222367973,0.831998324590388,8.2772442103137,0.34960294939005,0.311723783455349,0.0724743075339479,100
"house","R11","logistic_presence","single",0.0382373565976507,0.246617030347152,0.0916702415849407,0.34704598666112,0.51625677752567,0.0540170398515283,0.114517907351831,NA,-0.00190251918100159,0.891909381259334,NA,0.32798,35.38,244.19,9.38,8.9,0.48,0.00596703990729955,0.0101419021964117,0.00822496462366687,0.0112546435477075,0.00933719690220715,0.00176538002484843,0.00247550912157118,NA,0.00980640883336223,0.0437204734153966,NA,0.011939595275952,0.837116262154569,8.31268587549454,0.485918894175943,0.445062701291411,0.0834605090186764,100
"house","R11","maaslin3","abundance",0.09,0.000344827586206897,0.135,0.00691752177468046,0.138186747416189,0.0455027473703794,0.0675594091165081,0.0463859065621416,-0.147689141607399,0.928870316852061,NA,9.49364,22.23,245.2,0.1,0.01,0.09,0.0287623491264661,0.000344827586206897,0.0332233032491936,0.00173125635865038,0.00881159493264778,0.00154941843732513,0.00297662477658463,0.00620222232782348,0.0188728608913197,0.0219019952344324,NA,0.355493265366887,0.603500730167853,8.27092998569585,0.0301511344577764,0.01,0.0287623491264661,100
"house","R11","maaslin3","combined",0.0429563492063492,0.0370868140537388,0.0514478021978022,0.0761883842779003,0.422404934055588,0.0489902995005638,0.0796861004639945,NA,NA,NA,NA,9.49364,35.51,245.66,1.48,1.37,0.11,0.0160096724541254,0.00487469764890407,0.01612385918197,0.00676170935560467,0.00923631169484883,0.00167067765047655,0.00282750694946416,NA,NA,NA,NA,0.355493265366887,0.831998324590388,8.2772442103137,0.19923084423083,0.185676486329738,0.031446603773522,100
"house","R11","maaslin3","presence",0,0.047419982651887,0.0025,0.0942222664699898,0.650379071578544,0.0377879245404431,0.0712267912611794,0.0435652901020548,NA,NA,NA,9.49364,27.07,245.11,1.35,1.35,0,0,0.00634063853330994,0.00175881617670362,0.00889145964134153,0.0111744154715195,0.0012562156153618,0.0026720215083142,0.0081637498672637,NA,NA,NA,0.355493265366887,0.628812412810888,8.29234641648002,0.194039983383619,0.194039983383619,0,100
"house","R11","pursue","abundance",0.08,0.00303834117267377,0.121666666666667,0.00838415873723394,0.133526686085982,0.0483705831292634,0.0665147130495527,0.0404464807918335,-0.0744684607068558,0.898056279427877,0.948330822509221,10.40499,22.23,245.2,0.16,0.07,0.09,0.0272659924344291,0.00113573374337419,0.0317692826110482,0.0022355320623008,0.00876398139491615,0.00181736132121906,0.00295318654210257,0.00575393681355457,0.00905258315532011,0.020534254152959,0.00184251669491404,0.371592366671716,0.603500730167853,8.27092998569585,0.0394917201397452,0.0256432399976243,0.0320825954263823,100
"house","R11","pursue","combined",0.0566899766899767,0.0661861092838909,0.0877781564840388,0.098917077975928,0.327275049003379,0.043056292135145,0.0960285544905309,NA,NA,NA,NA,10.40499,35.51,245.66,2.74,2.6,0.14,0.0205285697436909,0.00742826201013433,0.0211298382943827,0.0101521439222333,0.01304943874427,0.00156780192513241,0.00501871943861984,NA,NA,NA,NA,0.371592366671716,0.831998324590388,8.2772442103137,0.322747047338402,0.309447209968963,0.042687494916219,100
"house","R11","pursue","presence",0.0251721195471195,0.118092634012568,0.0690134385719424,0.171802367540019,0.455672002064017,0.0380856388733843,0.119475874936124,0.03805338534015,NA,NA,NA,10.40499,27,244.19,3.68,3.55,0.13,0.0113612909395133,0.0125121589435984,0.0145509389606256,0.0155879651972256,0.0170468640902989,0.00143477057245745,0.00736526001927839,0.0079314327291617,NA,NA,NA,0.371592366671716,0.631656472293207,8.31268587549454,0.424949194824297,0.406357309059727,0.0418148878808117,100
"house","R11","wilcoxon_tss","single",0.0267809967809968,0.20054439996991,0.0619509469967472,0.294603678010989,0.517423699740441,0.0493915910172785,0.0719182475312981,NA,-0.0357851111878897,1.71314266016452,NA,0.16206,35.51,245.66,7.62,7.37,0.25,0.00571369792345858,0.00988713319007696,0.0073431255889504,0.0116348745611051,0.00986883655672976,0.00176840359193487,0.00275005566676963,NA,0.0274095344378552,0.057970001920946,NA,0.00478672026643409,0.831998324590388,8.2772442103137,0.446259425387828,0.430797944153484,0.053889149223572,100
"house","R11","zicoseq","single",0.0387991067240293,0.174894039293282,0.0808733695119884,0.24587683701235,0.465454810778396,0.0497170555128898,0.0642723176656087,NA,NA,NA,NA,70.04654,35.51,245.66,7.12,6.76,0.36,0.00751978195409555,0.0112912576263152,0.00950700926612866,0.0122033015960894,0.0099093978435781,0.00182916287641765,0.00215100223585449,NA,NA,NA,NA,2.15295014248924,0.831998324590388,8.2772442103137,0.5156696146906,0.488477329064616,0.0627967701672175,100
"house","R12","adapt","single",0.045,0.0101777714979527,0.107666666666667,0.017325196079371,0.198564182427238,0.0495894794288714,0.0636003937286304,NA,-0.0116628071974244,1.50256405879521,NA,0.407849999999999,24.3,236.54,0.35,0.28,0.07,0.0175450358457395,0.00214291085935696,0.0259482563764634,0.00317766085780039,0.007642650609928,0.00186407286023134,0.00217462562877763,NA,0.0203968005822594,0.0435947263355642,NA,0.0101558200957962,0.854754971091751,8.40719292804043,0.0672324476737388,0.0569954809479212,0.0256432399976243,100
"house","R12","aldex2","single",0,0,0,0.00134055408193339,0.167122132365598,0.00559344038653553,0.255471642720558,NA,-0.00271200653206132,0.585859967492836,NA,10.18495,24.3,236.54,0,0,0,0,0,0,0.000664493283641415,0.00669833632761766,0.000534441780775829,0.00346313654663481,NA,0.00186265694938327,0.0075909430164185,NA,0.377958034487075,0.854754971091751,8.40719292804043,0,0,0,100
"house","R12","ancombc2","single",0,0.000256410256410256,0,0.000256410256410256,0.0649422636841726,0.458714764008729,0.449632219722344,NA,0.0131054063628076,0.820272799603146,0.513311099045413,47.51672,24.3,236.54,0.01,0.00999999999999998,0,0,0.000256410256410256,0,0.000256410256410256,0.00512615799076645,0.00510525617958573,0.00426160385158409,NA,0.0162901924951218,0.0120756348208648,0.00490050322467796,2.08000293356825,0.854754971091751,8.40719292804043,0.01,0.00999999999999998,0,100
"house","R12","corncob","single",0.541083333333333,0.0275172353843934,0.627023698523699,0.0416508337387761,0.104073035357849,0.0895811752046701,0.0946506210425724,NA,NA,NA,NA,9.68171,24.22,236.4,2.33,0.52,1.81,0.0434860906062579,0.0048135234271527,0.0391853674369313,0.00595366974461711,0.00624117945904621,0.00345858343466053,0.00434713792960376,NA,NA,NA,NA,0.367425111257829,0.85180497601958,8.40461633613193,0.248248409314688,0.0784702221073431,0.208745652588856,100
"house","R12","fastancom","single",0,0.00197425371563303,0.0157142857142857,0.00361372415898278,0.172244404125677,0.0373789988501035,0.0982910245941116,NA,-0.0069334510854503,0.450011844560112,NA,0.0371699999999967,24.3,236.54,0.06,0.06,0,0,0.00080549698196724,0.0114672865173104,0.00139040701528764,0.00652967789786717,0.00283514812916469,0.00478352511275923,NA,0.0150061781116745,0.00832982372154306,NA,0.000783034114353814,0.854754971091751,8.40719292804043,0.0238683256575942,0.0238683256575942,0,100
"house","R12","ldm","single",0.055,0.00397321159584626,0.108666666666667,0.0124554877905838,0.16258223665317,0.0513465229200324,0.06428882856554,NA,NA,NA,NA,9.9819,24.3,236.54,0.17,0.1,0.07,0.0211953396821666,0.00149102302445064,0.0267449188561868,0.00281087492607962,0.00731404117895833,0.00189889135195252,0.00230930797439508,NA,NA,NA,NA,1.05527007501024,0.854754971091751,8.40719292804043,0.0493493012650993,0.0362371537669739,0.0256432399976243,100
"house","R12","limma_logtss","single",0.0244444444444444,0.00738212287496214,0.0826491228070175,0.0114089407208589,0.181794135585029,0.0500191133628086,0.0860070998191798,NA,0.00391491933415633,0.44899615695369,0.942197936570551,0.04003,24.3,236.54,0.27,0.21,0.06,0.0146948000758936,0.00244121738436789,0.0240305263098123,0.00318973343793839,0.00747510476526813,0.00314522455891973,0.00413685858784932,NA,0.0148574825066262,0.00859290086437986,0.00315385427239732,0.000340069808638572,0.854754971091751,8.40719292804043,0.100357945234631,0.0671121479617544,0.0422115882408869,100
"house","R12","linda","single",0.04,0.0101171043345145,0.0966666666666667,0.0187519719179115,0.183600650807836,0.0560796684994514,0.064546966646587,NA,-0.0105955973911213,0.41704499352665,0.928350793074168,0.17502,24.3,236.54,0.32,0.27,0.05,0.01836773631599,0.00239583622482634,0.0252017671694348,0.00403246106940642,0.00707546519604701,0.00197202592504162,0.00235441342199278,NA,0.00766661996997507,0.0078310503565266,0.00215292018145701,0.00621977913798011,0.854754971091751,8.40719292804043,0.0633731931983991,0.0583528106011228,0.021904291355759,100
"house","R12","lm_logtss","single",0.02,0.00694018469618186,0.0733333333333333,0.00956953451303167,0.180522456490656,0.0501762216231524,0.085383989966359,NA,0.00391491933415633,0.44899615695369,0.942272772296222,0.03876,24.3,236.54,0.27,0.2,0.07,0.0121439181269781,0.00244627697431327,0.0234700181261487,0.0028597020741343,0.00752400053904337,0.00306811677559136,0.00411911364567974,NA,0.0148574825066262,0.00859290086437986,0.00306279863854938,0.000402798292755143,0.854754971091751,8.40719292804043,0.110878038375232,0.0681649810860727,0.0517472489875334,100
"house","R12","locom","single",0.0225,0.0061771840939364,0.0791666666666667,0.00841184017859249,0.130697795265158,0.0508878238414944,0.0624181930244256,NA,-0.0204656780652775,1.00575614793836,NA,143.80493,24.3,236.54,0.17,0.13,0.04,0.014255514616095,0.00207996871545326,0.0243713035701917,0.00225833879127078,0.00736125262776549,0.00170094405112204,0.00228472242197908,NA,0.00605016767325823,0.0156439966251421,NA,6.4201564598175,0.854754971091751,8.40719292804043,0.0532859638121892,0.0418148878808116,0.0242878362539562,100
"house","R12","locom2","single",0.145,0.00448960390489626,0.201666666666667,0.00711686896104062,0.133763025120408,0.0421545804759205,0.0776107027063361,NA,NA,NA,NA,26.29584,24.3,236.54,0.3,0.11,0.19,0.0343820712551395,0.00148882864878938,0.0378501238346527,0.00182805210955953,0.00656308470379337,0.00141163651226531,0.00287123851893787,NA,NA,NA,NA,1.20691455186313,0.854754971091751,8.40719292804043,0.0627645914460848,0.034509550720186,0.0464823198711732,100
"house","R12","logistic_presence","single",0.06875,0.00988501017323484,0.122916666666667,0.018189716457062,0.184379353262556,0.0572326677195371,0.112575739525795,NA,-0.00417665519057931,0.717929238627616,NA,0.31659,24.12,234.75,0.38,0.27,0.11,0.0233937934227664,0.00239757949697701,0.0281999173670097,0.0031931336382247,0.00793222563268553,0.00175064435485229,0.00202695584870271,NA,0.00842281849716232,0.0341107645683176,NA,0.0125985015543175,0.858737621762493,8.44460708907696,0.0940449065311059,0.0649086382011772,0.0399368187885502,100
"house","R12","maaslin3","abundance",0.02,0,0.04,0,0.0721067583714411,0.049157587152048,0.0624672271184117,0.0418506198363596,-0.00991660327196201,0.907349397912379,NA,8.92073,16.14,236.45,0.02,0,0.02,0.014070529413629,0,0.0196946385566932,0,0.00586844699638649,0.0016590533642291,0.00228277286878482,0.00664073565041028,0.0145725747265154,0.0169799268413767,NA,0.339537150153475,0.635644904364413,8.40326265401262,0.014070529413629,0,0.014070529413629,100
"house","R12","maaslin3","combined",0.03,0.000753968253968254,0.04,0.00113858363858364,0.137693001436172,0.0527720107357109,0.0922607413628341,NA,NA,NA,NA,8.92073,24.3,236.54,0.06,0.02,0.04,0.0171446607997765,0.000548858486813519,0.0196946385566932,0.00066582001579886,0.00641389087216761,0.00165617090871132,0.00278175167679869,NA,NA,NA,NA,0.339537150153475,0.854754971091751,8.40719292804043,0.0277797979063414,0.014070529413629,0.0242878362539562,100
"house","R12","maaslin3","presence",0,0.0010230179028133,0,0.0010230179028133,0.252311245377069,0.0413123060943306,0.0724938194588976,0.0445312465312465,NA,NA,NA,8.92073,16.32,235.83,0.02,0.02,0,0,0.000727935382424124,0,0.000727935382424124,0.0106553364772866,0.00148687993810708,0.00255260007644359,0.00834923066115477,NA,NA,NA,0.339537150153475,0.603002588064198,8.42673780896321,0.014070529413629,0.014070529413629,0,100
"house","R12","pursue","abundance",0.07,0.001,0.155,0.00138461538461538,0.0691770562073345,0.0507130334673315,0.0634119596295275,0.0411899729635915,0.0031585243232139,0.888588139309985,0.948998876294596,9.93602,16.14,236.45,0.08,0.01,0.07,0.0256432399976243,0.001,0.0360239819110447,0.00106778227476992,0.00587803802883254,0.00168015692518674,0.00238119783436376,0.00735874268252447,0.00697148211469831,0.0163692002143468,0.00171456651001265,0.371067218986076,0.635644904364413,8.40326265401262,0.0272659924344291,0.01,0.0256432399976243,100
"house","R12","pursue","combined",0.04,0.000625,0.107666666666667,0.00347103773942009,0.11104829442271,0.0466021615777303,0.0867540622710773,NA,NA,NA,NA,9.93602,24.3,236.54,0.06,0.02,0.04,0.0196946385566932,0.000439704044175905,0.029975129983178,0.00125511429335118,0.00707035822965333,0.00173436387565709,0.00426921672012447,NA,NA,NA,NA,0.371067218986076,0.854754971091751,8.40719292804043,0.0238683256575942,0.014070529413629,0.0196946385566932,100
"house","R12","pursue","presence",0.03,0.00188382376361916,0.04,0.00780868573739418,0.176171778334317,0.0410050214434085,0.11085024881955,0.0344441946941947,NA,NA,NA,9.93602,16.24,234.75,0.07,0.04,0.03,0.0171446607997765,0.000939726546321898,0.01836773631599,0.00243295117628594,0.0109433840690036,0.00150909718758276,0.00665331011897831,0.00707515491801694,NA,NA,NA,0.371067218986076,0.602204703610413,8.44460708907696,0.0256432399976243,0.0196946385566932,0.0171446607997765,100
"house","R12","wilcoxon_tss","single",0.025,0.00482238069852167,0.0533333333333333,0.0102425748105821,0.193904354989345,0.0492068305565393,0.0680112648362334,NA,-0.00754462523417738,1.4654180481025,NA,0.15711,24.3,236.54,0.16,0.13,0.03,0.0148647097502641,0.00163568002874086,0.0209054308024742,0.00226748363577779,0.00774318267274578,0.00180066336159504,0.00256530706575167,NA,0.0212494209237494,0.0351237253547466,NA,0.00477095367719066,0.854754971091751,8.40719292804043,0.046536615322309,0.0418148878808116,0.0171446607997765,100
"house","R12","zicoseq","single",0.08,0.00796000836664133,0.144166666666667,0.0156430578195331,0.178075478200892,0.0503035041297787,0.0661712193512685,NA,NA,NA,NA,70.07821,24.3,236.54,0.29,0.2,0.09,0.0263235501581624,0.00196954778739069,0.0336027621319382,0.0029408767649908,0.00752073486472548,0.00186696236514254,0.00248365789604277,NA,NA,NA,NA,2.22210940612448,0.854754971091751,8.40719292804043,0.0555868598672293,0.0471404520791032,0.0287623491264661,100
"house","R13","adapt","single",0.0466050786436807,0.581798603233014,0.0965879680401837,0.634824609103115,0.705123307203871,0.049702916958782,0.0659060107688619,NA,0.147111644017784,1.79470599770087,NA,0.427859999999999,28.33,236.7,17.39,16.5,0.89,0.00522549801466533,0.0115788701993208,0.00701730757013135,0.0107975122831501,0.00872063640085571,0.00146739398174647,0.00251221016671822,NA,0.0246299883702422,0.0535376629074813,NA,0.0101933828803517,0.59950400374397,8.07001558332768,0.524528648436197,0.474714161736866,0.113613735120719,100
"house","R13","aldex2","single",0.00586111111111111,0.157202237733822,0.00836111111111111,0.197903503792243,0.569994081234969,0.0082616942617307,0.247708185478133,NA,-0.0426859314922799,1.23854106943925,NA,11.13891,28.33,236.7,4.78,4.74,0.04,0.00313074387950488,0.00969424505762916,0.00369094920861911,0.0110246397636581,0.010751230751986,0.000895885158188926,0.00327938490357769,NA,0.00606814031393018,0.0160964741331535,NA,0.398930949214791,0.59950400374397,8.07001558332768,0.325228746229077,0.322120499443323,0.0196946385566932,100
"house","R13","ancombc2","single",0.00396825396825397,0.227259310474718,0.00396825396825397,0.227259310474718,0.33359194422579,0.450699639862705,0.442960279421258,NA,-0.052535167560659,0.831495864806513,0.511164932055003,77.27213,28.33,236.7,6.75,6.72,0.03,0.00228272612114811,0.0113221891669015,0.00228272612114811,0.0113221891669015,0.0114174671551936,0.00570590353565298,0.00498168897247937,NA,0.0165187019273366,0.0121326637917851,0.00514227668064146,3.09474483335325,0.59950400374397,8.07001558332768,0.37561397549327,0.375265562534377,0.0171446607997765,100
"house","R13","corncob","single",0.260960822522836,0.296970394580944,0.338510418335611,0.364698851065717,0.416871736001703,0.0980872929193294,0.101900247429081,NA,NA,NA,NA,10.25804,27.16,235.51,11.63,8.08,3.55,0.0189150090407583,0.012684523252586,0.0172423412682602,0.0135809013380241,0.0119787359145857,0.00452313126679431,0.00554007601102376,NA,NA,NA,NA,0.369741667097284,0.632251068912828,8.1042387587352,0.65252501016351,0.390462041766682,0.366632229787824,100
"house","R13","fastancom","single",0.0353914208426592,0.323503733399863,0.0817839418352865,0.389770548422815,0.587160373352118,0.0528121072789581,0.1108731657315,NA,-0.185819369261101,0.586980829118689,NA,0.0342599999999959,28.33,236.7,10.24,9.77,0.47,0.00835146800090542,0.0164398800186386,0.0132077694992648,0.0172012322480919,0.0154768823071531,0.00425786161150141,0.00771976843205464,NA,0.0156733715974568,0.00965687353353994,NA,0.000476014599555021,0.59950400374397,8.07001558332768,0.611360463361523,0.573638924901036,0.0958270748944592,100
"house","R13","ldm","single",0.0662535033699411,0.525126216372543,0.119696907705809,0.591879679080886,0.676174605989148,0.0528485813365682,0.0717872931756784,NA,NA,NA,NA,39.26056,28.33,236.7,16.15,14.97,1.18,0.00859692348708901,0.0123401462373975,0.0103553618879268,0.0115893882663733,0.0104316936773832,0.00211694261287412,0.00315455624026454,NA,NA,NA,NA,2.73354851223671,0.59950400374397,8.07001558332768,0.543348205782694,0.472571944178072,0.189299612874257,100
"house","R13","limma_logtss","single",0.0551861539444704,0.440399577601429,0.110416406894975,0.511726261385429,0.647361908116439,0.0555250503921427,0.0956140705072397,NA,-0.0545622698833199,0.563281403431432,0.896858929026003,0.0409200000000001,28.33,236.7,13.72,12.76,0.96,0.00917397577976815,0.0146172753490392,0.0144470475041611,0.0148541564073994,0.0127039253923856,0.00419876771613728,0.00563675721140059,NA,0.016298092404013,0.0083595790819098,0.00429049562402299,0.00044214353901297,0.59950400374397,8.07001558332768,0.608538570609285,0.523415357401401,0.194842593812637,100
"house","R13","linda","single",0.0602590627731999,0.555421883567036,0.101132804773577,0.615465703146237,0.693350824849452,0.0533343064269227,0.0669259151824701,NA,-0.024532710705041,0.539640125201341,0.88999046760878,0.17816,28.33,236.7,16.84,15.81,1.03,0.00676327668705699,0.0124354576039468,0.0085012382962042,0.0116245317352509,0.00967421268384231,0.00198070039786388,0.00273101565871172,NA,0.0087573495117763,0.0080185626339493,0.00319993613586498,0.00565668854123376,0.59950400374397,8.07001558332768,0.523338158634385,0.487354225809258,0.122643443124425,100
"house","R13","lm_logtss","single",0.0559779122131721,0.458764529285945,0.111282434453086,0.524613989284629,0.651988763534544,0.0559819826377923,0.0959424097123328,NA,-0.0545622698833199,0.563281403431432,0.895991500921412,0.0385500000000001,28.33,236.7,14.32,13.27,1.05,0.0092379475000966,0.0148061134214624,0.0144618699443177,0.014837904511638,0.0125778441087944,0.00423799408679972,0.00568607800714915,NA,0.016298092404013,0.0083595790819098,0.00427788295143275,0.000398830360636775,0.59950400374397,8.07001558332768,0.63879305385748,0.538020126543289,0.218985263099016,100
"house","R13","locom","single",0.0439395479821176,0.349375685148749,0.073378784264075,0.393139206924877,0.543289835711177,0.0517981704390948,0.0614873275257947,NA,-0.0596740573014889,1.03573073794505,NA,144.66584,28.33,236.7,10.71,10.15,0.56,0.00681099305337243,0.0118937860983039,0.00784849356740479,0.0123878989564942,0.011679193333172,0.00180469106865396,0.00222811276838207,NA,0.00782704643428707,0.017102589704625,NA,5.60868952577241,0.59950400374397,8.07001558332768,0.467163155804708,0.430732286960593,0.0879853063949552,100
"house","R13","locom2","single",0.0689105801748991,0.349642768441022,0.0926478350310394,0.399144496670857,0.56332479334268,0.0451382608291366,0.076997536462907,NA,NA,NA,NA,26.9685,28.33,236.7,10.84,10.07,0.77,0.00922215821416436,0.0126500370498115,0.00899592794427417,0.0118377459950238,0.0112485153783754,0.00159774619878498,0.00354525486453361,NA,NA,NA,NA,1.20482450547368,0.59950400374397,8.07001558332768,0.487152103266702,0.449523878310949,0.103333333333333,100
"house","R13","logistic_presence","single",0.055266474133433,0.57944430386647,0.103398595753129,0.627984465479415,0.679726443067774,0.0550893617605601,0.116205930588157,NA,0.0108134548609385,1.18960712193919,NA,0.31987,28.23,235.27,17.45,16.34,1.11,0.00638901085356465,0.0120219748442236,0.00794622683619489,0.0117665137118169,0.0088038641610641,0.001677026696917,0.00209620842562112,NA,0.0133833773268489,0.061822559205513,NA,0.0119315273307505,0.606339405570407,8.11293835098411,0.548160376148986,0.471451658886324,0.160110441681214,100
"house","R13","maaslin3","abundance",0.0433333333333333,0.0778164452048353,0.0944761904761905,0.113117639527585,0.366264336526364,0.0440677757683583,0.0633704780630626,0.0424572927072927,-0.13171691809976,0.938578597846504,NA,9.62201,17.58,235.54,1.6,1.5,0.1,0.0154196807500422,0.00861712952470371,0.0191250494491958,0.00997919669807234,0.0156785751674744,0.00148158060933889,0.00260615451206286,0.0072241033755193,0.0198446753878502,0.0180299439361702,NA,0.354621231851391,0.533935266382423,8.1028916150503,0.174656950921086,0.171446607997765,0.0333333333333333,100
"house","R13","maaslin3","combined",0.0156119852369852,0.286917995525236,0.0329006717826377,0.355338663593769,0.674355083307261,0.0475005424913804,0.0833483600894993,NA,NA,NA,NA,9.62201,28.33,236.7,8.82,8.62,0.2,0.00377774237044691,0.0152257442256601,0.00552198502791446,0.0167444483480571,0.0109334560401263,0.00170150831857378,0.00270938493176754,NA,NA,NA,NA,0.354621231851391,0.59950400374397,8.07001558332768,0.526160093930017,0.506877946378862,0.0512470743190538,100
"house","R13","maaslin3","presence",0.00605020796197267,0.369778590717572,0.0137490964917436,0.456867544091079,0.868712418673821,0.0420040850546991,0.0711862458176157,0.100976828726829,NA,NA,NA,9.62201,20.64,236.15,8.1,8.03,0.07,0.00261992303255377,0.0185525860610063,0.00389833270533861,0.0200378146951465,0.00800907407184921,0.00144061240695516,0.00244596831855276,0.0138199030622194,NA,NA,NA,0.354621231851391,0.405148682023593,8.08825529625356,0.466558429006237,0.461104295921402,0.0293188669562103,100
"house","R13","pursue","abundance",0.0706666666666667,0.0792525506221293,0.112786435786436,0.110127838932682,0.360229978964665,0.047106968763989,0.0609406261043458,0.0479894411144411,-0.0231972574707994,0.90598787985522,0.945951438240593,10.2161,17.58,235.54,1.67,1.5,0.17,0.0203451144321435,0.00987554008847729,0.0201219700086756,0.0114833635643951,0.0168483443248059,0.00188680194915462,0.00258330955457212,0.00734731910413782,0.0102296481746528,0.0174855880640548,0.00188942682497576,0.384678784405531,0.533935266382423,8.1028916150503,0.210844861344913,0.197714210644832,0.0427702341505506,100
"house","R13","pursue","combined",0.0356473108142512,0.268578734679361,0.0758802672015907,0.326280176671153,0.51726063221648,0.0429828613315313,0.0874847399189133,NA,NA,NA,NA,10.2161,28.33,236.7,8.69,8.27,0.42,0.00749326533031053,0.0187271337699465,0.0102130691956252,0.0203598182540254,0.0175858750995151,0.00167255039683651,0.00396569753079538,NA,NA,NA,NA,0.384678784405531,0.59950400374397,8.07001558332768,0.670397891802572,0.628426767428156,0.0754515029202818,100
"house","R13","pursue","presence",0.0175382714264293,0.339191918932157,0.0654492117462745,0.398141666489585,0.59253423044551,0.0372604825999733,0.115242713912849,0.0388857947607948,NA,NA,NA,10.2161,20.63,235.27,7.76,7.46,0.3,0.0050483953963927,0.0251034711045119,0.0107084718159946,0.0267414294190264,0.0210955010674701,0.00165530854096923,0.00660137008644376,0.00746451225878859,NA,NA,NA,0.384678784405531,0.405431557078069,8.11293835098411,0.655222993886182,0.608096882233266,0.103961919990354,100
"house","R13","wilcoxon_tss","single",0.038254390780296,0.559537668669188,0.0921744926363636,0.620680173762959,0.697317321104076,0.0512782906825145,0.0697620830753606,NA,-0.0306698653494166,2.1410244069907,NA,0.15851,28.33,236.7,16.64,15.91,0.73,0.00611378423489258,0.0128986428946249,0.00834886943536189,0.0115399657628567,0.00905872726904678,0.00184294211503287,0.00288339155414548,NA,0.0309962165760115,0.0939611795666922,NA,0.00514849188470455,0.59950400374397,8.07001558332768,0.543375161059618,0.493205347853726,0.131698308434256,100
"house","R13","zicoseq","single",0.0452298084403146,0.519310667391615,0.0820722094805181,0.579970726801583,0.693615438599414,0.049768467023654,0.0674139639576112,NA,NA,NA,NA,65.41428,28.33,236.7,15.68,14.91,0.77,0.0052218038718059,0.0129514115003241,0.00643163581077082,0.0123579675088833,0.0101632179584045,0.00198553667401615,0.00256450822584313,NA,NA,NA,NA,1.86697103768958,0.59950400374397,8.07001558332768,0.539898980449963,0.503943038307492,0.0941254267432342,100
"house","R14","adapt","single",0.0526587301587302,0.18684464171451,0.0803592796092796,0.236035453384186,0.449006973216735,0.0465919537083945,0.0624315168561923,NA,0.0143657165797905,1.64087605539972,NA,0.437660000000006,25.84,238.45,5.14,4.85,0.29,0.0133960267687962,0.0105748844953229,0.0141674410312552,0.0110295177504627,0.00999947102495801,0.00156615405506674,0.00223802581974541,NA,0.0224324914140151,0.0493341115614312,NA,0.0100067373263817,0.800848035370991,8.16263196561382,0.307489015981864,0.290723583529445,0.0591095541679972,100
"house","R14","aldex2","single",0,0.0280422641369828,0,0.0431825369496556,0.354712944307283,0.00680618185884205,0.26056525706199,NA,-0.00907677676094083,0.811406955061847,NA,10.93417,25.84,238.45,0.79,0.79,0,0,0.00337691677649757,0,0.00429693385859296,0.0104555653017113,0.000653948396092769,0.00397807895483454,NA,0.0039655905820987,0.0113741224664834,NA,0.36024987345486,0.800848035370991,8.16263196561382,0.0977473552304381,0.0977473552304381,0,100
"house","R14","ancombc2","single",0,0.0368762021389842,0,0.0368762021389842,0.159129497170578,0.454279652619538,0.443117955896632,NA,-0.00452143521844872,0.825026867113958,0.513196759916393,68.43724,25.84,238.45,1.01,1.01,0,0,0.00441369840643,0,0.00441369840643,0.00645032107305608,0.00531121101782689,0.00476221003604228,NA,0.0171324092064653,0.0125716958780466,0.00504855153408127,2.92067155170751,0.800848035370991,8.16263196561382,0.120180840167784,0.120180840167784,0,100
"house","R14","corncob","single",0.367861000111,0.0980294137664905,0.460778072761432,0.136738815368303,0.223872940568441,0.0924720665523594,0.0934002750017399,NA,NA,NA,NA,10.18049,25.47,238.04,4.5,2.44,2.06,0.0316810149680782,0.00746938804115648,0.0287988023647708,0.00952739361794582,0.00887913770436333,0.00332061258361451,0.00459684839104309,NA,NA,NA,NA,0.365379641086093,0.806345415620954,8.16635027216423,0.350036073177112,0.191917490688898,0.218729111556794,100
"house","R14","fastancom","single",0.0160833333333333,0.0759066899031936,0.0316080586080586,0.100137872047106,0.367372008691691,0.041860811612727,0.105820841864113,NA,-0.110907025909661,0.503671793427545,NA,0.0349600000000029,25.84,238.45,2.22,2.16,0.06,0.00705940700574257,0.00701006650318611,0.00998698295859598,0.00838593562000698,0.0122785426957209,0.00291447523791008,0.00485458947463529,NA,0.0150818242476126,0.00865109649760334,NA,0.000455254396636618,0.800848035370991,8.16263196561382,0.213001636072817,0.207787770515393,0.0238683256575942,100
"house","R14","ldm","single",0.0281706349206349,0.14720148371332,0.0753724314900786,0.191379372903851,0.404609355369938,0.0512423143183801,0.0659405195743124,NA,NA,NA,NA,16.95232,25.84,238.45,4.17,3.96,0.21,0.00707803208059428,0.00961180148234536,0.0116415625779287,0.0104381570849886,0.00929902504292627,0.00166268553977666,0.00236599107337333,NA,NA,NA,NA,1.77482567497245,0.800848035370991,8.16263196561382,0.300859039445654,0.278132299018966,0.0498381217928443,100
"house","R14","limma_logtss","single",0.0319677128427129,0.118560830731792,0.0919334315413584,0.163206439650945,0.3851283826331,0.0553416027659529,0.0889295755181988,NA,-0.0465361207966621,0.497651067667562,0.916340612774313,0.04304,25.84,238.45,3.54,3.24,0.3,0.0085405160708886,0.00887493002971616,0.017155051592546,0.0109556267343003,0.0116215566543032,0.00433986730283871,0.00574005524465086,NA,0.0164800895943567,0.0088032932237886,0.00424957241454947,0.00055156709712076,0.800848035370991,8.16263196561382,0.326109605420439,0.265192897203663,0.0937436866561092,100
"house","R14","linda","single",0.0561316738816739,0.177017782347126,0.107791958041958,0.228559002923173,0.434342798422981,0.0530906691288536,0.0614172076153415,NA,-0.00720135973577033,0.464994280690438,0.910183705246162,0.18523,25.84,238.45,4.79,4.51,0.28,0.0141654212218242,0.00999400676756853,0.0158342468470728,0.0115199549957709,0.0108142092578932,0.00204679934151503,0.00211900716062865,NA,0.00730794982588605,0.00737617204111538,0.00254055855406877,0.00567927038634475,0.800848035370991,8.16263196561382,0.280077550588108,0.263041648966298,0.0569954809479212,100
"house","R14","lm_logtss","single",0.0387871572871573,0.123560906053971,0.0998924568782581,0.169204185402788,0.387481880710924,0.0553609406397849,0.0883191340125974,NA,-0.0465361207966621,0.497651067667562,0.916597772683533,0.0419099999999999,25.84,238.45,3.78,3.39,0.39,0.0103557408516916,0.0093034586990935,0.0172343167985648,0.0109559011740012,0.0114395568648777,0.00429916251951867,0.0057663495994942,NA,0.0164800895943567,0.0088032932237886,0.00426230353605084,0.000561040699652587,0.800848035370991,8.16263196561382,0.372699678702639,0.280293857343764,0.14276844288157,100
"house","R14","locom","single",0.0265357142857143,0.084039032471713,0.0758708513708514,0.117812624485271,0.317429047210093,0.0502118435862825,0.0615119135256871,NA,-0.0232811397083876,1.01686905453916,NA,153.70185,25.84,238.45,2.44,2.31,0.13,0.00894569137901642,0.00688307891058543,0.0133751970626521,0.00827278759371431,0.00910825566358415,0.00150431462532361,0.00247598322630014,NA,0.00641395207471381,0.0162617954760488,NA,5.23482404171836,0.800848035370991,8.16263196561382,0.213352271886643,0.19832378382918,0.0393251147037698,100
"house","R14","locom2","single",0.0582391774891775,0.0939968449399512,0.124710545302651,0.121691734403248,0.324524677358632,0.0424664024969193,0.0756802291161534,NA,NA,NA,NA,26.41624,25.84,238.45,2.85,2.5,0.35,0.0123312616885235,0.00772019653117028,0.0185836149852406,0.00844690184182506,0.00891697841102198,0.00145125385106187,0.00288242873228759,NA,NA,NA,NA,1.14919773431272,0.800848035370991,8.16263196561382,0.269820366731332,0.221336619179699,0.0757121075675697,100
"house","R14","logistic_presence","single",0.0567653735153735,0.188875747909475,0.096710150960151,0.246838389399287,0.439025374223063,0.0542828083421608,0.117292075488987,NA,-0.00784387783068351,0.860354446257318,NA,0.32867,25.75,236.83,5.1,4.83,0.27,0.015641424883271,0.0100324092258443,0.0139522971496511,0.011345638313414,0.00959995607944134,0.00177686812736257,0.00215905016860752,NA,0.00927516003015852,0.0455575207553859,NA,0.0123392455526293,0.801812970962706,8.18838861320151,0.3,0.284642252874046,0.0547814758929522,100
"house","R14","maaslin3","abundance",0.0166666666666667,0.0124910285344395,0.0666666666666667,0.0168791361552702,0.177789997085141,0.0460849722205438,0.0631870588357312,0.0355352147852148,-0.0418336582844592,0.924128994549391,NA,9.42447,17.02,238.07,0.25,0.22,0.03,0.0119623427094212,0.00253825755957661,0.0235702260395516,0.00286548902268203,0.0106817023627775,0.00154507531780905,0.00191963958987448,0.00745494184193985,0.0192131997248664,0.0176285264962426,NA,0.353653259807862,0.620846603478271,8.16550090628279,0.05,0.0416333199893227,0.0222701503353614,100
"house","R14","maaslin3","combined",0.025,0.0502739267069185,0.0597619047619048,0.0695425439987212,0.377870844433624,0.0495127836715611,0.0840033370242842,NA,NA,NA,NA,9.42447,25.84,238.45,1.4,1.35,0.05,0.013268994601434,0.00491938205011817,0.0186810721034644,0.00648950508354108,0.00986033666268621,0.00173027395589015,0.00281899426158831,NA,NA,NA,NA,0.353653259807862,0.800848035370991,8.16263196561382,0.138534902432272,0.13734495390671,0.0261116483933547,100
"house","R14","maaslin3","presence",0,0.0619383521479237,0,0.0795309333852595,0.576453576330283,0.0383820841999504,0.0687351846251201,0.0778471386889754,NA,NA,NA,9.42447,17.96,237.85,1.15,1.15,0,0,0.00682715341040283,0,0.00774399918201812,0.0113060605463011,0.00142625439458964,0.00256543752907893,0.0142034221119282,NA,NA,NA,0.353653259807862,0.570649107631304,8.18061733611834,0.132859004781442,0.132859004781442,0,100
"house","R14","pursue","abundance",0.0666666666666667,0.0147293036863975,0.125416666666667,0.0249590082917785,0.179014294954604,0.0482942304441544,0.0636069015022041,0.0405782869091693,-0.0045487654031793,0.899115285391873,0.948291638295944,10.43936,17.02,238.07,0.37,0.28,0.09,0.0235702260395516,0.0028866096024294,0.0293105816935517,0.00405985324678501,0.0102204371342726,0.00173515301761366,0.0020207031014511,0.0077520039288247,0.00819583715083378,0.0167548759250243,0.0018113688877459,0.375815184140161,0.620846603478271,8.16550090628279,0.0661418738375885,0.0551947882183151,0.0320825954263824,100
"house","R14","pursue","combined",0.0451666666666667,0.0607727310533779,0.0930097402597403,0.0999019383498914,0.291884790089696,0.0452031183790143,0.0863104761209792,NA,NA,NA,NA,10.43936,25.84,238.45,1.79,1.64,0.15,0.0163784764046545,0.00727632064314366,0.0202780550121709,0.00924967731797898,0.010511718945617,0.00152232173254034,0.00392704117901769,NA,NA,NA,NA,0.375815184140161,0.800848035370991,8.16263196561382,0.22124304474601,0.203266258186576,0.0479372485441102,100
"house","R14","pursue","presence",0.0469404761904762,0.108546096391283,0.0624372294372294,0.139456346535722,0.382441823570183,0.0387410086404579,0.109983456419979,0.0518182214610786,NA,NA,NA,10.43936,17.94,236.83,2.14,2,0.14,0.0182350445780611,0.0123640329388023,0.0191352944300819,0.0135276314894063,0.0154701727396337,0.0014482071827118,0.00652834851139297,0.0120611412845452,NA,NA,NA,0.375815184140161,0.56974564588955,8.18838861320151,0.242053504394997,0.232683076611545,0.0492776098069177,100
"house","R14","wilcoxon_tss","single",0.0428740981240981,0.168979458691466,0.0649628149628149,0.221710735931185,0.45049854214741,0.0478102926798267,0.0648047158729165,NA,-0.0332176980514264,1.58968358319259,NA,0.16539,25.84,238.45,4.59,4.38,0.21,0.0126154722820796,0.00988819567950292,0.0128270843096846,0.0107344414981044,0.00978898954901025,0.00160071955307326,0.00278091549334397,NA,0.0243708757605127,0.0549114071445845,NA,0.00496909428163705,0.800848035370991,8.16263196561382,0.293737668986833,0.280612605460685,0.0477683805651624,100
"house","R14","zicoseq","single",0.0631173271173271,0.153109101891534,0.0901350732600733,0.21140491932423,0.438473071679016,0.0480405758113237,0.0611611706598224,NA,NA,NA,NA,68.47196,25.84,238.45,4.52,4.17,0.35,0.0139573726551613,0.00971506879069723,0.0142648757074854,0.0116345239950837,0.00978032485225314,0.0016923343665243,0.0021546863387857,NA,NA,NA,NA,2.06730182614631,0.800848035370991,8.16263196561382,0.327364745761783,0.298161030317511,0.0657128740672771,100
"house","R15","adapt","single",0.03,0.00675836477365713,0.105,0.00792740814858286,0.100571094425675,0.0485936327069623,0.0628091770397677,NA,0.0153246564277944,1.45363394181322,NA,0.391770000000001,24.1,235.23,0.13,0.1,0.03,0.0171446607997765,0.0023445684613197,0.0303972021572693,0.00238097392022792,0.00701524576761529,0.00166402509381153,0.00273668810399342,NA,0.0191592846419106,0.0374655135283844,NA,0.00935122586897178,0.937059660897217,8.71622027943282,0.0337997668989631,0.0301511344577764,0.0171446607997765,100
"house","R15","aldex2","single",0,0.00377284454675759,0,0.00377284454675759,0.105418416611313,0.00665876367972474,0.260590119069707,NA,-0.00521646805760746,0.675222587036986,NA,10.53513,24.1,235.23,0.07,0.07,0,0,0.00151094389673162,0,0.00151094389673162,0.00715329167895117,0.00054773134503942,0.00358647939055088,NA,0.00250803920928875,0.00689292490557223,NA,0.395234825136918,0.937059660897217,8.71622027943282,0.0256432399976243,0.0256432399976243,0,100
"house","R15","ancombc2","single",0,0,0,0,0.142475654342976,0.456158044547567,0.447475861881373,NA,-0.00194959685203611,0.826735471697212,0.511720253840765,43.70455,24.1,235.23,0,0,0,0,0,0,0,0.0072972471962423,0.0052821496864731,0.00506968082201454,NA,0.0164359419139161,0.0123625676361756,0.00494133297463553,1.83987036029771,0.937059660897217,8.71622027943282,0,0,0,100
"house","R15","corncob","single",0.49131746031746,0.0362479253977532,0.548555916305916,0.0518393826630938,0.129602448743421,0.0916401941620746,0.0973060486215215,NA,NA,NA,NA,9.77804,24.08,235.16,2.45,0.72,1.73,0.0421264262787237,0.00608429029370745,0.0396814878790766,0.00842959925315077,0.00758436881779933,0.00407881774418645,0.00530444110238011,NA,NA,NA,NA,0.384597515427137,0.936755630413349,8.71503658203812,0.255988872864238,0.0995748538294257,0.200431353018252,100
"house","R15","fastancom","single",0,0.00318801355624709,0.01,0.00318801355624709,0.107741579004325,0.0323005881623028,0.0865664751911943,NA,-0.0201593739898543,0.49658639054604,NA,0.0346099999999979,24.1,235.23,0.07,0.07,0,0,0.00131345596559175,0.01,0.00131345596559175,0.0066567495094701,0.00167119755952645,0.00397898348419603,NA,0.0122852512205237,0.00776459165745098,NA,0.000742218215073377,0.937059660897217,8.71622027943282,0.0256432399976243,0.0256432399976243,0,100
"house","R15","ldm","single",0.025,0.0063855188296905,0.0758333333333333,0.0122967649111952,0.142205300547809,0.0492140017387001,0.0671547469082659,NA,NA,NA,NA,9.68889,24.1,235.23,0.16,0.13,0.03,0.0148647097502641,0.00203143174748036,0.0253785868628654,0.00306255157242074,0.00806950192771794,0.00165375494330657,0.0028613550781768,NA,NA,NA,NA,1.00107159875674,0.937059660897217,8.71622027943282,0.0394917201397452,0.0337997668989631,0.0171446607997765,100
"house","R15","limma_logtss","single",0.015,0.00355724432547786,0.0533333333333333,0.00572655649479003,0.104065416136469,0.0510863729972576,0.0847987704679624,NA,-0.0145676768364045,0.50321870178256,0.903252441868005,0.04012,24.1,235.23,0.09,0.07,0.02,0.0111350751676807,0.00146153555494377,0.0216957846299015,0.00213268073994242,0.0077916977852886,0.00345347219681707,0.00460030378056582,NA,0.0150794678224256,0.0082347073145159,0.00322019332194758,0.000380663960081681,0.937059660897217,8.71622027943282,0.0320825954263823,0.0256432399976243,0.014070529413629,100
"house","R15","linda","single",0.01,0.00608058699587935,0.0533333333333333,0.00814756253217537,0.109917638081375,0.0520336846433148,0.0653563421138007,NA,-0.0104399369622173,0.478087395552171,0.888521441218915,0.17077,24.1,235.23,0.1,0.09,0.01,0.01,0.00227803950303829,0.0220803552403961,0.00246575591603978,0.00719383037144578,0.00182944497374357,0.00277568020166878,NA,0.00764513687009373,0.00729195506890374,0.00232595537526344,0.00511521507392654,0.937059660897217,8.71622027943282,0.0301511344577764,0.0287623491264661,0.01,100
"house","R15","lm_logtss","single",0.03,0.00539472841002077,0.078,0.00788552549513834,0.10734095492645,0.0509039584969872,0.0847595876716916,NA,-0.0145676768364045,0.50321870178256,0.903363128597148,0.0379199999999999,24.1,235.23,0.12,0.09,0.03,0.0171446607997765,0.00204898909371159,0.0256857465485739,0.00247249040097586,0.00787100342209525,0.00355899711336477,0.00450183051215258,NA,0.0150794678224256,0.0082347073145159,0.00339390621093847,0.000285572259072051,0.937059660897217,8.71622027943282,0.032659863237109,0.0287623491264661,0.0171446607997765,100
"house","R15","locom","single",0.03,0.00628633357383358,0.0566666666666667,0.00810828290586355,0.142660313659415,0.0496880319709235,0.062785933686282,NA,-0.0108228345538921,1.00721215588708,NA,140.92741,24.1,235.23,0.16,0.11,0.05,0.0171446607997765,0.00259872447926452,0.0227488113427585,0.00275770617398027,0.00804892723687055,0.00172492255701241,0.00264244056864709,NA,0.00610748675296562,0.0173695351547868,NA,6.16941152418662,0.937059660897217,8.71622027943282,0.046536615322309,0.034509550720186,0.0329523684408054,100
"house","R15","locom2","single",0.123333333333333,0.00598323936505985,0.151666666666667,0.00811892192962173,0.142251345111879,0.0427207827682651,0.0766431265981042,NA,NA,NA,NA,27.25948,24.1,235.23,0.3,0.14,0.16,0.0319247853429263,0.0018905201928973,0.0332570676353044,0.00207142848024055,0.00762968314235749,0.00174184855886028,0.00327692462968211,NA,NA,NA,NA,1.35197930147326,0.937059660897217,8.71622027943282,0.0611340636419152,0.0402517331328978,0.041971611377408,100
"house","R15","logistic_presence","single",0.085,0.00230561189993239,0.135,0.00267598227030276,0.0628973610360379,0.054474252453827,0.116014127068996,NA,-0.00154824882392548,0.747336185882118,NA,0.30733,23.92,233.69,0.13,0.04,0.09,0.0275745087962331,0.00130865906724233,0.0332233032491936,0.00135370293922974,0.00520957515979508,0.00181776741241669,0.00225329304386799,NA,0.00837580522901068,0.0345158982123698,NA,0.0115028854965819,0.941595465262031,8.74914939588502,0.0366666666666667,0.0196946385566933,0.0287623491264661,100
"house","R15","maaslin3","abundance",0,0.00242597402597403,0.015,0.00507982017982018,0.155728046179314,0.0476971954039082,0.0651743627070655,NA,0.0252324856539691,0.917123011662344,NA,8.86818,24.08,235.16,0.06,0.06,0,0,0.000974633384440569,0.0111350751676807,0.00180651566832188,0.00826122762656204,0.00153508963016628,0.0026209160884964,NA,0.0190758416618496,0.0182790330277127,NA,0.355047608809315,0.936755630413349,8.71503658203812,0.0238683256575942,0.0238683256575942,0,100
"house","R15","maaslin3","combined",0,0.00342597402597403,0.04,0.0066286611439535,0.145117013821935,0.0482335918145491,0.0890366800583204,NA,NA,NA,NA,8.86818,24.1,235.23,0.07,0.07,0,0,0.00137873153941722,0.01836773631599,0.00199726481495278,0.00791006194563099,0.00143110677970203,0.0029225575013279,NA,NA,NA,NA,0.355047608809315,0.937059660897217,8.71622027943282,0.0256432399976243,0.0256432399976243,0,100
"house","R15","maaslin3","presence",0,NA,0.01,NA,NA,0.0387242520672138,0.0705405481193743,0.050162242728203,NA,NA,NA,8.86818,0,234.57,0,NA,0,0,NA,0.01,NA,NA,0.00146123795226919,0.00260480813248742,0.00495321380511901,NA,NA,NA,0.355047608809315,0,8.73971840380328,0,NA,0,100
"house","R15","pursue","abundance",0.03,0.00680635420346704,0.0725,0.0114069959927498,0.157829063627015,0.0493979274206371,0.0660126965559813,NA,0.00553903854819645,0.892463211477009,0.948729802720929,9.73865,24.08,235.16,0.21,0.17,0.04,0.0156023826204315,0.00182394082247797,0.0236491078696492,0.00253966536725307,0.00794332391360738,0.00164626086297063,0.00272791935368695,NA,0.00770638885878619,0.0170955683897474,0.001503825712553,0.365759839066207,0.936755630413349,8.71503658203812,0.0498381217928443,0.0427702341505507,0.0196946385566932,100
"house","R15","pursue","combined",0.035,0.00438408989370274,0.055,0.00680635420346704,0.128575482523905,0.0432162065906131,0.0886739032050351,NA,NA,NA,NA,9.73865,24.1,235.23,0.14,0.1,0.04,0.0177738316327429,0.00155536164707625,0.0211953396821666,0.00182394082247797,0.00770965085475007,0.00156217160174801,0.0047819779883995,NA,NA,NA,NA,0.365759839066207,0.937059660897217,8.71622027943282,0.0402517331328978,0.0333333333333333,0.0196946385566932,100
"house","R15","pursue","presence",0.02,NA,0.06,NA,NA,0.0386029225942367,0.111850266509074,0.0346719113787973,NA,NA,NA,9.73865,0,233.69,0.02,NA,0.02,0.014070529413629,NA,0.0238683256575942,NA,NA,0.00158249917104262,0.00705099718262783,0.00437457607182507,NA,NA,NA,0.365759839066207,0,8.74914939588502,0.014070529413629,NA,0.014070529413629,100
"house","R15","wilcoxon_tss","single",0.01,0.0052287832440756,0.04,0.00665926452749806,0.0976754298261764,0.0487761678631525,0.0649125654718529,NA,0.0278524225654834,1.45811138917204,NA,0.153,24.1,235.23,0.1,0.09,0.01,0.01,0.00187555721754665,0.0196946385566932,0.00197883152267823,0.00681114571649108,0.00148709127234624,0.00275498236404172,NA,0.0234029345286645,0.0361244788526388,NA,0.00451770926130677,0.937059660897217,8.71622027943282,0.0301511344577764,0.0287623491264661,0.01,100
"house","R15","zicoseq","single",0.0433333333333333,0.0113027474344191,0.0543333333333333,0.0154947632645928,0.13392974242935,0.0478994767784019,0.0657806990241867,NA,NA,NA,NA,65.65299,24.1,235.23,0.26,0.21,0.05,0.0199071920746321,0.00311370345116498,0.0211438077474377,0.00335900541531545,0.0082518163107415,0.00151855416028749,0.0025041436588126,NA,NA,NA,NA,2.03223598518822,0.937059660897217,8.71622027943282,0.0561743318211757,0.0498381217928443,0.021904291355759,100
"house","R16","adapt","single",0.0403077237090395,0.198767440348183,0.0973583758806366,0.287072196760946,0.566070055533686,0.0508697779629259,0.0642801824694084,NA,-0.0460214997602383,1.49669303266671,NA,0.434999999999996,28.2,241.46,6.28,5.97,0.31,0.0082158969073708,0.0131382489042514,0.014209100861906,0.0148590199052118,0.0118068595093732,0.00178454629344606,0.0025387793451466,NA,0.0190596164680664,0.0405772303678842,NA,0.0108459739772484,0.819706771912488,8.3814178786507,0.463643889818098,0.442548861652016,0.0614554121031474,100
"house","R16","aldex2","single",0,0.00940195192591449,0,0.0184298050085464,0.42104777898862,0.00562360214676329,0.255143392233985,NA,0.0561935669392872,0.516561743967449,NA,11.04883,28.2,241.46,0.31,0.31,0,0,0.00234807343352052,0,0.00328835915803387,0.0118749168699418,0.000585823883436033,0.00321421953220945,NA,0.00404128821622998,0.00663298705083742,NA,0.386658255931252,0.819706771912488,8.3814178786507,0.0787464926267202,0.0787464926267202,0,100
"house","R16","ancombc2","single",0,0.00536286672646904,0,0.00536286672646904,0.076636377278048,0.458112153507361,0.445507219923307,NA,0.0229357636199346,0.8105164564461,0.513728633191402,66.74827,28.2,241.46,0.16,0.16,0,0,0.00157624182385836,0,0.00157624182385836,0.0046508308716274,0.00542812450633001,0.00497820617267183,NA,0.0168526532312324,0.0127865077966002,0.00540403156346307,2.83983119746081,0.819706771912488,8.3814178786507,0.046536615322309,0.046536615322309,0,100
"house","R16","corncob","single",0.378680735930736,0.0346615683146726,0.499769536019536,0.0542628109206023,0.152359563978395,0.0803659726058788,0.0893733825541047,NA,NA,NA,NA,9.98437,27.88,241.11,2.15,0.83,1.32,0.0408933365733316,0.00560054843871684,0.0383654867706384,0.00772744863043204,0.00704029513412877,0.00332291036953841,0.00372873685415063,NA,NA,NA,NA,0.365284643032462,0.814673510857527,8.37586594347297,0.261454749160511,0.118964386488248,0.175740856049037,100
"house","R16","fastancom","single",0.00583333333333333,0.0445891331333156,0.0174812197606315,0.0815468917854899,0.435796662500465,0.0365903623513481,0.0989561900087297,NA,-0.0963960547281627,0.443224322913653,NA,0.0344499999999994,28.2,241.46,1.46,1.44,0.02,0.00414641543296869,0.00520995063718178,0.00563400372134777,0.00864924308607288,0.0136764541027947,0.00277028824290685,0.0052909826668885,NA,0.0151638646672241,0.00921650509902859,NA,0.000560190263494042,0.819706771912488,8.3814178786507,0.180022445289694,0.178274558425531,0.014070529413629,100
"house","R16","fastemu","single",0.144,0.0134376124211786,0.171666666666667,0.022210557822031,0.247593746680505,0.0521142660014716,0.132033704506194,NA,-0.0729628902989107,1.43413297744246,0.861012207892146,725.782,27.76,241.76,0.88,0.44,0.44,0.0568858506133116,0.00507963485045334,0.054343727703763,0.00738008395910748,0.0179231294678189,0.00489878206916944,0.00787808103706703,NA,0.0241643662369477,0.0406169930681161,0.00815228152140085,88.4699393214629,1.61377404448909,17.2261700134805,0.333266659998666,0.173973178009332,0.192180470738661,25
"house","R16","ldm","single",0.0336987734487734,0.0899036540200023,0.0652712842712843,0.146494665196847,0.440456393610088,0.0478771081174107,0.0652230192311828,NA,NA,NA,NA,9.30974,28.2,241.46,2.72,2.59,0.13,0.0103544062022203,0.00782197538008592,0.014010417485738,0.00925313940834771,0.0104232154608281,0.00183206364095416,0.00243708158517391,NA,NA,NA,NA,1.00518390142342,0.819706771912488,8.3814178786507,0.251893836864869,0.242084800235476,0.0366666666666667,100
"house","R16","limma_logtss","single",0.0287510822510822,0.0985755053818227,0.0605587906245801,0.154465047210858,0.469394560185074,0.0492943518207184,0.0889966706276128,NA,-0.00345548900554136,0.435804973800637,0.950705648179282,0.0438600000000001,28.2,241.46,3.25,3.04,0.21,0.00898084835975177,0.00978018469641792,0.014427566035715,0.0124353141459783,0.0133802303449489,0.00336074989054094,0.00430821557116053,NA,0.0154153633276417,0.00804808263800084,0.00336074989054094,0.000700651933068848,0.819706771912488,8.3814178786507,0.384911113968622,0.337225758389261,0.0742572650596655,100
"house","R16","linda","single",0.0330936090053737,0.165166446151088,0.0691924865640036,0.251620316995255,0.527745656804118,0.054706323538958,0.0623496375773954,NA,-0.0183045272071752,0.400418683170029,0.942168416609214,0.231169999999999,28.2,241.46,5.12,4.89,0.23,0.00791252673882993,0.0113323907746806,0.0101557604960253,0.0134819013636553,0.0127639057897099,0.00229621112223558,0.00223817253790332,NA,0.0070908454314879,0.00706543599312395,0.00237106859838784,0.0278549092747952,0.819706771912488,8.3814178786507,0.402587590068009,0.385047550520213,0.0509604719068583,100
"house","R16","lm_logtss","single",0.0218253968253968,0.101602592429488,0.0644599034006929,0.165765460597206,0.47529775410774,0.0490359217714589,0.088746146987483,NA,-0.00345548900554136,0.435804973800637,0.950964078228541,0.0426399999999999,28.2,241.46,3.25,3.09,0.16,0.00793676880541538,0.00929429188942464,0.0146478189882253,0.0133243162515837,0.0135363738432248,0.00329776498023602,0.00440151314357823,NA,0.0154153633276417,0.00804808263800084,0.00329776498023603,0.000703457550426832,0.819706771912488,8.3814178786507,0.36080017693561,0.321955828578324,0.0646982116125213,100
"house","R16","locom","single",0.03,0.0328757999444453,0.0795952380952381,0.0588528588618207,0.277041975127368,0.0488916204733598,0.0678644127033698,NA,-0.0505830057137442,0.944398219469101,NA,131.61405,25.06,212.41,0.86,0.8,0.06,0.0138898989531707,0.00507226115833359,0.0214550169506684,0.00630678170722185,0.0104475413236006,0.00176969893392077,0.0029393558329985,NA,0.00738217795194591,0.0173225864312244,NA,6.53528681302975,0.978229693545096,9.25713587706612,0.129505664631773,0.124721912892465,0.0277797979063414,100
"house","R16","locom2","single",0.08825,0.0486032826204661,0.133896825396825,0.0702843875868244,0.28686293757033,0.041435906755679,0.0772272351393774,NA,NA,NA,NA,27.03224,28.2,241.46,1.61,1.33,0.28,0.0180445168276152,0.00583328906897983,0.0213690117449566,0.00708944344207397,0.00858468507111617,0.00164636103067296,0.00284437127830512,NA,NA,NA,NA,1.19908349993744,0.819706771912488,8.3814178786507,0.180288769489507,0.150457215637449,0.0533333333333333,100
"house","R16","logistic_presence","single",0.0588684160696545,0.258659903312018,0.126531036565624,0.378162936500343,0.605236589861895,0.0569588786685188,0.115469433786489,NA,-0.0170366965010657,0.695174265451612,NA,0.33231,28.08,240,8.22,7.67,0.55,0.00978019667974608,0.0123513508213988,0.0135695176023376,0.0150394176188904,0.0108066523355109,0.00186767763267233,0.00238932408811386,NA,0.00789449180762121,0.0345886081116918,NA,0.0117794693420289,0.824949340348493,8.40327016672376,0.491458353404755,0.455062433279015,0.0868936421753919,100
"house","R16","maaslin3","abundance",0.03,NA,0.09,NA,NA,0.0460864566670633,0.0601722304719438,0.0408624577951653,-0.020580941820827,0.899743960607955,NA,9.57654,0,241.02,0.03,NA,0.03,0.0171446607997765,NA,0.0287623491264661,NA,NA,0.00129071456494352,0.00231855694114118,0.00395902750252888,0.0144829222751646,0.0177025002546935,NA,0.36716552494905,0,8.37677139415294,0.0171446607997765,NA,0.0171446607997765,100
"house","R16","maaslin3","combined",0.0186666666666667,0.0370968607621551,0.0456309523809524,0.0693512409780533,0.429917927897072,0.0508290218377013,0.0867916172614044,NA,NA,NA,NA,9.57654,28.2,241.46,1.17,1.12,0.05,0.0113837263490136,0.00515531942606944,0.0161372403698027,0.00762453010658123,0.0116311442455141,0.00156468510479449,0.00320672932664242,NA,NA,NA,NA,0.36716552494905,0.819706771912488,8.3814178786507,0.166396751133785,0.161608080606051,0.0261116483933547,100
"house","R16","maaslin3","presence",0,0.0442455589771968,0.0192168746286393,0.0866594310195366,0.602407102559135,0.0395721226352919,0.0720583758371472,NA,NA,NA,NA,9.57654,28.11,240.8,1.36,1.36,0,0,0.00604544612273267,0.0106109397172599,0.00968281245241134,0.010453367137635,0.00172104711807906,0.00283361549530857,NA,NA,NA,NA,0.36716552494905,0.823505073488079,8.39012165669494,0.196185852927495,0.196185852927496,0,100
"house","R16","pursue","abundance",0.06,NA,0.13,NA,NA,0.0468816345019792,0.0607538951779712,0.0425372162881695,-0.00619677152259387,0.879289490473593,0.9525376654276,10.42558,0,241.02,0.07,NA,0.07,0.0238683256575942,NA,0.0337997668989631,NA,NA,0.00131486442117824,0.00225785169865142,0.00369424829499845,0.00435088269331277,0.0171959374203826,0.00150077345039261,0.363956359127705,0,8.37677139415294,0.0293188669562103,NA,0.0293188669562103,100
"house","R16","pursue","combined",0.0298730158730159,0.0742514851800756,0.0874339630957278,0.113223321916235,0.360504148892021,0.043406646845939,0.0845851950844683,NA,NA,NA,NA,10.42558,28.2,241.46,2.61,2.46,0.15,0.00841233742770579,0.00807297002878354,0.018494616125459,0.0110710714287767,0.0153077644769527,0.0013985559628819,0.00422605795298143,NA,NA,NA,NA,0.363956359127705,0.819706771912488,8.3814178786507,0.301811031922127,0.28583388550172,0.0411329453348431,100
"house","R16","pursue","presence",0.0363803418803419,0.110430575578751,0.0690236599056258,0.165484030053592,0.44120797885528,0.0393558393600239,0.114518269042704,NA,NA,NA,NA,10.42558,28.08,240,3.79,3.6,0.19,0.0125663200287727,0.0108714564725013,0.0144335120956866,0.0139026769397806,0.0157119319271496,0.00165555349941668,0.00709647306156005,NA,NA,NA,NA,0.363956359127705,0.824949340348493,8.40327016672376,0.4045935733498,0.380324157326963,0.0506423386569623,100
"house","R16","wilcoxon_tss","single",0.0318098845598846,0.16847142780909,0.0672087377277006,0.276070899594872,0.582983137626581,0.0504811290263792,0.0615122100542696,NA,-0.0402018629452039,1.41146967853295,NA,0.16081,28.2,241.46,5.22,5.05,0.17,0.01161460470908,0.0115793425834674,0.00971640018517249,0.0135275879960062,0.010964144600951,0.00181354222894719,0.00230804209137785,NA,0.0198980566018347,0.0292306697939146,NA,0.00463641046718279,0.819706771912488,8.3814178786507,0.421056871323683,0.406854154495567,0.0427702341505507,100
"house","R16","zicoseq","single",0.0234041514041514,0.08897963043792,0.0620620213120213,0.165747053734052,0.477735626473293,0.0502928872428559,0.061871042328245,NA,NA,NA,NA,61.38779,28.2,241.46,2.9,2.79,0.11,0.00778407653688082,0.00969841655063062,0.00995964956138644,0.0118608269219655,0.0107216316481459,0.00185847980563043,0.00219438985697128,NA,NA,NA,NA,2.29525586467,0.819706771912488,8.3814178786507,0.341269170105719,0.331295284688094,0.031446603773522,100
"house","R17","adapt","single",0.0608286158286158,0.178581809741796,0.119536539741648,0.24066945886871,0.455048158849395,0.0574186215048007,0.0661523952523537,NA,-0.190516882261304,1.81438424091756,NA,0.442020000000003,27.85,248.11,5.7,5.2,0.5,0.0102490390578003,0.0110032071179776,0.0134984375382811,0.012727251963865,0.011196814507386,0.00194828818143558,0.00243369143339294,NA,0.0254644685266105,0.0492960487218248,NA,0.0105812200705692,0.806961503844433,8.53359250316659,0.407876986803174,0.3673547263198,0.0822658906696862,100
"house","R17","aldex2","single",0.0651666666666667,0.0442310310618125,0.0846785714285714,0.0635233954478185,0.341986838397764,0.0133588253231421,0.203598443083104,NA,0.0299636668042387,0.845193080443564,NA,10.93239,27.85,248.11,1.46,1.32,0.14,0.0215921991462904,0.00455281294695189,0.0229161436819943,0.00554937784779488,0.0113815889929907,0.00118222368221087,0.00351180548969072,NA,0.00393820571912285,0.0119290722537147,NA,0.36841049977223,0.806961503844433,8.53359250316659,0.151370840366074,0.141335620335985,0.042687494916219,100
"house","R17","ancombc2","single",0.01,0.037574977908945,0.01,0.037574977908945,0.130632312243158,0.457839466321643,0.443507718922626,NA,-0.0682639140584055,0.825482668815321,0.510959358285248,71.87644,27.85,248.11,1.14,1.13,0.01,0.01,0.00446172625755411,0.01,0.00446172625755411,0.00638908093830483,0.00493942889885238,0.00480214708499363,NA,0.0163808433762566,0.0111960549701783,0.00494752847109977,2.90580429500555,0.806961503844433,8.53359250316659,0.137083621165766,0.137550725262363,0.01,100
"house","R17","corncob","single",0.404300061050061,0.0798138919636546,0.470650682135202,0.115120731032046,0.219428340777861,0.0934497938064519,0.0996966433966296,NA,NA,NA,NA,10.33092,27.46,247.64,4.01,2.05,1.96,0.033959005803737,0.00699720560885229,0.0291959899490785,0.00866817945046894,0.00911970153958007,0.00520930178412681,0.00550609550226996,NA,NA,NA,NA,0.368743242000734,0.80609045285366,8.52764393669852,0.299661425106686,0.173714615610684,0.209819547288241,100
"house","R17","fastancom","single",0.0996577662103978,0.118404861636314,0.203409448170227,0.169664206248904,0.315093473270953,0.0900704807385228,0.145153225038714,NA,-0.188604991789529,0.569185610514712,NA,0.034569999999996,27.85,248.11,4.55,3.58,0.97,0.0177212391579559,0.00925415456149753,0.0260737286002058,0.0117977658748727,0.0126632071416784,0.00638199632426987,0.00836658331495126,NA,0.0136685093089844,0.00950560267760445,NA,0.000577044892604441,0.806961503844433,8.53359250316659,0.458670674753453,0.29718545038274,0.254040082735705,100
"house","R17","ldm","single",0.0668518148518149,0.147526265665881,0.110219958232342,0.21375350393678,0.428498855428361,0.054086238221331,0.0639969543420392,NA,NA,NA,NA,18.86584,27.85,248.11,4.56,4.2,0.36,0.0125183224552628,0.0104332685593069,0.0123267646021592,0.0122500196420394,0.0117157048008519,0.00188241008829117,0.00284791384308619,NA,NA,NA,NA,2.11733024543321,0.806961503844433,8.53359250316659,0.33252022039223,0.309120616516523,0.0594928057784632,100
"house","R17","limma_logtss","single",0.840578696558342,0.384283970407327,0.862276529338443,0.461576133439312,0.150290302194093,0.498044353300161,0.511280449244471,NA,-0.731944315577733,0.908049380101752,0.502617516562719,0.0393899999999999,27.85,248.11,90.93,10.71,80.22,0.0143058033835382,0.0150339569088818,0.00962522059217715,0.0142740341695825,0.00848513478110288,0.016246718806054,0.0136107538290946,NA,0.0174965587291848,0.0143355717348042,0.0155605595363169,0.000274835120452883,0.806961503844433,8.53359250316659,4.84630974885203,0.479329287292739,4.52924459106114,100
"house","R17","linda","single",0.150458125975743,0.232088843234481,0.206740746944961,0.307967944609494,0.438155718780149,0.0781480301317939,0.0826618188437163,NA,0.102467339310033,0.525594557725998,0.887667441414362,0.17592,27.85,248.11,8.26,6.77,1.49,0.0177596473280371,0.011306896747232,0.0187659585252166,0.0128846140267699,0.0120200416388536,0.00269532853129244,0.00331600878300208,NA,0.00798184122930208,0.00808515215099973,0.00306049515908986,0.00504598410179381,0.806961503844433,8.53359250316659,0.510816340119747,0.396411937562965,0.220419709837502,100
"house","R17","lm_logtss","single",0.833754680273706,0.388730598493542,0.859264967932677,0.467336333994008,0.151702313951473,0.496458450096878,0.509600674178031,NA,-0.731944315577733,0.908049380101752,0.504147644402545,0.03861,27.85,248.11,90.43,10.84,79.59,0.0155825504475698,0.0151432831354924,0.00978433063277594,0.014292430776694,0.00849310109696605,0.0164067848375033,0.0135929568616493,NA,0.0174965587291848,0.0143355717348042,0.0157670504741354,0.000386618335537436,0.806961503844433,8.53359250316659,4.84743512310658,0.481940521918075,4.53551852414123,100
"house","R17","locom","single",0.0489285714285714,0.0603236501827761,0.0870923520923521,0.0945603915667204,0.302205397122556,0.0550043329743927,0.0690222046670988,NA,-0.0338918121093705,1.03989483574901,NA,157.44567,27.85,248.11,1.99,1.82,0.17,0.0145167455755396,0.00638292654152174,0.0165549838099722,0.00742891147227028,0.0101626190053534,0.00167906352877456,0.0026117168948669,NA,0.00680691365667113,0.0170468628773274,NA,5.24249436723743,0.806961503844433,8.53359250316659,0.232463747580981,0.216202299579432,0.0427702341505507,100
"house","R17","locom2","single",0.0902698412698413,0.0756366959540063,0.112707070707071,0.101024713018364,0.320557343448691,0.0435217536057857,0.0789538593968184,NA,NA,NA,NA,28.2889,27.85,248.11,2.56,2.21,0.35,0.0212417093244642,0.00691212846669035,0.020435780296763,0.00867740835713578,0.00928184863398302,0.00130703904332042,0.00311669957025759,NA,NA,NA,NA,1.15969842905974,0.806961503844433,8.53359250316659,0.255967169612026,0.211915267991905,0.079613967608604,100
"house","R17","logistic_presence","single",0.0738528220145867,0.257977989542081,0.169017365659447,0.361120819455205,0.507015417637536,0.0698455547186177,0.116002097389807,NA,0.170245115692908,0.907649974328998,NA,0.32806,27.72,246.62,8.09,7.32,0.77,0.0104092685453502,0.0134219338222067,0.0107959158047751,0.0141852704635456,0.0101845602862542,0.00260784824976429,0.00232452213015016,NA,0.0139461004953991,0.0474137478149393,NA,0.0118673971515036,0.80792538909446,8.56188146036922,0.491564190656066,0.427083130081253,0.125412450850316,100
"house","R17","maaslin3","abundance",0.01,0,0.01,0.00204502164502164,0.12108981399194,0.0446122785133052,0.06632018778019,0.0511922561164985,0.0185072174605405,1.1135050877593,NA,9.19107,17.73,247.69,0.01,0,0.01,0.01,0,0.01,0.00103560448663396,0.00775471166593385,0.00140492078020783,0.00304079469251843,0.00717649526454085,0.0236987193704132,0.0257987135170238,NA,0.330235723050653,0.592862428043689,8.53016862480905,0.01,0,0.01,100
"house","R17","maaslin3","combined",0.01,0.0127988376536998,0.015,0.0228938837374188,0.318010499252756,0.0502646513892527,0.0823638506120963,NA,NA,NA,NA,9.19107,27.85,248.11,0.41,0.39,0.02,0.01,0.00238953894888698,0.00889362247698807,0.00350903331908867,0.0109161278208174,0.00122728247044531,0.00288271926868451,NA,NA,NA,NA,0.330235723050653,0.806961503844433,8.53359250316659,0.0792579218868258,0.0777135376842023,0.02,100
"house","R17","maaslin3","presence",0,0.0180156851527395,0,0.0318987992841374,0.532659352907973,0.0406332713710483,0.0620241981281187,0.0566038619068922,NA,NA,NA,9.19107,19.48,247.49,0.38,0.38,0,0,0.00358380760534373,0,0.00518724148129924,0.013848432461919,0.00141727043612958,0.00233960147567758,0.00879916399765139,NA,NA,NA,0.330235723050653,0.540011223227926,8.55100555254152,0.077563919551307,0.0775639195513069,0,100
"house","R17","pursue","abundance",0.045,0.00223325693913929,0.0725,0.00439689330277566,0.119094472846636,0.0473632804460697,0.0665544590865549,0.0484163283405708,0.000449298089476114,1.08408035437275,0.951699269721729,10.27529,17.73,247.69,0.09,0.04,0.05,0.0202197523189179,0.00111903611895862,0.0251999579124228,0.00157291626688994,0.00790313370724498,0.00170777932570177,0.00302834594207717,0.00678462298198897,0.0102186020510973,0.0244818467467228,0.0017022374021253,0.358756743587764,0.592862428043689,8.53016862480905,0.0320825954263823,0.0196946385566932,0.021904291355759,100
"house","R17","pursue","combined",0.0569166666666667,0.0651643805751113,0.078219696969697,0.0958077410120048,0.316753422849747,0.0441893805045093,0.0836340678630142,NA,NA,NA,NA,10.27529,27.85,248.11,2.18,2.02,0.16,0.0175010241002256,0.00730298239208819,0.0160397432904872,0.00917017916277633,0.0132641652047117,0.0016497385075934,0.00420296297716359,NA,NA,NA,NA,0.358756743587764,0.806961503844433,8.53359250316659,0.253213687855084,0.243700428784807,0.041971611377408,100
"house","R17","pursue","presence",0.0413571428571428,0.122883875638862,0.0765607945975593,0.166572054644202,0.468481516958104,0.043895752804577,0.0975049348022338,0.0528265313751757,NA,NA,NA,10.27529,19.45,246.62,2.84,2.69,0.15,0.0133190813022231,0.0119676788144844,0.0154365944213456,0.0149555662928094,0.017190709258471,0.00166664652693621,0.00542913463886415,0.00760114053833017,NA,NA,NA,0.358756743587764,0.539430114551318,8.56188146036922,0.304418637850423,0.293943923738917,0.0385992097056273,100
"house","R17","wilcoxon_tss","single",0.0484243534243534,0.205594832364583,0.0916741432372237,0.287422170862129,0.511587469082612,0.0575415172799042,0.0648303158732456,NA,0.0159991545651736,1.7203229860838,NA,0.16021,27.85,248.11,6.34,5.92,0.42,0.00866059587950965,0.0124356495632044,0.0110952133677131,0.0147302137030915,0.00993907380719058,0.00192761893348488,0.00260910428858788,NA,0.0349087380375578,0.0600500823214195,NA,0.00437112414175418,0.806961503844433,8.53359250316659,0.429286464597789,0.390462041766682,0.0806288416201678,100
"house","R17","zicoseq","single",0.046472582972583,0.145299962180827,0.0973234399759168,0.216551007713112,0.437729882223055,0.0540294883915859,0.0684780243805469,NA,NA,NA,NA,69.82444,27.85,248.11,4.68,4.38,0.3,0.0101132308257188,0.0103515434414031,0.0132641864355349,0.0127349633474496,0.0112601767504498,0.002126285157719,0.00395479729083958,NA,NA,NA,NA,2.07687330594659,0.806961503844433,8.53359250316659,0.373592983300968,0.345762223430373,0.0559581373109678,100
"house","R18","adapt","single",0.154094446012924,0.172666274776663,0.235045916060189,0.230096750757927,0.393800628685013,0.0749080419076119,0.0874064984801,NA,-0.646981954986155,2.10090317917862,NA,0.445430000000005,28.3,257,6.24,5.08,1.16,0.0197946032563121,0.0108823010723592,0.02025166100181,0.0123255775855645,0.00978261389838453,0.00230806503174109,0.0031244844800756,NA,0.0255681066663831,0.0516609568294078,NA,0.0103299335071733,0.691725992344403,7.98388528489884,0.449493542161002,0.36088555504257,0.152235861661297,100
"house","R18","aldex2","single",0.295734126984127,0.0837995707263,0.319016206016206,0.106787577788526,0.277668174157989,0.0385209344146298,0.176708484019451,NA,0.0729482407861111,0.974780678206728,NA,11.57548,28.3,257,4.19,2.5,1.69,0.0317804438985124,0.00592740566003709,0.0312442571703342,0.00684120295434301,0.0107799561880338,0.00267718099094935,0.00214566491553164,NA,0.0060801096881955,0.0115079197310595,NA,0.361701877207954,0.691725992344403,7.98388528489884,0.29187481750043,0.186135608217409,0.214473751072223,100
"house","R18","ancombc2","single",0.0699880952380953,0.0523019424817092,0.0699880952380953,0.0523019424817092,0.153280907767488,0.462953360378937,0.454316633393828,NA,-0.0651408025089429,0.84485622537931,0.506591833556401,83.17335,28.3,257,1.95,1.61,0.34,0.0193663012574907,0.00508153820387906,0.0193663012574907,0.00508153820387906,0.00713250938963328,0.00456675153083941,0.00384717794377094,NA,0.0133633301835181,0.0109274328573428,0.00452257191233402,2.87913737920902,0.691725992344403,7.98388528489884,0.203690694411647,0.16446730662808,0.105619863451699,100
"house","R18","corncob","single",0.320820028011205,0.0715972208317171,0.417134071338019,0.106969888861467,0.235747582024216,0.0769942039205104,0.086659021308146,NA,NA,NA,NA,10.95618,27.93,256.52,3.63,1.9,1.73,0.0322067688967206,0.00785197647002,0.0294374077292646,0.00940975493846801,0.00949923250647117,0.00365099781528833,0.00408937023468103,NA,NA,NA,NA,0.363857104369284,0.699387177636554,7.99444857890825,0.368084037396161,0.206705763652765,0.215488638993692,100
"house","R18","fastancom","single",0.372263865785776,0.213318187103358,0.474995861218596,0.282781491117216,0.277524291513377,0.166609957093243,0.213102208224813,NA,-0.212898745900377,0.68285066898199,NA,0.0348399999999973,28.3,257,17.08,6.51,10.57,0.0318765666019768,0.012638290618915,0.0299108003660247,0.0139531688762403,0.0115783804882143,0.0108128746654985,0.0113631271260562,NA,0.0110432845924195,0.00724623521929022,NA,0.000507463488262012,0.691725992344403,7.98388528489884,1.79571206438611,0.426518676986344,1.56154902373744,100
"house","R18","ldm","single",0.052539183039183,0.159905148485329,0.105982793776272,0.220631682125283,0.43674940196591,0.0520286458204492,0.0627668480171975,NA,NA,NA,NA,16.03542,28.3,257,4.91,4.57,0.34,0.0114839475719176,0.0111801444569677,0.0135849386623867,0.0124582398636371,0.0100891166668673,0.00161526707508576,0.00247192832202242,NA,NA,NA,NA,1.66502368413282,0.691725992344403,7.98388528489884,0.35988073220741,0.33310749925603,0.0713789149185493,100
"house","R18","limma_logtss","single",0.901787275656682,0.644261059060772,0.899493512612897,0.702170640070994,0.10162289770887,0.792026000437179,0.756438567078441,NA,-1.50127755590369,1.63459486369263,0.214681063775291,0.0401400000000001,28.3,257,191.25,18.16,173.09,0.00237465363051172,0.011016432828704,0.00231819061802573,0.00936925441588919,0.00699351985040938,0.00673840160082568,0.00623795207567573,NA,0.0189202223155094,0.0178255925549406,0.00687963588145173,0.000356191980921412,0.691725992344403,7.98388528489884,5.42188559768126,0.526033374522103,5.05848811604831,100
"house","R18","linda","single",0.343632137073267,0.291583350014062,0.423802962986225,0.372852578872104,0.363383475246104,0.119914290416128,0.124460836452248,NA,0.23204375210104,0.6753101977473,0.846987820294889,0.1811,28.3,257,15.72,8.45,7.27,0.0245862691390622,0.0101213793294972,0.0211893430233108,0.00972283811903837,0.0118318090876471,0.00497920363517056,0.00531440012200391,NA,0.00953270076311153,0.00863509585481982,0.0049509921815309,0.00439987373556207,0.691725992344403,7.98388528489884,0.99413227987979,0.379892329243671,0.828513942873235,100
"house","R18","lm_logtss","single",0.900215031968635,0.65266875063448,0.898664947815392,0.70548359407186,0.102296187439848,0.788697100426686,0.754601672118193,NA,-1.50127755590369,1.63459486369263,0.217590208130393,0.03962,28.3,257,190.95,18.4,172.55,0.00245153749545645,0.0109574601063868,0.00244276338744511,0.00937195031899851,0.00699970029275209,0.00682580798873033,0.00628388215592209,NA,0.0189202223155094,0.0178255925549406,0.00694817560746176,0.000508270984750657,0.691725992344403,7.98388528489884,5.39824840652835,0.528768342089388,5.03726266453469,100
"house","R18","locom","single",0.0860952380952381,0.0644384669457556,0.126562685680333,0.0986619139895086,0.284379034229744,0.0550969868743481,0.101060251860779,NA,-0.0313820756541907,1.03507188882448,NA,163.70403,28.3,257,2.26,1.95,0.31,0.0177022614700997,0.00660733457844588,0.0173429878509437,0.00786935927765846,0.00896521945666296,0.00177841365690727,0.0031701226466775,NA,0.00588498725035323,0.0167942021883548,NA,5.09353529744858,0.691725992344403,7.98388528489884,0.245204511633152,0.221279566306169,0.0614554121031474,100
"house","R18","locom2","single",0.0906587301587301,0.0818920488346013,0.125453463203463,0.108163331163841,0.340186225128189,0.0435947236382554,0.0736322312488056,NA,NA,NA,NA,28.9669,28.3,257,2.62,2.32,0.3,0.0184450368375246,0.00779322380331354,0.0195709799699452,0.0089221919717795,0.00933889677481002,0.00151508873436245,0.00268615894242842,NA,NA,NA,NA,1.15601841903644,0.691725992344403,7.98388528489884,0.232587552755881,0.21219392693068,0.0577350269189626,100
"house","R18","logistic_presence","single",0.105473906941012,0.301933770205574,0.193011434345066,0.380485046705384,0.491811790149228,0.0812832700083729,0.126805816038076,NA,0.240189111308691,0.98285185363211,NA,0.34196,28.15,255.19,9.34,8.11,1.23,0.0125795721423328,0.0123277545096141,0.015423894162163,0.0127440874166548,0.00977137254935875,0.00361237316360302,0.00324886923120739,NA,0.0162392565236262,0.0485465598262943,NA,0.0110059388926657,0.694040286432941,7.97626143407088,0.405323165741694,0.317151144542864,0.182493946212033,100
"house","R18","maaslin3","abundance",0.01,0,0.01,0.000588235294117647,0.10875209189375,0.0453122890462435,0.0602744710308206,0.0353771310388957,0.0635672543185264,1.60217549733264,NA,9.64501,18.22,256.58,0.01,0,0.01,0.01,0,0.01,0.000588235294117647,0.00801151965572114,0.00142519446242741,0.00219381233221572,0.00641303424615637,0.0381758931548503,0.0403739077970444,NA,0.323075809502752,0.540964346553841,7.99057753187649,0.01,0,0.01,100
"house","R18","maaslin3","combined",0.01,0.00126553331359644,0.045,0.0039724801319563,0.205614879545124,0.050014528857273,0.0799620457527187,NA,NA,NA,NA,9.64501,28.3,257,0.05,0.04,0.01,0.01,0.000631419017618085,0.0202197523189179,0.00120112024768822,0.00974662335543472,0.00142681112895816,0.00256821843642232,NA,NA,NA,NA,0.323075809502752,0.691725992344403,7.98388528489884,0.021904291355759,0.0196946385566932,0.01,100
"house","R18","maaslin3","presence",0,0.00119047619047619,0.005,0.004088004101162,0.351131260021694,0.0420948535797403,0.0576203961436198,0.0299605508432913,NA,NA,NA,9.64501,19.62,256.24,0.03,0.03,0,0,0.000682094891817787,0.005,0.00133728279251423,0.0138129237078824,0.00147786783630264,0.00213232353949964,0.00599458862816369,NA,NA,NA,0.323075809502752,0.476048550278459,7.9851139280817,0.0171446607997765,0.0171446607997765,0,100
"house","R18","pursue","abundance",0.05,0.000942982456140351,0.125,0.00200740822644847,0.110025719512825,0.0477739813731013,0.0596801465684578,0.0376243462419933,-0.0113760230389513,1.54950384022848,0.951863045527866,10.63489,18.22,256.58,0.08,0.02,0.06,0.021904291355759,0.00066797391698498,0.0328564370336385,0.000996509399948811,0.00808351609042892,0.00174707801360014,0.00218166080118229,0.00691745533214378,0.0127510152253564,0.0377744984029471,0.00172399027526103,0.346615896892782,0.540964346553841,7.99057753187649,0.0307482445914323,0.014070529413629,0.0277797979063414,100
"house","R18","pursue","combined",0.0253730158730159,0.0580018459587969,0.0640616605616606,0.0873112380885945,0.328095806817683,0.0458027494339813,0.0692005076361824,NA,NA,NA,NA,10.63489,28.3,257,1.8,1.7,0.1,0.00927680914284,0.00623278045173177,0.0131570783696462,0.00852928277062317,0.0125343193859036,0.0016345870035484,0.00298336791430901,NA,NA,NA,NA,0.346615896892782,0.691725992344403,7.98388528489884,0.204988297276215,0.190427482949878,0.0333333333333333,100
"house","R18","pursue","presence",0.0125396825396825,0.113692096370675,0.0404160561660562,0.170159126690543,0.491219229676525,0.0451532159162644,0.0753026360651183,0.0521246233909956,NA,NA,NA,10.63489,19.57,255.19,2.39,2.34,0.05,0.00594896486871713,0.0108283229413508,0.00961646614448677,0.0139590325220981,0.0166721512149648,0.00168507394282779,0.00426864347090175,0.00850825060166664,NA,NA,NA,0.346615896892782,0.476997130626865,7.97626143407088,0.246549931427426,0.242136950980851,0.021904291355759,100
"house","R18","wilcoxon_tss","single",0.0555242633893529,0.234877851073941,0.103812439412439,0.318441291952723,0.507402765381975,0.0612529294292218,0.0706279909871443,NA,-0.03180337042184,1.71121732201862,NA,0.16803,28.3,257,6.97,6.5,0.47,0.00918901164520074,0.0121320072802245,0.0114565795727653,0.0122796032301452,0.00985097229980522,0.00218159365319706,0.00307982034430727,NA,0.0259206712927111,0.0566768418194413,NA,0.00449229317607367,0.691725992344403,7.98388528489884,0.385456570415874,0.350324524872685,0.0904031375159473,100
"house","R18","zicoseq","single",0.0499527417027417,0.162779447278673,0.116085426999901,0.213382744859947,0.450520844578946,0.0527843207355247,0.0646686461564709,NA,NA,NA,NA,71.12126,28.3,257,5.1,4.81,0.29,0.0126630257124338,0.00991404931265653,0.0162838023278066,0.0113920606769398,0.0115543482739619,0.00307312545554586,0.00433289091052487,NA,NA,NA,NA,1.90237799548381,0.691725992344403,7.98388528489884,0.358588703929528,0.33595784968903,0.0537389875963326,100
"house","R19","adapt","single",0.183142885709062,0.144946199646318,0.314103630831959,0.206650429519498,0.31698836284951,0.0988809033848461,0.11593504312218,NA,-1.04561438593804,2.46322957076045,NA,0.444199999999996,29.31,261.46,6.01,4.54,1.47,0.0203586299953515,0.00881973633503887,0.020864963870659,0.0104502965406715,0.0100990044567849,0.00271649087857532,0.00366038112674027,NA,0.033376158053302,0.0539216599304568,NA,0.0100871755764987,0.761006112347531,8.00124258026732,0.436814686917771,0.315722675905308,0.177783775151364,100
"house","R19","aldex2","single",0.436541120772932,0.130737794911178,0.463860109244458,0.158537584618674,0.218687882052551,0.0734899725246744,0.194730544527241,NA,0.140802888982306,1.21663543656725,NA,11.67248,29.31,261.46,10.81,4.02,6.79,0.0332698896593824,0.00755123906041692,0.0315371501072867,0.00877545817808317,0.0114146669941384,0.00452325288352221,0.00310515807447505,NA,0.00789707542239136,0.0133020193909719,NA,0.344577653496115,0.761006112347531,8.00124258026732,0.77559947489316,0.266659090801478,0.672894396385398,100
"house","R19","ancombc2","single",0.18836303973804,0.0887461576968025,0.18836303973804,0.0887461576968025,0.147862951978239,0.46366564154105,0.456633260126212,NA,-0.0544848279063331,0.857711227700924,0.506091959101513,91.08545,29.31,261.46,3.95,2.69,1.26,0.0281524623435137,0.00654861589678648,0.0281524623435137,0.00654861589678648,0.00645035222371968,0.00439010615133962,0.00430067486065337,NA,0.0108115108682344,0.0120085528406634,0.00466716870155214,2.98110910410552,0.761006112347531,8.00124258026732,0.338557546247624,0.219132817987612,0.224112165279493,100
"house","R19","corncob","single",0.29842316017316,0.0533816772694431,0.345387456497751,0.0793970684353229,0.221443589700071,0.0657501325526891,0.0878112110978569,NA,NA,NA,NA,10.79845,28.95,261.01,2.73,1.51,1.22,0.0353107656304102,0.00590992962011029,0.031907809441822,0.00805897799030448,0.00951019819082057,0.0035325551410791,0.00434107307668638,NA,NA,NA,NA,0.338140728988701,0.762554849823866,8.00197570300705,0.293998900568273,0.173202164821892,0.17842181322457,100
"house","R19","fastancom","single",0.575421837771909,0.28053656425164,0.638070111468119,0.345600787983322,0.230037002743459,0.237643186341101,0.281252524141626,NA,-0.196492295662387,0.87031005469647,NA,0.0353200000000015,29.31,261.46,32.46,8.86,23.6,0.0290387852636311,0.0128465581281971,0.0259848809109713,0.0139660227508216,0.0106520530077817,0.0103257637259815,0.0101941971896418,NA,0.0152156064300256,0.00823991217345523,NA,0.00057925064793384,0.761006112347531,8.00124258026732,2.36862573632642,0.506527094013437,2.04855208783317,100
"house","R19","fastemu","single",0.236190476190476,0.0191816381816382,0.206190476190476,0.0277893637893638,0.284634855252363,0.037469011304141,0.115898161700714,NA,-0.039427087607552,1.52874638757132,0.846572112292409,1363.42892,29.4,261.4,1.24,0.6,0.64,0.0718627018792835,0.00664340958841909,0.0644571494239931,0.00793056218068057,0.0185779243740754,0.0034117973146543,0.00714510933109791,NA,0.0160939137866998,0.0461328403654663,0.0058064322605961,113.367190886472,1.73108828967984,16.2294998896043,0.384187454245971,0.216024689946928,0.215096877398689,25
"house","R19","ldm","single",0.0600422077922078,0.174332746350152,0.112286751647046,0.239009241925234,0.441625185501246,0.0531133230761656,0.0618555608877981,NA,NA,NA,NA,14.69659,29.31,261.46,5.72,5.33,0.39,0.0114931604241355,0.0107461341138643,0.0128517965324767,0.0118909519804194,0.0102812700979803,0.00169852700635747,0.00235841299228753,NA,NA,NA,NA,1.80747721346381,0.761006112347531,8.00124258026732,0.370388821089242,0.358463330894472,0.07371114795832,100
"house","R19","limma_logtss","single",0.898750632791727,0.746138540238818,0.897337113682391,0.780333839844442,0.0731476220018665,0.875119264979688,0.836304377613181,NA,-2.29857513807479,2.44787137469301,0.130588002610639,0.04168,29.31,261.46,221.06,21.51,199.55,0.00231172268776176,0.0108953742707947,0.00231929534232846,0.0103978962768293,0.00454844341993713,0.00385982118366374,0.00408457744548042,NA,0.0178718916468656,0.0160889509308886,0.00393316061223061,0.000423759031964759,0.761006112347531,8.00124258026732,6.20618492418098,0.521748226754257,5.84322753970852,100
"house","R19","linda","single",0.48583325014408,0.34181159436075,0.557659230442954,0.412194583381165,0.292953785260419,0.173872663001778,0.173893697641082,NA,0.363007542380182,0.906714598857555,0.796652246555381,0.32012,29.31,261.46,27.78,10.49,17.29,0.0255360911537712,0.012809968630571,0.0221178718625366,0.0123608125511017,0.0135728437749916,0.00686460330689417,0.00602900758351905,NA,0.0125993202683523,0.0112037731877865,0.00669922980083656,0.0476240056605018,0.761006112347531,8.00124258026732,1.89654550393204,0.514535192816259,1.59242493440575,100
"house","R19","lm_logtss","single",0.897791328293388,0.752273696580555,0.896584633020006,0.787599048762131,0.075973600048713,0.87367386532419,0.835298176177476,NA,-2.29857513807479,2.44787137469301,0.131637060216251,0.0415999999999999,29.31,261.46,220.8,21.68,199.12,0.00233849253702504,0.0109368864035563,0.00228553111343526,0.0101059451530638,0.00445782211156979,0.00387942059898191,0.00405959365681322,NA,0.0178718916468656,0.0160889509308886,0.00399511168826998,0.000650252476218485,0.761006112347531,8.00124258026732,6.19687115576983,0.523947718881581,5.83365851907461,100
"house","R19","locom","single",0.150833333333333,0.0883998479324715,0.212210789210789,0.122973344671171,0.270770195324782,0.058305887548017,0.13166933138922,NA,-0.0233790464433544,0.988502370791944,NA,135.10865,25.96,230.01,2.77,2.31,0.46,0.0264048330354856,0.00868760162806331,0.0271540511330642,0.00946386461381929,0.00983970774341199,0.00198617005690454,0.00363667891064089,NA,0.00542987121351747,0.0191098909465435,NA,6.20669625153863,0.911422464662194,9.26947303265025,0.240729111348223,0.211629082800235,0.0716613810594907,100
"house","R19","locom2","single",0.0618366910866911,0.093992390606847,0.0971001498501499,0.121796395775133,0.337217348414472,0.0431406259743038,0.0769506695877679,NA,NA,NA,NA,29.09993,29.31,261.46,3.12,2.87,0.25,0.0148791904193465,0.00747006722771623,0.0183984051221262,0.00883889121439776,0.00997938277948613,0.00149700324528662,0.00280970483237116,NA,NA,NA,NA,1.11551819396262,0.761006112347531,8.00124258026732,0.268659222394798,0.25011310572732,0.05,100
"house","R19","logistic_presence","single",0.166514639573866,0.339977843691162,0.252479760882138,0.42728230473351,0.485340886396678,0.0961409294965608,0.146894152464755,NA,0.308212604350246,1.01351865772962,NA,0.35266,29.15,259.61,12.85,9.87,2.98,0.0175992183596775,0.0128463419286615,0.0195849934725591,0.0117196228099213,0.00953527572807586,0.00586533886024512,0.0061432435212001,NA,0.0216073216287538,0.0515081096525678,NA,0.0112841734166473,0.756169907688034,8.00518638701867,0.747031161033832,0.437313885376893,0.452820565617844,100
"house","R19","maaslin3","abundance",0.025,0.00102380952380952,0.045,0.00227380952380952,0.080326102439484,0.0457825942092957,0.0649063477104244,0.0391784942783395,0.124975804458624,2.26798676889194,NA,9.74297,18.91,260.91,0.05,0.02,0.03,0.0148647097502641,0.000753117162228164,0.0202197523189179,0.00145045912875504,0.00581136989517187,0.00166999353541726,0.0025515079668708,0.00593455571498518,0.0443616416365561,0.07435907676217,NA,0.328319920185951,0.612181890181886,8.00031684978599,0.0261116483933547,0.014070529413629,0.0171446607997765,100
"house","R19","maaslin3","combined",0.025,0.00164814814814815,0.045,0.0021026936026936,0.150181160139293,0.0523026083922914,0.0803973848220623,NA,NA,NA,NA,9.74297,29.31,261.46,0.08,0.05,0.03,0.0148647097502641,0.000887060471095792,0.0202197523189179,0.000989117454878144,0.00737620382658371,0.0018641978245415,0.00270362265556366,NA,NA,NA,NA,0.328319920185951,0.761006112347531,8.00124258026732,0.0338743966363203,0.0261116483933547,0.0171446607997765,100
"house","R19","maaslin3","presence",0,0.00161904761904762,0,0.00161904761904762,0.244965274893812,0.0440624540042601,0.0595001022405187,0.0463196827682122,NA,NA,NA,9.74297,20.67,260.69,0.03,0.03,0,0,0.00115699924088529,0,0.00115699924088529,0.0105391132661766,0.00161456339083015,0.00233765689782409,0.0078448328376956,NA,NA,NA,0.328319920185951,0.531446472878834,8.01572564249536,0.0222701503353614,0.0222701503353614,0,100
"house","R19","pursue","abundance",0.045,0.00144047619047619,0.0766666666666667,0.00144047619047619,0.0804655692477004,0.0485607286652463,0.0638837943030739,0.0465294262411136,-0.0532018781623113,2.207965292633,0.951060062193499,11.04215,18.91,260.91,0.08,0.03,0.05,0.0202197523189179,0.000855674380748379,0.0263171539607267,0.000855674380748379,0.00625850168657497,0.00183689232467328,0.00249595672696062,0.00639620866760909,0.0193333688780593,0.0729911262643827,0.00180450981900794,0.364566265158913,0.612181890181886,8.00031684978599,0.0307482445914323,0.0171446607997765,0.021904291355759,100
"house","R19","pursue","combined",0.0428264790764791,0.070078934817162,0.0774625652125652,0.0998052793446298,0.316666872984356,0.0469916647208066,0.0658958100843694,NA,NA,NA,NA,11.04215,29.31,261.46,2.37,2.19,0.18,0.0136780751075482,0.00676476992995045,0.0151083321732227,0.00880446650627248,0.0107596347011974,0.00162971386026647,0.00266133768692287,NA,NA,NA,NA,0.364566265158913,0.761006112347531,8.00124258026732,0.25011310572732,0.224145966150217,0.0500100999900031,100
"house","R19","pursue","presence",0.026238455988456,0.133589779237012,0.0740803903698641,0.197432604273817,0.493645429229975,0.0454316744760663,0.0630210955056151,0.0458893230952055,NA,NA,NA,11.04215,20.59,259.61,3.08,2.9,0.18,0.00760466894557921,0.0120959931946024,0.0147866269024963,0.0143588215471589,0.015545818763645,0.00142101114572174,0.00299613745473683,0.00750640535586222,NA,NA,NA,0.364566265158913,0.527447637307259,8.00518638701867,0.305729794214936,0.281231059968328,0.050010099990003,100
"house","R19","wilcoxon_tss","single",0.0697458033882183,0.264723988826281,0.143636409307579,0.351608237794345,0.504487558019023,0.0691133887597356,0.0867801881341203,NA,0.00286755706812758,1.71344754621829,NA,0.16947,29.31,261.46,8.66,7.87,0.79,0.0103794149722625,0.0120529821872918,0.0144871401841233,0.0113428690511937,0.00886349084369593,0.00329478925120444,0.00504758210719266,NA,0.0236649261300441,0.0493535078685756,NA,0.00455304216203769,0.761006112347531,8.00124258026732,0.468011050547253,0.416976854237375,0.139475931090405,100
"house","R19","zicoseq","single",0.0373375235875236,0.136993079982102,0.0829465377935058,0.206604526057169,0.445521481136671,0.0507627740339513,0.0601414697890551,NA,NA,NA,NA,66.01477,29.31,261.46,4.64,4.37,0.27,0.00789953600144438,0.0112572368489862,0.0126928561104355,0.0127775894018702,0.011581907523754,0.00156265374455845,0.00203501474542753,NA,NA,NA,NA,2.29579372563778,0.761006112347531,8.00124258026732,0.411579858348267,0.388380475744332,0.0489382212074519,100
"house","R20","adapt","single",0.0577452824952825,0.165888786216445,0.0892296078104902,0.232230924161771,0.467103744388669,0.0515970270942158,0.0696445665399644,NA,0.056664551609617,1.69524817611333,NA,0.451920000000001,26.64,236.47,5.01,4.61,0.4,0.0106356009769704,0.0114564687167547,0.012394433536593,0.0130908475117539,0.00967689688652391,0.00197908783528537,0.00288548384788795,NA,0.0289922950303903,0.0502699714304646,NA,0.011614269175667,0.835393816282374,8.45767185053388,0.371862633484218,0.34079378521388,0.0724743075339478,100
"house","R20","aldex2","single",0,0.00856029074352787,0,0.0111271296412491,0.363485909196815,0.00330676651350732,0.280217516395845,NA,NA,NA,NA,65.52899,26.64,236.47,0.25,0.25,0,0,0.00193773270342349,0,0.00235972237941917,0.0100620868388926,0.000437312351438657,0.00395326752017067,NA,NA,NA,NA,2.57833311486532,0.835393816282374,8.45767185053388,0.0538891492235719,0.0538891492235719,0,100
"house","R20","ancombc2","single",0.00166666666666667,0.0199241141591409,0.00166666666666667,0.0199241141591409,0.108357178111015,0.502597586999439,0.484815150880974,NA,-0.0251754718498873,0.903640307611791,0.463247510805392,89.54064,26.64,236.47,0.59,0.58,0.01,0.00166666666666667,0.00324768447371748,0.00166666666666667,0.00324768447371748,0.00574138953104633,0.0050890579021135,0.00480351941240205,NA,0.0151649115156725,0.0133909771305064,0.0052683043913415,3.89882323307063,0.835393816282374,8.45767185053388,0.103567671723674,0.098657657246325,0.01,100
"house","R20","corncob","single",0.435000074272133,0.0700584705866468,0.527843073593074,0.104317057324965,0.194074483758199,0.0974656353594189,0.0984911102025521,NA,NA,NA,NA,11.06339,26.28,235.95,3.91,1.69,2.22,0.0327287860104736,0.00674955883039304,0.0286262249754412,0.00861516419511906,0.00862543564055671,0.003570419069325,0.00481621302219271,NA,NA,NA,NA,0.414648159699792,0.832190731828596,8.44289642243703,0.335476443948669,0.159351590180109,0.226336658162753,100
"house","R20","fastancom","single",0.00516666666666667,0.042996777485502,0.0239686147186147,0.0755157503136827,0.35677528888555,0.0398591045566051,0.0979944012515578,NA,-0.111051228697729,0.50589464613609,NA,0.0366700000000006,26.64,236.47,1.34,1.31,0.03,0.00313997254915192,0.00545490894057217,0.00761055090834743,0.00805211167733587,0.0116230791230521,0.00274932366791047,0.0053463472699222,NA,0.0149822465850835,0.00914615241754466,NA,0.000733754011569907,0.835393816282374,8.45767185053388,0.18269586141393,0.174480469805174,0.0171446607997765,100
"house","R20","ldm","single",0.03425,0.0719681271062653,0.0599636752136752,0.123849752256199,0.393690999104693,0.0499525779062153,0.0649568702740496,NA,NA,NA,NA,17.70394,26.64,236.47,2.14,2.02,0.12,0.0111557782735625,0.00730420343818564,0.0105977105986359,0.00993171401854581,0.00987406314103778,0.00186884440442521,0.00242625919181781,NA,NA,NA,NA,1.83020040216498,0.835393816282374,8.45767185053388,0.216034041462699,0.204485064036817,0.0356186309210063,100
"house","R20","limma_logtss","single",0.0261269841269841,0.100412301432812,0.0526529594416591,0.132488686144753,0.403518914513077,0.052206036893526,0.0878934802314374,NA,-0.00276366269445625,0.499394150596354,0.926145395991486,0.0401400000000001,26.64,236.47,3.09,2.77,0.32,0.00976193852312676,0.0115305330909324,0.0124715099225792,0.0127340788779921,0.0113109548105385,0.00373158979472209,0.00456054172643779,NA,0.0169394242834327,0.00936189241285768,0.00359315732101778,0.000383239777779809,0.835393816282374,8.45767185053388,0.430666619757948,0.321880522410211,0.152341986359903,100
"house","R20","linda","single",0.0336991341991342,0.143431082697011,0.0859339549339549,0.207213963558563,0.45631967413996,0.0527685260177092,0.0645199583649514,NA,0.00839020142362742,0.463176447114755,0.914245657748303,0.18185,26.64,236.47,4.12,3.9,0.22,0.00811189855127919,0.0104048133589499,0.0120123008166938,0.0125999793487163,0.0098421776990337,0.00182067308378952,0.0023588453329583,NA,0.00657844930106863,0.00800022688265247,0.00214818294787662,0.00551421258241285,0.835393816282374,8.45767185053388,0.301939856209273,0.280511797767703,0.0483672817035849,100
"house","R20","lm_logtss","single",0.0320634230503796,0.110391924278919,0.055587429419879,0.144296871127374,0.410730480952869,0.0512553715905342,0.0871651459262634,NA,-0.00276366269445625,0.499394150596354,0.926269056337331,0.04929,26.64,236.47,3.31,2.98,0.33,0.0104233963682901,0.0113009131119692,0.012431405836824,0.0133414370135616,0.0111962121505696,0.00386120026052846,0.00460867586556601,NA,0.0169394242834327,0.00936189241285768,0.00368294933736626,0.000547223478437771,0.835393816282374,8.45767185053388,0.40618824316921,0.300161572652079,0.153777354468968,100
"house","R20","locom","single",0.0108333333333333,0.0178762028837473,0.02,0.0322758192602507,0.300521360197074,0.042164579998615,0.0862355476719436,NA,-0.0279057864986262,1.12690622205366,NA,182.36834,26.64,236.47,0.53,0.5,0.03,0.00645008025946463,0.0032405389866832,0.00750233783241861,0.00479343272101361,0.00990766252273153,0.00263887155844075,0.00389319875298235,NA,0.0085904646942225,0.0230986662632054,NA,6.99655706051588,0.835393816282374,8.45767185053388,0.0947671255278331,0.0881917103688196,0.0171446607997765,100
"house","R20","locom2","single",0.100845238095238,0.057784527315207,0.130627886002886,0.0791422171743135,0.29513626345999,0.0475751353770658,0.0930181054465819,NA,NA,NA,NA,56.53067,26.64,236.47,2.08,1.53,0.55,0.0232963903379547,0.00654265062152301,0.0252539544791048,0.00778958574681213,0.011264265017545,0.00431692998698309,0.00481293297103605,NA,NA,NA,NA,3.93319517353798,0.835393816282374,8.45767185053388,0.292906024850872,0.165422629844427,0.187150347382132,100
"house","R20","logistic_presence","single",0.046306885924533,0.166728908303915,0.0980048205148824,0.242703605330326,0.455639309721142,0.0559342532279368,0.0655078679910747,NA,0.024498911389904,0.860908511945153,NA,0.32275,26.53,234.88,4.86,4.52,0.34,0.00974166266703714,0.0122659450623958,0.0112283081922061,0.0134357575363728,0.0103559306119823,0.00178946735607508,0.00269860422180428,NA,0.0096906618291557,0.0411618441271675,NA,0.0115085420624873,0.834902159634059,8.49526641813849,0.384029670570892,0.350894959677783,0.068490211643045,100
"house","R20","maaslin3","abundance",0.03,0.000912698412698413,0.09,0.00211785139176444,0.129731431178482,0.043785346915393,0.0647109287518338,0.0424661161851564,-0.0398049887340326,1.01894867518959,NA,10.86372,17.44,236.13,0.05,0.02,0.03,0.0171446607997765,0.000657407528383373,0.0287623491264661,0.000941495789598455,0.00880188372346734,0.00162611057345339,0.00304292606886676,0.0061578481596122,0.0194727636110016,0.0190994670345817,NA,0.404197768645224,0.56609953795131,8.45563173753494,0.021904291355759,0.014070529413629,0.0171446607997765,100
"house","R20","maaslin3","combined",0.0233333333333333,0.0263173219358078,0.0699285714285714,0.0443663553924919,0.368092699136079,0.0484468794179969,0.0805578676330757,NA,NA,NA,NA,10.86372,26.64,236.47,0.7,0.66,0.04,0.0125394998799417,0.00447736458949771,0.0208099650429874,0.00558926655096572,0.00969899060903286,0.00159680293283521,0.00311366970338393,NA,NA,NA,NA,0.404197768645224,0.835393816282374,8.45767185053388,0.0958744970882205,0.0923541711526497,0.0196946385566932,100
"house","R20","maaslin3","presence",0,0.0327876853221996,0,0.0533379908737041,0.607403023412399,0.0395061818361845,0.0664167402793836,0.0332003013821196,NA,NA,NA,10.86372,19.15,235.81,0.6,0.6,0,0,0.00584112994376241,0,0.0073908163697335,0.0123787787987462,0.00141966675033856,0.00269298913357401,0.00713121368642665,NA,NA,NA,0.404197768645224,0.639819261095418,8.47055142326291,0.0910100449556437,0.0910100449556436,0,100
"house","R20","pursue","abundance",0.09,0.00503434970826275,0.11,0.00652891492565405,0.130511650998837,0.0487816428483623,0.0640390703407607,0.0539588277219856,-0.0355320843669267,0.994307316944714,0.949542756903849,19.81013,17.44,236.13,0.17,0.07,0.1,0.0278705521432152,0.00200403789391875,0.0297972949758663,0.00214896792327086,0.00880901135098506,0.00163758247423132,0.00275174672618886,0.0123424325968799,0.00869941875266348,0.018561757544776,0.00172069783703767,0.760316496918131,0.56609953795131,8.45563173753494,0.0427702341505507,0.0256432399976243,0.0301511344577764,100
"house","R20","pursue","combined",0.0760277777777778,0.0446435047903009,0.0983452380952381,0.0676857571091812,0.284326500095674,0.0501174251867371,0.0705693256577286,NA,NA,NA,NA,19.81013,26.64,236.47,1.44,1.28,0.16,0.0208300092746581,0.00546005947838216,0.020789429413819,0.00717091638313762,0.0122778748520747,0.00188743738439497,0.00330041987336249,NA,NA,NA,NA,0.760316496918131,0.835393816282374,8.45767185053388,0.184401844904113,0.172959970846296,0.036845294917747,100
"house","R20","pursue","presence",0.0410598845598846,0.0813647555534638,0.0787778887778888,0.131271029254648,0.395613951558968,0.0496308680548144,0.0794219150304004,0.060069532039229,NA,NA,NA,19.81013,19.07,234.7,1.83,1.69,0.14,0.0142006130702838,0.00904222392270205,0.0191395677779093,0.0126908331531854,0.0181569940118818,0.00179945315081899,0.00426133982422388,0.0125625060289128,NA,NA,NA,0.760316496918131,0.643421253216669,8.50129520732107,0.228767006874557,0.211629082800235,0.0402517331328978,100
"house","R20","wilcoxon_tss","single",0,NA,0,NA,NA,NA,NA,NA,NA,NA,NA,0.0217600000000001,0,0,0,NA,0,0,NA,0,NA,NA,NA,NA,NA,NA,NA,NA,0.000187012666345723,0,0,0,NA,0,100
"house","R20","zicoseq","single",0.0300010822510822,0.11385064624894,0.0785805028305028,0.164625375343556,0.424668097861871,0.0505630469634275,0.0683257001566827,NA,NA,NA,NA,66.6629,26.64,236.47,3.46,3.23,0.23,0.00738016466403129,0.00990710241478375,0.0113722795884332,0.0116042632898953,0.0110027465427648,0.00192059536220027,0.00283075165687336,NA,NA,NA,NA,2.02853871455899,0.835393816282374,8.45767185053388,0.329805574803879,0.296053162029178,0.0583528106011228,100
"house","R21","adapt","single",0.0250836940836941,0.0935351658899332,0.0675639360639361,0.140048488597169,0.380684279579084,0.0500760648036861,0.0649126044346241,NA,0.0354672575053908,1.94139494177368,NA,0.470430000000001,27.02,238.96,2.97,2.8,0.17,0.00680947627671167,0.0084465082221564,0.0115278833366168,0.011205427069051,0.0111085377003641,0.00153817941246167,0.00255805210748596,NA,0.0272008092732815,0.0570830193729321,NA,0.0118539875658837,0.85552039807076,8.34066247399153,0.293861439209954,0.27154626445115,0.0472581562625261,100
"house","R21","aldex2","single",0,0.00136575110713042,0,0.00229557566853393,0.301719782016213,0.00413565568165796,0.276250406408687,NA,NA,NA,NA,64.47891,27.02,238.96,0.05,0.05,0,0,0.000722815422474451,0,0.00100347382485159,0.0103597643152831,0.000482613454444531,0.00392274617147825,NA,NA,NA,NA,2.40717255805678,0.85552039807076,8.34066247399153,0.0261116483933547,0.0261116483933547,0,100
"house","R21","ancombc2","single",0,0.00800957749733454,0,0.00800957749733454,0.101632745967771,0.530812059137113,0.50767439552155,NA,-0.0102522827326448,1.04167982411895,0.441483307321049,86.80107,27.02,238.96,0.27,0.27,0,0,0.00221525682665066,0,0.00221525682665066,0.00554238899187161,0.00466453200793258,0.00421085965341435,NA,0.0178535331647362,0.0147991315384723,0.00432212279743044,3.74347077699738,0.85552039807076,8.34066247399153,0.0763498063474488,0.0763498063474487,0,100
"house","R21","corncob","single",0.432962301587302,0.0614624975697593,0.531691478456184,0.0890420439449169,0.175259847854305,0.0972696657324005,0.0974407799985813,NA,NA,NA,NA,10.9773,26.72,238.49,3.4,1.5,1.9,0.0376385140594106,0.00712073046739016,0.0344658105488641,0.00833344729337978,0.00929974668563179,0.00406743758785621,0.00475287524530212,NA,NA,NA,NA,0.390958258512325,0.853759363348391,8.33464832049095,0.318138525193226,0.156669890360128,0.217655088095219,100
"house","R21","fastancom","single",0.002,0.025356430575586,0.02875,0.0404057200210336,0.312233184660162,0.0362333648849874,0.0955661200939374,NA,-0.0989166261457976,0.568870518286285,NA,0.0399900000000002,27.02,238.96,0.83,0.82,0.01,0.002,0.00427729470600865,0.015060379319676,0.00558782973335131,0.0123483866165352,0.00219247747756949,0.0045553177271517,NA,0.0167172346067798,0.0104427260318882,NA,0.000969587541174459,0.85552039807076,8.34066247399153,0.140744772226505,0.138082101181386,0.01,100
"house","R21","ldm","single",0.0180555555555556,0.0374839250526471,0.0526150793650794,0.0652424286975399,0.298783024099989,0.0474237893647193,0.0655856316502107,NA,NA,NA,NA,13.63335,27.02,238.96,1.15,1.1,0.05,0.0109654808169695,0.00607564000607213,0.0123702679863301,0.00799978801905232,0.0107057577764686,0.00175147080694541,0.00239317096413421,NA,NA,NA,NA,1.24212215321606,0.85552039807076,8.34066247399153,0.192471957815819,0.183402190925746,0.0261116483933547,100
"house","R21","limma_logtss","single",0.027,0.0429481468779837,0.0651726998491704,0.0756408818598626,0.316407221652737,0.0516620449012138,0.0930614457083553,NA,-0.0423098252884658,0.567440355938433,0.931521299834032,0.0407299999999999,27.02,238.96,1.36,1.28,0.08,0.0129007695156731,0.00573924883195897,0.0179414629735365,0.00838934893796161,0.0123574129882971,0.00363270963655469,0.00547429642302768,NA,0.0191115219268268,0.011423607929718,0.00350264303983397,0.000341374228137344,0.85552039807076,8.34066247399153,0.179516747481294,0.174124070476175,0.0338743966363203,100
"house","R21","linda","single",0.039734126984127,0.0829702508986669,0.083379323291088,0.123924814964452,0.36955829581291,0.052679429147185,0.0654225326894546,NA,0.00228368867194405,0.524078530444859,0.919982244476529,0.18555,27.02,238.96,2.67,2.49,0.18,0.0130441373457564,0.0082116139078326,0.0163413025768432,0.0108710510127313,0.00999897878048882,0.00212478953944211,0.00250189712459573,NA,0.00673561153882818,0.00958260500185946,0.0023423482235444,0.00531792043733054,0.85552039807076,8.34066247399153,0.287467169842703,0.266095980253499,0.0479477830456206,100
"house","R21","lm_logtss","single",0.0195833333333333,0.0539716127575442,0.0646392496392496,0.0857065881869511,0.322792494504462,0.0516355753599481,0.0932256828494538,NA,-0.0423098252884658,0.567440355938433,0.931123286421354,0.04998,27.02,238.96,1.69,1.63,0.06,0.0111340514446121,0.00657719013921139,0.0172234818553602,0.00857848174701361,0.0127445926544363,0.0038270593628898,0.00554426626268331,NA,0.0191115219268268,0.011423607929718,0.00365180511250617,0.000419229692833812,0.85552039807076,8.34066247399153,0.212581535159828,0.207756170215535,0.0277797979063414,100
"house","R21","locom","single",0.0390064102564103,0.0124286140230774,0.0664444444444444,0.0251499357229638,0.231977848467976,0.0483162172869741,0.0989860648912666,NA,-0.041011333824829,1.29577940689706,NA,173.26362,27.02,238.96,0.48,0.32,0.16,0.0169039952477632,0.00364631598673941,0.0208425411750522,0.00605220042198849,0.00906184637641096,0.00464560429326154,0.00605525375097423,NA,0.00948374469479242,0.0392724383811063,NA,7.85291901470216,0.85552039807076,8.34066247399153,0.161733038546785,0.0839432227548159,0.0961060020829273,100
"house","R21","locom2","single",0.121380317957904,0.04137958575357,0.153760651629073,0.0523095797564236,0.240533467414566,0.0466278484513998,0.10657412750591,NA,NA,NA,NA,61.01501,27.02,238.96,1.67,1.04,0.63,0.0281915017266212,0.00700163131575987,0.0305848239753957,0.00841674255020308,0.00926301823733013,0.0046611567869575,0.00556727433120567,NA,NA,NA,NA,5.09709190448105,0.85552039807076,8.34066247399153,0.374450439061208,0.169324266042133,0.238960290010747,100
"house","R21","logistic_presence","single",0.053967032967033,0.0948169875754682,0.109357281607282,0.147079268891308,0.37307072296778,0.0560915619625184,0.0673441285005391,NA,0.0189768350057165,0.929280863856389,NA,0.32801,26.9,237.41,2.98,2.74,0.24,0.0151379717592009,0.00820029406972598,0.0171920456542671,0.0100002331997227,0.0104371644161602,0.00148687456580114,0.00259553826434023,NA,0.0105436565869962,0.0405553729450939,NA,0.0117994050098239,0.860760762877288,8.3831612730099,0.278879431607527,0.255690785476868,0.0605029425780768,100
"house","R21","maaslin3","abundance",0.02,0.00186217874197414,0.045,0.00233836921816462,0.115280183811483,0.0438788115051217,0.0620935004216289,0.0459423993514903,-0.0146629907012466,1.17724308240675,NA,10.89619,17.47,238.69,0.06,0.04,0.02,0.014070529413629,0.00092927697849329,0.0202197523189179,0.0010355669437367,0.00658020250777756,0.00157063366114068,0.00257355315037045,0.0072047734155451,0.0221297613524526,0.0237370300102275,NA,0.382574924515025,0.647833218342405,8.3408656261769,0.0238683256575942,0.0196946385566932,0.014070529413629,100
"house","R21","maaslin3","combined",0.0333333333333333,0.00814046930576166,0.0496666666666667,0.0133112476614165,0.290492279033341,0.0483468098212467,0.0789687026898196,NA,NA,NA,NA,10.89619,27.02,238.96,0.31,0.27,0.04,0.0174077655955698,0.00192144849420208,0.0197600363054415,0.00245943748785637,0.00967099276561736,0.00158551410787288,0.0024392920362753,NA,NA,NA,NA,0.382574924515025,0.85552039807076,8.34066247399153,0.0691872003109584,0.0649086382011771,0.0196946385566932,100
"house","R21","maaslin3","presence",0,0.00882383764547882,0.005,0.0136023691930506,0.486443990926853,0.0397048809639303,0.0660848196729735,0.0423915019561891,NA,NA,NA,10.89619,19.21,238.35,0.21,0.21,0,0,0.00225929843702114,0.005,0.00282754368302465,0.0132274717672688,0.00128956936367607,0.00224824465174574,0.00776406273646911,NA,NA,NA,0.382574924515025,0.61910574152718,8.35827026472474,0.0555868598672293,0.0555868598672293,0,100
"house","R21","pursue","abundance",0.04,0.00391481032092151,0.08,0.00628028694955603,0.108352144200892,0.0462147759531967,0.0625378385520792,0.0407170270806635,-0.000866185545337555,1.14952039074765,0.952408019184594,20.34579,17.47,238.69,0.14,0.08,0.06,0.01836773631599,0.00153884814751851,0.025346089292517,0.00204691994701332,0.00696635312771533,0.0015503422184768,0.00261072880900884,0.0068068705469641,0.00859792127454789,0.022587859871818,0.00168035813368036,0.77956591045688,0.647833218342405,8.3408656261769,0.0449915817041635,0.0307482445914323,0.0277797979063414,100
"house","R21","pursue","combined",0.0233333333333333,0.0176286780690042,0.0702662337662338,0.0334744354674069,0.229349712253434,0.0475421525319279,0.0725325702916782,NA,NA,NA,NA,20.34579,27.02,238.96,0.63,0.58,0.05,0.0125394998799417,0.00331337450596447,0.0202115536282203,0.0049889176502005,0.0105607310908409,0.00148590730880124,0.00353982808408906,NA,NA,NA,NA,0.77956591045688,0.85552039807076,8.34066247399153,0.117769677632644,0.111173719734459,0.0261116483933547,100
"house","R21","pursue","presence",0.0366666666666667,0.0339799683955485,0.0794642857142857,0.0636731534110953,0.324134948398645,0.0483458364355138,0.0762856462953543,0.0413204992809083,NA,NA,NA,20.34579,19.17,237.31,0.88,0.81,0.07,0.0152752523165195,0.00579889805028582,0.0215443958043543,0.00829521708594787,0.0151862710486984,0.0014753277281684,0.00382252096726244,0.00708138852525066,NA,NA,NA,0.77956591045688,0.620696090179112,8.39065973014463,0.154579912973677,0.151554237382816,0.0293188669562103,100
"house","R21","wilcoxon_tss","single",0,NA,0,NA,NA,NA,NA,NA,NA,NA,NA,0.0225299999999999,0,0,0,NA,0,0,NA,0,NA,NA,NA,NA,NA,NA,NA,NA,0.000233746387645612,0,0,0,NA,0,100
"house","R21","zicoseq","single",0.01575,0.0609995885692255,0.0657090964590964,0.0947115385321171,0.333581231301365,0.0511580174022064,0.0715780801229434,NA,NA,NA,NA,72.55439,27.02,238.96,1.93,1.85,0.0800000000000001,0.00702917501182048,0.00621503497402473,0.0134460124647581,0.00859222183789659,0.0112014610841803,0.00178697165715809,0.00346643445364111,NA,NA,NA,NA,2.23445806300595,0.85552039807076,8.34066247399153,0.214737330737162,0.201697343021216,0.03673547263198,100
"house","R22","adapt","single",0,NA,0,NA,NA,NA,NA,NA,NA,NA,NA,0.0265200000000002,0,0,0,NA,0,0,NA,0,NA,NA,NA,NA,NA,NA,NA,NA,0.000400877824658629,0,0,0,NA,0,100
"house","R22","aldex2","single",0,0.133147149553655,0.00111111111111111,0.178450423446908,0.678027741810183,0.00380467553618917,0.278878081474012,NA,NA,NA,NA,63.31263,31.47,243.75,4.56,4.56,0,0,0.00977853131522833,0.00111111111111111,0.0119743610670147,0.00777762361713299,0.000467484406145866,0.00341597942123254,NA,NA,NA,NA,2.35916398167986,0.900219389646185,8.40036525179925,0.404849392123825,0.404849392123824,0,100
"house","R22","ancombc2","single",0.00707215007215007,0.271920735123699,0.00707215007215007,0.271920735123699,0.253467150607356,0.47010523685588,0.459211969253525,NA,0.0137680123741876,0.439269483214269,0.492478878866529,58.09406,31.47,243.75,9.01,8.94,0.07,0.00264734053801038,0.0114848695004658,0.00264734053801038,0.0114848695004658,0.0102986739542042,0.00510831911261204,0.0044798641182819,NA,0.00735438804945443,0.00581649643821503,0.00474359661244749,2.25195908375644,0.900219389646185,8.40036525179925,0.488968198342079,0.487794459115142,0.0256432399976243,100
"house","R22","corncob","single",0.27433668082004,0.258150663764496,0.345823044170579,0.320715545722409,0.373045877588537,0.0914585313508257,0.0979872574118874,NA,NA,NA,NA,10.39296,31.43,243.67,10.99,7.85,3.14,0.0174869157933964,0.0114987149154911,0.0172441478335839,0.0141765505982833,0.0118563107240044,0.00417894841178683,0.00490270760240084,NA,NA,NA,NA,0.377922899496229,0.897949965985935,8.40134735466505,0.501612551193799,0.356292638773866,0.248234167713073,100
"house","R22","fastancom","single",0.0236976240408062,0.492423699585134,0.0541841286214158,0.558499012819556,0.714976900723038,0.0376550064561926,0.105365212500999,NA,-0.00316207742521925,0.284121466362897,NA,0.0375099999999998,31.47,243.75,16.85,16.42,0.43,0.00438592582761306,0.0156436180975946,0.00690339923151688,0.0157001032145282,0.00834522547300817,0.00237871357256637,0.00572333548247057,NA,0.00957917977544662,0.00401654562067799,NA,0.000728426420790163,0.900219389646185,8.40036525179925,0.790265905895099,0.770173796469133,0.0781800563578795,100
"house","R22","ldm","single",0.0482491778445527,0.591516064780062,0.0941515951113162,0.654761698474178,0.741860303192469,0.0457403456081034,0.0746072765159628,NA,NA,NA,NA,49.55988,31.47,243.75,19.54,18.6,0.94,0.00585426889434755,0.0116962303103032,0.00705811957761738,0.0115536758334696,0.00885306596041178,0.00204909223917707,0.00290407149256957,NA,NA,NA,NA,3.15406818848806,0.900219389646185,8.40036525179925,0.656193492035618,0.62893207547044,0.116185153522255,100
"house","R22","limma_logtss","single",0.0513556028810478,0.606424776405207,0.0965059930124434,0.658649105384152,0.733876917821319,0.0534407879258791,0.0923443863356611,NA,-0.0013434719134904,0.279977933923424,0.895614524685792,0.03949,31.47,243.75,20.2,19.09,1.11,0.00683684248768473,0.0106101932337983,0.0111645817476805,0.0099707080587055,0.00900571752146485,0.00389380541513432,0.00514132245965845,NA,0.00824320977651134,0.00398113478513501,0.00387258225493521,0.000341563546892318,0.900219389646185,8.40036525179925,0.659660151253291,0.614980495707799,0.152351931760352,100
"house","R22","linda","single",0.0504133107745319,0.701718355615567,0.0948631626149503,0.740674228482207,0.770022686139126,0.0524641699345199,0.0683022383817549,NA,0.000744055515933103,0.268855800291722,0.888811946394861,0.16673,31.47,243.75,23.07,21.87,1.2,0.00512151295170812,0.00904084472057722,0.00692603533477574,0.00890967993630538,0.00698978710902994,0.00201479100733502,0.00260052764215379,NA,0.00350500960150772,0.0034664249556716,0.00248467166446238,0.00437748728718828,0.900219389646185,8.40036525179925,0.677227711879375,0.640967545152946,0.131809473763221,100
"house","R22","lm_logtss","single",0.0526980511727889,0.602612341081514,0.0998577289892996,0.665753302893778,0.733699518856538,0.0524849403524448,0.0936541447398556,NA,-0.0013434719134904,0.279977933923424,0.89594576008369,0.0466,31.47,243.75,20.19,19.03,1.16,0.00744818126185127,0.0117626453674829,0.0108768123062228,0.0103126043663782,0.00880334733097258,0.00392209995705929,0.00512819735382453,NA,0.00824320977651134,0.00398113478513501,0.00384278489483735,0.000405517502019881,0.900219389646185,8.40036525179925,0.684857133225093,0.636190524794565,0.155518032992507,100
"house","R22","locom","single",0,NA,0,NA,NA,NA,NA,NA,NA,NA,NA,0.0259300000000017,0,0,0,NA,0,0,NA,0,NA,NA,NA,NA,NA,NA,NA,NA,0.000320118349326906,0,0,0,NA,0,100
"house","R22","locom2","single",0,NA,0,NA,NA,NA,NA,NA,NA,NA,NA,0.029079999999999,0,0,0,NA,0,0,NA,0,NA,NA,NA,NA,NA,NA,NA,NA,0.000518677416730862,0,0,0,NA,0,100
"house","R22","logistic_presence","single",0.0459666716702528,0.723876521724564,0.0981290757870064,0.751774224619045,0.758514898140243,0.0550183860687999,0.0657255586684661,NA,0.00453429403609765,0.355565560168218,NA,0.29149,31.38,242.21,23.64,22.45,1.19,0.00457897600814143,0.00925625658638392,0.00619118126553177,0.0086963285480777,0.00745684208473619,0.00168484236761143,0.0025839715417247,NA,0.00364940055469435,0.00450328835959058,NA,0.0111945106948437,0.900368050445276,8.4386950855849,0.699569853408493,0.641238542733411,0.130031076316705,100
"house","R22","maaslin3","abundance",0.075,0.0641637174616457,0.1775,0.0938297080293398,0.316642380096364,0.0429480820010867,0.0661343964961297,0.0454645786360183,-0.0109330137446856,0.496257473568582,NA,8.58625,19.82,243.75,1.52,1.39,0.13,0.0222695203719839,0.00622923096376956,0.0293658422934316,0.00843540875160454,0.0131711278310607,0.00141953256082594,0.00252065713058734,0.00760435727737608,0.00973278418768332,0.00885240602070495,NA,0.319234628692699,0.632835530039842,8.40036525179925,0.144585789429842,0.141346340167646,0.0337997668989631,100
"house","R22","maaslin3","combined",0.0176891907808117,0.526649839305733,0.0377803319449296,0.629797851165944,0.777110398140595,0.0465527376173603,0.0814327831722619,NA,NA,NA,NA,8.58625,31.47,243.75,16.97,16.68,0.29,0.00376284624309354,0.012711425637086,0.00508852949205087,0.0117153401992885,0.00753349521894043,0.00152898199928979,0.00327782518298146,NA,NA,NA,NA,0.319234628692699,0.900219389646185,8.40036525179925,0.637934640900309,0.627465641539942,0.0555868598672293,100
"house","R22","maaslin3","presence",0.00562947670901391,0.662793662441679,0.0121505808471158,0.790866946914417,0.94521521438714,0.0430428992013404,0.0621627719029402,0.077427745157337,NA,NA,NA,8.58625,24.11,243.16,16.36,16.26,0.1,0.00187503576168118,0.0144566684486341,0.00255377163502027,0.0129245128229901,0.00373948544972458,0.00157894106105512,0.00225479692975038,0.0138312597617988,NA,NA,NA,0.319234628692699,0.636101605504382,8.42280118475913,0.617508843432361,0.611938466570526,0.0301511344577764,100
"house","R22","pursue","abundance",0.0381785714285714,0.0548838514713475,0.0855515873015873,0.0787886944965806,0.31267988244257,0.0468932382214712,0.0647494198049027,0.0452052593089745,-0.00339196316451863,0.484380604584738,0.946847318690059,10.55537,19.82,243.75,1.32,1.2,0.12,0.0133942025939537,0.00667106768627109,0.0201270552645725,0.00852949195629,0.012607241442032,0.00145728310557419,0.00254927506591229,0.00781202987365062,0.00411876296459393,0.00860620994689701,0.00158940876437625,0.372646195473683,0.632835530039842,8.40036525179925,0.168702715036262,0.150420286618071,0.0356186309210063,100
"house","R22","pursue","combined",0.0464942893542833,0.474608279797091,0.107533234143204,0.546345665232714,0.651472642390684,0.0512742603505069,0.0943877232009928,NA,NA,NA,NA,10.55537,31.47,243.75,17.02,16.17,0.85,0.00659221704048183,0.0216315631691438,0.00998889901820523,0.0205852146474107,0.0152855665885667,0.00152735946655446,0.00567240699674666,NA,NA,NA,NA,0.372646195473683,0.900219389646185,8.40036525179925,1.0160310979095,0.965783818376755,0.109521456778795,100
"house","R22","pursue","presence",0.0570629610597597,0.608714556511467,0.110576277049951,0.678779927585126,0.762809925401605,0.0564759819469504,0.101800265132396,0.067685135159625,NA,NA,NA,10.55537,24.06,242.17,16.69,15.7,0.99,0.00685600806724413,0.0271440073819852,0.00889352032921725,0.0251689474858499,0.01771324488131,0.00149703879985388,0.00635616182521387,0.0156140103991404,NA,NA,NA,0.372646195473683,0.635930877382189,8.44131320867012,0.980073693374353,0.922830516192525,0.111459554652045,100
"house","R22","wilcoxon_tss","single",0,NA,0,NA,NA,NA,NA,NA,NA,NA,NA,0.0215900000000001,0,0,0,NA,0,0,NA,0,NA,NA,NA,NA,NA,NA,NA,NA,0.000168831396381242,0,0,0,NA,0,100
"house","R22","zicoseq","single",0.0655259660181155,0.664617759871215,0.115289552609959,0.719995830719525,0.754273529411325,0.0586969743195277,0.0854936910358919,NA,NA,NA,NA,73.69471,31.47,243.75,22.52,20.96,1.56,0.00591795666693336,0.0102442734925679,0.0070262031149544,0.00958290999925426,0.00706463816186591,0.00245666023875014,0.00482110406207893,NA,NA,NA,NA,2.21481857173814,0.900219389646185,8.40036525179925,0.750418065299119,0.694992188023823,0.164728120050444,100
"house","R23","adapt","single",0.0914711122211122,0.171099807588553,0.156771698073169,0.238969066803017,0.433907314567801,0.0594827816882014,0.0705900647597345,NA,0.0353126667426874,1.68676753704395,NA,0.39641,24.3,218.08,4.69,4.21,0.48,0.0152483350918169,0.0112776073292805,0.0169404030231463,0.0129593074908606,0.0104090459739219,0.00203367375865745,0.00296174385611143,NA,0.0298692377966246,0.0444990864119094,NA,0.00921067776271002,0.823701917252138,7.96002233386035,0.343097889262178,0.316002493277467,0.0717459040466754,100
"house","R23","aldex2","single",0.0383333333333333,0.0220331702632561,0.052,0.0289387819351523,0.310472658690651,0.0127737013482139,0.248386005921265,NA,-0.0175808008727092,0.785949075132429,NA,11.08063,24.3,218.08,0.62,0.57,0.05,0.0180184155702797,0.0034407809356992,0.0207671068585089,0.00396897397452884,0.0105434677414275,0.000974627142542431,0.00382477957103041,NA,0.00343742246317171,0.0100841880313645,NA,0.401153999159193,0.823701917252138,7.96002233386035,0.0918716715881672,0.0890522488784142,0.021904291355759,100
"house","R23","ancombc2","single",0.00833333333333333,0.026587268344532,0.00833333333333333,0.026587268344532,0.113214018644857,0.500751604064272,0.489610838732507,NA,0.00697196713151667,0.978554275141004,0.466708930658915,64.27553,24.3,218.08,0.71,0.69,0.02,0.00598117135471061,0.00367794962628777,0.00598117135471061,0.00367794962628777,0.0062871274167631,0.00533227574397031,0.00456635763353922,NA,0.0188989349051837,0.0152944632206423,0.0049666289530254,2.83371889759675,0.823701917252138,7.96002233386035,0.0967084549174748,0.0939535668682819,0.014070529413629,100
"house","R23","corncob","single",0.615932359814995,0.169588821510421,0.660296176129973,0.234060428330696,0.179205197696622,0.155240276641817,0.163677603268889,NA,NA,NA,NA,9.92222,24.1,217.84,11.34,3.82,7.52,0.0233187767392722,0.011087915585487,0.0185103376725355,0.0123297549850236,0.00818154876181683,0.00428579475597462,0.00541621467505723,NA,NA,NA,NA,0.394432808370693,0.819645156038991,7.95641815762532,0.661528685712269,0.248786956038594,0.498984828011693,100
"house","R23","fastancom","single",0.0328333333333333,0.0523723593862143,0.0802142857142857,0.0769475972286748,0.332917486260949,0.0427388875085873,0.0946116738685083,NA,-0.0697899735210885,0.514162747936147,NA,0.0339099999999959,24.3,218.08,1.43,1.34,0.09,0.0138948573034676,0.00557630702846902,0.0196902461580682,0.0073891341891594,0.0103388352473221,0.00211530532865997,0.00536040944227459,NA,0.0149714737027879,0.00725469049151652,NA,0.000518368653185695,0.823701917252138,7.96002233386035,0.154563575883515,0.14717542614379,0.0350900716914789,100
"house","R23","ldm","single",0.0989087301587302,0.128293067224349,0.169022641101589,0.176465526914555,0.353467160157979,0.0674724216213066,0.0780780212431162,NA,NA,NA,NA,28.57925,24.3,218.08,3.55,3.07,0.48,0.0162951800158258,0.00972051987342943,0.018337906387652,0.0121396641011259,0.0106290171378269,0.00198037736364072,0.00310702723324591,NA,NA,NA,NA,2.62165673998294,0.823701917252138,7.96002233386035,0.266050424323714,0.232359439427171,0.0797470749281499,100
"house","R23","limma_logtss","single",0.09791163003663,0.115925959283936,0.15386928276402,0.164758623702084,0.372066261787782,0.064074409001192,0.0963955568733903,NA,0.0288596532745961,0.513806123156768,0.911489726335197,0.0423300000000002,24.3,218.08,3.32,2.88,0.44,0.0204625832358375,0.0108042432307808,0.0225475288415031,0.0127386357841771,0.0127677230621304,0.00336399611780856,0.00546444302389496,NA,0.0166003055637034,0.00818371634670527,0.00375232984363111,0.000504936239599239,0.823701917252138,7.96002233386035,0.346957919609566,0.294830888010827,0.0832666399786453,100
"house","R23","linda","single",0.0921112221112221,0.149864555944954,0.188109329095397,0.213985681654698,0.412159030606279,0.0676170575807767,0.0749750145936871,NA,-0.0186968100508841,0.475996262792584,0.896176044857399,0.17274,24.3,218.08,3.99,3.52,0.47,0.0150241453713635,0.010916183032658,0.0198203133711052,0.0125613577997333,0.0103799183590255,0.00243143750491298,0.00314556551914714,NA,0.00667967774466995,0.00674308621905352,0.00296503237859755,0.00526322518936244,0.823701917252138,7.96002233386035,0.298986503529723,0.266469624171425,0.0822106188918795,100
"house","R23","lm_logtss","single",0.113743256743257,0.126556497359362,0.148972485117222,0.171560173055652,0.374262927299812,0.0641840927393428,0.096751973658147,NA,0.0288596532745961,0.513806123156768,0.911649275864367,0.0417699999999999,24.3,218.08,3.63,3.16,0.47,0.022906890447481,0.011358584392872,0.0219422935669313,0.012782127640236,0.0126618798841958,0.00334139073773167,0.00557170489562589,NA,0.0166003055637034,0.00818371634670527,0.00373856521350639,0.000556296374755098,0.823701917252138,7.96002233386035,0.361158349668609,0.315178320538348,0.080972622883081,100
"house","R23","locom","single",0.0828968253968254,0.0662727285887814,0.177467948717949,0.104642034148403,0.272536492445378,0.0655042960663722,0.073282303094231,NA,-0.0456662123955185,1.18735323673391,NA,143.13091,24.3,218.08,1.89,1.6,0.29,0.0201695888026274,0.00681993518162245,0.0251002370504302,0.00951869477514032,0.00957738446246412,0.00192744800222374,0.00253926582428202,NA,0.00854761171963541,0.0185677375038811,NA,5.58978579497968,0.823701917252138,7.96002233386035,0.199946962664572,0.168174993036504,0.065589787330195,100
"house","R23","locom2","single",0.12540873015873,0.0628073883926963,0.169687229437229,0.0926530249754947,0.266860104040521,0.0553863820535177,0.0989281925976715,NA,NA,NA,NA,26.88709,24.3,218.08,1.83,1.49,0.34,0.0245695853759576,0.00634029952991307,0.0261259623686776,0.00840183447976898,0.0098072049753156,0.00152014876378987,0.003004614921598,NA,NA,NA,NA,1.47192563273489,0.823701917252138,7.96002233386035,0.187517002596101,0.156666666666667,0.0589812502307969,100
"house","R23","logistic_presence","single",0.0738899711399711,0.174548702231128,0.138784303115185,0.247263755194528,0.454185983852123,0.056881244596454,0.117537896048102,NA,-0.00693523581939962,0.821086572776812,NA,0.30056,24.13,216.82,4.61,4.21,0.4,0.0134676325064867,0.0126819619882803,0.0164449560062444,0.0136131589051829,0.0107648585140663,0.00206848193487693,0.00238730650094944,NA,0.0106495874523113,0.0438419870267119,NA,0.0118153069696847,0.827879730688491,7.9922485173846,0.331478170891807,0.309543489217867,0.0666666666666667,100
"house","R23","maaslin3","abundance",0.135,0.00795893329461105,0.2175,0.0129061886536311,0.11388133931531,0.0631883206771449,0.0750117817469423,0.0900632145632146,-0.034168767383215,1.05708276804243,NA,9.51247,15.87,217.88,0.3,0.12,0.18,0.0332233032491936,0.00234556576002741,0.0396727459054294,0.00292522406337921,0.00879812384282522,0.00172362297355722,0.00253007491514275,0.0119842805731681,0.0210538001752024,0.0195063860271277,NA,0.407843266452824,0.595887420727958,7.95584125664974,0.0577350269189626,0.032659863237109,0.045792681696639,100
"house","R23","maaslin3","combined",0.104761904761905,0.0305575290967742,0.129944444444444,0.0522929876731805,0.322836986422737,0.0623087860667769,0.107134663767897,NA,NA,NA,NA,9.51247,24.3,218.08,1.02,0.8,0.22,0.0271507250016321,0.00486442939936873,0.0255438287396708,0.0060296245664873,0.0100836470351565,0.00185856421958428,0.00294653473327521,NA,NA,NA,NA,0.407843266452824,0.823701917252138,7.96002233386035,0.149733770473471,0.132573593055923,0.0523778039195454,100
"house","R23","maaslin3","presence",0.01,0.0359681352248555,0.0158333333333333,0.0662882708159461,0.605597637691679,0.0402202727576283,0.071967080444374,0.0567203361766642,NA,NA,NA,9.51247,16.9,217.64,0.65,0.64,0.01,0.01,0.0060991670313669,0.0107709939079135,0.00797339724521842,0.0136182885664453,0.00185373544820797,0.0026371136932322,0.00884660560229108,NA,NA,NA,0.407843266452824,0.571459234386545,7.97663912416575,0.110439891782678,0.110572431583386,0.01,100
"house","R23","pursue","abundance",0.219166666666667,0.0122106301271902,0.327833333333333,0.0165535323940055,0.10672433417078,0.0718522430725468,0.0811349191392239,0.0820539044289045,-0.0207978351926879,1.03776737918825,0.926553102413762,9.78539,15.87,217.88,0.56,0.2,0.36,0.0391881522843484,0.00285243984881402,0.0434542827734853,0.00338093586669543,0.00791398864647442,0.00224449198122712,0.00269568176463858,0.012174841306291,0.0164871334574073,0.0183766023252328,0.0022201671987705,0.356725462130646,0.595887420727958,7.95584125664974,0.0879853063949552,0.0471404520791031,0.0689312349484263,100
"house","R23","pursue","combined",0.128428571428571,0.0330833404575454,0.193769841269841,0.0513302361197703,0.217099370464444,0.0560494500003861,0.0928113422062539,NA,NA,NA,NA,9.78539,24.3,218.08,1.11,0.81,0.3,0.0281189483437943,0.00433049435776779,0.030632536567944,0.00598445166299052,0.0106468018171714,0.00178178126730983,0.00502707213695586,NA,NA,NA,NA,0.356725462130646,0.823701917252138,7.96002233386035,0.138458322504308,0.111640657305644,0.0643538199442282,100
"house","R23","pursue","presence",0.0236666666666667,0.045634036939041,0.05625,0.0717351088112866,0.342960239241314,0.0323880801142851,0.182393673031098,0.039636475955549,NA,NA,NA,9.78539,16.85,216.82,0.84,0.79,0.05,0.0123573340046995,0.00645368333310304,0.0195467636199313,0.00916869304921055,0.0154922792944154,0.00156433065093333,0.00969479954376517,0.0089431835291199,NA,NA,NA,0.356725462130646,0.57126034681079,7.9922485173846,0.126905675621898,0.119167991092449,0.021904291355759,100
"house","R23","wilcoxon_tss","single",0.0548575036075036,0.146530989388042,0.134762975328765,0.224268295458754,0.438274507198389,0.0580275291256024,0.0706089969462231,NA,0.00182160090756741,1.81219322293732,NA,0.15353,24.3,218.08,3.84,3.55,0.29,0.0109571062492846,0.0115920860429137,0.014809415026278,0.0133595788534847,0.0108741628766262,0.0021767652845481,0.00294738133102244,NA,0.0347817061381175,0.042644536349524,NA,0.00453517019381508,0.823701917252138,7.96002233386035,0.318049611783375,0.293833939221431,0.0555868598672293,100
"house","R23","zicoseq","single",0.171270562770563,0.128869022691057,0.23105488955489,0.181636697002794,0.372261659736168,0.0670654065391664,0.0746276573771873,NA,NA,NA,NA,62.54119,24.3,218.08,3.91,3.24,0.67,0.0251765690384305,0.00981233033439294,0.0239073192986877,0.0112668575765448,0.0120396370460436,0.00254681135443363,0.00314363022716766,NA,NA,NA,NA,1.99145910979839,0.823701917252138,7.96002233386035,0.297496286370167,0.274917802224225,0.0876805496554326,100
"house","R24","adapt","single",0.0446978160728161,0.182840376179033,0.0910326011707591,0.262045158844388,0.473703230449089,0.0495726630804259,0.0631780142487513,NA,0.0404091131769952,1.65617772760919,NA,0.427010000000002,26.35,236.9,5.35,5.05,0.3,0.0121409443429625,0.0116686132852459,0.0133109807602527,0.0143232035874941,0.00925911263824187,0.00168311050285537,0.0023593178288791,NA,0.0234161000859566,0.0463277942168153,NA,0.0100115236128424,0.821967951401582,8.27580750736687,0.389606120707734,0.362197278685068,0.0611340636419152,100
"house","R24","aldex2","single",0,0.0195959421034685,0,0.0328473101323988,0.350786154091267,0.00646041338088298,0.256447320174365,NA,-0.014535000767645,0.802829976498554,NA,10.55591,26.35,236.9,0.59,0.59,0,0,0.00341188718100707,0,0.00435868783589658,0.0102833355300787,0.000591933719193945,0.00336021298929364,NA,0.00289240648307091,0.0106233278727251,NA,0.381703595433245,0.821967951401582,8.27580750736687,0.106453385255347,0.106453385255347,0,100
"house","R24","ancombc2","single",0,0.0260322892343777,0,0.0260322892343777,0.150648633752038,0.450088106777257,0.441840035866444,NA,-0.0326753825215516,0.810982952534934,0.516502285056451,67.93641,26.35,236.9,0.78,0.78,0,0,0.00361231626835209,0,0.00361231626835209,0.00702092778836358,0.00511778564066773,0.00473891124597554,NA,0.0171245802116072,0.0126179521421733,0.00496534862585923,3.05823967139529,0.821967951401582,8.27580750736687,0.110627229190574,0.110627229190574,0,100
"house","R24","corncob","single",0.393584776334776,0.0910513851090503,0.464064831711117,0.13064386100461,0.220852007914814,0.0945714045821912,0.0922927967632348,NA,NA,NA,NA,9.87577,26.02,236.52,4.07,2.14,1.93,0.0301202807494976,0.00731530289014123,0.0272790084992042,0.00994943583046224,0.00845196419544391,0.00376649611728947,0.00440079365595633,NA,NA,NA,NA,0.363691340122085,0.825475681658824,8.28349313912063,0.292414193578322,0.167585346867942,0.179367575867901,100
"house","R24","fastancom","single",0.0111666666666667,0.0587942398651818,0.0399603174603174,0.0879530074369592,0.382818266225679,0.0367777895743729,0.0947259358805528,NA,-0.116200219377183,0.516244708733073,NA,0.0350799999999984,26.35,236.9,1.82,1.78,0.04,0.0060952733246637,0.00600007076612677,0.00998311334587428,0.00834402341196596,0.01251958126745,0.00246537822964833,0.00482818369419313,NA,0.0155739693427316,0.00937770791999607,NA,0.000549504827599847,0.821967951401582,8.27580750736687,0.197141184090607,0.19310331143947,0.0196946385566932,100
"house","R24","ldm","single",0.0549011544011544,0.121464267847205,0.121879564879565,0.184791682440749,0.417014270733036,0.0493727914321909,0.0672018981771311,NA,NA,NA,NA,19.6068,26.35,236.9,3.58,3.33,0.25,0.0158639721109763,0.00805535015878235,0.015574134811639,0.0104054763106355,0.0106504630095328,0.00157928436767726,0.00243891222376373,NA,NA,NA,NA,2.08421106208396,0.821967951401582,8.27580750736687,0.275673646901476,0.252684576002365,0.0557320429022713,100
"house","R24","limma_logtss","single",0.0497130647130647,0.102916603011623,0.114281411399058,0.162931100559158,0.40758556587723,0.0559251757756748,0.0953448099908374,NA,-0.0437879823330054,0.508271964618391,0.918080405328774,0.0429100000000002,26.35,236.9,3.2,2.92,0.28,0.0119632858016473,0.00881702245963144,0.0195704190317913,0.0124584864418722,0.0121106160215721,0.00375917262660667,0.00598677839621636,NA,0.0161808856529076,0.00852642136720265,0.0040067404245128,0.000642610679065085,0.821967951401582,8.27580750736687,0.299494523651051,0.268809571739151,0.0620849857416868,100
"house","R24","linda","single",0.039029415029415,0.158894289521821,0.105415797176381,0.235641325491264,0.454567673435744,0.0540920873286157,0.0659266462372673,NA,-0.019736888964257,0.476514575917762,0.910826371904998,0.18558,26.35,236.9,4.64,4.37,0.27,0.00930166615456692,0.0109171940101134,0.0159118821344377,0.0140956100203619,0.0104116032973277,0.00207886525176379,0.00270329673003697,NA,0.00719161486826935,0.00790449664141831,0.00245140030048613,0.00564801171773189,0.821967951401582,8.27580750736687,0.364461689663431,0.338342662955409,0.0583528106011228,100
"house","R24","lm_logtss","single",0.0466636141636142,0.107721135248519,0.116446704439352,0.168949752286612,0.410593839075701,0.0564321681663389,0.0960642373802121,NA,-0.0437879823330054,0.508271964618391,0.917724738359976,0.04193,26.35,236.9,3.29,3.03,0.26,0.0114607523350526,0.00857822530519586,0.0220143951868089,0.0116128487397615,0.0124282364228037,0.00378935354723003,0.006095149643328,NA,0.0161808856529076,0.00852642136720265,0.00405779731362685,0.000565195058847343,0.821967951401582,8.27580750736687,0.300267557456023,0.269100634549886,0.062957417066112,100
"house","R24","locom","single",0.0427142857142857,0.0626571413054405,0.0881165223665224,0.0941687979819954,0.324910820350487,0.0497257987989944,0.0652203097866327,NA,-0.0411380476799305,1.01688300073102,NA,154.8014,26.35,236.9,1.92,1.75,0.17,0.0162186686890513,0.00583625120891591,0.0176087662907361,0.00717911276463445,0.00916839102384086,0.0014791868086555,0.00262680863013852,NA,0.00581677689008589,0.0159996076678408,NA,5.36818636077776,0.821967951401582,8.27580750736687,0.197294836539765,0.174873691791556,0.0620442982835244,100
"house","R24","locom2","single",0.118146825396825,0.0745051693969437,0.168608058608059,0.0968032744487126,0.323718866003941,0.0424726649786081,0.0750439864753243,NA,NA,NA,NA,26.46277,26.35,236.9,2.41,2.04,0.37,0.0235636298201529,0.00641713885395913,0.0245321053045265,0.00773120872662513,0.00945725623133914,0.00136003205242755,0.00278319338731082,NA,NA,NA,NA,1.17474954389427,0.821967951401582,8.27580750736687,0.214190984352231,0.187982376135035,0.0645966506308746,100
"house","R24","logistic_presence","single",0.0666511544011544,0.19748574558899,0.126623226446756,0.270886854908778,0.462494358903217,0.0585892567892522,0.112095718840042,NA,-0.00286586432615597,0.894570369073158,NA,0.3369,26.22,235.18,5.68,5.17,0.51,0.0107930045377522,0.0120720524427371,0.0139995240836334,0.0133593726588537,0.00947288371459875,0.00193863056740389,0.00228521246044611,NA,0.00936389237072391,0.0418765038980041,NA,0.0130852179688735,0.823589090444373,8.308452310628,0.389996114976764,0.35220947623753,0.0858645868372245,100
"house","R24","maaslin3","abundance",0.005,0.0161126575532242,0.0366666666666667,0.020718791128398,0.170616270690421,0.0458506823225946,0.0617518644666742,0.0437556095864919,-0.0755203039157798,0.902366822665262,NA,9.10757,17.04,236.56,0.33,0.32,0.01,0.005,0.00249891117473815,0.0168475037865668,0.00296011241253668,0.0088739746195677,0.00153299776536725,0.00236305465911765,0.00692396157905892,0.0170078093691823,0.0170055680863609,NA,0.345704603644221,0.629400869514378,8.28153989486877,0.0513553671720273,0.0489897948556636,0.01,100
"house","R24","maaslin3","combined",0.007,0.048854503517225,0.0227063492063492,0.0672791678372734,0.403331444573821,0.0498453422190405,0.0882699645471181,NA,NA,NA,NA,9.10757,26.35,236.9,1.43,1.4,0.03,0.00419221125914497,0.00500891180968269,0.00816720888438869,0.00612071138413078,0.0110466266482312,0.00184191892245663,0.00340193868510397,NA,NA,NA,NA,0.345704603644221,0.821967951401582,8.27580750736687,0.162837838404228,0.157634021862302,0.0171446607997765,100
"house","R24","maaslin3","presence",0,0.056646712383988,0.00583333333333333,0.075151297666126,0.627480870127154,0.0425699797798731,0.0701576531811137,0.0351119060677884,NA,NA,NA,9.10757,18.16,236.28,1.1,1.1,0,0,0.00676305924122586,0.00414641543296869,0.00766621869555973,0.0127313488721544,0.00169891472437406,0.00234681265186978,0.00659197241836254,NA,NA,NA,0.345704603644221,0.580094036264027,8.29544209767988,0.143195846675281,0.143195846675281,0,100
"house","R24","pursue","abundance",0.045,0.0162489748579238,0.1,0.0234988351011664,0.17810687455883,0.0455528394732552,0.061974519805945,0.0530712661521485,-0.0107766712426744,0.876060585993883,0.953916596332351,10.56469,17.04,236.56,0.36,0.29,0.07,0.0189296944860009,0.00310964166053209,0.026696111689702,0.00365216232280404,0.00868901848303931,0.00159231351056831,0.00236727682274247,0.00892675558201128,0.00624430302452923,0.0165533803711796,0.00156765053175934,0.386955250119377,0.629400869514378,8.28153989486877,0.0611671001553461,0.0518252697615611,0.0293188669562103,100
"house","R24","pursue","combined",0.0470995670995671,0.0614078049022215,0.0836471861471862,0.0923884969191443,0.32281592691558,0.0433615750722459,0.0891512738948015,NA,NA,NA,NA,10.56469,26.35,236.9,1.94,1.85,0.09,0.0186362169892985,0.00669666467426805,0.0190783898767762,0.00870717101565443,0.0128176485034289,0.00137151539530779,0.00402496064024455,NA,NA,NA,NA,0.386955250119377,0.821967951401582,8.27580750736687,0.22688937365771,0.220822612661444,0.0287623491264661,100
"house","R24","pursue","presence",0.0263059163059163,0.101308417938663,0.0762767787767788,0.150485704967283,0.442423686586605,0.0402032098127392,0.110204763387621,0.034227956683839,NA,NA,NA,10.56469,18.09,235.18,2.22,2.12,0.1,0.011898236000475,0.012046203608105,0.0180630550561389,0.0156321295092123,0.0183426911008701,0.00145813667440138,0.00626990936135381,0.00663572419948387,NA,NA,NA,0.386955250119377,0.581724187483235,8.308452310628,0.28161869772636,0.269034938213976,0.0333333333333333,100
"house","R24","wilcoxon_tss","single",0.0298255078255078,0.151806656001742,0.0767884754134754,0.240770953001476,0.471510686316401,0.0523479954629389,0.0670282671944917,NA,-0.0544956909746749,1.65121262915641,NA,0.16726,26.35,236.9,4.3,4.13,0.17,0.00943201113536254,0.00985518573979352,0.0133695821098964,0.0132060831292478,0.00952438240733851,0.00175429256736669,0.00245027964709193,NA,0.0236393219397177,0.0530956487586104,NA,0.00524394061096358,0.821967951401582,8.27580750736687,0.322396330530287,0.309007861689405,0.0493493012650994,100
"house","R24","zicoseq","single",0.0313178210678211,0.141007471762471,0.102324110529993,0.196956473324023,0.446520564130414,0.0494227950280942,0.0621775208558264,NA,NA,NA,NA,69.495,26.35,236.9,4.28,4.04,0.24,0.00729995835755149,0.00984380590829897,0.0176251918035397,0.0121888114864795,0.0102116432363671,0.0013825853126384,0.00224980733385104,NA,NA,NA,NA,2.13390475978624,0.821967951401582,8.27580750736687,0.340255400212454,0.312668540409195,0.0588097428882822,100
"house","R25","adapt","single",0.393034646962233,0.0732796676047918,0.468495680804762,0.132188901238767,0.186234431689429,0.128578415231373,0.162443469612838,NA,-1.33978903358058,2.59148918418882,NA,0.419939999999999,22.32,209.35,4.42,1.71,2.71,0.0363146924961432,0.00785726344297287,0.0320198049372819,0.0113083003018828,0.00909123658296555,0.00497148184750225,0.00611875318401233,NA,0.0527357448821451,0.0664186059559989,NA,0.00953901949517294,0.868166534319961,8.08460783454484,0.569099945066548,0.189254251516767,0.438153840424557,100
"house","R25","aldex2","single",0.352777777777778,0.0118727736966008,0.401755952380952,0.019769393265801,0.148173285925713,0.0366328278237384,0.20849030523827,NA,-0.00338250408226337,0.927800767581672,NA,9.54061,22.32,209.35,1.25,0.28,0.97,0.043610548153093,0.00239263874407685,0.0428368503336775,0.00356477134570255,0.0107924101369734,0.00234964478596436,0.00401798636496619,NA,0.00441664548940264,0.0116433441107168,NA,0.386984206316464,0.868166534319961,8.08460783454484,0.177169096878911,0.055194788218315,0.145959036733052,100
"house","R25","ancombc2","single",0.411142857142857,0.0213236764476009,0.411142857142857,0.0213236764476009,0.0503979906963768,0.489578806082494,0.474693558186751,NA,0.0253005144921858,1.38083126257564,0.459800909607076,50.20697,22.32,209.35,1.55,0.47,1.08,0.044821285309071,0.00399927044605034,0.044821285309071,0.00399927044605034,0.00390384651145572,0.00580163875420892,0.00550849546294019,NA,0.0278897940221251,0.0263923299731064,0.00592555808041342,2.3141813434986,0.868166534319961,8.08460783454484,0.209557012323953,0.0892788164723696,0.156785899180437,100
"house","R25","corncob","single",0.857755588964959,0.18275433961388,0.864777721322862,0.24671949438888,0.0825832251133625,0.275984955595199,0.295675069034212,NA,NA,NA,NA,9.24922,20.33,200.83,33.06,3.81,29.25,0.0100342310168348,0.0115219449489445,0.0079879373938189,0.0119815452312518,0.0071540834713691,0.0079613494618983,0.00796645222243869,NA,NA,NA,NA,0.367153284967772,0.798237325789034,7.84994441207881,2.868773714719,0.270314070979845,2.69096411696401,100
"house","R25","fastancom","single",0.379206146937245,0.101357641133487,0.457762096727678,0.1665196785055,0.221137602027274,0.13917145367677,0.207942891400965,NA,0.166366726995095,0.676435114900117,NA,0.03417,22.32,209.35,7.12,2.54,4.58,0.0349787522055659,0.0104995690765459,0.0341388972217978,0.0161704171013735,0.00989543165336337,0.00959322420140142,0.0107447821369243,NA,0.0159623510914756,0.0103763234741097,NA,0.00056961000303322,0.868166534319961,8.08460783454484,1.09639261566136,0.270957896762914,0.899515020845829,100
"house","R25","ldm","single",0.385038923821277,0.0495723582566104,0.525009130780929,0.118057931864052,0.138719214733613,0.131622586227091,0.27292579236499,NA,NA,NA,NA,40.08747,22.32,209.35,5.33,1.22,4.11,0.0399677373025416,0.00752051000347796,0.0382033245324345,0.013846847529944,0.00899705547828869,0.00645218541535649,0.00764970498493598,NA,NA,NA,NA,2.49712520676752,0.868166534319961,8.08460783454484,1.04871783188286,0.193625693261274,0.883507129843811,100
"house","R25","limma_logtss","single",0.572852366996154,0.100136842757752,0.664624847183226,0.14480509235837,0.120174175699259,0.186024379526053,0.253797461964085,NA,-0.503725373754838,0.837965133379463,0.796963995568708,0.0400100000000002,22.32,209.35,14.16,2.48,11.68,0.0358180558536074,0.0100297748491681,0.0326561855051961,0.0128778400136154,0.0075117214763356,0.0129527204649621,0.0165983786279235,NA,0.0273858810794492,0.0203810166679857,0.0123940008408065,0.000370774510145634,0.868166534319961,8.08460783454484,2.52429488104394,0.296947432684268,2.28061129497946,100
"house","R25","linda","single",0.504275542311146,0.104675026628609,0.556902800400418,0.15358609085431,0.17703610779783,0.113018605890598,0.114175825545265,NA,-0.242201460944559,0.679127341296205,0.856469389469076,0.15404,22.19,208.43,6.42,2.23232323232323,4.21,0.0340209190814351,0.0098173275809077,0.0299875657554567,0.0116098786999832,0.0105260392269729,0.00445546450605354,0.00389680820212534,NA,0.00984276121394835,0.0107481766231773,0.0050851757745464,0.00466688138034187,0.89167813643147,8.26972395811579,0.595467730596561,0.200405835835581,0.476157812732567,100
"house","R25","lm_logtss","single",0.611165294657674,0.100227308697674,0.689714855795639,0.147714019476274,0.112478234023984,0.187817272626506,0.252583164356092,NA,-0.503725373754838,0.837965133379463,0.795883987416512,0.03855,22.32,209.35,15.2,2.44,12.76,0.035200780450038,0.00965100301278594,0.0315327155382994,0.0123892606333174,0.00748786206913141,0.0128062000533884,0.0164295102716275,NA,0.0273858810794492,0.0203810166679857,0.012288414539716,0.000364144216075188,0.868166534319961,8.08460783454484,2.47100355844717,0.271293199325011,2.25572761447544,100
"house","R25","locom","single",0.414666340422862,0.04389934493858,0.545949213042997,0.0835885711331289,0.137834626095195,0.124472015061395,0.178979484350448,NA,0.0199198045816579,1.46300835224912,NA,148.55772,22.32,209.35,4.1,1.18,2.92,0.0391864926588984,0.00556425674708334,0.0359265237426033,0.00826027114233216,0.00820340763947007,0.00393148566165726,0.00442033841146019,NA,0.0113291758798514,0.0205469832230268,NA,5.7470599131969,0.868166534319961,8.08460783454484,0.593823427145025,0.159785209363424,0.47432674243169,100
"house","R25","locom2","single",0.492238095238095,0.0554524540470434,0.551980752091046,0.0763471600818585,0.145380196748582,0.109732135655599,0.202914497689529,NA,NA,NA,NA,27.36151,22.32,209.35,3.65,1.29,2.36,0.039559603170851,0.00718798035072534,0.0366272009402542,0.00874877197623876,0.00827077842977239,0.0033412528279908,0.00516045819027492,NA,NA,NA,NA,1.43281420073831,0.868166534319961,8.08460783454484,0.366356618224882,0.175979222832375,0.264964262884753,100
"house","R25","logistic_presence","single",0.638294451109089,0.163071234916329,0.751190441568256,0.250379344483886,0.150096218156339,0.226952307466813,0.295985880356527,NA,-1.37333109669441,3.54852091531021,NA,0.2958,22.21,208.56,17.54,3.91,13.63,0.0293422788857222,0.0119344495817478,0.0193491138564874,0.0135177316427724,0.00785953995195678,0.0075118630132258,0.00811943027060095,NA,0.0546119060769,0.111110654335414,NA,0.0128149060933671,0.872161485371635,8.11895549832849,1.67189603852523,0.319119685599892,1.45287280721314,100
"house","R25","maaslin3","abundance",0.361666666666667,0.00515909090909091,0.445892857142857,0.00972841864018335,0.071660508577773,0.0815673962955254,0.097679639157368,0.0735981988533009,-0.528503947446968,1.61565123984016,NA,8.2424,13.28,201.05,1.02,0.06,0.96,0.0471437256079484,0.00214496894478265,0.0477811915257732,0.00296105797443608,0.00843980364320874,0.00275248158054861,0.00338403864190668,0.0135506655557111,0.0595376112596893,0.0383718362725397,NA,0.348550439229201,0.55941527914909,7.84667947528627,0.168762579029855,0.0238683256575942,0.16386740143337,100
"house","R25","maaslin3","combined",0.384098569730923,0.024815885323536,0.441905246956109,0.04022716600125,0.100388291278119,0.125212438669403,0.209410073392657,NA,NA,NA,NA,8.2424,22.32,209.35,2.57,0.54,2.03,0.0437882788674321,0.00492649996217272,0.0426658131080081,0.00613294074435027,0.00672864219458971,0.0058758053245026,0.00785699783673978,NA,NA,NA,NA,0.348550439229201,0.868166534319961,8.08460783454484,0.463464119322079,0.11048104184004,0.377513127740164,100
"house","R25","maaslin3","presence",0.241055640437993,0.0264932084823389,0.340177579177579,0.0453338257470981,0.15419308770257,0.138982180352048,0.254183926438709,0.153169334666934,NA,NA,NA,8.2424,15.89,209,1.51,0.44,1.07,0.0390449507609423,0.00549373503898935,0.0410052186636852,0.00730587223674311,0.010637249351215,0.00650809426849777,0.00768012504942261,0.016864803512954,NA,NA,NA,0.348550439229201,0.650857243575849,8.09577767491278,0.328908510198213,0.0935495331442929,0.258298629144991,100
"house","R25","pursue","abundance",0.442896825396825,0.0222109952740758,0.598781746031746,0.0285825491587875,0.0823551615762508,0.091633257396146,0.104925005238938,0.0836565078912018,0.20777958246799,1.44254736834553,0.904065705411101,8.86655,13.28,201.05,1.66,0.18,1.48,0.0475138091761035,0.0103891799433158,0.0455479646597647,0.010644729979086,0.0112345219964344,0.00359658230520644,0.00476473182455377,0.012940558627419,0.0285381982292122,0.030406317250184,0.00350420310792268,0.338671722216799,0.55941527914909,7.84667947528627,0.230598693785888,0.045792681696639,0.214843142216771,100
"house","R25","pursue","combined",0.439691697191697,0.028106600189048,0.542976239446828,0.0434761824544647,0.0843141166586674,0.103912338772623,0.138104738642,NA,NA,NA,NA,8.86655,22.32,209.35,2.53,0.59,1.94,0.0440522692309508,0.00481367668151407,0.0410134999436196,0.00602181452766679,0.00613000544648827,0.00322293245923948,0.00604786303823595,NA,NA,NA,NA,0.338671722216799,0.868166534319961,8.08460783454484,0.294548104489888,0.086567542381307,0.254582248423022,100
"house","R25","pursue","presence",0.269064102564103,0.0221573979668945,0.443281820518663,0.0376152494272901,0.105877551120246,0.0842289788033969,0.178820386519784,0.0769230569350618,NA,NA,NA,8.86655,15.84,208.56,1.31,0.43,0.88,0.0396178358428902,0.00411203521617429,0.0425551517840591,0.00557413547643065,0.00897859201918267,0.00305029179551856,0.00973997001403371,0.0114131102794032,NA,NA,NA,0.338671722216799,0.650985267254043,8.11895549832849,0.221881304150019,0.0831877516236736,0.178817665726174,100
"house","R25","wilcoxon_tss","single",0.591482975507048,0.117378447809195,0.689653815816259,0.185417166383092,0.126882803061338,0.218274775191351,0.300371686906821,NA,-2.16319389605293,5.86628064287268,NA,0.14041,22.32,209.35,13.66,2.89,10.77,0.0343246621348046,0.0093914547016357,0.0285814545023624,0.0122534017758729,0.00738386990248896,0.00841406921971604,0.00866776524645423,NA,0.12207948941628,0.187890429871222,NA,0.00402434749087014,0.868166534319961,8.08460783454484,1.38083710520507,0.251819640443575,1.18907951837129,100
"house","R25","zicoseq","single",0.258191258904494,0.0924308925191714,0.352296480270674,0.145637302260732,0.265157253229166,0.129705317246973,0.244947021296796,NA,NA,NA,NA,60.8665,22.19,208.43,4.08,1.94949494949495,2.15,0.0332755459133123,0.0119879575972769,0.0336327162770694,0.0159242623369276,0.0117754444558269,0.00913777115807783,0.0120637046597191,NA,NA,NA,NA,2.14832290401117,0.89167813643147,8.26972395811579,0.66858511844496,0.237823974206615,0.518228333903701,100
"mid","R00","adapt","single",0.0839285714285714,0.0195810007832356,0.108809523809524,0.0262385646545218,0.221462860453657,0.0480408279958316,0.0728815655558369,NA,-0.0392595844410722,1.09139143140052,NA,0.415480000000002,28.23,283.69,0.75,0.54,0.21,0.023248177674393,0.00428924829741351,0.0255233478130151,0.00477724470674216,0.00952529534651298,0.00184470146523278,0.00322624455867718,NA,0.0213529234663646,0.0273287559429597,NA,0.0141647626527982,1.72620065081342,17.2197660386035,0.141688946554619,0.104851988030458,0.0573752489486468,100
"mid","R00","aldex2","single",0,0.00302959181677717,0.01,0.00674210624780809,0.19459703284767,0.00799510713352282,0.235585765423149,NA,-0.0135506235484976,0.713134785386836,NA,13.11926,28.23,283.69,0.06,0.06,0,0,0.0014746688801098,0.01,0.00230560013159677,0.00914931020962294,0.000763747100426191,0.00561611699851717,NA,0.0022613153710825,0.0085659904770957,NA,0.748180614857459,1.72620065081342,17.2197660386035,0.0277797979063414,0.0277797979063415,0,100
"mid","R00","ancombc2","single",0,0.000217391304347826,0,0.000217391304347826,0.0942541735200276,0.404195440825926,0.398329917571813,NA,-0.0321163173375311,0.771615967861967,0.560115435453209,59.87493,28.23,283.69,0.01,0.01,0,0,0.000217391304347826,0,0.000217391304347826,0.00567464561079334,0.00813235989239463,0.00758343966364876,NA,0.0154414518437741,0.0150308945251991,0.00801441009545592,4.0390951150393,1.72620065081342,17.2197660386035,0.01,0.01,0,100
"mid","R00","corncob","single",0.475960206460206,0.0623120934305929,0.604705125284073,0.0954953061326195,0.162894514859487,0.108424042449615,0.115903715608902,NA,NA,NA,NA,12.55899,28.23,283.67,4.02,1.72,2.3,0.0353205286304009,0.0076872228769144,0.0308465803903411,0.00940196141918319,0.00907407810891571,0.00313606249332619,0.00467731324769007,NA,NA,NA,NA,0.761253363429235,1.72620065081342,17.221615821843,0.385594123765947,0.194406634130473,0.247614885079898,100
"mid","R00","fastancom","single",0.02,0.00603292412558249,0.0158333333333333,0.00882866316914763,0.206710193884458,0.0272083231429232,0.110439914237388,NA,-0.0166645132281636,0.463032379455044,NA,0.036240000000001,28.23,283.69,0.17,0.14,0.03,0.0121439181269781,0.00218176538194189,0.00809377904685192,0.00253546864472026,0.00904982822468558,0.00185702659118784,0.00634727045668269,NA,0.0127250950993539,0.00601957285686504,NA,0.000865514385505133,1.72620065081342,17.2197660386035,0.0513553671720273,0.0449915817041635,0.0171446607997765,100
"mid","R00","fastemu","single",0.106666666666667,0.0032,0.104,0.0056,0.217142065092926,0.0436008874805849,0.103695508630592,NA,-0.00892148792320924,1.28107930290563,0.860697952545465,629.76836,27.8,284,0.44,0.16,0.28,0.0525991127935317,0.00189032625050104,0.0514716750585536,0.00337045990927054,0.0163938822637091,0.00321037923745408,0.00578358504690711,NA,0.016335637390501,0.0577341752288878,0.00809979801921174,56.0617822760414,3.45350063944784,34.5393495402949,0.258714772159097,0.0945163125250522,0.168522995463527,25
"mid","R00","ldm","single",0.0839523809523809,0.0190381420656693,0.136365079365079,0.0325713145456353,0.219472824715897,0.0559129278468837,0.0705642273264423,NA,NA,NA,NA,13.94306,28.23,283.69,0.76,0.55,0.21,0.0230745289299402,0.00402095932216825,0.0249426771042436,0.00500369872679195,0.00973385648763094,0.0018559012634085,0.00320641998117812,NA,NA,NA,NA,2.09193460733785,1.72620065081342,17.2197660386035,0.138622370547331,0.103840398125336,0.0591095541679972,100
"mid","R00","limma_logtss","single",0.0605952380952381,0.0130981222697917,0.0990530303030303,0.0192833693838766,0.2059647106055,0.0488595177865072,0.0826264180394267,NA,-0.0218725430903368,0.464791476840563,0.912237495963384,0.0423299999999999,28.23,283.69,0.45,0.35,0.1,0.0211725763582762,0.0039685514021673,0.0256236149309256,0.00475770502581647,0.00947797328753876,0.00258398376111597,0.0043704805375953,NA,0.0133319583380216,0.00613102214102637,0.00300369134033302,0.000449703606093297,1.72620065081342,17.2197660386035,0.103840398125336,0.086893642175392,0.0301511344577764,100
"mid","R00","linda","single",0.0709285714285714,0.0233378207659862,0.113666666666667,0.0348390396085476,0.217720555766161,0.0512443809728327,0.0690129009935295,NA,-0.00370325493240641,0.441936473502758,0.899664185708283,0.19717,28.23,283.69,0.79,0.6,0.19,0.021666899104938,0.00489508150660461,0.0250452166225466,0.00571389685491031,0.00964380496971134,0.0019242677521105,0.00301668956961707,NA,0.00701050004897904,0.00541961729334318,0.0026431108629449,0.0089893321175264,1.72620065081342,17.2197660386035,0.158461670476179,0.120604537831105,0.0563090318750649,100
"mid","R00","lm_logtss","single",0.0775357142857143,0.0180358359410991,0.102305555555556,0.0263368958299443,0.208845166123069,0.0495505912126627,0.0827249389042948,NA,-0.0218725430903368,0.464791476840563,0.911438805541025,0.0414799999999999,28.23,283.69,0.69,0.51,0.18,0.0240983483266521,0.00456171803941872,0.0253870786916656,0.00507286344286525,0.00954917474713846,0.00273600259631952,0.00444934512350956,NA,0.0133319583380216,0.00613102214102637,0.00312095661076996,0.000565056536011126,1.72620065081342,17.2197660386035,0.141916891314614,0.113257550420591,0.0538985204347068,100
"mid","R00","locom","single",0.0633333333333333,0.0166929363491958,0.0993333333333333,0.0318301011470201,0.203070723629921,0.0503054666145065,0.0659619205105297,NA,-0.00926992170942167,0.846081492205057,NA,137.4698,26.69,266.64,0.55,0.44,0.11,0.020757268546966,0.00343789764549032,0.0212329287076448,0.00516085602463554,0.00962372525588031,0.00146305821137611,0.00352484867372802,NA,0.00532507622106858,0.0198273288370069,NA,8.6112511622759,1.76673499010251,17.6095045502436,0.0914253020699733,0.0782639925205233,0.034509550720186,100
"mid","R00","locom2","single",0.037,0.0152399259844389,0.0991071428571429,0.0226988237848711,0.197704842986113,0.0460592398659635,0.0867186036771245,NA,NA,NA,NA,23.23992,28.23,283.69,0.58,0.48,0.1,0.013712168647722,0.00340043771593139,0.0221812287776685,0.00421028750183264,0.00853408804309067,0.0016659911938568,0.00360803781183862,NA,NA,NA,NA,1.49548889385797,1.72620065081342,17.2197660386035,0.121588808629077,0.0989643339488494,0.0333333333333333,100
"mid","R00","logistic_presence","single",0.0966666666666667,0.00462287640732586,0.134666666666667,0.0113185346728962,0.160988348991056,0.0511168623987585,0.112413680266317,NA,-0.0436962794422969,0.644097397307178,NA,0.3378,28.08,282.28,0.32,0.16,0.16,0.0271318847386705,0.00126292541113499,0.0308981528147317,0.0023090347533499,0.00864571991196676,0.00222521410347258,0.0024071926868151,NA,0.0162335564630085,0.0272491416920739,NA,0.019670194855582,1.73674954725746,17.2977670071701,0.0708961397134049,0.041971611377408,0.046536615322309,100
"mid","R00","maaslin3","abundance",0.108333333333333,0.0073391737601704,0.235154761904762,0.0139450715758475,0.12305573980107,0.0520940778513952,0.0655199827131164,NA,-0.0125298424262432,0.806355992490414,NA,10.6368,28.23,283.68,0.54,0.29,0.25,0.0285375881846021,0.00184153222577166,0.035547447632391,0.00236559787487922,0.00751631122970948,0.0018974318861316,0.00280437785163849,NA,0.0161625212751004,0.0175788836147527,NA,0.636505550135688,1.72620065081342,17.2207467077278,0.10770329614269,0.0686007332764061,0.0729950876996721,100
"mid","R00","maaslin3","combined",0.152674603174603,0.0138306103435676,0.252725914739909,0.0356846828402355,0.172456369736458,0.0547662326124092,0.0903525254514283,NA,NA,NA,NA,10.6368,28.23,283.69,1.15,0.57,0.58,0.0288093607260479,0.00274370112983508,0.0325781661050484,0.00508182940215847,0.00831488793797734,0.00213023711635327,0.00329341839040551,NA,NA,NA,NA,0.636505550135688,1.72620065081342,17.2197660386035,0.210998109044138,0.108483578797378,0.133469627309517,100
"mid","R00","maaslin3","presence",0.24,NA,0.38,NA,NA,0.0506528152919458,0.0745823604586002,0.153067613165496,NA,NA,NA,10.6368,0,283,0.39,NA,0.39,0.0429234695990928,NA,0.0487831731214563,NA,NA,0.00200565434702491,0.0032212045316622,0.00826505842688159,NA,NA,NA,0.636505550135688,0,17.2664619152479,0.0863338598322544,NA,0.0863338598322544,100
"mid","R00","pursue","abundance",0.0933333333333333,0.00598412916708233,0.171333333333333,0.00912983052454839,0.123357374619899,0.0548641586942537,0.0632150249813686,NA,-0.0132991858279157,0.783654705927115,0.934385324374219,12.73789,28.23,283.68,0.25,0.14,0.11,0.0279610118167813,0.00189403448349504,0.0363670649337659,0.00234668301142491,0.00689838292577493,0.00163032212746107,0.00270396488008724,NA,0.00772396888454026,0.0170261595036225,0.0017757606750582,0.804064599884157,1.72620065081342,17.2207467077278,0.0538891492235719,0.0376587548676509,0.031446603773522,100
"mid","R00","pursue","combined",0.07,0.00376046577373809,0.115,0.00640152047143016,0.124316516676074,0.0468442050241494,0.0921476976370317,NA,NA,NA,NA,12.73789,28.23,283.69,0.18,0.09,0.09,0.0246388049034588,0.00154179070680308,0.0308589164954431,0.0019034936813658,0.0064509680392384,0.00193872894117827,0.00395293373366911,NA,NA,NA,NA,0.804064599884157,1.72620065081342,17.2197660386035,0.0538985204347068,0.0320825954263824,0.0320825954263823,100
"mid","R00","pursue","presence",0.05,NA,0.08,NA,NA,0.03852869050277,0.116342764729813,0.0663020677240677,NA,NA,NA,12.73789,0,282.28,0.05,NA,0.05,0.021904291355759,NA,0.0272659924344291,NA,NA,0.00203971986760376,0.00471828386337607,0.00548086201082719,NA,NA,NA,0.804064599884157,0,17.2977670071701,0.021904291355759,NA,0.021904291355759,100
"mid","R00","wilcoxon_tss","single",0.061,0.0145172379702547,0.12,0.0219973787729227,0.211994066316582,0.0495074430673147,0.0731381257895449,NA,-0.0488723148859819,1.28341354963811,NA,0.18531,28.23,283.69,0.57,0.41,0.16,0.0207223914743812,0.00363566394343799,0.0276948256359084,0.00468527475888965,0.00979419536521276,0.00193727559026973,0.00345104779874253,NA,0.0230191708893902,0.0348300974758349,NA,0.00887257373294044,1.72620065081342,17.2197660386035,0.120817919602059,0.0911154224158578,0.0581186525805423,100
"mid","R00","zicoseq","single",0.0716666666666667,0.0111384526417374,0.1135,0.021980440738709,0.20347005217083,0.0589894583027426,0.0771753036536888,NA,NA,NA,NA,70.33159,28.23,283.69,0.48,0.33,0.15,0.0227222777900583,0.00302008144135421,0.0265683108287261,0.00440397076547567,0.00961012022951519,0.00313766564672083,0.00447389907768037,NA,NA,NA,NA,4.17947042996702,1.72620065081342,17.2197660386035,0.109618254028066,0.0792069275615295,0.0479372485441102,100
"mid","R01","adapt","single",0.0133333333333333,0.000408163265306122,0.124166666666667,0.00293168934240363,0.105273313484584,0.0563136009917838,0.0684250849483315,NA,-0.00357552109980944,1.82337935308756,NA,0.39066,28.84,290.18,0.04,0.02,0.02,0.0105089347908202,0.000408163265306122,0.0316769653641275,0.00142377591234417,0.00596466203935105,0.00229686124146708,0.00292898771111818,NA,0.0401627059309656,0.0494117703616556,NA,0.0119224363654785,1.63012796176164,16.4885597315291,0.0315268043724605,0.02,0.014070529413629,100
"mid","R01","aldex2","single",0,0,0.005,0.000759637188208617,0.105455126940592,0.00833376299070692,0.241918367689212,NA,-0.0136376657745442,0.948890555717026,NA,5.50044,28.84,290.18,0,0,0,0,0,0.005,0.00058991593436186,0.00576254647043445,0.00083294603831887,0.00608796199804233,NA,0.00305558945838219,0.0152469121083266,NA,0.307812179490065,1.63012796176164,16.4885597315291,0,0,0,100
"mid","R01","ancombc2","single",0,0,0,0,0.062360057643414,0.367334009401254,0.388024226961941,NA,0.00316972376176392,1.25845549586692,0.524622058429813,57.6715,28.84,290.18,0,0,0,0,0,0,0,0.00430742732609351,0.00620434410911087,0.00615488807607925,NA,0.0261072414201603,0.0249093378962277,0.00907466078099464,3.48672601112658,1.63012796176164,16.4885597315291,0,0,0,100
"mid","R01","corncob","single",0.519450216450216,0.0163727271304625,0.653144277007448,0.0315978222534572,0.102214570401382,0.106875952188135,0.107624370532835,NA,NA,NA,NA,8.52584,28.25,286.16,2.4,0.55,1.85,0.044238293916877,0.00280429764586629,0.0380422437007952,0.00398108407568858,0.0052546931975905,0.00299803528257854,0.00446334208623435,NA,NA,NA,NA,0.497252735511568,1.63171688720807,16.5727336004022,0.310750151352588,0.100879966677075,0.251610971160005,100
"mid","R01","fastancom","single",0,2e-04,0.025,0.000404081632653061,0.0981603824709413,0.0309757181126415,0.106596021446776,NA,0.0190515748193935,0.697886531204015,NA,0.0363199999999999,28.84,290.18,0.01,0.01,0,0,2e-04,0.0148647097502641,0.000284296923186297,0.00587042007298079,0.0026973542452963,0.00564888403330672,NA,0.022656481082729,0.0126372393961806,NA,0.000797202178328421,1.63012796176164,16.4885597315291,0.01,0.01,0,100
"mid","R01","ldm","single",0.0183333333333333,0.000955555555555556,0.0783333333333333,0.00160762125988607,0.113191196849118,0.0475179147106951,0.0672793050243262,NA,NA,NA,NA,9.90792,28.84,290.18,0.06,0.03,0.03,0.0115797629116882,0.00068128748519694,0.0261068124550979,0.000821972968333127,0.00606322501532637,0.00211446651209547,0.00242717093769055,NA,NA,NA,NA,1.3421245249005,1.63012796176164,16.4885597315291,0.0371184290855335,0.0222701503353614,0.0171446607997765,100
"mid","R01","limma_logtss","single",0.025,0.00246811594202898,0.0929082125603865,0.00611662476584837,0.0971293686325678,0.0564107032360477,0.0864119050996421,NA,0.0276642741617962,0.696107564865629,0.923911089956487,0.04023,28.84,290.18,0.18,0.0499999999999999,0.13,0.0144822736958987,0.00148932149542547,0.0271088212350863,0.00251232776628423,0.00569267158665954,0.00479205593867306,0.00577648088063407,NA,0.0214871057456306,0.0117129292800444,0.00475342979238036,0.000484268687420679,1.63012796176164,16.4885597315291,0.124218770845243,0.0261116483933546,0.102153578181841,100
"mid","R01","linda","single",0.025,0.000404081632653061,0.075,0.00282630385487528,0.106287998292911,0.0536549263026401,0.0651846992829786,NA,-0.0184064646985701,0.654910915343452,0.90826700410315,0.19168,28.84,290.18,0.05,0.02,0.03,0.0148647097502641,0.000284296923186297,0.025,0.00159256643787476,0.00600208646997152,0.00214752609274218,0.00286605012530563,NA,0.0108872778405823,0.0107374409986138,0.00276705348298421,0.00892719010844528,1.63012796176164,16.4885597315291,0.0261116483933547,0.014070529413629,0.0171446607997765,100
"mid","R01","lm_logtss","single",0.0398484848484848,0.00279719757468204,0.108332611832612,0.00799231019153379,0.102427689069777,0.0553402103138874,0.0857894888500933,NA,0.0276642741617962,0.696107564865629,0.924710005177257,0.0383799999999999,28.84,290.18,0.2,0.0599999999999999,0.14,0.0179929159954064,0.00154424472882221,0.0288562690041229,0.00287607806928728,0.00606560519353374,0.0044945767834653,0.00582152294249147,NA,0.0214871057456306,0.0117129292800444,0.00454189728792216,0.000396902145536287,1.63012796176164,16.4885597315291,0.116341538305773,0.0277797979063414,0.0932250454057765,100
"mid","R01","locom","single",0.035,4e-04,0.0683333333333333,0.00122222222222222,0.103680796175182,0.0474145530461892,0.0661435888725703,NA,-0.0198035138948431,1.21427234894633,NA,118.78905,28.84,290.18,0.06,0.02,0.04,0.0177738316327429,0.000281410588272579,0.0244002125066642,0.00063121211313002,0.00587481210004282,0.00171899674744286,0.0030386167070258,NA,0.00977675513684701,0.0239770820792022,NA,6.27372281574207,1.63012796176164,16.4885597315291,0.0277797979063414,0.014070529413629,0.0196946385566932,100
"mid","R01","locom2","single",0.125,0.00219528707623946,0.165666666666667,0.00411008846778504,0.0978900120900914,0.0445830610355236,0.117054168217965,NA,NA,NA,NA,17.93812,28.34,285.18,0.23,0.0707070707070707,0.16,0.0328564370336385,0.000926304917583576,0.0363900030672206,0.00132150783689739,0.00581997054341658,0.00205578125588926,0.00531991666686938,NA,NA,NA,NA,1.73570206325273,1.64121290452513,16.6035737907916,0.0529054808029367,0.029607914182804,0.0443129367525598,100
"mid","R01","logistic_presence","single",0.05,0.000204081632653061,0.118928571428571,0.00163316326530612,0.0842358156396567,0.0593219730923592,0.169818073280509,NA,-0.0798369823448693,2.79920310699038,NA,0.29124,28.54,286.73,0.06,0.00999999999999999,0.05,0.021904291355759,0.000204081632653061,0.0323846724053636,0.000902998038556895,0.0055630831757794,0.00278447827140921,0.00314735501817308,NA,0.0560786255000306,0.118991209932733,NA,0.0165205847720994,1.63227671450869,16.4734059022475,0.0238683256575942,0.00999999999999999,0.021904291355759,100
"mid","R01","maaslin3","abundance",0.01,2e-04,0.01,2e-04,0.0611249084178291,0.0446839595662731,0.0659266198924504,NA,-0.0309334134097223,1.70988135251026,NA,9.6347,28.26,286.3,0.02,0.01,0.01,0.01,2e-04,0.01,2e-04,0.00472859244629569,0.00189879690714545,0.00332365979996033,NA,0.0320632230435041,0.102669086000206,NA,0.5600586350075,1.63284593841117,16.5720618006099,0.014070529413629,0.01,0.01,100
"mid","R01","maaslin3","combined",0.01,2e-04,0.015,0.000755555555555556,0.0778800531100898,0.0431441392803001,0.083699872457552,NA,NA,NA,NA,9.6347,28.84,290.18,0.02,0.01,0.01,0.01,2e-04,0.0111350751676807,0.000588555270469399,0.00513453336540082,0.00214516608970432,0.00299885162080089,NA,NA,NA,NA,0.5600586350075,1.63012796176164,16.4885597315291,0.014070529413629,0.01,0.01,100
"mid","R01","maaslin3","presence",0,NA,0,NA,NA,0.0293135520236832,0.0850116002868356,0.0624823399995106,NA,NA,NA,9.6347,0,288.83,0,NA,0,0,NA,0,NA,NA,0.00213594090058197,0.00304375607959582,0.00620128207274104,NA,NA,NA,0.5600586350075,0,16.5512735937679,0,NA,0,100
"mid","R01","pursue","abundance",0.06,0.000759637188208617,0.153,0.0035375958894196,0.0664389400844696,0.0544113407590408,0.0862931567262071,NA,-0.0117358089850871,1.08744016317844,0.940407531001995,9.5903,21.72,219.58,0.09,0.02,0.07,0.0238683256575942,0.00058991593436186,0.0356031720298327,0.0016349000046748,0.00609133381976929,0.00268965262896234,0.00464786136525872,NA,0.0144860130123649,0.0174483920742045,0.00264325958669153,0.595349072800864,1.72855284833729,17.43115856416,0.0320825954263823,0.014070529413629,0.0293188669562103,100
"mid","R01","pursue","combined",0.03,6e-04,0.04,6e-04,0.06166388222859,0.0369508093752986,0.0927677078640999,NA,NA,NA,NA,9.5903,28.84,290.18,0.05,0.02,0.03,0.0171446607997765,0.000445403006707227,0.0196946385566932,0.000445403006707227,0.0046475015862618,0.00183656843104494,0.00379895207205702,NA,NA,NA,NA,0.595349072800864,1.63012796176164,16.4885597315291,0.021904291355759,0.014070529413629,0.0171446607997765,100
"mid","R01","pursue","presence",0,NA,0.01,NA,NA,0.0313319046043815,0.106545586274694,0.0393726819889941,NA,NA,NA,9.5903,0,286.73,0,NA,0,0,NA,0.01,NA,NA,0.00191734325492517,0.00376678653159774,0.00481067880270901,NA,NA,NA,0.595349072800864,0,16.4734059022475,0,NA,0,100
"mid","R01","wilcoxon_tss","single",0,0,0.015,0.000759637188208617,0.101520820083987,0.0562162953895053,0.084827261313165,NA,-0.121705377568743,4.0799550009444,NA,0.1612,28.84,290.18,0,0,0,0,0,0.0111350751676807,0.00058991593436186,0.00569231406151498,0.00254478182043507,0.00315557442670124,NA,0.076395732424494,0.186661910988699,NA,0.00761298730838137,1.63012796176164,16.4885597315291,0,0,0,100
"mid","R01","zicoseq","single",0.0316666666666667,0.00174997535245982,0.12475,0.00289795942413727,0.113303249852129,0.0468837971775529,0.0736792048822644,NA,NA,NA,NA,44.05647,28.84,290.18,0.11,0.03,0.08,0.0161875580937039,0.00120379408349498,0.0318921299781851,0.00136910638876763,0.00608619489788299,0.00219396309087195,0.00297660819135562,NA,NA,NA,NA,2.99752222513744,1.63012796176164,16.4885597315291,0.054855181241984,0.0171446607997765,0.0464497121366296,100
"mid","R02","adapt","single",0.0784819902319902,0.0833850888099424,0.13747355272007,0.120333494404301,0.333657772712465,0.0534374610114979,0.0666521595296399,NA,-0.0350153271518545,0.791992011854883,NA,0.443889999999996,28.7,282.61,3.21,2.83,0.38,0.0186575942574153,0.00774998554202818,0.0248261971904378,0.010360863243559,0.0136197661758194,0.00229146530350688,0.00313779803600328,NA,0.019063973281302,0.0234683766466739,NA,0.0170694238717397,1.72688193346309,17.4925836810456,0.349109979487522,0.300859039445654,0.0885118265224678,100
"mid","R02","aldex2","single",0.015,0.0113018672115114,0.015,0.0155607324597383,0.282087770534466,0.0101634183490979,0.228142906799429,NA,-0.0113685362286953,0.622997012651767,NA,23.6252,28.7,282.61,0.38,0.36,0.02,0.0111350751676807,0.00262436152722815,0.0111350751676807,0.00286213182965263,0.0129823560020155,0.000956853540364231,0.00590572472178329,NA,0.00294440345154718,0.00689462480443416,NA,1.29081461891475,1.72688193346309,17.4925836810456,0.0693111852736656,0.0674499440288496,0.014070529413629,100
"mid","R02","ancombc2","single",0,0.00638268912560399,0,0.00638268912560399,0.129634283643254,0.402258288962005,0.387269069266323,NA,0.0212410852099717,0.557036488734502,0.560734099185383,72.31166,28.7,282.61,0.21,0.21,0,0,0.00163112996366861,0,0.00163112996366861,0.00832079410375751,0.00827377921513976,0.00782335748977278,NA,0.0133887070598628,0.0113341626543298,0.00821863395413339,5.20084616241386,1.72688193346309,17.4925836810456,0.0477683805651624,0.0477683805651624,0,100
"mid","R02","corncob","single",0.467879050916744,0.170994642486711,0.523181664110433,0.244283619529973,0.279989193310126,0.116019138998054,0.120664965675081,NA,NA,NA,NA,25.68787,28.7,282.61,10.4,5.87,4.53,0.0281245900564355,0.0113887864145842,0.0208435260178831,0.0131676609233571,0.013809917725681,0.00353227534657983,0.00466300688298165,NA,NA,NA,NA,1.58009845874371,1.72688193346309,17.4925836810456,0.862694861606596,0.543771899593827,0.396564794659884,100
"mid","R02","fastancom","single",0.00811111111111111,0.0261174155817985,0.0325515873015873,0.039208151599008,0.312672206101526,0.0311729387961672,0.0972917081672791,NA,-0.0146495732008973,0.366491064457177,NA,0.0415800000000007,28.7,282.61,1.08,1.04,0.04,0.00546584127792062,0.0040251194711613,0.0125262632279496,0.00500405828142224,0.0138978885801474,0.00196920380400995,0.00537490890186241,NA,0.0102158446104303,0.00452814090969005,NA,0.00133728052102806,1.72688193346309,17.4925836810456,0.177911565820003,0.169324266042133,0.0242878362539562,100
"mid","R02","ldm","single",0.0966949112978524,0.103924812432988,0.151487374356543,0.154454215804973,0.347307209093377,0.0616802918290287,0.0688490159745626,NA,NA,NA,NA,31.06681,28.7,282.61,4.51,3.87,0.64,0.020780347635057,0.0104088800368558,0.0231625575039692,0.0127320889746195,0.0153223886817643,0.002441958344138,0.00327156185249757,NA,NA,NA,NA,3.29872827034216,1.72688193346309,17.4925836810456,0.523101666538498,0.445551525209107,0.123517471058007,100
"mid","R02","limma_logtss","single",0.0808344155844156,0.0544762625522653,0.110879015721121,0.0959330171397498,0.323887516208009,0.0587520345592924,0.0880290912704099,NA,-0.0224336050913361,0.366661515794397,0.887435029197947,0.04223,28.7,282.61,2.3,1.96,0.34,0.0205020080475537,0.00573565236982803,0.0199600951114169,0.00826895869689169,0.0149029847283122,0.00370870772066394,0.00508783802535467,NA,0.0102610511749538,0.00480449607967752,0.00392717715214441,0.00043943374950272,1.72688193346309,17.4925836810456,0.262274434110301,0.222438278807376,0.0806789372084865,100
"mid","R02","linda","single",0.102693695193695,0.0868144159109722,0.156494566836672,0.117064278867424,0.329858885584817,0.0580540120435532,0.0692032366378013,NA,-0.00890163031939575,0.353609635700914,0.878880447731738,0.2092,28.7,282.61,3.53,3.07,0.46,0.0241994072486299,0.00893959726897361,0.0257856026827666,0.0110777094693717,0.0144896337440991,0.00254362869065427,0.00330767365041591,NA,0.00596184900957327,0.00437527423610559,0.00309541268374853,0.0105608003981945,1.72688193346309,17.4925836810456,0.393496370935481,0.340604038600706,0.103884162372901,100
"mid","R02","lm_logtss","single",0.0849375901875902,0.0639684452666109,0.117800252525253,0.0981101255786209,0.322723360081003,0.0594080022304744,0.0877637040493897,NA,-0.0224336050913361,0.366661515794397,0.886832523896027,0.0402799999999997,28.7,282.61,2.63,2.23,0.4,0.0196961955738108,0.00600375663430042,0.0209459775289371,0.00798569653490003,0.0148848702792916,0.00374253764500437,0.00510971659729521,NA,0.0102610511749538,0.00480449607967752,0.0039822149357807,0.000353933167234551,1.72688193346309,17.4925836810456,0.279846639097455,0.234350596372619,0.0887625364598594,100
"mid","R02","locom","single",0.0330650721827192,0.0490853298543998,0.0626847970742707,0.0794335561837749,0.300129524821183,0.0534074675010197,0.064513601665151,NA,-0.0131761315978422,0.649682979603325,NA,276.50261,28.7,282.61,2.23,2.04,0.19,0.0122324587502068,0.00677995838538244,0.014626770962552,0.00916448045105077,0.0135477608364609,0.00194348512449023,0.00308203276865107,NA,0.00534493685993327,0.0147632103100908,NA,15.2950594676836,1.72688193346309,17.4925836810456,0.344026954546509,0.30481655354185,0.0563090318750648,100
"mid","R02","locom2","single",0.0603001328736623,0.0652848254242163,0.105676171867348,0.0946646811120521,0.302207247554418,0.0522484130701162,0.0786260703135178,NA,NA,NA,NA,33.49753,28.7,282.61,2.79,2.46,0.33,0.0169152569126104,0.00761297612252861,0.0210760023119883,0.0100675481391749,0.0137361581648928,0.00167650053738106,0.00326295537145295,NA,NA,NA,NA,1.99975581082296,1.72688193346309,17.4925836810456,0.38828683555674,0.324868271672372,0.0899550954194325,100
"mid","R02","logistic_presence","single",0.0756190476190476,0.0325472428939605,0.150972222222222,0.0522956397722104,0.244374701598735,0.0563136241690196,0.0918445685502076,NA,-0.0313064551697632,0.54038580475991,NA,0.4073,28.63,281.77,1.14,0.93,0.21,0.0217143078656124,0.00488595363372555,0.0275677914605653,0.00657449858498832,0.0104459441526983,0.0026688780278076,0.00384650322553747,NA,0.0120280459712712,0.0360490155930384,NA,0.0251672807470736,1.73331322832163,17.5531737899734,0.157646837115514,0.126535019307349,0.0624338033278432,100
"mid","R02","maaslin3","abundance",0.259742840492841,0.062822800388469,0.41814573607781,0.106317218067087,0.198063471229374,0.0508157172664936,0.0669132875983698,NA,-0.0174779559523977,0.564179410080424,NA,10.09326,28.7,282.61,3.93,2.49,1.44,0.0291196219077304,0.00622927472451035,0.0314419716825354,0.00858128839308712,0.0101181680663342,0.00165930060116351,0.00276547834677348,NA,0.0122238044039426,0.0122441030391141,NA,0.60838524404834,1.72688193346309,17.4925836810456,0.438144618899636,0.292842219730294,0.173682631732872,100
"mid","R02","maaslin3","combined",0.319387825029002,0.147557938133395,0.415051816809607,0.236931322283933,0.293513611583119,0.0620471013113962,0.098226907972268,NA,NA,NA,NA,10.09326,28.7,282.61,9.13,5.61,3.52,0.0268822513751697,0.0109486784873062,0.0251452494743401,0.015477784536199,0.0130062644597825,0.00217798551864984,0.0040326871457867,NA,NA,NA,NA,0.60838524404834,1.72688193346309,17.4925836810456,0.917028027947022,0.562263642822835,0.412060601603623,100
"mid","R02","maaslin3","presence",0.77,NA,0.86,NA,NA,0.073156550673902,0.0795776984484509,0.264751359366061,NA,NA,NA,10.09326,0,282.13,4.25,NA,4.25,0.0422952584681651,NA,0.0348735088019777,NA,NA,0.00273470255335797,0.00422716850730074,0.0115707663442551,NA,NA,NA,0.60838524404834,0,17.5255406982974,0.451792166395304,NA,0.451792166395304,100
"mid","R02","pursue","abundance",0.0283333333333333,0.0157919060653896,0.0838174603174603,0.0308370928979171,0.195598753009326,0.0539206764086684,0.0691272995643928,NA,0.000456653549258302,0.539355165911626,0.923245603326299,18.11497,28.7,282.61,0.49,0.43,0.06,0.0134120153176976,0.00330695506074166,0.0228246101268562,0.00432288046794912,0.00985578481353158,0.00155021995658329,0.00300104202500537,NA,0.00657794335945095,0.0113165714235959,0.00184557744104867,1.21144404619513,1.72688193346309,17.4925836810456,0.0948097510221859,0.0843932593411478,0.0277797979063414,100
"mid","R02","pursue","combined",0.055,0.0117548535282611,0.0888333333333333,0.0257011810009803,0.191195061253311,0.0522149737367757,0.0894818443735904,NA,NA,NA,NA,18.11497,28.7,282.61,0.4,0.31,0.09,0.0195423221983048,0.00308790060453537,0.0233526315097192,0.00412757025987013,0.0102886570309349,0.0019906576010819,0.00419410548486146,NA,NA,NA,NA,1.21144404619513,1.72688193346309,17.4925836810456,0.080403025220737,0.0662029325848053,0.0287623491264661,100
"mid","R02","pursue","presence",0.11,NA,0.22,NA,NA,0.0508110278134552,0.124484488901453,0.0888579239034279,NA,NA,NA,18.11497,0,281.77,0.14,NA,0.14,0.031446603773522,NA,0.0416333199893227,NA,NA,0.00227430054760575,0.00555557469749875,0.00673185965939713,NA,NA,NA,1.21144404619513,0,17.5531737899734,0.0449915817041635,NA,0.0449915817041635,100
"mid","R02","wilcoxon_tss","single",0.119805999556,0.0691134170099902,0.151472178964826,0.106978016569764,0.319641139217323,0.0578864941105618,0.0721087657851555,NA,-0.0313860502197754,0.908329871135299,NA,0.23385,28.7,282.61,2.66,2.22,0.44,0.0263519468013271,0.00721419276329334,0.0262249960510892,0.00971100470648812,0.0134281016062706,0.00269086232982776,0.00400533014272396,NA,0.0169747098276086,0.0224563728958409,NA,0.0123871175750528,1.72688193346309,17.4925836810456,0.288926959418445,0.240193524669025,0.10082488068754,100
"mid","R02","zicoseq","single",0.106465007215007,0.063107138523486,0.155946071730127,0.106994496779295,0.328378766419642,0.0587542949126599,0.0777546738230644,NA,NA,NA,NA,113.64357,28.7,282.61,2.74,2.35,0.39,0.0256080151659954,0.00687817255775327,0.0270911225439727,0.010953978855897,0.0153509093465523,0.00334657934169714,0.0043292765421994,NA,NA,NA,NA,7.65362090767732,1.72688193346309,17.4925836810456,0.32956046639441,0.289679376922385,0.0919980236941879,100
"mid","R03","adapt","single",0.0421793534409633,0.251086330731303,0.0878417587789228,0.321945792822293,0.525126059005999,0.0510007144730498,0.072289121791664,NA,-0.00182491329896946,0.545801436998618,NA,0.577820000000006,28.61,281.16,9.05,8.53,0.52,0.00754636290236652,0.0141775189182004,0.0114153897755739,0.0160072852409514,0.0146132269676566,0.00205430124044071,0.00311590442626725,NA,0.0117817580896746,0.0146605498111142,NA,0.0245876431969361,1.73140306273743,17.6530749317351,0.758570558965541,0.71766385873988,0.0926381032935054,100
"mid","R03","aldex2","single",0.002,0.0741423208312653,0.00854761904761905,0.100576127135329,0.447066017349056,0.00880115998150556,0.229659835529388,NA,-0.0094360773110059,0.569913102230074,NA,54.39375,28.61,281.16,2.4,2.39,0.01,0.002,0.00643832375569203,0.00545634933753115,0.00775227834502754,0.0150838828668846,0.000897804143161188,0.00590801296121596,NA,0.0022537196282899,0.00582403262679767,NA,3.77858586864748,1.73140306273743,17.6530749317351,0.231813230289761,0.230894177518882,0.01,100
"mid","R03","ancombc2","single",0,0.0633475637803745,0,0.0633475637803745,0.224634138487384,0.400862817346588,0.388383950605542,NA,-0.0127680564136579,0.404346770458801,0.559222203118889,84.2551,28.61,281.16,2.22,2.22,0,0,0.00672187682338873,0,0.00672187682338873,0.0127790127466051,0.00835528359452075,0.00758168862830294,NA,0.00837966192849953,0.00701890682944627,0.00782958374386788,5.91785916709034,1.73140306273743,17.6530749317351,0.252894356511875,0.252894356511875,0,100
"mid","R03","corncob","single",0.392929922589315,0.417885297253393,0.459477484484333,0.488359339502021,0.449746679782158,0.131705406668267,0.139501234336088,NA,NA,NA,NA,95.22707,28.61,281.16,20.5,13.31,7.19,0.0197854332547074,0.0153929961586641,0.0176851870081567,0.0161734549579283,0.0161930523359726,0.00412216965202282,0.00505861901184667,NA,NA,NA,NA,7.04519995821003,1.73140306273743,17.6530749317351,1.37726856018305,0.998554005054359,0.505863598016283,100
"mid","R03","fastancom","single",0.00695454545454545,0.145373065698094,0.0308052159828476,0.185665451700021,0.497891312529352,0.0308413649518426,0.116142893452198,NA,-0.0297204299432149,0.29422176196453,NA,0.0495699999999886,28.61,281.16,5.54,5.45,0.09,0.00249030873347086,0.0113849749901425,0.00686527611213656,0.0140704717105102,0.0165047066232514,0.00268326656734696,0.00666994540723062,NA,0.00870980209557281,0.00359521177163311,NA,0.00179270435066234,1.73140306273743,17.6530749317351,0.54632287785584,0.533025479331112,0.0320825954263823,100
"mid","R03","ldm","single",0.0846206101245729,0.337677045498252,0.163734234331275,0.409068499775666,0.559043451544621,0.0604445202221695,0.077164667751861,NA,NA,NA,NA,92.12285,28.61,281.16,13.53,11.9,1.63,0.015453560106743,0.018530755647112,0.0178707126756822,0.0201640650695601,0.0169624488576987,0.00374337422178133,0.0041343663224283,NA,NA,NA,NA,6.7660466488205,1.73140306273743,17.6530749317351,1.20566466014696,1.01498867983935,0.430797944153485,100
"mid","R03","limma_logtss","single",0.0427681233884794,0.236356796864809,0.0804912759244976,0.29972136109426,0.514860005442597,0.0518207736665551,0.0811751471430844,NA,-0.0158753937792135,0.288244810825646,0.881348361469756,0.04586,28.61,281.16,8.5,7.9,0.6,0.0102518953514396,0.0138690467837099,0.0133737909608083,0.0159893985393248,0.0158450492785689,0.00402132259708136,0.00482193881218784,NA,0.006603782441748,0.00307631444721693,0.0041615432610155,0.000563721401209672,1.73140306273743,17.6530749317351,0.728427114134325,0.673675280709025,0.185319816380856,100
"mid","R03","linda","single",0.059942508500309,0.263841007957256,0.101758807164549,0.333140989261441,0.527175991850584,0.0541081287944465,0.0710174986457833,NA,-0.00886016219915832,0.284105576239297,0.874493218233697,0.22485,28.61,281.16,9.51,8.88,0.63,0.0139046013925594,0.0142234611259727,0.0158034025727027,0.0162906503044287,0.0152747300713894,0.00276671039935906,0.00354252039239436,NA,0.00377297103108237,0.00277654117124491,0.00313022467617449,0.0113496262119734,1.73140306273743,17.6530749317351,0.775833862252855,0.73913408250411,0.136814406471621,100
"mid","R03","lm_logtss","single",0.0454927126747631,0.239851592300714,0.0857035571575325,0.304070980786737,0.511858042065033,0.0519711918880792,0.0811979983119197,NA,-0.0158753937792135,0.288244810825646,0.881177522040747,0.0431200000000001,28.61,281.16,8.62,7.97,0.65,0.0103971030593072,0.0137228897276122,0.0138303442785235,0.016010092967226,0.0158886639491372,0.00396731344800334,0.00480771384139035,NA,0.006603782441748,0.00307631444721693,0.00407049905353439,0.00053678428976389,1.73140306273743,17.6530749317351,0.733027484429672,0.672167457490387,0.190361166568641,100
"mid","R03","locom","single",0.0339499781936853,0.210422358819967,0.0896612992338317,0.272389279595486,0.470762590718525,0.0529298179680883,0.0689190297781416,NA,-0.00676660375032584,0.487969396853363,NA,506.19493,28.61,281.16,7.71,7.3,0.41,0.00777353236251506,0.0134636399575662,0.011810435237505,0.0156562632724219,0.015632074092176,0.00175972816119452,0.00299243383291937,NA,0.0041829885797679,0.0118628035983966,NA,27.7159608822227,1.73140306273743,17.6530749317351,0.721711629924083,0.676965898906901,0.0779730593204986,100
"mid","R03","locom2","single",0.0597907992841228,0.236038480967981,0.107461392109965,0.286619891210805,0.492189511743142,0.0534357740034577,0.0817355474870324,NA,NA,NA,NA,46.48272,28.61,281.16,9.06,8.38,0.68,0.0110326382644769,0.0144751177181852,0.0154304134855221,0.0168638772085068,0.0170944667916306,0.00185800751547639,0.00290107459368796,NA,NA,NA,NA,2.57834542486362,1.73140306273743,17.6530749317351,0.796180275002484,0.738929063994753,0.103357768371943,100
"mid","R03","logistic_presence","single",0.0286062129085385,0.115068573473956,0.0778064352539505,0.150821523018396,0.399615588010698,0.0527366175090019,0.0905872973068726,NA,-0.0201181996688206,0.322824118772026,NA,0.56445,28.56,280.52,4.25,3.73,0.52,0.0116204438292162,0.00949647783611039,0.0161411210953638,0.0106976117473872,0.0115330259420158,0.00418777913902905,0.00498133632158944,NA,0.00822916888251369,0.00380369972437196,NA,0.0348380187511439,1.73451707831013,17.6998001472481,0.557841257605485,0.380816507154315,0.312526362524391,100
"mid","R03","maaslin3","abundance",0.234292022391094,0.190635901913395,0.373960384137298,0.239436971545861,0.317963196815763,0.053724327811676,0.0650543049874189,NA,-0.0109708803619438,0.409955753673517,NA,13.01133,28.61,281.16,9.36,6.83,2.53,0.0224976178942029,0.0119225894488707,0.0269709329465454,0.0145050344862809,0.0129269455639389,0.00197441561574414,0.00300007432936435,NA,0.00930563587562288,0.00773616183364519,NA,0.845665225575987,1.73140306273743,17.6530749317351,0.82456232651209,0.621671744231437,0.252844424558468,100
"mid","R03","maaslin3","combined",0.268211649726596,0.368761218255256,0.448636160249079,0.467517208394425,0.465527557995503,0.0628528353027312,0.097875007822779,NA,NA,NA,NA,13.01133,28.61,281.16,18.62,12.94,5.68,0.0206506180166025,0.0185527135248825,0.0165587125111662,0.0203363730257304,0.014817058827154,0.00287826272652187,0.00411941052505302,NA,NA,NA,NA,0.845665225575987,1.73140306273743,17.6530749317351,1.57093422632341,1.08178864232653,0.548621780998402,100
"mid","R03","maaslin3","presence",0.89,NA,0.95,NA,NA,0.0866712402222122,0.0890472939594709,0.420797442377325,NA,NA,NA,13.01133,0,280.69,9.75,NA,9.75,0.031446603773522,NA,0.021904291355759,NA,NA,0.00347263433057884,0.0044842605184136,0.0131261668735686,NA,NA,NA,0.845665225575987,0,17.6855856104297,0.839477350630869,NA,0.839477350630869,100
"mid","R03","pursue","abundance",0.0586915584415584,0.0928004155385822,0.102428374197556,0.123839375045125,0.318609317277183,0.0528200197304441,0.066815658639809,NA,-0.0026939005928378,0.393294743799201,0.907131252159766,29.10659,28.61,281.16,3.14,2.84,0.3,0.011699037855659,0.00782297781170123,0.0164577796658805,0.00958047495341072,0.0127557937465286,0.00182036896440202,0.00316717585531417,NA,0.00471214784663395,0.00697521890302849,0.00256074140121317,1.97743555422934,1.73140306273743,17.6530749317351,0.301852864016811,0.27181395895507,0.0559581373109678,100
"mid","R03","pursue","combined",0.0584206349206349,0.0816137562662471,0.100614402363763,0.124298546527546,0.32816858357843,0.0509669680337588,0.0938353117695645,NA,NA,NA,NA,29.10659,28.61,281.16,2.9,2.62,0.28,0.0130424507066305,0.00757038498967355,0.0168664709701286,0.00951421103021348,0.0134933675548794,0.00191443796506438,0.00448354884034233,NA,NA,NA,NA,1.97743555422934,1.73140306273743,17.6530749317351,0.309610377504673,0.279891753968197,0.0636911740868832,100
"mid","R03","pursue","presence",0.31,NA,0.36,NA,NA,0.0542688054726414,0.143522165209359,0.130304170176106,NA,NA,NA,29.10659,0,280.52,0.5,NA,0.5,0.0464823198711732,NA,0.0482418151324422,NA,NA,0.00228749306244312,0.00663605342040781,0.00767904995512648,NA,NA,NA,1.97743555422934,0,17.6998001472481,0.1,NA,0.1,100
"mid","R03","wilcoxon_tss","single",0.0444147773123196,0.233404161617312,0.0933762569144296,0.293553150563211,0.503040452920641,0.0554201931147261,0.0782217994384575,NA,-0.028500155916284,0.669817891315116,NA,0.32947,28.61,281.16,8.73,7.87,0.86,0.0116279767609962,0.0137793397683929,0.0146353628350333,0.0153596555231869,0.0143366037644842,0.00472774867840996,0.00510569334226611,NA,0.0141288896132216,0.0175800413151449,NA,0.0187540026973369,1.73140306273743,17.6530749317351,0.804012035690607,0.673548570459233,0.339643306657994,100
"mid","R03","zicoseq","single",0.0574555431649758,0.231938257882887,0.131884116183565,0.303444038617882,0.490916039404567,0.0632625853062321,0.087192186293962,NA,NA,NA,NA,174.35239,28.61,281.16,9.4,8.61,0.79,0.0111340628902581,0.0161000611510017,0.0172860876359605,0.0198594883666264,0.0189592330347407,0.0037272984228112,0.0052419000544264,NA,NA,NA,NA,11.347153567206,1.73140306273743,17.6530749317351,0.895104530885707,0.804017060977834,0.187646239267168,100
"mid","R04","adapt","single",0.0533333333333333,0.029242993848257,0.108357142857143,0.0426982418166629,0.235946553843029,0.050483364217833,0.0804117294046189,NA,-0.00366420317598696,1.04170564079907,NA,0.310009999999997,16.43,163.52,0.63,0.53,0.1,0.0194812062302123,0.00463440678946842,0.026025553037139,0.0060772471323168,0.0130288052042414,0.00232494974446127,0.00295648315226287,NA,0.0233160572823144,0.0353067648468546,NA,0.00611429018320551,0.420258458233944,4.28706016385178,0.0991427906067452,0.0846323003505533,0.0333333333333333,100
"mid","R04","aldex2","single",0.01,0.00698803827751196,0.015,0.0110143540669856,0.221676271792794,0.0140486025866736,0.203491681568006,NA,-0.00781916463664207,0.768533010424658,NA,8.10029,16.43,163.52,0.13,0.12,0.01,0.01,0.00198965618624286,0.0111350751676807,0.00260561157575274,0.0111119432881931,0.0014053844891583,0.00811214329071566,NA,0.00323442924505338,0.0118125574980538,NA,0.287602208900847,0.420258458233944,4.28706016385178,0.0337997668989631,0.032659863237109,0.01,100
"mid","R04","ancombc2","single",0.01,0.000526315789473684,0.01,0.000526315789473684,0.124881448162846,0.337750349019648,0.338765311657951,NA,0.0126982322816488,0.742072614895636,0.631028606258354,32.65134,16.43,163.52,0.02,0.01,0.01,0.01,0.000526315789473684,0.01,0.000526315789473684,0.00839397723503862,0.0152440546935267,0.0140788771407213,NA,0.0187558612576625,0.0186525985958977,0.0157883699315476,1.25565072165468,0.420258458233944,4.28706016385178,0.014070529413629,0.01,0.01,100
"mid","R04","corncob","single",0.528166717269658,0.103541456479537,0.615278538961151,0.159095994304973,0.193402860290982,0.116806132339225,0.127552882055492,NA,NA,NA,NA,7.24256,16.43,163.51,4.51,1.83,2.68,0.034343412521274,0.0101315876933543,0.0267053439039658,0.0124443925441551,0.0104569533277704,0.0032009935401251,0.00433781864165669,NA,NA,NA,NA,0.232385923494483,0.420258458233944,4.28837976514452,0.383364952582636,0.192303947127479,0.250203957206956,100
"mid","R04","fastancom","single",0.0125,0.00529554655870445,0.0175,0.00833230512177881,0.223868269121093,0.0287106050243602,0.114927468021777,NA,-0.0185334070295598,0.503770865774113,NA,0.03346,16.43,163.52,0.12,0.1,0.02,0.0102832363337108,0.00203213977712269,0.0113790299776529,0.00257766751554605,0.0128018944525851,0.00208685156790237,0.00536827741982495,NA,0.0157006156338914,0.00864531518014192,NA,0.0012775782013662,0.420258458233944,4.28706016385178,0.0477366513151884,0.0389249472080761,0.014070529413629,100
"mid","R04","ldm","single",0.1025,0.0394474063947748,0.13719696969697,0.0570234677603099,0.249686256449008,0.0602448976318898,0.0814270326077159,NA,NA,NA,NA,10.24043,16.43,163.52,1.05,0.72,0.33,0.024726761585296,0.00595038438403341,0.0267206316473201,0.00839624664712439,0.0124189752410708,0.00298353156172235,0.00381255747623171,NA,NA,NA,NA,1.10284990436898,0.420258458233944,4.28706016385178,0.153330039490313,0.111988455393465,0.0876805496554326,100
"mid","R04","limma_logtss","single",0.05,0.0218397508923825,0.08675,0.0399547163362953,0.229042720343049,0.0566475947448678,0.0920326571600588,NA,-0.00929532110193784,0.501321139514178,0.914713643220973,0.0427500000000001,16.43,163.52,0.55,0.4,0.15,0.0192814234028496,0.00393716261781444,0.022401913770233,0.0064072608730013,0.0128374766968166,0.0037121582225415,0.00506707878819967,NA,0.0150944534171063,0.0088514726014614,0.00407526543222286,0.00108547573706536,0.420258458233944,4.28706016385178,0.108595254467814,0.0738548945875996,0.0687184270936277,100
"mid","R04","linda","single",0.0793333333333333,0.034742993848257,0.150380952380952,0.0519428846007793,0.228962455943567,0.0593902267812856,0.0749690383741343,NA,-0.0137206155710174,0.47954100140605,0.901428400471655,0.14259,16.43,163.52,0.8,0.63,0.17,0.0227242781416591,0.00540247266270622,0.0273956340168909,0.00710376357667671,0.0131174481003805,0.00254831004383319,0.00265109408324615,NA,0.00946731720564272,0.00855128589690967,0.00348775301468069,0.00445625414559144,0.420258458233944,4.28706016385178,0.12226812728383,0.10015644328406,0.0450700913168936,100
"mid","R04","lm_logtss","single",0.0586666666666667,0.0276459330143541,0.101083333333333,0.0516880458722564,0.231535372833287,0.0565652695648256,0.0929087789557608,NA,-0.00929532110193784,0.501321139514178,0.91459726329337,0.0405600000000001,16.43,163.52,0.7,0.51,0.19,0.0202335965347677,0.00429505021704381,0.0238898062977928,0.00769018094194591,0.0126614730074071,0.00388450352005923,0.00525548122559013,NA,0.0150944534171063,0.0088514726014614,0.00416745460439828,0.000813189256985584,0.420258458233944,4.28706016385178,0.121022579077066,0.0810225059143845,0.0720479638220893,100
"mid","R04","locom","single",0.0516666666666667,0.0229609250398724,0.0975,0.0312372408293461,0.207565734310076,0.0524370379992493,0.0776760042345926,NA,-0.00821033087569525,0.819993328025867,NA,69.67461,16.43,163.52,0.48,0.39,0.09,0.0193460715031196,0.00459499315132361,0.0242176983543079,0.00528144767343035,0.0100511908785997,0.00236649222391408,0.00252414851930026,NA,0.00582688486771624,0.0245206358451212,NA,2.9561995540239,0.420258458233944,4.28706016385178,0.0947937687079619,0.0777135376842024,0.0320825954263823,100
"mid","R04","locom2","single",0.075,0.0268079479000532,0.1015,0.0370891656503112,0.222457517448887,0.05089478873035,0.0932206110800732,NA,NA,NA,NA,9.57306,16.43,163.52,0.61,0.48,0.13,0.0226443492826184,0.0050386852185096,0.024682148885888,0.00585871558403863,0.0118921538272313,0.00242230906666437,0.00347402917222827,NA,NA,NA,NA,0.224431907659668,0.420258458233944,4.28706016385178,0.108147859876928,0.094793768707962,0.0366666666666667,100
"mid","R04","logistic_presence","single",0.0609615384615385,0.00721929824561404,0.104090909090909,0.0102719298245614,0.174943124850308,0.0531460442456096,0.121255172616236,NA,-0.00296644531586832,0.779140427450723,NA,0.21593,16.32,162,0.32,0.13,0.19,0.0222629951023983,0.00241267203716566,0.0286355619576737,0.00261751103230859,0.0105935657180785,0.00338320400619516,0.00377264514405634,NA,0.0186815144709149,0.0467418005418927,NA,0.0101438766422573,0.423520598046538,4.29994127279605,0.140619121650426,0.0441645225322889,0.1134357825718,100
"mid","R04","maaslin3","abundance",0.142333333333333,0.0160789473684211,0.290166666666667,0.0316552209400507,0.154955204264072,0.0497675420396218,0.0744595579531934,NA,-0.0209645157431727,0.764726581674761,NA,6.10728,16.43,163.51,0.55,0.31,0.24,0.0318626929322973,0.00317752515443291,0.0409253668717586,0.00520954867241882,0.00961690443464721,0.00199229064943776,0.00239167714056038,NA,0.0178441780335931,0.0216036506375401,NA,0.210654749893102,0.420258458233944,4.28837976514452,0.101876336206147,0.0614554121031474,0.0588097428882822,100
"mid","R04","maaslin3","combined",0.160833333333333,0.0325409200362761,0.29758152958153,0.0663730002367773,0.196917345721573,0.0538239758725343,0.097944549418003,NA,NA,NA,NA,6.10728,16.43,163.52,1.02,0.62,0.4,0.0318300543025355,0.00552335336065534,0.0352423322046552,0.00901478980738604,0.0114680274997229,0.0021918212103771,0.00437457930006908,NA,NA,NA,NA,0.210654749893102,0.420258458233944,4.28706016385178,0.168762579029855,0.106154071371224,0.0864566219253764,100
"mid","R04","maaslin3","presence",0.18,NA,0.38,NA,NA,0.0537766606955015,0.0891616274158867,0.15886770788551,NA,NA,NA,6.10728,0,162.82,0.25,NA,0.25,0.0386122919665369,NA,0.0487831731214563,NA,NA,0.00293066773623463,0.00393565273470987,0.0117501578025631,NA,NA,NA,0.210654749893102,0,4.30279167071985,0.0672324476737388,NA,0.0672324476737388,100
"mid","R04","pursue","abundance",0.07,0.00943540669856459,0.15475,0.0191025893611033,0.148350121409462,0.0552398227288369,0.0748632163844057,NA,0.00168265790698067,0.742537538501396,0.933861413913543,8.27453,16.43,163.51,0.27,0.17,0.1,0.0248937134573564,0.00250518363519087,0.0330501979785258,0.00394858722986621,0.00899565766634847,0.00257115874241918,0.0028174266722527,NA,0.0126900736126185,0.0216911659925591,0.00252679096223167,0.337447463462047,0.420258458233944,4.28837976514452,0.0664466064983872,0.0450700913168936,0.0389249472080761,100
"mid","R04","pursue","combined",0.0766666666666667,0.00690909090909091,0.109,0.0131283891547049,0.146266011525006,0.0458244256293582,0.103874545578449,NA,NA,NA,NA,8.27453,16.43,163.52,0.22,0.12,0.1,0.0253394463650559,0.00209595351100492,0.0298935822983172,0.00315449996485077,0.00901866211913115,0.00228313066367734,0.00396615371374667,NA,NA,NA,NA,0.337447463462047,0.420258458233944,4.28706016385178,0.0542720420239975,0.0356186309210063,0.0333333333333333,100
"mid","R04","pursue","presence",0.08,NA,0.09,NA,NA,0.0398298716734646,0.138326832352445,0.0616615430493139,NA,NA,NA,8.27453,0,162,0.08,NA,0.08,0.0272659924344291,NA,0.0287623491264661,NA,NA,0.00219855271881386,0.00512916200579674,0.00665185118565421,NA,NA,NA,0.337447463462047,0,4.29994127279605,0.0272659924344291,NA,0.0272659924344291,100
"mid","R04","wilcoxon_tss","single",0.0418333333333333,0.0215257841573631,0.0642417582417582,0.0421588061061745,0.235632742552242,0.0525374241169827,0.0866882980219748,NA,-0.0315637681535046,1.16280443192782,NA,0.13327,16.43,163.52,0.49,0.38,0.11,0.0148797933170541,0.0039139807227559,0.0180564827054508,0.00692416240241472,0.0129334551187093,0.0030422079257569,0.00445731207298706,NA,0.0249328263707597,0.0427401197748874,NA,0.00410018119826255,0.420258458233944,4.28706016385178,0.0958692291139816,0.0678381913233262,0.0399368187885502,100
"mid","R04","zicoseq","single",0.061,0.0279042749476186,0.132035714285714,0.0445361040748038,0.23826687366042,0.0612584430868635,0.08818195343435,NA,NA,NA,NA,51.36628,16.43,163.52,0.72,0.54,0.18,0.0181235626776357,0.00455347505877269,0.0276169903064768,0.00718863628305355,0.0132333872159456,0.00283199861783804,0.00397799687776993,NA,NA,NA,NA,1.52109139459903,0.420258458233944,4.28706016385178,0.121505705066208,0.0892392086676948,0.0557411042864304,100
"mid","R05","adapt","single",0.07075,0.0132926477916161,0.132076923076923,0.0220202147780177,0.204467764275247,0.0500959494617342,0.0637207613832661,NA,0.0199201300567379,1.15616145510052,NA,0.556299999999997,39.27,394.67,0.56,0.46,0.1,0.0243450962643653,0.00303778975327076,0.0307951467522873,0.00473506847110747,0.00848790268523881,0.00184186388901146,0.00357233101022226,NA,0.0232779204573296,0.0234119683713934,NA,0.031807049279026,3.22974981049366,32.4398870796027,0.122532205620161,0.109562951785904,0.0301511344577764,100
"mid","R05","aldex2","single",0,0.00299203296703297,0,0.00342450372208437,0.173536382575205,0.00608441137970554,0.252091746150248,NA,-0.0107831099066949,0.685325695773217,NA,16.10066,39.27,394.67,0.06,0.06,0,0,0.00129278656014286,0,0.00133602767765486,0.00732913932356362,0.000579932948710453,0.00406094549316842,NA,0.00226032581677533,0.00601626230200827,NA,1.20445125299969,3.22974981049366,32.4398870796027,0.0238683256575942,0.0238683256575942,0,100
"mid","R05","ancombc2","single",0,0.000824175824175824,0,0.000824175824175824,0.0791069818851591,0.442881047597919,0.431401520602398,NA,-0.024391497552414,0.813519884035063,0.519295948958681,85.32539,39.27,394.67,0.02,0.02,0,0,0.000721591437042377,0,0.000721591437042377,0.00512920574905777,0.00582051594583942,0.00548030882762938,NA,0.0178320217440498,0.0131080465579038,0.0053407905913718,7.41883827258192,3.22974981049366,32.4398870796027,0.014070529413629,0.014070529413629,0,100
"mid","R05","corncob","single",0.461666347541348,0.0588748823771953,0.52618705959167,0.090814942081709,0.168240537378844,0.11188133545691,0.113850424676666,NA,NA,NA,NA,16.26178,39.21,394.59,4.48,1.84,2.64,0.0354724738421842,0.00682814227770674,0.0293376453175076,0.00771112934150104,0.00776879838781481,0.0035899741394391,0.005181494646129,NA,NA,NA,NA,1.32919112697774,3.22945080861321,32.4375362283521,0.436348484585429,0.198336516399209,0.29457039425529,100
"mid","R05","fastancom","single",0.00333333333333333,0.00342605038924677,0.025,0.00578731094671174,0.183928423299674,0.0282095161133335,0.102383598456561,NA,-0.0225868603069275,0.449087315437648,NA,0.0518700000000101,39.27,394.67,0.14,0.13,0.00999999999999999,0.00333333333333333,0.00132645253553911,0.0123943345371798,0.00188338456816334,0.00813920235380689,0.00220791393813265,0.00565121788168083,NA,0.0128209109329379,0.00551600980277011,NA,0.00292158995733448,3.22974981049366,32.4398870796027,0.0550848748237067,0.0505624925865572,0.00999999999999999,100
"mid","R05","ldm","single",0.0666666666666667,0.0202559441419858,0.144345584970585,0.0350220513347368,0.207540678804702,0.057959495542352,0.0660646369249725,NA,NA,NA,NA,14.74672,39.27,394.67,0.8,0.52,0.28,0.0215491503552355,0.00472901139943223,0.0288895115590063,0.0064655302237117,0.00795937852904689,0.00239277860037115,0.00356933911973189,NA,NA,NA,NA,1.54492653920221,3.22974981049366,32.4398870796027,0.236557806803318,0.113244171700986,0.149801215083203,100
"mid","R05","limma_logtss","single",0.0576666666666667,0.00825575243346864,0.100187035187035,0.0195273402518039,0.196134359208131,0.0518039316267621,0.0879102461833087,NA,-0.0167414012585204,0.453694095048357,0.907028246083337,0.04187,39.27,394.67,0.42,0.25,0.17,0.0200999466750832,0.00262455535105339,0.0246712345943469,0.00500254872365124,0.0081895402283863,0.0035014998889014,0.00510949581947499,NA,0.0143979353240582,0.00538699985205662,0.00339143736320798,0.000561861084955936,3.22974981049366,32.4398870796027,0.110261397404421,0.0641573192719398,0.0682464340282755,100
"mid","R05","linda","single",0.0408333333333333,0.0147261207555736,0.0752539682539683,0.0243962262466422,0.202461349706884,0.0524709822178598,0.0650129949013365,NA,-0.0102317408960041,0.425783010930661,0.892830891015011,0.26593,39.27,394.67,0.49,0.41,0.08,0.016347748397426,0.00407233578508407,0.021781257215766,0.00510111627608834,0.00715099199361058,0.00221941967605928,0.00356670261276051,NA,0.00553438622517849,0.00430775197959567,0.002426891578957,0.0198771034970979,3.22974981049366,32.4398870796027,0.104924215074934,0.09,0.0272659924344291,100
"mid","R05","lm_logtss","single",0.066797619047619,0.0138480155667861,0.100319763569764,0.0265216496926809,0.198920094458377,0.0528029580419348,0.0878074248435017,NA,-0.0167414012585204,0.453694095048357,0.906070242695668,0.03861,39.27,394.67,0.64,0.41,0.23,0.0205162525677948,0.00318678184463838,0.0245836771236029,0.00561740652969345,0.00808098281296238,0.00351745078649563,0.00509971387336638,NA,0.0143979353240582,0.00538699985205662,0.00342007491570913,0.000324393762472881,3.22974981049366,32.4398870796027,0.143209953945565,0.0829932454352689,0.0885973755226132,100
"mid","R05","locom","single",0.045,0.00904658918764064,0.099,0.0153392270283722,0.18308212301699,0.0486044747345187,0.0597927674534627,NA,-0.00659455318798447,0.927266163331892,NA,240.17529,39.27,394.67,0.33,0.27,0.06,0.0189296944860009,0.00229894040866957,0.0263510574116402,0.00320582155842095,0.00755103220011177,0.00152385642634873,0.00284045584417714,NA,0.00502640510302777,0.0151565217174145,NA,20.433691356329,3.22974981049366,32.4398870796027,0.0667499479816693,0.0600588936550675,0.0238683256575942,100
"mid","R05","locom2","single",0.0914166666666667,0.0157716940667468,0.109450216450216,0.0214249824766834,0.180271283754726,0.0493352713515732,0.0845021269939531,NA,NA,NA,NA,41.0983,39.27,394.67,0.77,0.58,0.19,0.0248980680110852,0.00342681246303249,0.0238328475117803,0.00376919228952355,0.00710106053978795,0.00175046085212381,0.00381719992671391,NA,NA,NA,NA,3.94107354249749,3.22974981049366,32.4398870796027,0.139156913104044,0.106534008417476,0.0544856574585172,100
"mid","R05","logistic_presence","single",0.0341666666666667,0.00606811174418159,0.127896825396825,0.0159193654905293,0.154246728338228,0.0537131010545854,0.11370661378837,NA,-0.0237696817528962,0.680299247454842,NA,0.45055,39.14,393.2,0.33,0.19,0.14,0.0163305759371098,0.00281125090266135,0.0304176257894087,0.00484327763203222,0.00767087277280304,0.00298195070942707,0.00293408550293606,NA,0.0169125577592494,0.0292588474856112,NA,0.0369638244528596,3.23850008928251,32.5109678462981,0.158945387991084,0.0677115092495248,0.101523744548114,100
"mid","R05","maaslin3","abundance",0.109333333333333,0.00484775873565473,0.285150252525253,0.0140426268461237,0.105559572923679,0.0493436182177181,0.058378379965253,NA,-0.0114795846189331,0.850396643255277,NA,12.96727,39.22,394.61,0.52,0.27,0.25,0.028619881954642,0.00119913480135281,0.0380623041931007,0.00213879638626471,0.00629050813393848,0.00191727263364939,0.00279640953407319,NA,0.0176407271654235,0.0147930750202082,NA,0.988531756447946,3.23014775907458,32.4388185432954,0.10394248603935,0.0600588936550675,0.0687184270936277,100
"mid","R05","maaslin3","combined",0.137769841269841,0.0125375774655007,0.294690679606084,0.0331167929745715,0.149689248701031,0.0537041609722518,0.0901429028408917,NA,NA,NA,NA,12.96727,39.27,394.67,1.34,0.79,0.55,0.0272446984187448,0.00226840597480486,0.0347011533060223,0.00396102689953371,0.00807713882563297,0.00181087601282859,0.00366170948752759,NA,NA,NA,NA,0.988531756447946,3.22974981049366,32.4398870796027,0.249127771363705,0.145848267633583,0.121750697424008,100
"mid","R05","maaslin3","presence",0.17,NA,0.43,NA,NA,0.0494641567934334,0.0702082462986578,0.147309494901106,NA,NA,NA,12.96727,0,393.9,0.36,NA,0.36,0.0377525168068637,NA,0.0497569851956243,NA,NA,0.00249292868973515,0.00357057255037686,0.00879690343198706,NA,NA,NA,0.988531756447946,0,32.4901243736952,0.111482208572861,NA,0.111482208572861,100
"mid","R05","pursue","abundance",0.04,0.00330072463768116,0.141333333333333,0.00680744361315013,0.105798764958578,0.0556017009827556,0.0615114519805585,NA,-0.000661207520109858,0.828094231125727,0.935217715274544,16.93327,39.22,394.61,0.1,0.06,0.04,0.0196946385566932,0.00173293508539479,0.0329578855848221,0.00231732670950425,0.00599256370473063,0.00194466819263528,0.00301911880708842,NA,0.00892565745460802,0.0141930337884748,0.00192142372949076,1.44129701674421,3.23014775907458,32.4388185432954,0.0333333333333333,0.0277797979063414,0.0196946385566932,100
"mid","R05","pursue","combined",0.01,0.00419202898550725,0.081,0.00610219522591645,0.104244971691275,0.0504383671464488,0.0745061265519721,NA,NA,NA,NA,16.93327,39.27,394.67,0.07,0.06,0.01,0.01,0.00243518109522388,0.0265030968268642,0.00274953097573463,0.00615910615295949,0.00198940237284366,0.00340796941723429,NA,NA,NA,NA,1.44129701674421,3.22974981049366,32.4398870796027,0.0293188669562103,0.0277797979063414,0.01,100
"mid","R05","pursue","presence",0.03,NA,0.09,NA,NA,0.0432588101989584,0.0985668520658804,0.0659842170536255,NA,NA,NA,16.93327,0,393.2,0.04,NA,0.04,0.0171446607997765,NA,0.0287623491264661,NA,NA,0.00167258662688041,0.00404880585800195,0.00533065250322554,NA,NA,NA,1.44129701674421,0,32.5109678462981,0.0242878362539562,NA,0.0242878362539562,100
"mid","R05","wilcoxon_tss","single",0.0378333333333333,0.0130166532074812,0.0709583333333333,0.0210136386564616,0.192725710269646,0.0512949465859869,0.0721789352852799,NA,-0.0164601269101037,1.3647324471675,NA,0.24279,39.27,394.67,0.54,0.34,0.2,0.0174959591294272,0.00423905797509204,0.0229606980578342,0.00572347612896757,0.00850299472147494,0.00268086377303465,0.00430580086384829,NA,0.026190053540346,0.0305602162357876,NA,0.0176636377906704,3.22974981049366,32.4398870796027,0.214814930918348,0.0966300871228715,0.136329962172145,100
"mid","R05","zicoseq","single",0.0455952380952381,0.0119866301000267,0.101428571428571,0.02107534757673,0.203907607528956,0.0543946032977736,0.0696881604368601,NA,NA,NA,NA,128.03362,39.27,394.67,0.55,0.44,0.11,0.0169587670238383,0.00366344107857765,0.0233428777683685,0.0048555670007421,0.0087523081576262,0.00236644268000681,0.004171801359685,NA,NA,NA,NA,10.4156634524597,3.22974981049366,32.4398870796027,0.12742595393943,0.103786883428096,0.0373219679669936,100
"mid","R06","adapt","single",0.036,NA,0.096,NA,NA,0.0504175766342776,0.0680074138863299,NA,0.00493257718715093,1.08609670933051,NA,0.392963999999997,0,285.012,0.048,NA,0.048,0.0118056551692781,NA,0.0186689614194772,NA,NA,0.0013013936723499,0.00203861734782731,NA,0.0136551208742787,0.0185196028724996,NA,0.00811077589125898,0,10.8419673698918,0.0167303202138462,NA,0.0167303202138462,250
"mid","R06","aldex2","single",0,NA,0.008,NA,NA,0.00845032834305626,0.234770427646537,NA,-0.000567528714606809,0.512107738980839,NA,12.491192,0,285.012,0,NA,0,0,NA,0.00564548367669017,NA,NA,0.000456539329418198,0.00361200420485038,NA,0.000656424985040013,0.00534368753623093,NA,0.455900674252275,0,10.8419673698918,0,NA,0,250
"mid","R06","ancombc2","single",0,NA,0,NA,NA,0.403929182342607,0.396405584776392,NA,-0.00764935151871555,0.746382005837787,0.572450501990953,51.271896,0,285.012,0,NA,0,0,NA,0,NA,NA,0.0048288764470944,0.00449077511153785,NA,0.00945028888478612,0.0094586956756468,0.00508456210748496,2.15143073833114,0,10.8419673698918,0,NA,0,250
"mid","R06","corncob","single",0.632,NA,0.756,NA,NA,0.105876220132252,0.109305805324982,NA,NA,NA,NA,12.206332,0,284.988,1.86,NA,1.86,0.0305620706209931,NA,0.0272179954645531,NA,NA,0.00164666295671171,0.00263658481719818,NA,NA,NA,NA,0.478172157390534,0,10.8423318554754,0.148139736485875,NA,0.148139736485875,250
"mid","R06","fastancom","single",0.012,NA,0.02,NA,NA,0.0298920613817071,0.105406617181699,NA,0.00216147526020301,0.425044310888243,NA,0.037627999999999,0,285.012,0.012,NA,0.012,0.00690032302369427,NA,0.00887213950734269,NA,NA,0.00131580563750578,0.003641980128848,NA,0.00907564075339329,0.00465058419800475,NA,0.00064121375869303,0,10.8419673698918,0.00690032302369427,NA,0.00690032302369427,250
"mid","R06","fastemu","single",0.08,NA,0.16,NA,NA,0.0402078523991553,0.110084329730396,NA,0.00433494242973641,1.28163050041777,0.859220805237566,606.4328,0,284.84,0.12,NA,0.12,0.0553774924194538,NA,0.0748331477354788,NA,NA,0.00497934711505375,0.00750342423076369,NA,0.022646309546459,0.0617107121215905,0.00706527421979769,50.0892427092218,0,34.8613769091239,0.0879393730551528,NA,0.0879393730551528,25
"mid","R06","ldm","single",0.072,NA,0.136,NA,NA,0.0530790269519914,0.0655043656692477,NA,NA,NA,NA,7.888568,0,285.012,0.1,NA,0.1,0.0163810057504901,NA,0.0217233426170521,NA,NA,0.00129774136460835,0.00181578753814216,NA,NA,NA,NA,0.487136059621785,0,10.8419673698918,0.0279126578072289,NA,0.0279126578072289,250
"mid","R06","limma_logtss","single",0.032,NA,0.064,NA,NA,0.0500573225333776,0.0817477311104098,NA,0.00877278944057762,0.418809546347379,0.949942677466622,0.0434960000000001,0,285.012,0.04,NA,0.04,0.0111535468092308,NA,0.0155105871343741,NA,NA,0.00185898950344714,0.00289045828281789,NA,0.00785163672406462,0.00472531866062901,0.00185898950344714,0.000493271938001023,0,10.8419673698918,0.0158304267042476,NA,0.0158304267042476,250
"mid","R06","linda","single",0.032,NA,0.112,NA,NA,0.0521653716956439,0.0665487718309478,NA,-0.00457130723782562,0.391166039043285,0.944912826386182,0.213276,0,285.012,0.04,NA,0.04,0.0111535468092308,NA,0.0199855369391715,NA,NA,0.00122663515103385,0.00190899089222511,NA,0.0038515746336589,0.00453301271112579,0.00127259150497983,0.00795879343038063,0,10.8419673698918,0.0147808624776205,NA,0.0147808624776205,250
"mid","R06","lm_logtss","single",0.036,NA,0.064,NA,NA,0.0503027401973533,0.0818994099337424,NA,0.00877278944057762,0.418809546347379,0.949697259802647,0.0423359999999999,0,285.012,0.04,NA,0.04,0.0118056551692781,NA,0.0155105871343741,NA,NA,0.00187800343005483,0.002887877831691,NA,0.00785163672406462,0.00472531866062901,0.00187800343005483,0.000491269578944989,0,10.8419673698918,0.0136508381254084,NA,0.0136508381254084,250
"mid","R06","locom","single",0.048,NA,0.072,NA,NA,0.04959474801726,0.0649658264055925,NA,0.000858676171547193,0.855510970944505,NA,135.296252,0,278.244,0.052,NA,0.052,0.0135468842280857,NA,0.0163810057504901,NA,NA,0.00128264040339081,0.0020104072672436,NA,0.00369756484907067,0.012482646192534,NA,5.71506628530657,0,10.9540552839877,0.0151691930461275,NA,0.0151691930461275,250
"mid","R06","locom2","single",0.136,NA,0.212,NA,NA,0.0460895339494529,0.0858428577623661,NA,NA,NA,NA,23.522144,0,285.012,0.184,NA,0.184,0.0217233426170521,NA,0.0259018846905411,NA,NA,0.00109529571231044,0.00211814068206128,NA,NA,NA,NA,0.953106822711417,0,10.8419673698918,0.031947748504991,NA,0.031947748504991,250
"mid","R06","logistic_presence","single",0.052,NA,0.108,NA,NA,0.0554217285774437,0.114084621371813,NA,0.0104214561548183,0.662676553473182,NA,0.373728,0,283.596,0.072,NA,0.072,0.0140703910256417,NA,0.0196695593815688,NA,NA,0.0015822769182171,0.00167236666872214,NA,0.010519355724296,0.022949230715803,NA,0.0197322916408001,0,10.8892697606258,0.021473435536377,NA,0.021473435536377,250
"mid","R06","maaslin3","abundance",0.228,NA,0.42,NA,NA,0.0494130753234463,0.0617429911654115,NA,0.00234614639296252,0.779006911672865,NA,10.466524,0,284.996,0.416,NA,0.416,0.0265874324872685,NA,0.0312779995046366,NA,NA,0.000989817472309964,0.00185893367919338,NA,0.00900599027430511,0.0111671656655407,NA,0.413621908533107,0,10.8424029968909,0.0600850802401884,NA,0.0600850802401884,250
"mid","R06","maaslin3","combined",0.292,NA,0.476,NA,NA,0.0542721210564668,0.0874281721967167,NA,NA,NA,NA,10.466524,0,285.012,0.812,NA,0.812,0.0288143204022056,NA,0.0316496889596877,NA,NA,0.00117348511676213,0.00210874525193725,NA,NA,NA,NA,0.413621908533107,0,10.8419673698918,0.111085480310178,NA,0.111085480310178,250
"mid","R06","maaslin3","presence",0.096,NA,0.24,NA,NA,0.0396166223117926,0.0763786470471136,NA,NA,NA,NA,10.466524,0,284.316,0.144,NA,0.144,0.0186689614194772,NA,0.027065293652239,NA,NA,0.00129805627925031,0.00211523151417107,NA,NA,NA,NA,0.413621908533107,0,10.8722911770128,0.039842259254339,NA,0.039842259254339,250
"mid","R06","pursue","abundance",0.112,NA,0.16,NA,NA,0.0537544734199109,0.0621033954277095,NA,-0.0062437219177565,0.756752580975718,0.946245526580089,14.079044,0,284.996,0.136,NA,0.136,0.0199855369391715,NA,0.0232327147820606,NA,NA,0.00111986597380298,0.00171409145906603,NA,0.00451680536994439,0.011250152083651,0.00111986597380298,0.636146288352762,0,10.8424029968909,0.0257812858250938,NA,0.0257812858250938,250
"mid","R06","pursue","combined",0.064,NA,0.136,NA,NA,0.0485647328985032,0.0838997144366775,NA,NA,NA,NA,14.079044,0,285.012,0.072,NA,0.072,0.0155105871343741,NA,0.0217233426170521,NA,NA,0.00107235651643925,0.00220697200734346,NA,NA,NA,NA,0.636146288352762,0,10.8419673698918,0.0182371702166219,NA,0.0182371702166219,250
"mid","R06","pursue","presence",0.02,NA,0.044,NA,NA,0.0391256922569362,0.116516981883641,NA,NA,NA,NA,14.079044,0,283.596,0.02,NA,0.02,0.00887213950734269,NA,0.012997373846575,NA,NA,0.00111575918865843,0.00262559826023608,NA,NA,NA,NA,0.636146288352762,0,10.8892697606258,0.00887213950734269,NA,0.00887213950734269,250
"mid","R06","wilcoxon_tss","single",0.04,NA,0.096,NA,NA,0.0507329472237269,0.0706535915063546,NA,0.0128384453285867,1.26243049101178,NA,0.200872,0,285.012,0.044,NA,0.044,0.0124184084113013,NA,0.0186689614194772,NA,NA,0.00142032778359723,0.00216983140414431,NA,0.0124876765062492,0.0224046275791922,NA,0.00709289129280622,0,10.8419673698918,0.0141795712545851,NA,0.0141795712545851,250
"mid","R06","zicoseq","single",0.088,NA,0.156,NA,NA,0.0577503716778468,0.0714779466516022,NA,NA,NA,NA,76.621836,0,285.012,0.132,NA,0.132,0.0179530847770529,NA,0.0229950230340687,NA,NA,0.00175155042014045,0.00242125926101077,NA,NA,NA,NA,2.75235279191332,0,10.8419673698918,0.0346280291325745,NA,0.0346280291325745,250
"mid","R07","adapt","single",0.045,0.0198746031746032,0.0661666666666667,0.0253863088602219,0.228520355005555,0.0507495152654625,0.0673759335456181,NA,-0.0337462700992463,1.08591531345651,NA,0.401059999999999,14.33,284.76,0.36,0.29,0.07,0.0185931995822954,0.00453618608633438,0.0216419893138093,0.0055279873448428,0.0124095200099469,0.00195131804888778,0.00282010515781258,NA,0.0218386270056715,0.0300640290779533,NA,0.013244238846618,0.849129679213495,17.1488263873843,0.0797977240757953,0.0671121479617543,0.0256432399976243,100
"mid","R07","aldex2","single",0,0.00111111111111111,0.02,0.00313131313131313,0.191662911559254,0.00788288898845948,0.231639873258464,NA,-0.00289297612425756,0.623448396249835,NA,12.22809,14.33,284.76,0.01,0.00999999999999999,0,0,0.00111111111111111,0.014070529413629,0.00179717254479226,0.0120514418730042,0.000822701243780456,0.00595969502202336,NA,0.00221661702091692,0.00883450719507104,NA,0.682306829005896,0.849129679213495,17.1488263873843,0.01,0.00999999999999999,0,100
"mid","R07","ancombc2","single",0,0,0,0,0.0887668986059276,0.395278532227017,0.392748226936576,NA,-0.0303567300370082,0.763326846907006,0.573842363541458,55.79799,14.33,284.76,0,0,0,0,0,0,0,0.0074826977828628,0.00797816614751883,0.0077239787598526,NA,0.0139370733191408,0.0164134945675402,0.00819844249062831,3.79314480714602,0.849129679213495,17.1488263873843,0,0,0,100
"mid","R07","corncob","single",0.549620490620491,0.0818102482059004,0.675414368113453,0.107921371140936,0.183511318096108,0.109078968742678,0.111663194172571,NA,NA,NA,NA,11.68144,14.32,284.75,3.16,0.95,2.21,0.0376774708824079,0.0103650361712695,0.0327253501786925,0.0128540870972629,0.0118366311988348,0.00314982981051248,0.00456089509444928,NA,NA,NA,NA,0.684965202142017,0.849584568712226,17.1492225285385,0.274770795207551,0.110439891782678,0.218023722182572,100
"mid","R07","fastancom","single",0.005,0.0051479797979798,0.025,0.00796818181818182,0.202248854012932,0.0314412225367164,0.103607967148925,NA,-0.0109538386006656,0.449913364249477,NA,0.0369000000000034,14.33,284.76,0.09,0.08,0.01,0.005,0.00205091165601438,0.0148647097502641,0.00292467398233292,0.0121492430715684,0.00257867276187595,0.0066199315382868,NA,0.015169432414815,0.00755754565022581,NA,0.000846323003505725,0.849129679213495,17.1488263873843,0.0350900716914789,0.0307482445914323,0.01,100
"mid","R07","ldm","single",0.0538809523809524,0.0216495670995671,0.093,0.0347409320148451,0.228769028762628,0.0556868446909185,0.0681623795789162,NA,NA,NA,NA,11.84292,14.33,284.76,0.47,0.33,0.14,0.0180653614968549,0.00519637911208678,0.0253418601634373,0.00725795813800126,0.0137285311251738,0.00196286252665167,0.00305636171838442,NA,NA,NA,NA,1.55385364401093,0.849129679213495,17.1488263873843,0.113221870321912,0.0739300788965937,0.0512864799952485,100
"mid","R07","limma_logtss","single",0.025,0.00663109668109668,0.0907543859649123,0.0189033425511686,0.223422750549344,0.0543241824807792,0.0848872757077716,NA,-0.0109315215730792,0.445406397055262,0.927880025724946,0.0415399999999999,14.33,284.76,0.12,0.09,0.03,0.0148647097502641,0.0024114429770839,0.0270551560241512,0.00508225897861344,0.0128076688227199,0.0030165182766032,0.00482825749705496,NA,0.0134686083431605,0.00701160860380489,0.00301632469048659,0.000575847201955527,0.849129679213495,17.1488263873843,0.0356186309210063,0.0287623491264661,0.0171446607997765,100
"mid","R07","linda","single",0.07,0.0222509164748295,0.1065,0.0332851211590342,0.225558229442135,0.0544190571615505,0.0683758338309079,NA,-0.0129319339211652,0.420043343268552,0.919294266287765,0.19723,14.33,284.76,0.43,0.31,0.12,0.023710278970185,0.00471171657435721,0.0271989129230845,0.00667957205120515,0.01269004234456,0.00185294492245437,0.00297617155731309,NA,0.00740212082215937,0.00670614824731389,0.00222183063716577,0.00937932235712093,0.849129679213495,17.1488263873843,0.0807227453457922,0.0646591685749831,0.0432983541805861,100
"mid","R07","lm_logtss","single",0.035,0.0131587357087357,0.0863099415204678,0.0291552898792029,0.229662237527638,0.0538710112238883,0.0854655400654171,NA,-0.0109315215730792,0.445406397055262,0.928262309968847,0.0397299999999999,14.33,284.76,0.22,0.17,0.05,0.0162912258717397,0.00367247909770701,0.0251547214888575,0.00678092489261335,0.0127757893727992,0.00300785065894531,0.0048983994908426,NA,0.0134686083431605,0.00701160860380489,0.00301122526190487,0.000491514871277473,0.849129679213495,17.1488263873843,0.0523778039195454,0.0427702341505507,0.021904291355759,100
"mid","R07","locom","single",0.0325,0.017208152958153,0.0467857142857143,0.0212533910533911,0.209784795825041,0.0505366604411668,0.0652768627015079,NA,-0.0154404116096791,0.875839876152896,NA,145.55022,14.33,284.76,0.31,0.24,0.07,0.0157533866809392,0.00467354931890649,0.0188756782292096,0.00506146154194265,0.0136440458669525,0.00172791283953495,0.00275175052424884,NA,0.0061795439999648,0.0210821640812595,NA,8.69845030484015,0.849129679213495,17.1488263873843,0.0787464926267202,0.0621500302705177,0.0325824517434794,100
"mid","R07","locom2","single",0.045,0.0163896166635297,0.119166666666667,0.0201122780601041,0.204032580967631,0.0473312979495322,0.0860390916216573,NA,NA,NA,NA,22.97351,14.33,284.76,0.33,0.24,0.09,0.0178620163303296,0.00423726938017826,0.0291983954404398,0.00449459612800197,0.0134341742411442,0.00181191944074218,0.00405108032359947,NA,NA,NA,NA,1.44273496404005,0.849129679213495,17.1488263873843,0.0766139476185438,0.0570663268185859,0.0350900716914789,100
"mid","R07","logistic_presence","single",0.0175,0.00906190476190476,0.0794166666666667,0.011222444946358,0.16370656364444,0.0549698127492414,0.113461265821591,NA,-0.00793975948231154,0.71395275868449,NA,0.34609,14.26,283.21,0.2,0.15,0.05,0.0113790299776529,0.00317293755005993,0.0249785134938738,0.00331475110693835,0.0110031675779459,0.00244825983021443,0.00242087195583386,NA,0.0151381960244548,0.0334184858480487,NA,0.0220867074380621,0.84883996897489,17.2279036930372,0.0778498944161523,0.0519809599951771,0.0329523684408054,100
"mid","R07","maaslin3","abundance",0.1925,0.0110070048309179,0.349904761904762,0.0246951847669239,0.119338313719444,0.0497137171354491,0.0632761720202931,NA,0.000350208930604276,0.807242747090937,NA,10.0587,14.32,284.75,0.65,0.22,0.43,0.0359201438472445,0.00278840736903796,0.0428049184473875,0.00440922720274029,0.0105893419430672,0.00150294891336262,0.00266946075053023,NA,0.0184147670593952,0.0201614390585895,NA,0.597738158191006,0.849584568712226,17.1492225285385,0.121750697424008,0.0561023595535406,0.0912926253009707,100
"mid","R07","maaslin3","combined",0.256119047619048,0.0233142323859715,0.403982046805963,0.0502703118137901,0.168354667441249,0.053874050366552,0.084924913593175,NA,NA,NA,NA,10.0587,14.33,284.76,1.37,0.5,0.87,0.0385624166690865,0.00463289721429032,0.0421013094317152,0.00756934145881849,0.0118780291863086,0.0019019076224212,0.00293291858328967,NA,NA,NA,NA,0.597738158191006,0.849129679213495,17.1488263873843,0.233400423255309,0.10492902844352,0.16184229760149,100
"mid","R07","maaslin3","presence",0.19,NA,0.32,NA,NA,0.0466407412038716,0.0741651814188024,0.15639354244789,NA,NA,NA,10.0587,0,284.06,0.35,NA,0.35,0.0394277244403663,NA,0.0468826172262151,NA,NA,0.00210505783805549,0.00322479228690022,0.0126147103878391,NA,NA,NA,0.597738158191006,0,17.1965983246511,0.094681816969503,NA,0.094681816969503,100
"mid","R07","pursue","abundance",0.095,0.00463888888888889,0.16,0.00954603174603175,0.118312652864414,0.0537740594877108,0.0645380772586624,NA,0.00200141550523225,0.77920854284285,0.94065519856117,12.91847,14.32,284.75,0.18,0.08,0.1,0.0290375931885172,0.00180559008859318,0.0355271351060565,0.00360936562303512,0.00943868247785798,0.00171017310104373,0.00275170457512574,NA,0.00734500267401053,0.0197768479475305,0.00178077344428807,0.845328492894922,0.849584568712226,17.1492225285385,0.0411452219939241,0.0272659924344291,0.0301511344577764,100
"mid","R07","pursue","combined",0.055,0.00784242424242424,0.135,0.0111590909090909,0.113025399618179,0.0499705024503856,0.0813382722713636,NA,NA,NA,NA,12.91847,14.33,284.76,0.18,0.09,0.09,0.0223550324255519,0.0029396477842882,0.0332233032491936,0.00382819259996902,0.00950059774621135,0.00160193036226397,0.00347276795303183,NA,NA,NA,NA,0.845328492894922,0.849129679213495,17.1488263873843,0.050010099990003,0.0287623491264661,0.0404395046378357,100
"mid","R07","pursue","presence",0.08,NA,0.19,NA,NA,0.0440572739867205,0.109638208526058,0.066236804499848,NA,NA,NA,12.91847,0,283.21,0.1,NA,0.1,0.0272659924344291,NA,0.0394277244403663,NA,NA,0.00196700821123147,0.00455894663647982,0.00747400817504109,NA,NA,NA,0.845328492894922,0,17.2279036930372,0.0389249472080761,NA,0.0389249472080761,100
"mid","R07","wilcoxon_tss","single",0.0233333333333333,0.0128637085137085,0.0441666666666666,0.0269277230016361,0.216126122282925,0.049399349188148,0.0705892192145551,NA,-0.0131912087639742,1.26413477400138,NA,0.18991,14.33,284.76,0.19,0.16,0.03,0.014413330903858,0.00389390303076278,0.0164316340356621,0.00587393959499441,0.0127131967482526,0.00200478328698776,0.00302350786942696,NA,0.0225319119994845,0.0330309965121445,NA,0.010055764666613,0.849129679213495,17.1488263873843,0.0525991127935317,0.046536615322309,0.0171446607997765,100
"mid","R07","zicoseq","single",0.07,0.0173582557539079,0.125,0.0206915890872413,0.222666105688564,0.05552375265124,0.0700693139959875,NA,NA,NA,NA,81.24849,14.33,284.76,0.35,0.25,0.1,0.0246388049034588,0.00457139057414994,0.0310790780254031,0.00496613410382444,0.0133068754210031,0.00213667342011251,0.00321410160187238,NA,NA,NA,NA,4.40932151888107,0.849129679213495,17.1488263873843,0.0672324476737388,0.0575159178669767,0.0362371537669739,100
"mid","R08","adapt","single",0.0501875901875902,0.0310482116070687,0.0802474722074264,0.05564338138696,0.210253023050546,0.0517140360187838,0.0748669582606473,NA,-0.037953871384535,1.10003937605045,NA,0.422720000000007,71.19,283.85,2.45,2.21,0.24,0.0121980429639557,0.00339282768789325,0.0131349477877291,0.00550083679160124,0.00784827566772279,0.0025377314227221,0.0034330769064426,NA,0.0230642592388098,0.0288065564848603,NA,0.0147747537879644,4.28602839397261,17.3288186136694,0.293833939221431,0.257138488018037,0.0653197264742181,100
"mid","R08","aldex2","single",0.01,0.00428882786280425,0.00833333333333333,0.00659252846497359,0.188776438590724,0.00946862921132479,0.233603535636261,NA,-0.0302662242706267,0.94643019830657,NA,12.3004,71.19,283.85,0.26,0.25,0.01,0.01,0.00105059115683056,0.00598117135471061,0.00138313910369102,0.00768856964652958,0.000860855092365919,0.00579923722045142,NA,0.0045099465567854,0.0101622407368395,NA,0.715441023693664,4.28602839397261,17.3288186136694,0.0561743318211757,0.0557320429022713,0.01,100
"mid","R08","ancombc2","single",0,0.00114458612459569,0,0.00114458612459569,0.084952305088286,0.397715686205617,0.397081885845137,NA,-0.0428724852797391,0.812795290549348,0.541040035040763,67.05236,71.19,283.85,0.08,0.08,0,0,0.000486650391828695,0,0.000486650391828695,0.00452798227070686,0.00827082162477024,0.00799434284313587,NA,0.0172973468768582,0.0155023713258513,0.00833686948099726,4.5692648145361,4.28602839397261,17.3288186136694,0.0338743966363203,0.0338743966363203,0,100
"mid","R08","corncob","single",0.32947843805498,0.102035730565988,0.385259472017735,0.151814551569203,0.179294642373467,0.115716047313509,0.123437483480281,NA,NA,NA,NA,12.11291,71.14,283.78,11.83,8.04,3.79,0.0259421906712953,0.00670772523552464,0.0212786940584213,0.00797915328123002,0.00727112462468288,0.0036336473629392,0.00482020796991438,NA,NA,NA,NA,0.750582734972897,4.28594178328369,17.3281552871783,0.984840139824784,0.708379855869731,0.340912323217,100
"mid","R08","fastancom","single",0.00944444444444444,0.0065923358620037,0.0111391941391941,0.0118286086747416,0.206295587480105,0.0288996213486561,0.108429302890253,NA,-0.0277575967459345,0.529767737365471,NA,0.03893,71.19,283.85,0.55,0.49,0.06,0.00665613646475836,0.0014020897535892,0.00594605393051294,0.00202009501639244,0.00771915176231179,0.00197863608980766,0.00574989717225726,NA,0.0150681517388411,0.00680832408363334,NA,0.00109639031242179,4.28602839397261,17.3288186136694,0.129782257429259,0.102980825909732,0.0445403006707227,100
"mid","R08","ldm","single",0.0803571151071151,0.0439661143668971,0.111637037174313,0.0775745057950658,0.219504038770877,0.0619485923786209,0.0793219870851681,NA,NA,NA,NA,35.04212,71.19,283.85,3.87,3.34,0.53,0.0174862325285299,0.00541416770321466,0.0190726104289196,0.00727099706536289,0.00857096415315181,0.00268829354092177,0.00302770238531773,NA,NA,NA,NA,3.63141771439478,4.28602839397261,17.3288186136694,0.466158814572931,0.396250099576191,0.105844368310413,100
"mid","R08","limma_logtss","single",0.0404424698108909,0.0255191615211648,0.0712053913519431,0.0408443504946642,0.2027389874022,0.0563936159652672,0.0916157778983296,NA,-0.0356107317299102,0.530859411641236,0.850928585051877,0.0416699999999998,71.19,283.85,2.23,1.75,0.48,0.0114182976829799,0.00415558123202142,0.0162399964349432,0.00530741099945083,0.00781986128800239,0.00365103641703215,0.00487602962673228,NA,0.015088999990387,0.00634926125748266,0.00436022536877982,0.000539182883461788,4.28602839397261,17.3288186136694,0.460972840410321,0.282261788366256,0.202748787190135,100
"mid","R08","linda","single",0.0491185481185481,0.0335060316194276,0.103396903096903,0.0531374744183815,0.214735473053281,0.0549076227259403,0.0689877241643894,NA,-0.0319016066251619,0.513494637037688,0.828296870020658,0.19487,71.19,283.85,2.77,2.52,0.25,0.0144543761044599,0.00412511002180189,0.0179775761874657,0.00532138212247155,0.00788559488774174,0.00259896216288032,0.00296151110600366,NA,0.00857823577295023,0.00594386397749219,0.00431776262212898,0.00963174103438911,4.28602839397261,17.3288186136694,0.328404468528513,0.29558365477424,0.0715979233376404,100
"mid","R08","lm_logtss","single",0.0439870337995338,0.0312908656513941,0.0761810889932332,0.0508576097127853,0.205245506573693,0.056907613579164,0.0904879653737673,NA,-0.0356107317299102,0.530859411641236,0.851874550984696,0.0386899999999997,71.19,283.85,2.71,2.27,0.44,0.0140790713987799,0.00426656744852907,0.016125052332323,0.00578846268179997,0.00794065868355771,0.00372117834770747,0.00486593800474836,NA,0.015088999990387,0.00634926125748266,0.0043063624665277,0.000314528667736821,4.28602839397261,17.3288186136694,0.452444538707299,0.312000712249899,0.17484191994398,100
"mid","R08","locom","single",0.041202380952381,0.0220809411800382,0.0775924118152379,0.0424956965354717,0.193060930414289,0.0532866743885366,0.0728293908581827,NA,-0.036984269395868,0.883648778731795,NA,154.30914,71.19,283.85,1.98,1.81,0.17,0.0141555305137627,0.00325987531748214,0.0147363992473883,0.00490173061312696,0.00809795951351885,0.00214788335589071,0.00326776233639444,NA,0.00628128546357737,0.0189740007961983,NA,8.44917719611307,4.28602839397261,17.3288186136694,0.312041178323786,0.282733768479083,0.0513553671720273,100
"mid","R08","locom2","single",0.0830923520923521,0.0200735576984856,0.0950493658388395,0.0350263202151221,0.201193652104334,0.0499779148083826,0.0898950824607752,NA,NA,NA,NA,23.70498,71.19,283.85,1.99,1.72,0.27,0.0216630604700241,0.00278659252385196,0.0189679736069595,0.00422133534974042,0.0082801620886967,0.00226649846454134,0.00385643802697121,NA,NA,NA,NA,1.53427703699775,4.28602839397261,17.3288186136694,0.277614295326622,0.246215804168259,0.0600588936550675,100
"mid","R08","logistic_presence","single",0.0434340659340659,0.0137793594075132,0.066719474969475,0.0259606601329006,0.156724599653313,0.062075739715756,0.120101378586185,NA,-0.04087116190502,0.83790299523523,NA,0.33754,70.88,282.5,1.12,0.94,0.18,0.0144906222507977,0.00237268344803161,0.0151185560660696,0.0036799581102716,0.00641997017281123,0.0030365361117034,0.0034163286443284,NA,0.018633025210218,0.0449004188934726,NA,0.0209247348679244,4.30445576048115,17.4069271013327,0.204633202278485,0.161945245766162,0.0592546294487706,100
"mid","R08","maaslin3","abundance",0.133642857142857,0.0111311524439806,0.217520706245938,0.0254713331736907,0.118089119391562,0.0505826525717411,0.0686949088111573,NA,-0.0507548991557166,0.841486836464723,NA,10.20413,71.14,283.78,1.59,1.11,0.48,0.0255161261570166,0.00156188675789767,0.0293187382368507,0.00289053375094409,0.00517294633040716,0.00162981480898676,0.00323198372275666,NA,0.0173037753360733,0.0174708760738534,NA,0.623676222276698,4.28594178328369,17.3281552871783,0.242084800235476,0.167509987641322,0.0999797959387775,100
"mid","R08","maaslin3","combined",0.109732767232767,0.0262992005193096,0.224364576618485,0.0607153374933695,0.1646300364849,0.0561870768627145,0.0938043035448338,NA,NA,NA,NA,10.20413,71.19,283.85,3.54,2.67,0.87,0.0205376644034325,0.0031249334255018,0.0253394396233537,0.00598078493551192,0.00688834269943993,0.00209035022399745,0.00366977405814398,NA,NA,NA,NA,0.623676222276698,4.28602839397261,17.3288186136694,0.486259688693691,0.356768606219547,0.167967649602926,100
"mid","R08","maaslin3","presence",0.42,NA,0.57,NA,NA,0.0710590596838116,0.0845403695369929,0.15343825116049,NA,NA,NA,10.20413,0,283.08,1.18,NA,1.18,0.0496044963748858,NA,0.0497569851956243,NA,NA,0.00245334602667922,0.00350090056892431,0.0061478496389885,NA,NA,NA,0.623676222276698,0,17.3795228398657,0.190893698273159,NA,0.190893698273159,100
"mid","R08","pursue","abundance",0.0508333333333333,0.00573667021742697,0.0901666666666667,0.0108383514133229,0.114889064663594,0.0584596338935204,0.0714613316613261,NA,-0.022212179575869,0.8252147073456,0.91627690283985,12.80096,71.14,283.78,0.49,0.41,0.08,0.0192411814599069,0.00112779930906455,0.0246092869333307,0.0018358020325206,0.00508480924238704,0.00243726468533723,0.00346645615019527,NA,0.0144002021621627,0.0179044449857264,0.00227176854281751,0.84263991781481,4.28594178328369,17.3281552871783,0.0881859834484351,0.0779730593204985,0.0272659924344291,100
"mid","R08","pursue","combined",0.0441666666666667,0.00477633431278406,0.0786666666666667,0.00851238954392901,0.118223408174986,0.0521484355454933,0.0841239767679655,NA,NA,NA,NA,12.80096,71.19,283.85,0.38,0.31,0.07,0.018366781547729,0.00106721426818956,0.0225145918515122,0.00145193006740467,0.00485357182476073,0.0023382890150773,0.00379778523613841,NA,NA,NA,NA,0.84263991781481,4.28602839397261,17.3288186136694,0.0762505174680239,0.063077633744362,0.0256432399976243,100
"mid","R08","pursue","presence",0.09,NA,0.15,NA,NA,0.0497905490715917,0.100241937658122,0.072502708737525,NA,NA,NA,12.80096,0,282.5,0.12,NA,0.12,0.0287623491264661,NA,0.0358870281282637,NA,NA,0.00196761277210968,0.00405156382717447,0.00356522192344643,NA,NA,NA,0.84263991781481,0,17.4069271013327,0.0432983541805861,NA,0.0432983541805861,100
"mid","R08","wilcoxon_tss","single",0.0341111111111111,0.0267884360047591,0.0752241092241092,0.0461263954709799,0.203439060075365,0.0558236871043076,0.0783077465084904,NA,-0.0782054508109019,1.32653089845676,NA,0.18528,71.19,283.85,1.93,1.77,0.16,0.00984099171044859,0.0038801519535807,0.0138291301929066,0.00482524867899765,0.00753050065613543,0.00263809362708608,0.00352586691403931,NA,0.0253994022215309,0.0396952292469398,NA,0.00935483540499486,4.28602839397261,17.3288186136694,0.272754375757658,0.251000020121533,0.046536615322309,100
"mid","R08","zicoseq","single",0.0616520484346571,0.0227953462958907,0.120051047782627,0.0469854618722732,0.201222329430338,0.0626014989153389,0.0874097670444588,NA,NA,NA,NA,82.3417,71.19,283.85,2.31,1.84,0.47,0.017608676165033,0.00328603739834477,0.0215172064381138,0.00531920370434313,0.00817402347468854,0.00349100800330837,0.00501594778317471,NA,NA,NA,NA,4.58420388773705,4.28602839397261,17.3288186136694,0.404443750693156,0.275505045875806,0.188805388555186,100
"mid","R09","adapt","single",0.0332699938949939,0.0283918897883621,0.0510623929221656,0.0546722211291579,0.214453099708609,0.0521496492953408,0.0810412163850646,NA,-0.136243367206288,1.16230268083682,NA,0.424610000000004,113.7,283.42,3.91,3.75,0.16,0.0123234825750044,0.00281521267803812,0.0104120911488368,0.00452410224758042,0.00833883642731799,0.00249451001918014,0.00373418775618108,NA,0.0294338334505727,0.0369338956908995,NA,0.0145125295569527,6.80651054936271,17.2170996748036,0.438107730858956,0.42004689492888,0.046536615322309,100
"mid","R09","aldex2","single",0,0.00317716632663928,0,0.00649384679048946,0.182847580573084,0.0105340391032241,0.240683577697369,NA,-0.0455152750097749,1.11615028295046,NA,12.86215,113.7,283.42,0.3,0.3,0,0,0.000777109392570381,0,0.00110102097545059,0.00724042886421829,0.00105236647171255,0.00613436511972783,NA,0.00605275737402072,0.0102496610639816,NA,0.746568946578244,6.80651054936271,17.2170996748036,0.0659047368816107,0.0659047368816108,0,100
"mid","R09","ancombc2","single",0,0.000949863933938428,0,0.000949863933938428,0.0934626385830292,0.399763433696294,0.3989397890578,NA,-0.0262631300795819,0.836140381381722,0.518461238949227,70.30062,113.7,283.42,0.12,0.12,0,0,0.00035276535901777,0,0.00035276535901777,0.00473767185928851,0.00887450082368573,0.00861616922801634,NA,0.0157976950567908,0.0141707886135492,0.00809989554932447,5.18835844761767,6.80651054936271,17.2170996748036,0.0432983541805861,0.0432983541805861,0,100
"mid","R09","corncob","single",0.217835034434833,0.110394795484885,0.265201117364594,0.16352808466641,0.179719065191405,0.116281310369958,0.134648344688349,NA,NA,NA,NA,12.66027,113.58,283.28,16.97,13.58,3.39,0.0178169585439782,0.00551180680308413,0.0167211641061695,0.00704563168379272,0.00679109537733552,0.00448039603490482,0.00590188445520224,NA,NA,NA,NA,0.811761569444669,6.80701034955801,17.2193752746284,1.26230949157695,1.05984370869892,0.301476166202038,100
"mid","R09","fastancom","single",0.001,0.00563420627919785,0.0075867269984917,0.0120566137524806,0.199235344422593,0.0317402754540363,0.122966336828706,NA,-0.0384686882875663,0.586767435108722,NA,0.0371900000000022,113.7,283.42,0.82,0.81,0.01,0.001,0.00104836965791396,0.00424463650320667,0.00195593938025925,0.00823892861439923,0.00252478217848113,0.00577292102494968,NA,0.0167192852963675,0.00838229727386746,NA,0.000880506626432697,6.80651054936271,17.2170996748036,0.167802192350326,0.162490092938094,0.01,100
"mid","R09","ldm","single",0.0640750097988675,0.0580849772628848,0.128221991293362,0.104392485925567,0.212689655691068,0.0664320060034295,0.0914811368437512,NA,NA,NA,NA,50.9458,113.7,283.42,8.44,7.63,0.81,0.0136010665170275,0.00497408041183375,0.0160381648158185,0.00717296520330557,0.00909654124349819,0.00400252558392412,0.00493353664289136,NA,NA,NA,NA,4.3027222665929,6.80651054936271,17.2170996748036,0.853906057804695,0.752457925264217,0.173318763956457,100
"mid","R09","limma_logtss","single",0.0327790300066515,0.0228858727774872,0.082018699318572,0.046340628214607,0.190094625563655,0.0641062377860835,0.101641742488732,NA,-0.0967646252921413,0.594752777299508,0.781890068257333,0.0423099999999999,113.7,283.42,3.08,2.81,0.27,0.00909030358481559,0.00278448340637391,0.0158943921770348,0.00446225519004225,0.00821190754495161,0.00415415849350498,0.00612989691103011,NA,0.0165627804691126,0.00702741082521991,0.00735433229850843,0.000574314699217578,6.80651054936271,17.2170996748036,0.457193900469224,0.398658102674814,0.0851083682338837,100
"mid","R09","linda","single",0.0475027056277056,0.0340218251202161,0.0717815746144693,0.0595153913820252,0.200870959626944,0.061060998115546,0.0831785776472503,NA,-0.0421818761044032,0.576976862165894,0.747629236867584,0.19544,113.7,283.42,4.71,4.44,0.27,0.0133417745980748,0.0033086135242743,0.0118971636187549,0.00532698225426524,0.00818826457955131,0.00283805761618654,0.00376201058940515,NA,0.0102757999730135,0.00571300034883411,0.00732112320580855,0.00951998769203853,6.80651054936271,17.2170996748036,0.513513348994902,0.494274286916759,0.0617178329908861,100
"mid","R09","lm_logtss","single",0.0355169199221831,0.0317037789864291,0.0865177453265689,0.0573718376450085,0.192182368450362,0.065327252976329,0.100999164339676,NA,-0.0967646252921413,0.594752777299508,0.781149353825803,0.0393200000000001,113.7,283.42,4.27,3.9,0.37,0.0093003369957831,0.00333580898933591,0.0141540791569478,0.00478197621013218,0.00832699344045045,0.00428902410529759,0.00606845007482005,NA,0.0165627804691126,0.00702741082521991,0.00743165371443285,0.000375211724741934,6.80651054936271,17.2170996748036,0.539894303161145,0.473862273815351,0.110695688053037,100
"mid","R09","locom","single",0.027058745777786,0.0270648839126597,0.0618326527843582,0.0471668308396662,0.199065882370826,0.0496316132745312,0.076545274583681,NA,-0.0553588223978736,0.901305517407179,NA,158.01733,113.7,283.42,4.1,3.91,0.19,0.00793552978476939,0.00293969969087317,0.0134081059248281,0.00471816580890472,0.00727449629513914,0.00235096941732957,0.00358832274839273,NA,0.00761553287343431,0.0206212886047974,NA,7.95760524504519,6.80651054936271,17.2170996748036,0.531531045683366,0.514260280756386,0.0464823198711731,100
"mid","R09","locom2","single",0.0213960761460761,0.0285444732514414,0.0401008689517791,0.0508189169327317,0.199202153957559,0.0461883232973537,0.0977980418045653,NA,NA,NA,NA,23.81529,113.7,283.42,4.14,3.95,0.19,0.00616044311950125,0.00259446658807406,0.00663258542095221,0.00410056838096687,0.00769069024985503,0.00217252498819391,0.00471030840346069,NA,NA,NA,NA,1.54119518872743,6.80651054936271,17.2170996748036,0.462321764728218,0.439323400816586,0.0525991127935317,100
"mid","R09","logistic_presence","single",0.0611575091575092,0.0175277896965152,0.0989061824800365,0.0308507902926526,0.150559567831671,0.0681272183098648,0.126891931760425,NA,-0.164888032007289,1.00498699656059,NA,0.33874,113.14,282.11,2.18,1.82,0.36,0.0168707578588622,0.00272390238266063,0.0199046952561939,0.00386314649695616,0.00626295617236092,0.00452925007889321,0.00421020092399088,NA,0.0224541621242528,0.0507661476473044,NA,0.0205422679302255,6.83226185243233,17.27325190325,0.409083726087332,0.278662026929622,0.176108322955337,100
"mid","R09","maaslin3","abundance",0.0688055555555556,0.0102743827624895,0.105022900728144,0.0267250362496168,0.119888693329331,0.0483776183211832,0.0827378781698346,NA,-0.0399187614041646,0.876973454957962,NA,10.77901,113.58,283.28,1.82,1.53,0.29,0.01728297703988,0.00149252064849273,0.0168425236050603,0.00247395047060646,0.00459190894495672,0.00200120542805206,0.00383009352365696,NA,0.018822858337715,0.0184807459430226,NA,0.681160938056744,6.80701034955801,17.2193752746284,0.300632330230463,0.252044168006845,0.0686007332764061,100
"mid","R09","maaslin3","combined",0.067840177829833,0.0274644762247084,0.110163673428514,0.0645724097159168,0.167039040816106,0.0581335435187729,0.108090921517603,NA,NA,NA,NA,10.77901,113.7,283.42,4.74,4.15,0.59,0.0151305869263772,0.003021825735224,0.0157478093644441,0.00565682323938093,0.00663900648103852,0.00259305340995156,0.00497579047912679,NA,NA,NA,NA,0.681160938056744,6.80651054936271,17.2170996748036,0.654528899902885,0.562708995966311,0.124798828018325,100
"mid","R09","maaslin3","presence",0.52,NA,0.65,NA,NA,0.0947132995506853,0.113097222954994,0.157630275565329,NA,NA,NA,10.77901,0,282.87,1.88,NA,1.88,0.0502116731568678,NA,0.0479372485441102,NA,NA,0.00312818487468464,0.00419298038195446,0.00588715442424525,NA,NA,NA,0.681160938056744,0,17.2518226529397,0.293112864806633,NA,0.293112864806633,100
"mid","R09","pursue","abundance",0.0523174603174603,0.00861722198701441,0.107006673881674,0.0177299614134663,0.113701633165869,0.0613361527360428,0.0885075551774499,NA,-0.0339190607451894,0.870333524634885,0.89500040964669,12.78581,113.58,283.28,1.14,0.95,0.19,0.0173079909247799,0.00143696289021364,0.0199894146011619,0.00241537541263513,0.0047060089711215,0.00286994575688713,0.00410126220711601,NA,0.0183825883117128,0.0179779372131509,0.00297418997285281,0.834728784441239,6.80701034955801,17.2193752746284,0.236566346642198,0.173714615610684,0.0774531464757236,100
"mid","R09","pursue","combined",0.0431666666666667,0.00669814949406963,0.0878111471861472,0.0133384190757211,0.112505799870357,0.0577053839963218,0.0996213253907387,NA,NA,NA,NA,12.78581,113.7,283.42,0.84,0.71,0.13,0.0152882792191104,0.00120498630695689,0.0199612939864503,0.0017601575614551,0.00451315295733118,0.00295697555371924,0.00472295493517948,NA,NA,NA,NA,0.834728784441239,6.80651054936271,17.2170996748036,0.159367436441639,0.128153159630312,0.0463953149846539,100
"mid","R09","pursue","presence",0.19,NA,0.3,NA,NA,0.0566979295159131,0.100843193086196,0.0716273945459393,NA,NA,NA,12.78581,0,282.11,0.24,NA,0.24,0.0394277244403663,NA,0.0460566186471838,NA,NA,0.00219958483191864,0.00439587215411141,0.00333550227813619,NA,NA,NA,0.834728784441239,0,17.27325190325,0.0552679423766206,NA,0.0552679423766206,100
"mid","R09","wilcoxon_tss","single",0.0458099395814913,0.0277584753629384,0.0783640847280713,0.0565895816393154,0.192928113562854,0.0660268462190397,0.094020816030645,NA,-0.209380711037972,1.42114044220557,NA,0.1844,113.7,283.42,3.36,3.04,0.32,0.0137836818903645,0.00359873643482375,0.0129988380593617,0.0052811682890276,0.00820021303271341,0.00425545267119908,0.00534545813984198,NA,0.0318070495954851,0.0499890730278898,NA,0.00914794230878445,6.80651054936271,17.2170996748036,0.448233344713589,0.374144141186038,0.130174707779409,100
"mid","R09","zicoseq","single",0.0593604181292037,0.0372295422088725,0.104741807488638,0.0709366734413529,0.205027915728067,0.0682047483256643,0.102536752236999,NA,NA,NA,NA,80.37577,113.7,283.42,5.16,4.6,0.56,0.0150628949344094,0.00385490908660417,0.0173700783565904,0.0059025123619049,0.00916775293739903,0.00474720591941081,0.00611503616892718,NA,NA,NA,NA,4.47776994545445,6.80651054936271,17.2170996748036,0.614590279878564,0.522039512417645,0.163497134933041,100
"mid","R10","adapt","single",0.044,0.0193795497723779,0.0790238095238095,0.0340400010935435,0.192177303828876,0.0525093183913433,0.0631080137830917,NA,-0.0819294951177192,1.09462857268876,NA,0.414859999999999,29.62,284.65,0.66,0.59,0.07,0.0187120660040898,0.00332051596206103,0.0197591864875971,0.00462207481058994,0.00921086195753343,0.00198530604637618,0.00254240053884655,NA,0.0239422756598806,0.0282229061590752,NA,0.0142558796659665,1.68413752167666,17.2199577364303,0.106571927624378,0.0985705920453034,0.0293188669562103,100
"mid","R10","aldex2","single",0,0.00567730916952157,0,0.00665584280519806,0.181551183385867,0.00897823027847717,0.236362365587725,NA,-0.0710748764406393,0.719599970640431,NA,12.33278,29.62,284.65,0.15,0.15,0,0,0.00162799376573145,0,0.00167079756574944,0.00813899142133497,0.000695315110639614,0.0060360809090908,NA,0.00252459486465007,0.00897000475023054,NA,0.698169717084998,1.68413752167666,17.2199577364303,0.0411329453348431,0.0411329453348431,0,100
"mid","R10","ancombc2","single",0,0.00241638843276774,0,0.00241638843276774,0.0779734291283073,0.404295863230444,0.397718924988465,NA,-0.0581454135455585,0.768767580665454,0.558799053758135,62.83438,29.62,284.65,0.07,0.07,0,0,0.000971863416065654,0,0.000971863416065654,0.00542888229202021,0.00838243593152071,0.008246396832083,NA,0.0159264629934203,0.0152316509904737,0.00850715123361795,4.39693037809954,1.68413752167666,17.2199577364303,0.0256432399976243,0.0256432399976243,0,100
"mid","R10","corncob","single",0.506454534844241,0.0702956782555611,0.58110054656641,0.108848459611837,0.164471229230929,0.11276891841746,0.116472864380571,NA,NA,NA,NA,12.07871,29.61,284.62,4.85,1.99,2.86,0.0348616178842598,0.00689564052610351,0.0268292265416282,0.00797393437888893,0.00814972372955204,0.00310488712024774,0.00464779663758868,NA,NA,NA,NA,0.746956027304327,1.68432434075165,17.2222945713697,0.411053094459398,0.189893643810413,0.293023252085268,100
"mid","R10","fastancom","single",0.00333333333333333,0.00487314754666971,0.0171428571428571,0.00803272629649995,0.173880481674817,0.0323004425322365,0.111104654231433,NA,-0.110003688124333,0.48354266838565,NA,0.0375499999999991,29.62,284.65,0.17,0.16,0.00999999999999999,0.00333333333333333,0.00141880807229669,0.00995350974356349,0.00175632921016924,0.00934284065193336,0.00247244855940674,0.0060494871709313,NA,0.0159780917179172,0.0086447464350191,NA,0.000936507049917695,1.68413752167666,17.2199577364303,0.0493493012650993,0.0443129367525598,0.00999999999999999,100
"mid","R10","ldm","single",0.0455952380952381,0.0183205721535191,0.122507936507937,0.0312044372146951,0.190705852055237,0.0606743167011174,0.0728664443087027,NA,NA,NA,NA,15.35542,29.62,284.65,0.69,0.57,0.12,0.0175282809180767,0.00350664176474239,0.0255717493856898,0.00496930391515632,0.00886498040627044,0.00267183264136777,0.0033899663703317,NA,NA,NA,NA,1.9406633999629,1.68413752167666,17.2199577364303,0.134611299749323,0.111241842284041,0.0432983541805861,100
"mid","R10","limma_logtss","single",0.0516666666666667,0.0103815851863881,0.110666666666667,0.016117935898922,0.180426779642616,0.054709728889226,0.0870120506849579,NA,-0.0909380680627608,0.475192748556746,0.904518386786046,0.04189,29.62,284.65,0.35,0.27,0.08,0.0193460715031196,0.00264675767663215,0.0284104910990524,0.00305834427005579,0.00968275489665775,0.00342072232115588,0.00499100854562243,NA,0.0138480436821967,0.00730513734492323,0.00388416467400505,0.000483859692493788,1.68413752167666,17.2199577364303,0.0770346898114313,0.0649086382011772,0.0272659924344291,100
"mid","R10","linda","single",0.0573333333333333,0.0188262392096136,0.0630833333333333,0.0336736421966681,0.198502828126405,0.0516173733983632,0.0653632744186273,NA,-0.0589645804432436,0.448307862373713,0.896830530244042,0.2032,29.62,284.65,0.67,0.58,0.09,0.0209915808038953,0.00328226613359991,0.0190939753897417,0.00475052863015197,0.00902216406432908,0.00191101533694288,0.00256736328341126,NA,0.00701316425724935,0.00582541409531465,0.00298409262419008,0.0107971002467039,1.68413752167666,17.2199577364303,0.111060089295586,0.100684525808953,0.0287623491264661,100
"mid","R10","lm_logtss","single",0.04625,0.0155181154550613,0.0978921568627451,0.0246327313149005,0.184684692271655,0.0548184596016838,0.0860090555495298,NA,-0.0909380680627608,0.475192748556746,0.90493147701094,0.0412100000000001,29.62,284.65,0.59,0.46,0.13,0.0166128656044486,0.00293804808289461,0.0260131068854138,0.00389003128672751,0.00944626810878262,0.00338821916406886,0.00497467264145562,NA,0.0138480436821967,0.00730513734492323,0.00378737346116527,0.000664738879393854,1.68413752167666,17.2199577364303,0.114675651515503,0.0796710408333841,0.0580055727033745,100
"mid","R10","locom","single",0.0403333333333333,0.0112916545687482,0.0833333333333333,0.0212360338530289,0.186521506559434,0.0497261707272784,0.0617220848421506,NA,-0.0648789515979124,0.882011828534808,NA,148.8745,29.62,284.65,0.42,0.35,0.07,0.0180863063701375,0.00256536886323399,0.0248169505086282,0.00388892156167334,0.00830891840522367,0.00163954416663513,0.00270313053180177,NA,0.00551153002288927,0.019683075180304,NA,8.77005606518942,1.68413752167666,17.2199577364303,0.092310411770353,0.0821122660899347,0.0293188669562103,100
"mid","R10","locom2","single",0.0614285714285714,0.0171687260859385,0.0925530303030303,0.0244088385877311,0.18829632986231,0.0456386065812817,0.0858835914991834,NA,NA,NA,NA,23.24381,29.62,284.65,0.71,0.61,0.1,0.0224202167017144,0.00309262485836771,0.0230091112017847,0.00363154660848065,0.00864334157965979,0.00199560087641299,0.0036280834242947,NA,NA,NA,NA,1.49580716527765,1.68413752167666,17.2199577364303,0.124149632754718,0.114499349387239,0.0333333333333333,100
"mid","R10","logistic_presence","single",0.05,0.00886716524216524,0.118333333333333,0.0142340552897203,0.132561246412352,0.0574206354976583,0.114879600412835,NA,-0.105642605696352,0.716714280303849,NA,0.34395,29.41,283.32,0.22,0.17,0.05,0.021904291355759,0.00280548674235704,0.0305482084830907,0.00303615732243597,0.00784437053649651,0.00269491403880553,0.00288236222499363,NA,0.0169518368813606,0.0367166218737114,NA,0.0213477383894274,1.69133830221078,17.2906285120997,0.0523778039195454,0.0493493012650993,0.021904291355759,100
"mid","R10","maaslin3","abundance",0.175166666666667,0.0116948456742502,0.317514346764347,0.0250175578137325,0.117241593272373,0.0479408569656013,0.0616116039923164,NA,-0.0655206490974904,0.807667124430514,NA,10.32934,29.61,284.63,0.97,0.49,0.48,0.032706646839362,0.00221922895915894,0.0378075228173492,0.00367049238755607,0.0067852667098104,0.00187080186582568,0.00243965184996451,NA,0.0162699171436446,0.0183030166499804,NA,0.644394220926628,1.68432434075165,17.2213964578833,0.166032125405497,0.099994949367405,0.0926381032935054,100
"mid","R10","maaslin3","combined",0.224787518037518,0.0210201977031737,0.321019615861721,0.0475158719022981,0.14964683432642,0.0550785060850695,0.0941459456013871,NA,NA,NA,NA,10.32934,29.62,284.65,1.82,0.89,0.93,0.0332075968138352,0.00311576476937666,0.0347719566877185,0.00558779874251048,0.00793520731699129,0.00206428629114141,0.00324170124550106,NA,NA,NA,NA,0.644394220926628,1.68413752167666,17.2199577364303,0.285819749655144,0.146263219207459,0.160337396785905,100
"mid","R10","maaslin3","presence",0.3,NA,0.43,NA,NA,0.0529852018144725,0.074975557041416,0.12750925413854,NA,NA,NA,10.32934,0,284,0.5,NA,0.5,0.0460566186471838,NA,0.0497569851956243,NA,NA,0.00225329175281771,0.00354058165354604,0.00765578979102335,NA,NA,NA,0.644394220926628,0,17.2641217265721,0.0926599081904282,NA,0.0926599081904282,100
"mid","R10","pursue","abundance",0.0666666666666667,0.00449766401992568,0.110595238095238,0.00731732153810537,0.119338412847558,0.0548832595510637,0.0620496920414441,NA,-0.0471965489170648,0.785356487239066,0.932506353758925,13.22545,29.61,284.63,0.23,0.14,0.09,0.0242739693751473,0.00160244516339566,0.0302418232354398,0.00219170506670606,0.00667456871903442,0.00195447962265843,0.00282035249601858,NA,0.0103215362604231,0.0186772529364226,0.00193914885754634,0.881652463467541,1.68432434075165,17.2213964578833,0.0722719331637969,0.0568890467169528,0.0320825954263824,100
"mid","R10","pursue","combined",0.047,0.00583616976705212,0.10375,0.0077447161741207,0.108704496957534,0.0507362064325204,0.0861363219876149,NA,NA,NA,NA,13.22545,29.62,284.65,0.21,0.14,0.07,0.0202736331726753,0.00221024155684663,0.0294121165680082,0.00238074426912051,0.00641670253614101,0.00193013397971455,0.00392998881715901,NA,NA,NA,NA,0.881652463467541,1.68413752167666,17.2199577364303,0.065589787330195,0.0512864799952486,0.0293188669562103,100
"mid","R10","pursue","presence",0.07,NA,0.14,NA,NA,0.0438750401144428,0.112845995860234,0.0549578756755227,NA,NA,NA,13.22545,0,283.32,0.08,NA,0.08,0.0256432399976243,NA,0.0348735088019777,NA,NA,0.00190130681621658,0.00444835968303577,0.00549960883417562,NA,NA,NA,0.881652463467541,0,17.2906285120997,0.0307482445914323,NA,0.0307482445914323,100
"mid","R10","wilcoxon_tss","single",0.02,0.015076181753681,0.071,0.0249341529840466,0.173273533754202,0.0540498996169854,0.076930283041763,NA,-0.125559910065344,1.28935289359497,NA,0.18968,29.62,284.65,0.44,0.4,0.04,0.00984731927834662,0.00322213481942894,0.0215694789979365,0.00414754216021657,0.00870153936780415,0.0025974165789357,0.00367167430140566,NA,0.0267811581430731,0.0366045797689968,NA,0.00977689380760846,1.68413752167666,17.2199577364303,0.0808040403030253,0.0752101433090355,0.0196946385566932,100
"mid","R10","zicoseq","single",0.101666666666667,0.0165126621170666,0.166722222222222,0.0254803777940188,0.197265547585512,0.0571765995238988,0.0746642669272963,NA,NA,NA,NA,79.73404,29.62,284.65,0.74,0.57,0.17,0.0265797193642349,0.00326001637562648,0.0317096598097886,0.00419837821914546,0.0101627080585232,0.00289016432886788,0.00423903091113421,NA,NA,NA,NA,4.26863954934193,1.68413752167666,17.2199577364303,0.116878595391141,0.102745149065859,0.0427702341505507,100
"mid","R11","adapt","single",0.0353333333333333,0.0114260652901279,0.0866161616161616,0.0211423331514983,0.197432379101935,0.0521785333744398,0.069164690375784,NA,-0.070355867371856,1.11092436012495,NA,0.411450000000002,30.01,283.59,0.44,0.39,0.05,0.0174838068418609,0.00232103012031036,0.0250950476967635,0.00366769623905239,0.0109083339213495,0.00203067620520212,0.00284494460024003,NA,0.0227657704754357,0.0294304077362008,NA,0.0141917345057903,1.68051789756622,17.203136283242,0.0902521719708426,0.0827494697715627,0.021904291355759,100
"mid","R11","aldex2","single",0,0.00285800012795087,0,0.00475762831930838,0.178778313863759,0.00710647963294245,0.230086722061572,NA,-0.110697742359458,0.720868904437912,NA,12.36653,30.01,283.59,0.08,0.08,0,0,0.00126014945008251,0,0.0015884055421316,0.00862439000447092,0.000651798980641926,0.00557719172518214,NA,0.00225918088686886,0.00782133644067266,NA,0.687898833655389,1.68051789756622,17.203136283242,0.0307482445914323,0.0307482445914323,0,100
"mid","R11","ancombc2","single",0,0.000434782608695652,0,0.000434782608695652,0.0761420170289288,0.407993874801767,0.404031442179944,NA,-0.0904340554810435,0.78357939710693,0.5524552324571,58.44754,30.01,283.59,0.01,0.01,0,0,0.000434782608695652,0,0.000434782608695652,0.00561168641181696,0.00829800860248052,0.00769153270790308,NA,0.0179991602071004,0.0153789986576266,0.0085913813003961,3.92427616647859,1.68051789756622,17.203136283242,0.01,0.01,0,100
"mid","R11","corncob","single",0.417983766233766,0.0561619132358068,0.568554105702519,0.0883750158274356,0.154134183254818,0.110728434470553,0.120849514215913,NA,NA,NA,NA,11.99557,30.01,283.57,4.07,1.67,2.4,0.0361931686434744,0.00588994825999832,0.0320806753381207,0.00793549522977442,0.00846438144848164,0.0027935235452668,0.00450808878378668,NA,NA,NA,NA,0.72475362365497,1.68051789756622,17.2044289282578,0.38645108933013,0.159579624531632,0.290593262902712,100
"mid","R11","fastancom","single",0.02,0.000944827586206897,0.02,0.00174890921885996,0.139943134340792,0.0390248535893531,0.112811054935188,NA,-0.174098335435672,0.499827183593858,NA,0.0378000000000023,30.01,283.59,0.07,0.04,0.03,0.014070529413629,0.00068900387218913,0.014070529413629,0.000926581935540609,0.00890458981098041,0.00345986827985888,0.00690710920507315,NA,0.0152675967624127,0.00837285960789968,NA,0.00107402763164471,1.68051789756622,17.203136283242,0.0382838943376528,0.0315268043724605,0.0222701503353614,100
"mid","R11","ldm","single",0.05,0.0157511557236068,0.0766666666666667,0.0242719112479237,0.189980498778487,0.0616741537064631,0.0713556588550513,NA,NA,NA,NA,15.84394,30.01,283.59,0.52,0.43,0.09,0.0192814234028496,0.00337589232799456,0.0237976882560043,0.00395940586376395,0.010341737427288,0.00222376885136823,0.00316882250584921,NA,NA,NA,NA,1.96997614223466,1.68051789756622,17.203136283242,0.0989643339488494,0.0855817879238476,0.0320825954263823,100
"mid","R11","limma_logtss","single",0.0507575757575758,0.00694714693291791,0.0725925925925926,0.0105842891220358,0.173937856965518,0.052287173256435,0.0819986033292984,NA,-0.126059444318466,0.477311288981573,0.904600668640551,0.0407500000000002,30.01,283.59,0.4,0.23,0.17,0.0202035984232016,0.00182609254199827,0.0242678037744954,0.00238654044806579,0.0109803189975343,0.00356549998818804,0.00461421516614581,NA,0.0115741504431561,0.00689572866214268,0.00432232379460929,0.000451120938341467,1.68051789756622,17.203136283242,0.127128345232746,0.0565953205047052,0.103528652160558,100
"mid","R11","linda","single",0.0406666666666667,0.015402746001284,0.0705238095238095,0.0235138773834475,0.200840121059346,0.0550116059987089,0.0665382754978073,NA,-0.0870390649862539,0.451114036705038,0.893644425139274,0.19416,30.01,283.59,0.6,0.52,0.08,0.0172300731535133,0.00284559898278373,0.022253373857062,0.00433282526649852,0.0102668522677956,0.00179565085326496,0.00287296749051273,NA,0.00625669573104893,0.00576048265146976,0.0032404142307119,0.00917615178689637,1.68051789756622,17.203136283242,0.105409255338946,0.0937221339057022,0.0338743966363203,100
"mid","R11","lm_logtss","single",0.0422380952380952,0.0108861014851823,0.0599119496855346,0.0176919719671354,0.175773026747815,0.0538496610796678,0.0815629010852212,NA,-0.126059444318466,0.477311288981573,0.903404612312153,0.03931,30.01,283.59,0.63,0.35,0.28,0.0176054124793938,0.00238676324359333,0.0207605869805414,0.00327176127226029,0.0109974897671931,0.00360635667665569,0.00464707966171682,NA,0.0115741504431561,0.00689572866214268,0.00433695700544903,0.000407181740377645,1.68051789756622,17.203136283242,0.227260807768244,0.0770346898114313,0.186991060122286,100
"mid","R11","locom","single",0.045,0.00797306852912443,0.0645,0.016910101434401,0.184682897970668,0.0509491270802133,0.0646767971297399,NA,-0.0912399217143271,0.886693738641168,NA,150.20013,30.01,283.59,0.28,0.23,0.05,0.0202197523189179,0.0020656873315701,0.0213669440092938,0.00328166562399378,0.00919013668317475,0.00181450967653152,0.00276567252651938,NA,0.00670163780834257,0.019967563009568,NA,8.51451920293225,1.68051789756622,17.203136283242,0.055194788218315,0.0509604719068583,0.021904291355759,100
"mid","R11","locom2","single",0.0733333333333333,0.0132984382379937,0.103690476190476,0.0219632219604949,0.19398404210549,0.0461936476498443,0.0905770058089491,NA,NA,NA,NA,23.54907,30.01,283.59,0.52,0.4,0.12,0.0237268405600696,0.00277733393550604,0.0242856759706948,0.00349633386716025,0.00964665880398878,0.0015824467982096,0.00349544216799357,NA,NA,NA,NA,1.5303252753367,1.68051789756622,17.203136283242,0.0958534234541406,0.0752101433090355,0.0408989886516436,100
"mid","R11","logistic_presence","single",0.075,0.00547573855771937,0.132333333333333,0.00957101890338627,0.138288009377255,0.0551307497593059,0.114324500177042,NA,-0.0814057952285283,0.724060407262914,NA,0.33622,29.87,282.15,0.28,0.18,0.1,0.025,0.00171055868777672,0.031503495966907,0.00266644449689468,0.00904676593216022,0.00227757826368206,0.00228813179123377,NA,0.0162498847348633,0.0355234203663484,NA,0.0206222081918273,1.68646752926723,17.2770261131113,0.0636911740868832,0.0519906751545919,0.0333333333333333,100
"mid","R11","maaslin3","abundance",0.109055555555556,0.00882768087588796,0.33383813700919,0.017416585700659,0.118724597452784,0.0481674383279919,0.0652433851790234,NA,-0.152272452525181,0.810068043653628,NA,10.16259,30.01,283.57,0.65,0.35,0.3,0.0259232387977334,0.00184697081451594,0.0401003710864325,0.0027695419291136,0.00645673468917029,0.00161613021540563,0.00291510086164676,NA,0.0144211668729731,0.0174555673511334,NA,0.620241556413322,1.68051789756622,17.2044289282578,0.136607526006498,0.0715979233376404,0.0797724035217466,100
"mid","R11","maaslin3","combined",0.174592105263158,0.0158995972561058,0.358552641798063,0.0389704202358448,0.154666293498928,0.0509511249039497,0.0905935051618204,NA,NA,NA,NA,10.16259,30.01,283.59,1.37,0.66,0.71,0.0324006308741098,0.00271732562007061,0.0373973076297657,0.00536634595347716,0.0086409359051223,0.00184033179754325,0.00332593180982903,NA,NA,NA,NA,0.620241556413322,1.68051789756622,17.203136283242,0.275114301314706,0.119949484316852,0.181071446359907,100
"mid","R11","maaslin3","presence",0.2,NA,0.43,NA,NA,0.0515335617857398,0.0738640089165737,0.131424551861206,NA,NA,NA,10.16259,0,282.87,0.29,NA,0.29,0.0402015126103685,NA,0.0497569851956243,NA,NA,0.00202711607322345,0.00290120547853662,0.00823896462590137,NA,NA,NA,0.620241556413322,0,17.2540825501232,0.065589787330195,NA,0.065589787330195,100
"mid","R11","pursue","abundance",0.035,0.00309214134396505,0.0804761904761905,0.00534513219547807,0.118818138908155,0.0510624318960792,0.0656719360134354,NA,-0.0788197238724667,0.782727425380759,0.937528779965481,12.79887,30.01,283.57,0.15,0.1,0.05,0.0177738316327429,0.00124445326061202,0.0265407509606326,0.00178619554877055,0.00634393896347945,0.00186508989602586,0.00307853019638778,NA,0.00949771475032001,0.0170854694626526,0.00200097257793178,0.842640399673922,1.68051789756622,17.2044289282578,0.0435194139889245,0.0333333333333333,0.0261116483933547,100
"mid","R11","pursue","combined",0.03,0.00392088913256919,0.06,0.00494181835532213,0.112722946051377,0.0484514888818479,0.0847815628274826,NA,NA,NA,NA,12.79887,30.01,283.59,0.15,0.11,0.04,0.0171446607997765,0.00139366393668769,0.0227857832692212,0.00143581961399363,0.00694755893548446,0.00183894758412762,0.0041231030870435,NA,NA,NA,NA,0.842640399673922,1.68051789756622,17.203136283242,0.0411329453348431,0.034509550720186,0.0242878362539562,100
"mid","R11","pursue","presence",0.08,NA,0.16,NA,NA,0.0427754753967102,0.112100635349207,0.059467685288259,NA,NA,NA,12.79887,0,282.15,0.09,NA,0.09,0.0272659924344291,NA,0.0368452949177471,NA,NA,0.00192723000405708,0.00371938351573887,0.00569091453895544,NA,NA,NA,0.842640399673922,0,17.2770261131113,0.0320825954263823,NA,0.0320825954263823,100
"mid","R11","wilcoxon_tss","single",0.025,0.0107680114022228,0.0703030303030303,0.0161906358856684,0.180932310785511,0.053128701451728,0.0747168078638878,NA,-0.129741936819404,1.28501910243441,NA,0.1844,30.01,283.59,0.34,0.31,0.03,0.0148647097502641,0.00249931550709417,0.0222832037478555,0.00314047899861644,0.0101535538376668,0.00212277119392561,0.00338816932999959,NA,0.0216956843368213,0.0341533223053685,NA,0.00923371074603348,1.68051789756622,17.203136283242,0.0741551744586303,0.0720479638220893,0.0171446607997765,100
"mid","R11","zicoseq","single",0.041,0.00944611844601223,0.0848116883116883,0.0218848278690748,0.190217776389682,0.058717322157286,0.0784215376721309,NA,NA,NA,NA,80.67411,30.01,283.59,0.48,0.33,0.15,0.0172383762623287,0.00211690699405415,0.0227762156648661,0.00411217775365108,0.0113292322761834,0.00315347941167854,0.00504896420704812,NA,NA,NA,NA,4.46407213533493,1.68051789756622,17.203136283242,0.111445960089193,0.0779212241415467,0.0743660072230789,100
"mid","R12","adapt","single",0.05,0,0.106666666666667,0.000817391304347826,0.0913345383071999,0.0536579305672467,0.0686981380593014,NA,-0.0503603411679805,1.10760861685035,NA,0.389869999999996,28.13,285.27,0.05,0,0.05,0.021904291355759,0,0.0306605176092534,0.000492958184308345,0.00607693814296889,0.00191872732675396,0.00308271975614321,NA,0.0216106225565312,0.034605963527899,NA,0.012277619081199,1.76284062544153,17.2156661975731,0.021904291355759,0,0.021904291355759,100
"mid","R12","aldex2","single",0,0,0,0,0.0894581897315949,0.00823778138174899,0.233877840137426,NA,0.00052700034177823,0.569590927643852,NA,12.15838,28.13,285.27,0,0,0,0,0,0,0,0.00594676052795905,0.000718939003053257,0.00594819950196972,NA,0.00143755583150761,0.00857877921751936,NA,0.680199622033224,1.76284062544153,17.2156661975731,0,0,0,100
"mid","R12","ancombc2","single",0,0,0,0,0.0685001772695139,0.399695480345374,0.395876133391863,NA,-0.012188815377398,0.760181353463945,0.570267889180657,51.73165,28.13,285.27,0,0,0,0,0,0,0,0.00477173384824691,0.00811360766317773,0.00755732699900942,NA,0.0137356353706523,0.016250321341308,0.00852787066659951,3.28674419366966,1.76284062544153,17.2156661975731,0,0,0,100
"mid","R12","corncob","single",0.692310903149138,0.022650965050032,0.758210995317033,0.0369246457862141,0.082868682895533,0.113046029816375,0.119112958947399,NA,NA,NA,NA,11.918,28.13,285.21,3.05,0.58,2.47,0.0385640806925399,0.00380081998108693,0.0311284477983618,0.00489809511206543,0.00539819408364325,0.00328839880830552,0.00453519676856427,NA,NA,NA,NA,0.731905325610195,1.76284062544153,17.2187019243495,0.301971635566768,0.0830966335362059,0.255625594267171,100
"mid","R12","fastancom","single",0,0,0,0,0.0920507072112754,0.0319267470668721,0.103507339510855,NA,0.0165856121389015,0.440723937070476,NA,0.037879999999995,28.13,285.27,0,0,0,0,0,0,0,0.00644279219116622,0.00220872796425372,0.0060548507661238,NA,0.0153522565138745,0.00787958632161766,NA,0.000968731337388985,1.76284062544153,17.2156661975731,0,0,0,100
"mid","R12","ldm","single",0.06,2e-04,0.146666666666667,0.00325217391304348,0.0978337635726473,0.0578103624318837,0.0677479749434668,NA,NA,NA,NA,10.09231,28.13,285.27,0.1,0.01,0.09,0.0238683256575942,2e-04,0.0352384852363271,0.00213663675610125,0.00633247165727709,0.0019289605261403,0.00275110958548569,NA,NA,NA,NA,1.21109525008848,1.76284062544153,17.2156661975731,0.0414387707005374,0.01,0.0404395046378357,100
"mid","R12","limma_logtss","single",0.0565,0.00241923076923077,0.0929736842105263,0.00545811965811966,0.0893896471486377,0.0528478900261587,0.0841725594814674,NA,-0.0196421115249571,0.43608146590345,0.934265563391523,0.0412400000000001,28.13,285.27,0.2,0.04,0.16,0.0225927381736216,0.00148245265009755,0.0274424951188383,0.00272811549089732,0.00561387214233352,0.00357239792952265,0.00527948934003227,NA,0.0139416532871082,0.00793730974423766,0.00365808423058338,0.000484323958698838,1.76284062544153,17.2156661975731,0.109175051725163,0.0196946385566932,0.0961060020829273,100
"mid","R12","linda","single",0.04,2e-04,0.08,0.001425,0.09271584590883,0.0550591362152414,0.0657218444862532,NA,-0.00271894652926675,0.405437317760701,0.924516743086073,0.19423,28.13,285.27,0.05,0.01,0.04,0.0196946385566932,2e-04,0.0272659924344291,0.000785164687093469,0.006211236729627,0.0019300057701308,0.00319029276476708,NA,0.00612691953455961,0.00710569353036208,0.00255412679882086,0.00929046274303914,1.76284062544153,17.2156661975731,0.021904291355759,0.01,0.0196946385566932,100
"mid","R12","lm_logtss","single",0.0510714285714286,0.00241923076923077,0.0845,0.00544978632478632,0.0909078629591183,0.0537157510401144,0.0837116537200984,NA,-0.0196421115249571,0.43608146590345,0.932861205530335,0.0387499999999998,28.13,285.27,0.17,0.04,0.13,0.0208078384509746,0.00148245265009755,0.0261580869075354,0.0027115332889269,0.00581933862863734,0.0035904778564229,0.00532093628553169,NA,0.0139416532871082,0.00793730974423766,0.00367200728142184,0.00039730785966745,1.76284062544153,17.2156661975731,0.0841535393303109,0.0196946385566932,0.069128777501037,100
"mid","R12","locom","single",0.06,2e-04,0.085,0.00130909090909091,0.0923742172415042,0.0528820594201304,0.0670562609319286,NA,-0.00635769940695724,0.885444209334314,NA,146.57282,28.13,285.27,0.08,0.01,0.07,0.0238683256575942,2e-04,0.0275745087962331,0.00094778268132483,0.0057725839397052,0.00177158349806905,0.00295954063694424,NA,0.00632268277807761,0.0207824508213835,NA,8.87133220250191,1.76284062544153,17.2156661975731,0.0307482445914323,0.01,0.0293188669562103,100
"mid","R12","locom2","single",0.105,0.000612765957446809,0.181666666666667,0.00165588189947579,0.0892050381706517,0.0486767843908991,0.0904022195084788,NA,NA,NA,NA,23.77118,28.13,285.27,0.19,0.03,0.16,0.0303972021572693,0.000350345473742589,0.0374626637927841,0.000703733620546145,0.00600245043375754,0.00170293895369091,0.00409290536537957,NA,NA,NA,NA,1.5446702849371,1.76284062544153,17.2156661975731,0.0580751863770343,0.0171446607997765,0.0545319848688582,100
"mid","R12","logistic_presence","single",0.0875,2e-04,0.108,0.00128405797101449,0.0693790355031253,0.0550368859201926,0.118175211270317,NA,-0.0230944035240353,0.691104267322552,NA,0.33859,27.98,283.67,0.13,0.01,0.12,0.0280635552151386,2e-04,0.0299199080524584,0.000748881573435714,0.00478202393318973,0.00225331371632821,0.00285600290266879,NA,0.0154878252382761,0.0419552386351165,NA,0.0205300474299196,1.76703712525238,17.2900336505272,0.0505624925865572,0.01,0.0432983541805861,100
"mid","R12","maaslin3","abundance",0.184166666666667,0.0035970247772538,0.362071428571429,0.00851322120031886,0.0731604817324224,0.0499991517248619,0.060227794073173,NA,-0.0097712546489984,0.792722105743876,NA,10.11218,28.13,285.23,0.48,0.14,0.34,0.0370846810559774,0.00107413899252785,0.0428152921495536,0.00159550402605863,0.00550929552669283,0.00163027634619503,0.00246621345683713,NA,0.0165245853595855,0.0182176977365727,NA,0.613161751095142,1.76284062544153,17.2193622226125,0.0937221339057022,0.0376587548676509,0.0806789372084865,100
"mid","R12","maaslin3","combined",0.270238095238095,0.00580110640990686,0.411023395509009,0.015164500407654,0.0784269669983656,0.0541998405082347,0.0879529478044802,NA,NA,NA,NA,10.11218,28.13,285.27,0.98,0.25,0.73,0.0411883630705765,0.00137070441396785,0.0430012142542853,0.00237787447412835,0.00500375239813795,0.00191544458755574,0.00312667710097319,NA,NA,NA,NA,0.613161751095142,1.76284062544153,17.2156661975731,0.18145316895897,0.0575159178669767,0.144148492461031,100
"mid","R12","maaslin3","presence",0.14,NA,0.33,NA,NA,0.045496485544896,0.0790738418480187,0.0641837309997732,NA,NA,NA,10.11218,0,284.57,0.32,NA,0.32,0.0348735088019777,NA,0.0472581562625261,NA,NA,0.00201321258608725,0.0036002431016651,0.00546213612430117,NA,NA,NA,0.613161751095142,0,17.2643221468993,0.109063969737716,NA,0.109063969737716,100
"mid","R12","pursue","abundance",0.045,0.00176033591731266,0.111666666666667,0.00437772722166049,0.0737818265796464,0.0540084222272085,0.0614878669219208,NA,-0.00164940270133923,0.769177929467159,0.944246164007435,12.89481,28.13,285.23,0.08,0.03,0.05,0.0202197523189179,0.00120238587530086,0.0300630650265052,0.00233503754291255,0.0055211872295316,0.00189384707913801,0.00257897078843825,NA,0.00914524614300244,0.0180344848003381,0.00187519583294582,0.829754923741786,1.76284062544153,17.2193622226125,0.0307482445914323,0.0171446607997765,0.021904291355759,100
"mid","R12","pursue","combined",0.06,0.000416666666666667,0.075,0.00196033591731266,0.0672516619499709,0.0491519327491051,0.0878283181366475,NA,NA,NA,NA,12.89481,28.13,285.27,0.07,0.01,0.06,0.0238683256575942,0.000416666666666667,0.0259904799975886,0.0012159849196311,0.00505982719789728,0.00187909014178108,0.00357707796826308,NA,NA,NA,NA,0.829754923741786,1.76284062544153,17.2156661975731,0.0256432399976243,0.01,0.0238683256575942,100
"mid","R12","pursue","presence",0.04,NA,0.07,NA,NA,0.0433541545905251,0.116768009385034,0.0411769018846763,NA,NA,NA,12.89481,0,283.67,0.04,NA,0.04,0.0196946385566932,NA,0.0256432399976243,NA,NA,0.00217918351607772,0.00490687717799139,0.00523265098894929,NA,NA,NA,0.829754923741786,0,17.2900336505272,0.0196946385566932,NA,0.0196946385566932,100
"mid","R12","wilcoxon_tss","single",0.03,0,0.0608333333333333,0.000987761674718196,0.0869527233363543,0.0523989736750258,0.0747304020329957,NA,-0.0400831975660745,1.34877356475644,NA,0.18531,28.13,285.27,0.03,0,0.03,0.0171446607997765,0,0.0231454375517353,0.000581426718932662,0.00591278084639581,0.0021159809360993,0.0032829176316192,NA,0.0229424262810385,0.052910938222135,NA,0.00898656342670667,1.76284062544153,17.2156661975731,0.0171446607997765,0,0.0171446607997765,100
"mid","R12","zicoseq","single",0.07,2e-04,0.146666666666667,0.00324754856614246,0.0921278367963877,0.0574839067524884,0.0717244071027145,NA,NA,NA,NA,82.52131,28.13,285.27,0.1,0.01,0.09,0.0256432399976243,2e-04,0.0352384852363271,0.00209106795791628,0.0064458502404948,0.00224317488592125,0.00346423555876599,NA,NA,NA,NA,4.49052489392595,1.76284062544153,17.2156661975731,0.0389249472080761,0.01,0.0378593889720018,100
"mid","R13","adapt","single",0.0732967590530177,0.240948219914178,0.125157000510775,0.305111751158629,0.504372031267224,0.0527844628371986,0.0727243744106729,NA,-0.0382072811457276,1.13584554328937,NA,0.423539999999998,28.18,282.7,8.53,7.95,0.58,0.0160655333976502,0.0146966614171262,0.0182338272774374,0.0162474615332121,0.0172607935172038,0.00252640830598559,0.00357368315510568,NA,0.0231408522955638,0.0306229918623281,NA,0.0149313744656795,1.69356357298968,17.2332043837858,0.705025968430679,0.659411277067076,0.0793661760385991,100
"mid","R13","aldex2","single",0.005,0.0671578990256782,0.0085,0.0938221172615711,0.420584162913628,0.00947443151232475,0.228900231308913,NA,-0.0365952523818516,1.11567197754524,NA,12.47051,28.18,282.7,2.03,2.02,0.01,0.005,0.00676904066428935,0.00564322244785367,0.00865564496736837,0.0163623537504825,0.000856411964729145,0.00580317617673623,NA,0.00540162922434616,0.0135442861538775,NA,0.694680660665043,1.69356357298968,17.2332043837858,0.190933379888262,0.191210920612857,0.01,100
"mid","R13","ancombc2","single",0.01,0.0670452408433451,0.01,0.0670452408433451,0.231066671529615,0.400617820261828,0.396565134589025,NA,-0.0144206372403701,0.822268177476299,0.542474181773935,76.61607,28.18,282.7,2.12,2.11,0.01,0.01,0.00748597503573051,0.01,0.00748597503573051,0.0124170824714297,0.007346846461221,0.00664406238878847,NA,0.0152952808917144,0.0136983270645721,0.00750564902206211,5.19829472124661,1.69356357298968,17.2332043837858,0.23752937085801,0.238215164602224,0.01,100
"mid","R13","corncob","single",0.383287588969969,0.358720199324971,0.476525997606957,0.446186560371879,0.434593370102192,0.125001234885132,0.132115655458423,NA,NA,NA,NA,12.31127,28.04,282.54,18.09,11.75,6.34,0.0253930809079531,0.0180585121960325,0.0206266714519875,0.0183968149192115,0.0177658671906783,0.00530250775554381,0.00672384043092232,NA,NA,NA,NA,0.773729624669961,1.69150700843832,17.23114059082,1.39328077325832,0.9475513365267,0.603227012229085,100
"mid","R13","fastancom","single",0.013733893557423,0.12745462608644,0.0415087174263645,0.169127502985205,0.471977925487025,0.0394091521820082,0.1104035664857,NA,-0.0669801733803602,0.590725172696092,NA,0.0372799999999992,28.18,282.7,4.78,4.66,0.12,0.00463309134296011,0.010790791502157,0.0121602644562958,0.0140067756538037,0.016895072482319,0.00381745148804876,0.00713123060992153,NA,0.0178479411119715,0.00774293344599741,NA,0.00101961371176165,1.69356357298968,17.2332043837858,0.485461355076516,0.469949492235629,0.0408989886516436,100
"mid","R13","ldm","single",0.120327254069348,0.298675922159798,0.19064184972178,0.381435880345369,0.523751520599405,0.0694094096398398,0.0887342981440687,NA,NA,NA,NA,48.41072,28.18,282.7,12.84,10.31,2.53,0.019834983168788,0.0175925511995295,0.0225453514086272,0.0194168394937651,0.0188693102298409,0.00591234696301656,0.00670069554462809,NA,NA,NA,NA,4.26633790845346,1.69356357298968,17.2332043837858,1.21893478915077,0.882798008171928,0.71653698615302,100
"mid","R13","limma_logtss","single",0.0935119253821802,0.210450353415381,0.139156866177381,0.268437616446293,0.48025054805517,0.0745631307163318,0.109046489448701,NA,-0.0843506830333585,0.594917941175468,0.862107386193476,0.0404999999999999,28.18,282.7,9.38,7.22,2.16,0.0206549335537528,0.0153829303963197,0.0233236205699408,0.0173444353306857,0.0181757436036424,0.00752103518578381,0.0092544986712253,NA,0.0186724280572089,0.00814878192358423,0.00710672528380043,0.000407381388823298,1.69356357298968,17.2332043837858,1.07757490540921,0.658216138398691,0.63765986310109,100
"mid","R13","linda","single",0.0846855803295432,0.244716476376292,0.136504577597668,0.311731824257017,0.500838844713118,0.057018961029637,0.074053324478244,NA,-0.0339753785642913,0.568912936967049,0.87222757723319,0.1918,28.18,282.7,8.83,8.04,0.79,0.0161279224814351,0.014222549374952,0.019198576205409,0.0164941311810349,0.017694677014969,0.00268661481954118,0.00368138949136603,NA,0.00796153126328784,0.00580098358629686,0.00328813268670179,0.0090771218684196,1.69356357298968,17.2332043837858,0.701521434620727,0.648996116780339,0.114851683012958,100
"mid","R13","lm_logtss","single",0.0974014714220842,0.216655788994148,0.14979537203729,0.267237124055787,0.475254983415394,0.0750484545323382,0.109212884282274,NA,-0.0843506830333585,0.594917941175468,0.862085345746884,0.03868,28.18,282.7,9.72,7.42,2.3,0.021208177696379,0.0157024597618129,0.0244187665264803,0.0172002890458052,0.0177971613957665,0.00749173703232653,0.00934309565928998,NA,0.0186724280572089,0.00814878192358423,0.007133295664702,0.000375211724741949,1.69356357298968,17.2332043837858,1.12869639653698,0.674076997070659,0.688945908360348,100
"mid","R13","locom","single",0.0637733646302612,0.210698387037583,0.125711764702662,0.269553877561532,0.485323441109933,0.0536103289554657,0.0655360418158371,NA,-0.0258286804013062,0.905513146614512,NA,154.77952,28.18,282.7,7.73,7.18,0.55,0.0143069311512785,0.0137208946391261,0.0200312491848065,0.0167526926509499,0.0171501863636965,0.00200960240175416,0.00312007385276159,NA,0.00609821890741283,0.0201593174169009,NA,8.33694655172741,1.69356357298968,17.2332043837858,0.696434643108176,0.635543194059343,0.103840398125336,100
"mid","R13","locom2","single",0.0490461105334743,0.186085804066779,0.106388342012815,0.250981422151893,0.488687140347142,0.048856005977443,0.0898376016837096,NA,NA,NA,NA,24.05465,28.18,282.7,7.1,6.52,0.58,0.00846259657392901,0.0133380490038782,0.0149930885553237,0.016167608057753,0.016705152726861,0.00235216585729328,0.00367996271439615,NA,NA,NA,NA,1.59022152578999,1.69356357298968,17.2332043837858,0.666893900667471,0.605776903294981,0.0900953479219195,100
"mid","R13","logistic_presence","single",0.0935282225943991,0.129079900980345,0.155312133133575,0.179478806509524,0.377409898023316,0.0672033779136967,0.12040704380468,NA,-0.103598205731768,0.936265790117794,NA,0.33491,28.04,281.2,4.99,4.11,0.88,0.0235089756242242,0.0108387892444294,0.0253552467578925,0.0124666100483723,0.0165979105317779,0.00513896184986043,0.00515576696074178,NA,0.0213785843065517,0.0425167069205055,NA,0.0206929358707143,1.70038141888724,17.3092198238133,0.551855456115498,0.376559384024578,0.346491797387133,100
"mid","R13","maaslin3","abundance",0.1156278998779,0.0686787399612376,0.206934482055419,0.115203619112705,0.277238180109035,0.0470584269528109,0.0665234601619482,NA,-0.0351258371513799,0.865460303658001,NA,10.10838,28.04,282.54,3.06,2.49,0.57,0.0203103083978497,0.00703144073978693,0.0245932463908657,0.0100455434643403,0.012063182831438,0.00180823658652767,0.00317681275634646,NA,0.0203122576008611,0.0176257759655812,NA,0.60383128769215,1.69150700843832,17.23114059082,0.361763358112354,0.297971254799634,0.094553709818304,100
"mid","R13","maaslin3","combined",0.107825940390904,0.159766981737589,0.215111664223621,0.251555828195393,0.422972699465529,0.0589647838292569,0.101813208189225,NA,NA,NA,NA,10.10838,28.18,282.7,7.37,6.08,1.29,0.0185459565329456,0.01293197381078,0.0225719250747463,0.0181663730079419,0.0168096314939973,0.0037276323326982,0.00518470107713389,NA,NA,NA,NA,0.60383128769215,1.69356357298968,17.2332043837858,0.803609910895136,0.643330978171227,0.20165727501297,100
"mid","R13","maaslin3","presence",0.66,NA,0.72,NA,NA,0.0882440118700951,0.0988935977058456,0.395644156155528,NA,NA,NA,10.10838,0,281.99,3.95,NA,3.95,0.0476095228569523,NA,0.0451260859854213,NA,NA,0.00483375306247816,0.00633835897478204,0.016095367774567,NA,NA,NA,0.60383128769215,0,17.2804525228346,0.424353340479084,NA,0.424353340479084,100
"mid","R13","pursue","abundance",0.0980674603174603,0.0503001857751548,0.148260911603017,0.0822856517745506,0.283563286921402,0.0537448599874234,0.0666947592433589,NA,-0.0149842199181426,0.840203110515381,0.915762710502416,12.66611,28.04,282.54,1.72,1.47,0.25,0.0220054423474547,0.00601739387126419,0.0246575927902453,0.00771233133146301,0.0127188130863891,0.00202259446978816,0.00299417927450793,NA,0.0100774008598174,0.0170268510959593,0.00221934261593197,0.836693975154355,1.69150700843832,17.23114059082,0.213711785526038,0.188269632563126,0.0479372485441102,100
"mid","R13","pursue","combined",0.0678333333333333,0.0473348177620355,0.149453781512605,0.0675426685565244,0.283412719022372,0.0516137081249919,0.0836913071855289,NA,NA,NA,NA,12.66611,28.18,282.7,1.54,1.29,0.25,0.0150988233611475,0.00599531007909992,0.0236648247060304,0.00717615420795624,0.0136121110025677,0.0021561601605111,0.00439244552624324,NA,NA,NA,NA,0.836693975154355,1.69356357298968,17.2332043837858,0.194583211666953,0.157181616628856,0.0625630994607957,100
"mid","R13","pursue","presence",0.23,NA,0.3,NA,NA,0.0527775091314328,0.105376151106968,0.119968515227234,NA,NA,NA,12.66611,0,281.2,0.35,NA,0.35,0.0422952584681651,NA,0.0460566186471838,NA,NA,0.00240636873849629,0.00491342141943393,0.0075265630591168,NA,NA,NA,0.836693975154355,0,17.3092198238133,0.0743660072230789,NA,0.0743660072230789,100
"mid","R13","wilcoxon_tss","single",0.0881798794600652,0.211160976358661,0.142885261874186,0.274441185637477,0.474832610636474,0.0665621694360257,0.0859548394814599,NA,-0.135157904913614,1.43903409251462,NA,0.18421,28.18,282.7,8.25,7.02,1.23,0.0211062721076098,0.0141268746349736,0.0225821753595485,0.0155267431414851,0.0178267028440126,0.00598990561735055,0.00686747312585409,NA,0.0352107808977922,0.048005087368977,NA,0.00924144480155576,1.69356357298968,17.2332043837858,0.770461622088415,0.601845646173653,0.424467580944325,100
"mid","R13","zicoseq","single",0.101319478893476,0.240077607463607,0.174306001210229,0.308618702117803,0.489013245799862,0.0695165974806902,0.0898601488688003,NA,NA,NA,NA,80.79852,28.18,282.7,9.73,8.55,1.18,0.0205750718947103,0.0166069208075613,0.0234985742696317,0.0190421121611396,0.0209311462145907,0.00502528919703977,0.00686498263454638,NA,NA,NA,NA,4.5351129788357,1.69356357298968,17.2332043837858,0.859980619936674,0.765595430783363,0.22669340305774,100
"mid","R14","adapt","single",0.0755,0.0244393674071804,0.13375,0.0430533945403408,0.252469165402037,0.0501333352487039,0.0670611581279806,NA,-0.0581368687036255,1.11701063897451,NA,0.420210000000007,28.23,284.65,0.87,0.73,0.14,0.0239908032790757,0.00369664317041617,0.0277258036491464,0.00605231239159342,0.0109148191439146,0.00179928741013046,0.00276813411819972,NA,0.0203191325511232,0.0329186544600095,NA,0.0148004183328818,1.70891039773147,17.0574748862471,0.118624268898557,0.102351148385143,0.0449915817041635,100
"mid","R14","aldex2","single",0.01,0.00173699633699634,0.01,0.00282595277063362,0.225824456479822,0.00874440530999847,0.230132480066212,NA,-0.0191081706283422,0.759252818264709,NA,13.10639,28.23,284.65,0.06,0.05,0.01,0.01,0.000811079945096571,0.01,0.00119219901403914,0.00942801527168338,0.00073165471269249,0.00584591286496854,NA,0.0029421139328904,0.00941004541342259,NA,0.800863652362721,1.70891039773147,17.0574748862471,0.0238683256575942,0.021904291355759,0.01,100
"mid","R14","ancombc2","single",0,0.00096923076923077,0,0.00096923076923077,0.0903174213564287,0.400422083398421,0.397775855597509,NA,0.00381763710946411,0.780302247573875,0.558545314728253,63.36945,28.23,284.65,0.03,0.03,0,0,0.000574248657404396,0,0.000574248657404396,0.00569248730711009,0.00776520018992876,0.00730319094821155,NA,0.0165987259454003,0.0149834067422385,0.00802646000908091,4.3664041796281,1.70891039773147,17.0574748862471,0.0171446607997765,0.0171446607997765,0,100
"mid","R14","corncob","single",0.50361134238998,0.0957050013270597,0.57216044527816,0.144086901476575,0.197631973134297,0.115931386355645,0.117876226749058,NA,NA,NA,NA,12.40576,28.19,284.59,6.33,3.01,3.32,0.0304089757935202,0.00756005680084883,0.0256465352349394,0.00902950029180416,0.00916203815281849,0.00319087913319253,0.00437133075019095,NA,NA,NA,NA,0.779328646993194,1.71090943977497,17.0612745684193,0.570495974188825,0.297632068979215,0.323765721508999,100
"mid","R14","fastancom","single",0.005,0.00463634691740282,0.0258333333333333,0.00803662681018965,0.235627035216491,0.0292409892673178,0.102726185577661,NA,-0.00159944168585062,0.474054840641775,NA,0.0375499999999983,28.23,284.65,0.16,0.15,0.01,0.005,0.00138750773988607,0.0127401179767146,0.00186556904670132,0.0104451043375355,0.0017440973431512,0.00598635647326914,NA,0.0112606182828666,0.00550367304514622,NA,0.000901219712221112,1.70891039773147,17.0574748862471,0.0443129367525598,0.0411329453348431,0.01,100
"mid","R14","ldm","single",0.117801587301587,0.0331212652015219,0.20652867965368,0.0598620663438329,0.258567153453442,0.0575470844001611,0.0731564994458206,NA,NA,NA,NA,22.14181,28.23,284.65,1.31,1.04,0.27,0.0265218738292331,0.00458348838891721,0.0320640819135305,0.00640789149535114,0.0103249338189422,0.00207908894913724,0.00309107042920096,NA,NA,NA,NA,2.78360996776949,1.70891039773147,17.0574748862471,0.177920081934434,0.146969384566991,0.0547814758929522,100
"mid","R14","limma_logtss","single",0.0341666666666667,0.0143820456909726,0.138960317460317,0.0251749154995992,0.238771377715413,0.0519222513484955,0.0805584657946395,NA,-0.0390272426561643,0.47985694130281,0.905757194367878,0.0416200000000002,28.23,284.65,0.53,0.46,0.07,0.0156282123521647,0.00313156486171372,0.0303904189067469,0.00447214127921267,0.0106595497519479,0.00276760076661224,0.00376845253854267,NA,0.0134201004663608,0.00656058495937662,0.00284795491416564,0.000536690193348415,1.70891039773147,17.0574748862471,0.103918188489744,0.0881000349694378,0.0293188669562103,100
"mid","R14","linda","single",0.0808333333333333,0.0238596390092843,0.138365079365079,0.0372397304439127,0.241059035717158,0.0567018130929838,0.0646242328527798,NA,-0.0158005021750562,0.457910565874191,0.891319864260191,0.19726,28.23,284.65,0.89,0.74,0.15,0.0237320136866879,0.00382333447168605,0.0276065687808681,0.00487427310448083,0.010698750172528,0.00206708422650903,0.00269655367131333,NA,0.00725067614859129,0.00584117009376845,0.00271548015771643,0.00941962940788104,1.70891039773147,17.0574748862471,0.120516564937117,0.104078447491895,0.0385992097056273,100
"mid","R14","lm_logtss","single",0.0436904761904762,0.0219316175132152,0.141429487179487,0.0395175991656496,0.241175801764297,0.0526734338012612,0.0810940208445408,NA,-0.0390272426561643,0.47985694130281,0.905308910531682,0.0389199999999998,28.23,284.65,0.74,0.64,0.1,0.0168605630146636,0.00373773405771533,0.029689265422686,0.00578505933102732,0.0106382559363537,0.00273665437386001,0.00374636186811782,NA,0.0134201004663608,0.00656058495937662,0.00279939502303225,0.000378375047760364,1.70891039773147,17.0574748862471,0.121122694284379,0.102020002000004,0.0362371537669739,100
"mid","R14","locom","single",0.0648333333333333,0.0192092244956527,0.13425,0.0354743350924404,0.224479878346639,0.050432435343934,0.0641869285142642,NA,-0.0173854923541375,0.88891905520782,NA,154.16576,28.23,284.65,0.78,0.63,0.15,0.0213120356126031,0.00302621151666728,0.0276871995427222,0.00463721248394704,0.00959886533532618,0.0016035165733947,0.00253080587231716,NA,0.00587580232042665,0.0214609048639106,NA,8.26869510344659,1.70891039773147,17.0574748862471,0.1330147709577,0.101159939369957,0.0457816513022367,100
"mid","R14","locom2","single",0.0847142857142857,0.0239199425839313,0.135214285714286,0.0350041564828174,0.234671032689271,0.0470603664160596,0.0865009886927797,NA,NA,NA,NA,22.86702,28.23,284.65,1.03,0.79,0.24,0.0227075476829969,0.00329329993328533,0.0273303073250451,0.0048556262445394,0.00970944809640198,0.00175145155054406,0.00358319940898935,NA,NA,NA,NA,1.45045814399131,1.70891039773147,17.0574748862471,0.157284404307559,0.120012625598436,0.0698049229834635,100
"mid","R14","logistic_presence","single",0.0783333333333333,0.0129406033546941,0.130416666666667,0.021355033917377,0.180053296434779,0.0562993822789466,0.111092954844879,NA,-0.0379535512951234,0.743170604702979,NA,0.33898,28.07,283.21,0.42,0.3,0.12,0.0251209196897846,0.00339429927173905,0.0298143279285589,0.00437624774599245,0.00990720514608912,0.00263784236282812,0.00237115301007129,NA,0.0153202159624799,0.0382828255816019,NA,0.0204795930949161,1.71989282024529,17.1379742270217,0.0806288416201678,0.0594588390010563,0.0383497988352882,100
"mid","R14","maaslin3","abundance",0.115833333333333,0.0135671260834668,0.202322871572872,0.0305653373662591,0.137414999374302,0.0492889341829968,0.0636058498450522,NA,-0.034649990895736,0.812824295288646,NA,10.72114,28.19,284.6,0.96,0.56,0.4,0.0239180876289246,0.00245119134491161,0.0298341583487134,0.0041047684525164,0.00747804146263515,0.00161719818423455,0.00309623863692225,NA,0.0180313526140108,0.0188751831109718,NA,0.687132973033825,1.71090943977497,17.0601254036387,0.168726663182459,0.10082488068754,0.0887625364598595,100
"mid","R14","maaslin3","combined",0.122793595293595,0.0285014123088195,0.242345295907485,0.0618813198714742,0.203992584160336,0.0540283345020441,0.0914176612226454,NA,NA,NA,NA,10.72114,28.23,284.65,1.89,1.2,0.69,0.0230949245392204,0.00430891516481888,0.0295405360326225,0.00721599297631211,0.00856372714355117,0.00170487768606413,0.00348497655715485,NA,NA,NA,NA,0.687132973033825,1.70891039773147,17.0574748862471,0.318739626489945,0.194884062918952,0.137580096046931,100
"mid","R14","maaslin3","presence",0.29,NA,0.47,NA,NA,0.0560470931075686,0.0720521833791067,0.176374930466859,NA,NA,NA,10.72114,0,283.97,0.56,NA,0.56,0.0456048021572069,NA,0.0501613558046592,NA,NA,0.0022555303280184,0.00305497615840488,0.00970769974724981,NA,NA,NA,0.687132973033825,0,17.1017599366057,0.11038957643663,NA,0.11038957643663,100
"mid","R14","pursue","abundance",0.04,0.00331671103223898,0.125,0.00882262928582804,0.135685059423087,0.0534535826412503,0.0635564249979035,NA,-0.0207441370536934,0.788526996973091,0.933727970280063,12.87933,28.19,284.6,0.15,0.1,0.05,0.0196946385566932,0.00131699607072255,0.0300229055840402,0.00227649232279843,0.00730251805802517,0.00179204875420537,0.0027039962733208,NA,0.00888047975223162,0.0178296834429554,0.00195681048771501,0.826698444899342,1.71090943977497,17.0601254036387,0.0411329453348431,0.0333333333333333,0.0261116483933547,100
"mid","R14","pursue","combined",0.03,0.00368071128319575,0.0658333333333333,0.0071705072015631,0.138623467024428,0.0480126277170397,0.0869376334369649,NA,NA,NA,NA,12.87933,28.23,284.65,0.18,0.13,0.05,0.0156023826204315,0.00117660405130528,0.0220732061779985,0.00195243434360205,0.00735801065719464,0.001646926207815,0.00433896971184082,NA,NA,NA,NA,0.826698444899342,1.70891039773147,17.0574748862471,0.050010099990003,0.0393251147037697,0.0261116483933547,100
"mid","R14","pursue","presence",0.08,NA,0.13,NA,NA,0.043370254831897,0.114843099657251,0.069021120292227,NA,NA,NA,12.87933,0,283.21,0.12,NA,0.12,0.0272659924344291,NA,0.0337997668989631,NA,NA,0.00183181112308762,0.00468113611281938,0.00592395585418463,NA,NA,NA,0.826698444899342,0,17.1379742270217,0.0455715665384423,NA,0.0455715665384423,100
"mid","R14","wilcoxon_tss","single",0.0536666666666667,0.0204652938404855,0.122666666666667,0.0358091070990037,0.235761984977996,0.0534431534398889,0.0680270174606853,NA,-0.0601287398635253,1.32416110466695,NA,0.18369,28.23,284.65,0.67,0.57,0.1,0.0199657113479493,0.00346701707332965,0.0284095034762411,0.00564194441061273,0.0103780793836872,0.00228130019207833,0.00304980965331672,NA,0.0254294269708698,0.0383170783530927,NA,0.00893536493181148,1.70891039773147,17.0574748862471,0.102548337949289,0.0890522488784142,0.0362371537669739,100
"mid","R14","zicoseq","single",0.0365359477124183,0.0296115161654345,0.13367316017316,0.0421003244758267,0.246643309096516,0.0581184549408735,0.0731850910321425,NA,NA,NA,NA,79.93961,28.23,284.65,1.03,0.82,0.21,0.0145570715130341,0.00499518765473476,0.0267200174191036,0.00574816489697298,0.0105922174186097,0.00316388717334784,0.00378050497163777,NA,NA,NA,NA,4.26504410286373,1.70891039773147,17.0574748862471,0.2143606891445,0.127429917360029,0.13279816841867,100
"mid","R15","adapt","single",0.0153333333333333,0.015276088011412,0.0693333333333333,0.0232982404758868,0.207738985694848,0.0500352866347916,0.0672919290696177,NA,-0.0525680472556327,1.0889145847918,NA,0.40899,28.31,283.62,0.52,0.49,0.03,0.0106723469723857,0.0029739620509842,0.0220888929536813,0.00351806232625798,0.00998736091292472,0.00195757543797645,0.00279161643886489,NA,0.0197600894515101,0.0291379872553219,NA,0.0142423291067099,1.7084280092021,17.3092885673291,0.0947937687079619,0.0881859834484351,0.0171446607997765,100
"mid","R15","aldex2","single",0,0.0023953781512605,0,0.0045834829969053,0.192154928437273,0.00806071658967189,0.237179174867611,NA,-0.0144731790225939,0.713616184904239,NA,12.04563,28.31,283.62,0.05,0.05,0,0,0.00111880842039378,0,0.00165771433694135,0.00854122260192488,0.000713719463697153,0.00639707478479969,NA,0.00270414672282385,0.00987645833820363,NA,0.706570943010014,1.7084280092021,17.3092885673291,0.021904291355759,0.021904291355759,0,100
"mid","R15","ancombc2","single",0,0,0,0,0.083796862346087,0.402144088896492,0.398131205478821,NA,-0.0477065879181278,0.774213875446992,0.559420246185648,60.29245,28.31,283.62,0,0,0,0,0,0,0,0.00528463502399551,0.00771729999408167,0.00693357140258255,NA,0.0176646468879951,0.0151038035694072,0.00797099201500943,4.20565605632655,1.7084280092021,17.3092885673291,0,0,0,100
"mid","R15","corncob","single",0.458358503725377,0.0728156296570547,0.586983097269088,0.116487108380574,0.188476130173191,0.111835557511647,0.113150616823927,NA,NA,NA,NA,11.94164,28.3,283.61,4.52,2.07,2.45,0.0342101715526604,0.00679023377821609,0.0264979948340964,0.00868092231209004,0.00870749617288145,0.00312103311037969,0.00456308544891972,NA,NA,NA,NA,0.752101044484816,1.70871207922721,17.3097735865078,0.432395255022134,0.210461253901851,0.285817982625165,100
"mid","R15","fastancom","single",0,0.00411157548125633,0,0.00717434143870314,0.191300376721568,0.0316059781263648,0.107113305470272,NA,-0.0117331389806917,0.468156315120517,NA,0.0369800000000012,28.31,283.62,0.11,0.11,0,0,0.0014479075606625,0,0.00231720784317888,0.0100169585311133,0.001983230090999,0.00625047747078974,NA,0.015196031587989,0.00677132717886003,NA,0.000858231679770912,1.7084280092021,17.3092885673291,0.034509550720186,0.034509550720186,0,100
"mid","R15","ldm","single",0.0600952380952381,0.022180176582402,0.112474025974026,0.0420837976958602,0.22284029849715,0.056086540133881,0.0720497920412033,NA,NA,NA,NA,13.35565,28.31,283.62,0.82,0.7,0.12,0.0208323917879728,0.00382470668041939,0.0257448657308694,0.00608883196273071,0.0103002409942682,0.00242262650291107,0.00333517593406574,NA,NA,NA,NA,1.42193250897353,1.7084280092021,17.3092885673291,0.140259499759294,0.121022579077066,0.0356186309210063,100
"mid","R15","limma_logtss","single",0.0154545454545454,0.0104635603663444,0.0724855072463768,0.0194171632646281,0.198765582742966,0.0517587157445874,0.0832792792035402,NA,-0.0342079085936923,0.463175731249453,0.910102006600132,0.0403400000000001,28.31,283.62,0.37,0.3,0.07,0.0113424044074018,0.00283694782032096,0.0222875309037273,0.00492219766890982,0.00944446509432806,0.00355992019122088,0.00491130634187976,NA,0.0130363949399448,0.00649329227868115,0.00354675302099563,0.000398537731253064,1.7084280092021,17.3092885673291,0.1228080542221,0.0758786910639328,0.0607279078174012,100
"mid","R15","linda","single",0.0183333333333333,0.0182750573324469,0.081996336996337,0.0268705705732042,0.204360309706052,0.0541385547933201,0.0660846064632071,NA,-0.0240834221017372,0.442019474488808,0.897105827642945,0.19615,28.31,283.62,0.63,0.59,0.04,0.0115797629116882,0.00351247741487273,0.0231933937149733,0.00407128064433433,0.00966047863733403,0.00210762901047552,0.00282699162879895,NA,0.00753902353461959,0.00635398695409469,0.00257070062566589,0.00989351767164701,1.7084280092021,17.3092885673291,0.1134001585519,0.107398060663791,0.0242878362539562,100
"mid","R15","lm_logtss","single",0.0412878787878788,0.015670874749222,0.0559855072463768,0.0265196796677077,0.2019109340351,0.0519165468278977,0.0819717374768195,NA,-0.0342079085936923,0.463175731249453,0.910251194757034,0.0387099999999998,28.31,283.62,0.58,0.47,0.11,0.0182592521968085,0.00360556124988467,0.0195457094632628,0.00548947238414442,0.00980660809657007,0.00367720203370099,0.0048868116801188,NA,0.0130363949399448,0.00649329227868115,0.0036880655765698,0.000410295532808269,1.7084280092021,17.3092885673291,0.139392621864656,0.0968754276627901,0.0633970970880522,100
"mid","R15","locom","single",0.0533333333333333,0.0121542761050561,0.0695952380952381,0.020365295607446,0.200508628214149,0.0515022019938596,0.0665094355863879,NA,-0.0197964983073705,0.876464024058832,NA,146.53091,28.31,283.62,0.49,0.42,0.07,0.0209054308024742,0.00242099011575297,0.0210757348520911,0.00348679873427573,0.00957775548691368,0.00176321033968172,0.00302793472310449,NA,0.00657112259091753,0.0203469057647824,NA,8.60659407910257,1.7084280092021,17.3092885673291,0.0858645868372245,0.0806288416201678,0.0256432399976243,100
"mid","R15","locom2","single",0.0906666666666667,0.0141118309807689,0.134246031746032,0.0192331767231137,0.199953268053827,0.0470276076239653,0.0830104985767242,NA,NA,NA,NA,22.81217,28.31,283.62,0.79,0.53,0.26,0.024910262452924,0.00271902598731768,0.028975531480911,0.00314985608977279,0.00905437685446735,0.00196311911481729,0.00318758666406141,NA,NA,NA,NA,1.45600465027666,1.7084280092021,17.3092885673291,0.151287404590993,0.101955625126569,0.0786502294075395,100
"mid","R15","logistic_presence","single",0.03825,0.00764936997168727,0.0583888888888889,0.0121883508738261,0.152152418890359,0.0524650190592363,0.115373800765143,NA,-0.0420240627719765,0.68297402450818,NA,0.33797,28.18,282.19,0.33,0.23,0.1,0.0167703404313037,0.00236693601123766,0.0199274615144347,0.00324586177287824,0.0073884779424569,0.00250949931886387,0.00274050294960651,NA,0.0160424135853654,0.031422994728667,NA,0.0212610492010934,1.71419386478327,17.3833177605323,0.106415423808029,0.0679497734887448,0.0541229427257326,100
"mid","R15","maaslin3","abundance",0.161547619047619,0.00968391441866223,0.261354895104895,0.0200894174667595,0.122721160899805,0.0460936398088506,0.0657229565130902,NA,-0.0382321308364873,0.80811249822191,NA,9.89404,28.3,283.61,0.74,0.38,0.36,0.0321792478339496,0.00201583327122106,0.0359785976310027,0.00297905317496814,0.00706585333751344,0.0016605715152567,0.00326132031425784,NA,0.0147300579025292,0.0182630606653879,NA,0.595700310375795,1.70871207922721,17.3097735865078,0.129972802127712,0.0813770374382247,0.0772245839330738,100
"mid","R15","maaslin3","combined",0.165422494172494,0.0236910650086384,0.281909875126593,0.048446647908066,0.172044432948091,0.0497153183767135,0.0925560107215446,NA,NA,NA,NA,9.89404,28.31,283.62,1.76,0.94,0.82,0.0279718113396202,0.00340331376326751,0.0331074960606529,0.00611406351440966,0.0083205598083378,0.0018461246111928,0.00376396064730056,NA,NA,NA,NA,0.595700310375795,1.7084280092021,17.3092885673291,0.274550137092987,0.144823124444052,0.162294158673052,100
"mid","R15","maaslin3","presence",0.24,NA,0.41,NA,NA,0.0507546231901724,0.0746255038676759,0.144261699203905,NA,NA,NA,9.89404,0,282.93,0.46,NA,0.46,0.0429234695990928,NA,0.049431107042371,NA,NA,0.00235410433055104,0.00332755490183946,0.00793451915935588,NA,NA,NA,0.595700310375795,0,17.3551567453759,0.101920943813717,NA,0.101920943813717,100
"mid","R15","pursue","abundance",0.04,0.00428892580287929,0.125,0.00658827220810805,0.120362179310812,0.0519969345237302,0.0687874504753313,NA,0.000452752967370093,0.787725624225261,0.937730911652466,12.78297,28.3,283.61,0.13,0.09,0.04,0.0196946385566932,0.00165260437354983,0.0320786596359699,0.00204847181383268,0.00703165362874427,0.0018128185238753,0.0032950592326354,NA,0.00814563214336927,0.0179481527212761,0.00177925401711111,0.85121324459191,1.70871207922721,17.3097735865078,0.0366666666666667,0.0320825954263823,0.0196946385566932,100
"mid","R15","pursue","combined",0.0366666666666667,0.00441373657825327,0.0533333333333333,0.00591935967855722,0.117843369987102,0.045170122590582,0.0876752202860829,NA,NA,NA,NA,12.78297,28.31,283.62,0.14,0.09,0.05,0.0182850604139947,0.00168698556309937,0.0203614917902319,0.00176975598409389,0.00744900912184733,0.00195825997138669,0.0041357482920305,NA,NA,NA,NA,0.85121324459191,1.7084280092021,17.3092885673291,0.0449915817041635,0.0320825954263823,0.0261116483933547,100
"mid","R15","pursue","presence",0.05,NA,0.1,NA,NA,0.0403126458797603,0.112327469306557,0.0689929579906765,NA,NA,NA,12.78297,0,282.19,0.06,NA,0.06,0.021904291355759,NA,0.0301511344577764,NA,NA,0.00211083085500272,0.00458925140115052,0.0075740313072586,NA,NA,NA,0.85121324459191,0,17.3833177605323,0.0277797979063414,NA,0.0277797979063414,100
"mid","R15","wilcoxon_tss","single",0.012,0.0134267416061832,0.040469696969697,0.0239492833797293,0.198850342050325,0.0504482217190572,0.0767345616252981,NA,-0.0627816059506762,1.27521491244992,NA,0.18592,28.31,283.62,0.47,0.42,0.05,0.00647051501305972,0.00281332663853477,0.0141455342122229,0.00486516685981992,0.0093855422442172,0.00243100620425121,0.00368136204711662,NA,0.0210621992662998,0.0319291767407387,NA,0.00962374672412471,1.7084280092021,17.3092885673291,0.105844368310413,0.0889671372763646,0.0261116483933547,100
"mid","R15","zicoseq","single",0.0508333333333333,0.0170141724027085,0.094952380952381,0.0280929828631563,0.207904250314364,0.054425265499032,0.071303601978409,NA,NA,NA,NA,80.23357,28.31,283.62,0.59,0.49,0.1,0.0180368978969875,0.00298205553074817,0.025040709427973,0.00518901557589429,0.0104761446649871,0.00260570180233278,0.00317360204010068,NA,NA,NA,NA,4.35959602971121,1.7084280092021,17.3092885673291,0.0943826298006196,0.0797660721273541,0.0333333333333333,100
"mid","R17","adapt","single",0.0141666666666667,0.0252261277259837,0.0631666666666667,0.0338023305743519,0.213587144383917,0.0500471538758571,0.0665512957642776,NA,-0.0378348262648457,1.13028939036487,NA,0.418880000000005,30.05,301.4,0.78,0.73,0.05,0.00878849556642021,0.00401344002625316,0.018558148672615,0.00459064933583075,0.00901766100318835,0.0020516724415137,0.00308429042621282,NA,0.0205220076384538,0.0303905141326032,NA,0.012945193562232,1.67171206017101,16.6125180985833,0.115102062746438,0.107172097981978,0.0329523684408054,100
"mid","R17","aldex2","single",0.0333333333333333,0.0093947003441047,0.0733333333333333,0.0130709795514398,0.171846922102051,0.0171968510548631,0.180996247403837,NA,0.0082991389008915,0.77451156703898,NA,13.1841,30.05,301.4,0.3,0.26,0.04,0.0174077655955698,0.00218957792987842,0.0247682864459375,0.00255982694805635,0.00794229337210709,0.00117917458554157,0.00507082353408093,NA,0.00279713716782383,0.00886917930108162,NA,0.681177327733522,1.67171206017101,16.6125180985833,0.0559581373109678,0.0504925236990086,0.0196946385566932,100
"mid","R17","ancombc2","single",0.00333333333333333,0.00552553934637227,0.00333333333333333,0.00552553934637227,0.0890413467553066,0.399843773288912,0.393783383079366,NA,-0.0602774374898422,0.806524539019761,0.566271467380604,71.25911,30.05,301.4,0.15,0.14,0.00999999999999999,0.00333333333333333,0.00195725035310579,0.00333333333333333,0.00195725035310579,0.00601162061900492,0.00942407124053746,0.00874577655001868,NA,0.0180486892009668,0.0176594564622189,0.00997543335453375,4.65304705527084,1.67171206017101,16.6125180985833,0.0479372485441102,0.042687494916219,0.00999999999999999,100
"mid","R17","corncob","single",0.559753205257075,0.0835525385063883,0.614189681183371,0.125081896600804,0.171838643940105,0.120035778150372,0.122429287232409,NA,NA,NA,NA,12.81529,30.02,301.27,6.12,2.61,3.51,0.0323653323739446,0.00751153289472528,0.0256728749162714,0.0092373249906962,0.00912043689164143,0.00331611629276349,0.00417639079265612,NA,NA,NA,NA,0.722738730234383,1.67440506545827,16.6210700830924,0.499955553580071,0.26357871191304,0.307973172122954,100
"mid","R17","fastancom","single",0.070312865497076,0.0148069452420639,0.113199803464509,0.0261062831030048,0.173476651750101,0.0738015640163107,0.123277345890407,NA,-0.141538566820381,0.537149355665115,NA,0.0374400000000037,30.05,301.4,0.83,0.51,0.32,0.0223482608926595,0.00301472637608014,0.0263396375708349,0.00431501188648162,0.00913838571895621,0.00482753441657019,0.00640665581417822,NA,0.0109135478162643,0.0059458696675586,NA,0.000849517985731428,1.67171206017101,16.6125180985833,0.230526406822351,0.11502744512208,0.151677488791385,100
"mid","R17","ldm","single",0.154571428571429,0.0414566287463466,0.237140484008595,0.069937943735952,0.202413251367751,0.0729315967833532,0.0862127790830071,NA,NA,NA,NA,17.47034,30.05,301.4,1.86,1.25,0.61,0.0278615656549131,0.00562093563640843,0.0306255788854163,0.00766840669246135,0.00953945740344276,0.0024122688855104,0.0034116841462465,NA,NA,NA,NA,2.19493317420744,1.67171206017101,16.6125180985833,0.25066376529591,0.171961353421945,0.120516564937117,100
"mid","R17","limma_logtss","single",0.805483542449339,0.340765223392095,0.819017729269898,0.426900111086673,0.113640913905224,0.387711983258475,0.406926095562493,NA,-0.555137429968316,0.760771828080634,0.614226377378148,0.0408000000000001,30.05,301.4,68.44,8.94,59.5,0.0181219231515568,0.0192577974849293,0.0165327867549502,0.0193429507677019,0.00755900258526063,0.0159020292518534,0.0151256295801698,NA,0.0150772159497686,0.0110615878998587,0.0151560710545056,0.000320983337621002,1.67171206017101,16.6125180985833,5.80047577289305,0.66860626936512,5.2114966151478,100
"mid","R17","linda","single",0.333881574966252,0.0617669414805595,0.409364519900763,0.0887475598540639,0.171396596128214,0.101219060316537,0.108203649394292,NA,0.10198799806273,0.516415310638518,0.857224428584531,0.20091,30.05,301.4,4.18,1.97,2.21,0.0371620746628105,0.00691702816284713,0.034924502771574,0.00786783921779124,0.00882018226987859,0.00404827857221853,0.00489779195171808,NA,0.00915133148945425,0.00549914680551214,0.00465615287731571,0.00890577040264608,1.67171206017101,16.6125180985833,0.519591914463416,0.240140951875512,0.379072499129071,100
"mid","R17","lm_logtss","single",0.772771543708904,0.337209438160813,0.818278132866271,0.426203099695718,0.118366626469918,0.386729596466785,0.406622123626685,NA,-0.555137429968316,0.760771828080634,0.615269994969036,0.0389399999999999,30.05,301.4,67.39,9,58.39,0.0228134005028694,0.0187933425117886,0.0166103059014089,0.019321569857272,0.00776602657723147,0.0159607557989423,0.015071797761188,NA,0.0150772159497686,0.0110615878998587,0.0152002626277329,0.000391531569221388,1.67171206017101,16.6125180985833,5.78433787450773,0.675845897204146,5.19276682248753,100
"mid","R17","locom","single",0.0773809523809524,0.0190768549190117,0.115952380952381,0.0284663745993665,0.175373767119337,0.0587372355354666,0.066673256185237,NA,0.001104986050553,0.895061168333462,NA,153.42728,30.05,301.4,0.71,0.53,0.18,0.0229239468893018,0.00382194692326663,0.0255569503441981,0.00459107534557158,0.00898110514488116,0.00201888806382016,0.00257116174130079,NA,0.00546437908810744,0.0227619871924302,NA,7.29889320266125,1.67171206017101,16.6125180985833,0.133556631199554,0.102941583905483,0.0538985204347068,100
"mid","R17","locom2","single",0.0828333333333333,0.0126981612935029,0.124,0.0213272182786158,0.184468988003992,0.0480104247024933,0.0926842520969843,NA,NA,NA,NA,22.71764,30.05,301.4,0.62,0.48,0.14,0.0251811116481855,0.00259609964360423,0.028080491968281,0.00397904280322059,0.00895519101910872,0.00182483284585325,0.00361816950952073,NA,NA,NA,NA,1.2884323546187,1.67171206017101,16.6125180985833,0.101284677313925,0.0870156145281821,0.0402517331328978,100
"mid","R17","logistic_presence","single",0.440445183868416,0.0826546966725414,0.533348198024933,0.117221037863847,0.11722394737638,0.167221449415356,0.217759451063319,NA,0.465620572203687,1.03769453737874,NA,0.352,29.93,299.56,10.81,2.58,8.23,0.0377948513475218,0.00830197667976248,0.0367506609775572,0.0107970893572502,0.00643809014006165,0.00763789703046121,0.00860244815224665,NA,0.018945701046582,0.0508519029250689,NA,0.0197270157782456,1.67815765984997,16.6786461190241,1.69119496334409,0.299555225848813,1.45344279543295,100
"mid","R17","maaslin3","abundance",0.2285,0.00676404516478192,0.328220057720058,0.0171624983480904,0.101287032733854,0.0499820501235354,0.0576486665134862,NA,-0.34298901223538,1.04304885414976,NA,10.86964,30.02,301.27,0.76,0.31,0.45,0.0385536015282212,0.00131559549941908,0.0386130777386545,0.00268963178863205,0.00632625412473318,0.00162857139228743,0.00242379102076887,NA,0.0220467428692295,0.0263288265407255,NA,0.613340080582123,1.67440506545827,16.6210700830924,0.125625706691816,0.059789191955967,0.0857233039988826,100
"mid","R17","maaslin3","combined",0.202984126984127,0.0174031011849698,0.342913703943116,0.0389382648462502,0.135831617899067,0.0540425503320026,0.078885436415518,NA,NA,NA,NA,10.86964,30.05,301.4,1.48,0.76,0.72,0.0332691770763592,0.00281963926811809,0.0363974125950428,0.00541661236651527,0.00765466036017661,0.00178287286008554,0.00295795486456477,NA,NA,NA,NA,0.613340080582123,1.67171206017101,16.6125180985833,0.224499443206436,0.12153895331011,0.133393925626092,100
"mid","R17","maaslin3","presence",0.22,NA,0.4,NA,NA,0.0472095320656568,0.0686982236786801,0.114805677510765,NA,NA,NA,10.86964,0,300.64,0.37,NA,0.37,0.0416333199893227,NA,0.0492365963917331,NA,NA,0.00203110796711919,0.00304867820915797,0.00766765208732228,NA,NA,NA,0.613340080582123,0,16.6638877683317,0.0872185227292386,NA,0.0872185227292386,100
"mid","R17","pursue","abundance",0.065,9e-04,0.159166666666667,0.00277322082679226,0.0995338883587752,0.0558649265725836,0.0576990885595476,NA,-0.0569349479174504,0.956864585763175,0.937902078840736,13.83528,30.02,301.27,0.12,0.03,0.09,0.0242618293546955,0.000570220584643798,0.0358497730670116,0.00096023509154281,0.00624954633494302,0.00196305025878335,0.00233058533710189,NA,0.0119034031540368,0.0265909150445367,0.00196543672094916,0.835495892436814,1.67440506545827,16.6210700830924,0.0408989886516436,0.0171446607997765,0.0350900716914789,100
"mid","R17","pursue","combined",0.125,0.00411230158730159,0.216666666666667,0.00535379818594104,0.0857681110190029,0.0642035864916783,0.0786266789872897,NA,NA,NA,NA,13.83528,30.05,301.4,0.27,0.11,0.16,0.0320786596359699,0.00149505583403047,0.0398862017608733,0.00172806905032991,0.00558019938956819,0.00217104875704966,0.002942835212507,NA,NA,NA,NA,0.835495892436814,1.67171206017101,16.6125180985833,0.0547814758929522,0.031446603773522,0.041971611377408,100
"mid","R17","pursue","presence",0.23,NA,0.32,NA,NA,0.0627580118668068,0.100970350750367,0.0761907828622003,NA,NA,NA,13.83528,0,299.56,0.31,NA,0.31,0.0422952584681651,NA,0.0468826172262151,NA,NA,0.00301305253384661,0.00444834787802446,0.00638067713798723,NA,NA,NA,0.835495892436814,0,16.6786461190241,0.063077633744362,NA,0.063077633744362,100
"mid","R17","wilcoxon_tss","single",0.194416823699177,0.0465279345995216,0.297158539983794,0.0714854942908821,0.164346866236118,0.103840241538608,0.132710734335372,NA,0.123098048880657,1.41199353936135,NA,0.19291,30.05,301.4,2.69,1.46,1.23,0.0296082831956398,0.00617429083965536,0.0337729203147514,0.0080668365259101,0.00822728370708732,0.00466882114287515,0.0068811970464879,NA,0.022068453529835,0.0577442073109036,NA,0.0087039419259612,1.67171206017101,16.6125180985833,0.413336999006228,0.206666666666667,0.25853315829772,100
"mid","R17","zicoseq","single",0.0810952380952381,0.0199886615938027,0.146580827067669,0.0292893941945353,0.19085372143646,0.0674323554028929,0.0749928312213447,NA,NA,NA,NA,84.15401,30.05,301.4,0.9,0.66,0.24,0.0243151181530421,0.00387806772823139,0.0306866857924839,0.00476671547665138,0.00969227730648954,0.0035008231504908,0.00437864743321766,NA,NA,NA,NA,4.32652177133986,1.67171206017101,16.6125180985833,0.161119818643133,0.119949484316852,0.0830236670650562,100
"mid","R18","adapt","single",0.0533333333333333,0.0192423870480593,0.10075,0.0283669593386852,0.195483364146735,0.0550300719833413,0.0660039047488604,NA,-0.124187953250948,1.20758612647496,NA,0.424059999999991,31.82,317.48,0.73,0.63,0.1,0.0193728841935141,0.00330418719245618,0.0250728721879462,0.00425058755963936,0.00833412356797413,0.00205730711291556,0.0025541160268906,NA,0.0225738514442722,0.0306810532301207,NA,0.0123211390985918,1.5659495457383,15.613756431397,0.113578166916005,0.10015644328406,0.0333333333333333,100
"mid","R18","aldex2","single",0.35944227994228,0.0269359497374122,0.422539085914086,0.0423793447465529,0.128593107460875,0.051587567212545,0.163886720062233,NA,0.0228913730490709,0.901279856768313,NA,13.73649,31.82,317.48,1.95,0.86,1.09,0.0418210114322623,0.00389879612313134,0.0389112429610799,0.00476763555731658,0.00716006245643051,0.00214586849564414,0.00375062440297854,NA,0.00285625966376374,0.00991440497061721,NA,0.612904977639399,1.5659495457383,15.613756431397,0.234574620377509,0.124738109491831,0.16023656753612,100
"mid","R18","ancombc2","single",0.2323828320802,0.0260076499449284,0.2323828320802,0.0260076499449284,0.0973564916133879,0.39856861242636,0.396485960301072,NA,-0.0483686777368015,0.843014652354798,0.567147219765831,101.15452,31.82,317.48,1.99,0.8,1.19,0.0355088764924798,0.00466104982919348,0.0355088764924798,0.00466104982919348,0.0065891399150434,0.0105898792727244,0.0101160386251965,NA,0.0179208872429802,0.0170573394099335,0.0112544378144153,5.43071160864381,1.5659495457383,15.613756431397,0.334390747056751,0.137803842435177,0.23341773365329,100
"mid","R18","corncob","single",0.550842486353516,0.0910998341993643,0.637884591914347,0.131578854706101,0.170191813360941,0.12073015299026,0.123002593842334,NA,NA,NA,NA,13.52392,31.76,317.08,7.55,3.07,4.48,0.0290511263820175,0.00739705354165811,0.0210341212730802,0.0086864551802397,0.00766163310736058,0.00262849338061521,0.00350834509320183,NA,NA,NA,NA,0.711852834876151,1.56863963453379,15.6330243556725,0.639819261095418,0.287185928582439,0.408861439570519,100
"mid","R18","fastancom","single",0.467352755509299,0.0852143107695429,0.563141251171779,0.146802088522743,0.145410989137934,0.175723812949465,0.215762767181898,NA,-0.152900357976197,0.663581695589372,NA,0.0385000000000011,31.82,317.48,11.92,2.96,8.96,0.0376637962216409,0.0105542758130915,0.0354710811262201,0.014954698737987,0.00728062455754588,0.00911116951457634,0.0108484543989079,NA,0.0130577815377605,0.00673060435651661,NA,0.000972396809721316,1.5659495457383,15.613756431397,1.659601996829,0.377904910277865,1.33241786753907,100
"mid","R18","ldm","single",0.496101692570062,0.0684335583171501,0.567112647701449,0.120279927929138,0.168433651243445,0.113499644300391,0.12876636510152,NA,NA,NA,NA,25.58445,31.82,317.48,8.17,2.45,5.72,0.0355438206198789,0.00637467878091886,0.0296214279626691,0.00927838700283106,0.00711903256011115,0.00450040480812098,0.0046582151852229,NA,NA,NA,NA,2.94209752770026,1.5659495457383,15.613756431397,0.981758368922565,0.254008271558629,0.795451717166689,100
"mid","R18","limma_logtss","single",0.878122626816201,0.61834318473287,0.886831802200023,0.679439771900191,0.097031515224602,0.642048739438091,0.624299442735845,NA,-1.08739640594824,1.26868302095887,0.364675701393699,0.0413699999999999,31.82,317.48,159.6,17.68,141.92,0.00555165760626783,0.0189244092185024,0.00375017549447773,0.0179345803254799,0.00648883258129354,0.0179653798315518,0.015789660545932,NA,0.0271549125511369,0.0225726131992087,0.0177688890733444,0.000438006272728478,1.5659495457383,15.613756431397,7.0493211937696,0.727924960057524,6.45174285434454,100
"mid","R18","linda","single",0.756860875140326,0.151485086339232,0.798931214987613,0.194630420509372,0.121015317890836,0.204791728067784,0.208823522654646,NA,0.226841317775392,0.684017622714429,0.758879369765031,0.21416,31.82,317.48,30.06,5.29,24.77,0.0228176538699626,0.0106974237517688,0.017335445057931,0.0122148723417695,0.00701643563606983,0.00892661087069757,0.00889065541808979,NA,0.0169726497295801,0.00947886994263547,0.00925737537438282,0.00911081852203269,1.5659495457383,15.613756431397,2.86743541489357,0.454893704977639,2.49823594327734,100
"mid","R18","lm_logtss","single",0.876963437410979,0.62078617415086,0.885722497473649,0.679974418875692,0.0989214594359088,0.641515913367551,0.624837061033402,NA,-1.08739640594824,1.26868302095887,0.364703363478478,0.03879,31.82,317.48,159.35,17.76,141.59,0.00571547957371361,0.0190593732826102,0.00420855890864275,0.0179550486657103,0.0065894540472306,0.0180001011319137,0.0157003675811587,NA,0.0271549125511369,0.0225726131992087,0.0178392273132093,0.000394224721844216,1.5659495457383,15.613756431397,7.08143646615872,0.735962230036572,6.47979135154798,100
"mid","R18","locom","single",0.243555555555556,0.0263800279567184,0.30486815961816,0.0362775600405805,0.163842298540724,0.067053137280503,0.0925233017456675,NA,0.00357882527086563,0.899815328898959,NA,159.43711,31.82,317.48,1.63,0.93,0.7,0.0348574779788178,0.00370797127580904,0.0352377578322587,0.00458305029418189,0.00726642035926344,0.00173252919885814,0.00306957274622774,NA,0.00538840225152992,0.0220753854113284,NA,5.79835586644336,1.5659495457383,15.613756431397,0.214925404019463,0.135030860670194,0.108711461300922,100
"mid","R18","locom2","single",0.114833333333333,0.0162407681448648,0.175452380952381,0.0224113463761573,0.181428963522165,0.0513088883463739,0.0909048220466728,NA,NA,NA,NA,22.0812,31.82,317.48,0.87,0.59,0.28,0.0263873152109191,0.00296916952935752,0.0316831754173408,0.00375853254205189,0.00816575496408894,0.00194712874752751,0.00355878555349321,NA,NA,NA,NA,0.990308964236144,1.5659495457383,15.613756431397,0.140457405743816,0.0975404603953734,0.0652578413570803,100
"mid","R18","logistic_presence","single",0.853178312416996,0.257133620045885,0.880204466020834,0.33107501357887,0.0872092219664123,0.382516976336667,0.423794377805425,NA,0.8982167281083,1.63758063209067,NA,0.37296,31.63,315.47,85.44,8.72,76.72,0.0163562472132845,0.0143198546850756,0.0105594335660283,0.0150124039943428,0.00485728269132791,0.0122470786750077,0.0108633405407228,NA,0.02748583188554,0.0656969415310761,NA,0.019642084894173,1.57407372152898,15.6794045895509,6.92812041792379,0.664554228962786,6.32934611332183,100
"mid","R18","maaslin3","abundance",0.236666666666667,0.00573934727737249,0.375785714285714,0.00951379928039592,0.0845040189503996,0.0509204127809463,0.0607593666067536,NA,-0.774563334715491,1.58797025034518,NA,10.6752,31.76,317.09,0.63,0.23,0.4,0.0400742856781632,0.00135943519923484,0.0432380599444057,0.00167955148190642,0.00532860570978533,0.00173543568799872,0.00245119095591806,NA,0.0314869090546524,0.0489129448291016,NA,0.574846110105157,1.56863963453379,15.6327427361466,0.10015644328406,0.0529054808029367,0.0696310623822791,100
"mid","R18","maaslin3","combined",0.285380952380952,0.00873934727737249,0.398096486846487,0.019281035146154,0.100437850589046,0.0526459129205508,0.0710910528546196,NA,NA,NA,NA,10.6752,31.82,317.48,1.03,0.38,0.65,0.0410511050370712,0.00168031460007325,0.041887808991654,0.00296724253027939,0.00593883526290453,0.00185521661593054,0.00314379101185897,NA,NA,NA,NA,0.574846110105157,1.5659495457383,15.613756431397,0.151394194142979,0.0735533888417183,0.103840398125336,100
"mid","R18","maaslin3","presence",0.13,NA,0.28,NA,NA,0.0458156425531625,0.0629457353990938,0.0877377928965612,NA,NA,NA,10.6752,0,316.54,0.16,NA,0.16,0.0337997668989631,NA,0.0451260859854213,NA,NA,0.00184458978382702,0.00268362922580115,0.00556579652174272,NA,NA,NA,0.574846110105157,0,15.6654249669117,0.0443129367525598,NA,0.0443129367525598,100
"mid","R18","pursue","abundance",0.0683333333333333,0.00179785067873303,0.205238095238095,0.00318608597285068,0.0807069437062389,0.0572324602121911,0.0601252788755284,NA,-0.0696827031931886,1.3560245519168,0.940602629560247,14.94061,31.76,317.09,0.15,0.04,0.11,0.0250806779023296,0.00094934963633979,0.039526069581934,0.00119302860435885,0.00552466831939205,0.00187587567080226,0.00242932668973128,NA,0.017030850634409,0.0458904642070992,0.00175466620570425,0.837215572554813,1.56863963453379,15.6327427361466,0.0657128740672771,0.0196946385566932,0.0548551812419839,100
"mid","R18","pursue","combined",0.470284992784993,0.0112058382077149,0.555536235075506,0.0181280510185687,0.0657678946336404,0.0939058772009561,0.0907321435206477,NA,NA,NA,NA,14.94061,31.82,317.48,2.21,0.35,1.86,0.0465036995909558,0.00221761691890991,0.0448037878548541,0.00305698082840994,0.00468547822952805,0.00369788182268922,0.00400203403824549,NA,NA,NA,NA,0.837215572554813,1.5659495457383,15.613756431397,0.322645316098034,0.0657128740672771,0.27925586544214,100
"mid","R18","pursue","presence",0.58,NA,0.67,NA,NA,0.100781570194188,0.112509276335603,0.0997685948910101,NA,NA,NA,14.94061,0,315.47,3.16,NA,3.16,0.0496044963748858,NA,0.0472581562625261,NA,NA,0.00433991894477211,0.00425454467565293,0.00738362068082765,NA,NA,NA,0.837215572554813,0,15.6794045895509,0.506865989501299,NA,0.506865989501299,100
"mid","R18","wilcoxon_tss","single",0.690931186024633,0.137058365904891,0.760785601195751,0.208135735965315,0.116438249679381,0.232468510837194,0.27159431409834,NA,0.163662088652775,1.59113665151096,NA,0.20517,31.82,317.48,27.11,4.58,22.53,0.0290395611961094,0.00985050733966777,0.0229537128153857,0.0127914915801254,0.00579326366041148,0.00858215356686812,0.00896924319341154,NA,0.026209430873217,0.0707821757472345,NA,0.00881489848798813,1.5659495457383,15.613756431397,2.69926645478719,0.398274054166503,2.38596294856379,100
"mid","R18","zicoseq","single",0.138020017993702,0.0217460155037078,0.238665643197901,0.0311484727893516,0.166645903550885,0.0828761680010251,0.096135429352387,NA,NA,NA,NA,88.78046,31.82,317.48,1.7,0.71,0.99,0.027494975738789,0.0037763849226269,0.0348092409322551,0.00464369181865139,0.00835252858476232,0.00490977795676245,0.00652076193670044,NA,NA,NA,NA,4.04216269794407,1.5659495457383,15.613756431397,0.414021909340727,0.110366698241852,0.343627411566362,100
"mid","R19","adapt","single",0.0933333333333333,0.0159317713323513,0.145833333333333,0.0224806276762235,0.180295591197863,0.0582375020752139,0.0639660298786962,NA,-0.125216884221057,1.33279224594881,NA,0.42538,33.19,333.51,0.78,0.61,0.17,0.0247682864459375,0.00233274883772354,0.0286081689180555,0.00292521357026374,0.00888380011494621,0.00230743131388876,0.00284880631075806,NA,0.0280985065514733,0.0370900753076314,NA,0.0101664011887837,1.47214507135374,14.5188383025835,0.109710362483968,0.0908934329949978,0.0427702341505506,100
"mid","R19","aldex2","single",0.601521167819159,0.0694271297507248,0.701509460845996,0.0944924056627665,0.114586253680183,0.119525136227878,0.204452157504945,NA,0.0505818720322129,1.11242906380935,NA,14.95285,33.19,333.51,9.09,2.22,6.87,0.0355714620094701,0.00555016655914519,0.0269850276109088,0.00641209245832126,0.00659366679472684,0.00520369345017115,0.00706451707101852,NA,0.00355940009727548,0.00790503486503617,NA,0.603407241810783,1.47214507135374,14.5188383025835,0.726009572243988,0.182894792300123,0.63812461972802,100
"mid","R19","ancombc2","single",0.556621443593716,0.0572217298446913,0.556621443593716,0.0572217298446913,0.09990629753371,0.405684144580405,0.400179045112461,NA,-0.0133414889512392,0.922134020586718,0.561916284822586,113.23704,33.19,333.51,8.87,1.72,7.15,0.0393190045736319,0.00581238699310532,0.0393190045736319,0.00581238699310532,0.00568170400782434,0.0123943420192928,0.011348701483668,NA,0.0163127147809091,0.0189087838786665,0.013353344529104,4.16866309451116,1.47214507135374,14.5188383025835,0.967727213421199,0.163348793331412,0.86402569640052,100
"mid","R19","corncob","single",0.547250189524957,0.0750775027527864,0.664220753587655,0.107495923479466,0.156174534772175,0.12397155502566,0.12739493691759,NA,NA,NA,NA,14.67028,33.12,332.32,7.35,2.7,4.65,0.0310195356806848,0.00585320104036874,0.0236115405194057,0.00713862784290313,0.00692819788959724,0.00343652266639543,0.00390058322258121,NA,NA,NA,NA,0.66813546350416,1.47766400412641,14.5984977779817,0.643283088004909,0.257611405732814,0.462399320191035,100
"mid","R19","fastancom","single",0.696591567521517,0.186343870156209,0.800451245391065,0.249654463397871,0.120495956055943,0.27031652870774,0.301297824630673,NA,-0.060369789031004,0.844796594694116,NA,0.0383300000000006,33.19,333.51,43.48,6.48,37,0.0309512387607076,0.0136214594771658,0.0183951677018169,0.0163123357109628,0.00666962073572598,0.0112517972677815,0.0111698451204713,NA,0.012747951772389,0.00727317149011018,NA,0.000758794232232406,1.47214507135374,14.5188383025835,3.89764186672046,0.528095491824015,3.46162220394258,100
"mid","R19","fastemu","single",0.113333333333333,0.0064,0.173333333333333,0.0064,0.178402017973409,0.0493712210905287,0.108079467517395,NA,0.037734283739541,1.39129253285556,0.845849045477457,1616.73944,33.28,334.44,0.4,0.2,0.2,0.058309518948453,0.00427707064862545,0.0690410505906933,0.00427707064862545,0.0120584910825815,0.00364129619590936,0.00692018760485585,NA,0.0166533662047672,0.0834941017687444,0.00731224684993375,110.531860668423,2.9447806935888,29.3234877416267,0.2,0.115470053837925,0.1,25
"mid","R19","ldm","single",0.757067366829617,0.142638995238342,0.788913381803901,0.205818851577859,0.107224806000268,0.169045083604674,0.190467606011636,NA,NA,NA,NA,22.727,33.19,333.51,27.56,5.16,22.4,0.0226583623454529,0.00993644504840302,0.0174104761927569,0.0125145109192074,0.00607035716523155,0.00537384537893954,0.00534296725111383,NA,NA,NA,NA,2.59757828650947,1.47214507135374,14.5188383025835,2.23662444073405,0.413831566771514,1.90676626143782,100
"mid","R19","limma_logtss","single",0.893038538127533,0.727802439939474,0.896203846320493,0.767574210241214,0.0853813590315466,0.731385021706305,0.704707801033137,NA,-1.647943599516,1.85916018821192,0.270982362070826,0.0416900000000002,33.19,333.51,208.53,22.08,186.45,0.00238766157461615,0.018809944720344,0.0018010489500551,0.0166540504443986,0.00542062488055788,0.0169252011566506,0.0153256079069394,NA,0.046752743967312,0.0420224628093479,0.0168643726034627,0.000433145647000126,1.47214507135374,14.5188383025835,7.18194221220095,0.815961971781737,6.46171905388289,100
"mid","R19","linda","single",0.853671822355183,0.243836345427402,0.864712524629019,0.302937428384599,0.0952433563801306,0.311633259490701,0.303168360535931,NA,0.388869681251808,0.93965655900392,0.65961594989251,0.22023,33.19,333.51,71.48,8.37,63.11,0.0105646247831163,0.0121744948492802,0.00791134864240548,0.0132813511187552,0.00601676566416801,0.0115865265908014,0.0109781819385383,NA,0.0255784760931028,0.0155047979450513,0.0115386101919897,0.0083528602129674,1.47214507135374,14.5188383025835,5.33550107461068,0.54153821320719,4.89068161575323,100
"mid","R19","lm_logtss","single",0.892691240330712,0.727586469784834,0.896267616573703,0.767308904118765,0.0865711357141861,0.732095871868014,0.706174654501027,NA,-1.647943599516,1.85916018821192,0.270269216453356,0.0401599999999999,33.19,333.51,208.46,22.08,186.38,0.00265345734922399,0.018974220134088,0.00185643748482877,0.0166117229811439,0.00552910405437519,0.0169920689023022,0.0153242955967994,NA,0.046752743967312,0.0420224628093479,0.0169275296983257,0.000414806757978511,1.47214507135374,14.5188383025835,7.2059798400041,0.822865159492775,6.49278978497835,100
"mid","R19","locom","single",0.474353840603841,0.0368176044175964,0.526999278499279,0.0516178299978632,0.138169308914277,0.0760537548459149,0.1150556139517,NA,0.00523327561065347,0.909599331889877,NA,151.03068,31.68,318.35,3.07,1.34,1.73,0.040131841940076,0.00435691444223575,0.0353142802521498,0.00520513584429985,0.00813932678129991,0.00219640042198931,0.0034222261313254,NA,0.00653599504313264,0.0282101830749603,NA,5.21593527537923,1.585660490748,15.6398763525557,0.306579368338623,0.168906166048765,0.200431353018252,100
"mid","R19","locom2","single",0.203464285714286,0.0170625300903046,0.260586257309942,0.0261322261200812,0.165803556712849,0.058109986846294,0.101218855931178,NA,NA,NA,NA,21.4776,33.19,333.51,1.31,0.63,0.68,0.0347443697455212,0.00248156366147838,0.0357275086880836,0.00329111531174678,0.00786971625286038,0.00183260114388638,0.00385774442569916,NA,NA,NA,NA,0.809972830196523,1.47214507135374,14.5188383025835,0.216815799491391,0.0917341349506906,0.163225072346206,100
"mid","R19","logistic_presence","single",0.905079407054875,0.514134457142996,0.903276987383806,0.62087048713334,0.0601525441191658,0.619018940016009,0.616486341293209,NA,1.62657214235019,3.02046782763164,NA,0.39442,32.95,331.33,187.95,17.59,170.36,0.00236465909108183,0.0159704763117421,0.00191483395189276,0.0142665870961099,0.00385510003827533,0.0105706581609251,0.00872097215164336,NA,0.0385464882331831,0.0826068298302474,NA,0.0183517988549385,1.48353760935941,14.5830124986353,10.5449434959763,1.00222933321852,9.59185807933695,100
"mid","R19","maaslin3","abundance",0.143333333333333,0.00147234081372012,0.247547619047619,0.00400567414705346,0.0694439350124655,0.0495776542870247,0.0538535188809287,NA,-1.21434299707938,2.43120490546988,NA,11.83824,33.1,332.02,0.28,0.05,0.23,0.0348976377115288,0.000726103076654781,0.0417543769332361,0.00116093316403951,0.0042102981382563,0.00145848038308088,0.00197093756227804,NA,0.0459309154920743,0.0870170894944168,NA,0.586039425039826,1.48041080839616,14.6198493822473,0.0667877687949378,0.0261116483933547,0.0600588936550675,100
"mid","R19","maaslin3","combined",0.2,0.00166002554278416,0.309567307692308,0.00640152214142362,0.075265522133634,0.0525185287379929,0.0641230197647369,NA,NA,NA,NA,11.83824,33.19,333.51,0.42,0.06,0.36,0.0395683783551533,0.000743612185527188,0.0435001482052128,0.00171826193739692,0.00488536036044482,0.00148719338419794,0.00274959406417877,NA,NA,NA,NA,0.586039425039826,1.47214507135374,14.5188383025835,0.0889671372763647,0.0277797979063414,0.0810536672192996,100
"mid","R19","maaslin3","presence",0.04,NA,0.1,NA,NA,0.0425900612859792,0.0649400502277148,0.0584044577752429,NA,NA,NA,11.83824,0,332.51,0.08,NA,0.08,0.0196946385566932,NA,0.0301511344577764,NA,NA,0.00183445904412847,0.00269702584589122,0.00519364266533337,NA,NA,NA,0.586039425039826,0,14.5648774644882,0.0464497121366296,NA,0.0464497121366296,100
"mid","R19","pursue","abundance",0.1035,0.00147364685004437,0.187420634920635,0.00258884480662163,0.0649161378351671,0.0544371066147332,0.0560462924299959,NA,-0.0722386446097357,2.04688982733103,0.944588704211344,15.90342,33.1,332.02,0.25,0.04,0.21,0.0299009729242742,0.000972384671407645,0.0381583528245924,0.00128190675578146,0.00414077719372867,0.0016419392454657,0.00208546770133162,NA,0.0243815628458051,0.0857696444425276,0.00164099568595637,0.775258357220613,1.48041080839616,14.6198493822473,0.0845367650579595,0.0242878362539562,0.0700576962801433,100
"mid","R19","pursue","combined",0.726033153665507,0.0144408903595908,0.791186221883613,0.0284524285943255,0.0489342097589462,0.122299071501331,0.120463249982006,NA,NA,NA,NA,15.90342,33.19,333.51,5.72,0.54,5.18,0.0397259306673332,0.00373877730806363,0.0327188346621395,0.00498479167360552,0.00398770543585501,0.00402730458137577,0.00515637901083211,NA,NA,NA,NA,0.775258357220613,1.47214507135374,14.5188383025835,0.758797560205446,0.136640795777495,0.668539792791315,100
"mid","R19","pursue","presence",0.83,NA,0.91,NA,NA,0.137867426872576,0.143235519177148,0.13472364152168,NA,NA,NA,15.90342,0,331.33,8.93,NA,8.93,0.0377525168068637,NA,0.0287623491264661,NA,NA,0.0049317370143851,0.00513746595737951,0.00775564984575048,NA,NA,NA,0.775258357220613,0,14.5830124986353,1.15699497567508,NA,1.15699497567508,100
"mid","R19","wilcoxon_tss","single",0.887711833550551,0.305935352212643,0.890667709331521,0.410383059690288,0.0773575054231102,0.410821515917709,0.434073719270972,NA,0.377963375724999,2.25374605303564,NA,0.21253,33.19,333.51,92.28,10.17,82.11,0.0045425434373806,0.0155724220312026,0.00288222272572277,0.0161921486512478,0.00422459842450977,0.00964582990360231,0.00922827864917162,NA,0.0393503948610843,0.130314399095366,NA,0.00816075178503609,1.47214507135374,14.5188383025835,5.57055897309482,0.644957911084675,4.98151928064465,100
"mid","R19","zicoseq","single",0.300548265445327,0.0401309562555725,0.396531662729757,0.0651011763290203,0.145012367627268,0.111071374390355,0.126212755997262,NA,NA,NA,NA,82.04834,33.19,333.51,5.06,1.29,3.77,0.0369938281433257,0.0059822138353111,0.0387196360189361,0.00841516230624934,0.00787266823697281,0.00642550884437917,0.00823996115577845,NA,NA,NA,NA,3.77413903070286,1.47214507135374,14.5188383025835,0.859624066294991,0.178260392899734,0.732624312890573,100
"msq","R00","adapt","single",0.0451060606060606,0.0453163684910564,0.0755248917748918,0.0595775134916537,0.278791537949232,0.0453950024077769,0.0719726846012021,NA,NA,NA,NA,0.445650000000002,27.71,275.94,1.55,1.36,0.19,0.0150515042562169,0.00527681573779155,0.0184579416825636,0.00656280325040887,0.0110202642195188,0.00208954286097309,0.00322323378809582,NA,NA,NA,NA,0.0141580999053295,1.38944760479287,13.520525511274,0.205172999188391,0.168487028544867,0.0774531464757236,100
"msq","R00","aldex2","single",0,0.0178892745003771,0.00333333333333333,0.027048041202016,0.254649425037049,0.00717188074569256,0.244741176469306,NA,NA,NA,NA,12.49473,27.71,275.94,0.49,0.49,0,0,0.00303480071263706,0.00333333333333333,0.00369736807738514,0.0109587856775889,0.000923067238747938,0.00525092205437016,NA,NA,NA,NA,0.631217102329885,1.38944760479287,13.520525511274,0.0784895283500039,0.0784895283500038,0,100
"msq","R00","ancombc2","single",0,0.00401313774511449,0,0.00401313774511449,0.223595231356397,0.421954835652132,0.412561740439887,NA,NA,NA,NA,65.77067,27.71,275.94,0.1,0.1,0,0,0.00165806039134899,0,0.00165806039134899,0.00987890840714846,0.00677994846757651,0.00659280145912899,NA,NA,NA,NA,3.88059414218683,1.38944760479287,13.520525511274,0.0362371537669739,0.0362371537669739,0,100
"msq","R00","corncob","single",0.476654678232056,0.262269064435624,0.52691165381561,0.324602584709857,0.314106998584733,0.124174009732123,0.121668134554334,NA,NA,NA,NA,11.92481,27.7,275.89,15.55,7.99,7.56,0.0247820521310921,0.0121491383168496,0.0214507735312887,0.0132026596018286,0.0143406140990012,0.00412987637932316,0.00544441763879014,NA,NA,NA,NA,0.609410296627283,1.39062517733514,13.519382980063,0.993450776055082,0.563268778800776,0.657562072193857,100
"msq","R00","fastancom","single",0.0045,0.0311732787265937,0.0105,0.0431169397974548,0.298845122971804,0.0282434905625568,0.118782645744973,NA,NA,NA,NA,0.03719,27.71,275.94,1.04,1.02,0.02,0.00318574793400073,0.00421799314168789,0.00542604083949975,0.00524068608983226,0.0118587849215229,0.0025124679836992,0.00658275536922539,NA,NA,NA,NA,0.000852529806345434,1.38944760479287,13.520525511274,0.157582750427587,0.153728082120097,0.014070529413629,100
"msq","R00","ldm","single",0.0708160058895353,0.0931538931858708,0.111387967306446,0.132179294068674,0.36477360493795,0.0484446766655438,0.0801821487394681,NA,NA,NA,NA,29.02058,27.71,275.94,3.57,3.08,0.49,0.0195359868432971,0.0088025680552206,0.0228505890672177,0.0104575387015887,0.0147251161392337,0.00277894279801504,0.00362696814588331,NA,NA,NA,NA,3.18366953830439,1.38944760479287,13.520525511274,0.420498741875873,0.354674413221393,0.147364044516163,100
"msq","R00","limma_logtss","single",0.0494611528822055,0.0455895099462273,0.0891309523809524,0.0642898940579063,0.296510585401253,0.0512497259619769,0.093453625249499,NA,NA,NA,NA,0.0429499999999993,27.71,275.94,1.94,1.38,0.56,0.0147409433531477,0.00622783805462408,0.0202603904510857,0.00781301702261741,0.0120698046572183,0.00421605449182577,0.00604542295349878,NA,NA,NA,NA,0.000463272287236288,1.38944760479287,13.520525511274,0.474356555150386,0.191105238340586,0.344456826105254,100
"msq","R00","linda","single",0.0514285714285714,0.0550289737621459,0.0702669552669553,0.0749612899669965,0.291127270704908,0.0511719502008378,0.0718783019834272,NA,NA,NA,NA,0.19663,27.71,275.94,2.04,1.77,0.27,0.0162120714423021,0.0058969433042168,0.0176635689238501,0.00774869332746284,0.0117884227141131,0.00235328917469609,0.00313706825841381,NA,NA,NA,NA,0.00791942573930735,1.38944760479287,13.520525511274,0.256991136898618,0.212657547063894,0.0972916058334766,100
"msq","R00","lm_logtss","single",0.0501991028295376,0.0527404522817115,0.0750942491416629,0.0696065720657439,0.294893236228342,0.0522566370345535,0.0928529673416439,NA,NA,NA,NA,0.0413899999999995,27.71,275.94,2.15,1.54,0.61,0.0160459023798756,0.00665903283895448,0.0176120041912866,0.00802944535980454,0.0117401331300263,0.0042087434754136,0.00613478643420399,NA,NA,NA,NA,0.000516181590473152,1.38944760479287,13.520525511274,0.498761091368028,0.194063407319891,0.376022511683715,100
"msq","R00","locom","single",0.0244484126984127,0.071175660738949,0.0721915584415584,0.100047482809892,0.355116861009166,0.0486285760059151,0.0696928432328874,NA,NA,NA,NA,156.27022,27.71,275.94,2.58,2.43,0.15,0.0089954744867797,0.00734149553576671,0.0162682011572865,0.00879026507970812,0.0136731468126917,0.00232383081226552,0.00311046935193887,NA,NA,NA,NA,6.13765136885207,1.38944760479287,13.520525511274,0.312105913129023,0.294479510014163,0.0538891492235719,100
"msq","R00","locom2","single",0.0385840548340549,0.0726524804960679,0.0791294903926483,0.0942949144329682,0.332668355882029,0.0385792618221728,0.0854792754363291,NA,NA,NA,NA,24.8449,27.71,275.94,2.71,2.47,0.24,0.0112119023667606,0.00767800763326456,0.018246921481977,0.00888855962661643,0.0145237483466043,0.00187390291308853,0.00376491442074723,NA,NA,NA,NA,0.874904868767994,1.38944760479287,13.520525511274,0.340022280909871,0.304662422886696,0.0621500302705177,100
"msq","R00","logistic_presence","single",0.075,0.00421096658722638,0.0843589743589744,0.00595300785592525,0.137694869592172,0.0522122541978816,0.111060524926799,NA,NA,NA,NA,0.34761,27.5,274.09,0.23,0.1,0.13,0.025,0.00163241653857294,0.0249400292795858,0.00180463948644352,0.00651812567311137,0.00234027305417077,0.00235413435315369,NA,NA,NA,NA,0.0182426124247819,1.39490414572385,13.5833089421607,0.0664466064983872,0.0301511344577764,0.0562372319964831,100
"msq","R00","maaslin3","abundance",0.0225,0.0327592246885358,0.0391666666666667,0.0434228723861815,0.258661124444378,0.0496530844191523,0.0664747150150248,NA,NA,NA,NA,9.58572,27.71,275.91,0.85,0.81,0.04,0.0123577767605928,0.00466979142542612,0.0166437131503116,0.00561983604488522,0.0110510029601495,0.00163431928576168,0.0029258700961593,NA,NA,NA,NA,0.504942001686002,1.38944760479287,13.5194666606297,0.115797629116882,0.112541799193262,0.0196946385566932,100
"msq","R00","maaslin3","combined",0.0241666666666667,0.0410226550560862,0.0539015151515152,0.0528540604255239,0.275208892950032,0.0519684990975125,0.0933790021500101,NA,NA,NA,NA,9.58572,27.71,275.94,1.09,1.04,0.05,0.0124392462989061,0.00547519065516635,0.0181798934517154,0.0060376269615746,0.0111511294383769,0.00196577311496556,0.00340428501720929,NA,NA,NA,NA,0.504942001686002,1.38944760479287,13.520525511274,0.139331013464811,0.134028490865324,0.021904291355759,100
"msq","R00","maaslin3","presence",0.02,NA,0.04,NA,NA,0.0475532949640952,0.0731365307692015,0.121540469682651,NA,NA,NA,9.58572,0,274.72,0.02,NA,0.02,0.014070529413629,NA,0.0196946385566932,NA,NA,0.00215778750299199,0.00285684128473734,0.00675223540021683,NA,NA,NA,0.504942001686002,0,13.5756472398114,0.014070529413629,NA,0.014070529413629,100
"msq","R00","pursue","abundance",0.106027777777778,0.0606699664604742,0.152720390720391,0.0815855934709697,0.267795381080749,0.0553032666421325,0.0706259409994732,NA,NA,NA,NA,12.79349,27.71,275.91,1.99,1.66,0.33,0.0247584368543988,0.00679121938067101,0.0248991102600483,0.00755255026962323,0.0109201105932955,0.00243218568244764,0.00357845669439033,NA,NA,NA,NA,0.672885433461482,1.38944760479287,13.5194666606297,0.258392466350447,0.225280969350532,0.0739300788965937,100
"msq","R00","pursue","combined",0.0669166666666667,0.0436394605498674,0.123532828282828,0.0614138688994986,0.235777619486014,0.0430984291716581,0.133859593395343,NA,NA,NA,NA,12.79349,27.71,275.94,1.29,1.12,0.17,0.0204001960637351,0.00573969697038237,0.0258655864722532,0.00678387555278388,0.010227706542848,0.00192660659454834,0.00442802421410661,NA,NA,NA,NA,0.672885433461482,1.38944760479287,13.520525511274,0.185480538879502,0.164089160291753,0.0472581562625261,100
"msq","R00","pursue","presence",0.01,NA,0.05,NA,NA,0.0281955910274473,0.233471679357009,0.0304294455670995,NA,NA,NA,12.79349,0,274.09,0.01,NA,0.01,0.01,NA,0.021904291355759,NA,NA,0.00156458652649583,0.00599944242214851,0.00430262419476029,NA,NA,NA,0.672885433461482,0,13.5833089421607,0.01,NA,0.01,100
"msq","R00","wilcoxon_tss","single",0.0318968253968254,0.0376160193265901,0.0827958683473389,0.0531910941821736,0.251560720059703,0.0494294067502097,0.0742850471753188,NA,NA,NA,NA,0.19119,27.71,275.94,1.27,1.07,0.2,0.0141663222823045,0.00487170666661356,0.0195895020580901,0.00611451870484969,0.0101376549005904,0.00272113901547884,0.00316718823057961,NA,NA,NA,NA,0.00813628479731566,1.38944760479287,13.520525511274,0.221042068302837,0.148565531573502,0.124721912892465,100
"msq","R00","zicoseq","single",0.0566634199134199,0.0738245072861541,0.0760269713946185,0.105901513747741,0.331327091915646,0.0477009029208386,0.074753577339406,NA,NA,NA,NA,77.21664,27.71,275.94,2.69,2.43,0.26,0.0165724237702844,0.00760725681815726,0.0179262429556918,0.0090000001617934,0.0124378502780994,0.00226654795201686,0.00334191094060736,NA,NA,NA,NA,3.68949073041281,1.38944760479287,13.520525511274,0.328969925861335,0.300926179746073,0.0733333333333333,100
"msq","R01","adapt","single",0.0366666666666667,0.00798099380161152,0.0633333333333333,0.0103218094871081,0.13906930164039,0.0574170818972647,0.0709682720293426,NA,NA,NA,NA,0.431799999999994,28.14,285.15,0.37,0.25,0.12,0.0161676125239637,0.00200113109331939,0.0218118677732462,0.00244161671421463,0.0075886740982496,0.00235657816266307,0.00334834820241237,NA,NA,NA,NA,0.0129273260025326,1.34952442053346,13.2257735448096,0.101159939369957,0.0657128740672771,0.0590839156700797,100
"msq","R01","aldex2","single",0,0.00355059812285979,0,0.00440514357740524,0.146530893852485,0.00723352583267603,0.242133944148237,NA,NA,NA,NA,5.62102,28.14,285.15,0.09,0.09,0,0,0.0013193961243485,0,0.00142914264501036,0.00758542446546004,0.000930828328800836,0.00556036789641411,NA,NA,NA,NA,0.280563719325967,1.34952442053346,13.2257735448096,0.0320825954263823,0.0320825954263823,0,100
"msq","R01","ancombc2","single",0,0.000384615384615385,0,0.000384615384615385,0.103147710316082,0.40211616715351,0.419631431201185,NA,NA,NA,NA,62.83602,28.14,285.15,0.01,0.01,0,0,0.000384615384615385,0,0.000384615384615385,0.00621518237417099,0.00535227262330009,0.00561837839982544,NA,NA,NA,NA,3.58909746331972,1.34952442053346,13.2257735448096,0.01,0.01,0,100
"msq","R01","corncob","single",0.673852815872251,0.115592305862559,0.732018566388833,0.166182083589628,0.153221417626894,0.140456003351434,0.13476140581769,NA,NA,NA,NA,8.44898,27.55,279.71,11.9,3.6,8.3,0.0259282287099119,0.00913554369775627,0.0170914985902094,0.0108762404476587,0.00952641617268192,0.0041400664354819,0.00522005468713495,NA,NA,NA,NA,0.40720670103732,1.35358670564429,13.2406879417845,0.88082835209738,0.312371185572161,0.659889797962164,100
"msq","R01","fastancom","single",0,0.00393266489552399,0,0.00455488711774622,0.158470108821007,0.0280630281578004,0.104886640873224,NA,NA,NA,NA,0.0352199999999937,28.14,285.15,0.1,0.1,0,0,0.00159769544212274,0,0.00174184266178268,0.00811225407102091,0.00227721022025791,0.0064579145416136,NA,NA,NA,NA,0.000619315360015803,1.34952442053346,13.2257735448096,0.0362371537669739,0.036237153766974,0,100
"msq","R01","ldm","single",0.015,0.00815240736271994,0.0375,0.0145715677879356,0.170137108595135,0.0459170963600508,0.0709558758040156,NA,NA,NA,NA,13.66058,28.14,285.15,0.29,0.26,0.03,0.0111350751676807,0.0020495632213067,0.016598133506955,0.00268792318347664,0.00944825502398159,0.00217840289776605,0.00326608879201036,NA,NA,NA,NA,1.86248461503672,1.34952442053346,13.2257735448096,0.0700576962801433,0.0660884011584239,0.0222701503353614,100
"msq","R01","limma_logtss","single",0.03,0.0043607797545212,0.06,0.0056597696535111,0.144122502113499,0.0516857451622833,0.0850240659365192,NA,NA,NA,NA,0.0409599999999993,28.14,285.15,0.16,0.12,0.04,0.0156023826204315,0.00167901271131746,0.0219388498174615,0.00202795635997358,0.00769094179001071,0.00318876717134426,0.00498122284638716,NA,NA,NA,NA,0.000509291446794208,1.34952442053346,13.2257735448096,0.0486587789373795,0.0408989886516436,0.0196946385566932,100
"msq","R01","linda","single",0.0183333333333333,0.00773465589995447,0.069047619047619,0.0108550651203637,0.145982811927522,0.0582682142231752,0.072802506954826,NA,NA,NA,NA,0.19159,28.14,285.15,0.29,0.24,0.05,0.0115797629116882,0.00202294595194337,0.0234862615197887,0.0025163751765722,0.00764333536637768,0.002355203114388,0.00301466606472517,NA,NA,NA,NA,0.00725796107663153,1.34952442053346,13.2257735448096,0.0742572650596655,0.063754579950357,0.0329523684408054,100
"msq","R01","lm_logtss","single",0.01,0.00673212581136422,0.0256666666666667,0.00992155860079701,0.144000192224573,0.052038946511436,0.0855409435738443,NA,NA,NA,NA,0.0394100000000002,28.14,285.15,0.21,0.2,0.01,0.01,0.00170356384052471,0.012578418443904,0.00228907483366506,0.00747294855801316,0.00290532669692098,0.00516003526784973,NA,NA,NA,NA,0.000537313745037382,1.34952442053346,13.2257735448096,0.0498381217928443,0.0492365963917331,0.01,100
"msq","R01","locom","single",0.07,0.00441256906092511,0.078452380952381,0.0117215965831105,0.166575308100941,0.0518748511475919,0.069602667631844,NA,NA,NA,NA,124.77249,28.14,285.15,0.24,0.15,0.09,0.0256432399976243,0.00126245120884401,0.0251094713764942,0.00286545858800251,0.00945528972055197,0.00231775326556823,0.00306412356738501,NA,NA,NA,NA,4.47898297633762,1.34952442053346,13.2257735448096,0.0534090371802868,0.0411329453348431,0.0378593889720018,100
"msq","R01","locom2","single",0.0782661927330174,0.0129791720156883,0.0996552028218695,0.0206942230651556,0.164748692561818,0.0447838349005853,0.122314647412815,NA,NA,NA,NA,19.03967,28.14,285.15,2.59,0.49,2.1,0.0245616077564816,0.00522967399811699,0.0262223735117177,0.00674146509977109,0.00960897440399111,0.00587304237852055,0.00713165274283417,NA,NA,NA,NA,1.11772510896152,1.34952442053346,13.2257735448096,2.10986595390189,0.201256156189172,1.92020095749682,100
"msq","R01","logistic_presence","single",0.065,0.00071189679885332,0.109166666666667,0.00288451584647237,0.0795110012020089,0.0610610636919134,0.174520612195473,NA,NA,NA,NA,0.290600000000001,27.81,281.77,0.1,0.03,0.07,0.0242618293546955,0.000407786053382416,0.0294138157831071,0.00132514649199618,0.00581181901871431,0.00203401212313333,0.00331147801896421,NA,NA,NA,NA,0.0137542500318772,1.34964978622402,13.2503695774644,0.0333333333333333,0.0171446607997765,0.0256432399976243,100
"msq","R01","maaslin3","abundance",0.03,0.00373638882244898,0.04,0.00561778831670758,0.130037310488506,0.0448424634678043,0.0648260231760601,NA,NA,NA,NA,9.01062,27.56,279.91,0.13,0.1,0.03,0.0171446607997765,0.001416394810693,0.0196946385566932,0.00172805854227911,0.00719389313167847,0.00158846411382079,0.00237733620229108,NA,NA,NA,NA,0.457102005895773,1.354179463809,13.236902007172,0.0393251147037697,0.0362371537669739,0.0171446607997765,100
"msq","R01","maaslin3","combined",0.03,0.00513907633101885,0.07,0.00714374709884751,0.13429256870802,0.041652982991298,0.0844049128311176,NA,NA,NA,NA,9.01062,28.14,285.14,0.16,0.13,0.03,0.0171446607997765,0.00161712305346491,0.0246388049034588,0.00182436248441917,0.00755132695412861,0.0018286351168523,0.00328801769262295,NA,NA,NA,NA,0.457102005895773,1.34952442053346,13.2247703002717,0.041971611377408,0.0393251147037697,0.0171446607997765,100
"msq","R01","maaslin3","presence",0,NA,0,NA,NA,0.0293531057045606,0.0818834305222809,0.0544692016358278,NA,NA,NA,9.01062,0,283.48,0,NA,0,0,NA,0,NA,NA,0.00155080954916671,0.00370016480145086,0.00500349683168225,NA,NA,NA,0.457102005895773,0,13.277112379253,0,NA,0,100
"msq","R01","pursue","abundance",0.125,0.00918894379614194,0.173333333333333,0.0192972387270175,0.16739639875233,0.0590284929083946,0.0924036707875329,NA,NA,NA,NA,9.64263,18.96,192.16,0.32,0.14,0.18,0.0320786596359699,0.00287845425115682,0.0363855153035617,0.00584341788211015,0.0112936052728988,0.00332403396012907,0.00502332475983264,NA,NA,NA,NA,0.484708882671242,1.32030911593314,12.8693961620488,0.0633731931983991,0.0402517331328977,0.0479477830456206,100
"msq","R01","pursue","combined",0.055,0.00401672872714828,0.08,0.0046286168390364,0.110656285342591,0.0337494891837018,0.117718821935571,NA,NA,NA,NA,9.64263,28.14,285.14,0.17,0.1,0.07,0.0223550324255519,0.0013807019865322,0.0263235501581624,0.0014333532911759,0.00628295200219098,0.0014199380593793,0.00368981733958201,NA,NA,NA,NA,0.484708882671242,1.34952442053346,13.2245793502062,0.0450700913168936,0.0333333333333333,0.0293188669562103,100
"msq","R01","pursue","presence",0,NA,0,NA,NA,0.022703122025783,0.1653855991745,0.0253127584393923,NA,NA,NA,9.64263,0,281.76,0,NA,0,0,NA,0,NA,NA,0.00129095425406972,0.00431264719690312,0.00378485865413926,NA,NA,NA,0.484708882671242,0,13.2491594549476,0,NA,0,100
"msq","R01","wilcoxon_tss","single",0.005,0.00373366131289972,0.012,0.0074069966731916,0.132501253139332,0.0579099878370667,0.0876648973824358,NA,NA,NA,NA,0.16372,28.14,285.15,0.1,0.09,0.01,0.005,0.00135702845059799,0.00728635087618686,0.00195279236637098,0.00742785107063032,0.00218382350693246,0.00358204851848277,NA,NA,NA,NA,0.00639107774537868,1.34952442053346,13.2257735448096,0.0362371537669739,0.0320825954263824,0.01,100
"msq","R01","zicoseq","single",0.0366666666666667,0.0114616129767272,0.0751923076923077,0.0185739324373775,0.152560696263364,0.0501218346296481,0.0696783965367537,NA,NA,NA,NA,42.41692,28.14,285.15,0.42,0.37,0.05,0.017660598665676,0.00249563470129939,0.0250811139692894,0.00341448952963929,0.00896174056466735,0.00210916898540997,0.00301165323660178,NA,NA,NA,NA,2.45306681213208,1.34952442053346,13.2257735448096,0.0854932214218818,0.0799684281135342,0.021904291355759,100
"msq","R02","adapt","single",0.028494613025863,0.134792838427043,0.0664253783497205,0.175591147755265,0.403365778270368,0.0507689213498515,0.0784146467044767,NA,NA,NA,NA,0.432500000000007,23.475,238.1375,4.725,4.45,0.275,0.00778233146315983,0.0139727515133131,0.0121843063026652,0.0146197783661144,0.0165742544585522,0.00270859314896976,0.00370388606859439,NA,NA,NA,NA,0.0169235529830366,1.55031387185493,14.9061488432998,0.673639040556606,0.626902168694545,0.08339133002927,80
"msq","R02","aldex2","single",0.0364583333333333,0.0671893170374321,0.0430555555555555,0.0864606463823144,0.322644007020943,0.0121009117490024,0.24119773345172,NA,NA,NA,NA,20.975075,23.475,238.1375,2.25,2.0875,0.1625,0.0185655928215165,0.00687718213180363,0.019283668243251,0.00883033317988803,0.0164378121397534,0.00174793548152303,0.00630310320807299,NA,NA,NA,NA,1.29210013435774,1.55031387185493,14.9061488432998,0.279296131577084,0.273973198125545,0.0965279358790153,80
"msq","R02","ancombc2","single",0.0125,0.0363566296174247,0.0125,0.0363566296174247,0.369933009489455,0.427873687733753,0.413861763018867,NA,NA,NA,NA,66.1846625,23.475,238.1375,1,0.9875,0.0125,0.0125,0.00518906277288914,0.0125,0.00518906277288914,0.0135962003378751,0.00818930469219546,0.00787437058719745,NA,NA,NA,NA,5.53160715558475,1.55031387185493,14.9061488432998,0.138938106609938,0.139499274078235,0.0125,80
"msq","R02","corncob","single",0.459010789724134,0.454473786764426,0.513462991671664,0.52717469524761,0.448556232922129,0.143888980729854,0.145733567992268,NA,NA,NA,NA,23.4244,23.475,238.1375,20.8375,12.2625,8.575,0.0268532357778751,0.0206997876900114,0.0230676346048087,0.0206527089621116,0.0239170934269021,0.00705979365090614,0.00765046026680778,NA,NA,NA,NA,1.64183480033232,1.55031387185493,14.9061488432998,1.38726620222032,1.10690350253491,0.763854109935806,80
"msq","R02","fastancom","single",0.0269736842105263,0.114219486018608,0.0490198691772535,0.142193025673398,0.412750427769673,0.0297201211710312,0.128048513706226,NA,NA,NA,NA,0.0387500000000106,23.475,238.1375,4.0125,3.85,0.1625,0.0140521991202698,0.0124523077072582,0.0198146769908356,0.0155418048847862,0.0182382583660772,0.00417884736934901,0.00775643482798033,NA,NA,NA,NA,0.00117294123435197,1.55031387185493,14.9061488432998,0.573544870393268,0.548617364524882,0.0742978737961788,80
"msq","R02","ldm","single",0.096565525325236,0.27242141593744,0.146863388638952,0.335967989295353,0.523297324903122,0.0621134226742722,0.0899602586473005,NA,NA,NA,NA,50.012025,23.475,238.1375,9.675,8.45,1.225,0.0240084660026647,0.0205614659904244,0.0253507052004853,0.0217788317119181,0.0198865458668176,0.00440406215019133,0.00531627606349027,NA,NA,NA,NA,5.22923177887001,1.55031387185493,14.9061488432998,1.07293737946497,0.998559088469259,0.349491040431328,80
"msq","R02","limma_logtss","single",0.0792321470482226,0.157820232903716,0.11285351241304,0.196852300187303,0.431326728942382,0.0557365537049154,0.0970073771275799,NA,NA,NA,NA,0.0422749999999997,23.475,238.1375,5.8125,4.9875,0.825,0.0241031090459423,0.014472756269685,0.0273058848684662,0.0173773879312974,0.0188305741728876,0.00436361254164604,0.00612376935267378,NA,NA,NA,NA,0.00126478284021862,1.55031387185493,14.9061488432998,0.733487798989065,0.632328865625948,0.290555447986147,80
"msq","R02","linda","single",0.0900803815015275,0.162440171231313,0.15407573293262,0.20781401084121,0.424451093809751,0.0635393235408896,0.0852371243057315,NA,NA,NA,NA,0.1771625,23.475,238.1375,5.975,5.1375,0.8375,0.0215550346081795,0.0142704935602372,0.0256801924314483,0.0164102928573542,0.0191177696338461,0.00351956107272907,0.00392896792632512,NA,NA,NA,NA,0.00927205621764488,1.55031387185493,14.9061488432998,0.732382750801032,0.654764367220971,0.235627192935435,80
"msq","R02","lm_logtss","single",0.0932087877400377,0.15470396524086,0.127457579797714,0.201979468525211,0.429064102656075,0.0575561434428625,0.0967608352319205,NA,NA,NA,NA,0.0385750000000002,23.475,238.1375,5.85,4.9375,0.9125,0.0272235621493167,0.013960686131832,0.0281027007048336,0.016992288618501,0.0186514336109155,0.00444836754749875,0.00623979049736933,NA,NA,NA,NA,0.000392079412648419,1.55031387185493,14.9061488432998,0.733057581450133,0.627266460146975,0.316824508186065,80
"msq","R02","locom","single",0.0358461660355842,0.218607526863081,0.080032812156875,0.282119507579257,0.522343938799297,0.0542185904999204,0.0809524643546122,NA,NA,NA,NA,249.141475,23.475,238.1375,7.575,7.2375,0.3375,0.0107819547515681,0.0207376023898136,0.0179871240726558,0.02351097372948,0.0181871319864501,0.00263927586422103,0.00396429627070444,NA,NA,NA,NA,11.9485766741601,1.55031387185493,14.9061488432998,0.958270957427022,0.92199627769094,0.0814111109575454,80
"msq","R02","locom2","single",0.0348201681701985,0.202330269348023,0.0840717732746315,0.249561140608351,0.499401183716041,0.047651048783185,0.0941549577061765,NA,NA,NA,NA,31.9412875,23.475,238.1375,7.0625,6.75,0.3125,0.0137033457818071,0.0196528729031389,0.0186629626239577,0.0224349869387729,0.0185248735534876,0.00253532007403274,0.00489200738765425,NA,NA,NA,NA,0.865507864591021,1.55031387185493,14.9061488432998,0.93513414559258,0.891680961279796,0.0746166362486497,80
"msq","R02","logistic_presence","single",0.04375,0.0102498318768057,0.125327380952381,0.023132634182489,0.205618755768593,0.056073728222841,0.0932627615529217,NA,NA,NA,NA,0.3595375,23.3125,236.35,0.4625,0.35,0.1125,0.0196093507037101,0.00260767878875455,0.0314602023295666,0.0048981386688191,0.0109490408445064,0.00290500656921127,0.00268226198482036,NA,NA,NA,NA,0.0243106734369672,1.55618343485316,14.9524573569918,0.109578811011914,0.0854992782558922,0.050295802225623,80
"msq","R02","maaslin3","abundance",0.0254166666666667,0.123547491357373,0.0556075284364758,0.155157663762036,0.434486357801553,0.0485282931078183,0.0701702061280604,NA,NA,NA,NA,9.1930625,23.475,238.1375,3.8375,3.75,0.0875,0.0107063106579419,0.0104689888220315,0.0183972309312781,0.0123480829576038,0.0165156093622538,0.00222057925900699,0.00340693595085999,NA,NA,NA,NA,0.65747124169281,1.55031387185493,14.9061488432998,0.442391283219227,0.444196045212335,0.0364298788901276,80
"msq","R02","maaslin3","combined",0.0408978174603175,0.149599952718628,0.0771459538189372,0.196182594129356,0.440974885152062,0.0570726551340201,0.0970278081955838,NA,NA,NA,NA,9.1930625,23.475,238.1375,4.7625,4.575,0.1875,0.0127218335909421,0.0120432190660411,0.0177075113187694,0.0145360083756256,0.0173362280112229,0.00257224568307893,0.00417976310628113,NA,NA,NA,NA,0.65747124169281,1.55031387185493,14.9061488432998,0.530477379348074,0.525241053761948,0.0536448411997069,80
"msq","R02","maaslin3","presence",0.2125,NA,0.3,NA,NA,0.0638440979360843,0.0787717811908865,0.205625336122154,NA,NA,NA,9.1930625,0,236.8875,0.325,NA,0.325,0.0460247250557317,NA,0.0515580046947248,NA,NA,0.00276776028752309,0.00330124702685342,0.0118495124755828,NA,NA,NA,0.65747124169281,0,14.9473442219002,0.0791069617189604,NA,0.0791069617189604,80
"msq","R02","pursue","abundance",0.0663203463203463,0.182342210017781,0.129813141727174,0.225398078798106,0.444640113513308,0.0506480676208334,0.0725577066573771,NA,NA,NA,NA,15.01455,23.475,238.1375,5.9125,5.5125,0.4,0.016498881607719,0.0145866804373982,0.022611889863198,0.0170174494433698,0.0169066679477921,0.00255032024885104,0.00366563594367695,NA,NA,NA,NA,1.06743413603767,1.55031387185493,14.9061488432998,0.647339675180883,0.621093805976831,0.09513481440247,80
"msq","R02","pursue","combined",0.0428725660304608,0.15220984504017,0.0964467869087434,0.185782259551581,0.404308258340408,0.0390222495150679,0.140513504354572,NA,NA,NA,NA,15.01455,23.475,238.1375,4.7375,4.5125,0.225,0.0148149439685384,0.012504724256382,0.0205575212945215,0.014935985873526,0.017409354611794,0.00197009749206225,0.00569315432628187,NA,NA,NA,NA,1.06743413603767,1.55031387185493,14.9061488432998,0.526735753293308,0.513117103001259,0.0711011937089346,80
"msq","R02","pursue","presence",0.025,NA,0.0375,NA,NA,0.0264525084255261,0.267783584486073,0.0389623307806849,NA,NA,NA,15.01455,0,236.35,0.025,NA,0.025,0.0175654292232632,NA,0.021374819563973,NA,NA,0.00186156912509837,0.00622123812323328,0.00602780826370259,NA,NA,NA,1.06743413603767,0,14.9524573569918,0.0175654292232632,NA,0.0175654292232632,80
"msq","R02","wilcoxon_tss","single",0.0767361355964297,0.118568898951729,0.124864203336986,0.157293058558315,0.349415192622491,0.0611756639695806,0.0854584322268408,NA,NA,NA,NA,0.198575,23.475,238.1375,4.5125,3.775,0.7375,0.0203314532267167,0.0115566694273265,0.0249207675489982,0.0138977240388794,0.016443352095353,0.00427011764811685,0.00431379423432924,NA,NA,NA,NA,0.0110327156617678,1.55031387185493,14.9061488432998,0.566745581189186,0.491051248968908,0.244395243018612,80
"msq","R02","zicoseq","single",0.0584917669707443,0.205059508583404,0.129240400250238,0.261471539461546,0.474375880711739,0.0562957029007621,0.0795106888037105,NA,NA,NA,NA,91.0060125,23.475,238.1375,7.25,6.625,0.625,0.015333448159558,0.0184818333980901,0.0227253571623782,0.0202613675511479,0.0186715977557729,0.00287653165919651,0.00409964387822822,NA,NA,NA,NA,6.16927245952901,1.55031387185493,14.9061488432998,0.933636554120432,0.856725994924717,0.159483938320692,80
"msq","R03","adapt","single",0.0527083333333334,0.201642586214955,0.0752380952380952,0.260834315538263,0.495753661489734,0.0436293088380608,0.10446439669994,NA,NA,NA,NA,0.366424999999992,12.45,127.025,3.025,2.775,0.25,0.0244934207908376,0.0212289074149508,0.0273795986287417,0.0252432550338532,0.0243707112745503,0.00422021807427105,0.00620210833152593,NA,NA,NA,NA,0.00848670812173817,0.702513801306167,4.90558126669027,0.353530726187943,0.332988603793599,0.117396981571296,40
"msq","R03","aldex2","single",0.0301587301587302,0.089597549745576,0.0343434343434343,0.10521632424593,0.375022461428938,0.0100880400843041,0.272878152544593,NA,NA,NA,NA,20.663825,12.45,127.025,1.55,1.3,0.25,0.0219590204115911,0.0143205627625218,0.0244278713716771,0.0144765563949311,0.0208382998479547,0.00316185692419671,0.00855107103406466,NA,NA,NA,NA,0.717754713912036,0.702513801306167,4.90558126669027,0.314092098203451,0.215430398064564,0.188618459003681,40
"msq","R03","ancombc2","single",0.0216666666666667,0.0938183380946539,0.0216666666666667,0.0938183380946539,0.569439075322461,0.481929702969144,0.467250693530427,NA,NA,NA,NA,37.853725,12.45,127.025,1.425,1.35,0.075,0.0172772762177455,0.0146117870731621,0.0172772762177455,0.0146117870731621,0.0223320859859882,0.00883959695494044,0.0078673505323795,NA,NA,NA,NA,2.00889186572824,0.702513801306167,4.90558126669027,0.231736753832712,0.219410632470319,0.0553253778649314,40
"msq","R03","corncob","single",0.5254859809086,0.625313516892464,0.580915888288364,0.703317736722342,0.448025946335153,0.181984770604835,0.19561067139646,NA,NA,NA,NA,33.245125,12.45,127.025,19.125,7.925,11.2,0.0295373372580555,0.0279009633723205,0.0291781584504701,0.026286894084017,0.0272373673174713,0.0127849584778767,0.013606180659191,NA,NA,NA,NA,1.55392359858533,0.702513801306167,4.90558126669027,1.78030086048571,0.622636556950587,1.42873442293592,40
"msq","R03","fastancom","single",0.0133333333333333,0.143868804806305,0.0214285714285714,0.186446983206852,0.503408833088173,0.0213924973917979,0.160873184237218,NA,NA,NA,NA,0.033599999999997,12.45,127.025,2.1,2.025,0.0749999999999999,0.00960768922830522,0.0188167670748491,0.0149567665811167,0.0218613934175417,0.0228998123536381,0.00404330698704317,0.011185578338667,NA,NA,NA,NA,0.000639310526049792,0.702513801306167,4.90558126669027,0.285998027606611,0.266716742093219,0.0553253778649313,40
"msq","R03","ldm","single",0.15223157051282,0.453194258227153,0.21338606430832,0.554647370173686,0.597071539277854,0.0761450667111093,0.126278869579745,NA,NA,NA,NA,39.446575,12.45,127.025,8.2,5.525,2.675,0.0400798140457537,0.026905659928921,0.0443584007614566,0.0280433782146099,0.0317266973204131,0.0122654872930296,0.0131598249648698,NA,NA,NA,NA,2.11851629075982,0.702513801306167,4.90558126669027,1.15481156193976,0.409795915435589,0.990588726788784,40
"msq","R03","limma_logtss","single",0.161796975546976,0.286046882576488,0.205112175661992,0.364546557243926,0.494532771630166,0.0795208899516926,0.148140723158558,NA,NA,NA,NA,0.04175,12.45,127.025,5.85,3.925,1.925,0.0445017381199274,0.025877710011337,0.0454157135097025,0.0274828446445544,0.0297613550291206,0.0133892846520218,0.0148983484301269,NA,NA,NA,NA,0.000864358365850198,0.702513801306167,4.90558126669027,1.11892232951496,0.436165547258589,0.888233265158052,40
"msq","R03","linda","single",0.194229228373965,0.296467987421935,0.199840932977605,0.372098510042589,0.510407863866576,0.0655791224381967,0.109595454015593,NA,NA,NA,NA,0.119224999999998,12.45,127.025,5.25,3.975,1.275,0.0515796472013668,0.0227344539174856,0.0483694600749265,0.025063007162582,0.0268567729828819,0.00691579662258382,0.00571033597357037,NA,NA,NA,NA,0.00301863602667439,0.702513801306167,4.90558126669027,0.625064099277129,0.369489425961604,0.45851977559903,40
"msq","R03","lm_logtss","single",0.163185864435864,0.287856093102804,0.206424007212794,0.370275723910592,0.493723459054983,0.0803987105526791,0.150654634221033,NA,NA,NA,NA,0.0386000000000008,12.45,127.025,5.9,3.95,1.95,0.0445273011997934,0.0261456693398561,0.0457354868315669,0.0280093557091877,0.029713186989473,0.0135509020023026,0.0151682588589845,NA,NA,NA,NA,0.000494586074021035,0.702513801306167,4.90558126669027,1.12192599966217,0.439915493050246,0.887917471332464,40
"msq","R03","locom","single",0.10635042653425,0.376450576105181,0.115641441891442,0.470350168837011,0.615191294666854,0.0527695235192643,0.0966700370546622,NA,NA,NA,NA,249.2565,12.45,127.025,5.325,4.75,0.575,0.0326457108488694,0.0264318304784907,0.026047587980099,0.0261268178869467,0.0247304910566457,0.00514906511431089,0.00707279496250039,NA,NA,NA,NA,16.0099657207868,0.702513801306167,4.90558126669027,0.49014322867442,0.42328083664001,0.163642433842345,40
"msq","R03","locom2","single",0.0818019480519481,0.288749211315001,0.144376803751804,0.333522864197206,0.545566380636985,0.04505719566132,0.106463926119844,NA,NA,NA,NA,39.52,12.45,127.025,3.875,3.4,0.475,0.0283231012732181,0.0222654428213935,0.0350869558813509,0.0235426291724007,0.0257769519294906,0.00544102487842918,0.0063590304979982,NA,NA,NA,NA,0.303366345766287,0.702513801306167,4.90558126669027,0.332410581768684,0.265059258009243,0.202508309421158,40
"msq","R03","logistic_presence","single",0.0723076923076923,0.050912137183422,0.138156108597285,0.069068204434884,0.294423657125738,0.0645850797946057,0.107625548020852,NA,NA,NA,NA,0.28525,12.25,125.7,1.075,0.675,0.4,0.036428308995237,0.0127684026061937,0.0480671833803979,0.0179734287456959,0.0206452937922645,0.00790981263947136,0.00781726945667137,NA,NA,NA,NA,0.0153055524531927,0.681015455978828,4.6971349696466,0.364071527207329,0.161671953389635,0.247552118314611,40
"msq","R03","maaslin3","abundance",0.0769047619047619,0.201755605505605,0.123308982683983,0.275622122760281,0.547956347372688,0.0479877414744059,0.0858840728548329,NA,NA,NA,NA,5.107875,12.45,127.025,2.85,2.575,0.275,0.0347144540412064,0.0183817578565453,0.0371433987753625,0.0234058335344107,0.0274759138663038,0.00537894983841003,0.00498380856093858,NA,NA,NA,NA,0.240546640254693,0.702513801306167,4.90558126669027,0.278618386199126,0.257919436835295,0.118686724032381,40
"msq","R03","maaslin3","combined",0.116765873015873,0.248322885082754,0.15850819115525,0.318415723530855,0.548730889487951,0.0585855612797319,0.108597641501365,NA,NA,NA,NA,5.107875,12.45,127.025,3.675,3.15,0.525,0.0392328631095679,0.0184466498600717,0.0407562755514949,0.0264789388058015,0.0282208797986918,0.00737228558897185,0.00777523648592641,NA,NA,NA,NA,0.240546640254693,0.702513801306167,4.90558126669027,0.334716680806703,0.292096752499087,0.175365917806754,40
"msq","R03","maaslin3","presence",0.45,NA,0.625,NA,NA,0.0850187804653389,0.10558310764343,0.33387024804401,NA,NA,NA,5.107875,0,126.125,0.825,NA,0.825,0.0796627506815691,NA,0.0775217091182553,NA,NA,0.00776241058809672,0.00899522146305558,0.0243289225851242,NA,NA,NA,0.240546640254693,0,4.76461146746484,0.211488921938158,NA,0.211488921938158,40
"msq","R03","pursue","abundance",0.111539502164502,0.275792498802367,0.151580029447677,0.349611919513235,0.552517169203698,0.051990708435981,0.0946203871200125,NA,NA,NA,NA,10.989125,12.45,127.025,4.275,3.375,0.9,0.0353985089439657,0.0243724191751249,0.0378059210647925,0.0264608749471598,0.0255402080681309,0.00712831900467509,0.00774606447302433,NA,NA,NA,NA,0.479050277308241,0.702513801306167,4.90558126669027,0.575111471914971,0.298902908513699,0.4382365594645,40
"msq","R03","pursue","combined",0.09031223893066,0.241770946524236,0.142152597402597,0.288049443246812,0.51034429110074,0.0415620144883843,0.175044183003471,NA,NA,NA,NA,10.989125,12.45,127.025,3.65,3,0.65,0.036907839870414,0.0220829828050664,0.0368702380024654,0.025241177258247,0.0252223106272813,0.00699531648082339,0.00864847271426019,NA,NA,NA,NA,0.479050277308241,0.702513801306167,4.90558126669027,0.4981375569469,0.272688419920932,0.383221834397486,40
"msq","R03","pursue","presence",0.05,NA,0.05,NA,NA,0.02324295821452,0.325906340659874,0.0165042815371763,NA,NA,NA,10.989125,0,125.7,0.05,NA,0.05,0.0348991220226056,NA,0.0348991220226056,NA,NA,0.00307243220482086,0.0119667169488713,0.00656010917713393,NA,NA,NA,0.479050277308241,0,4.6971349696466,0.0348991220226056,NA,0.0348991220226056,40
"msq","R03","wilcoxon_tss","single",0.135900284900285,0.192827399208978,0.201304744232376,0.242503713391871,0.415982869316918,0.0760888019173681,0.121521077708814,NA,NA,NA,NA,0.159224999999999,12.45,127.025,4.225,2.65,1.575,0.0453206601060643,0.0228107724898546,0.0506657977223859,0.0267968404955366,0.0261694133231624,0.0128033876774198,0.0108285758999843,NA,NA,NA,NA,0.00501861758215306,0.702513801306167,4.90558126669027,0.906873680175399,0.338832838295954,0.716908873800104,40
"msq","R03","zicoseq","single",0.038507326007326,0.312590950715951,0.0991314935064935,0.37849619678567,0.581563088236723,0.0529329706840574,0.107338065354363,NA,NA,NA,NA,69.18955,12.45,127.025,4.575,4.275,0.3,0.0156509976061069,0.0276702574103491,0.0253423866012631,0.0306531707431895,0.0238320010009596,0.00523701614366092,0.00732054343739499,NA,NA,NA,NA,2.9644833598726,0.702513801306167,4.90558126669027,0.51126727918891,0.464078215114209,0.130088727117598,40
"msq","R04","adapt","single",0.0365238095238095,0.0690600149764237,0.0762041847041847,0.0966822965476216,0.290898109890547,0.0507660352957727,0.0815610227449092,NA,NA,NA,NA,0.32922,16.05,162.13,1.35,1.23,0.12,0.0153591877187838,0.00874879522060104,0.0194700071532691,0.0105336989468951,0.0140088244834183,0.0026232632706319,0.00292063611564623,NA,NA,NA,NA,0.00410241564708067,0.356576029265099,3.33925700923684,0.171961353421945,0.15881823674639,0.0498077110577075,100
"msq","R04","aldex2","single",0,0.0448270574884352,0,0.0551734381459614,0.288674755631626,0.0122841445736726,0.215094180185202,NA,NA,NA,NA,8.28701,16.05,162.13,0.8,0.8,0,0,0.00615013043909503,0,0.00715676374101574,0.0136903662025031,0.00140873286338803,0.00706412957825558,NA,NA,NA,NA,0.304684071015048,0.356576029265099,3.33925700923684,0.112815214963553,0.112815214963553,0,100
"msq","R04","ancombc2","single",0,0.00768253353973168,0,0.00768253353973168,0.192383294632031,0.366905679984032,0.357837742046981,NA,NA,NA,NA,38.79613,16.05,162.13,0.13,0.13,0,0,0.00235640782613052,0,0.00235640782613052,0.01032777327068,0.0112634036637658,0.0109869892354855,NA,NA,NA,NA,1.54971486368241,0.356576029265099,3.33925700923684,0.0393251147037697,0.0393251147037697,0,100
"msq","R04","corncob","single",0.503832443451689,0.319788945402723,0.557756561368822,0.400457181707182,0.325282030647895,0.137094414730037,0.142529655116672,NA,NA,NA,NA,7.21473,16.04,162.11,11.65,5.47,6.18,0.0236541112048523,0.0158213988071229,0.0208926470520709,0.0174827468424448,0.0172130242322254,0.00437804872288125,0.00488435911214744,NA,NA,NA,NA,0.188503335369575,0.356730382300927,3.34032282356909,0.621398715509103,0.322068754815308,0.459112010716163,100
"msq","R04","fastancom","single",0.002,0.0367124204055318,0.009,0.0531552837857017,0.323499150604225,0.026029694802854,0.131528175331427,NA,NA,NA,NA,0.0320400000000009,16.05,162.13,0.66,0.65,0.01,0.002,0.00570727502168436,0.00570220584643798,0.00685765262740333,0.0142772174318867,0.00254810885687442,0.00680853644225255,NA,NA,NA,NA,0.000398715108033012,0.356576029265099,3.33925700923684,0.106571927624378,0.10286305498481,0.01,100
"msq","R04","ldm","single",0.0792321428571428,0.149612402947929,0.125119991119991,0.194659448351786,0.403234614530899,0.0546905381427037,0.0876430898288819,NA,NA,NA,NA,23.2087,16.05,162.13,3.11,2.7,0.41,0.0187950197177386,0.0148892714663463,0.0212314522206676,0.0174795040698476,0.0177563677780746,0.00303018316985977,0.00346457499182096,NA,NA,NA,NA,2.50730672818304,0.356576029265099,3.33925700923684,0.32594694988819,0.282306517276824,0.101598337694188,100
"msq","R04","limma_logtss","single",0.0326666666666667,0.0652759585615623,0.104470885323826,0.10233003344265,0.316844482789496,0.0519528250315501,0.0967202135166413,NA,NA,NA,NA,0.0427899999999997,16.05,162.13,1.24,1.16,0.08,0.0150623843024742,0.00852697727044972,0.0231410534039778,0.0106042999111391,0.0146466447822434,0.00377114989692302,0.00472995935823658,NA,NA,NA,NA,0.00042647130944269,0.356576029265099,3.33925700923684,0.165217946049967,0.154867163672091,0.0307482445914323,100
"msq","R04","linda","single",0.0707738095238095,0.0804502051955612,0.104224941724942,0.117298507606944,0.314980781015951,0.0556865844422398,0.0890638428933561,NA,NA,NA,NA,0.14299,16.05,162.13,1.63,1.42,0.21,0.0207003581068505,0.00929324720391245,0.0222222936037713,0.0122843337791353,0.0140890697437209,0.00309987470581182,0.00336309523199854,NA,NA,NA,NA,0.00302863422230631,0.356576029265099,3.33925700923684,0.193142539084585,0.170074255915622,0.0624338033278432,100
"msq","R04","lm_logtss","single",0.0352460317460317,0.0683954054631299,0.104053391053391,0.102252873631357,0.312552217589288,0.0516886272997528,0.0966168932863492,NA,NA,NA,NA,0.0418800000000001,16.05,162.13,1.43,1.22,0.21,0.0146853456622206,0.00831358785832959,0.0235008371619544,0.010559585400813,0.014371125345627,0.00381945409815539,0.00477190203135722,NA,NA,NA,NA,0.000557461780181943,0.356576029265099,3.33925700923684,0.187624706003848,0.152142941826017,0.0987753291898623,100
"msq","R04","locom","single",0.0634891774891775,0.112025510823885,0.106108225108225,0.15392480090429,0.385869915858432,0.0493599419666305,0.0833023948532349,NA,NA,NA,NA,78.29771,16.05,162.13,2.25,2.04,0.21,0.0197644112318558,0.012777007872968,0.0224765017506635,0.0151883472443001,0.0165887406365583,0.00283618978976886,0.00327882227349196,NA,NA,NA,NA,2.37736972759303,0.356576029265099,3.33925700923684,0.255988872864238,0.238649398393408,0.0591095541679972,100
"msq","R04","locom2","single",0.05075,0.0947482358113163,0.101194444444444,0.131170588355573,0.367346752503858,0.0418557811592248,0.0947888421298776,NA,NA,NA,NA,13.82128,16.05,162.13,1.86,1.71,0.15,0.0184622400308975,0.0108836997309191,0.0235639191622083,0.0138206686273666,0.0186130255438172,0.00279754513634495,0.00369186736993193,NA,NA,NA,NA,0.565271891686924,0.356576029265099,3.33925700923684,0.21082809311969,0.200148934445317,0.0519809599951771,100
"msq","R04","logistic_presence","single",0.02,0.00741748366013072,0.074,0.0148368030748062,0.141259090154439,0.0543902670162169,0.115020857753264,NA,NA,NA,NA,0.20199,15.93,160.28,0.15,0.13,0.02,0.014070529413629,0.0020889900107624,0.0239274061107223,0.00344330041054385,0.00894627538894972,0.00259534929825946,0.00256478377504968,NA,NA,NA,NA,0.00439068101756198,0.354553353965353,3.28848864613481,0.0385992097056273,0.0366666666666667,0.014070529413629,100
"msq","R04","maaslin3","abundance",0.0183333333333333,0.0370050514930546,0.0428333333333333,0.0508177979141601,0.278016409681707,0.0475785369717771,0.0770640215659226,NA,NA,NA,NA,5.71755,16.04,162.11,0.68,0.65,0.03,0.0115797629116882,0.00507619852670865,0.0182024020688875,0.00602158235865375,0.0153783633988077,0.0023197514426113,0.00282651919908223,NA,NA,NA,NA,0.141509822177569,0.356730382300927,3.34032282356909,0.093073230644618,0.0903137069140984,0.0171446607997765,100
"msq","R04","maaslin3","combined",0.0183333333333333,0.0506829939925915,0.0573571428571428,0.0626584166177819,0.292404867855887,0.0505490376252044,0.0977538035838081,NA,NA,NA,NA,5.71755,16.05,162.13,0.93,0.9,0.03,0.0115797629116882,0.00602500660036757,0.0193021739570126,0.00692515062557325,0.0146409598052516,0.00244589311989467,0.0038024341788569,NA,NA,NA,NA,0.141509822177569,0.356576029265099,3.33925700923684,0.112146188864213,0.110554159678513,0.0171446607997765,100
"msq","R04","maaslin3","presence",0.02,NA,0.04,NA,NA,0.0506901269942915,0.0848809457714292,0.128333738200224,NA,NA,NA,5.71755,0,160.93,0.03,NA,0.03,0.014070529413629,NA,0.0196946385566932,NA,NA,0.00257211568668852,0.00293069486697029,0.010463671823393,NA,NA,NA,0.141509822177569,0,3.31120701847407,0.0222701503353614,NA,0.0222701503353614,100
"msq","R04","pursue","abundance",0.106416666666667,0.0630682033394882,0.159511904761905,0.0882312580350506,0.282342684541878,0.0538020395375193,0.0774943155929727,NA,NA,NA,NA,8.12004,16.04,162.11,1.35,1.11,0.24,0.0263386962850813,0.00774536973131909,0.0299889439943008,0.00973894999337802,0.015197954635958,0.00237584653899292,0.00278888330718251,NA,NA,NA,NA,0.249080082014933,0.356730382300927,3.34032282356909,0.162291046698158,0.139909783341793,0.0552679423766206,100
"msq","R04","pursue","combined",0.075,0.0448989467704638,0.117416666666667,0.0641932033394882,0.248965899254076,0.0389298707243972,0.153217139763266,NA,NA,NA,NA,8.12004,16.05,162.13,0.9,0.8,0.1,0.0246610012603905,0.00591541737642183,0.027682689520748,0.00782380328906647,0.014610041610027,0.0019358528895906,0.00432278228000349,NA,NA,NA,NA,0.249080082014933,0.356576029265099,3.33925700923684,0.111464085804543,0.108245885451465,0.0301511344577764,100
"msq","R04","pursue","presence",0.01,NA,0.02,NA,NA,0.0237521606301632,0.277958618214494,0.0198121496236821,NA,NA,NA,8.12004,0,160.28,0.01,NA,0.01,0.01,NA,0.014070529413629,NA,NA,0.00147324339678138,0.00707052514360996,0.00400402937283385,NA,NA,NA,0.249080082014933,0,3.28848864613481,0.01,NA,0.01,100
"msq","R04","wilcoxon_tss","single",0.0180238095238095,0.0677488448943557,0.0484523809523809,0.0867355580006509,0.279686294590708,0.0508284196746349,0.0863091709905957,NA,NA,NA,NA,0.130879999999999,16.05,162.13,1.3,1.21,0.09,0.00875839948862912,0.00839384359428986,0.015461934270745,0.00973089864889408,0.0139198118518401,0.00257827291448477,0.00322803956455774,NA,NA,NA,NA,0.00272590565063457,0.356576029265099,3.33925700923684,0.170856428594066,0.153934920001797,0.0404395046378357,100
"msq","R04","zicoseq","single",0.0613939393939394,0.111284426873436,0.0994082633053221,0.162619623582472,0.358602315487968,0.0492931454066394,0.0888964984609742,NA,NA,NA,NA,48.84269,16.05,162.13,2.15,1.99,0.16,0.019357562685924,0.0117882234380328,0.0202029599123966,0.015217195414315,0.0153435372612555,0.00263578779255677,0.00373369952646019,NA,NA,NA,NA,0.95171594795661,0.356576029265099,3.33925700923684,0.233279214503118,0.21811636223527,0.046536615322309,100
"msq","R05","adapt","single",0.0670873015873016,0.0395148035648389,0.0837153299916458,0.0530730095993725,0.277492542670411,0.0455477478026723,0.0710930651376546,NA,NA,NA,NA,0.606929999999999,41.37,410.44,1.8,1.58,0.22,0.0199360840407535,0.00508283204726425,0.0206569941318091,0.00642894775174676,0.0100079348510304,0.00228689926410995,0.00404274073195202,NA,NA,NA,NA,0.0329067100553466,3.01577184116766,29.7732688731677,0.252662588917283,0.220275309831157,0.0612661028100805,100
"msq","R05","aldex2","single",0,0.0181651426846768,0,0.022526171657965,0.241981667951333,0.00532042282632193,0.274467394053611,NA,NA,NA,NA,18.60861,41.37,410.44,0.51,0.51,0,0,0.00347090047169197,0,0.00406798098908793,0.00943188213420885,0.000689538081019623,0.00473156764117605,NA,NA,NA,NA,1.35123605455535,3.01577184116766,29.7732688731677,0.0846800275785682,0.0846800275785682,0,100
"msq","R05","ancombc2","single",0,0.00739150644602388,0,0.00739150644602388,0.214696038969665,0.458421443602006,0.444880143868692,NA,NA,NA,NA,106.83101,41.37,410.44,0.2,0.2,0,0,0.00225579282674682,0,0.00225579282674682,0.00794405365112471,0.00456352780859311,0.00452299432738531,NA,NA,NA,NA,8.74490749387686,3.01577184116766,29.7732688731677,0.0568535243614961,0.0568535243614961,0,100
"msq","R05","corncob","single",0.4532313476653,0.223769936202887,0.52019053679566,0.284926147001264,0.31457666655464,0.111833193185414,0.108592777384902,NA,NA,NA,NA,18.6353,41.32,410.31,18.16,10.19,7.97,0.0244611230583935,0.01046066694772,0.0201071316164984,0.011096774818184,0.0131084132627015,0.00434267638243308,0.00560961536967914,NA,NA,NA,NA,1.4417722142831,3.01169035391735,29.7643766976905,1.44688589317845,0.858198135866095,0.785018175174012,100
"msq","R05","fastancom","single",0.0133333333333333,0.0222903314386753,0.0264583333333333,0.0324961854596933,0.285383317867852,0.0292340693776295,0.132016713562362,NA,NA,NA,NA,0.0473700000000048,41.37,410.44,0.93,0.91,0.02,0.0105089347908202,0.00399434952195133,0.0127426470016801,0.00457947702318218,0.011555494142321,0.00395930811305135,0.00883040354783222,NA,NA,NA,NA,0.00201317152671126,3.01577184116766,29.7732688731677,0.170118793907093,0.169428629829969,0.014070529413629,100
"msq","R05","ldm","single",0.0428032800532801,0.0703757288597557,0.103955903648009,0.102484392352278,0.359443359236352,0.0464858372702491,0.0734764454608205,NA,NA,NA,NA,33.68192,41.37,410.44,3.56,3.26,0.3,0.014355028773418,0.00688521200104794,0.0214173200575856,0.00833736753414114,0.0120246454752353,0.00271358244303233,0.00454652556149503,NA,NA,NA,NA,4.3871266058427,3.01577184116766,29.7732688731677,0.416168186669716,0.379159090833408,0.112366643743874,100
"msq","R05","limma_logtss","single",0.034879781420765,0.0325939358929146,0.0509193082030413,0.0514045934886965,0.288168772081779,0.0461960884217105,0.0919836995563802,NA,NA,NA,NA,0.0428000000000003,41.37,410.44,1.75,1.21,0.54,0.0147757927444259,0.00541196172228056,0.0155015474928469,0.00713643425030446,0.0109504789746948,0.00414740760822615,0.00593300103254882,NA,NA,NA,NA,0.000713081235543926,3.01577184116766,29.7732688731677,0.622859972589783,0.223514173730853,0.441398145932131,100
"msq","R05","linda","single",0.0280882352941176,0.0420795133241158,0.0791778309409888,0.0624261515350474,0.291894647991475,0.0484858366793151,0.0703251593536273,NA,NA,NA,NA,0.270809999999999,41.37,410.44,1.8,1.66,0.14,0.00940639262700055,0.00572024540484513,0.017137739295398,0.00711581906527092,0.010282404720892,0.00214316642727776,0.00392088883759437,NA,NA,NA,NA,0.0180050817461867,3.01577184116766,29.7732688731677,0.267423169368609,0.246273232509148,0.0471832875737016,100
"msq","R05","lm_logtss","single",0.0451452784503632,0.0410812330782939,0.0581089232303091,0.0576682860490333,0.285860256479062,0.0470648415408232,0.0916058276360045,NA,NA,NA,NA,0.0394500000000004,41.37,410.44,2.2,1.62,0.58,0.0138072063383477,0.00548841820551396,0.0161323180705779,0.00752735930431229,0.0108374895694592,0.00429180527765103,0.00594633902342238,NA,NA,NA,NA,0.000561630922340759,3.01577184116766,29.7732688731677,0.615785611387534,0.254169274700976,0.43138957995873,100
"msq","R05","locom","single",0.0577146464646465,0.0576885835644783,0.0741097933714033,0.0857593795708364,0.337726657420351,0.0464807621033158,0.0706314224801448,NA,NA,NA,NA,269.63932,41.37,410.44,3.33,3.06,0.27,0.0167580846396496,0.00590148182777144,0.0171441496627381,0.00766962333174972,0.0126946856760811,0.00207457378449838,0.00375002586874388,NA,NA,NA,NA,20.1843105425716,3.01577184116766,29.7732688731677,0.392365269934158,0.366479290966176,0.0633333333333333,100
"msq","R05","locom2","single",0.0860911294587765,0.0523266130889347,0.0977721883342424,0.0728269783139654,0.330944408489072,0.0362067250611934,0.0832856809611817,NA,NA,NA,NA,48.13993,41.37,410.44,3.43,2.91,0.52,0.0195514509938458,0.00474994679945632,0.0192836713935201,0.00629342364632285,0.0121086673196772,0.00168525884610828,0.00391049592081315,NA,NA,NA,NA,3.68664390924685,3.01577184116766,29.7732688731677,0.419777478330045,0.345269620892298,0.107759552765039,100
"msq","R05","logistic_presence","single",0.075,0.00443939294826223,0.140777777777778,0.00786803043216319,0.152604484663686,0.0507399649328899,0.115048769957337,NA,NA,NA,NA,0.48698,41.25,408.63,0.34,0.22,0.12,0.0246610012603905,0.00202781704501391,0.0320080949824733,0.00237601762605333,0.00697651714925066,0.00206877360186319,0.00256248225022415,NA,NA,NA,NA,0.0369891247462677,3.02024733083136,29.8666215333804,0.107515561476448,0.0927470765146815,0.0383497988352882,100
"msq","R05","maaslin3","abundance",0.005,0.0230811115513605,0.0116666666666667,0.0301274705543031,0.24696864586338,0.0487577794933106,0.0611733753242561,NA,NA,NA,NA,14.17103,41.34,410.34,0.71,0.7,0.01,0.005,0.00345034811986001,0.00592461054424762,0.00404966037295307,0.00937156627603882,0.00151316044280315,0.002960429877753,NA,NA,NA,NA,1.05286323231012,3.01200359504527,29.7662008175567,0.100799831649691,0.1,0.01,100
"msq","R05","maaslin3","combined",0.0075,0.0283879418081954,0.036,0.0409441822277005,0.272588165548301,0.0491204157064488,0.0859455110724071,NA,NA,NA,NA,14.17103,41.37,410.44,1,0.97,0.03,0.00444681123849403,0.00387238528109462,0.0132631147640193,0.00476713373803748,0.00940583073504889,0.00179539765436916,0.00356423459762166,NA,NA,NA,NA,1.05286323231012,3.01577184116766,29.7732688731677,0.137803842435177,0.13139115785941,0.0171446607997765,100
"msq","R05","maaslin3","presence",0.01,NA,0.04,NA,NA,0.0461280426954318,0.0686882861322719,0.129026564807612,NA,NA,NA,14.17103,0,409.31,0.01,NA,0.01,0.01,NA,0.0196946385566932,NA,NA,0.0020319541655964,0.00333234562471199,0.00822283713548453,NA,NA,NA,1.05286323231012,0,29.8475036433095,0.01,NA,0.01,100
"msq","R05","pursue","abundance",0.0471190476190476,0.0445343457746297,0.11018759018759,0.0652603692492544,0.26117484943637,0.0523879784493483,0.0636209438304815,NA,NA,NA,NA,18.74982,41.34,410.34,1.81,1.58,0.23,0.0135396218505937,0.00535164321539674,0.0207521872090957,0.00687992193635526,0.0101112364664956,0.00181818105352011,0.00336394036371802,NA,NA,NA,NA,1.406571553971,3.01200359504527,29.7662008175567,0.237280467384107,0.201097996112353,0.0664466064983872,100
"msq","R05","pursue","combined",0.0128333333333333,0.0294306192986953,0.0578293650793651,0.0447923290699616,0.223097977763082,0.0408108793848073,0.127856129817674,NA,NA,NA,NA,18.74982,41.37,410.44,0.99,0.95,0.04,0.00672055242638765,0.00434533461214083,0.0151312816223888,0.00541080498269498,0.00961797891170436,0.00162463384409517,0.00469787129605428,NA,NA,NA,NA,1.406571553971,3.01577184116766,29.7732688731677,0.140342294394668,0.134370962471642,0.0196946385566932,100
"msq","R05","pursue","presence",0,NA,0.01,NA,NA,0.0284501404652045,0.218084204641373,0.031441738656204,NA,NA,NA,18.74982,0,408.63,0,NA,0,0,NA,0.01,NA,NA,0.00110614884820469,0.00520183983198083,0.00434182208124923,NA,NA,NA,1.406571553971,0,29.8666215333804,0,NA,0,100
"msq","R05","wilcoxon_tss","single",0.0474444444444444,0.0349776453857593,0.0731132756132756,0.0471284685426661,0.247668253500069,0.0462170869877873,0.071592079336637,NA,NA,NA,NA,0.25496,41.37,410.44,1.4,1.23,0.17,0.017281120098516,0.005229435014146,0.0193938278893686,0.00640821535208799,0.00898707900767562,0.00236754739788821,0.00394657789183828,NA,NA,NA,NA,0.0166484380315058,3.01577184116766,29.7732688731677,0.201509455376319,0.174573072310014,0.075283974175629,100
"msq","R05","zicoseq","single",0.0301230158730159,0.0610046033200086,0.0679974261560415,0.0864405538648347,0.324665775094864,0.0457698652254747,0.0677011990750678,NA,NA,NA,NA,119.34596,41.37,410.44,3.12,2.9,0.22,0.00921510135411999,0.00628886233652674,0.0163496404117656,0.00786193429712618,0.0117313130691099,0.00207309221957184,0.00333881353421955,NA,NA,NA,NA,8.70261255659971,3.01577184116766,29.7732688731677,0.38724095283887,0.359432774231732,0.0675397376484109,100
"msq","R06","adapt","single",0.076,NA,0.1,NA,NA,0.0495629517647771,0.0738748537258177,NA,-0.0205215082056025,1.28694561899508,NA,0.422448000000001,0,277.376,0.116,NA,0.116,0.0167935730678597,NA,0.0190117275157343,NA,NA,0.00145329724431353,0.00219564319285432,NA,0.0172036585951127,0.0151297098020485,NA,0.00758878248882202,0,8.4359973150064,0.0353152185131926,NA,0.0353152185131926,250
"msq","R06","aldex2","single",0.004,NA,0.008,NA,NA,0.00701073031515406,0.241176047198853,NA,0.000881711225169152,0.50993830854741,NA,11.97606,0,277.376,0.012,NA,0.012,0.004,NA,0.00564548367669017,NA,NA,0.000538127904317881,0.00357486858604103,NA,0.000753907396127175,0.00451540322265364,NA,0.386527423926672,0,8.4359973150064,0.012,NA,0.012,250
"msq","R06","ancombc2","single",0,NA,0,NA,NA,0.429413175242171,0.41752185216823,NA,-0.000911532742313565,0.929557186302751,0.545693623733062,47.549232,0,277.376,0,NA,0,0,NA,0,NA,NA,0.0046842079350772,0.00444938869803606,NA,0.0108394267828452,0.00764684984055866,0.00494375007206551,1.61891225028697,0,8.4359973150064,0,NA,0,250
"msq","R06","corncob","single",0.904,NA,0.944,NA,NA,0.124794913444078,0.116395340184119,NA,NA,NA,NA,11.40556,0,277.34,6.244,NA,6.244,0.0186689614194772,NA,0.0145706973368996,NA,NA,0.00260033155930709,0.00316794438945464,NA,NA,NA,NA,0.3730908748027,0,8.43593204083522,0.385731787707719,NA,0.385731787707719,250
"msq","R06","fastancom","single",0.016,NA,0.02,NA,NA,0.0282615629211145,0.117603146739984,NA,-0.0112042138987407,0.439050830938509,NA,0.0366720000000028,0,277.376,0.044,NA,0.044,0.00795166118887435,NA,0.00887213950734269,NA,NA,0.00193132094019802,0.00437124715407439,NA,0.0101626375646782,0.00492822036131626,NA,0.0005023175846249,0,8.4359973150064,0.0248743024765475,NA,0.0248743024765475,250
"msq","R06","ldm","single",0.048,NA,0.104,NA,NA,0.0481730986508408,0.073547321155125,NA,NA,NA,NA,7.438728,0,277.376,0.092,NA,0.092,0.0135468842280857,NA,0.0193451009748439,NA,NA,0.0016978618546035,0.00240246968029887,NA,NA,NA,NA,0.402381394403759,0,8.4359973150064,0.0351437666926782,NA,0.0351437666926782,250
"msq","R06","limma_logtss","single",0.036,NA,0.068,NA,NA,0.0507473800061176,0.0850638204067057,NA,-0.0237878352617256,0.433586803803445,0.949252619993882,0.0415399999999999,0,277.376,0.104,NA,0.104,0.0118056551692781,NA,0.015953748410747,NA,NA,0.00221561621849033,0.00287050893891404,NA,0.0087503256723627,0.00430044095871113,0.00221561621849033,0.00032944153792084,0,8.4359973150064,0.0445045911624649,NA,0.0445045911624649,250
"msq","R06","linda","single",0.048,NA,0.112,NA,NA,0.0546489274393015,0.0732251877325463,NA,-0.00704950266464623,0.400037400757,0.942278601117279,0.194464,0,277.376,0.1,NA,0.1,0.0135468842280857,NA,0.0199855369391715,NA,NA,0.00184910365545439,0.0020889762303216,NA,0.00451493431658923,0.00411500795566933,0.00191078947833857,0.0051935056387066,0,8.4359973150064,0.0421319403968821,NA,0.0421319403968821,250
"msq","R06","lm_logtss","single",0.024,NA,0.076,NA,NA,0.0509960428363003,0.0848946991105214,NA,-0.0237878352617256,0.433586803803445,0.9490039571637,0.0388480000000002,0,277.376,0.1,NA,0.1,0.00969908702696427,NA,0.0167935730678597,NA,NA,0.00224334144775002,0.00291577817861318,NA,0.0087503256723627,0.00430044095871113,0.00224334144775002,0.000275774892194117,0,8.4359973150064,0.0504597338375444,NA,0.0504597338375444,250
"msq","R06","locom","single",0.056,NA,0.084,NA,NA,0.050875441122691,0.0696818832603897,NA,-0.00856291792211158,1.05755090556365,NA,136.575576,0,277.376,0.084,NA,0.084,0.0145706973368996,NA,0.0175787385267763,NA,NA,0.00155279567628425,0.00215596603564523,NA,0.00484375656851224,0.0106948570253844,NA,4.4697868256421,0,8.4359973150064,0.0257376320358196,NA,0.0257376320358196,250
"msq","R06","locom2","single",0.092,NA,0.148,NA,NA,0.039246473234983,0.0849778772304279,NA,NA,NA,NA,25.177616,0,277.376,0.136,NA,0.136,0.0183162753794296,NA,0.0225035472438062,NA,NA,0.00136458419134755,0.00243553995258076,NA,NA,NA,NA,0.524267822557567,0,8.4359973150064,0.0328990179416667,NA,0.0328990179416667,250
"msq","R06","logistic_presence","single",0.076,NA,0.12,NA,NA,0.0542073608609175,0.111240494119233,NA,-0.00614676551861132,0.647203480005988,NA,0.335396,0,275.484,0.08,NA,0.08,0.0167935730678597,NA,0.02059360059684,NA,NA,0.00147887010104581,0.00154770068358149,NA,0.00768982165869969,0.0176369375092559,NA,0.0112483278871585,0,8.47351122889353,0.0181027855142101,NA,0.0181027855142101,250
"msq","R06","maaslin3","abundance",0.04,NA,0.056,NA,NA,0.0484042476003693,0.0619457708613211,NA,-0.0141118099256167,0.972267495188806,NA,9.508488,0,277.352,0.044,NA,0.044,0.0124184084113013,NA,0.0145706973368996,NA,NA,0.00104762301893932,0.00179391018547113,NA,0.00943741754922109,0.00798491738699433,NA,0.323627067351162,0,8.4364261109847,0.0141795712545851,NA,0.0141795712545851,250
"msq","R06","maaslin3","combined",0.044,NA,0.08,NA,NA,0.0505247718968181,0.0875966861827406,NA,NA,NA,NA,9.508488,0,277.376,0.048,NA,0.048,0.012997373846575,NA,0.017192507941463,NA,NA,0.00121957267968468,0.00228315993034689,NA,NA,NA,NA,0.323627067351162,0,8.4359973150064,0.0146849101578927,NA,0.0146849101578927,250
"msq","R06","maaslin3","presence",0,NA,0.008,NA,NA,0.0402230287626242,0.0745917219353835,NA,NA,NA,NA,9.508488,0,276.236,0,NA,0,0,NA,0.00564548367669017,NA,NA,0.00131559835403189,0.00208397320699236,NA,NA,NA,NA,0.323627067351162,0,8.467983715669,0,NA,0,250
"msq","R06","pursue","abundance",0.096,NA,0.18,NA,NA,0.0525278663024782,0.0612713132054395,NA,0.00179239657489527,0.955271611860896,0.947472133697522,12.939524,0,277.352,0.128,NA,0.128,0.0186689614194772,NA,0.0243468906502935,NA,NA,0.00117254294140925,0.0016926748345999,NA,0.00644171328638794,0.00796983850785663,0.00117254294140925,0.437426532440394,0,8.4364261109847,0.0277406230765406,NA,0.0277406230765406,250
"msq","R06","pursue","combined",0.084,NA,0.124,NA,NA,0.040066404938744,0.130642257122657,NA,NA,NA,NA,12.939524,0,277.376,0.108,NA,0.108,0.0175787385267763,NA,0.0208863822586733,NA,NA,0.00103239505184141,0.00267463003425853,NA,NA,NA,NA,0.437426532440394,0,8.4359973150064,0.0253755724805345,NA,0.0253755724805345,250
"msq","R06","pursue","presence",0.028,NA,0.04,NA,NA,0.0276711204379502,0.232577311445425,NA,NA,NA,NA,12.939524,0,275.484,0.028,NA,0.028,0.0104547216519273,NA,0.0124184084113013,NA,NA,0.000870968529163939,0.0040686614436771,NA,NA,NA,NA,0.437426532440394,0,8.47351122889353,0.0104547216519273,NA,0.0104547216519273,250
"msq","R06","wilcoxon_tss","single",0.044,NA,0.072,NA,NA,0.0502327338061098,0.0737311653500334,NA,-0.0314273480392845,1.55068307430856,NA,0.181532,0,277.376,0.064,NA,0.064,0.012997373846575,NA,0.0163810057504901,NA,NA,0.00153206598849582,0.00221404833579308,NA,0.018473870972542,0.0198449550251785,NA,0.00471899220743322,0,8.4359973150064,0.0268794721692295,NA,0.0268794721692295,250
"msq","R06","zicoseq","single",0.068,NA,0.108,NA,NA,0.0521437051267959,0.0731589008448687,NA,NA,NA,NA,76.546872,0,277.376,0.1,NA,0.1,0.015953748410747,NA,0.0196695593815688,NA,NA,0.00151183203811758,0.00214846910067691,NA,NA,NA,NA,2.16289230129159,0,8.4359973150064,0.0284823626112666,NA,0.0284823626112666,250
"msq","R07","adapt","single",0.0795714285714286,0.0313428588637399,0.12852380952381,0.0443815086197809,0.251496018257725,0.050237643260431,0.0702232130602818,NA,NA,NA,NA,0.431929999999996,13.99,277.86,0.66,0.42,0.24,0.0260371386910756,0.00586058770391269,0.0317148111271255,0.00733559900842899,0.0139683499371289,0.00239558345630891,0.00310317860928638,NA,NA,NA,NA,0.0125927448648943,0.690556063450084,13.4638987554486,0.12650707649788,0.0754515029202818,0.0985962074382789,100
"msq","R07","aldex2","single",0.015,0.0171055285294416,0.0266666666666667,0.0204953741910264,0.235656306318864,0.0077461098416887,0.242936732092819,NA,NA,NA,NA,12.08071,13.99,277.86,0.24,0.21,0.03,0.0111350751676807,0.00379196989864862,0.0154832373788765,0.00389848962370327,0.0131131051647209,0.000939846748878276,0.00575022048267539,NA,NA,NA,NA,0.621361227312318,0.690556063450084,13.4638987554486,0.0494821669744247,0.0433333333333333,0.0222701503353614,100
"msq","R07","ancombc2","single",0,0.00566028416028416,0,0.00566028416028416,0.200233669803359,0.427200988515053,0.417522618863764,NA,NA,NA,NA,59.48277,13.99,277.86,0.07,0.07,0,0,0.00229480134974325,0,0.00229480134974325,0.0105392558378122,0.00738559678578875,0.00700007122365279,NA,NA,NA,NA,3.50783696921578,0.690556063450084,13.4638987554486,0.0256432399976243,0.0256432399976243,0,100
"msq","R07","corncob","single",0.607895520739751,0.228559416936991,0.685385559987382,0.284598169882495,0.297198414554576,0.127316118594018,0.119317833908288,NA,NA,NA,NA,11.70722,13.99,277.84,11.15,3.66,7.49,0.029400287207204,0.0152245158171274,0.0234267630064774,0.0168336341738783,0.0166181354868301,0.00426594963074428,0.00494177101747721,NA,NA,NA,NA,0.604454042764329,0.690556063450084,13.4626435634749,0.809710635431765,0.296177669855802,0.665376782452065,100
"msq","R07","fastancom","single",0.0183333333333333,0.0210712370517863,0.0373333333333333,0.0331468739752493,0.289270199387552,0.0283410560367792,0.114550372972782,NA,NA,NA,NA,0.0370599999999982,13.99,277.86,0.34,0.31,0.03,0.0115797629116882,0.00416368075019268,0.0173255615832528,0.00564044571242301,0.0152808008389685,0.00258291120396313,0.00633538895595147,NA,NA,NA,NA,0.000878913470649396,0.690556063450084,13.4638987554486,0.068490211643045,0.063077633744362,0.0171446607997765,100
"msq","R07","ldm","single",0.125309523809524,0.065816381114436,0.180265873015873,0.0974543053882299,0.3439763998075,0.0522428298875787,0.0731732774979087,NA,NA,NA,NA,14.54215,13.99,277.86,1.51,1.07,0.44,0.0305885235649576,0.00894333833613061,0.0336929601137165,0.0106498209438233,0.0178897730411507,0.00315185952160234,0.00332185236102004,NA,NA,NA,NA,1.89769875116594,0.690556063450084,13.4638987554486,0.217652767666132,0.146511626042634,0.132817182775438,100
"msq","R07","limma_logtss","single",0.0425,0.0231455474032705,0.0612543859649123,0.0408302920064934,0.280440018757195,0.0505976058915572,0.0850328134883511,NA,NA,NA,NA,0.04057,13.99,277.86,0.47,0.33,0.14,0.0191534869046359,0.0054019482099528,0.0210359858546648,0.00695930923584025,0.0156457922432146,0.00325716985512858,0.00437907420377222,NA,NA,NA,NA,0.000405581014836677,0.690556063450084,13.4638987554486,0.10096003809889,0.0711450360996195,0.0725021769091498,100
"msq","R07","linda","single",0.0933333333333333,0.0400336858348872,0.167988095238095,0.0560878342989327,0.270244014750855,0.056626176445231,0.0724878543572521,NA,NA,NA,NA,0.1951,13.99,277.86,0.78,0.58,0.2,0.0277595900052847,0.00606665056076197,0.0338718900520006,0.00748163136644888,0.0149143080624876,0.00288244325756552,0.00321456068146151,NA,NA,NA,NA,0.00864364658362588,0.690556063450084,13.4638987554486,0.110627229190574,0.0854932214218818,0.0724743075339479,100
"msq","R07","lm_logtss","single",0.043,0.0297886723942216,0.0700877192982456,0.0459796607536882,0.278097025074397,0.0502119179332956,0.0838193412142986,NA,NA,NA,NA,0.0390099999999996,13.99,277.86,0.58,0.41,0.17,0.0193456073890825,0.00617362519505304,0.0230908833095853,0.00829473501863816,0.0154113348770157,0.00318733919056301,0.00432388068851459,NA,NA,NA,NA,0.00046850180297837,0.690556063450084,13.4638987554486,0.113866836988021,0.0792579218868259,0.0841535393303109,100
"msq","R07","locom","single",0.10297619047619,0.0429762873155322,0.140887560152266,0.0784335812293478,0.35136593279059,0.0506643446856514,0.0704480998026654,NA,NA,NA,NA,153.85997,13.99,277.86,0.93,0.74,0.19,0.0286451744878414,0.00665758408536605,0.0295772540087335,0.0095288929703726,0.0168762702640276,0.00242314903568816,0.00305405116433071,NA,NA,NA,NA,6.78466022394897,0.690556063450084,13.4638987554486,0.137990630629091,0.11773965458853,0.063077633744362,100
"msq","R07","locom2","single",0.0718333333333333,0.0475575032010959,0.133130952380952,0.0699711834377166,0.33105872006812,0.0392298786738872,0.0871680455565105,NA,NA,NA,NA,25.33204,13.99,277.86,1.06,0.85,0.21,0.0192547675090977,0.00632023152591549,0.0280293751877688,0.00931486844555836,0.0171943177488476,0.00200244383241187,0.00389563972340137,NA,NA,NA,NA,0.82091750676492,0.690556063450084,13.4638987554486,0.143421396484963,0.115797629116882,0.0591095541679972,100
"msq","R07","logistic_presence","single",0.0825,0.00423205449521239,0.149166666666667,0.00423205449521239,0.131288274212465,0.0556994833420311,0.111964061340805,NA,NA,NA,NA,0.34655,13.89,276.06,0.2,0.07,0.13,0.0268401083109106,0.00172706089317934,0.0348617399033799,0.00172706089317934,0.00848584069635819,0.00248121720078493,0.00279978584941511,NA,NA,NA,NA,0.0202126092008694,0.69469781236524,13.5228412829418,0.0619546918189723,0.0293188669562103,0.048523658709391,100
"msq","R07","maaslin3","abundance",0.0308333333333333,0.0194898609844262,0.0711666666666667,0.0253490742349438,0.246177394292402,0.0485209543965452,0.0664529935378589,NA,NA,NA,NA,9.42714,13.99,277.85,0.35,0.28,0.07,0.0153364346885523,0.00434279265850942,0.0232982600757851,0.0053099741725422,0.0135758680771535,0.00178012525637516,0.00316960803688682,NA,NA,NA,NA,0.489405023239154,0.690556063450084,13.4639689392081,0.0857233039988826,0.0604361253930565,0.0355476632654857,100
"msq","R07","maaslin3","combined",0.0557142857142857,0.0237014769809392,0.0983095238095238,0.0342239949219354,0.266112625554997,0.0521874194488834,0.0847041621101302,NA,NA,NA,NA,9.42714,13.99,277.86,0.45,0.34,0.11,0.0210605726920982,0.0048345262769757,0.0260248225535958,0.00612671638083471,0.0138993700365165,0.00214555181276788,0.00311731371768673,NA,NA,NA,NA,0.489405023239154,0.690556063450084,13.4638987554486,0.0998736575616788,0.068490211643045,0.0469149240755018,100
"msq","R07","maaslin3","presence",0.02,NA,0.04,NA,NA,0.0443719379947861,0.0750058369610806,0.122910671581152,NA,NA,NA,9.42714,0,276.71,0.02,NA,0.02,0.014070529413629,NA,0.0196946385566932,NA,NA,0.00189945045599203,0.00333369812326543,0.00973070411928739,NA,NA,NA,0.489405023239154,0,13.5115759946272,0.014070529413629,NA,0.014070529413629,100
"msq","R07","pursue","abundance",0.053,0.0335960627536715,0.0996666666666667,0.0470516759810238,0.250158116236371,0.0535264316178325,0.0673083004137436,NA,NA,NA,NA,13.28546,13.99,277.85,0.67,0.51,0.16,0.0182564657303983,0.00618127826774917,0.0228840585272835,0.00697941587119059,0.0135643370754484,0.00197686113145114,0.00307908347470691,NA,NA,NA,NA,0.739838463316162,0.690556063450084,13.4639689392081,0.139302011848539,0.101000050004988,0.0545319848688582,100
"msq","R07","pursue","combined",0.05825,0.0254273021664326,0.0878333333333333,0.0343103484679572,0.221702101801306,0.0403809622315556,0.138233264788753,NA,NA,NA,NA,13.28546,13.99,277.86,0.52,0.37,0.15,0.0206371214763174,0.00501369882742299,0.024925089789409,0.00618333352122087,0.0124093205626365,0.00168843779712903,0.00466373109510504,NA,NA,NA,NA,0.739838463316162,0.690556063450084,13.4638987554486,0.117619485776564,0.0747453589654146,0.0625630994607957,100
"msq","R07","pursue","presence",0.03,NA,0.07,NA,NA,0.0272845239102847,0.238167773881008,0.0256294940122171,NA,NA,NA,13.28546,0,276.06,0.03,NA,0.03,0.0171446607997765,NA,0.0256432399976243,NA,NA,0.00131018902843565,0.00587387327173421,0.00460456477038976,NA,NA,NA,0.739838463316162,0,13.5228412829418,0.0171446607997765,NA,0.0171446607997765,100
"msq","R07","wilcoxon_tss","single",0.0485714285714286,0.0251934487772589,0.0969285714285714,0.0338052301118663,0.230725475921586,0.0516423351761555,0.0746145487992395,NA,NA,NA,NA,0.18567,13.99,277.86,0.49,0.35,0.14,0.0200976794233173,0.00460082403904349,0.0276692436453994,0.00636232092582975,0.0133879543136149,0.00265701190347742,0.0036026667534779,NA,NA,NA,NA,0.00801784694896136,0.690556063450084,13.4638987554486,0.101995246472717,0.0657128740672771,0.0738822431886435,100
"msq","R07","zicoseq","single",0.0708333333333333,0.0625667464051332,0.130501221001221,0.0790185156503806,0.310158452968898,0.0530666512963787,0.0704929705441896,NA,NA,NA,NA,80.71422,13.99,277.86,1.2,1,0.2,0.0232506652451803,0.00829790976525295,0.0302125204250499,0.00899134850097944,0.01631451624548,0.00251548786742847,0.00317998016655441,NA,NA,NA,NA,3.84373432265388,0.690556063450084,13.4638987554486,0.164531781339372,0.130267789455786,0.0898933149950989,100
"msq","R08","adapt","single",0.0586822943997867,0.0654318882112557,0.0817533155220422,0.0997729886593138,0.27833156925659,0.0493621922786074,0.0827184284622352,NA,NA,NA,NA,0.454850000000003,68.82,274.56,5.97,5.43,0.54,0.0149398467675583,0.00571154452417933,0.0129448254628514,0.00777360189424699,0.0105586265426395,0.00297875734478326,0.00393223865596669,NA,NA,NA,NA,0.0145979407361925,3.41382749737273,13.4685066249778,0.638883970117209,0.555460496917975,0.13811135896351,100
"msq","R08","aldex2","single",0.00611111111111111,0.024863313126013,0.0136858974358974,0.0357484391059879,0.252205615293714,0.00915435658536662,0.241714564386377,NA,NA,NA,NA,11.73726,68.82,274.56,1.83,1.81,0.02,0.00511100131634377,0.00268747551347964,0.00760287176833692,0.00353524937257469,0.0103415802330888,0.00110345577790061,0.00545436279009774,NA,NA,NA,NA,0.617074617661119,3.41382749737273,13.4685066249778,0.201035199691874,0.197813808998015,0.014070529413629,100
"msq","R08","ancombc2","single",0.00142857142857143,0.0100386736522043,0.00142857142857143,0.0100386736522043,0.201046099336027,0.422175044376182,0.412610258321663,NA,NA,NA,NA,76.69268,68.82,274.56,0.66,0.65,0.01,0.00142857142857143,0.00212180137402574,0.00142857142857143,0.00212180137402574,0.00655758116494016,0.00683199393114778,0.00697217309922024,NA,NA,NA,NA,4.61538371253303,3.41382749737273,13.4685066249778,0.138695218505771,0.134370962471642,0.01,100
"msq","R08","corncob","single",0.316114406992553,0.320039543155076,0.366603408568628,0.390380645210663,0.303793330030285,0.138785390747715,0.144275094416465,NA,NA,NA,NA,11.58822,68.82,274.55,34.68,24.57,10.11,0.0168882730372739,0.0112465299465071,0.0149282495141527,0.0127871396382552,0.0124829687526844,0.00561200504501683,0.0071907618534254,NA,NA,NA,NA,0.596450314860316,3.41382749737273,13.4692794870026,2.04024557840521,1.61865731862909,0.71504679510639,100
"msq","R08","fastancom","single",0.0192522246272246,0.0401408296059204,0.0332750261348558,0.0661126109357137,0.298615862974873,0.0321770853581104,0.121541453501855,NA,NA,NA,NA,0.0387600000000023,68.82,274.56,3.6,3.39,0.21,0.00780077422155108,0.00438583846051214,0.00973359757230244,0.00679699703634016,0.0107678862607485,0.00314748365564027,0.00720640199612035,NA,NA,NA,NA,0.000958441495872968,3.41382749737273,13.4685066249778,0.49685881985599,0.437830971490095,0.0913368723048049,100
"msq","R08","ldm","single",0.0899526635472888,0.148447894535463,0.151164123841606,0.212284078684333,0.354542396797134,0.0592726008986972,0.0899983859499341,NA,NA,NA,NA,48.93592,68.82,274.56,14,12.47,1.53,0.0168390530615659,0.0102232497389014,0.0190857220234005,0.0133211312277964,0.0138218532107122,0.00420737503573576,0.00548164582496666,NA,NA,NA,NA,3.518278930624,3.41382749737273,13.4685066249778,1.26881794986475,1.13941815738285,0.313808472759672,100
"msq","R08","limma_logtss","single",0.0610364365552984,0.0664269541236105,0.106824070781247,0.104262337239106,0.289741875824219,0.0585749815919037,0.105185234429244,NA,NA,NA,NA,0.0398300000000005,68.82,274.56,6.15,5.36,0.79,0.0128152781514167,0.00626363279664044,0.0170693775921876,0.00835303896481126,0.0110019843089119,0.00461943684481671,0.00593030075417308,NA,NA,NA,NA,0.000356201906198873,3.41382749737273,13.4685066249778,0.732282304673118,0.614557408287304,0.173085487140274,100
"msq","R08","linda","single",0.0537327893841052,0.0829716489693053,0.103128148819425,0.124405070075387,0.291506587030349,0.0578537915739738,0.0815369457042793,NA,NA,NA,NA,0.19046,68.82,274.56,7.49,6.84,0.65,0.0107451987349398,0.00638622456041403,0.0150802026449493,0.00829810218678295,0.0111544940784237,0.00317066214640406,0.00402237584935045,NA,NA,NA,NA,0.00826674511204224,3.41382749737273,13.4685066249778,0.769952773049927,0.685450526473227,0.138078443522718,100
"msq","R08","lm_logtss","single",0.0732889488106207,0.0716480302150629,0.102432247918469,0.107281235676181,0.28560857365952,0.0612863960241429,0.104536253867473,NA,NA,NA,NA,0.0374199999999995,68.82,274.56,6.51,5.69,0.82,0.0138197477804636,0.00604436905670397,0.0170903251573311,0.00839424491434045,0.0109246437196064,0.00491135547077934,0.00584644744960309,NA,NA,NA,NA,0.000292733546579283,3.41382749737273,13.4685066249778,0.703166718739898,0.595555084426167,0.168403075861446,100
"msq","R08","locom","single",0.0276916353929253,0.109912411058735,0.0716533385576777,0.157706160612598,0.361293725918272,0.0491847613737565,0.0786459796904618,NA,NA,NA,NA,153.30177,68.82,274.56,10.24,9.8,0.44,0.00799814402350059,0.00879565248067451,0.0116072609906342,0.011465808220667,0.0114790118647449,0.00266878493588759,0.00363506034909247,NA,NA,NA,NA,5.86133840720778,3.41382749737273,13.4685066249778,1.05783464748237,1.00894984909053,0.0956846672960488,100
"msq","R08","locom2","single",0.0322867508486115,0.0934169591243086,0.0631634725354741,0.137206921144237,0.338160099105872,0.0414943614219477,0.0942393379353877,NA,NA,NA,NA,25.29737,68.82,274.56,8.87,8.48,0.39,0.0100594637230698,0.00792719662838208,0.0110691887940695,0.0105006835910721,0.0127438031940078,0.00229933664775257,0.00464427965080483,NA,NA,NA,NA,0.857756477962049,3.41382749737273,13.4685066249778,0.943628821907933,0.897750274606227,0.0993870101058371,100
"msq","R08","logistic_presence","single",0.0551578947368421,0.00719660459562893,0.1018,0.0152123792351411,0.150122332202365,0.0557026651219271,0.121255759280062,NA,NA,NA,NA,0.33256,68.28,272.71,0.71,0.57,0.14,0.0209267207672795,0.0019305045226728,0.0246710533909859,0.00284759132289771,0.00587583475146878,0.00310656135251497,0.00336007029287682,NA,NA,NA,NA,0.0181526819678597,3.43332097673563,13.5220754413819,0.214285281384844,0.161592454069245,0.0666969628130461,100
"msq","R08","maaslin3","abundance",0.0175,0.0329567075474302,0.0146590909090909,0.0447287176515165,0.258702327270588,0.0499661979636481,0.0736052769725915,NA,NA,NA,NA,9.14307,68.82,274.55,2.57,2.52,0.05,0.0107449124024571,0.00321349559744336,0.00525351158668461,0.00406090134525269,0.00980541454439328,0.00206049903869612,0.00306365081145442,NA,NA,NA,NA,0.486398773351847,3.41382749737273,13.4692794870026,0.281860700604846,0.277244741094663,0.021904291355759,100
"msq","R08","maaslin3","combined",0.0224358974358974,0.0415129261034143,0.024924676630559,0.0623135171531411,0.278274765784909,0.053909245714939,0.0998273842020774,NA,NA,NA,NA,9.14307,68.82,274.56,3.35,3.27,0.08,0.0110827779630943,0.00386891934260894,0.00741990259894048,0.0054014704062841,0.0107698031734037,0.00254686330218025,0.00407541219733584,NA,NA,NA,NA,0.486398773351847,3.41382749737273,13.4685066249778,0.360520106893842,0.355293306063221,0.0272659924344291,100
"msq","R08","maaslin3","presence",0.13,NA,0.28,NA,NA,0.0669535132994946,0.0889221862986044,0.137337738468342,NA,NA,NA,9.14307,0,273.39,0.14,NA,0.14,0.0337997668989631,NA,0.0451260859854213,NA,NA,0.00294382537784699,0.00365207563420069,0.00616410127345107,NA,NA,NA,0.486398773351847,0,13.5199433311226,0.0376587548676509,NA,0.0376587548676509,100
"msq","R08","pursue","abundance",0.108824124261195,0.0682485054578505,0.133782167102566,0.108043639710781,0.250575461727494,0.0693091760466247,0.0809691193641624,NA,NA,NA,NA,12.69221,68.82,274.55,5.8,5.11,0.69,0.0226154598913403,0.0054650239812621,0.0205461468019475,0.00751819508297828,0.0104673698375096,0.00421143490126358,0.00467469963702197,NA,NA,NA,NA,0.681566135921785,3.41382749737273,13.4692794870026,0.549195922796375,0.488017014109761,0.175058431803368,100
"msq","R08","pursue","combined",0.0743997560746787,0.0477472723348396,0.124267394441307,0.071515112405171,0.225748466847304,0.049882986495949,0.12932672840413,NA,NA,NA,NA,12.69221,68.82,274.56,4.01,3.59,0.42,0.0176185312654794,0.00439315442419065,0.0224920145812408,0.00569512268876161,0.00965875734607484,0.00330075108825422,0.00402466158903899,NA,NA,NA,NA,0.681566135921785,3.41382749737273,13.4685066249778,0.418147670981765,0.382468061649359,0.100684525808953,100
"msq","R08","pursue","presence",0.04,NA,0.06,NA,NA,0.029095690202044,0.228027646152561,0.0300735185849207,NA,NA,NA,12.69221,0,272.71,0.04,NA,0.04,0.0196946385566932,NA,0.0238683256575942,NA,NA,0.00172144746868064,0.00590361517856595,0.00294015987368174,NA,NA,NA,0.681566135921785,0,13.5220754413819,0.0196946385566932,NA,0.0196946385566932,100
"msq","R08","wilcoxon_tss","single",0.0509413127721951,0.0580339713541164,0.102759191740972,0.0897661583429759,0.247839117681439,0.0593382119714842,0.090923119013348,NA,NA,NA,NA,0.176819999999999,68.82,274.56,5.03,4.51,0.52,0.0119080047218778,0.00516062070310031,0.0170523119239594,0.00668115367577754,0.0101882339384549,0.00419146574639976,0.0048464560256584,NA,NA,NA,NA,0.00723031468921295,3.41382749737273,13.4685066249778,0.5257904102925,0.443925328146184,0.140331497864625,100
"msq","R08","zicoseq","single",0.0486299702808003,0.114271139918773,0.0720720410796689,0.166350604929805,0.336691701674343,0.0534082242621719,0.0808629278065761,NA,NA,NA,NA,80.47221,68.82,274.56,10.49,9.72,0.77,0.0129670970445872,0.00885307365650534,0.0108097841843726,0.0106316003056425,0.0115718468330673,0.00310701929401442,0.00412318191000872,NA,NA,NA,NA,3.91668070471488,3.41382749737273,13.4685066249778,1.05710630372434,0.959174729450355,0.210269187740694,100
"msq","R09","adapt","single",0.0345145399022763,0.0780837533392593,0.0675173204773374,0.1226068995303,0.272072855411706,0.049688660967384,0.0812213408430444,NA,NA,NA,NA,0.457369999999997,109.6,274.98,10.83,10.32,0.51,0.00995125360655956,0.00594399610529863,0.0108683030474314,0.0082123532714727,0.0107062047638762,0.00282064875544266,0.00339812462075747,NA,NA,NA,NA,0.0141437686961182,5.41634264765143,13.4582480436363,1.00252761366539,0.945898108848534,0.129095532709914,100
"msq","R09","aldex2","single",0.00857142857142857,0.0304349895922729,0.0124478021978022,0.0415182163204413,0.254395494083499,0.00867625796684662,0.248211265481613,NA,NA,NA,NA,12.52226,109.6,274.98,3.56,3.51,0.05,0.00423382623544605,0.00304575115704497,0.00483586426387239,0.00363385543792184,0.00972771287009615,0.00125117600804452,0.00559815707189618,NA,NA,NA,NA,0.655054284221367,5.41634264765143,13.4582480436363,0.364406255698114,0.359712286825081,0.021904291355759,100
"msq","R09","ancombc2","single",0.00236111111111111,0.0124949115540268,0.00236111111111111,0.0124949115540268,0.192652561856777,0.425306204108452,0.418677297143758,NA,NA,NA,NA,83.96894,109.6,274.98,1.2,1.18,0.02,0.00166403411618959,0.00216368535068739,0.00166403411618959,0.00216368535068739,0.0061388179845012,0.00742390879098467,0.00731188953310494,NA,NA,NA,NA,4.93739024124153,5.41634264765143,13.4582480436363,0.2,0.192998665405968,0.014070529413629,100
"msq","R09","corncob","single",0.230648251698263,0.350132961642106,0.264760019302704,0.430408358747612,0.297908212948386,0.145639928587502,0.156100721322728,NA,NA,NA,NA,12.14837,109.58,274.96,53.54,43.17,10.37,0.0133432009073988,0.0115034910325931,0.0119261164037954,0.0128090545416902,0.0130066193159777,0.00616311506961098,0.00774465016356895,NA,NA,NA,NA,0.632413570036781,5.41617815978997,13.4581049891502,3.25937404909581,2.92461013546155,0.677883664522359,100
"msq","R09","fastancom","single",0.0144124949124949,0.0580741300102511,0.0295593316143523,0.0915373558808583,0.302883921016863,0.0302350166126313,0.126335151084779,NA,NA,NA,NA,0.0361800000000002,109.6,274.98,7.92,7.72,0.2,0.0069673971956744,0.0050848098361973,0.00788906368423612,0.00745894245842252,0.010914263578619,0.00463077141625107,0.00811254882665846,NA,NA,NA,NA,0.000807462667617241,5.41634264765143,13.4582480436363,0.84967967820559,0.83606582313001,0.105409255338946,100
"msq","R09","ldm","single",0.0836359375317931,0.193840049872073,0.129160974205761,0.273091606421476,0.344207312418392,0.0657414987529925,0.101773040231124,NA,NA,NA,NA,55.91399,109.6,274.98,28.71,26.44,2.27,0.0153178644856285,0.0126422793685503,0.0157174453010078,0.0161286234711463,0.014315902358182,0.00498480647888293,0.00601447398554193,NA,NA,NA,NA,3.65349731429415,5.41634264765143,13.4582480436363,2.4349432200461,2.2995528770488,0.405481382451958,100
"msq","R09","limma_logtss","single",0.0322296732372585,0.0811221572781914,0.0639932795436192,0.129256801849854,0.290401001349688,0.0571038415878641,0.106996867889982,NA,NA,NA,NA,0.0407900000000001,109.6,274.98,11.18,10.38,0.8,0.00881676679711348,0.00717550795484244,0.014024718334365,0.0100837104208209,0.0113259145433426,0.0061080994760339,0.00699201973262512,NA,NA,NA,NA,0.000511542527631615,5.41634264765143,13.4582480436363,1.1458647654091,0.986554047626834,0.347865061496697,100
"msq","R09","linda","single",0.0507468851744147,0.104079357849569,0.0865218461705096,0.151046717290162,0.28753744439762,0.0564508303414733,0.0849101322855882,NA,NA,NA,NA,0.1956,109.6,274.98,14.39,13.48,0.91,0.00994189568702161,0.00690274452735898,0.0138607810483664,0.00932318071843194,0.0107201252427127,0.0034233078004315,0.00362864787253057,NA,NA,NA,NA,0.00927049190723025,5.41634264765143,13.4582480436363,1.22374611151764,1.14851507116227,0.182072801512211,100
"msq","R09","lm_logtss","single",0.0484855777425286,0.0871330965490999,0.0748160171976564,0.133155925981735,0.284171722169105,0.0593684704960173,0.106278463840038,NA,NA,NA,NA,0.0396700000000001,109.6,274.98,12.25,11.26,0.99,0.0134798746513496,0.0073411434390014,0.0144292169772366,0.0101694949840882,0.0112829413953136,0.00620386289742885,0.00712562763493597,NA,NA,NA,NA,0.000728226710176402,5.41634264765143,13.4582480436363,1.19859977229324,1.03099637989352,0.368862570559275,100
"msq","R09","locom","single",0.0317093713251613,0.143852691862993,0.0548894266035815,0.205255314932864,0.349115724566178,0.052268863455399,0.0850499662737533,NA,NA,NA,NA,123.90664,109.6,274.98,21.11,20.41,0.7,0.00627570729566816,0.01068088622963,0.00644586511079206,0.0138721420531108,0.0124556588278327,0.00273262881044246,0.0035112408400651,NA,NA,NA,NA,4.12140204651208,5.41634264765143,13.4582480436363,1.9908322710146,1.92831611264933,0.120185042515466,100
"msq","R09","locom2","single",0.0392389813107434,0.117296498930053,0.0878295372903218,0.180118128324935,0.331675302376377,0.0453327465563771,0.0962431115060935,NA,NA,NA,NA,25.56369,109.6,274.98,17.31,16.7,0.61,0.0099670952501906,0.00886722367640899,0.0179253971356555,0.0126816049777768,0.0135174027484595,0.00308568560711518,0.00490377975000133,NA,NA,NA,NA,0.890471952574713,5.41634264765143,13.4582480436363,1.65954204465563,1.60915938905813,0.133253764136574,100
"msq","R09","logistic_presence","single",0.0522777777777778,0.00752933137076744,0.0913321123321123,0.015201676536834,0.146620675571347,0.0578612086710485,0.119141256002004,NA,NA,NA,NA,0.33752,108.92,273.15,0.99,0.8,0.19,0.0182324871514871,0.00206242781298825,0.0220121494273367,0.00275546456162125,0.00598326544437963,0.00324307192772295,0.00293737518066685,NA,NA,NA,NA,0.0188174885345381,5.44078648503666,13.5179295453083,0.242668248413093,0.179223916152985,0.0812714618119454,100
"msq","R09","maaslin3","abundance",0.0117063492063492,0.03697788827185,0.0205947636300897,0.0575340136677547,0.250183588805679,0.0529336673815533,0.080518571727337,NA,NA,NA,NA,9.6547,109.58,274.96,4.62,4.57,0.05,0.00625312476762665,0.00329467939401757,0.00695852591050413,0.00467147063134043,0.00920530948287109,0.00259323116163527,0.00346950674158112,NA,NA,NA,NA,0.533725209156256,5.41617815978997,13.4581049891502,0.476684678617095,0.475087445433028,0.021904291355759,100
"msq","R09","maaslin3","combined",0.0193607821916645,0.0532793487509068,0.0391795934664896,0.0815732597227846,0.267592348087661,0.0559177706534623,0.102752462045279,NA,NA,NA,NA,9.6547,109.6,274.98,6.85,6.71,0.14,0.00708632959960455,0.00425049069025213,0.00881883233477445,0.0064039304348126,0.00973474031109486,0.00284328942713097,0.0042225124030095,NA,NA,NA,NA,0.533725209156256,5.41634264765143,13.4582480436363,0.671704450399779,0.659399022373457,0.0402517331328978,100
"msq","R09","maaslin3","presence",0.22,NA,0.39,NA,NA,0.08403378621247,0.102895581880159,0.144592519596897,NA,NA,NA,9.6547,0,273.88,0.34,NA,0.34,0.0416333199893227,NA,0.0490207130000197,NA,NA,0.00317774404376833,0.00381054473384301,0.005470493631025,NA,NA,NA,0.533725209156256,0,13.5084730611733,0.0819213715162967,NA,0.0819213715162967,100
"msq","R09","pursue","abundance",0.0820598761540892,0.0963209856199189,0.125851794003512,0.143000759729979,0.244122395150883,0.075622305374231,0.100862167120189,NA,NA,NA,NA,12.91457,109.58,274.96,13.62,11.84,1.78,0.0135197080450759,0.00728108241788165,0.015471892873776,0.0092526131520695,0.0092627837577413,0.00604766729162703,0.0069891994079529,NA,NA,NA,NA,0.717096344801926,5.41617815978997,13.4581049891502,1.40423457708274,1.15799548157734,0.467872899947251,100
"msq","R09","pursue","combined",0.0599451060635271,0.070925363653536,0.0990796561047508,0.100057456576926,0.221222382581264,0.0589682867915089,0.139634658281562,NA,NA,NA,NA,12.91457,109.6,274.98,9.33,8.37,0.96,0.0121023688446706,0.00549513168406208,0.0137350500635654,0.00753949847800105,0.00814628087010051,0.00487006879228797,0.00537027616363165,NA,NA,NA,NA,0.717096344801926,5.41634264765143,13.4582480436363,0.955056188521033,0.804991373314716,0.2929887783558,100
"msq","R09","pursue","presence",0.04,NA,0.06,NA,NA,0.0294425808245796,0.226177731453396,0.032967731164363,NA,NA,NA,12.91457,0,273.15,0.04,NA,0.04,0.0196946385566932,NA,0.0238683256575942,NA,NA,0.00126521742504448,0.00558712197233994,0.00177266032534745,NA,NA,NA,0.717096344801926,0,13.5179295453083,0.0196946385566932,NA,0.0196946385566932,100
"msq","R09","wilcoxon_tss","single",0.0399761598705363,0.0679080757354365,0.065984748079285,0.107189608721724,0.243911190969467,0.0577645608727463,0.0932944420691304,NA,NA,NA,NA,0.180929999999999,109.6,274.98,9.35,8.64,0.71,0.00984526068403912,0.00543248439029405,0.0109443021707221,0.00754670436284778,0.00988255318606552,0.00403559407646234,0.00461487493924876,NA,NA,NA,NA,0.00797557198480765,5.41634264765143,13.4582480436363,0.892774022104953,0.806353558066225,0.211915267991905,100
"msq","R09","zicoseq","single",0.0449697961524211,0.138098915591998,0.0777095874240516,0.205569567918627,0.317667956054398,0.0582717277410415,0.0940925951384355,NA,NA,NA,NA,78.57908,109.6,274.98,19.24,18.5,0.74,0.0114999818067491,0.00873552212976096,0.0123781783338244,0.0115960387982871,0.011935080685527,0.00373565335185559,0.00529234183644218,NA,NA,NA,NA,3.72069789629458,5.41634264765143,13.4582480436363,1.64507959341999,1.59174004273197,0.115137160189774,100
"msq","R10","adapt","single",0.0409285714285714,0.0488130588521088,0.1006829004329,0.0672711977187929,0.276434033124911,0.0509562379924842,0.0700864226612262,NA,NA,NA,NA,0.438760000000003,27.35,275.79,1.47,1.37,0.1,0.0160136516907529,0.00779590646739746,0.0218173617905987,0.00871644942929422,0.0124399756943632,0.00237517195761161,0.00297888627198047,NA,NA,NA,NA,0.0139845883425686,1.37204227340122,13.5451828628439,0.202736331726753,0.193664815095723,0.0333333333333333,100
"msq","R10","aldex2","single",0,0.0219533376615518,0.0133333333333333,0.0296148949235896,0.240990711465763,0.00913306623120884,0.235165310059926,NA,NA,NA,NA,12.11551,27.35,275.79,0.58,0.58,0,0,0.00371808481491789,0.0105089347908202,0.00428201615348768,0.0100038489250096,0.00110758210880731,0.00522287862589175,NA,NA,NA,NA,0.636113197869719,1.37204227340122,13.5451828628439,0.092310411770353,0.092310411770353,0,100
"msq","R10","ancombc2","single",0,0.00619308746173735,0,0.00619308746173735,0.201172424979639,0.427519925438302,0.419851440937579,NA,NA,NA,NA,64.03036,27.35,275.79,0.14,0.14,0,0,0.00177910675392108,0,0.00177910675392108,0.0106482220562668,0.00716747623248411,0.00687127349563676,NA,NA,NA,NA,3.76564054450343,1.37204227340122,13.5451828628439,0.0402517331328978,0.0402517331328978,0,100
"msq","R10","corncob","single",0.583752191248026,0.216135528767144,0.619255941844264,0.282450721841068,0.264589594171763,0.135780390891368,0.136102916841561,NA,NA,NA,NA,11.7596,27.35,275.78,15.8,6.65,9.15,0.0244048076654215,0.0117416817558854,0.0204503972846692,0.0135152361100296,0.0132045450648208,0.00472687296475855,0.00600701610767484,NA,NA,NA,NA,0.617866193385989,1.37204227340122,13.543887361038,1.12483444348603,0.50500025002494,0.859336718614767,100
"msq","R10","fastancom","single",0.02,0.0151710244390747,0.04,0.0242063634624707,0.228489695736356,0.0386257614510661,0.10992158743487,NA,NA,NA,NA,0.0370000000000033,27.35,275.79,0.45,0.42,0.03,0.0121439181269781,0.00283576218388313,0.01836773631599,0.00397449836530193,0.010560264470228,0.00294703571891985,0.00592673920643859,NA,NA,NA,NA,0.000876056360900982,1.37204227340122,13.5451828628439,0.079613967608604,0.076778574452444,0.0171446607997765,100
"msq","R10","ldm","single",0.0971944444444444,0.0767744181915629,0.160152984270631,0.110130145763055,0.320383530981217,0.0606995590612844,0.0834063612188961,NA,NA,NA,NA,29.87074,27.35,275.79,3.04,2.53,0.51,0.0250638135248814,0.00771087272271292,0.0266976883128515,0.0100338885016491,0.0136427772972053,0.00314876481338194,0.00450362138784374,NA,NA,NA,NA,2.89916221240941,1.37204227340122,13.5451828628439,0.330570367209113,0.300321376683261,0.15795089378818,100
"msq","R10","limma_logtss","single",0.103333333333333,0.0283236309280667,0.162547619047619,0.0474513831762393,0.240286885666659,0.0601924612755515,0.0914191471755581,NA,NA,NA,NA,0.0411999999999995,27.35,275.79,1.01,0.8,0.21,0.0278312616418862,0.00437683252043751,0.0309949730080812,0.00592587336092947,0.0146260873748173,0.00446808393134217,0.00559063585102974,NA,NA,NA,NA,0.000545690184791464,1.37204227340122,13.5451828628439,0.141774468787578,0.130267789455786,0.0640312423743285,100
"msq","R10","linda","single",0.0653333333333333,0.0532639024450951,0.124322814612288,0.0841661191865368,0.289836135949904,0.0581859814062186,0.0751753029160875,NA,NA,NA,NA,0.19862,27.35,275.79,1.88,1.67,0.21,0.0205544362239602,0.00629378625727372,0.024871632393098,0.00846018841250672,0.0144148718422754,0.00292366257863424,0.00329096427730766,NA,NA,NA,NA,0.00893103520869721,1.37204227340122,13.5451828628439,0.237103736407046,0.225206975509601,0.0807727826946826,100
"msq","R10","lm_logtss","single",0.125,0.0355142411967598,0.165666666666667,0.0491131046056809,0.240908970341747,0.0599668950443121,0.0923452675195991,NA,NA,NA,NA,0.03871,27.35,275.79,1.34,1.03,0.31,0.0297176197701564,0.00495148207117556,0.0310958892437423,0.00594614821160684,0.0149046447537022,0.00454114906977908,0.00566240792983651,NA,NA,NA,NA,0.000469320376887245,1.37204227340122,13.5451828628439,0.169503136051558,0.149379186683224,0.0906709000794198,100
"msq","R10","locom","single",0.0313654401154401,0.0725459882984578,0.0887122844475786,0.110546216862584,0.343547133761401,0.0512991845889936,0.073206221425165,NA,NA,NA,NA,154.69969,27.35,275.79,2.58,2.45,0.13,0.0121222393483368,0.00837627267174643,0.0187820765999247,0.0107893892828843,0.0127289955076639,0.00229282711589109,0.00351424631752978,NA,NA,NA,NA,6.22007997530018,1.37204227340122,13.5451828628439,0.333690717505739,0.320156211871642,0.0366666666666667,100
"msq","R10","locom2","single",0.0618554223554224,0.0741251251634594,0.119222635207929,0.100806207130792,0.345818190506188,0.0428631654724455,0.0892837396736128,NA,NA,NA,NA,24.8623,27.35,275.79,2.77,2.47,0.3,0.0153398893429658,0.00794619044745968,0.0236316173797625,0.00983799250178438,0.0126797619382888,0.00196902813547777,0.0041140031141446,NA,NA,NA,NA,0.825396390661585,1.37204227340122,13.5451828628439,0.348693086663428,0.310247538835581,0.0689019212175883,100
"msq","R10","logistic_presence","single",0.071,0.00394140078088812,0.124333333333333,0.00877012020594599,0.13851757527867,0.0546091996825083,0.113973804107079,NA,NA,NA,NA,0.34537,27.08,273.91,0.23,0.12,0.11,0.0248346044010686,0.00139472562948307,0.0320593410225685,0.00243929631594664,0.00926040688833552,0.00216282002540869,0.00256865933525632,NA,NA,NA,NA,0.0189643879709077,1.38408559319607,13.5995847753013,0.0649086382011771,0.0356186309210064,0.0423906793643331,100
"msq","R10","maaslin3","abundance",0.0212619047619048,0.027807908595562,0.0355119047619048,0.0368782096423436,0.256209294531556,0.0514441667381832,0.0669521400851411,NA,NA,NA,NA,9.60279,27.35,275.78,0.82,0.76,0.06,0.0111410262614438,0.00477082311449495,0.0133425105738189,0.00541430997996045,0.0112589554596441,0.00194746217204492,0.00294075543730302,NA,NA,NA,NA,0.53036555514079,1.37204227340122,13.543887361038,0.140977826181097,0.128015150618506,0.0238683256575942,100
"msq","R10","maaslin3","combined",0.0273571428571429,0.0333843864365639,0.0456071428571429,0.049819505606531,0.274613235231894,0.054364449262092,0.0921874899720517,NA,NA,NA,NA,9.60279,27.35,275.79,1.03,0.95,0.08,0.0121329499143918,0.00518496620043071,0.0162984447032061,0.00675827564048795,0.0120320545562641,0.00203816834648623,0.00344186699913129,NA,NA,NA,NA,0.53036555514079,1.37204227340122,13.5451828628439,0.164196851555096,0.149325080940811,0.0272659924344291,100
"msq","R10","maaslin3","presence",0,NA,0.03,NA,NA,0.0492388509843294,0.0739922253160184,0.123117494820238,NA,NA,NA,9.60279,0,274.63,0,NA,0,0,NA,0.0171446607997765,NA,NA,0.00206066028222316,0.0033741714054796,0.00904838052302274,NA,NA,NA,0.53036555514079,0,13.5997671920062,0,NA,0,100
"msq","R10","pursue","abundance",0.0527301587301587,0.0539228011895312,0.123285187035187,0.083358112702013,0.277363215532609,0.0552643522921303,0.0686494167472061,NA,NA,NA,NA,13.14656,27.35,275.78,1.8,1.54,0.26,0.0175697132669297,0.00694625221855261,0.0233028672231538,0.00824096497497303,0.0112265814670676,0.00216856371862703,0.00320992139453905,NA,NA,NA,NA,0.716017629617618,1.37204227340122,13.543887361038,0.242462118253303,0.205195152245492,0.108822903115219,100
"msq","R10","pursue","combined",0.0372619047619048,0.0414566132001015,0.0703968253968254,0.0539228011895312,0.253804259949041,0.0410003851719153,0.130690052704856,NA,NA,NA,NA,13.14656,27.35,275.79,1.24,1.09,0.15,0.0175671132130234,0.00606527407686462,0.0192295454596551,0.00694625221855261,0.0109952834615507,0.00188294716200723,0.00400862491832833,NA,NA,NA,NA,0.716017629617618,1.37204227340122,13.5451828628439,0.184292258013288,0.158334130779491,0.0936089005523848,100
"msq","R10","pursue","presence",0,NA,0.04,NA,NA,0.0281701630222537,0.22777720070943,0.0342475593365816,NA,NA,NA,13.14656,0,273.91,0,NA,0,0,NA,0.0196946385566932,NA,NA,0.00139304203466464,0.00607684786384131,0.00439784484265262,NA,NA,NA,0.716017629617618,0,13.5995847753013,0,NA,0,100
"msq","R10","wilcoxon_tss","single",0.0675,0.0359480829494555,0.111738095238095,0.0466223173333475,0.233799262663935,0.055324426912366,0.0785822826077664,NA,NA,NA,NA,0.184939999999999,27.35,275.79,1.28,1.04,0.24,0.021244098672221,0.00459100587330668,0.0269384056886585,0.00511495548108931,0.0114757822435956,0.00305703363496453,0.00374437109162277,NA,NA,NA,NA,0.00796997927832752,1.37204227340122,13.5451828628439,0.16822303617219,0.143491808093351,0.0911431330768847,100
"msq","R10","zicoseq","single",0.0377777777777778,0.0846663625635063,0.103464368964369,0.10542978634263,0.312451689788207,0.0513644066346249,0.0728895626391149,NA,NA,NA,NA,78.85541,27.35,275.79,2.71,2.58,0.13,0.011806719094969,0.00826508655509624,0.0189077257559961,0.00931662127088574,0.013308258741804,0.00220210270937875,0.0028066007249933,NA,NA,NA,NA,3.7008400935189,1.37204227340122,13.5451828628439,0.304609370648489,0.294453782966072,0.0366666666666667,100
"msq","R11","adapt","single",0.0396190476190476,0.0466639074475381,0.0679862637362637,0.0602084892413404,0.259665838538028,0.0508917165711109,0.0716729100627881,NA,NA,NA,NA,0.438020000000001,27.57,275.34,1.43,1.29,0.14,0.0147427112262269,0.00599371131504394,0.0170391605334421,0.00721264047181661,0.012016209768396,0.002608609681316,0.00312727476780437,NA,NA,NA,NA,0.0139564400253722,1.33675734597578,13.5356336304503,0.191883276809606,0.170142542735451,0.0532195756495975,100
"msq","R11","aldex2","single",0.015,0.0225655214192761,0.0145,0.0301762674837912,0.231486119320548,0.00809300787273964,0.241630573761192,NA,NA,NA,NA,12.04857,27.57,275.34,0.6,0.57,0.03,0.0105528970602217,0.00366011950765817,0.0104517892721724,0.0047841945231808,0.00915877470214483,0.00103122809749618,0.00535516200683914,NA,NA,NA,NA,0.642275570244053,1.33675734597578,13.5356336304503,0.0898933149950989,0.0831877516236737,0.0171446607997765,100
"msq","R11","ancombc2","single",0,0.00621426628570403,0,0.00621426628570403,0.194360028310269,0.43270384916087,0.422809479061827,NA,NA,NA,NA,60.83864,27.57,275.34,0.13,0.13,0,0,0.0021309580432631,0,0.0021309580432631,0.0105849782963202,0.00792540229661683,0.00735211871696254,NA,NA,NA,NA,3.54247263093353,1.33675734597578,13.5356336304503,0.0393251147037697,0.0393251147037697,0,100
"msq","R11","corncob","single",0.516870896469117,0.236797338106844,0.565358581614592,0.310007439557945,0.286308795822288,0.137452365859918,0.138876966989152,NA,NA,NA,NA,11.79228,27.55,275.26,14.88,6.65,8.23,0.0243499490965602,0.0115557652149525,0.0206654332160718,0.0133584604570834,0.0138819985284302,0.00538566563387731,0.00672369787163161,NA,NA,NA,NA,0.624175843858576,1.33699308339666,13.5345246527448,0.96758368207519,0.439783004343154,0.764866793710651,100
"msq","R11","fastancom","single",0.0225,0.0145446451594464,0.0238333333333333,0.0234911691434975,0.20788875468653,0.0349751154961707,0.109230904658701,NA,NA,NA,NA,0.0368400000000048,27.57,275.34,0.45,0.4,0.05,0.0116567418101985,0.00289548906365916,0.0089337724149594,0.00437538756709012,0.00922079092355763,0.00288205264561934,0.00659913725549518,NA,NA,NA,NA,0.000780794725930525,1.33675734597578,13.5356336304503,0.0914253020699733,0.080403025220737,0.021904291355759,100
"msq","R11","ldm","single",0.081466966966967,0.07205149744774,0.138366961193232,0.111502959381162,0.320613967273563,0.059626014736953,0.0870146531958557,NA,NA,NA,NA,25.13601,27.57,275.34,2.71,2.05,0.66,0.0203766825242709,0.00756096741216585,0.0253777959507141,0.00896710183029784,0.0134901624671254,0.00416611868644142,0.00483729148060195,NA,NA,NA,NA,2.951639994729,1.33675734597578,13.5356336304503,0.438844902539438,0.235434264560817,0.346765720114409,100
"msq","R11","limma_logtss","single",0.0577857142857143,0.0350199914070738,0.0893567266067266,0.0524370819861885,0.256308175308476,0.0572675371147511,0.101801881941291,NA,NA,NA,NA,0.0405699999999992,27.57,275.34,1.18,0.93,0.25,0.0184166430752414,0.00542743580387236,0.02260298857795,0.00822799576355398,0.0140165989284248,0.00424332332720604,0.00550635683605077,NA,NA,NA,NA,0.000431172936314488,1.33675734597578,13.5356336304503,0.224904019932544,0.165300461052722,0.0978299906506541,100
"msq","R11","linda","single",0.0524126984126984,0.0422594353791774,0.0983961038961039,0.0648063719671233,0.287620393108167,0.0537550126155502,0.0744928697374284,NA,NA,NA,NA,0.193330000000001,27.57,275.34,1.41,1.18,0.23,0.0178887768542645,0.00573939021507252,0.023133675205423,0.00725511069513521,0.0121172830581708,0.00329535981200363,0.00300713513019042,NA,NA,NA,NA,0.00871053066376825,1.33675734597578,13.5356336304503,0.198017956537055,0.147969420810347,0.0972916058334766,100
"msq","R11","lm_logtss","single",0.0382857142857143,0.0417285437513606,0.0841946386946387,0.0573017471940988,0.252177262827829,0.0582375316858198,0.101645194294239,NA,NA,NA,NA,0.0380699999999996,27.57,275.34,1.36,1.11,0.25,0.0121295128933459,0.00614432292409477,0.0214461663301582,0.00803978911110223,0.0137047918463648,0.0041525875766194,0.00558388429709156,NA,NA,NA,NA,0.000311157824775763,1.33675734597578,13.5356336304503,0.245163313946134,0.183619611197066,0.0998736575616788,100
"msq","R11","locom","single",0.0480681818181818,0.0509769961607261,0.0783801084536379,0.0864723579554067,0.339537438890453,0.0488288135185975,0.0783252567070855,NA,NA,NA,NA,154.66361,27.57,275.34,1.86,1.71,0.15,0.0161480421610844,0.00657423044186232,0.017894083677697,0.0089084424505293,0.0137003621196704,0.00279687672092474,0.003424789948766,NA,NA,NA,NA,5.96426026537324,1.33675734597578,13.5356336304503,0.270808740142141,0.252380584823713,0.0385992097056273,100
"msq","R11","locom2","single",0.0461558441558442,0.053758165320802,0.0777404017551076,0.0824248882788001,0.330742409642433,0.0429938079321219,0.0899230448585723,NA,NA,NA,NA,24.8927,27.57,275.34,1.98,1.78,0.2,0.0143902515645949,0.00592006340052336,0.0173378949258752,0.00825236581956734,0.0138980966974966,0.00284237641731959,0.00426140967217717,NA,NA,NA,NA,0.83546516269729,1.33675734597578,13.5356336304503,0.258191065419829,0.224544432173684,0.0586032715327688,100
"msq","R11","logistic_presence","single",0.09,0.00285425685425685,0.108333333333333,0.00703398391364551,0.121929053056296,0.0592502799500614,0.114093793265005,NA,NA,NA,NA,0.33401,27.37,273.54,0.21,0.06,0.15,0.0287623491264661,0.00144332956827327,0.0296230527212381,0.00225810309028626,0.00811012316874449,0.00295094304596604,0.00263550786037931,NA,NA,NA,NA,0.0181047652357721,1.34387161183311,13.5858766535121,0.0573752489486468,0.0238683256575942,0.0538891492235719,100
"msq","R11","maaslin3","abundance",0,0.0239612302328626,0.0383333333333333,0.0356739944770064,0.255217216519382,0.0497084594263464,0.0644010531286475,NA,NA,NA,NA,9.48574,27.55,275.27,0.63,0.63,0,0,0.00393807167719253,0.0178620163303296,0.00497837502496678,0.0100893382406048,0.00181752354721586,0.00272932539765962,NA,NA,NA,NA,0.508712603196053,1.33699308339666,13.5336009452568,0.0970837397572453,0.0970837397572453,0,100
"msq","R11","maaslin3","combined",0.00166666666666667,0.0319864435339549,0.0480952380952381,0.0441837584828343,0.264989434543847,0.0546668363693269,0.092936863162229,NA,NA,NA,NA,9.48574,27.57,275.34,0.87,0.86,0.01,0.00166666666666667,0.00463386172256843,0.0183423108520368,0.00561019151282592,0.0105297995752194,0.00224231776474322,0.00397431123825582,NA,NA,NA,NA,0.508712603196053,1.33675734597578,13.5356336304503,0.128436597572341,0.124738109491831,0.01,100
"msq","R11","maaslin3","presence",0.01,NA,0.04,NA,NA,0.0500193659227862,0.070698200132884,0.11124829483085,NA,NA,NA,9.48574,0,274.2,0.01,NA,0.01,0.01,NA,0.0196946385566932,NA,NA,0.00204513992658585,0.00271071417552849,0.00843506075826792,NA,NA,NA,0.508712603196053,0,13.583769280976,0.01,NA,0.01,100
"msq","R11","pursue","abundance",0.0526666666666667,0.0573810306126059,0.0794265873015873,0.0801609640602629,0.282723787405466,0.0536319326755099,0.0652839871105111,NA,NA,NA,NA,12.77524,27.55,275.27,1.64,1.48,0.16,0.0177536452367371,0.00766987650551238,0.0177750750079113,0.00905738221580457,0.0122546836495068,0.00213426332450012,0.00276023364705542,NA,NA,NA,NA,0.694186498551878,1.33699308339666,13.5336009452568,0.226309879625618,0.201749920205759,0.0506921785850339,100
"msq","R11","pursue","combined",0.0291666666666667,0.0412607831713393,0.0689285714285714,0.0594199916515669,0.249739697713446,0.0421927676533716,0.130776154788481,NA,NA,NA,NA,12.77524,27.57,275.34,1.13,1.05,0.08,0.0135242538915132,0.00597521734991939,0.0207343142627747,0.00789834657756353,0.0115984678151445,0.00191302338913333,0.00417670478207646,NA,NA,NA,NA,0.694186498551878,1.33675734597578,13.5356336304503,0.174457311498697,0.159148618681667,0.0338743966363203,100
"msq","R11","pursue","presence",0.02,NA,0.03,NA,NA,0.0300304454183032,0.236179937030809,0.0293724230393737,NA,NA,NA,12.77524,0,273.54,0.02,NA,0.02,0.014070529413629,NA,0.0171446607997765,NA,NA,0.00180359852968154,0.00584934747719405,0.00427432680762542,NA,NA,NA,0.694186498551878,0,13.5858766535121,0.014070529413629,NA,0.014070529413629,100
"msq","R11","wilcoxon_tss","single",0.0442619047619048,0.0355630619434967,0.0704157509157509,0.0474795933575951,0.220765200584006,0.0560097915084549,0.0815243139375408,NA,NA,NA,NA,0.178770000000001,27.57,275.34,1.13,0.93,0.2,0.0164439560661683,0.00520879594627877,0.0204236341822857,0.00620687656364792,0.0115740070762685,0.00313129946972546,0.0039012159766642,NA,NA,NA,NA,0.00740426924350429,1.33675734597578,13.5356336304503,0.187839927554922,0.139446959613519,0.105409255338946,100
"msq","R11","zicoseq","single",0.0638571428571429,0.0674891418024466,0.124680777555778,0.0878170518009387,0.309325724176533,0.0508945881326226,0.0763177133599985,NA,NA,NA,NA,76.68424,27.57,275.34,2.35,2.07,0.28,0.0197940384446129,0.00707994743565872,0.0260479038835806,0.00842717107159815,0.0121783914212856,0.00260330578912881,0.00347090245159611,NA,NA,NA,NA,3.55557224825337,1.33675734597578,13.5356336304503,0.270194467939391,0.242984390736142,0.0888535283202052,100
"msq","R12","adapt","single",0.0125,0.00338449714536671,0.047,0.00682947085120998,0.122263484419875,0.0490050760763185,0.0722952261075625,NA,NA,NA,NA,0.42437,27.43,276.4,0.14,0.11,0.03,0.0102832363337108,0.00129916332799185,0.0202736331726753,0.0020334300846073,0.0070364639156204,0.00188245651727585,0.00303203771541365,NA,NA,NA,NA,0.0125539695923343,1.372180672499,13.4732507157139,0.0532195756495975,0.0423906793643331,0.0222701503353614,100
"msq","R12","aldex2","single",0,0.0024039109039109,0,0.00457057757057757,0.138032561441617,0.00556141365046604,0.243832288861024,NA,NA,NA,NA,11.65501,27.43,276.4,0.05,0.05,0,0,0.00114784552663901,0,0.00172878643080532,0.00770678605255117,0.000677003315840114,0.00520593633240764,NA,NA,NA,NA,0.59210494710214,1.372180672499,13.4732507157139,0.021904291355759,0.021904291355759,0,100
"msq","R12","ancombc2","single",0,0.000666666666666667,0,0.000666666666666667,0.0757915369560146,0.432742254926441,0.423617909977054,NA,NA,NA,NA,48.83436,27.43,276.4,0.01,0.01,0,0,0.000666666666666667,0,0.000666666666666667,0.00488902806738854,0.00732196261428668,0.0069549999550681,NA,NA,NA,NA,2.76380428996634,1.372180672499,13.4732507157139,0.01,0.01,0,100
"msq","R12","corncob","single",0.683508823523783,0.057269332809225,0.735067889075312,0.0953703684187497,0.12191106892919,0.128997656811735,0.124171476946399,NA,NA,NA,NA,11.19401,27.43,276.39,7.27,1.47,5.8,0.0323763163475361,0.00618746295303989,0.024524157072314,0.0085325811331012,0.00777486834739214,0.00399253854798892,0.00502332921905423,NA,NA,NA,NA,0.576794307382877,1.372180672499,13.4722077933902,0.702787379660521,0.161717424084498,0.585170267891528,100
"msq","R12","fastancom","single",0,0.00225576275576276,0,0.00262613312613312,0.136167134583681,0.0269030841885934,0.115856559818199,NA,NA,NA,NA,0.0372699999999992,27.43,276.4,0.05,0.05,0,0,0.00111168521838711,0,0.00116453428499607,0.00777554965000998,0.00255165320605507,0.00727345400719033,NA,NA,NA,NA,0.000853614418667818,1.372180672499,13.4732507157139,0.021904291355759,0.021904291355759,0,100
"msq","R12","ldm","single",0.041,0.00744408131352679,0.0688095238095238,0.0131116559310262,0.158589357623543,0.0487004158185525,0.0724992483563181,NA,NA,NA,NA,10.21566,27.43,276.4,0.32,0.21,0.11,0.018645821694596,0.00232265922737538,0.0229869824149282,0.00347576265278517,0.00845923289001649,0.00233654944692337,0.0036036150194512,NA,NA,NA,NA,1.24730597440316,1.372180672499,13.4732507157139,0.112707720689535,0.0624338033278431,0.0649708559371979,100
"msq","R12","limma_logtss","single",0.012,0.00336204294899947,0.0210714285714286,0.00644541288019549,0.127836167984731,0.0465394697822857,0.0843519515481566,NA,NA,NA,NA,0.0400099999999998,27.43,276.4,0.16,0.0799999999999999,0.08,0.00856112897303441,0.00155497931946283,0.0133060074810421,0.00291793984290492,0.00756848324122878,0.00349046620130565,0.005175305558579,NA,NA,NA,NA,0.000429586364360467,1.372180672499,13.4732507157139,0.103201284151434,0.0367354726319799,0.0706106124166799,100
"msq","R12","linda","single",0.0175,0.00468763285547916,0.0333333333333333,0.00730616737492369,0.127034534251272,0.0527593852806874,0.0695059647225648,NA,NA,NA,NA,0.1917,27.43,276.4,0.18,0.14,0.04,0.0113790299776529,0.00144736194585908,0.0158910431540932,0.00202758990727149,0.0074887666364158,0.00214764096744065,0.00251826785354241,NA,NA,NA,NA,0.0083666304478269,1.372180672499,13.4732507157139,0.0557411042864304,0.042687494916219,0.0242878362539562,100
"msq","R12","lm_logtss","single",0.0188636363636364,0.00570467213945475,0.0409905660377358,0.00818615362093623,0.130843513957095,0.0468105883550982,0.0834751249216853,NA,NA,NA,NA,0.0378299999999999,27.43,276.4,0.26,0.16,0.1,0.0120263809345887,0.00210914399072386,0.0191099277863684,0.00342947228630655,0.0076271111699235,0.00344038246629678,0.00516366252430707,NA,NA,NA,NA,0.000351635428743266,1.372180672499,13.4732507157139,0.121953791547156,0.0598314129851366,0.0731678573796947,100
"msq","R12","locom","single",0.03,0.00393775065021938,0.0375,0.00673955194595395,0.146640956955633,0.0503927746290429,0.0674459437586048,NA,NA,NA,NA,147.80073,27.43,276.4,0.18,0.13,0.05,0.0156023826204315,0.00140256003963028,0.0164282185168193,0.00224453613351053,0.00808739932966522,0.00213600580017251,0.00299679921421233,NA,NA,NA,NA,6.50377806242058,1.372180672499,13.4732507157139,0.0592546294487706,0.0441645225322889,0.0261116483933547,100
"msq","R12","locom2","single",0.0958333333333333,0.00420852561004956,0.107333333333333,0.00555239912783612,0.151310273323208,0.0373398792405984,0.0890671729299914,NA,NA,NA,NA,25.1003,27.43,276.4,0.29,0.15,0.14,0.0280885394668843,0.00141026766953615,0.0287353339355241,0.00166931792382696,0.0087863882631879,0.00165082876032128,0.00414280466528191,NA,NA,NA,NA,0.846240457087772,1.372180672499,13.4732507157139,0.0742572650596655,0.05,0.0402517331328978,100
"msq","R12","logistic_presence","single",0.0483333333333333,0.000671936758893281,0.101666666666667,0.00182578291273944,0.0783496833275786,0.0561649528680323,0.111961293030903,NA,NA,NA,NA,0.33299,27.27,274.49,0.09,0.03,0.06,0.0204185991664265,0.000501870802496467,0.0289058807837311,0.000984824594659441,0.00573895660264453,0.002096209442788,0.00247710175133046,NA,NA,NA,NA,0.0179384835175411,1.37685448861827,13.5265283309084,0.0404395046378357,0.0222701503353614,0.0238683256575942,100
"msq","R12","maaslin3","abundance",0.03,0.00386601307189542,0.04,0.00521361619341159,0.105965756165638,0.0525245792316683,0.0618264864291,NA,NA,NA,NA,9.22336,27.43,276.39,0.1,0.0699999999999999,0.03,0.0171446607997765,0.00184079842936816,0.0196946385566932,0.00197057057234366,0.00731784844233513,0.00186680323208336,0.0027470731694533,NA,NA,NA,NA,0.494246351390302,1.372180672499,13.4722077933902,0.0362371537669739,0.0325824517434793,0.0171446607997765,100
"msq","R12","maaslin3","combined",0.03,0.00521361619341159,0.07,0.00633023230396097,0.115785619425364,0.0529876620585218,0.0938460376931049,NA,NA,NA,NA,9.22336,27.43,276.4,0.14,0.11,0.03,0.0171446607997765,0.00197057057234366,0.0248937134573564,0.00246981390424259,0.00715550916197935,0.00186143427400659,0.00339625050897442,NA,NA,NA,NA,0.494246351390302,1.372180672499,13.4732507157139,0.042687494916219,0.0399368187885502,0.0171446607997765,100
"msq","R12","maaslin3","presence",0,NA,0.01,NA,NA,0.0441126425923433,0.0721565580369108,0.0714055355694656,NA,NA,NA,9.22336,0,275.22,0,NA,0,0,NA,0.01,NA,NA,0.0018203180850176,0.00304214375495105,0.00603163272936099,NA,NA,NA,0.494246351390302,0,13.52475157075,0,NA,0,100
"msq","R12","pursue","abundance",0.045,0.00370420848744503,0.145,0.00702881915649374,0.108755065386468,0.0572871257400075,0.0646844425709059,NA,NA,NA,NA,12.74792,27.43,276.39,0.15,0.09,0.06,0.0202197523189179,0.00142278786386399,0.0335560739808772,0.00182189911662816,0.00695660684267592,0.00193506667490722,0.00259758190945964,NA,NA,NA,NA,0.697486860624223,1.372180672499,13.4722077933902,0.0435194139889245,0.0320825954263824,0.0277797979063414,100
"msq","R12","pursue","combined",0.0383333333333333,0.00284366925064599,0.0933333333333333,0.00421702900026554,0.0996634384335602,0.0432221018742197,0.125454951047025,NA,NA,NA,NA,12.74792,27.43,276.4,0.11,0.06,0.05,0.0180184155702797,0.00134764241777461,0.0279610118167813,0.00149964480648672,0.0062191754548405,0.00182869595270976,0.00426083538435996,NA,NA,NA,NA,0.697486860624223,1.372180672499,13.4732507157139,0.0423906793643331,0.0277797979063414,0.021904291355759,100
"msq","R12","pursue","presence",0.05,NA,0.07,NA,NA,0.0256941309225057,0.228561811632947,0.0242553932587233,NA,NA,NA,12.74792,0,274.49,0.05,NA,0.05,0.021904291355759,NA,0.0256432399976243,NA,NA,0.00138939765954887,0.0057179683106149,0.00340429574608754,NA,NA,NA,0.697486860624223,0,13.5265283309084,0.021904291355759,NA,0.021904291355759,100
"msq","R12","wilcoxon_tss","single",0.021,0.00504386113081765,0.0435,0.00681197707284664,0.122044809586005,0.0486625432288215,0.0750963406147156,NA,NA,NA,NA,0.17932,27.43,276.4,0.19,0.13,0.06,0.0125766337774349,0.00186486294470765,0.0187575573995113,0.00211592594702184,0.00736998248569283,0.00209401558953946,0.00323111030710668,NA,NA,NA,NA,0.00764624262383986,1.372180672499,13.4732507157139,0.0706320670013903,0.048523658709391,0.0371184290855335,100
"msq","R12","zicoseq","single",0.025,0.0070413483407736,0.0515909090909091,0.0103424052343374,0.137614344854923,0.0497749675293624,0.0715982734312736,NA,NA,NA,NA,79.82915,27.43,276.4,0.24,0.18,0.06,0.0135307356814331,0.00195318278956036,0.0204069311133635,0.00254330222760374,0.00779668210665905,0.00211779812131663,0.00270922393335114,NA,NA,NA,NA,3.70520966007678,1.372180672499,13.4732507157139,0.0683425714376264,0.0479477830456205,0.0342893215995531,100
"msq","R13","adapt","single",0.0466911532211775,0.320243886539022,0.0822108056445752,0.370647818490698,0.574048658919551,0.0527602029828857,0.072237517397088,NA,NA,NA,NA,0.448950000000004,26.8,273.9,11.04,10.4,0.64,0.0111377279256648,0.0181941913583005,0.0125549939510099,0.0194702185226984,0.0173546701228978,0.0025457832016077,0.00338671584448892,NA,NA,NA,NA,0.0136879684320933,1.41899096316198,13.5000823042759,0.943336010275675,0.897246067169149,0.129115092342867,100
"msq","R13","aldex2","single",0.0109090909090909,0.133048595381166,0.0109090909090909,0.152568735256428,0.470246635352216,0.00856668448719295,0.237452786874144,NA,NA,NA,NA,12.32838,26.8,273.9,4.32,4.26,0.06,0.00826556466483991,0.010476104426698,0.00826556466483991,0.011361611873536,0.0160247026726294,0.00101172999583985,0.00480635205636651,NA,NA,NA,NA,0.637646318923244,1.41899096316198,13.5000823042759,0.410439527897358,0.410129321807233,0.0422115882408869,100
"msq","R13","ancombc2","single",0.00433333333333333,0.164418004207582,0.00433333333333333,0.164418004207582,0.584930368334782,0.424336072552581,0.415116390207453,NA,NA,NA,NA,86.85428,26.8,273.9,5.42,5.39,0.03,0.00347041367041035,0.012220913310698,0.00347041367041035,0.012220913310698,0.0123371489883725,0.00741519565948386,0.00684403589490549,NA,NA,NA,NA,5.08712715217935,1.41899096316198,13.5000823042759,0.50215294060433,0.501491714182736,0.0222701503353613,100
"msq","R13","corncob","single",0.394394490051047,0.698146277697531,0.465813505211664,0.756141166032334,0.640921917880324,0.143567124822048,0.145679085425695,NA,NA,NA,NA,11.90397,26.76,273.83,32.15,19.92,12.23,0.0183821168604283,0.0163026163973135,0.0170974201531314,0.0140483430748651,0.0187537427732411,0.00585289489129085,0.00702218985226765,NA,NA,NA,NA,0.631585219256142,1.41736132701338,13.496696602944,1.78259684593896,1.25807934422422,0.954400229452926,100
"msq","R13","fastancom","single",0.00977550940631436,0.261403425744947,0.0279500580612709,0.302935209947744,0.585080421113542,0.0285753627346562,0.111923006132281,NA,NA,NA,NA,0.0372599999999949,26.8,273.9,9.09,8.96,0.13,0.00310809761312367,0.0177509459717936,0.00705287186634309,0.0202045822199589,0.0177228228509848,0.0022450709680263,0.00604023082485599,NA,NA,NA,NA,0.000833105423379616,1.41899096316198,13.5000823042759,0.8434051951656,0.832777996778969,0.0366666666666666,100
"msq","R13","ldm","single",0.108100413804415,0.458978862802227,0.169261676367334,0.535323866096418,0.651808098959768,0.0697848559234496,0.0907080782040503,NA,NA,NA,NA,51.58274,26.8,273.9,16.72,14.23,2.49,0.0185676183436671,0.0210047013955949,0.0203564695629814,0.0214991861059755,0.0185588429471053,0.00576033900970838,0.00664788130267154,NA,NA,NA,NA,3.61260605508214,1.41899096316198,13.5000823042759,1.34270042989657,1.12248416784857,0.68394207918271,100
"msq","R13","limma_logtss","single",0.0761295501687717,0.34184756364685,0.120878207002953,0.399430420031422,0.606542826477802,0.060676543196025,0.0985310711355609,NA,NA,NA,NA,0.04056,26.8,273.9,12.28,11.07,1.21,0.016882487214854,0.0189282168470374,0.0213693710979949,0.0201548797407177,0.0174077764925254,0.00487541392624187,0.00599411904599775,NA,NA,NA,NA,0.000437236500735859,1.41899096316198,13.5000823042759,1.06268955528371,0.939401808373689,0.392427050417004,100
"msq","R13","linda","single",0.065055962890375,0.36023447156156,0.113397605852613,0.430911078787495,0.614653142774714,0.0592073604402442,0.0739042243068315,NA,NA,NA,NA,0.19131,26.8,273.9,12.39,11.53,0.86,0.0157256677720076,0.0193531618337433,0.0156102085364433,0.0203647306374716,0.0169757022963142,0.00337528638773602,0.00392504565013446,NA,NA,NA,NA,0.00840840963115219,1.41899096316198,13.5000823042759,1.01433114748965,0.957000258594268,0.175245859041265,100
"msq","R13","lm_logtss","single",0.0790153416229584,0.324374417890734,0.125344060179888,0.392531023450268,0.589192427837756,0.0621500054382977,0.098489261557402,NA,NA,NA,NA,0.0382999999999991,26.8,273.9,11.83,10.59,1.24,0.0170096361556621,0.0188839634476777,0.0217352368450322,0.0199977871043496,0.0180281216895082,0.00488288438444125,0.00606526303668264,NA,NA,NA,NA,0.00040289357443766,1.41899096316198,13.5000823042759,1.04659669714014,0.917296753146621,0.404050201901404,100
"msq","R13","locom","single",0.0700513998465638,0.429217265345048,0.115977935762839,0.503182393545833,0.674439849143804,0.0540179642408498,0.0721487353932234,NA,NA,NA,NA,149.9366,26.8,273.9,14.46,13.52,0.94,0.0142592477448836,0.0208763590742516,0.0147889603428375,0.0204371629920136,0.0161185098890631,0.00315382978331471,0.00355074698998826,NA,NA,NA,NA,5.99602013709464,1.41899096316198,13.5000823042759,1.13372720428566,1.09327420387041,0.144123964598942,100
"msq","R13","locom2","single",0.0800684571736431,0.36610590133538,0.109581090771349,0.415254011649557,0.626260643191689,0.0480641336805182,0.0918694244278211,NA,NA,NA,NA,26.09369,26.8,273.9,12.65,11.79,0.86,0.0163469427886843,0.0194240765963698,0.0163089843683565,0.0200384599835492,0.01793875872746,0.0031888295482736,0.00404656638407362,NA,NA,NA,NA,0.972420490031619,1.41899096316198,13.5000823042759,1.06897241320907,1.01884218303886,0.135601912921163,100
"msq","R13","logistic_presence","single",0.0677413003663004,0.100545382221117,0.123712283595915,0.156881798892274,0.387682008745298,0.0627020751675079,0.122523810753212,NA,NA,NA,NA,0.33118,26.66,272.14,3.71,3.27,0.44,0.0186662977514581,0.00978562191371099,0.0214577927185732,0.0119855479497232,0.0140003934247501,0.00384506420878814,0.0041164787636787,NA,NA,NA,NA,0.0181058859786177,1.42639051419655,13.5566005392878,0.430947980174129,0.380285644900214,0.143773109692693,100
"msq","R13","maaslin3","abundance",0.0308130619380619,0.183288211240427,0.0572472393103972,0.215752153678995,0.48709598639082,0.0516607541169452,0.0663512464023901,NA,NA,NA,NA,9.4112,26.76,273.84,6.06,5.9,0.16,0.0120691767784524,0.0133347814791659,0.0165146393371723,0.0148114176539688,0.0147625757363315,0.00203519707167693,0.00261257624065557,NA,NA,NA,NA,0.545638971178459,1.41736132701338,13.4980860596133,0.596084869559001,0.590411600991934,0.046536615322309,100
"msq","R13","maaslin3","combined",0.0435028147291305,0.213590559117666,0.0656809760288021,0.261171030453162,0.524100581521755,0.0568165930052655,0.0915015268380657,NA,NA,NA,NA,9.4112,26.8,273.9,7.21,6.95,0.26,0.0153966793233794,0.0142404605235267,0.0156947655465698,0.0156319570374552,0.0155591200331432,0.00263955691609579,0.00369235091870613,NA,NA,NA,NA,0.545638971178459,1.41899096316198,13.5000823042759,0.672293676810059,0.660023721642876,0.0613320157961253,100
"msq","R13","maaslin3","presence",0.43,NA,0.56,NA,NA,0.081207850308061,0.0929483770163503,0.390863121836172,NA,NA,NA,9.4112,0,272.92,1.39,NA,1.39,0.0497569851956243,NA,0.0498887651569859,NA,NA,0.00320511967521969,0.00451915086108486,0.0135802100490563,NA,NA,NA,0.545638971178459,0,13.5423367573135,0.218301524400439,NA,0.218301524400439,100
"msq","R13","pursue","abundance",0.103476085660264,0.264817069522429,0.158729459327889,0.331259455661495,0.517345285232625,0.0576734462494359,0.0706765537395061,NA,NA,NA,NA,12.62341,26.76,273.84,9.31,8.49,0.82,0.0203949121709548,0.0178430460527956,0.0187219698424205,0.0184206150616593,0.0155144482101243,0.00222090424557907,0.00280308733181126,NA,NA,NA,NA,0.686609124110743,1.41736132701338,13.4980860596133,0.90024631870585,0.838769541312954,0.117533575688573,100
"msq","R13","pursue","combined",0.0822988686011212,0.230878294492978,0.117036860007609,0.270794365515132,0.479260386664603,0.0456642360571251,0.127667536387539,NA,NA,NA,NA,12.62341,26.8,273.9,7.98,7.45,0.53,0.0194428152705855,0.0158680416209542,0.0198803866641029,0.0178056770466805,0.0156477414891467,0.0022359456190319,0.00411483569690923,NA,NA,NA,NA,0.686609124110743,1.41899096316198,13.5000823042759,0.775115501331279,0.739147065094886,0.0892788164723697,100
"msq","R13","pursue","presence",0.02,NA,0.05,NA,NA,0.0298779862935798,0.225686660346892,0.0375305094062114,NA,NA,NA,12.62341,0,272.14,0.02,NA,0.02,0.014070529413629,NA,0.021904291355759,NA,NA,0.00176327083105502,0.00586708861930551,0.00399555493554869,NA,NA,NA,0.686609124110743,0,13.5566005392878,0.014070529413629,NA,0.014070529413629,100
"msq","R13","wilcoxon_tss","single",0.0648002370072383,0.270677596128293,0.0990552518137488,0.316719940983573,0.509127627845849,0.0635463951363566,0.0888931738553781,NA,NA,NA,NA,0.17932,26.8,273.9,9.78,8.88,0.9,0.0153265555684111,0.0171073739947956,0.0182661503196994,0.0182315923683217,0.0170804293651883,0.00490807238711899,0.00596788890664233,NA,NA,NA,NA,0.00768163071912801,1.41899096316198,13.5000823042759,0.86626797356257,0.786538253514999,0.260729357725205,100
"msq","R13","zicoseq","single",0.0606104986556399,0.408802957722623,0.102361618256291,0.470639663577553,0.650756284922072,0.0561856921998699,0.0757124559161803,NA,NA,NA,NA,77.2853,26.8,273.9,13.94,13.15,0.79,0.0117070361866763,0.0204514233731346,0.0136217243413696,0.0213291081839321,0.0171595234456524,0.00319499981061722,0.00389343242849167,NA,NA,NA,NA,3.61015496767189,1.41899096316198,13.5000823042759,1.11770146535493,1.08324008922726,0.15458971439905,100
"msq","R14","adapt","single",0.0523446275946276,0.089612835178855,0.0939545147834622,0.12257007270172,0.324386113069398,0.0490045934754818,0.0746117896664852,NA,NA,NA,NA,0.449309999999998,27.07,275.07,3.14,2.86,0.28,0.0143200029355819,0.00763941081179852,0.0187312968530857,0.0083196933700886,0.010760159537234,0.00224963043449746,0.00306159718495071,NA,NA,NA,NA,0.0140518067065118,1.38587790795495,13.4314063961217,0.327222779577993,0.284984493641604,0.0779536251675807,100
"msq","R14","aldex2","single",0.004,0.0407821024010296,0.005,0.050151029527092,0.280408513290197,0.00743525781072541,0.238442797721916,NA,NA,NA,NA,12.38281,27.07,275.07,1.28,1.26,0.02,0.004,0.00481748993051284,0.005,0.00518495227474767,0.0105707161865213,0.00086823727309853,0.00557987331081221,NA,NA,NA,NA,0.673728661579225,1.38587790795495,13.4314063961217,0.153135577350611,0.149490717930829,0.02,100
"msq","R14","ancombc2","single",0,0.0324205571655608,0,0.0324205571655608,0.286958931773343,0.42253141255167,0.417341331906274,NA,NA,NA,NA,78.5686,27.07,275.07,1.01,1.01,0,0,0.00427192070503415,0,0.00427192070503415,0.010110175701749,0.00738457642170674,0.00726883233162622,NA,NA,NA,NA,5.00404529024955,1.38587790795495,13.4314063961217,0.132950207129427,0.132950207129427,0,100
"msq","R14","corncob","single",0.475018022764908,0.332049797296166,0.535774602541926,0.404918189777961,0.361920678182177,0.132969983180708,0.133351657991279,NA,NA,NA,NA,11.77175,27.06,275.01,18.52,9.83,8.69,0.0224634662530075,0.0124675762056681,0.0184686491226039,0.0118848077907341,0.0125892731908321,0.00474830120154724,0.00554187943957737,NA,NA,NA,NA,0.625530282575666,1.38570042093003,13.4309118428085,1.16813587143851,0.685352523018688,0.733979742653884,100
"msq","R14","fastancom","single",0.00266666666666667,0.0682753166360198,0.0246725496725497,0.0838206438535544,0.344669781405754,0.0310959538862776,0.132392482017095,NA,NA,NA,NA,0.0359700000000018,27.07,275.07,2.32,2.3,0.02,0.00193496970108262,0.00673959809156561,0.0121114381759805,0.00750084072442491,0.0120037337796316,0.00374707357384495,0.00867181957444692,NA,NA,NA,NA,0.000707457390657474,1.38587790795495,13.4314063961217,0.268132335787666,0.264193072956086,0.014070529413629,100
"msq","R14","ldm","single",0.0518942219631074,0.155161278558775,0.115321637865806,0.194374851246342,0.401257160843087,0.0531017065035364,0.0791676269836379,NA,NA,NA,NA,34.13494,27.07,275.07,5.38,4.98,0.4,0.014149525095042,0.0100782941363584,0.0193555361417225,0.0120939611052356,0.0113788372677457,0.00278794509785007,0.00373679297168504,NA,NA,NA,NA,3.39307000766759,1.38587790795495,13.4314063961217,0.484878408167523,0.44038091867763,0.107308673997732,100
"msq","R14","limma_logtss","single",0.0465177077824137,0.096120688664671,0.0755275874452345,0.127357228212961,0.350467913067637,0.0541412083213437,0.0943936305379112,NA,NA,NA,NA,0.0409999999999994,27.07,275.07,3.5,3.05,0.45,0.0161541249745721,0.00864067200530922,0.0188483090429855,0.0101718023174419,0.0105034897381619,0.00418968773613116,0.00578706403056924,NA,NA,NA,NA,0.000469902203451052,1.38587790795495,13.4314063961217,0.412065504256277,0.31442588373675,0.194039983383619,100
"msq","R14","linda","single",0.0433675768675769,0.109843438662616,0.0874318247112365,0.138868861671071,0.34883791746126,0.0552988369714941,0.077235270649561,NA,NA,NA,NA,0.19992,27.07,275.07,3.74,3.49,0.25,0.0150041513961409,0.00811579798891474,0.0184042271009172,0.00928443584520353,0.0102496096979732,0.00259365037074866,0.00345758156125418,NA,NA,NA,NA,0.00927826481513641,1.38587790795495,13.4314063961217,0.3371358866401,0.319246271424087,0.0808727645156516,100
"msq","R14","lm_logtss","single",0.0354935897435898,0.097046515898156,0.0949649063399063,0.131584160096113,0.344345530905303,0.0547413546815477,0.0939760422209231,NA,NA,NA,NA,0.0389100000000003,27.07,275.07,3.42,3.05,0.37,0.0115674250738828,0.00848126576494881,0.0210462532577564,0.00970875759889719,0.0106808400854204,0.0042327733708245,0.00585297155893809,NA,NA,NA,NA,0.000431135451775611,1.38587790795495,13.4314063961217,0.376635826036963,0.307933811594687,0.13973640408377,100
"msq","R14","locom","single",0.0405830460389284,0.143682066212642,0.0988592481649758,0.179479133152878,0.401032860541826,0.0510278480828068,0.0757186479778787,NA,NA,NA,NA,154.38931,27.07,275.07,4.88,4.65,0.23,0.0132424444024377,0.00984882077513493,0.0184302468142326,0.0107835102148104,0.0114453661779224,0.002305876482043,0.003961936532601,NA,NA,NA,NA,6.01242414418971,1.38587790795495,13.4314063961217,0.457547259798914,0.436092613646193,0.0600588936550675,100
"msq","R14","locom2","single",0.0573154761904762,0.108672143721792,0.103657112332112,0.139123657253556,0.373753885594578,0.0408097190346374,0.091108748298099,NA,NA,NA,NA,25.07739,27.07,275.07,4.01,3.77,0.24,0.0188092004876167,0.00915769549467464,0.02110626229838,0.0108079186483451,0.0115388518359033,0.00189985523122223,0.004172907073884,NA,NA,NA,NA,0.842288990198193,1.38587790795495,13.4314063961217,0.431931298315654,0.396921232294853,0.0726413634010794,100
"msq","R14","logistic_presence","single",0.0891666666666667,0.0198299423984364,0.123380952380952,0.0318188510343498,0.194439829924437,0.0537300588833136,0.114186811952838,NA,NA,NA,NA,0.34321,26.94,273.2,0.74,0.6,0.14,0.0245970614525143,0.00353759943936104,0.0262602023444157,0.00445421125360852,0.0086874848579402,0.00237365300135086,0.00263765341030205,NA,NA,NA,NA,0.0191566128835898,1.3880310886397,13.4938444627111,0.110663745854117,0.100503781525921,0.0348735088019777,100
"msq","R14","maaslin3","abundance",0.0303333333333333,0.0505477549392526,0.0684285714285714,0.0627282244794305,0.277363144931765,0.0525023767185191,0.0647396606812185,NA,NA,NA,NA,9.62215,27.06,275.03,1.62,1.56,0.06,0.015272276328119,0.00600122969003328,0.0211322199146966,0.00679630978582586,0.0108488693107406,0.00183764736555676,0.00298887235096001,NA,NA,NA,NA,0.548082930275698,1.38570042093003,13.4314304615117,0.197346027437733,0.195049851177704,0.0277797979063414,100
"msq","R14","maaslin3","combined",0.04525,0.0646421301745895,0.0875553058053058,0.079733803274341,0.302636474522372,0.0543356842759005,0.0927881863487016,NA,NA,NA,NA,9.62215,27.07,275.07,2.12,2,0.12,0.0186580724413813,0.00690520463041727,0.0219176061632149,0.00717559969131677,0.0102269119844384,0.00188170915863731,0.00377345293246064,NA,NA,NA,NA,0.548082930275698,1.38587790795495,13.4314063961217,0.238378359806931,0.232683076611545,0.0498077110577075,100
"msq","R14","maaslin3","presence",0.19,NA,0.24,NA,NA,0.0548362410077666,0.0721699443641297,0.18907388753594,NA,NA,NA,9.62215,0,273.89,0.22,NA,0.22,0.0394277244403663,NA,0.0429234695990928,NA,NA,0.00212286080684518,0.00316168969586728,0.00883508456184788,NA,NA,NA,0.548082930275698,0,13.4909913451439,0.0483672817035849,NA,0.0483672817035849,100
"msq","R14","pursue","abundance",0.0842186147186147,0.082634405490909,0.138076820839979,0.110592155946199,0.291859836647294,0.0574149972463908,0.0651466590992299,NA,NA,NA,NA,13.1148,27.06,275.03,2.89,2.56,0.33,0.021257592409658,0.00785024856390613,0.0222466827010773,0.00955295379137646,0.011165338734297,0.00217827872039496,0.0032383395463161,NA,NA,NA,NA,0.725139602442387,1.38570042093003,13.4314304615117,0.309086304184355,0.285444894644812,0.0725509225553774,100
"msq","R14","pursue","combined",0.0645183705183705,0.069113823748608,0.096534731608261,0.0833806477543927,0.264396567786585,0.0421486701281142,0.129224358331267,NA,NA,NA,NA,13.1148,27.07,275.07,2.39,2.13,0.26,0.0180722983864393,0.00678889011788633,0.0204227283152095,0.0078064852709586,0.0103297181085328,0.001819432404843,0.00385282670841062,NA,NA,NA,NA,0.725139602442387,1.38587790795495,13.4314063961217,0.268137986488263,0.245218929188436,0.0719427381725048,100
"msq","R14","pursue","presence",0.01,NA,0.03,NA,NA,0.027843741679029,0.229572391289488,0.0271930974997474,NA,NA,NA,13.1148,0,273.2,0.01,NA,0.01,0.01,NA,0.0171446607997765,NA,NA,0.00122971196817273,0.00546686152294675,0.00346563727114782,NA,NA,NA,0.725139602442387,0,13.4938444627111,0.01,NA,0.01,100
"msq","R14","wilcoxon_tss","single",0.0459029304029304,0.0772435803088867,0.0803037934287934,0.0979600711875113,0.287057741565843,0.0517128571397778,0.0773743979145648,NA,NA,NA,NA,0.18143,27.07,275.07,2.66,2.41,0.25,0.0152289273342154,0.00717144645714864,0.0175083182428167,0.00800690671832473,0.0104717443513393,0.0027169900069623,0.00369362448596495,NA,NA,NA,NA,0.00771206918479803,1.38587790795495,13.4314063961217,0.289625323966721,0.25389690105166,0.088048425610713,100
"msq","R14","zicoseq","single",0.0412622973431797,0.129411377069303,0.108228272286709,0.168258191807295,0.372846539125956,0.0516239893711091,0.0743314260981593,NA,NA,NA,NA,77.92914,27.07,275.07,4.38,4.17,0.21,0.0131301234701114,0.00901847241206984,0.0186978861428327,0.010844474465027,0.01188577435218,0.00272902283761856,0.00335535708813887,NA,NA,NA,NA,3.61175330550164,1.38587790795495,13.4314063961217,0.400953409218124,0.381928916121439,0.0573752489486468,100
"msq","R15","adapt","single",0.0444563492063492,0.0594257624659732,0.116087556234615,0.0828678952730925,0.276345622482103,0.0527305986450922,0.0782278900348526,NA,NA,NA,NA,0.449030000000004,27.64,277.32,1.95,1.74,0.21,0.0155795915651142,0.00658941890821522,0.0228564479799353,0.00817659910267537,0.0113364755919636,0.00261102869619357,0.00362604758185395,NA,NA,NA,NA,0.0139866563754765,1.33033906211989,13.4795458964966,0.225350456584468,0.202319878739914,0.0756053015083044,100
"msq","R15","aldex2","single",0.00904761904761904,0.0249093237151218,0.011047619047619,0.0365944118580701,0.262287700415299,0.00844008606467139,0.242414856752422,NA,NA,NA,NA,12.08098,27.64,277.32,0.71,0.66,0.05,0.00658630184176222,0.00398155212445354,0.00685666183979056,0.00478588502958577,0.011342483856764,0.000878918745812565,0.0057343816401438,NA,NA,NA,NA,0.636988179643909,1.33033906211989,13.4795458964966,0.113079037344986,0.0945163125250521,0.0411329453348431,100
"msq","R15","ancombc2","single",0,0.00856018827346059,0,0.00856018827346059,0.201770319358303,0.435281521873601,0.42227924481337,NA,NA,NA,NA,69.25097,27.64,277.32,0.17,0.17,0,0,0.002608946075775,0,0.002608946075775,0.00930110921664777,0.00779861550442544,0.00738078262272128,NA,NA,NA,NA,4.33362300622607,1.33033906211989,13.4795458964966,0.0493493012650993,0.0493493012650994,0,100
"msq","R15","corncob","single",0.503425494132854,0.280333030416769,0.553881402559763,0.348911068416349,0.317368717037466,0.130709063141583,0.133751358757888,NA,NA,NA,NA,11.6383,27.62,277.23,16.82,8.41,8.41,0.0218134676404404,0.0115925337728032,0.0186523160250465,0.0128718964373529,0.0127704911153802,0.00514644971097388,0.00659646558015733,NA,NA,NA,NA,0.601305271887749,1.33240725414908,13.4812916010419,0.984770906035377,0.583977133909619,0.670759406805586,100
"msq","R15","fastancom","single",0.00392857142857143,0.0394240306355142,0.0291111111111111,0.0553510351201951,0.297431003683804,0.0279558668547988,0.110951875954891,NA,NA,NA,NA,0.0366200000000021,27.64,277.32,1.21,1.19,0.02,0.0028668216293276,0.00486512486212976,0.0110850198711744,0.00641724651881383,0.0121341452340984,0.0021845576044801,0.00723870234186263,NA,NA,NA,NA,0.000785317281309658,1.33033906211989,13.4795458964966,0.161617455802899,0.156795562707777,0.014070529413629,100
"msq","R15","ldm","single",0.0731361971361971,0.118478998735681,0.10465134147758,0.155759339018557,0.363698141656323,0.0559866140476905,0.0796181933549268,NA,NA,NA,NA,29.94227,27.64,277.32,4.18,3.72,0.46,0.0168443658730814,0.0100903579931993,0.0178332507001677,0.0120292535516213,0.0129220674775582,0.00316907012058335,0.00426025691032407,NA,NA,NA,NA,3.17437355368812,1.33033906211989,13.4795458964966,0.401356286467359,0.3717498887666,0.103884162372901,100
"msq","R15","limma_logtss","single",0.0739166666666667,0.051844482760422,0.104908535908536,0.0807774995298821,0.298021853076561,0.0560099272726486,0.0938542397507768,NA,NA,NA,NA,0.0407900000000005,27.64,277.32,1.81,1.55,0.26,0.0205688939267222,0.00585425544445387,0.0225544248152646,0.00868716281448053,0.0117664703512346,0.00380256945090487,0.00558311347977724,NA,NA,NA,NA,0.000437923244047059,1.33033906211989,13.4795458964966,0.220052794399963,0.188762584034318,0.0675995337979262,100
"msq","R15","linda","single",0.0616468253968254,0.068501657722095,0.0997702852702853,0.10252023334661,0.292750930496087,0.05877693419644,0.0802630390427199,NA,NA,NA,NA,0.193569999999999,27.64,277.32,2.35,2.02,0.33,0.0155780712035645,0.00729110549016561,0.0188764789594364,0.00927494304565557,0.0114780936402128,0.0029258942893668,0.0032996507418184,NA,NA,NA,NA,0.00830086103602466,1.33033906211989,13.4795458964966,0.266050424323714,0.227848966456185,0.094339811320566,100
"msq","R15","lm_logtss","single",0.0750198412698413,0.0607010135115509,0.115503163503164,0.0876454434508666,0.29510923330862,0.0568288951963855,0.0944106599747655,NA,NA,NA,NA,0.0386199999999992,27.64,277.32,2.04,1.76,0.28,0.0205948147633526,0.00681430213343196,0.024346978019213,0.00918723715004345,0.0118056306609896,0.00392441883634039,0.00562224180691454,NA,NA,NA,NA,0.000389451829207041,1.33033906211989,13.4795458964966,0.230905114099215,0.201569598477308,0.0739642283182017,100
"msq","R15","locom","single",0.0270321067821068,0.0836262252907356,0.0644636695004342,0.118538497911699,0.356796870104264,0.0520017053467201,0.0737000227620921,NA,NA,NA,NA,154.14006,27.64,277.32,3.05,2.92,0.13,0.00895313175487585,0.00829716161629936,0.0133270248513689,0.0102158816446468,0.0127397902603642,0.00277006977083832,0.00413307149951915,NA,NA,NA,NA,6.13292718806485,1.33033906211989,13.4795458964966,0.362754612776887,0.349221356098901,0.0366666666666667,100
"msq","R15","locom2","single",0.0665919913419913,0.0722750185592079,0.0772405927405927,0.10025316722164,0.340218996618484,0.043056231370838,0.0925248358160512,NA,NA,NA,NA,25.33747,27.64,277.32,2.64,2.41,0.23,0.0186235208314193,0.00707031692538663,0.0167697077315022,0.00934505789690364,0.0137735155865514,0.002215586497008,0.0047332379047727,NA,NA,NA,NA,0.812662458841991,1.33033906211989,13.4795458964966,0.303021818063027,0.285365263010993,0.0583528106011228,100
"msq","R15","logistic_presence","single",0.0783333333333333,0.00894290924023161,0.0863528138528138,0.0114832652257096,0.13990869373701,0.0584829815201531,0.10984430130522,NA,NA,NA,NA,0.33984,27.44,275.49,0.41,0.25,0.16,0.0251209196897846,0.00233562296105496,0.0252869197330406,0.0026920466498669,0.00755945406949773,0.00244419143867465,0.00236306232969448,NA,NA,NA,NA,0.0185144045477454,1.33645997041634,13.5412761808502,0.0954468491365797,0.0701729465267237,0.0581186525805423,100
"msq","R15","maaslin3","abundance",0.0229166666666667,0.0264714750594123,0.0515833333333333,0.0397499640598359,0.262391323510803,0.0495189398516678,0.0668215387141729,NA,NA,NA,NA,9.35801,27.63,277.24,0.82,0.77,0.05,0.0120408809583704,0.00472312872311313,0.018871313495991,0.00521527241076952,0.0108675224095045,0.00179107919786762,0.00315099316177828,NA,NA,NA,NA,0.511197243059977,1.33133600400333,13.4805967556666,0.135124334812741,0.127013082917955,0.021904291355759,100
"msq","R15","maaslin3","combined",0.0372777777777778,0.035894280691109,0.0585396825396825,0.0544843192420426,0.278218301167731,0.0546019174981789,0.0908626438542371,NA,NA,NA,NA,9.35801,27.64,277.32,1.15,1.07,0.08,0.015725243906604,0.00502865403303527,0.0178488414245908,0.00611833312205722,0.0111980098232028,0.00224785936067614,0.00396746567388597,NA,NA,NA,NA,0.511197243059977,1.33033906211989,13.4795458964966,0.153987406017899,0.143727435646698,0.0272659924344291,100
"msq","R15","maaslin3","presence",0.02,NA,0.11,NA,NA,0.0535127158973932,0.0733641674394325,0.134956219648666,NA,NA,NA,9.35801,0,276.12,0.02,NA,0.02,0.014070529413629,NA,0.031446603773522,NA,NA,0.00209964533911129,0.00303858153468732,0.00828850033865348,NA,NA,NA,0.511197243059977,0,13.5340370021571,0.014070529413629,NA,0.014070529413629,100
"msq","R15","pursue","abundance",0.081952380952381,0.059852369988534,0.169132841795885,0.0885015998153416,0.269485026052099,0.0544642542997789,0.0696837636638365,NA,NA,NA,NA,12.90117,27.63,277.24,1.94,1.66,0.28,0.0206918733417668,0.0062462896192859,0.0264636969395763,0.00771632312447812,0.0113683736183586,0.00215071196144499,0.00354428320342435,NA,NA,NA,NA,0.689413590816884,1.33133600400333,13.4805967556666,0.209289321758231,0.171281562747932,0.0682834259731178,100
"msq","R15","pursue","combined",0.0725952380952381,0.0419041743289096,0.0983015873015873,0.0650574417255824,0.236404403973363,0.043340388584025,0.128968316608709,NA,NA,NA,NA,12.90117,27.64,277.32,1.34,1.16,0.18,0.0205461654049434,0.00575412948469119,0.0220550758912598,0.00673688503063303,0.0107403111215913,0.00195679279246074,0.00464477692424021,NA,NA,NA,NA,0.689413590816884,1.33033906211989,13.4795458964966,0.170098010962308,0.148201337253199,0.0435310176190437,100
"msq","R15","pursue","presence",0.02,NA,0.02,NA,NA,0.0302025390001632,0.23422801792622,0.0251793208384259,NA,NA,NA,12.90117,0,275.49,0.02,NA,0.02,0.014070529413629,NA,0.014070529413629,NA,NA,0.00151073283186577,0.00542886905052717,0.00306173084540922,NA,NA,NA,0.689413590816884,0,13.5412761808502,0.014070529413629,NA,0.014070529413629,100
"msq","R15","wilcoxon_tss","single",0.0378571428571428,0.0501511926582753,0.079224913974914,0.0746256635277403,0.253896461868486,0.0552821776650592,0.0772966274859533,NA,NA,NA,NA,0.1817,27.64,277.32,1.71,1.52,0.19,0.0140330898033045,0.00592231248587459,0.0182479505229959,0.00846046876484599,0.0109712248371285,0.00266155570960269,0.00354541105100155,NA,NA,NA,NA,0.00756067043149861,1.33033906211989,13.4795458964966,0.210959807555943,0.185581259938616,0.0720479638220893,100
"msq","R15","zicoseq","single",0.0498257575757576,0.0899738787133975,0.0775204933954934,0.121277560900099,0.339481590278275,0.0516088264390933,0.0795115927653125,NA,NA,NA,NA,77.27591,27.64,277.32,3.34,3.11,0.23,0.0140163483427467,0.00895581572218261,0.016425547722375,0.0103326352341752,0.0111779605134806,0.00229749245723564,0.00357481080243881,NA,NA,NA,NA,3.55002698866096,1.33033906211989,13.4795458964966,0.382236903640989,0.359543762526507,0.0547814758929522,100
"msq","R17","adapt","single",0.134438505938506,0.054884169381685,0.220008418052536,0.0772959768865018,0.244172871099893,0.0700825399847523,0.084969714612121,NA,NA,NA,NA,0.432469999999995,27.28,275.52,2.26,1.75,0.51,0.0239773208159516,0.00562583573096054,0.0303081101138188,0.00718154435539914,0.0120528781318273,0.00312801295208219,0.00391438209651866,NA,NA,NA,NA,0.0129775210080792,1.38382284146695,13.5070537501744,0.283776836491798,0.219446042699716,0.0969171259010981,100
"msq","R17","aldex2","single",0.360742063492064,0.0353462444817262,0.390404761904762,0.0452708291535448,0.147629349714412,0.0460866566398392,0.178147216847277,NA,NA,NA,NA,12.02832,27.28,275.52,2.77,1.04,1.73,0.0397629477380039,0.00403049018974297,0.0393328480999149,0.00473464848142951,0.00935764411192148,0.00267418350078593,0.00295090312322843,NA,NA,NA,NA,0.624958935035581,1.38382284146695,13.5070537501744,0.261253775768955,0.128644840353179,0.233486962411527,100
"msq","R17","ancombc2","single",0.115071428571429,0.0219737622096049,0.115071428571429,0.0219737622096049,0.201590195458984,0.441861133267116,0.433045387729304,NA,NA,NA,NA,83.31747,27.28,275.52,0.89,0.52,0.37,0.0274234890331287,0.00384393197823011,0.0274234890331287,0.00384393197823011,0.00894363904927468,0.00754333170915921,0.00696207798306818,NA,NA,NA,NA,5.05243666585898,1.38382284146695,13.5070537501744,0.151020100341215,0.0834605090186764,0.10015644328406,100
"msq","R17","corncob","single",0.496627295835014,0.266539420038034,0.559290480295388,0.349722858714051,0.307585318509473,0.14013400572687,0.13344695944491,NA,NA,NA,NA,11.69279,27.25,275.42,16.83,7.92,8.91,0.0247587826336615,0.0117978180735361,0.0199654690729467,0.0118626391554886,0.0137749370632693,0.0054711275310588,0.00629690725119236,NA,NA,NA,NA,0.616945537975009,1.38544927621682,13.5077768845816,1.13743065056666,0.562045326904289,0.835825969030067,100
"msq","R17","fastancom","single",0.33959934012263,0.0837619080965786,0.45781843523944,0.14592998143869,0.184703035218889,0.160187180065133,0.224283297721881,NA,NA,NA,NA,0.037409999999999,27.28,275.52,7.97,2.8,5.17,0.0353402700241325,0.00933291218504645,0.036329149103183,0.0138679840648646,0.0106896182080287,0.00876434731396901,0.0096823826096007,NA,NA,NA,NA,0.000881927984416442,1.38382284146695,13.5070537501744,1.06869645887507,0.350180328725448,0.8555292531704,100
"msq","R17","ldm","single",0.112029112192156,0.0920613040552521,0.161970349130835,0.138983489731911,0.352263768462189,0.0646889016961686,0.0881402554925505,NA,NA,NA,NA,29.44112,27.28,275.52,4.09,3.12,0.97,0.0232240324346355,0.00880877097397957,0.0272768115290387,0.0120248550899248,0.0144361765129952,0.0039153751130675,0.00570507168111486,NA,NA,NA,NA,3.15898494252937,1.38382284146695,13.5070537501744,0.522444719418701,0.35569820370816,0.278326528677481,100
"msq","R17","limma_logtss","single",0.899103974757704,0.774445354172577,0.900260380570815,0.809648408911292,0.0800415386760138,0.78095091607088,0.744953139484987,NA,NA,NA,NA,0.0405900000000003,27.28,275.52,202.9,20.45,182.45,0.00204053624162009,0.0107991233465892,0.00200222719913426,0.0101903859868131,0.00545201410626189,0.0075999449187542,0.00749837934728449,NA,NA,NA,NA,0.000385886098231232,1.38382284146695,13.5070537501744,8.80096987309187,0.937369519539448,7.92394880387706,100
"msq","R17","linda","single",0.615506950161942,0.114498664629112,0.665726453418018,0.154050553540064,0.147040656263033,0.157860590355457,0.169786928576966,NA,NA,NA,NA,0.19231,27.28,275.52,14.35,3.63,10.72,0.0326851084879839,0.00873896782180549,0.0305821386638417,0.0105375444763112,0.00928466059330506,0.00520840325422776,0.00494701492825458,NA,NA,NA,NA,0.00864821690035334,1.38382284146695,13.5070537501744,1.24067226807392,0.345725704318124,1.05189391484161,100
"msq","R17","lm_logtss","single",0.899084506086963,0.772314448445443,0.900362929586582,0.809196284645506,0.0821042219274446,0.779354548375709,0.744804935772403,NA,NA,NA,NA,0.0382799999999997,27.28,275.52,202.27,20.38,181.89,0.00206867794558576,0.0106348230195608,0.00198654777951871,0.010273938681532,0.0057258205450332,0.00767178777874186,0.00747159314500651,NA,NA,NA,NA,0.000376877120075352,1.38382284146695,13.5070537501744,8.73811868664063,0.933201289360793,7.86502159224402,100
"msq","R17","locom","single",0.170724710059462,0.0895446912568795,0.229390851958499,0.129552062487962,0.326362497213928,0.0644754578668637,0.106823003338312,NA,NA,NA,NA,157.80445,27.28,275.52,3.97,3.19,0.78,0.0289084787600287,0.00875201390973651,0.0287809973526565,0.0109984196219144,0.0136251532063844,0.00288985296105744,0.00357628776002537,NA,NA,NA,NA,5.99832354281746,1.38382284146695,13.5070537501744,0.453595067046022,0.375968782284547,0.124381297109763,100
"msq","R17","locom2","single",0.0733932178932179,0.0604979485097167,0.0990371017871018,0.0956206443785025,0.335585228304805,0.0444208979017111,0.0917684964063543,NA,NA,NA,NA,24.93539,27.28,275.52,2.38,2.1,0.28,0.0175524994430041,0.00637293460877147,0.0195930222852593,0.00888232616376056,0.0142221142005414,0.00240607740426417,0.00441546550748845,NA,NA,NA,NA,0.81899083514994,1.38382284146695,13.5070537501744,0.287721807278903,0.262659283083425,0.055194788218315,100
"msq","R17","logistic_presence","single",0.482011472068345,0.0548983873073291,0.569067871209203,0.0853661103018642,0.108065640038693,0.169095211869118,0.219708451394814,NA,NA,NA,NA,0.340699999999999,27.13,273.85,9.05,1.97,7.08,0.0412794587800748,0.00761174824526867,0.0404758737940826,0.00989013974882034,0.00626718683189303,0.00789996795586486,0.00896657202714302,NA,NA,NA,NA,0.0189116846997251,1.38954647059369,13.5750913831402,1.58320573648544,0.283361852397141,1.35331094174639,100
"msq","R17","maaslin3","abundance",0.00666666666666667,0.00301499223358613,0.0166666666666667,0.00370857401412443,0.130620221592136,0.0428002223068426,0.0690050585323519,NA,NA,NA,NA,9.30975,27.25,275.45,0.11,0.09,0.02,0.00666666666666667,0.00121090472468428,0.0119623427094212,0.00130229411721834,0.00821867397824683,0.00189110929234591,0.00329144991635585,NA,NA,NA,NA,0.506420595025179,1.38544927621682,13.5074717445306,0.0447100648511037,0.0350900716914789,0.02,100
"msq","R17","maaslin3","combined",0.00666666666666667,0.0034911827097766,0.0366666666666667,0.00503449615400006,0.134626886519918,0.0489270889285423,0.0861787268850771,NA,NA,NA,NA,9.30975,27.28,275.52,0.12,0.1,0.02,0.00666666666666667,0.00128997804926513,0.0182850604139947,0.00157312064237729,0.00817009463592817,0.00194580781575024,0.00372977595936493,NA,NA,NA,NA,0.506420595025179,1.38382284146695,13.5070537501744,0.0455715665384423,0.0362371537669739,0.02,100
"msq","R17","maaslin3","presence",0,NA,0,NA,NA,0.0458182635175612,0.0692148933575877,0.064500643203048,NA,NA,NA,9.30975,0,274.4,0,NA,0,0,NA,0,NA,NA,0.00227552769908798,0.00368479323031918,0.00579143094249501,NA,NA,NA,0.506420595025179,0,13.5580979566464,0,NA,0,100
"msq","R17","pursue","abundance",0.0333333333333333,0.00374946548699265,0.095,0.00528330567780958,0.129508177204687,0.0488392190563546,0.0665925737659898,NA,NA,NA,NA,12.94608,27.25,275.45,0.18,0.12,0.06,0.0158910431540932,0.0012766143006535,0.0275500768421203,0.00155582312459035,0.00757136689129062,0.00197633543926948,0.00274589624817059,NA,NA,NA,NA,0.711972379965925,1.38544927621682,13.5074717445306,0.0538985204347068,0.0383497988352882,0.0277797979063414,100
"msq","R17","pursue","combined",0.0433333333333333,0.00307224331583721,0.0633333333333333,0.00396685679134047,0.110954359686441,0.0405869252411786,0.119704488666817,NA,NA,NA,NA,12.94608,27.28,275.52,0.14,0.09,0.05,0.0199071920746321,0.00123364025515158,0.0229404146924729,0.00136069163722147,0.00638897213624567,0.00187101175478209,0.00373185625871257,NA,NA,NA,NA,0.711972379965925,1.38382284146695,13.5070537501744,0.0449915817041635,0.0350900716914789,0.021904291355759,100
"msq","R17","pursue","presence",0.02,NA,0.07,NA,NA,0.0305927173515131,0.216448713641213,0.0301083768913884,NA,NA,NA,12.94608,0,273.85,0.02,NA,0.02,0.014070529413629,NA,0.0256432399976243,NA,NA,0.00162468137081233,0.00562753369642322,0.00424435856605445,NA,NA,NA,0.711972379965925,0,13.5750913831402,0.014070529413629,NA,0.014070529413629,100
"msq","R17","wilcoxon_tss","single",0.191342740494977,0.055720658512865,0.276292778177487,0.0897854937718442,0.20701683048721,0.103554602778514,0.129086303683646,NA,NA,NA,NA,0.18143,27.28,275.52,3.16,1.84,1.32,0.0318534133296313,0.00633478989581465,0.0344613133762867,0.00853583306005761,0.00972694873710481,0.00578125844181093,0.00730312824938843,NA,NA,NA,NA,0.0078407670079353,1.38382284146695,13.5070537501744,0.478786344454772,0.229940703818892,0.332082501614867,100
"msq","R17","zicoseq","single",0.0686269841269841,0.0748006751446348,0.122349428349428,0.100918088360608,0.316379108358143,0.057173707699497,0.076157825902194,NA,NA,NA,NA,78.4094,27.28,275.52,2.85,2.55,0.3,0.0165760282104697,0.00748679687391232,0.0222065674012165,0.0087421784567387,0.0146571562007303,0.0031450911539045,0.00402440587897103,NA,NA,NA,NA,3.68773194176901,1.38382284146695,13.5070537501744,0.332840544830146,0.316985485440261,0.0717740562565273,100
"msq","R18","adapt","single",0.211722194472195,0.0647079239068791,0.287624197127504,0.0962616102387494,0.220176649933936,0.0824303640646277,0.101243704565952,NA,NA,NA,NA,0.421620000000001,27.88,275.61,2.95,2.08,0.87,0.0299899245504527,0.00682943561898379,0.0296238165208072,0.00928678414957744,0.00896144434679806,0.00364182581202794,0.00434665716026449,NA,NA,NA,NA,0.013309173414217,1.39684203715656,13.7174510619271,0.339451429113611,0.251733384694396,0.140457405743816,100
"msq","R18","aldex2","single",0.681597150869395,0.0653937325118067,0.753314502594777,0.082151213631053,0.0743581795318971,0.13108945106173,0.2360495401231,NA,NA,NA,NA,11.66358,27.88,275.61,15.58,2.15,13.43,0.0364322738305945,0.00586374503207831,0.0313502282218223,0.00677478574147302,0.00547730101967831,0.00649901212278363,0.00510286856778557,NA,NA,NA,NA,0.575390145932621,1.39684203715656,13.7174510619271,1.29818676964792,0.224901774294486,1.14664684619938,100
"msq","R18","ancombc2","single",0.559240585573858,0.0775214750811689,0.559240585573858,0.0775214750811689,0.178679881409698,0.468214123879476,0.458911113187905,NA,NA,NA,NA,102.72554,27.88,275.61,10.35,2.44,7.91,0.0365907329806464,0.00673579698171401,0.0365907329806464,0.00673579698171401,0.0101044040278195,0.00668382067752424,0.00615206251087575,NA,NA,NA,NA,5.56458186439371,1.39684203715656,13.7174510619271,0.937585012980507,0.229764921587085,0.813533879895222,100
"msq","R18","corncob","single",0.452580492230974,0.225548528811537,0.545364943347973,0.304048899624376,0.314438365419766,0.121233326975958,0.119394375106513,NA,NA,NA,NA,11.63284,27.73,274.99,13.46,7,6.46,0.0266113054354024,0.0124087833343722,0.0196724472304094,0.0133820859592475,0.0128466890902486,0.00439012843617342,0.0050808991398468,NA,NA,NA,NA,0.594818507880489,1.4018641989591,13.7293572870383,1.03078081613362,0.549011968370582,0.625618078221833,100
"msq","R18","fastancom","single",0.717316696814269,0.218277103525442,0.738835569783976,0.27811575844866,0.103205195556414,0.287490737118815,0.325329284160138,NA,NA,NA,NA,0.0361399999999983,27.88,275.61,50.71,7.21,43.5,0.0319970192057357,0.0140740271873795,0.0314593035368446,0.0167531624226821,0.00623535313809392,0.0105316524997973,0.00864234780843987,NA,NA,NA,NA,0.000768971502538832,1.39684203715656,13.7174510619271,3.79495398622642,0.560356127742875,3.29347380389911,100
"msq","R18","ldm","single",0.188072039072039,0.115924958793602,0.274905375958812,0.166253852096107,0.326015538414376,0.0714685655490244,0.106127973055411,NA,NA,NA,NA,30.35931,27.88,275.61,5.02,3.71,1.31,0.0268722429650457,0.0102839404062484,0.02887041385601,0.0130258319129367,0.0132978279064865,0.00330300158951972,0.00486994320839058,NA,NA,NA,NA,3.28368820816216,1.39684203715656,13.7174510619271,0.569419339185441,0.409802859724507,0.272176042259046,100
"msq","R18","limma_logtss","single",0.897254702470144,0.919412280749447,0.897607313406302,0.9333160564154,0.0693637858176347,0.909643652389578,0.875567993864904,NA,NA,NA,NA,0.0406099999999996,27.88,275.61,247.95,25.26,222.69,0.00148584360138074,0.00613620566458966,0.00141660217557586,0.0053063548716282,0.00441124194272514,0.00350886439637209,0.00397416397169032,NA,NA,NA,NA,0.000443105432422553,1.39684203715656,13.7174510619271,12.0634465400333,1.20626479160869,10.8861388559911,100
"msq","R18","linda","single",0.839692869537119,0.216105326241642,0.886133318467522,0.276189173482945,0.0809493280337607,0.29808298384555,0.294059717070851,NA,NA,NA,NA,0.1914,27.88,275.61,61.15,7.01,54.14,0.0203146601015177,0.0118823357709641,0.00581690817171023,0.0134030032587073,0.00597657305009505,0.00859296790017648,0.00841206133699833,NA,NA,NA,NA,0.00867238738931231,1.39684203715656,13.7174510619271,4.39899839380363,0.551489260131513,3.90265436736474,100
"msq","R18","lm_logtss","single",0.897444385334232,0.918092685714544,0.897753589719163,0.932762363873325,0.0720134211067384,0.909967641766804,0.875727792793861,NA,NA,NA,NA,0.0378200000000003,27.88,275.61,248.04,25.22,222.82,0.00148288216534464,0.00627366560899172,0.00141924328325452,0.0052989860746268,0.00458179389404691,0.00345946602401558,0.00391130629181534,NA,NA,NA,NA,0.000363034350157029,1.39684203715656,13.7174510619271,12.0706750415872,1.20383058642322,10.8960597085239,100
"msq","R18","locom","single",0.214119174942704,0.0934032599426813,0.262007618112881,0.122646636028047,0.292595933922283,0.0573107229065763,0.151340615925367,NA,NA,NA,NA,150.05279,27.88,275.61,4.46,3.11,1.35,0.0261722957201579,0.00832637653071894,0.026403902449675,0.0098453975676463,0.010969532997905,0.00260957963220221,0.00415333023997686,NA,NA,NA,NA,6.90956109235228,1.39684203715656,13.7174510619271,0.464370976742091,0.342567548452163,0.183883472104296,100
"msq","R18","locom2","single",0.0721248196248196,0.0595245467409369,0.113735713804599,0.0814445103107982,0.325565101638413,0.0401878585946493,0.0846657876667885,NA,NA,NA,NA,25.617,27.88,275.61,2.29,1.97,0.32,0.0156235481322694,0.00597670019382039,0.0221851816090414,0.00783233420225739,0.0134956531329923,0.00169776148996547,0.00343711803009989,NA,NA,NA,NA,0.92484410195951,1.39684203715656,13.7174510619271,0.276812666843937,0.235039218734734,0.0723068657063963,100
"msq","R18","logistic_presence","single",0.869233011070063,0.284228681044584,0.88873902580296,0.388606398596563,0.0972819571845063,0.44233312156887,0.500077529604019,NA,NA,NA,NA,0.34042,27.71,274.2,96.43,9.38,87.05,0.0162662250301301,0.015895942174986,0.010387826797026,0.0171625727372363,0.00547461822612933,0.0138768799338729,0.0112097666958925,NA,NA,NA,NA,0.0189073187689397,1.40599689641452,13.7803256034599,8.10609267056813,0.748571703953333,7.39444748005918,100
"msq","R18","maaslin3","abundance",0,0.000625,0.02,0.000837765957446809,0.0753487327628549,0.0434049661643965,0.067490211110343,NA,NA,NA,NA,8.95166,27.76,275.18,0.02,0.02,0,0,0.000463961465320029,0.014070529413629,0.00050778258644179,0.00549535825107996,0.00165363801685248,0.00263341682277305,NA,NA,NA,NA,0.496679936210779,1.40109048439226,13.7280688644643,0.014070529413629,0.014070529413629,0,100
"msq","R18","maaslin3","combined",0.01,0.000608333333333333,0.05,0.00233221040189125,0.0739161644027423,0.0510394405994788,0.0890800326711725,NA,NA,NA,NA,8.95166,27.88,275.61,0.03,0.02,0.01,0.01,0.000449131691260232,0.021904291355759,0.00126684527372098,0.00538922999116157,0.00229575229238646,0.0037783852659059,NA,NA,NA,NA,0.496679936210779,1.39684203715656,13.7174510619271,0.0171446607997765,0.014070529413629,0.01,100
"msq","R18","maaslin3","presence",0,NA,0,NA,NA,0.0448249064490302,0.0707435335169628,0.0542213890454277,NA,NA,NA,8.95166,0,274.81,0,NA,0,0,NA,0,NA,NA,0.00211552721971317,0.0033716578789517,0.00512275032645257,NA,NA,NA,0.496679936210779,0,13.7570381986822,0,NA,0,100
"msq","R18","pursue","abundance",0.02,0.00112185686653772,0.07,0.00272587024446414,0.0734924915316451,0.048457937738328,0.0643750698152261,NA,NA,NA,NA,12.9719,27.76,275.18,0.06,0.02,0.04,0.014070529413629,0.000931562175172509,0.0246388049034588,0.00132503624532053,0.00507712430596914,0.00201085144123904,0.00249651431593695,NA,NA,NA,NA,0.714137831319145,1.40109048439226,13.7280688644643,0.0342893215995531,0.014070529413629,0.0315268043724605,100
"msq","R18","pursue","combined",0.08,0.000909090909090909,0.16,0.00112185686653772,0.0662995105448627,0.038904871358283,0.108972867029843,NA,NA,NA,NA,12.9719,27.88,275.61,0.1,0.01,0.09,0.0272659924344291,0.000909090909090909,0.0368452949177471,0.000931562175172509,0.00538482006564649,0.0016201635480461,0.00354705456545895,NA,NA,NA,NA,0.714137831319145,1.39684203715656,13.7174510619271,0.0333333333333333,0.01,0.0320825954263823,100
"msq","R18","pursue","presence",0.13,NA,0.17,NA,NA,0.0288644068591504,0.192429281922313,0.0285981083425611,NA,NA,NA,12.9719,0,274.2,0.16,NA,0.16,0.0337997668989631,NA,0.0377525168068637,NA,NA,0.00147723015972483,0.00544917342460812,0.00398154206990797,NA,NA,NA,0.714137831319145,0,13.7803256034599,0.0443129367525598,NA,0.0443129367525598,100
"msq","R18","wilcoxon_tss","single",0.619436855086182,0.171800209053394,0.746616262274218,0.258815682641701,0.164595050262437,0.254047854295359,0.330990606583672,NA,NA,NA,NA,0.178929999999999,27.88,275.61,26.02,5.72,20.3,0.0310295224262448,0.0122597196959611,0.0218962544311176,0.0150116575569009,0.00823996139422747,0.00932089206035974,0.00974809783538301,NA,NA,NA,NA,0.00762131851844527,1.39684203715656,13.7174510619271,3.06251299729256,0.522054991491714,2.62541963937735,100
"msq","R18","zicoseq","single",0.0860543345543345,0.0761048646223767,0.132757781658026,0.113664522867323,0.301013886041929,0.0841378007040149,0.0984253724995713,NA,NA,NA,NA,78.14318,27.88,275.61,2.83,2.35,0.48,0.0227230410874068,0.00790711144349568,0.0250308777502416,0.00972261560953062,0.0134424739877431,0.00748731441579084,0.00930022908254511,NA,NA,NA,NA,3.73686730557438,1.39684203715656,13.7174510619271,0.325686532069899,0.276841857639726,0.145976336812138,100
"msq","R19","adapt","single",0.0578369963369963,0.0303328798085634,0.100426003734827,0.0503501552306591,0.207709254797014,0.05940670484451,0.0809689876426883,NA,NA,NA,NA,0.402060000000007,27.27,274.68,1.03,0.8,0.23,0.0165414224636085,0.00432811535795415,0.021744710020014,0.00630265496583104,0.00956503710483898,0.00247186009661939,0.00345686463259267,NA,NA,NA,NA,0.0121928180549544,1.41662958953263,13.9330279798351,0.181160679837519,0.115470053837925,0.0839131344988026,100
"msq","R19","aldex2","single",0.852276752211483,0.147609932570029,0.854813503602368,0.217040854903501,0.0640213061118802,0.273049366269458,0.367100369440014,NA,NA,NA,NA,11.92763,27.27,274.68,46.47,4.84,41.63,0.022675914837392,0.0112382445018984,0.0192422518153994,0.0140813305047437,0.00561731085648104,0.0130380178742583,0.00871245070086066,NA,NA,NA,NA,0.606069978400334,1.41662958953263,13.9330279798351,3.89393351019482,0.453431361950185,3.49229035436516,100
"msq","R19","ancombc2","single",0.782602706957068,0.118360998966027,0.782602706957068,0.118360998966027,0.128748745525251,0.468010058216629,0.454678024619429,NA,NA,NA,NA,103.57677,27.27,274.68,21.19,3.47,17.72,0.0228234477097584,0.00766430937654404,0.0228234477097584,0.00766430937654404,0.00717155281216106,0.00570918690551567,0.00514723063599266,NA,NA,NA,NA,5.68109242491044,1.41662958953263,13.9330279798351,1.28689548915209,0.261871662607407,1.1014297411762,100
"msq","R19","corncob","single",0.451780492369428,0.225997938934469,0.514662491370873,0.294034630508036,0.322958893945458,0.110119264051661,0.106340170907447,NA,NA,NA,NA,12.138,26.67,270.1,12.05,6.45,5.6,0.0274816723632517,0.0129694951214685,0.0231167368493614,0.0150239575972454,0.0152581188328465,0.00459264849974777,0.00566726325687034,NA,NA,NA,NA,0.640309967393476,1.42162625613106,13.9919854404461,0.899985970709959,0.486250340811597,0.63580061673643,100
"msq","R19","fastancom","single",0.830062025239362,0.306144506452922,0.846432858262765,0.372602763475564,0.0743254838370737,0.381416055250446,0.399490923532879,NA,NA,NA,NA,0.0364300000000051,27.27,274.68,87.6,9.78,77.82,0.0232474595872551,0.0167618380596706,0.0202216008830812,0.0168839245527906,0.00588744269066525,0.0105972543773263,0.00820292006082587,NA,NA,NA,NA,0.000827952933811444,1.41662958953263,13.9330279798351,6.14258195967405,0.74489237240332,5.4532610945797,100
"msq","R19","ldm","single",0.485501833602627,0.18371866802104,0.557445840657809,0.254079801455634,0.272501016425153,0.105630107443596,0.145536538070599,NA,NA,NA,NA,31.42587,27.27,274.68,12.84,5.81,7.03,0.0262039869967881,0.0112724101515772,0.0229990867350762,0.0143685744950003,0.0122733051327811,0.00402989971781041,0.00475626774166921,NA,NA,NA,NA,3.07016179146782,1.41662958953263,13.9330279798351,1.02007327920571,0.499635220471249,0.678449658702795,100
"msq","R19","limma_logtss","single",0.901089103506648,0.950601099498042,0.901249080109732,0.95761619827687,0.0677391943580365,0.955153071669591,0.931360770653583,NA,NA,NA,NA,0.0408399999999998,27.27,274.68,261.47,25.72,235.75,0.00141939090558872,0.005030317213927,0.00142970781776339,0.00476843779393888,0.00544779684439708,0.00234546394269959,0.00297490727352286,NA,NA,NA,NA,0.000433384612350553,1.41662958953263,13.9330279798351,13.2772643449187,1.30647803214782,11.9959031306189,100
"msq","R19","linda","single",0.887408543643473,0.343659254438599,0.884444685050148,0.413000605464917,0.0697327760332299,0.391099419396552,0.376315689995094,NA,NA,NA,NA,0.19253,27.27,274.68,99.69,10.62,89.07,0.00598416944781991,0.0145946444957064,0.00464422133074697,0.0147573866674805,0.00561529005032364,0.0106404681320429,0.00965145719994296,NA,NA,NA,NA,0.00897479585316901,1.41662958953263,13.9330279798351,7.04653643697212,0.775480300826331,6.31463355783192,100
"msq","R19","lm_logtss","single",0.901110033484971,0.95098998838693,0.901168285646588,0.959182911897816,0.0736506919247465,0.955718429452685,0.931702772083689,NA,NA,NA,NA,0.0384999999999996,27.27,274.68,261.71,25.74,235.97,0.00142750332471109,0.0050793094430211,0.00142437875364324,0.00452820877353512,0.00569537683785961,0.0023216985243298,0.0029248590700678,NA,NA,NA,NA,0.000390674113074163,1.41662958953263,13.9330279798351,13.2912236175803,1.30914576203822,12.0075014852879,100
"msq","R19","locom","single",0.27506440128499,0.0787294563276411,0.313488320889637,0.109406145046339,0.298567820341433,0.0419108435521092,0.182847846647531,NA,NA,NA,NA,151.88653,27.27,274.68,4.03,2.5,1.53,0.0330481207076399,0.00678917482760487,0.0308693171747665,0.00831671674863362,0.0133483092174093,0.00196347387721663,0.00431959435280994,NA,NA,NA,NA,6.9294228743093,1.41662958953263,13.9330279798351,0.407618112027085,0.243086217402199,0.236752011927069,100
"msq","R19","locom2","single",0.18435347985348,0.0722320809792495,0.202506660822837,0.103470873507922,0.319750707404272,0.0440680469355773,0.0777394147294678,NA,NA,NA,NA,25.74775,27.27,274.68,3.24,2.43,0.81,0.0286932294162378,0.00689678722233253,0.0260420105864298,0.00869116562716213,0.0139579333496494,0.00207208215085986,0.00337962230534487,NA,NA,NA,NA,1.01371420676888,1.41662958953263,13.9330279798351,0.343517161731463,0.274599800628206,0.124474653620484,100
"msq","R19","logistic_presence","single",0.903650201786777,0.625146487371302,0.905023336573885,0.720885062848156,0.0955999215395591,0.723271980500976,0.721814963181571,NA,NA,NA,NA,0.346270000000001,27.15,273.55,197.97,18.23,179.74,0.0027884292062965,0.0171416798366964,0.00214243259702066,0.0152047155034179,0.00683582080922532,0.0134648495183174,0.00955985115794031,NA,NA,NA,NA,0.0193511613464037,1.42392082120127,13.9896381206761,12.6115503817058,1.16868699527688,11.4808370862938,100
"msq","R19","maaslin3","abundance",0.01,0,0.03,0.000909090909090909,0.0505152662350695,0.0463972144016538,0.0708569335340418,NA,NA,NA,NA,9.06358,26.92,272.09,0.01,0,0.01,0.01,0,0.0171446607997765,0.000909090909090909,0.00357882564729371,0.00193251235061241,0.0030476397675748,NA,NA,NA,NA,0.52230368293559,1.4192528977877,13.9523365770611,0.01,0,0.01,100
"msq","R19","maaslin3","combined",0.03,0.000769230769230769,0.03,0.00118589743589744,0.0551983436229289,0.0534743722842525,0.0919885736948704,NA,NA,NA,NA,9.06358,27.27,274.68,0.05,0.01,0.04,0.0171446607997765,0.000769230769230769,0.0171446607997765,0.000871121163195721,0.00392365514355709,0.00226929642596848,0.00411817730993991,NA,NA,NA,NA,0.52230368293559,1.41662958953263,13.9330279798351,0.0261116483933547,0.01,0.0242878362539562,100
"msq","R19","maaslin3","presence",0,NA,0,NA,NA,0.0457359366694263,0.0686838910343148,0.050604893268396,NA,NA,NA,9.06358,0,274.07,0,NA,0,0,NA,0,NA,NA,0.00241975445618147,0.00370412561972677,0.00599647834524829,NA,NA,NA,0.52230368293559,0,13.966426229217,0,NA,0,100
"msq","R19","pursue","abundance",0.05,0.000909090909090909,0.105,0.00215909090909091,0.0504193324124494,0.0539216685491553,0.0724870950714635,NA,NA,NA,NA,13.19162,26.92,272.09,0.1,0.01,0.09,0.021904291355759,0.000909090909090909,0.0303972021572693,0.00129016681288146,0.00329024980683954,0.00270344658951599,0.00362837741435159,NA,NA,NA,NA,0.741228700755875,1.4192528977877,13.9523365770611,0.0541229427257326,0.01,0.0533617348619284,100
"msq","R19","pursue","combined",0.105,0.0016431803490627,0.1325,0.00188708278808709,0.0522770884396276,0.0430154098577443,0.106117098801641,NA,NA,NA,NA,13.19162,27.27,274.68,0.17,0.03,0.14,0.0303972021572693,0.00100119573664371,0.033419396472798,0.00102654022042532,0.00419464768588338,0.00211408422982727,0.00354334184158881,NA,NA,NA,NA,0.741228700755875,1.41662958953263,13.9330279798351,0.0493493012650993,0.0171446607997765,0.0449915817041635,100
"msq","R19","pursue","presence",0.11,NA,0.13,NA,NA,0.0304870444661427,0.194955164515499,0.0295220521115324,NA,NA,NA,13.19162,0,273.54,0.15,NA,0.15,0.031446603773522,NA,0.0337997668989631,NA,NA,0.00155951021750733,0.00553104196882624,0.0039212460716707,NA,NA,NA,0.741228700755875,0,13.9910463432074,0.0519809599951771,NA,0.0519809599951771,100
"msq","R19","wilcoxon_tss","single",0.851233079891689,0.424948151400987,0.895624737137616,0.531060306406571,0.139822705512721,0.514671226535073,0.564140109184598,NA,NA,NA,NA,0.18038,27.27,274.68,120.06,12.43,107.63,0.0165320373665903,0.0162917234178422,0.00354886741753967,0.0157100099645785,0.00811238856823135,0.0119104781517633,0.00920857407108366,NA,NA,NA,NA,0.00786555950092727,1.41662958953263,13.9330279798351,8.42133917707591,0.810693056787359,7.68054942005709,100
"msq","R19","zicoseq","single",0.300774561778145,0.130642357881276,0.398819305770901,0.211941731569533,0.262006759211179,0.193559411012875,0.226677984302935,NA,NA,NA,NA,77.91788,27.27,274.68,8.62,3.08,5.54,0.0369097541788361,0.0129586033943588,0.0371444536663754,0.017725804648441,0.014600321543742,0.0195294512961174,0.0202274660531703,NA,NA,NA,NA,3.80116625599475,1.41662958953263,13.9330279798351,1.44514373127395,0.253731744131076,1.36747352383285,100
"msq","R20","adapt","single",0.0648333333333333,0.0395143470312894,0.116484126984127,0.0573755290236932,0.267069150036807,0.0512931921575913,0.0749403696123858,NA,NA,NA,NA,0.473859999999995,27.28,276.4,1.32,1.15,0.17,0.0195615449390901,0.0049340155244373,0.0241338892272184,0.00660536955354265,0.0114424986423277,0.00268130052828868,0.00286672720080887,NA,NA,NA,NA,0.0153045185114944,1.42921041986211,13.4833754728337,0.163225072346206,0.147281768022791,0.0493493012650994,100
"msq","R20","aldex2","single",0,0.011369738829701,0,0.0125135296793742,0.254065942721271,0.00514472702226312,0.26399023342814,NA,NA,NA,NA,78.595,27.28,276.4,0.25,0.25,0,0,0.0030821257478523,0,0.00314401664076979,0.0110943342336352,0.000662397199645693,0.00518601664718436,NA,NA,NA,NA,4.30725572554643,1.42921041986211,13.4833754728337,0.0641573192719398,0.0641573192719398,0,100
"msq","R20","ancombc2","single",0,0.00792149553108632,0,0.00792149553108632,0.179030065106788,0.468524400122176,0.455116984455983,NA,NA,NA,NA,100.6499,27.28,276.4,0.17,0.17,0,0,0.00267523271344429,0,0.00267523271344429,0.00850379677421316,0.00767261191844614,0.0073508707808956,NA,NA,NA,NA,6.37061931412916,1.42921041986211,13.4833754728337,0.0586979943903925,0.0586979943903924,0,100
"msq","R20","corncob","single",0.533639945545733,0.243152675265796,0.591831084986819,0.30713959385991,0.273583942480189,0.143023281192161,0.146305952787873,NA,NA,NA,NA,12.83354,27.23,276.14,16,7.08,8.92,0.0239609479254618,0.0121469984448931,0.0208575167734225,0.0134877362440701,0.0125140201428601,0.00486055061276291,0.0062374887828459,NA,NA,NA,NA,0.64646110172573,1.43230089666447,13.4914115591581,1.13137084989848,0.494960461638966,0.803864403862977,100
"msq","R20","fastancom","single",0.0206666666666667,0.0254566125480655,0.0222619047619048,0.0349166249750291,0.281303282270851,0.0270533491532517,0.108275885067838,NA,NA,NA,NA,0.0386399999999995,27.28,276.4,0.73,0.68,0.05,0.011632031320345,0.00439904978327747,0.0118682159101637,0.00510369226748724,0.012423786301555,0.00186317236017001,0.00601516638014514,NA,NA,NA,NA,0.000940719690105119,1.42921041986211,13.4833754728337,0.121318513913507,0.112707720689535,0.0261116483933547,100
"msq","R20","ldm","single",0.0736904761904762,0.0607354054115276,0.114162975912976,0.0987467830080779,0.312388499756796,0.0536691960639995,0.0823332144833064,NA,NA,NA,NA,31.85967,27.28,276.4,2.26,1.86,0.4,0.0189849730227333,0.00645354667744931,0.0216259602773232,0.0108935929695174,0.0138222757406001,0.00327003649151641,0.00417752515987796,NA,NA,NA,NA,3.38533475679535,1.42921041986211,13.4833754728337,0.259611208922072,0.212735905894058,0.110096376512636,100
"msq","R20","limma_logtss","single",0.066922619047619,0.0412088367084422,0.124404761904762,0.0611532666848966,0.269102038293312,0.0573721755720126,0.0963861361034064,NA,NA,NA,NA,0.0408200000000002,27.28,276.4,1.37,1.06,0.31,0.019888161139817,0.00721211134436321,0.0257409826610946,0.00808937316909653,0.0118195217127882,0.00476482767169808,0.00626426588954012,NA,NA,NA,NA,0.000439094568861949,1.42921041986211,13.4833754728337,0.229031778484025,0.148269478935614,0.126885775404495,100
"msq","R20","linda","single",0.0506269841269841,0.0440395235267678,0.135079725829726,0.0607898692927548,0.270682507510983,0.0583905147404952,0.0783383986131977,NA,NA,NA,NA,0.210850000000001,27.28,276.4,1.6,1.35,0.25,0.0166357481944811,0.00497002216764783,0.0258668055281161,0.00629589932069848,0.0123468551763052,0.00278064204878447,0.00359527680489232,NA,NA,NA,NA,0.00964453448615044,1.42921041986211,13.4833754728337,0.204988297276215,0.162291046698158,0.094681816969503,100
"msq","R20","lm_logtss","single",0.082234126984127,0.0440333042702046,0.120040903540904,0.0654620370786108,0.267935398041158,0.0593970639027599,0.0967146240397894,NA,NA,NA,NA,0.0496400000000004,27.28,276.4,1.54,1.21,0.33,0.0236735742840737,0.00672388384453616,0.0243660739020217,0.00815321526001968,0.0118830070204004,0.00477169113071981,0.00618738242077635,NA,NA,NA,NA,0.000502020161372263,1.42921041986211,13.4833754728337,0.234593997012591,0.164098393740715,0.127963852219084,100
"msq","R20","locom","single",0.005,0.0190458293426171,0.0249642857142857,0.0381020524506608,0.30421062340122,0.0406779976976686,0.0796370096161423,NA,NA,NA,NA,179.80959,27.28,276.4,0.53,0.51,0.02,0.005,0.00344948031637851,0.0127913877913434,0.0053230663077103,0.0131460591549141,0.00232514187255725,0.0036054000691577,NA,NA,NA,NA,8.49465084588852,1.42921041986211,13.4833754728337,0.0947671255278331,0.0893240610294218,0.02,100
"msq","R20","locom2","single",0.109825757575758,0.0469377195620054,0.123872918747919,0.0734642119151598,0.294890317580302,0.0425110997377465,0.0866414202695181,NA,NA,NA,NA,45.92645,27.28,276.4,1.83,1.43,0.4,0.0255301757682488,0.00618654057154199,0.024825763402618,0.00843072539328502,0.0132151605181536,0.00269685496711879,0.00382738557498508,NA,NA,NA,NA,2.75341122302973,1.42921041986211,13.4833754728337,0.276359815231425,0.20707437789306,0.116341538305773,100
"msq","R20","logistic_presence","single",0.0388095238095238,0.00491862063548172,0.141666666666667,0.00766771925690271,0.136413377135292,0.0580458507432143,0.0704035349568741,NA,NA,NA,NA,0.355149999999999,27.11,274.61,0.2,0.09,0.11,0.0175638247722641,0.00271108035334121,0.0332595985824779,0.00304065064741775,0.00710041186309812,0.00311867589443464,0.00373584289656084,NA,NA,NA,NA,0.0203843244140731,1.4359662217124,13.5353924019493,0.0840874965182522,0.0350900716914789,0.0584220105194208,100
"msq","R20","maaslin3","abundance",0.0208333333333333,0.0182681315001573,0.0333333333333333,0.0271184133061232,0.258019802535876,0.0459547868360757,0.0643442798678348,NA,NA,NA,NA,11.55705,27.28,276.4,0.55,0.51,0.04,0.0118074122128849,0.00312151156358389,0.0137620470640795,0.00439954055420367,0.0108287259910422,0.00169242582711801,0.00284711584209577,NA,NA,NA,NA,0.622379043195616,1.42921041986211,13.4833754728337,0.088048425610713,0.0810225059143845,0.0196946385566932,100
"msq","R20","maaslin3","combined",0.0258333333333333,0.0244604146089726,0.046,0.0359748395417573,0.267540010482479,0.0514058414181298,0.0915398738260191,NA,NA,NA,NA,11.55705,27.28,276.4,0.68,0.62,0.06,0.0127401179767146,0.00431937706380388,0.016641597307433,0.00520441080443285,0.0111145588476157,0.00219411326995456,0.00360770866011536,NA,NA,NA,NA,0.622379043195616,1.42921041986211,13.4833754728337,0.100383104538402,0.0896457675317895,0.0277797979063414,100
"msq","R20","maaslin3","presence",0.01,NA,0.02,NA,NA,0.0515353659323544,0.0687505380270399,0.128629729326991,NA,NA,NA,11.55705,0,275.34,0.01,NA,0.01,0.01,NA,0.014070529413629,NA,NA,0.00276837243977351,0.00364517997134149,0.00775186262161058,NA,NA,NA,0.622379043195616,0,13.5263246517988,0.01,NA,0.01,100
"msq","R20","pursue","abundance",0.0701190476190476,0.0384234671739528,0.133648268398268,0.0554353988764672,0.258746922359009,0.0508095768388167,0.0653633739289885,NA,NA,NA,NA,25.28876,27.28,276.4,1.29,1.12,0.17,0.0207683105401419,0.00516263101717328,0.0258130869793272,0.00654764525410773,0.0107142688428471,0.00213308405687882,0.00265083909074699,NA,NA,NA,NA,1.45910989153655,1.42921041986211,13.4833754728337,0.18051273773573,0.162853345440652,0.0450700913168936,100
"msq","R20","pursue","combined",0.0358333333333333,0.028737839609717,0.108642857142857,0.0395484671739528,0.226978625807331,0.046703437103961,0.09072080143427,NA,NA,NA,NA,25.28876,27.28,276.4,0.87,0.76,0.11,0.0122093021702195,0.00424892283407276,0.0231274267042661,0.00515170582398096,0.00950961483872834,0.00174074144492501,0.0037637644165636,NA,NA,NA,NA,1.45910989153655,1.42921041986211,13.4833754728337,0.126853928563207,0.11020641789594,0.0373219679669936,100
"msq","R20","pursue","presence",0.02,NA,0.09,NA,NA,0.0407146345411641,0.14175806243622,0.050954465595359,NA,NA,NA,25.28876,0,274.11,0.02,NA,0.02,0.014070529413629,NA,0.0287623491264661,NA,NA,0.0015391549410707,0.0052342098171609,0.00534920410436907,NA,NA,NA,1.45910989153655,0,13.5239472974813,0.014070529413629,NA,0.014070529413629,100
"msq","R20","wilcoxon_tss","single",0,NA,0,NA,NA,NA,NA,NA,NA,NA,NA,0.0225500000000004,0,0,0,NA,0,0,NA,0,NA,NA,NA,NA,NA,NA,NA,NA,0.000191946436131146,0,0,0,NA,0,100
"msq","R20","zicoseq","single",0.0688095238095238,0.0602008175789927,0.117767871017871,0.0890509612432556,0.290321672824673,0.0544426570809013,0.0822243941678152,NA,NA,NA,NA,76.57058,27.28,276.4,2.15,1.83,0.32,0.0169254119888817,0.00650728394373075,0.0206302235504702,0.00845755749509274,0.0121031132249083,0.00265325630280688,0.00420301269354273,NA,NA,NA,NA,3.52605372737274,1.42921041986211,13.4833754728337,0.243449536388297,0.199522156436549,0.0962740196973559,100
"msq","R21","adapt","single",0.0336666666666667,0.0182989285948617,0.0692976190476191,0.0279218027559967,0.225412015650618,0.047755175519586,0.0765218931576622,NA,NA,NA,NA,0.471870000000001,27.47,275.05,0.71,0.59,0.12,0.0111564227599667,0.00303349789910359,0.0199987995743068,0.0044598991018409,0.00929515902070893,0.00208017957524323,0.00331622582377814,NA,NA,NA,NA,0.0145259548617791,1.35612750808389,13.5100589161999,0.13279816841867,0.104538427519658,0.0408989886516436,100
"msq","R21","aldex2","single",0,0.00446326987215612,0,0.00505150516627377,0.229366257828337,0.00336720776875011,0.273059976468988,NA,NA,NA,NA,78.09966,27.47,275.05,0.11,0.11,0,0,0.00157981974010286,0,0.00166997356884068,0.00878294614064668,0.000556625232211911,0.00521151940969936,NA,NA,NA,NA,4.40309236335629,1.35612750808389,13.5100589161999,0.0373219679669936,0.0373219679669936,0,100
"msq","R21","ancombc2","single",0,0.00191865079365079,0,0.00191865079365079,0.142368697445556,0.487716206537582,0.470105612250873,NA,NA,NA,NA,93.26199,27.47,275.05,0.04,0.04,0,0,0.00107980979162002,0,0.00107980979162002,0.00704400204542061,0.00790137218662306,0.00724148559404933,NA,NA,NA,NA,5.88307212483058,1.35612750808389,13.5100589161999,0.0196946385566932,0.0196946385566932,0,100
"msq","R21","corncob","single",0.557428377479913,0.180294042745913,0.593145080958916,0.241876341559597,0.234497546681425,0.133198147128553,0.130162122969087,NA,NA,NA,NA,12.90451,27.43,274.72,12.42,5.38,7.04,0.0227037245782607,0.0107455567603781,0.0203824861029391,0.0123626845488594,0.0114031942582861,0.00422003601928867,0.00520582408157735,NA,NA,NA,NA,0.656887287119173,1.35544208003265,13.5065048301651,0.828187750147845,0.418699284581537,0.54733883288124,100
"msq","R21","fastancom","single",0.015,0.0134191976945364,0.0291282051282051,0.0215896190641824,0.244438079031161,0.0297131314445929,0.120516671963989,NA,NA,NA,NA,0.0393800000000027,27.47,275.05,0.41,0.38,0.03,0.0105528970602217,0.00384185604741448,0.014260751110682,0.00525062864089862,0.00934116095840663,0.00386126596773959,0.00774337114109751,NA,NA,NA,NA,0.00097294512806264,1.35612750808389,13.5100589161999,0.0877266185143346,0.0801261631441442,0.0171446607997765,100
"msq","R21","ldm","single",0.0636309523809524,0.0230096837656563,0.114463924963925,0.0442267999904248,0.258857436277231,0.0494117700075245,0.0786686874815483,NA,NA,NA,NA,23.89165,27.47,275.05,0.92,0.71,0.21,0.0191047826622832,0.00386924502341804,0.0240376534870141,0.0062877621552005,0.0117935500236656,0.0025531141348736,0.00378102813539541,NA,NA,NA,NA,2.85688889285817,1.35612750808389,13.5100589161999,0.167982683090198,0.128938948829485,0.0624338033278432,100
"msq","R21","limma_logtss","single",0.0323333333333333,0.0149545778526713,0.0636666666666666,0.0264633178051531,0.235275907666755,0.0505435636906754,0.085102570150133,NA,NA,NA,NA,0.0400300000000004,27.47,275.05,0.56,0.47,0.09,0.0143603222533081,0.00276244442925501,0.0190034848242571,0.0047145395666703,0.00978809791109,0.00322970237581526,0.00399248321902835,NA,NA,NA,NA,0.000371308089017358,1.35612750808389,13.5100589161999,0.108544084047995,0.0892788164723697,0.0404395046378357,100
"msq","R21","linda","single",0.0338888888888889,0.023600723136018,0.0786439393939394,0.0409585857870311,0.235838452584402,0.0530130283561208,0.0730851426074535,NA,NA,NA,NA,0.20406,27.47,275.05,0.79,0.67,0.12,0.0145183939732169,0.00387019665329553,0.0199353371639412,0.00630969784330171,0.00976734293301967,0.00284327344970619,0.00368812576406215,NA,NA,NA,NA,0.00906061317522768,1.35612750808389,13.5100589161999,0.150618254490811,0.122313556323925,0.0517960257435672,100
"msq","R21","lm_logtss","single",0.0313333333333333,0.016671183054589,0.0700238095238095,0.0255275173599918,0.236110127273966,0.0508797939224392,0.0854944863672908,NA,NA,NA,NA,0.0493499999999994,27.47,275.05,0.58,0.49,0.09,0.0143122936960416,0.00286415295895887,0.0194319421184099,0.00406918191388036,0.0097340621107343,0.00329869285856534,0.00412819439073329,NA,NA,NA,NA,0.000458450398273031,1.35612750808389,13.5100589161999,0.105581602315341,0.0858645868372245,0.0451596494604856,100
"msq","R21","locom","single",0.00833333333333333,0.00884596494362773,0.0375747126436782,0.02010698023437,0.257616025332843,0.047831011347118,0.0893924732408184,NA,NA,NA,NA,175.95081,27.47,275.05,0.29,0.26,0.03,0.00598117135471061,0.00234799749306631,0.0152563977348286,0.00406278231352288,0.0115083035602668,0.00337153852145987,0.00443824652873545,NA,NA,NA,NA,8.58308528973396,1.35612750808389,13.5100589161999,0.0807727826946826,0.0705247288100945,0.0222701503353614,100
"msq","R21","locom2","single",0.158957404701011,0.0258865819009506,0.184209192612151,0.041262102493524,0.253066467129311,0.0451486903560158,0.098021047222196,NA,NA,NA,NA,44.60089,27.47,275.05,1.4,0.78,0.62,0.0332947486217679,0.00437799196237711,0.0337071153478903,0.00666596284895191,0.0117845714908801,0.00336555154259946,0.00473663325868016,NA,NA,NA,NA,2.35588314405949,1.35612750808389,13.5100589161999,0.316227766016838,0.151477571097026,0.191105238340586,100
"msq","R21","logistic_presence","single",0.063,0.00259086464417983,0.123,0.00718590974842248,0.114611862307615,0.0506855498145439,0.0683109416686079,NA,NA,NA,NA,0.344019999999999,27.35,273.27,0.18,0.08,0.1,0.0235554364395692,0.00117539924683003,0.0309581194961596,0.00212009094911909,0.00575268046834016,0.00204799410917245,0.0029914711066185,NA,NA,NA,NA,0.0189916088860531,1.36028628894023,13.567302159191,0.0641651908527647,0.0338743966363203,0.0460566186471838,100
"msq","R21","maaslin3","abundance",0.02,0.00749797839397616,0.035,0.0112423556322867,0.212011235023786,0.0481170502057179,0.0619899681755955,NA,NA,NA,NA,11.17641,27.46,275,0.22,0.2,0.02,0.014070529413629,0.00191562494310534,0.0177738316327429,0.00233815178206197,0.00962862026262745,0.00186206229378929,0.00253824964871053,NA,NA,NA,NA,0.617020542868892,1.35701841914507,13.5103701285383,0.0483672817035849,0.0471404520791032,0.014070529413629,100
"msq","R21","maaslin3","combined",0.03,0.0101004102410889,0.062,0.0198292425278988,0.226814123208216,0.0483866229210804,0.0870311972442642,NA,NA,NA,NA,11.17641,27.47,275.05,0.32,0.28,0.04,0.0171446607997765,0.0022694279633386,0.0218145432805953,0.00341689688704051,0.0100860898879086,0.00202174692309487,0.00301442378058597,NA,NA,NA,NA,0.617020542868892,1.35612750808389,13.5100589161999,0.0617587355290036,0.0587409997404288,0.0242878362539562,100
"msq","R21","maaslin3","presence",0.01,NA,0.02,NA,NA,0.0423892083577286,0.0668609276357036,0.0964506279672322,NA,NA,NA,11.17641,0,273.86,0.01,NA,0.01,0.01,NA,0.014070529413629,NA,NA,0.00191749945077055,0.00283360502972619,0.00658475225153005,NA,NA,NA,0.617020542868892,0,13.5669906893031,0.01,NA,0.01,100
"msq","R21","pursue","abundance",0.0578333333333333,0.0214926456591112,0.1465,0.0311910820281276,0.213883507794017,0.05370388075495,0.0645216122785429,NA,NA,NA,NA,24.44244,27.46,275,0.71,0.53,0.18,0.0206277125550199,0.00439074379587212,0.0302463498029299,0.00520353901379838,0.0100633631298665,0.00263190223647337,0.00324563166261372,NA,NA,NA,NA,1.34343532196644,1.35701841914507,13.5103701285383,0.15589105234753,0.0979125563289443,0.102867964798659,100
"msq","R21","pursue","combined",0.0416666666666667,0.0132964613092184,0.081,0.0230065345480001,0.190438174036024,0.0453577784231698,0.0963720665308591,NA,NA,NA,NA,24.44244,27.47,275.05,0.45,0.34,0.11,0.0163049984417757,0.00295242375585674,0.0239586952834612,0.00466221118563803,0.00932773714772681,0.00234427630383504,0.00386205995970556,NA,NA,NA,NA,1.34343532196644,1.35612750808389,13.5100589161999,0.0967919772950572,0.0699494767166224,0.0548551812419839,100
"msq","R21","pursue","presence",0.02,NA,0.03,NA,NA,0.0344601201295804,0.155184528239247,0.040811441046771,NA,NA,NA,24.44244,0,272.78,0.02,NA,0.02,0.014070529413629,NA,0.0171446607997765,NA,NA,0.00155335089699409,0.00576930240484196,0.00463686911902483,NA,NA,NA,1.34343532196644,0,13.5420525725899,0.014070529413629,NA,0.014070529413629,100
"msq","R21","wilcoxon_tss","single",0,NA,0,NA,NA,NA,NA,NA,NA,NA,NA,0.0224000000000009,0,0,0,NA,0,0,NA,0,NA,NA,NA,NA,NA,NA,NA,NA,0.000193322883730176,0,0,0,NA,0,100
"msq","R21","zicoseq","single",0.03475,0.0315259161523854,0.0801959706959707,0.0449464800217079,0.250827934565744,0.0523667138516449,0.0836012342023633,NA,NA,NA,NA,80.57026,27.47,275.05,1.2,1.01,0.19,0.0117905013939226,0.00507151270945222,0.0192841525529941,0.00633532980538353,0.0112798856661733,0.00282478239433583,0.00455768901845662,NA,NA,NA,NA,3.75513084218692,1.35612750808389,13.5100589161999,0.212726409391324,0.167871403403939,0.0812714618119454,100
"msq","R22","adapt","single",0,NA,0,NA,NA,NA,NA,NA,NA,NA,NA,0.0262999999999957,0,0,0,NA,0,0,NA,0,NA,NA,NA,NA,NA,NA,NA,NA,0.000401386485960402,0,0,0,NA,0,100
"msq","R22","aldex2","single",0,0.0109652218152218,0,0.0137586561586562,0.272457852034338,0.00438402455718363,0.276488581064094,NA,NA,NA,NA,72.68161,27.38,274.63,0.22,0.22,0,0,0.00291898567272611,0,0.00308242516494214,0.0125889761409715,0.000614919621889549,0.00541124284602648,NA,NA,NA,NA,3.94129996028575,1.33278625139937,13.4162697475637,0.0561023595535406,0.0561023595535406,0,100
"msq","R22","ancombc2","single",0,0.0155057581270966,0,0.0155057581270966,0.194212035244684,0.450715202782139,0.436509470922104,NA,NA,NA,NA,55.52013,27.38,274.63,0.39,0.39,0,0,0.00334564117534515,0,0.00334564117534515,0.00906065181265032,0.00650663686487049,0.00649044380735034,NA,NA,NA,NA,3.39243473875298,1.33278625139937,13.4162697475637,0.0764027076573451,0.0764027076573451,0,100
"msq","R22","corncob","single",0.497508079531444,0.220467247579662,0.565577260220694,0.291745265505799,0.286352971527247,0.127308292235189,0.122716977154179,NA,NA,NA,NA,11.18169,27.36,274.42,14.37,7.12,7.25,0.0269176648157327,0.0120439485426637,0.0226485850517072,0.0137915336919338,0.0141031485556075,0.00514065097893907,0.00625926725174991,NA,NA,NA,NA,0.550279779655749,1.33420577517302,13.4262683880624,1.03929414663623,0.578098590032859,0.69607485374793,100
"msq","R22","fastancom","single",0.0116666666666667,0.0322815234500127,0.0242777777777778,0.0461417534442123,0.300042012074525,0.0295228181872242,0.122625422475524,NA,NA,NA,NA,0.0390799999999948,27.38,274.63,1.09,1.05,0.04,0.00592461054424762,0.00479350828675666,0.0100966939431736,0.00626213776444024,0.0137920613436693,0.00267546190457164,0.00688248370455205,NA,NA,NA,NA,0.000827882780947055,1.33278625139937,13.4162697475637,0.182626737507204,0.177738316327429,0.0196946385566932,100
"msq","R22","ldm","single",0.0679908114761056,0.0896127528413043,0.117364229547094,0.130058022547727,0.350413548954722,0.0525818274611172,0.0849829854948112,NA,NA,NA,NA,31.96903,27.38,274.63,3.54,2.93,0.61,0.0164034833246155,0.00907839278348938,0.0222229377335812,0.011383646784474,0.0149506814133245,0.00361083703627601,0.00492218691811166,NA,NA,NA,NA,3.38563509481507,1.33278625139937,13.4162697475637,0.498162279348464,0.358237830825198,0.299459108353307,100
"msq","R22","limma_logtss","single",0.0573216374269006,0.051557387871756,0.122176422421594,0.0748195379386319,0.301495936816894,0.0505361944479604,0.0927669938790115,NA,NA,NA,NA,0.0403499999999993,27.38,274.63,2.14,1.59,0.55,0.0188365166871876,0.00629050016924016,0.0249281873102474,0.00808420698249385,0.013861083027784,0.00476462656356244,0.00560742499583017,NA,NA,NA,NA,0.000310546927113152,1.33278625139937,13.4162697475637,0.431586221590387,0.215601109421632,0.355156815556683,100
"msq","R22","linda","single",0.061254329004329,0.0582572620597989,0.111056277056277,0.0830977737428203,0.296339670401969,0.0493957989545834,0.0776630948415676,NA,NA,NA,NA,0.18749,27.38,274.63,2.06,1.8,0.26,0.0173680031071897,0.00643717592215984,0.0229711627378182,0.00795927574703266,0.013071548074171,0.0026611225611793,0.00355293113924359,NA,NA,NA,NA,0.00801909961191771,1.33278625139937,13.4162697475637,0.258128462263081,0.230502306130141,0.07992420652017,100
"msq","R22","lm_logtss","single",0.0739444444444444,0.0559771223242222,0.118592923416453,0.0832543578499939,0.298669811847696,0.05127607814057,0.0924041879332943,NA,NA,NA,NA,0.0484799999999998,27.38,274.63,2.29,1.73,0.56,0.0217962828686783,0.00644305188780562,0.0248645401976273,0.00848295081400418,0.0137268028812543,0.00492967839166471,0.0056358665233386,NA,NA,NA,NA,0.000496549711672071,1.33278625139937,13.4162697475637,0.421947145907392,0.227349683940574,0.335544183364723,100
"msq","R22","locom","single",0,NA,0,NA,NA,NA,NA,NA,NA,NA,NA,0.0255100000000024,0,0,0,NA,0,0,NA,0,NA,NA,NA,NA,NA,NA,NA,NA,0.000382309568361028,0,0,0,NA,0,100
"msq","R22","locom2","single",0,NA,0,NA,NA,NA,NA,NA,NA,NA,NA,0.0276799999999976,0,0,0,NA,0,0,NA,0,NA,NA,NA,NA,NA,NA,NA,NA,0.000310060274361843,0,0,0,NA,0,100
"msq","R22","logistic_presence","single",0.04,0.00264946164946165,0.0991666666666667,0.00869956009509253,0.146619287503539,0.0527357371004796,0.0722905853525424,NA,NA,NA,NA,0.32742,27.28,272.84,0.13,0.08,0.05,0.01836773631599,0.00114852740783623,0.0289086713541332,0.0021715519285775,0.00772083490924465,0.00253681960978898,0.00342861838991154,NA,NA,NA,NA,0.0174511333891428,1.33802809832948,13.4770715879177,0.0441645225322889,0.0338743966363203,0.021904291355759,100
"msq","R22","maaslin3","abundance",0.015,0.0220086569508586,0.0175,0.034165589868723,0.271723167655719,0.0469748029552886,0.0650409193365272,NA,NA,NA,NA,8.53014,27.38,274.63,0.63,0.61,0.02,0.0111350751676807,0.00324059866100012,0.0113790299776529,0.00400612128919738,0.0119535554967127,0.00192517472148545,0.00297862656373496,NA,NA,NA,NA,0.427744252160757,1.33278625139937,13.4162697475637,0.0928287224794768,0.0919980236941879,0.014070529413629,100
"msq","R22","maaslin3","combined",0.0183333333333333,0.0319830501861833,0.0253571428571429,0.0476278152137888,0.286976565605349,0.0522584265822721,0.0884159942000387,NA,NA,NA,NA,8.53014,27.38,274.63,1,0.97,0.03,0.0115797629116882,0.00369179362837062,0.0126324665236868,0.00525724420336047,0.0126376995491712,0.00237845125158294,0.00320134915171616,NA,NA,NA,NA,0.427744252160757,1.33278625139937,13.4162697475637,0.127128345232746,0.125894777292368,0.0171446607997765,100
"msq","R22","maaslin3","presence",0,NA,0.01,NA,NA,0.0520403108946002,0.0685736569637404,0.13701700406974,NA,NA,NA,8.53014,0,273.42,0,NA,0,0,NA,0.01,NA,NA,0.00258587152539634,0.00309826428050584,0.0082563725465714,NA,NA,NA,0.427744252160757,0,13.4724348582616,0,NA,0,100
"msq","R22","pursue","abundance",0.0468717948717949,0.0467739065705799,0.104602869352869,0.0684166189943479,0.269437863882122,0.0523615563307558,0.0689800527582677,NA,NA,NA,NA,12.76228,27.38,274.63,1.51,1.38,0.13,0.0169076016455751,0.00527389160699547,0.0210299048336754,0.00712175619068665,0.0118596036191042,0.00224747219077308,0.00310857771677764,NA,NA,NA,NA,0.679251950708582,1.33278625139937,13.4162697475637,0.207191415913601,0.18682893380055,0.0418148878808116,100
"msq","R22","pursue","combined",0.055,0.0326344791534616,0.0897051282051282,0.0496829974796708,0.221434862889214,0.048146003171548,0.186112373432853,NA,NA,NA,NA,12.76228,27.38,274.63,1.03,0.94,0.09,0.0204885613155523,0.00428273233643797,0.022712572035829,0.00572544183323575,0.0103938827682744,0.00203528053724177,0.00561036465399464,NA,NA,NA,NA,0.679251950708582,1.33278625139937,13.4162697475637,0.13443108707333,0.128566297797257,0.0287623491264661,100
"msq","R22","pursue","presence",0.05,NA,0.06,NA,NA,0.0416772658154454,0.220742087941874,0.0461618593239047,NA,NA,NA,12.76228,0,272.8,0.05,NA,0.05,0.021904291355759,NA,0.0238683256575942,NA,NA,0.00171983297933656,0.00628824144010039,0.00495934016118397,NA,NA,NA,0.679251950708582,0,13.475784492072,0.021904291355759,NA,0.021904291355759,100
"msq","R22","wilcoxon_tss","single",0,NA,0,NA,NA,NA,NA,NA,NA,NA,NA,0.0219600000000001,0,0,0,NA,0,0,NA,0,NA,NA,NA,NA,NA,NA,NA,NA,0.000158859572063839,0,0,0,NA,0,100
"msq","R22","zicoseq","single",0.0542688707061772,0.0735702541502619,0.0962718988527812,0.116089280991013,0.323491659212885,0.0520301942714949,0.0890387313573915,NA,NA,NA,NA,81.1346,27.38,274.63,2.93,2.54,0.39,0.0149735482898466,0.00778588803455283,0.0188890529048184,0.0103496238004524,0.0137379188460163,0.00267982429244754,0.00554754843907695,NA,NA,NA,NA,3.61880058465718,1.33278625139937,13.4162697475637,0.393701676528066,0.318905958083273,0.139909783341793,100
"sd2","R00","adapt","single",0.0516666666666667,0.00258721322537112,0.118333333333333,0.0039624855565258,0.0672542622601906,0.0528639686780368,0.0538774526440691,NA,NA,NA,NA,0.670840000000005,22.39,500.21,0.11,0.04,0.07,0.0211476292340825,0.00128584249325662,0.0313639616762842,0.00149192672416449,0.00473704104528326,0.0017076098826253,0.00293254991805725,NA,NA,NA,NA,0.0398648593894602,0.859632879122644,42.1463115200782,0.0423906793643331,0.0196946385566932,0.0293188669562103,100
"sd2","R00","aldex2","single",0,0.00187990196078431,0.02,0.00225027233115468,0.0878785468235744,0.00798384403410203,0.231256767318677,NA,NA,NA,NA,19.18029,22.39,500.21,0.03,0.03,0,0,0.00107578953476017,0.014070529413629,0.00113156152110937,0.00634652518829506,0.000682509941372381,0.00317774247661298,NA,NA,NA,NA,1.43806026526159,0.859632879122644,42.1463115200782,0.0171446607997765,0.0171446607997765,0,100
"sd2","R00","ancombc2","single",0,0,0,0,0.18081951560104,0.458388315682554,0.448450985550185,NA,NA,NA,NA,93.47564,22.39,500.21,0,0,0,0,0,0,0,0.00947680091586319,0.00448069917126888,0.00402685072567429,NA,NA,NA,NA,8.15652531065388,0.859632879122644,42.1463115200782,0,0,0,100
"sd2","R00","corncob","single",0.408708970933084,0.0191088391242829,0.457254054287488,0.028886289763765,0.130791348625802,0.0637496050772469,0.0842319188124091,NA,NA,NA,NA,20.93253,22.38,500.15,4.08,0.42,3.66,0.0467051544858573,0.0038554670946416,0.04626649501399,0.00468801646360355,0.00746994494671331,0.00337319305149933,0.00272115539356224,NA,NA,NA,NA,1.80317765874048,0.860089260108237,42.1431096612387,0.712469031756554,0.076778574452444,0.676177610998887,100
"sd2","R00","fastancom","single",0.02,0.000666666666666667,0.02,0.000666666666666667,0.0777778943543371,0.0398657651858978,0.0668256770154589,NA,NA,NA,NA,0.0560300000000024,22.39,500.21,0.03,0.01,0.02,0.014070529413629,0.000666666666666667,0.014070529413629,0.000666666666666667,0.00562275802167691,0.00181540429386295,0.0032819203131424,NA,NA,NA,NA,0.00354627290477602,0.859632879122644,42.1463115200782,0.0171446607997765,0.01,0.014070529413629,100
"sd2","R00","ldm","single",0.0425,0.00503543511631747,0.095,0.00753116161204397,0.124716191495374,0.0518038826812866,0.0570619393950239,NA,NA,NA,NA,14.20647,22.39,500.21,0.17,0.1,0.07,0.0191534869046359,0.00203499575260856,0.0270360568984281,0.00249619197800786,0.00754463012505807,0.00234360116893766,0.00339199489083249,NA,NA,NA,NA,1.28530121348455,0.859632879122644,42.1463115200782,0.0569511575249735,0.0362371537669739,0.0355476632654857,100
"sd2","R00","limma_logtss","single",0.05,0.001,0.0865258215962441,0.00176923076923077,0.0737256518951045,0.0517202960526795,0.0722769179934041,NA,NA,NA,NA,0.04449,22.39,500.21,0.12,0.02,0.1,0.021904291355759,0.000742338344512046,0.0278302974635541,0.00106171661874731,0.00537890730865733,0.00337366624364366,0.00438005596120238,NA,NA,NA,NA,0.000849657685081571,0.859632879122644,42.1463115200782,0.0517960257435673,0.014070529413629,0.0502518907629606,100
"sd2","R00","linda","single",0.055,0.00125490196078431,0.141666666666667,0.002406217750258,0.0803694742752463,0.0560965970099761,0.0555706208780523,NA,NA,NA,NA,0.34329,22.39,500.21,0.09,0.02,0.07,0.0223550324255519,0.000884614517644031,0.0343592135468138,0.00118926158115317,0.00519456497032277,0.00219211166964433,0.00319547825313622,NA,NA,NA,NA,0.0275895284446468,0.859632879122644,42.1463115200782,0.0350900716914789,0.014070529413629,0.0293188669562103,100
"sd2","R00","lm_logtss","single",0.0416666666666667,0.00206089743589744,0.103182957393484,0.00431504965908991,0.0749510026046888,0.0528331190144604,0.0727324699861207,NA,NA,NA,NA,0.0403199999999999,22.39,500.21,0.33,0.03,0.3,0.0188584127285339,0.00118249540899142,0.029804696871577,0.00161823826898214,0.00554886232022981,0.00342870122813946,0.0043908964298269,NA,NA,NA,NA,0.000605009391362103,0.859632879122644,42.1463115200782,0.242901235280947,0.0171446607997765,0.241418367741206,100
"sd2","R00","locom","single",0.04,0.00314744182832418,0.0883333333333333,0.00456150294826765,0.120822629744018,0.0515452125664035,0.0546738964147269,NA,NA,NA,NA,319.13857,22.39,500.21,0.12,0.07,0.05,0.0196946385566932,0.00118971594951247,0.0267438907086402,0.00142841628938467,0.006868069912459,0.0013267982572671,0.00300874637801562,NA,NA,NA,NA,30.3031884991531,0.859632879122644,42.1463115200782,0.0356186309210063,0.0256432399976243,0.0261116483933547,100
"sd2","R00","locom2","single",0.17,0.00473968881468881,0.200833333333333,0.00740277868366104,0.122305747494642,0.0411633893529566,0.0756429717163067,NA,NA,NA,NA,74.15412,22.39,500.21,0.35,0.12,0.23,0.0370775872293152,0.00145061886053868,0.0384552847156138,0.00192482451962729,0.00748717191991047,0.00134323786672467,0.00284949643595568,NA,NA,NA,NA,8.02172040440959,0.859632879122644,42.1463115200782,0.0657128740672771,0.0356186309210063,0.0565953205047052,100
"sd2","R00","logistic_presence","single",0.06,0.000526315789473684,0.101666666666667,0.00160964912280702,0.0484538586758808,0.0573273172264907,0.113594051798939,NA,NA,NA,NA,0.58333,22.22,498.6,0.07,0.01,0.06,0.0238683256575942,0.000526315789473684,0.0295775531413883,0.000936981055196583,0.00382419676223923,0.00189503267959937,0.00202476117261141,NA,NA,NA,NA,0.0475744372727433,0.866734263098144,42.2146343527378,0.0256432399976243,0.01,0.0238683256575942,100
"sd2","R00","maaslin3","abundance",0.01,0.00527795330666174,0.02,0.0074270114557199,0.195950934858645,0.0453605331646801,0.0552636975654091,NA,NA,NA,NA,14.3697,22.38,500.15,0.11,0.1,0.01,0.01,0.00169708292238578,0.014070529413629,0.00239251972568296,0.0095341759097143,0.00146074980662032,0.0029689965069609,NA,NA,NA,NA,1.116646749845,0.860089260108237,42.1431096612387,0.031446603773522,0.0301511344577764,0.01,100
"sd2","R00","maaslin3","combined",0.02,0.00649007451878296,0.0316666666666667,0.00883149103411252,0.174734174274122,0.0475134775896194,0.0762212669938396,NA,NA,NA,NA,14.3697,22.39,500.21,0.14,0.12,0.02,0.014070529413629,0.00230936017791107,0.0161875580937039,0.00253212176752429,0.00897855560973039,0.00178863589918548,0.00229174180312689,NA,NA,NA,NA,1.116646749845,0.859632879122644,42.1463115200782,0.0376587548676509,0.0356186309210063,0.014070529413629,100
"sd2","R00","maaslin3","presence",0,NA,0,NA,NA,0.040376521892996,0.0626986252818762,0.0395157733968771,NA,NA,NA,14.3697,0,499.25,0,NA,0,0,NA,0,NA,NA,0.00147262120792207,0.00280006640109987,0.00453199878274606,NA,NA,NA,1.116646749845,0,42.1996873342814,0,NA,0,100
"sd2","R00","pursue","abundance",0.045,0.0104451356528722,0.0828571428571429,0.0159987205542832,0.200075447615699,0.04853929555727,0.0573937932487827,NA,NA,NA,NA,21.2307,22.38,500.15,0.28,0.22,0.06,0.0202197523189179,0.00235420924291209,0.0245168620521887,0.00354778631054268,0.00985599061529957,0.00159003837381619,0.00298146294781043,NA,NA,NA,NA,1.80286807752245,0.860089260108237,42.1431096612387,0.055194788218315,0.0483672817035849,0.0277797979063414,100
"sd2","R00","pursue","combined",0.04,0.00793229618709158,0.075,0.0104451356528722,0.157377987173548,0.0464651697138034,0.0651511797365855,NA,NA,NA,NA,21.2307,22.39,500.21,0.2,0.16,0.04,0.0196946385566932,0.00214032161724103,0.0259904799975886,0.00235420924291209,0.00866459288779993,0.001712912467799,0.00268247369560801,NA,NA,NA,NA,1.80286807752245,0.859632879122644,42.1463115200782,0.0449466574975495,0.041971611377408,0.0196946385566932,100
"sd2","R00","pursue","presence",0.03,NA,0.07,NA,NA,0.0472279938634643,0.0706404275229709,0.0385791045068514,NA,NA,NA,21.2307,0,498.6,0.03,NA,0.03,0.0171446607997765,NA,0.0256432399976243,NA,NA,0.00169869796003593,0.00259585539469482,0.00444573955052927,NA,NA,NA,1.80286807752245,0,42.2146343527378,0.0171446607997765,NA,0.0171446607997765,100
"sd2","R00","wilcoxon_tss","single",0.0366666666666667,0.00206089743589744,0.07,0.00286217948717949,0.073538653927287,0.0515300224197483,0.0587112682522869,NA,NA,NA,NA,0.30021,22.39,500.21,0.08,0.03,0.05,0.0182850604139947,0.00118249540899142,0.0242947667252783,0.00129739630939733,0.00509419725233856,0.00191569104614268,0.00322155875664635,NA,NA,NA,NA,0.0232302845484514,0.859632879122644,42.1463115200782,0.03673547263198,0.0171446607997765,0.0261116483933547,100
"sd2","R00","zicoseq","single",0.075,0.00166564064064064,0.141666666666667,0.00393973062061297,0.112019293788442,0.0511339211807885,0.0590963067780651,NA,NA,NA,NA,144.66591,22.39,500.21,0.12,0.04,0.08,0.0259904799975886,0.000860526995452048,0.0336162238368694,0.00124973550603044,0.006807264724533,0.00168880876958642,0.0032943294283408,NA,NA,NA,NA,12.4859657620356,0.859632879122644,42.1463115200782,0.0356186309210063,0.0196946385566932,0.0272659924344291,100
"sd2","R01","adapt","single",0.08,0,0.12,0.000714285714285714,0.0562161211879607,0.0574402175309794,0.0622300735273518,NA,NA,NA,NA,0.682749999999998,23.91,532.48,0.09,0,0.09,0.0272659924344291,0,0.032659863237109,0.000714285714285714,0.00374736111722386,0.00154558324427694,0.002878181888112,NA,NA,NA,NA,0.0404390934341729,0.858127512834094,44.7962671605029,0.0320825954263823,0,0.0320825954263823,100
"sd2","R01","aldex2","single",0.01,0.000925925925925926,0.02,0.00164021164021164,0.063546122543258,0.00729282177375184,0.246357541147274,NA,NA,NA,NA,10.007,23.91,532.48,0.03,0.02,0.01,0.01,0.000664574594967846,0.014070529413629,0.000968763309295461,0.00411220749059675,0.000630750822258724,0.00379807907880477,NA,NA,NA,NA,0.811715572168608,0.858127512834094,44.7962671605029,0.0171446607997765,0.014070529413629,0.01,100
"sd2","R01","ancombc2","single",0,0,0,0,0.113266906562846,0.400224932437838,0.424729272066118,NA,NA,NA,NA,114.15173,23.91,532.48,0,0,0,0,0,0,0,0.00677620444587687,0.0045567166070038,0.00416740032207571,NA,NA,NA,NA,10.1070414428579,0.858127512834094,44.7962671605029,0,0,0,100
"sd2","R01","corncob","single",0.556161764705882,0.0146900962870119,0.624529148215559,0.022324819315232,0.0866701467062624,0.0656942123028373,0.0931669106937408,NA,NA,NA,NA,16.06443,23.25,518.15,2.76,0.3,2.46,0.0471170695763139,0.00312742053461798,0.044309378763868,0.00362298621232922,0.00552812914863859,0.00324500228463187,0.00293132524011822,NA,NA,NA,NA,1.44764549864547,0.860393966609354,43.6312541463552,0.411972343879067,0.0611340636419152,0.390911909785467,100
"sd2","R01","fastancom","single",0.02,0.000714285714285714,0.04,0.000714285714285714,0.0570917135507588,0.0376106103419317,0.0713208896113167,NA,NA,NA,NA,0.0572500000000022,23.91,532.48,0.03,0.01,0.02,0.014070529413629,0.000714285714285714,0.0196946385566932,0.000714285714285714,0.00426208486722572,0.00200745413208791,0.00398712079933839,NA,NA,NA,NA,0.00370193438378077,0.858127512834094,44.7962671605029,0.0171446607997765,0.01,0.014070529413629,100
"sd2","R01","ldm","single",0.03,0,0.0466666666666667,0.00131054131054131,0.0738106083799532,0.0381933405343995,0.0527986573597115,NA,NA,NA,NA,8.74947,23.91,532.48,0.03,0,0.03,0.0171446607997765,0,0.0206624303250132,0.000763147387285458,0.00441810564666889,0.00134389944338422,0.00238631011391775,NA,NA,NA,NA,0.846477396818275,0.858127512834094,44.7962671605029,0.0171446607997765,0,0.0171446607997765,100
"sd2","R01","limma_logtss","single",0.035,0.000900383141762453,0.0716666666666667,0.00127075351213282,0.067464328252076,0.0470355738487797,0.0664024472572648,NA,NA,NA,NA,0.0402300000000001,23.91,532.48,0.08,0.03,0.05,0.0177738316327429,0.000650905462187306,0.0249865283568286,0.000744389184811865,0.00463635276687714,0.0026334315539807,0.00318456148457916,NA,NA,NA,NA,0.000524905955982858,0.858127512834094,44.7962671605029,0.0442216638714053,0.0222701503353614,0.0261116483933547,100
"sd2","R01","linda","single",0.05,0.000714285714285714,0.1,0.000714285714285714,0.0576896196692801,0.0527437365719734,0.0545422171320906,NA,NA,NA,NA,0.36184,23.91,532.48,0.06,0.01,0.05,0.021904291355759,0.000714285714285714,0.0301511344577764,0.000714285714285714,0.00418346436045878,0.00173547361598173,0.00303120030770311,NA,NA,NA,NA,0.03031396224631,0.858127512834094,44.7962671605029,0.0238683256575942,0.01,0.021904291355759,100
"sd2","R01","lm_logtss","single",0.05,0.000714285714285714,0.06,0.000714285714285714,0.0605107882743023,0.0465395803586522,0.0665032223554912,NA,NA,NA,NA,0.03779,23.91,532.48,0.07,0.01,0.06,0.021904291355759,0.000714285714285714,0.0238683256575942,0.000714285714285714,0.00423037940075076,0.00260959702545305,0.00319847226220254,NA,NA,NA,NA,0.00032730765806851,0.858127512834094,44.7962671605029,0.0293188669562103,0.01,0.0277797979063414,100
"sd2","R01","locom","single",0.085,0.00132275132275132,0.18375,0.00166757890895822,0.0693497209500955,0.0530617748971866,0.0562166856416248,NA,NA,NA,NA,257.22715,23.91,532.48,0.19,0.03,0.16,0.0275745087962331,0.000832770067012062,0.0384539850294669,0.000896212854247811,0.00510541414777482,0.00183745656112452,0.00268865176465813,NA,NA,NA,NA,28.0074369820321,0.858127512834094,44.7962671605029,0.0677115092495248,0.0171446607997765,0.0646982116125213,100
"sd2","R01","locom2","single",0.13,0.00024050024050024,0.166666666666667,0.000521083854417188,0.0727874927954804,0.0320457894614528,0.103283917968602,NA,NA,NA,NA,63.26883,23.58,523.76,0.16,0.0101010101010101,0.15,0.0337997668989631,0.00024050024050024,0.0371546952681809,0.000367682442490177,0.00515526413793537,0.00161437748514337,0.00432102421136327,NA,NA,NA,NA,7.62832687458172,0.885823248894963,44.9770336904954,0.041971611377408,0.0101010101010101,0.0411329453348431,100
"sd2","R01","logistic_presence","single",0.06,0,0.13,0.00037037037037037,0.0502544212519215,0.0577229132820454,0.17972465612423,NA,NA,NA,NA,0.50295,23.65,529.69,0.07,0,0.07,0.0238683256575942,0,0.0337997668989631,0.00037037037037037,0.00385160033485744,0.00154764680762858,0.00229152460330047,NA,NA,NA,NA,0.0418123933466351,0.86074609402764,44.8576011711313,0.0293188669562103,0,0.0293188669562103,100
"sd2","R01","maaslin3","abundance",0,0.00037037037037037,0,0.00037037037037037,0.0990249987659935,0.0402737717934174,0.0561175943231319,NA,NA,NA,NA,14.9197,23.25,518.17,0.01,0.00999999999999999,0,0,0.00037037037037037,0,0.00037037037037037,0.00659311716407059,0.00127689980358808,0.00331343234787627,NA,NA,NA,NA,1.25664089592577,0.860393966609354,43.6290841160811,0.01,0.00999999999999999,0,100
"sd2","R01","maaslin3","combined",0,0.00037037037037037,0,0.00074074074074074,0.0898104981754665,0.0358769389219775,0.0734127045435749,NA,NA,NA,NA,14.9197,23.91,532.48,0.01,0.00999999999999999,0,0,0.00037037037037037,0,0.000521130719023295,0.00589511819055526,0.00117792538767011,0.00236478907557835,NA,NA,NA,NA,1.25664089592577,0.858127512834094,44.7962671605029,0.01,0.00999999999999999,0,100
"sd2","R01","maaslin3","presence",0,NA,0,NA,NA,0.0197319083462447,0.0832555322215083,0.0169756739450484,NA,NA,NA,14.9197,0,531.08,0,NA,0,0,NA,0,NA,NA,0.000898941107154803,0.00339172314035305,0.00264184172726758,NA,NA,NA,1.25664089592577,0,44.8567567064564,0,NA,0,100
"sd2","R01","pursue","abundance",0.0866666666666667,0.00382142857142857,0.186666666666667,0.00642615717615718,0.132780828378938,0.0439279442123857,0.0798370987781351,NA,NA,NA,NA,16.65901,12.73,280.65,0.16,0.05,0.11,0.0278765919205411,0.00189234279573139,0.038873012632302,0.00225433497537474,0.0102869856896806,0.00182983077095012,0.00474666479448277,NA,NA,NA,NA,1.42890970546169,0.638789100683093,24.2501957713643,0.046536615322309,0.021904291355759,0.0373219679669936,100
"sd2","R01","pursue","combined",0.01,0.00105801605801606,0.045,0.00188293188293188,0.0807424904691676,0.0268335350330384,0.105209886455848,NA,NA,NA,NA,16.65901,23.91,532.45,0.04,0.03,0.01,0.01,0.000607808274940732,0.0202197523189179,0.000984532114235257,0.00560118182244031,0.00123805143759799,0.00258201815634055,NA,NA,NA,NA,1.42890970546169,0.858127512834094,44.7954664350235,0.0196946385566932,0.0171446607997765,0.01,100
"sd2","R01","pursue","presence",0,NA,0.05,NA,NA,0.0250040034725462,0.106977021750986,0.0217056680634587,NA,NA,NA,16.65901,0,529.66,0,NA,0,0,NA,0.021904291355759,NA,NA,0.00116037896108083,0.00205475791526095,0.00360586353329935,NA,NA,NA,1.42890970546169,0,44.8568074628319,0,NA,0,100
"sd2","R01","wilcoxon_tss","single",0.02,0,0.03,0.00037037037037037,0.060803333632139,0.0537201548879564,0.0843493402503429,NA,NA,NA,NA,0.25559,23.91,532.48,0.02,0,0.02,0.014070529413629,0,0.0171446607997765,0.00037037037037037,0.0038960633553874,0.00154622308446204,0.00269237231936485,NA,NA,NA,NA,0.0190557401145464,0.858127512834094,44.7962671605029,0.014070529413629,0,0.014070529413629,100
"sd2","R01","zicoseq","single",0.0666666666666667,0.000940170940170941,0.116666666666667,0.00238196988196988,0.0690207164051656,0.0383240323758182,0.0583772646087506,NA,NA,NA,NA,82.74885,23.91,532.48,0.11,0.02,0.09,0.0246182981958665,0.000672498549000773,0.0319142369252113,0.00108932491257013,0.00383528631368792,0.00152745418503317,0.0027472492260489,NA,NA,NA,NA,7.45748202727613,0.858127512834094,44.7962671605029,0.0423906793643331,0.014070529413629,0.0350900716914789,100
"sd2","R02","adapt","single",0.085,0.00415240452925875,0.14,0.00512462675148097,0.0932102990648158,0.0476075653616246,0.0556527779499336,NA,NA,NA,NA,0.676760000000012,21.11,487.01,0.17,0.08,0.09,0.0275745087962331,0.00164162702979894,0.0338942701473501,0.00175811240567048,0.00606251974832535,0.00128436106737805,0.00327987757218028,NA,NA,NA,NA,0.0404578646510336,0.785203441436959,41.2239718801544,0.0403394686042433,0.0272659924344291,0.0287623491264661,100
"sd2","R02","aldex2","single",0.01,0.00303173630859053,0.025,0.00543967281652704,0.120440880848434,0.00749679374439497,0.236629570739096,NA,NA,NA,NA,39.19274,21.11,487.01,0.08,0.07,0.01,0.01,0.00118093226410827,0.0148647097502641,0.00154030875947329,0.00669852165887163,0.000655220719141305,0.00381212471744535,NA,NA,NA,NA,3.05795725586724,0.785203441436959,41.2239718801544,0.0272659924344291,0.0256432399976243,0.01,100
"sd2","R02","ancombc2","single",0,0.000277777777777778,0,0.000277777777777778,0.306808739238558,0.455823455278728,0.438996560500252,NA,NA,NA,NA,92.30134,21.11,487.01,0.01,0.01,0,0,0.000277777777777778,0,0.000277777777777778,0.0122127730821224,0.00450708768448626,0.00427745025242256,NA,NA,NA,NA,8.34300876978873,0.785203441436959,41.2239718801544,0.01,0.01,0,100
"sd2","R02","corncob","single",0.421573942600427,0.0356792206682525,0.499368415565896,0.0569826773529518,0.183315549684531,0.0637383030965773,0.0899519017950719,NA,NA,NA,NA,45.43954,21.11,487.01,6.07,0.84,5.23,0.0438520089135996,0.00446098088249122,0.0413564434972973,0.00608017145098178,0.00968765840051549,0.00357581402668247,0.00267698453002343,NA,NA,NA,NA,3.91894267781554,0.785203441436959,41.2239718801544,1.05851573231367,0.107044784359565,0.987073523813774,100
"sd2","R02","fastancom","single",0.03,0.00139129341814764,0.065,0.00179129341814764,0.110910314504563,0.0404032780494813,0.0756906733462861,NA,NA,NA,NA,0.0641600000000045,21.11,487.01,0.07,0.04,0.03,0.0171446607997765,0.000697233799382836,0.0242618293546955,0.000796801227349508,0.00673495940038449,0.00200665104267224,0.00461426405607054,NA,NA,NA,NA,0.00427562317508834,0.785203441436959,41.2239718801544,0.0256432399976243,0.0196946385566933,0.0171446607997765,100
"sd2","R02","ldm","single",0.0333333333333333,0.0131248735060387,0.138166666666667,0.0214262496819858,0.204464838221154,0.0479325669510338,0.0582050679973973,NA,NA,NA,NA,26.82421,21.11,487.01,0.35,0.28,0.07,0.0144094369875627,0.00290773255707965,0.0306259931926263,0.00374559669553485,0.0094447874015848,0.00160445925675619,0.00300364596832416,NA,NA,NA,NA,3.24864122409476,0.785203441436959,41.2239718801544,0.0757121075675696,0.0604361253930565,0.0293188669562103,100
"sd2","R02","limma_logtss","single",0.05,0.00251811594202899,0.0916666666666667,0.00331811594202899,0.111396834928149,0.0496208290982302,0.0726647362561056,NA,NA,NA,NA,0.04641,21.11,487.01,0.12,0.04,0.08,0.021904291355759,0.00144736936815162,0.0281664724158026,0.00153978860280423,0.00666373462552637,0.00252005711087578,0.0040420560285932,NA,NA,NA,NA,0.000949757544818374,0.785203441436959,41.2239718801544,0.0432983541805861,0.0196946385566932,0.0393892771133865,100
"sd2","R02","linda","single",0.06,0.00492163529848952,0.1275,0.00669940036332552,0.107592146140533,0.0538045627050036,0.0555707677224486,NA,NA,NA,NA,0.35533,21.11,487.01,0.17,0.09,0.08,0.0227857832692212,0.0017950283703565,0.0316816152914391,0.00205013870965707,0.00680232078096406,0.00144266216103769,0.00332846344656238,NA,NA,NA,NA,0.030047985377601,0.785203441436959,41.2239718801544,0.0450700913168936,0.0287623491264661,0.0307482445914323,100
"sd2","R02","lm_logtss","single",0.07,0.00415240452925875,0.0925,0.00711170097993451,0.112440682793993,0.0503785126807258,0.0724533363968433,NA,NA,NA,NA,0.0422300000000001,21.11,487.01,0.19,0.08,0.11,0.0246388049034588,0.00164162702979894,0.0274448482774035,0.00230495757220428,0.00662184551379062,0.00246466093008725,0.00400027525696071,NA,NA,NA,NA,0.000677168048313389,0.785203441436959,41.2239718801544,0.0525991127935317,0.0272659924344291,0.0423906793643331,100
"sd2","R02","locom","single",0.0333333333333333,0.00746072558780864,0.0893333333333333,0.0128856519686174,0.17991018865953,0.0468623365122035,0.0530764081423365,NA,NA,NA,NA,565.87524,21.11,487.01,0.22,0.17,0.05,0.0158910431540932,0.00196971939195954,0.0260702667866188,0.00282574845240244,0.00941253693498676,0.00128900722734512,0.00283260237897801,NA,NA,NA,NA,52.5692190849747,0.785203441436959,41.2239718801544,0.0561023595535406,0.0450700913168936,0.021904291355759,100
"sd2","R02","locom2","single",0.121666666666667,0.00636708523693145,0.1375,0.0113000586962207,0.196426621839299,0.0409290072496837,0.0634708321125256,NA,NA,NA,NA,103.67503,21.11,487.01,0.32,0.16,0.16,0.0313245743183999,0.00164701014657285,0.032531927682555,0.00275448381674845,0.00971081279614765,0.00135365075802734,0.00279384406463394,NA,NA,NA,NA,11.3386764863681,0.785203441436959,41.2239718801544,0.0617587355290036,0.0394917201397453,0.041971611377408,100
"sd2","R02","logistic_presence","single",0.045,0.000833333333333334,0.065,0.00208333333333333,0.0570676597364182,0.0496285405900886,0.0854640982333393,NA,NA,NA,NA,0.7559,20.97,485.86,0.07,0.02,0.05,0.0202197523189179,0.000618615287093372,0.0242618293546955,0.00138713413280109,0.00495444432948693,0.00127177155341409,0.00187869971916753,NA,NA,NA,NA,0.0630080923133664,0.786175373038177,41.2818741744308,0.0293188669562103,0.014070529413629,0.021904291355759,100
"sd2","R02","maaslin3","abundance",0.0133333333333333,0.0151032426591663,0.03,0.0249805348987544,0.318826587272331,0.0431146639426035,0.0605474859213445,NA,NA,NA,NA,16.42758,21.11,487.01,0.39,0.37,0.02,0.0105089347908202,0.00313252310813163,0.0132700518497207,0.00409287592798235,0.0163653183936116,0.00145269199647053,0.00350174257454697,NA,NA,NA,NA,1.35078661281851,0.785203441436959,41.2239718801544,0.0815196574174263,0.0786951668968895,0.014070529413629,100
"sd2","R02","maaslin3","combined",0.02,0.0184591289025526,0.0416666666666667,0.030354263432003,0.28528911358294,0.0503999154775639,0.0789309368833881,NA,NA,NA,NA,16.42758,21.11,487.01,0.49,0.45,0.04,0.0114297738665177,0.00341966621555669,0.0148174450527077,0.00477109656184608,0.0145834735956033,0.00158250464327843,0.00244498945728583,NA,NA,NA,NA,1.35078661281851,0.785203441436959,41.2239718801544,0.0915577865767204,0.0845367650579595,0.0196946385566932,100
"sd2","R02","maaslin3","presence",0.01,NA,0.02,NA,NA,0.0436916817279878,0.0564393310380334,0.0494882625900087,NA,NA,NA,16.42758,0,486.51,0.01,NA,0.01,0.01,NA,0.014070529413629,NA,NA,0.00113759042019413,0.00263481784394235,0.00508530652598663,NA,NA,NA,1.35078661281851,0,41.2568928921109,0.01,NA,0.01,100
"sd2","R02","pursue","abundance",0.0689642857142857,0.0378268754627386,0.092990231990232,0.0668204035837775,0.316248653370811,0.0444941883545725,0.0597737616335902,NA,NA,NA,NA,29.22328,21.11,487.01,1.09,0.92,0.17,0.0205308052633351,0.00588659458858116,0.0204698910319261,0.00892498689414799,0.0168302639556916,0.00181129091585496,0.00333717265721559,NA,NA,NA,NA,2.57422165473234,0.785203441436959,41.2239718801544,0.170023765421428,0.146804343094866,0.0472581562625261,100
"sd2","R02","pursue","combined",0.042,0.0297141171961011,0.088017316017316,0.043483407819271,0.262506331886791,0.046640835201358,0.0661970789552324,NA,NA,NA,NA,29.22328,21.11,487.01,0.81,0.73,0.08,0.0165050752321069,0.00489229013936997,0.0206772195853595,0.00634491746696631,0.0144289239701007,0.00167121021471995,0.00300345245953546,NA,NA,NA,NA,2.57422165473234,0.785203441436959,41.2239718801544,0.130805584781771,0.122972444971311,0.0272659924344291,100
"sd2","R02","pursue","presence",0.03,NA,0.06,NA,NA,0.0473295303309571,0.0723524731239963,0.0522330313011954,NA,NA,NA,29.22328,0,485.86,0.03,NA,0.03,0.0171446607997765,NA,0.0238683256575942,NA,NA,0.00122776050927797,0.00368169342588428,0.00507880919064539,NA,NA,NA,2.57422165473234,0,41.2818741744308,0.0171446607997765,NA,0.0171446607997765,100
"sd2","R02","wilcoxon_tss","single",0.07,0.00619112594093842,0.101666666666667,0.00765937990919239,0.107321494119306,0.0467996555919541,0.0563655914165163,NA,NA,NA,NA,0.38349,21.11,487.01,0.21,0.13,0.08,0.0246388049034588,0.00183364769291945,0.0287110884385563,0.00203348820922641,0.00643946313854202,0.00140562674750228,0.00309546859019461,NA,NA,NA,NA,0.0334438939029823,0.785203441436959,41.2239718801544,0.0456048021572069,0.0337997668989631,0.0272659924344291,100
"sd2","R02","zicoseq","single",0.0692857142857143,0.0113568349352465,0.124642857142857,0.0159711386054325,0.167292080908843,0.0485092840370025,0.0565974591282272,NA,NA,NA,NA,181.85944,21.11,487.01,0.36,0.26,0.1,0.0245229689260382,0.00300330992146781,0.031008503066419,0.00326219294780733,0.00771856999112669,0.00192475127638046,0.00332380327189744,NA,NA,NA,NA,15.1188500083309,0.785203441436959,41.2239718801544,0.0882146143324233,0.0645418977537581,0.0389249472080762,100
"sd2","R03","adapt","single",0.085,0.0116945720877282,0.14,0.014241399514351,0.136507469679819,0.052930839000095,0.0547973594424829,NA,NA,NA,NA,0.900269999999979,21.51,478.87,0.34,0.24,0.1,0.0266429819060946,0.00250400677960086,0.0319335730293331,0.00264660434291588,0.00819833678092621,0.00182219921494223,0.00289725920506203,NA,NA,NA,NA,0.0580917140686535,0.867423329363023,40.5217927525275,0.0589812502307969,0.0494821669744247,0.0301511344577764,100
"sd2","R03","aldex2","single",0.00833333333333333,0.0178659095610714,0.0075,0.0216219535171153,0.162430626597978,0.00895711320247605,0.228590250211357,NA,NA,NA,NA,95.12601,21.51,478.87,0.41,0.39,0.02,0.00598117135471061,0.00315074728268785,0.00556753758384034,0.00373091913057345,0.00823355142071143,0.000887930046147853,0.00360680804790845,NA,NA,NA,NA,8.80831575244936,0.867423329363023,40.5217927525275,0.0739847104051734,0.0694785774701291,0.014070529413629,100
"sd2","R03","ancombc2","single",0,0,0,0,0.4979539063966,0.45749058192286,0.441242266451915,NA,NA,NA,NA,104.36041,21.51,478.87,0,0,0,0,0,0,0,0.0171202941627084,0.00473393251622044,0.00458476535262994,NA,NA,NA,NA,9.15227987408354,0.867423329363023,40.5217927525275,0,0,0,100
"sd2","R03","corncob","single",0.351182259186982,0.0924302850413773,0.402214621009409,0.135256740047064,0.282804632532953,0.0735594208217972,0.0953804515847595,NA,NA,NA,NA,150.68502,21.51,478.87,9.55,2.14,7.41,0.0395834596151349,0.00826604607531168,0.0368630303453242,0.0111969089014264,0.0144729909056495,0.00412377398934466,0.00319291210400402,NA,NA,NA,NA,14.0178748634834,0.867423329363023,40.5217927525275,1.50180867387603,0.203017638682361,1.37525718439582,100
"sd2","R03","fastancom","single",0.0383333333333333,0.00729907654202983,0.0407142857142857,0.0100571825165151,0.178753512972301,0.0417199398883888,0.0721676892464254,NA,NA,NA,NA,0.0767499999999865,21.51,478.87,0.21,0.16,0.05,0.0180184155702797,0.00188386344965694,0.0185612970477059,0.002304960379016,0.00968787915899707,0.00191991672797734,0.00429569253348212,NA,NA,NA,NA,0.00595802446751713,0.867423329363023,40.5217927525275,0.0518252697615612,0.041971611377408,0.021904291355759,100
"sd2","R03","ldm","single",0.0404816017316017,0.0573861922117257,0.125175824175824,0.0973894189960029,0.346235897846266,0.0514454545750262,0.0593478877826809,NA,NA,NA,NA,56.27707,21.51,478.87,1.61,1.35,0.26,0.0129108125294216,0.0077870539967781,0.0243717328896333,0.0112657838157487,0.015211003258291,0.00275134692308383,0.00362996786371848,NA,NA,NA,NA,4.15996604335537,0.867423329363023,40.5217927525275,0.244492878580886,0.189296944860009,0.112474463992966,100
"sd2","R03","limma_logtss","single",0.0875,0.01188630411814,0.108653846153846,0.0195370329504758,0.171805254319001,0.0524702123915819,0.0754674212076454,NA,NA,NA,NA,0.0544600000000001,21.51,478.87,0.46,0.23,0.23,0.0263090232160255,0.00281154203548739,0.028120439685376,0.00370458018900485,0.00940593064603554,0.00318027084809932,0.00465079038707449,NA,NA,NA,NA,0.00167461257391887,0.867423329363023,40.5217927525275,0.117567947256989,0.0509604719068583,0.096247786279147,100
"sd2","R03","linda","single",0.07,0.0134778532051391,0.146416666666667,0.019354028284661,0.164075504271175,0.0565546307657276,0.0568848241705135,NA,NA,NA,NA,0.40923,21.51,478.87,0.37,0.25,0.12,0.0213437474581095,0.00282296678065451,0.0308455601838052,0.00347977202934971,0.00946683873004229,0.00175639684432263,0.00313057131837326,NA,NA,NA,NA,0.0370159202849997,0.867423329363023,40.5217927525275,0.0733815268637038,0.05,0.0356186309210063,100
"sd2","R03","lm_logtss","single",0.100681818181818,0.0140268119341696,0.120358974358974,0.0205811505975346,0.171820868465964,0.0530554150378653,0.0758302578618474,NA,NA,NA,NA,0.05061,21.51,478.87,0.59,0.3,0.29,0.0275677204589891,0.00293401100550547,0.0288874881845961,0.0037582859374655,0.00921497642965826,0.00315856264483746,0.00474313304997017,NA,NA,NA,NA,0.00148622598442082,0.867423329363023,40.5217927525275,0.155111559722659,0.0594588390010563,0.116597382024424,100
"sd2","R03","locom","single",0.0377222222222222,0.0464965249509232,0.0828214285714286,0.0785592625778135,0.311299997152189,0.0475816498706402,0.0560770621885523,NA,NA,NA,NA,1035.26453,21.51,478.87,1.19,1.05,0.14,0.0133128103837715,0.00688098303222697,0.0184022558880969,0.0101017266754738,0.0137078938865506,0.00147001806572048,0.00275882165862796,NA,NA,NA,NA,92.4887160566027,0.867423329363023,40.5217927525275,0.182405364975149,0.155942879985531,0.042687494916219,100
"sd2","R03","locom2","single",0.0277316017316017,0.0439079361132765,0.0930061115355233,0.0661511297388896,0.33037406437834,0.0435584958428433,0.064901512167143,NA,NA,NA,NA,138.03169,21.51,478.87,1.14,1.02,0.12,0.0100401095459947,0.00655022244187351,0.0216802430462201,0.00894467408047485,0.0149078930535973,0.00155772724223605,0.0031641621385876,NA,NA,NA,NA,14.7686482539202,0.867423329363023,40.5217927525275,0.184784887221479,0.155036652557915,0.0498077110577076,100
"sd2","R03","logistic_presence","single",0.06,4e-04,0.145,0.00131093117408907,0.0704544145371878,0.052244810923874,0.0703371599275413,NA,NA,NA,NA,1.04655,21.46,478.06,0.08,0.01,0.07,0.0238683256575942,4e-04,0.0350288481400717,0.000757289090483826,0.00560836214982623,0.00204970042729709,0.00222338232563079,NA,NA,NA,NA,0.084278437487014,0.869159584793485,40.5737109991485,0.0307482445914323,0.01,0.0293188669562103,100
"sd2","R03","maaslin3","abundance",0.0428333333333333,0.120673741184704,0.0806925713175713,0.154087188695673,0.493307787354084,0.0440389379795821,0.059630273359381,NA,NA,NA,NA,17.87606,21.51,478.87,3.18,3.09,0.09,0.0171712425662279,0.0127691306185968,0.0202052424877058,0.0147008805987161,0.0208662457228834,0.0013477230661551,0.0031513935617407,NA,NA,NA,NA,1.38984554187387,0.867423329363023,40.5217927525275,0.350578166041541,0.351071951530616,0.0320825954263823,100
"sd2","R03","maaslin3","combined",0.0668638583638584,0.138550967807548,0.124702935952936,0.177443146994657,0.452451518630755,0.0551783505125765,0.0809708120166889,NA,NA,NA,NA,17.87606,21.51,478.87,3.75,3.5,0.25,0.0200641085962391,0.01387781335636,0.0222941765153749,0.0159602743034971,0.0202238187844987,0.00153070775833276,0.00249209715238203,NA,NA,NA,NA,1.38984554187387,0.867423329363023,40.5217927525275,0.393732463133601,0.381782105077721,0.0672324476737388,100
"sd2","R03","maaslin3","presence",0.09,NA,0.22,NA,NA,0.0490616961903701,0.0559630597958796,0.0702069453698444,NA,NA,NA,17.87606,0,478.48,0.12,NA,0.12,0.0287623491264661,NA,0.0416333199893227,NA,NA,0.00176878964568106,0.0028223924945768,0.00639521303931843,NA,NA,NA,1.38984554187387,0,40.5490935269654,0.0408989886516436,NA,0.0408989886516436,100
"sd2","R03","pursue","abundance",0.0504930706548354,0.177825627132893,0.105396838971142,0.234283817508268,0.49220181352167,0.0451996709150124,0.0602837736544053,NA,NA,NA,NA,42.90872,21.51,478.87,4.86,4.53,0.33,0.0137432784739109,0.0184718957204237,0.0171842652123455,0.02174318302743,0.0211453285845165,0.00136119441296604,0.00332215155761522,NA,NA,NA,NA,3.59611609828429,0.867423329363023,40.5217927525275,0.547910631952019,0.51941206078497,0.0667499479816693,100
"sd2","R03","pursue","combined",0.0437959262959263,0.146876664765653,0.0846644072301967,0.183552621889606,0.431236103384816,0.0460932913413868,0.0645181998809699,NA,NA,NA,NA,42.90872,21.51,478.87,3.98,3.74,0.24,0.0150030974128483,0.0157026472187112,0.0164893792706325,0.0186599292771315,0.0203529296736448,0.00152204730792992,0.00263974285712379,NA,NA,NA,NA,3.59611609828429,0.867423329363023,40.5217927525275,0.463839923623953,0.436380891914716,0.0588097428882822,100
"sd2","R03","pursue","presence",0.04,NA,0.14,NA,NA,0.0488930423671902,0.0774200590604318,0.0542482678805861,NA,NA,NA,42.90872,0,478.06,0.06,NA,0.06,0.0196946385566932,NA,0.0348735088019777,NA,NA,0.00186096126628804,0.00404375287796886,0.00544775532873944,NA,NA,NA,3.59611609828429,0,40.5737109991485,0.031204765240863,NA,0.031204765240863,100
"sd2","R03","wilcoxon_tss","single",0.0854761904761905,0.0241118009283623,0.155357142857143,0.0302396450954119,0.155117305713288,0.0538203281668891,0.0572689279633315,NA,NA,NA,NA,0.53416,21.51,478.87,0.73,0.55,0.18,0.0243066075986352,0.00393206111855533,0.0315144943034005,0.00453609446702706,0.00801982704056882,0.00187230465577957,0.00313594420397787,NA,NA,NA,NA,0.0453750982301299,0.867423329363023,40.5217927525275,0.122148278826196,0.0903137069140984,0.0592546294487706,100
"sd2","R03","zicoseq","single",0.0669166666666667,0.0393893249879263,0.125887445887446,0.0574418101454778,0.270631001766147,0.0505431086983697,0.0577309149339673,NA,NA,NA,NA,280.33999,21.51,478.87,1.11,0.95,0.16,0.0213412676612053,0.00580672344777563,0.0250471357771349,0.00694791843758608,0.0115232628428491,0.00178613288993649,0.00334126854914449,NA,NA,NA,NA,23.6613798890734,0.867423329363023,40.5217927525275,0.170498378202542,0.144512416019657,0.0506921785850339,100
"sd2","R06","adapt","single",0.084,NA,0.152,NA,NA,0.0513053797128778,0.0517995010782314,NA,0.0185460100081193,2.12074567993078,NA,0.678572,0,500.156,0.092,NA,0.092,0.0175787385267763,NA,0.0227520244917655,NA,NA,0.000957615128038819,0.00175196919293522,NA,0.0143943808725752,0.0334179770368605,NA,0.0260406210957457,0,26.5044674315732,0.0199935732646156,NA,0.0199935732646156,250
"sd2","R06","aldex2","single",0,NA,0,NA,NA,0.00741480623682294,0.235074257429713,NA,0.00233081993720321,0.592963410217496,NA,20.323832,0,500.156,0,NA,0,0,NA,0,NA,NA,0.000408447065137814,0.00205804716423024,NA,0.00167623630443728,0.00411216133631413,NA,1.01913730640199,0,26.5044674315732,0,NA,0,250
"sd2","R06","ancombc2","single",0,NA,0,NA,NA,0.463480796904516,0.45084555620699,NA,-0.00404523747065802,0.825903045471993,0.508498642436246,99.867292,0,500.156,0,NA,0,0,NA,0,NA,NA,0.00298598408575707,0.00265955417482929,NA,0.00935177077025882,0.00677028814192435,0.00297085789321835,5.9114865863277,0,26.5044674315732,0,NA,0,250
"sd2","R06","corncob","single",0.412,NA,0.468,NA,NA,0.0623117549637152,0.0895161506444013,NA,NA,NA,NA,21.446636,0,500.076,3.776,NA,3.776,0.0311915960260228,NA,0.0316212525757256,NA,NA,0.00216888621929964,0.00160901224771031,NA,NA,NA,NA,1.17669436209287,0,26.4992486234313,0.476591917075486,NA,0.476591917075486,250
"sd2","R06","fastancom","single",0.016,NA,0.028,NA,NA,0.0384988857098304,0.0666535908771153,NA,-0.00274369074861282,0.558407206725524,NA,0.0569320000000003,0,500.156,0.02,NA,0.02,0.00795166118887435,NA,0.0104547216519273,NA,NA,0.00110865498435525,0.00229953414375329,NA,0.00925917941879511,0.00642840270921047,NA,0.00212860360736091,0,26.5044674315732,0.010528217963833,NA,0.010528217963833,250
"sd2","R06","ldm","single",0.04,NA,0.092,NA,NA,0.0488109019799414,0.0540454039668952,NA,NA,NA,NA,11.80688,0,500.156,0.048,NA,0.048,0.0124184084113013,NA,0.0183162753794296,NA,NA,0.00104146183068493,0.00185063593222393,NA,NA,NA,NA,0.744935928248316,0,26.5044674315732,0.0157408735590375,NA,0.0157408735590375,250
"sd2","R06","limma_logtss","single",0.04,NA,0.08,NA,NA,0.0472250436484175,0.0669175975686823,NA,-0.000383124564483095,0.559516404406749,0.952774956351582,0.0448360000000001,0,500.156,0.044,NA,0.044,0.0124184084113013,NA,0.017192507941463,NA,NA,0.00151190733184521,0.00220259589876158,NA,0.00910328797526305,0.00578379237989479,0.00151190733184521,0.000615519188560311,0,26.5044674315732,0.0141795712545851,NA,0.0141795712545851,250
"sd2","R06","linda","single",0.052,NA,0.096,NA,NA,0.0554690058765582,0.0545486040779615,NA,-0.00624868771106061,0.532645643607807,0.941350877663812,0.356096,0,500.156,0.052,NA,0.052,0.0140703910256417,NA,0.0186689614194772,NA,NA,0.00105066394090402,0.00193347839305393,NA,0.00599418365687663,0.00595253155116517,0.00109501622182574,0.0181416061757094,0,26.5044674315732,0.0140703910256417,NA,0.0140703910256417,250
"sd2","R06","lm_logtss","single",0.04,NA,0.068,NA,NA,0.0480229859189122,0.0657358008471267,NA,-0.000383124564483095,0.559516404406749,0.951977014081088,0.054444,0,500.156,0.044,NA,0.044,0.0124184084113013,NA,0.015953748410747,NA,NA,0.00153507907039576,0.00220164361243989,NA,0.00910328797526305,0.00578379237989479,0.00153507907039576,0.0126939961244057,0,26.5044674315732,0.0141795712545851,NA,0.0141795712545851,250
"sd2","R06","locom","single",0.04,NA,0.088,NA,NA,0.0492843672106967,0.0528386869683014,NA,0.00556079843913963,1.04273792218795,NA,318.503072,0,500.156,0.048,NA,0.048,0.0124184084113013,NA,0.0179530847770529,NA,NA,0.000877584269279113,0.00181356359989218,NA,0.00323991088327304,0.0109081184912799,NA,19.4709716319579,0,26.5044674315732,0.0157408735590375,NA,0.0157408735590375,250
"sd2","R06","locom2","single",0.18,NA,0.236,NA,NA,0.0417323980099251,0.0690874750618125,NA,NA,NA,NA,77.368228,0,500.156,0.244,NA,0.244,0.0243468906502935,NA,0.0269093375949539,NA,NA,0.000860490184169666,0.00182357666671165,NA,NA,NA,NA,5.36057470844192,0,26.5044674315732,0.0371939451824209,NA,0.0371939451824209,250
"sd2","R06","logistic_presence","single",0.092,NA,0.188,NA,NA,0.0559695066947637,0.111761337171888,NA,0.00234959889921979,0.634666806019399,NA,0.59596,0,498.508,0.104,NA,0.104,0.0183162753794296,NA,0.0247603777277505,NA,NA,0.000981728709256142,0.00127194051148908,NA,0.00349627768135085,0.0142459346901357,NA,0.0309346453467778,0,26.5487299128214,0.0216937427359961,NA,0.0216937427359961,250
"sd2","R06","maaslin3","abundance",0.008,NA,0.016,NA,NA,0.0447435289654222,0.0550344871250646,NA,0.0112134515838245,1.01136604027515,NA,15.619628,0,500.084,0.008,NA,0.008,0.00564548367669017,NA,0.00795166118887435,NA,NA,0.000908464006107422,0.00183426404296703,NA,0.0153561630359687,0.0159675044438706,NA,0.834007607203891,0,26.500072966786,0.00564548367669017,NA,0.00564548367669017,250
"sd2","R06","maaslin3","combined",0.008,NA,0.04,NA,NA,0.0490019863932658,0.0762753080074513,NA,NA,NA,NA,15.619628,0,500.156,0.008,NA,0.008,0.00564548367669017,NA,0.0124184084113013,NA,NA,0.000940855893754225,0.00140972964145748,NA,NA,NA,NA,0.834007607203891,0,26.5044674315732,0.00564548367669017,NA,0.00564548367669017,250
"sd2","R06","maaslin3","presence",0,NA,0,NA,NA,0.0401500152931687,0.0622554604820687,NA,NA,NA,NA,15.619628,0,499.356,0,NA,0,0,NA,0,NA,NA,0.000820111170176656,0.00187426232682096,NA,NA,NA,NA,0.834007607203891,0,26.5345492191795,0,NA,0,250
"sd2","R06","pursue","abundance",0.028,NA,0.1,NA,NA,0.0467196371019742,0.0538512393410624,NA,0.000557934364963843,0.976792689098982,0.953280362898026,22.135824,0,500.084,0.032,NA,0.032,0.0104547216519273,NA,0.0190117275157343,NA,NA,0.000893441336247998,0.00187054065557562,NA,0.00359562106872422,0.0145071094707874,0.000893441336248,1.22893837292105,0,26.500072966786,0.0125111998018546,NA,0.0125111998018546,250
"sd2","R06","pursue","combined",0.028,NA,0.068,NA,NA,0.0464311667262983,0.0628436484260789,NA,NA,NA,NA,22.135824,0,500.156,0.032,NA,0.032,0.0104547216519273,NA,0.015953748410747,NA,NA,0.000868553468995228,0.00167558514414511,NA,NA,NA,NA,1.22893837292105,0,26.5044674315732,0.0125111998018546,NA,0.0125111998018546,250
"sd2","R06","pursue","presence",0.036,NA,0.084,NA,NA,0.048020632488149,0.0706801751125854,NA,NA,NA,NA,22.135824,0,498.504,0.044,NA,0.044,0.0118056551692781,NA,0.0175787385267763,NA,NA,0.0010184374340144,0.001787635701592,NA,NA,NA,NA,1.22893837292105,0,26.5483257161222,0.0152705191470389,NA,0.0152705191470389,250
"sd2","R06","wilcoxon_tss","single",0.02,NA,0.072,NA,NA,0.0505862444642767,0.0539888604106177,NA,0.0214822787474065,1.4517910486123,NA,0.306648,0,500.156,0.02,NA,0.02,0.00887213950734269,NA,0.0163810057504901,NA,NA,0.000920028581027922,0.00181693347635367,NA,0.0151706440373892,0.0201062196590249,NA,0.0150309586940103,0,26.5044674315732,0.00887213950734269,NA,0.00887213950734269,250
"sd2","R06","zicoseq","single",0.052,NA,0.128,NA,NA,0.0473658929846812,0.0534787795275527,NA,NA,NA,NA,142.068032,0,500.156,0.064,NA,0.064,0.0140703910256417,NA,0.0211720813363365,NA,NA,0.000880531036290619,0.00182969028568244,NA,NA,NA,NA,7.44721205487186,0,26.5044674315732,0.018356575263967,NA,0.018356575263967,250
"sd2","R07","adapt","single",0.06,0,0.13,0.00157575757575758,0.0806533607561608,0.0512539296933225,0.0529409735626795,NA,NA,NA,NA,0.672479999999996,10.84,499.53,0.06,0,0.06,0.0238683256575942,0,0.0337997668989631,0.00112189441429615,0.00728224074965333,0.00165617260657125,0.00256088463935855,NA,NA,NA,NA,0.0402994685780935,0.479629486629465,42.037603308457,0.0238683256575942,0,0.0238683256575942,100
"sd2","R07","aldex2","single",0.01,0,0.01,0.000833333333333333,0.0953664574332632,0.00780203510198698,0.23587870588444,NA,NA,NA,NA,19.59277,10.84,499.53,0.01,0,0.01,0.01,0,0.01,0.000833333333333333,0.00847428653741012,0.000727600542963786,0.0037726400481625,NA,NA,NA,NA,1.5028815829246,0.479629486629465,42.037603308457,0.01,0,0.01,100
"sd2","R07","ancombc2","single",0,0,0,0,0.170828396464951,0.465865808812496,0.45195998009039,NA,NA,NA,NA,104.30435,10.84,499.53,0,0,0,0,0,0,0,0.0123501259136949,0.00437882138528482,0.00401414878485334,NA,NA,NA,NA,9.90078195527678,0.479629486629465,42.037603308457,0,0,0,100
"sd2","R07","corncob","single",0.418678042568391,0.0172467758849338,0.489491363291928,0.0266479302860882,0.128454288255244,0.0639117770794313,0.0897979779023462,NA,NA,NA,NA,20.42771,10.84,499.45,4.3,0.2,4.1,0.0481917165938106,0.00357242420856645,0.0483187153340046,0.00559168904621687,0.0111084031726483,0.00332236422384856,0.00280237439521533,NA,NA,NA,NA,1.73627487107842,0.479629486629465,42.0302233127207,0.826028590499888,0.0402015126103685,0.805975160656927,100
"sd2","R07","fastancom","single",0,0,0.01,0,0.0862359288722189,0.040497669815727,0.065983260018524,NA,NA,NA,NA,0.0565899999999957,10.84,499.53,0,0,0,0,0,0.01,0,0.00768847997411084,0.00183241922318341,0.0032593295689514,NA,NA,NA,NA,0.00331074452244942,0.479629486629465,42.037603308457,0,0,0,100
"sd2","R07","ldm","single",0.02,0.000666666666666667,0.0746666666666667,0.00289423076923077,0.12377871096407,0.0497294490103014,0.0509169303104049,NA,NA,NA,NA,11.53529,10.84,499.53,0.03,0.01,0.02,0.014070529413629,0.000666666666666667,0.0246734907295491,0.00143458864964897,0.00973743382556579,0.00168605417831544,0.002666286048822,NA,NA,NA,NA,1.01033478082887,0.479629486629465,42.037603308457,0.0171446607997765,0.01,0.014070529413629,100
"sd2","R07","limma_logtss","single",0.03,0,0.06,0.000909090909090909,0.0886388044676484,0.0477455291581264,0.0666430488287942,NA,NA,NA,NA,0.04617,10.84,499.53,0.03,0,0.03,0.0171446607997765,0,0.0238683256575942,0.000909090909090909,0.00758941594699541,0.00221476671190733,0.0031948094639425,NA,NA,NA,NA,0.00105735089213131,0.479629486629465,42.037603308457,0.0171446607997765,0,0.0171446607997765,100
"sd2","R07","linda","single",0.02,0.000666666666666667,0.07,0.0015,0.0831162829500097,0.0523683889780688,0.0541390850391087,NA,NA,NA,NA,0.38391,10.84,499.53,0.03,0.01,0.02,0.014070529413629,0.000666666666666667,0.0256432399976243,0.00106191597800024,0.00747915575681737,0.00171275278180497,0.00260326736514597,NA,NA,NA,NA,0.0343024753796533,0.479629486629465,42.037603308457,0.0171446607997765,0.01,0.014070529413629,100
"sd2","R07","lm_logtss","single",0.05,0.00153409090909091,0.09,0.00220075757575758,0.091778830100814,0.0481250510257338,0.0661358520777482,NA,NA,NA,NA,0.0431800000000001,10.84,499.53,0.07,0.02,0.05,0.021904291355759,0.00109799492732089,0.0287623491264661,0.00127647019073775,0.00759427151698347,0.0021888211516319,0.00317251478387039,NA,NA,NA,NA,0.000748112777108344,0.479629486629465,42.037603308457,0.0256432399976243,0.014070529413629,0.021904291355759,100
"sd2","R07","locom","single",0.045,0.002125,0.095,0.002125,0.127357256145462,0.0498802576013012,0.0525437469254828,NA,NA,NA,NA,320.08152,10.84,499.53,0.08,0.03,0.05,0.0202197523189179,0.00122447995099667,0.0290375931885172,0.00122447995099667,0.00921448447238825,0.00133286703378494,0.00302325659461385,NA,NA,NA,NA,31.4369215581653,0.479629486629465,42.037603308457,0.0307482445914323,0.0171446607997765,0.021904291355759,100
"sd2","R07","locom2","single",0.17,0.00145833333333333,0.27,0.00340277777777778,0.118664993857646,0.0432753656836524,0.0682183751107551,NA,NA,NA,NA,77.59713,10.84,499.53,0.28,0.02,0.26,0.0377525168068637,0.00103660385824217,0.0446196043338474,0.00171101388339362,0.00972240438351159,0.00144165440247534,0.0030647662997809,NA,NA,NA,NA,8.54588358975403,0.479629486629465,42.037603308457,0.0682834259731178,0.014070529413629,0.0675995337979262,100
"sd2","R07","logistic_presence","single",0.06,0,0.11,0,0.0645306890650561,0.0559341773760335,0.11206103832562,NA,NA,NA,NA,0.6379,10.73,497.92,0.06,0,0.06,0.0238683256575942,0,0.031446603773522,0,0.00671068405365209,0.0017957158948171,0.00212396711986997,NA,NA,NA,NA,0.0562767880096836,0.482178348327628,42.1143049667008,0.0238683256575942,0,0.0238683256575942,100
"sd2","R07","maaslin3","abundance",0.02,0.00350534188034188,0.02,0.00633867521367521,0.187571010310337,0.0434889559792465,0.0515123602739348,NA,NA,NA,NA,14.71028,10.84,499.45,0.07,0.04,0.03,0.014070529413629,0.00176784827854219,0.014070529413629,0.0023590713134591,0.0118427601580958,0.00136151354991623,0.00260360895219107,NA,NA,NA,NA,1.18558150085419,0.479629486629465,42.0302233127207,0.0293188669562103,0.0196946385566932,0.0222701503353614,100
"sd2","R07","maaslin3","combined",0.02,0.00450534188034188,0.02,0.00963034188034188,0.165369738786829,0.0474770377532477,0.0788877551568056,NA,NA,NA,NA,14.71028,10.84,499.53,0.08,0.05,0.03,0.014070529413629,0.00201357208673117,0.014070529413629,0.00347190327863951,0.0108107622944448,0.00136925238534771,0.00242797858909359,NA,NA,NA,NA,1.18558150085419,0.479629486629465,42.037603308457,0.0307482445914323,0.021904291355759,0.0222701503353614,100
"sd2","R07","maaslin3","presence",0,NA,0,NA,NA,0.0404840652667312,0.0669085992511064,0.0560560284229015,NA,NA,NA,14.71028,0,498.72,0,NA,0,0,NA,0,NA,NA,0.00146888736207011,0.00284598616279097,0.00745136290890436,NA,NA,NA,1.18558150085419,0,42.0774708307801,0,NA,0,100
"sd2","R07","pursue","abundance",0.055,0.00853165766981557,0.103333333333333,0.0118761552774711,0.185957815943775,0.046988255211133,0.0532736256073859,NA,NA,NA,NA,23.48219,10.84,499.45,0.17,0.1,0.07,0.0223550324255519,0.00321584580263914,0.0285036473535917,0.0038523925168714,0.011620002364934,0.00162720941365296,0.00306128701568254,NA,NA,NA,NA,2.10327729429718,0.479629486629465,42.0302233127207,0.0472581562625261,0.036237153766974,0.0293188669562103,100
"sd2","R07","pursue","combined",0.04,0.00700534188034188,0.0891666666666667,0.00944074857890648,0.150636120456275,0.0462394999715925,0.0670591585489465,NA,NA,NA,NA,23.48219,10.84,499.53,0.13,0.08,0.05,0.01836773631599,0.00269649659560035,0.0274540479251193,0.00331834636219958,0.0111125909228952,0.00133472542140504,0.00258993196447681,NA,NA,NA,NA,2.10327729429718,0.479629486629465,42.037603308457,0.0418148878808116,0.0307482445914323,0.021904291355759,100
"sd2","R07","pursue","presence",0.03,NA,0.05,NA,NA,0.04713586198913,0.0709721956552223,0.0515689234226386,NA,NA,NA,23.48219,0,497.91,0.03,NA,0.03,0.0171446607997765,NA,0.021904291355759,NA,NA,0.00158362400430486,0.00284732149236755,0.00731501742232584,NA,NA,NA,2.10327729429718,0,42.1126221991085,0.0171446607997765,NA,0.0171446607997765,100
"sd2","R07","wilcoxon_tss","single",0.01,0,0.07,0.002625,0.0865616297225013,0.0505973372030681,0.0561989886512168,NA,NA,NA,NA,0.35419,10.84,499.53,0.01,0,0.01,0.01,0,0.0246388049034588,0.00208934738010401,0.00738683314586164,0.00169243399739337,0.00258453337314129,NA,NA,NA,NA,0.0368121650265153,0.479629486629465,42.037603308457,0.01,0,0.01,100
"sd2","R07","zicoseq","single",0.05,0.00317200854700855,0.07,0.0046693347502171,0.107174101444769,0.0491736992408523,0.0516494922003363,NA,NA,NA,NA,147.80694,10.84,499.53,0.09,0.04,0.05,0.021904291355759,0.00160829194162075,0.0256432399976243,0.00191110351911128,0.00858197824548053,0.00147842843375159,0.00266648287970861,NA,NA,NA,NA,12.3626850906455,0.479629486629465,42.037603308457,0.0287623491264661,0.0196946385566932,0.021904291355759,100
"sd2","R08","adapt","single",0.09,0.000710475663981616,0.133333333333333,0.00111672566398162,0.070436866023611,0.0510051213012451,0.0587949374519587,NA,NA,NA,NA,0.659739999999992,54.93,498.98,0.15,0.04,0.11,0.0287623491264661,0.000355977508149206,0.0338346145948368,0.000506295686104341,0.00338470243562133,0.00184121428086779,0.00334359396193318,NA,NA,NA,NA,0.0387019604337311,2.04945200855095,42.0475199667416,0.0411329453348431,0.0196946385566932,0.0373219679669936,100
"sd2","R08","aldex2","single",0,0.00102801598656226,0,0.00186557019480612,0.0893502853520851,0.00941765738620111,0.238619165008126,NA,NA,NA,NA,19.77333,54.93,498.98,0.06,0.06,0,0,0.000470534973966106,0,0.000618013906067606,0.00436989414228389,0.000766582667470295,0.00392685725991987,NA,NA,NA,NA,1.49888118093349,2.04945200855095,42.0475199667416,0.0277797979063414,0.0277797979063414,0,100
"sd2","R08","ancombc2","single",0,0,0,0,0.178759438921361,0.462087802893012,0.449648406590812,NA,NA,NA,NA,98.78082,54.93,498.98,0,0,0,0,0,0,0,0.00643773779315843,0.00512729546878506,0.00447183642542359,NA,NA,NA,NA,9.13593853517309,2.04945200855095,42.0475199667416,0,0,0,100
"sd2","R08","corncob","single",0.331356224275889,0.0231801001984511,0.392534450646025,0.0327348634843166,0.121376852887866,0.0689596487588731,0.0947731987227283,NA,NA,NA,NA,21.23746,54.93,498.91,5.2,1.29,3.91,0.0420445902290637,0.00291956746708848,0.0422152866231647,0.00377167932928989,0.0060399826431787,0.00368344678896488,0.00286081250048343,NA,NA,NA,NA,1.82944711167836,2.04945200855095,42.0404232960265,0.90687608989555,0.162862648953781,0.79786267520473,100
"sd2","R08","fastancom","single",0,0.00015625,0.01,0.0003125,0.0775248133778302,0.0432444029603882,0.0778530847841405,NA,NA,NA,NA,0.0561500000000083,54.93,498.98,0.01,0.01,0,0,0.00015625,0.01,0.0003125,0.0039639669835101,0.00190374426783502,0.00472518904439471,NA,NA,NA,NA,0.00335093458997172,2.04945200855095,42.0475199667416,0.01,0.01,0,100
"sd2","R08","ldm","single",0.0175,0.00453548255315102,0.0711363636363636,0.00895178265803898,0.115934312707401,0.0538277902363535,0.0603143998050291,NA,NA,NA,NA,23.43536,54.93,498.98,0.34,0.27,0.07,0.0124392462989061,0.00154636404739438,0.0225538981916751,0.00224552782233242,0.00549377750531408,0.00188290991903373,0.00366014533093231,NA,NA,NA,NA,2.98198217581406,2.04945200855095,42.0475199667416,0.118253280647255,0.0908489700191221,0.0607279078174013,100
"sd2","R08","limma_logtss","single",0.03,0.000482558139534884,0.03,0.000482558139534884,0.0781072480750321,0.0491523513911126,0.0721754509585795,NA,NA,NA,NA,0.04313,54.93,498.98,0.05,0.02,0.03,0.0171446607997765,0.000339718636824166,0.0171446607997765,0.000339718636824166,0.00370056201201978,0.00223302758741224,0.0037353662182932,NA,NA,NA,NA,0.000787741305021123,2.04945200855095,42.0475199667416,0.021904291355759,0.014070529413629,0.0171446607997765,100
"sd2","R08","linda","single",0.025,0.000717471932638332,0.0816666666666667,0.00164344347067884,0.0788388620499782,0.0546196298343742,0.0581464553813583,NA,NA,NA,NA,0.34268,54.93,498.98,0.08,0.04,0.04,0.0148647097502641,0.00042201823237818,0.0256776835860136,0.000628277132327147,0.00407911282581894,0.00219211306173415,0.00346179689342903,NA,NA,NA,NA,0.0276191189818454,2.04945200855095,42.0475199667416,0.03673547263198,0.0242878362539562,0.0242878362539562,100
"sd2","R08","lm_logtss","single",0.015,0.00111672566398162,0.035,0.00111672566398162,0.0781399918688435,0.050049753180509,0.0719054220187912,NA,NA,NA,NA,0.0397100000000001,54.93,498.98,0.08,0.06,0.02,0.0111350751676807,0.000506295686104341,0.0177738316327429,0.000506295686104341,0.00375728414441511,0.00235170020239191,0.00371836041254466,NA,NA,NA,NA,0.000472110028264476,2.04945200855095,42.0475199667416,0.0338743966363203,0.0277797979063414,0.014070529413629,100
"sd2","R08","locom","single",0.045,0.00357103156436381,0.10625,0.00611112793700448,0.114818498323395,0.0515012754330977,0.0610612185895301,NA,NA,NA,NA,325.74612,54.93,498.98,0.25,0.2,0.05,0.0202197523189179,0.00110050694208064,0.0292499712221793,0.00167329816152764,0.00555331181068591,0.0014699441819361,0.00356414161454591,NA,NA,NA,NA,30.9047989900404,2.04945200855095,42.0475199667416,0.0657128740672771,0.0619546918189723,0.021904291355759,100
"sd2","R08","locom2","single",0.109333333333333,0.00454463992863105,0.199083333333333,0.00804232032078799,0.115924452527188,0.0438670220241265,0.0749693875146213,NA,NA,NA,NA,75.58472,54.93,498.98,0.43,0.27,0.16,0.0297731038092724,0.00113190431423844,0.0375329811942623,0.00176260579787485,0.00526432581135579,0.0013856435711517,0.00335280941369898,NA,NA,NA,NA,8.2277822565395,2.04945200855095,42.0475199667416,0.0912926253009707,0.0708605117199426,0.046536615322309,100
"sd2","R08","logistic_presence","single",0.09,0,0.16,0,0.054282687969346,0.0558717943514371,0.114087279678434,NA,NA,NA,NA,0.60523,54.51,497.33,0.11,0,0.11,0.0287623491264661,0,0.0368452949177471,0,0.00288321589177894,0.00214856283018154,0.00241067661905724,NA,NA,NA,NA,0.0597054586188641,2.04803404130484,42.1185821295786,0.0373219679669936,0,0.0373219679669936,100
"sd2","R08","maaslin3","abundance",0,0.00458463477548319,0.02,0.00641625185307992,0.181835454581904,0.0456525608992286,0.0609290187149828,NA,NA,NA,NA,15.13858,54.93,498.91,0.28,0.28,0,0,0.000959361918835165,0.014070529413629,0.00128330916819565,0.00904179183158987,0.00153798346973588,0.00352276401674146,NA,NA,NA,NA,1.21861889346551,2.04945200855095,42.0404232960265,0.0569954809479212,0.0569954809479212,0,100
"sd2","R08","maaslin3","combined",0.02,0.00612633588669336,0.035,0.0085280097423812,0.160628586292369,0.0498047355086316,0.0784422674230742,NA,NA,NA,NA,15.13858,54.93,498.98,0.39,0.37,0.02,0.014070529413629,0.00124749169705924,0.0177738316327429,0.00155624210487627,0.00821111128520587,0.00171397214060749,0.00307048690770753,NA,NA,NA,NA,1.21861889346551,2.04945200855095,42.0475199667416,0.0737111479583199,0.0733815268637038,0.014070529413629,100
"sd2","R08","maaslin3","presence",0,NA,0.01,NA,NA,0.0392922781501664,0.0605622328577407,0.0399876467860507,NA,NA,NA,15.13858,0,498.1,0,NA,0,0,NA,0.01,NA,NA,0.00144765692494825,0.00283150757732263,0.00277218534512367,NA,NA,NA,1.21861889346551,0,42.0929934907236,0,NA,0,100
"sd2","R08","pursue","abundance",0.0296666666666667,0.0128874924596095,0.104809523809524,0.0236907890511888,0.17963015237351,0.0515965304181294,0.0593912951678191,NA,NA,NA,NA,20.94733,54.93,498.91,0.87,0.77,0.1,0.0100464130546055,0.00217753834392106,0.023809763827554,0.00386857037780353,0.00871031294850241,0.00180727246819075,0.00327792257679312,NA,NA,NA,NA,1.79389018329107,2.04945200855095,42.0404232960265,0.149514365378533,0.132463068990812,0.0333333333333333,100
"sd2","R08","pursue","combined",0.0225,0.00863975006019751,0.068,0.0128447011495371,0.147127165536541,0.047413725693763,0.0678632802522991,NA,NA,NA,NA,20.94733,54.93,498.98,0.54,0.49,0.05,0.0123577767605928,0.00166016694254259,0.0187647136432848,0.0021423566983879,0.00719281282517996,0.00167353214422148,0.00279460639278232,NA,NA,NA,NA,1.79389018329107,2.04945200855095,42.0475199667416,0.100925014668607,0.0948097510221859,0.0261116483933547,100
"sd2","R08","pursue","presence",0.04,NA,0.07,NA,NA,0.0453563777369651,0.0699278791769686,0.0452290176443954,NA,NA,NA,20.94733,0,497.33,0.05,NA,0.05,0.0196946385566932,NA,0.0256432399976243,NA,NA,0.00144430867927582,0.00288434291146673,0.00316041481079978,NA,NA,NA,1.79389018329107,0,42.1185821295786,0.0261116483933547,NA,0.0261116483933547,100
"sd2","R08","wilcoxon_tss","single",0.02,0.00120042977966571,0.085,0.00182732196378681,0.0784935976076306,0.052034685181263,0.0606212002038519,NA,NA,NA,NA,0.29976,54.93,498.98,0.1,0.07,0.03,0.014070529413629,0.000497542951079839,0.0275745087962331,0.000610393873295026,0.00373889186233777,0.00205046013746849,0.00304989687508738,NA,NA,NA,NA,0.023555179661571,2.04945200855095,42.0475199667416,0.0362371537669739,0.0293188669562103,0.0222701503353614,100
"sd2","R08","zicoseq","single",0.02,0.00378616701180275,0.06,0.00583837948918206,0.112113109594941,0.0475454405525422,0.0590741893613959,NA,NA,NA,NA,139.40048,54.93,498.98,0.23,0.21,0.02,0.014070529413629,0.000955144320577038,0.021778396198187,0.00119540756179007,0.00484528121482914,0.001840955544254,0.00346082910474636,NA,NA,NA,NA,11.3440621637866,2.04945200855095,42.0475199667416,0.0529054808029367,0.0518252697615611,0.014070529413629,100
"sd2","R09","adapt","single",0.06,0.00117361913678396,0.09,0.00209164690634355,0.0712842859283772,0.0505848036668006,0.0654103633111276,NA,NA,NA,NA,0.677799999999999,89.15,499.78,0.15,0.0900000000000001,0.06,0.0238683256575942,0.000404308964621798,0.0287623491264661,0.000669789241318212,0.00307919047869928,0.00165113769554082,0.0036595866831626,NA,NA,NA,NA,0.0396535858238175,3.30519563442441,42.157970309374,0.0358870281282637,0.0287623491264662,0.0238683256575942,100
"sd2","R09","aldex2","single",0.01,0.00148211098321543,0.015,0.0022726503648718,0.0919983783991908,0.00720848733483751,0.241402847748285,NA,NA,NA,NA,20.09577,89.15,499.78,0.13,0.12,0.01,0.01,0.000460758781974043,0.0111350751676807,0.000652906275103701,0.00354144453523441,0.000654329998669925,0.00367286269956741,NA,NA,NA,NA,1.51200860867191,3.30519563442441,42.157970309374,0.0393251147037697,0.0383497988352882,0.01,100
"sd2","R09","ancombc2","single",0,0,0,0,0.181407623405512,0.460918762513453,0.451479808695615,NA,NA,NA,NA,105.91931,89.15,499.78,0,0,0,0,0,0,0,0.00651613181130817,0.00522039872278164,0.00479273343602738,NA,NA,NA,NA,9.86448692359602,3.30519563442441,42.157970309374,0,0,0,100
"sd2","R09","corncob","single",0.259006524015462,0.023222807541312,0.333708731075554,0.0318529423326206,0.127086047823966,0.0619164565769278,0.0930257508825981,NA,NA,NA,NA,20.88258,89.13,499.71,5.79,2.03,3.76,0.0354507635355646,0.00249774721178506,0.0372307264675888,0.00318859883540055,0.00460310304692887,0.00329993262114443,0.00298242282243689,NA,NA,NA,NA,1.75656798004552,3.30343118223425,42.1492161639137,0.911685640487283,0.232880512996114,0.740477596357291,100
"sd2","R09","fastancom","single",0.02,0.000452284034373588,0.05,0.000959122905035758,0.0835783263813719,0.0405952096998098,0.080027832798838,NA,NA,NA,NA,0.0573699999999996,89.15,499.78,0.05,0.0300000000000001,0.02,0.014070529413629,0.00025848187346274,0.021904291355759,0.000385619656998765,0.0035510926004371,0.00268765855676877,0.00509709499297217,NA,NA,NA,NA,0.00358356672953694,3.30519563442441,42.157970309374,0.021904291355759,0.0171446607997766,0.014070529413629,100
"sd2","R09","ldm","single",0.0183333333333333,0.00499005738010765,0.0620238095238095,0.00988005633267961,0.120806156713901,0.0537452366833822,0.0690193842471648,NA,NA,NA,NA,31.14678,89.15,499.78,0.42,0.39,0.03,0.0115797629116882,0.00120494168096491,0.0198811251947454,0.00216945680208126,0.00421345606709913,0.00183331439571509,0.00438513093712527,NA,NA,NA,NA,3.64278916808913,3.30519563442441,42.157970309374,0.0944735546343659,0.0908934329949978,0.0171446607997765,100
"sd2","R09","limma_logtss","single",0.05,0.000531649113738667,0.0614285714285714,0.00251140603167268,0.0795156854852623,0.0504513310652451,0.0780053097863841,NA,NA,NA,NA,0.04473,89.15,499.78,0.09,0.0400000000000001,0.05,0.021904291355759,0.000264911459948103,0.0238748022880169,0.00102308873758439,0.00324224123804357,0.00259558186098241,0.00424744067446549,NA,NA,NA,NA,0.000757968443680991,3.30519563442441,42.157970309374,0.0287623491264661,0.0196946385566933,0.021904291355759,100
"sd2","R09","linda","single",0.07,0.00135770728234115,0.0891666666666667,0.00244258618637231,0.0763958014563476,0.0539069103102044,0.0664940657778495,NA,NA,NA,NA,0.34987,89.15,499.78,0.18,0.11,0.07,0.0256432399976243,0.000447637841836263,0.0279101643264111,0.000669093241651813,0.00359241469233991,0.00201448951065939,0.00369900323562549,NA,NA,NA,NA,0.0281344199668074,3.30519563442441,42.157970309374,0.0435310176190437,0.0373219679669936,0.0256432399976243,100
"sd2","R09","lm_logtss","single",0.05,0.000701901637324736,0.0916666666666667,0.00245963220461652,0.0790651903097637,0.0518085519426131,0.0777593421022474,NA,NA,NA,NA,0.04185,89.15,499.78,0.11,0.0600000000000001,0.05,0.021904291355759,0.000285421126349276,0.0287579589334883,0.0008519086141709,0.00324057809867108,0.00261843544265676,0.00418420439813688,NA,NA,NA,NA,0.00071708937498555,3.30519563442441,42.157970309374,0.031446603773522,0.0238683256575942,0.021904291355759,100
"sd2","R09","locom","single",0.02,0.00322749189923812,0.0653333333333333,0.00649277047331345,0.121595360215751,0.0502521042314158,0.0664250558379084,NA,NA,NA,NA,330.84883,89.15,499.78,0.29,0.27,0.02,0.014070529413629,0.000755075383224146,0.0240459716836054,0.00119595003261429,0.00436683145955608,0.00191510283317,0.00399238241346818,NA,NA,NA,NA,31.0588547193451,3.30519563442441,42.157970309374,0.0624338033278432,0.0617178329908861,0.014070529413629,100
"sd2","R09","locom2","single",0.0876666666666667,0.00339056955481667,0.118166666666667,0.0057676448317371,0.12400150121712,0.0416987434401784,0.0781725527476083,NA,NA,NA,NA,76.74766,89.15,499.78,0.47,0.28,0.19,0.0261809939544786,0.000743994514403415,0.0290004595729675,0.00109777065050934,0.00459432142315409,0.00168202208482205,0.00361914631750551,NA,NA,NA,NA,8.25339369294544,3.30519563442441,42.157970309374,0.0958270748944592,0.0569954809479212,0.059789191955967,100
"sd2","R09","logistic_presence","single",0.04,0.000424504584442473,0.09,0.000519742679680568,0.0530665359371287,0.0544290393303392,0.115623941462723,NA,NA,NA,NA,0.59741,88.5,498.17,0.08,0.03,0.05,0.0196946385566932,0.000277727583379318,0.0287623491264661,0.000292209099305757,0.00286525015929655,0.00168092079286182,0.00240274611654849,NA,NA,NA,NA,0.0493984543474712,3.30785719037554,42.230335343593,0.0307482445914323,0.0171446607997765,0.0261116483933547,100
"sd2","R09","maaslin3","abundance",0.025,0.00345236199198551,0.0375,0.00644366575955107,0.190900258584521,0.0449493979646016,0.0667774726993715,NA,NA,NA,NA,14.74447,89.13,499.71,0.36,0.33,0.03,0.0148647097502641,0.000803279376287194,0.0178994808344101,0.0012072538969385,0.00943839002295473,0.00174113600566356,0.00401454356247892,NA,NA,NA,NA,1.18635625549006,3.30343118223425,42.1492161639137,0.0822904439878481,0.0804720919061856,0.0171446607997765,100
"sd2","R09","maaslin3","combined",0.0383333333333333,0.00517329848949787,0.0452930402930403,0.00875475528438843,0.168158319651597,0.0474950114814704,0.0836691687875791,NA,NA,NA,NA,14.74447,89.15,499.78,0.55,0.5,0.05,0.0180184155702797,0.00107360597611661,0.0182955802981542,0.00173178216460411,0.00761658186167331,0.00183622144410252,0.00302946411600293,NA,NA,NA,NA,1.18635625549006,3.30519563442441,42.157970309374,0.109521456778795,0.106836985235177,0.021904291355759,100
"sd2","R09","maaslin3","presence",0,NA,0.01,NA,NA,0.0405729007718712,0.0582642300366747,0.0448015964383336,NA,NA,NA,14.74447,0,498.97,0,NA,0,0,NA,0.01,NA,NA,0.00123586447945791,0.00262098578563458,0.00246540352584151,NA,NA,NA,1.18635625549006,0,42.2006784736497,0,NA,0,100
"sd2","R09","pursue","abundance",0.0609904809346733,0.024023696519333,0.113461451421609,0.045121657360483,0.182077068590673,0.0611241755496359,0.0828924102390397,NA,NA,NA,NA,21.74417,89.13,499.71,3.01,2.42,0.59,0.0172222907211446,0.00525481522015309,0.0228140422570869,0.00759955371639472,0.00831977805431758,0.00471996353558052,0.00674368031357076,NA,NA,NA,NA,1.87235511292596,3.30343118223425,42.1492161639137,0.744745227944063,0.535635184155271,0.238299955280879,100
"sd2","R09","pursue","combined",0.0628335421888053,0.0171095617352522,0.0932008601522719,0.0274399232822616,0.149415488329089,0.0555953076849877,0.0856519614371207,NA,NA,NA,NA,21.74417,89.15,499.78,2.09,1.69,0.4,0.0184159028114742,0.00421058964921541,0.0195014773579228,0.00554918861126139,0.00626272544647252,0.00346766842350918,0.00518392242578685,NA,NA,NA,NA,1.87235511292596,3.30519563442441,42.157970309374,0.571564395834676,0.430103346753881,0.158273513420613,100
"sd2","R09","pursue","presence",0.06,NA,0.07,NA,NA,0.0479079367945922,0.0695296955658691,0.0478166021444621,NA,NA,NA,21.74417,0,498.17,0.07,NA,0.07,0.0238683256575942,NA,0.0256432399976243,NA,NA,0.00142508143376113,0.00299153641890773,0.00242430454913984,NA,NA,NA,1.87235511292596,0,42.230335343593,0.0293188669562103,NA,0.0293188669562103,100
"sd2","R09","wilcoxon_tss","single",0.04,0.00241004282643016,0.05,0.00372189417984493,0.0791314862817957,0.0495535384310229,0.0668717884070069,NA,NA,NA,NA,0.31336,89.15,499.78,0.22,0.18,0.04,0.0196946385566932,0.000754388319213014,0.0207193853502687,0.00112341511448105,0.00347451432004751,0.00171903643352283,0.00361296873657174,NA,NA,NA,NA,0.0249957471938283,3.30519563442441,42.157970309374,0.0578748213776505,0.0557411042864304,0.0196946385566932,100
"sd2","R09","zicoseq","single",0.0615,0.00496986186663394,0.0893388278388278,0.00753575034005907,0.108744846717481,0.0521285423488789,0.0675321779080691,NA,NA,NA,NA,145.48306,89.15,499.78,0.5,0.41,0.09,0.0226842066716743,0.00118334128575755,0.0264012381379157,0.00152344019960993,0.00400682184655945,0.00240071739825499,0.00438501852562417,NA,NA,NA,NA,12.2541951448162,3.30519563442441,42.157970309374,0.101005050378782,0.0888705789222721,0.0320825954263823,100
"sd2","R10","adapt","single",0.05,0.00241923076923077,0.085,0.00270494505494505,0.0734262554754831,0.0504726292416046,0.0570333271762786,NA,NA,NA,NA,0.663660000000002,22.16,499.83,0.1,0.04,0.06,0.021904291355759,0.00150946147370157,0.0275745087962331,0.00153171236845784,0.00518275198262183,0.00151091726337827,0.00315669980758089,NA,NA,NA,NA,0.0392567493264125,0.850278623378088,42.0813355181356,0.0362371537669739,0.0242878362539562,0.0277797979063414,100
"sd2","R10","aldex2","single",0,0.000744827586206897,0,0.000744827586206897,0.0956415969021823,0.00717202456810559,0.236506334798448,NA,NA,NA,NA,19.8108,22.16,499.83,0.02,0.02,0,0,0.00052547081618694,0,0.00052547081618694,0.00621951205783401,0.000598717934973591,0.00313269007556915,NA,NA,NA,NA,1.49699600021058,0.850278623378088,42.0813355181356,0.014070529413629,0.014070529413629,0,100
"sd2","R10","ancombc2","single",0,0,0,0,0.171977141893686,0.4687345631333,0.455301590265693,NA,NA,NA,NA,95.72593,22.16,499.83,0,0,0,0,0,0,0,0.0100106131119233,0.00448464546611352,0.00424629912945843,NA,NA,NA,NA,8.77384560703065,0.850278623378088,42.0813355181356,0,0,0,100
"sd2","R10","corncob","single",0.346613906926407,0.0146302098568745,0.426280228952445,0.0217945474166188,0.11917647213272,0.0635504544942222,0.0864264127517158,NA,NA,NA,NA,21.32575,22.15,499.73,4.13,0.35,3.78,0.046079403761813,0.00279606510025964,0.0467666615223124,0.00339944006476276,0.00771618053422866,0.00313482603776367,0.00253950489685879,NA,NA,NA,NA,1.84010966572483,0.851424830753862,42.074995225577,0.77141546405411,0.0687184270936277,0.740540343262945,100
"sd2","R10","fastancom","single",0,0.000969827586206897,0.02,0.000969827586206897,0.0831064005471889,0.0396381257821725,0.0711987788362916,NA,NA,NA,NA,0.0552399999999881,22.16,499.83,0.02,0.02,0,0,0.000710758173041328,0.014070529413629,0.000710758173041328,0.00612083945855154,0.0019085881474632,0.00351337657670466,NA,NA,NA,NA,0.00351694656361234,0.850278623378088,42.0813355181356,0.014070529413629,0.014070529413629,0,100
"sd2","R10","ldm","single",0.03,0.00211465517241379,0.1,0.00465855683269476,0.120581178353656,0.0491034151433261,0.0549969449255927,NA,NA,NA,NA,14.17659,22.16,499.83,0.08,0.05,0.03,0.0171446607997765,0.00107380734491569,0.0301511344577764,0.00179717071405056,0.00723682975446509,0.00150607963824909,0.00279806457276507,NA,NA,NA,NA,1.63817563667174,0.850278623378088,42.0813355181356,0.0307482445914323,0.0261116483933547,0.0171446607997765,100
"sd2","R10","limma_logtss","single",0.0133333333333333,0.000971428571428571,0.031,0.00222142857142857,0.0805715303466359,0.0475099207723565,0.0660767396193372,NA,NA,NA,NA,0.0431700000000001,22.16,499.83,0.05,0.03,0.02,0.0105089347908202,0.000694199544531176,0.0159351590180109,0.0014212255215469,0.0057374834199695,0.00217976871605062,0.00306028956748244,NA,NA,NA,NA,0.000747393450397409,0.850278623378088,42.0813355181356,0.0329523684408054,0.0222701503353614,0.014070529413629,100
"sd2","R10","linda","single",0.045,0.00205554187192118,0.075,0.00382014301152232,0.0788891439330428,0.0540200962607465,0.0564417313871873,NA,NA,NA,NA,0.34524,22.16,499.83,0.1,0.05,0.05,0.0202197523189179,0.000936850080930607,0.0259904799975886,0.00164101286121469,0.00583521664204967,0.00176431268672861,0.00291384392607329,NA,NA,NA,NA,0.0276495789508921,0.850278623378088,42.0813355181356,0.0333333333333333,0.021904291355759,0.021904291355759,100
"sd2","R10","lm_logtss","single",0.025,0.00165554187192118,0.0333333333333333,0.00256625615763547,0.0812831506860484,0.0479507589216325,0.065609177901763,NA,NA,NA,NA,0.03995,22.16,499.83,0.07,0.04,0.03,0.0148647097502641,0.000855024087541644,0.0174077655955698,0.00145715925718369,0.00561700609650846,0.00216198752980677,0.00305437935478036,NA,NA,NA,NA,0.000628671036971854,0.850278623378088,42.0813355181356,0.0293188669562103,0.0196946385566932,0.0171446607997765,100
"sd2","R10","locom","single",0.04,0.000689655172413793,0.08,0.00171465517241379,0.120848431347556,0.0496407815701473,0.0531952045481974,NA,NA,NA,NA,324.65915,22.16,499.83,0.06,0.02,0.04,0.0196946385566932,0.000689655172413793,0.0272659924344291,0.00100345304492434,0.00731524264788463,0.00145195018265082,0.00265847859673231,NA,NA,NA,NA,31.0696486210584,0.850278623378088,42.0813355181356,0.0277797979063414,0.02,0.0196946385566932,100
"sd2","R10","locom2","single",0.1475,0.00277105525381387,0.199666666666667,0.00487357626221724,0.129481002355856,0.0425212257502475,0.0768807236606331,NA,NA,NA,NA,77.43488,22.16,499.83,0.28,0.07,0.21,0.0346510381438197,0.00131137791365085,0.0393735883718955,0.0016569443006573,0.00832315490583897,0.00140512617579031,0.00347554384996426,NA,NA,NA,NA,8.43937104941793,0.850278623378088,42.0813355181356,0.0682834259731178,0.0325824517434794,0.0537389875963326,100
"sd2","R10","logistic_presence","single",0.07,0.00148351648351648,0.125,0.00148351648351648,0.0535413341944735,0.0561284351617951,0.113004839520022,NA,NA,NA,NA,0.57205,21.95,498.29,0.1,0.02,0.08,0.0256432399976243,0.00104442330827304,0.0328564370336385,0.00104442330827304,0.00411224737129572,0.0015966998980926,0.00199081305706048,NA,NA,NA,NA,0.0464504240447748,0.855803125665588,42.1528394983989,0.0333333333333333,0.014070529413629,0.0307482445914323,100
"sd2","R10","maaslin3","abundance",0,0.0024207157784744,0.01,0.00452526123301985,0.195069502616629,0.0451517166684157,0.0566014530406286,NA,NA,NA,NA,14.84505,22.15,499.73,0.06,0.06,0,0,0.00111975165768744,0.01,0.00153405490909561,0.0108413037026669,0.00152161613818168,0.00311115004266357,NA,NA,NA,NA,1.17470613814045,0.851424830753862,42.074995225577,0.0277797979063414,0.0277797979063414,0,100
"sd2","R10","maaslin3","combined",0.01,0.00365404911180773,0.01,0.00649811191175289,0.173069396883362,0.0512820254952913,0.0760369994321294,NA,NA,NA,NA,14.84505,22.16,499.83,0.1,0.09,0.01,0.01,0.00142871973532137,0.01,0.0017973333270377,0.0102445728124167,0.0014603404971989,0.002582774422675,NA,NA,NA,NA,1.17470613814045,0.850278623378088,42.0813355181356,0.0362371537669739,0.0350900716914789,0.01,100
"sd2","R10","maaslin3","presence",0,NA,0,NA,NA,0.0407155061353007,0.0642568568178487,0.0420682579682466,NA,NA,NA,14.84505,0,498.99,0,NA,0,0,NA,0,NA,NA,0.00128959226922147,0.00299015133237414,0.00454855839976831,NA,NA,NA,1.17470613814045,0,42.12899022255,0,NA,0,100
"sd2","R10","pursue","abundance",0.04,0.00690759814897746,0.07,0.0104961810434427,0.189644524143189,0.050706043497743,0.0567732767986698,NA,NA,NA,NA,20.86248,22.15,499.73,0.22,0.17,0.05,0.01836773631599,0.00201580092531266,0.0246388049034588,0.00244054617003468,0.0113296820064893,0.00159524593784974,0.00325088206516158,NA,NA,NA,NA,1.77011093720025,0.851424830753862,42.074995225577,0.0578748213776505,0.0513553671720273,0.021904291355759,100
"sd2","R10","pursue","combined",0.02,0.00591355052992984,0.045,0.00796116957754889,0.154213676382374,0.0489077465936832,0.0632044449830278,NA,NA,NA,NA,20.86248,22.16,499.83,0.16,0.14,0.02,0.014070529413629,0.00202374002797465,0.0202197523189179,0.00227859640576592,0.00986352138965343,0.00154715371708458,0.0024542017652394,NA,NA,NA,NA,1.77011093720025,0.850278623378088,42.0813355181356,0.046536615322309,0.0449915817041635,0.014070529413629,100
"sd2","R10","pursue","presence",0.02,NA,0.05,NA,NA,0.0475340191541128,0.0707311999080446,0.0457874881672403,NA,NA,NA,20.86248,0,498.29,0.02,NA,0.02,0.014070529413629,NA,0.021904291355759,NA,NA,0.0014588792514364,0.00277339036177199,0.00540175600168549,NA,NA,NA,1.77011093720025,0,42.1528394983989,0.014070529413629,NA,0.014070529413629,100
"sd2","R10","wilcoxon_tss","single",0.02,0.000744827586206897,0.04,0.00316405835543767,0.0810869448977249,0.048962659331725,0.0602037426521218,NA,NA,NA,NA,0.29528,22.16,499.83,0.04,0.02,0.02,0.014070529413629,0.00052547081618694,0.0196946385566932,0.00131493341528797,0.00575531680263634,0.00153998144147058,0.00313099970604473,NA,NA,NA,NA,0.0226044470461594,0.850278623378088,42.0813355181356,0.0196946385566932,0.014070529413629,0.014070529413629,100
"sd2","R10","zicoseq","single",0.06,0.00215686462324393,0.075,0.00366318646232439,0.108642195270568,0.050238480439556,0.0553183598321497,NA,NA,NA,NA,140.43875,22.16,499.83,0.11,0.05,0.06,0.0238683256575942,0.000971199267249372,0.0259904799975886,0.00146714408922983,0.00644991040155336,0.00157031504965953,0.00283835826182215,NA,NA,NA,NA,11.5283360652003,0.850278623378088,42.0813355181356,0.031446603773522,0.021904291355759,0.0238683256575942,100
"sd2","R11","adapt","single",0.075,0.00152777777777778,0.07,0.00427871148459384,0.0752582354652827,0.0488783470255067,0.0564183419119214,NA,NA,NA,NA,0.680559999999993,22.72,499.47,0.1,0.02,0.08,0.0259904799975886,0.00127775032908594,0.0246388049034588,0.00195951460983769,0.00471325637176893,0.00151388331967483,0.00310658411101543,NA,NA,NA,NA,0.0419516781186356,0.881811725478812,42.0572036011368,0.0333333333333333,0.014070529413629,0.0272659924344291,100
"sd2","R11","aldex2","single",0,0.000580808080808081,0,0.000580808080808081,0.0981053457309137,0.00778865990426789,0.241516168833481,NA,NA,NA,NA,20.01156,22.72,499.47,0.02,0.02,0,0,0.000409007764756106,0,0.000409007764756106,0.00616400891342144,0.000622171237426781,0.0032320415389534,NA,NA,NA,NA,1.54615574315295,0.881811725478812,42.0572036011368,0.014070529413629,0.014070529413629,0,100
"sd2","R11","ancombc2","single",0,0,0,0,0.167632332617072,0.470262254262542,0.457383360541305,NA,NA,NA,NA,102.10564,22.72,499.47,0,0,0,0,0,0,0,0.00907352677709765,0.00490650249609721,0.00434125849954502,NA,NA,NA,NA,9.87690582503806,0.881811725478812,42.0572036011368,0,0,0,100
"sd2","R11","corncob","single",0.441371473784786,0.0179303135270527,0.480372625262221,0.0260406873064667,0.104042899278336,0.0639809818124294,0.0885847290515752,NA,NA,NA,NA,20.89627,22.7,499.38,4.01,0.42,3.59,0.0466273857931661,0.00348640747188165,0.0456074433488092,0.00439793366828832,0.00648207520690235,0.00348873852873331,0.00240506215109331,NA,NA,NA,NA,1.78033656509695,0.882661265203651,42.0452060227435,0.706176931502197,0.0793661760385991,0.661051351173938,100
"sd2","R11","fastancom","single",0.01,5e-04,0.01,5e-04,0.0866006215362196,0.0374131140904457,0.0719995909936255,NA,NA,NA,NA,0.0580300000000011,22.72,499.47,0.02,0.01,0.01,0.01,5e-04,0.01,5e-04,0.00533191521099356,0.0019401532361131,0.00363581304254799,NA,NA,NA,NA,0.00380893301425375,0.881811725478812,42.0572036011368,0.014070529413629,0.01,0.01,100
"sd2","R11","ldm","single",0.02,0.00283926218708827,0.05,0.00423608758391367,0.113643343089657,0.049520472694653,0.0589403748483087,NA,NA,NA,NA,14.68832,22.72,499.47,0.09,0.07,0.02,0.014070529413629,0.00106808426619256,0.0207193853502687,0.00153963337872372,0.00762227233856968,0.00195147350574051,0.0036779581992156,NA,NA,NA,NA,1.74539476075897,0.881811725478812,42.0572036011368,0.0287623491264661,0.0256432399976243,0.014070529413629,100
"sd2","R11","limma_logtss","single",0.01,0,0.05,0.00125,0.0840891814520482,0.0479918897405464,0.0717180464531334,NA,NA,NA,NA,0.04511,22.72,499.47,0.02,0,0.02,0.01,0,0.021904291355759,0.00125,0.00542308790359251,0.00247241707099455,0.00360112252009989,NA,NA,NA,NA,0.00124445395919884,0.881811725478812,42.0572036011368,0.02,0,0.02,100
"sd2","R11","linda","single",0.05,0.001875,0.07,0.001875,0.0832284540179074,0.0530478928190057,0.0569816903928822,NA,NA,NA,NA,0.362959999999999,22.72,499.47,0.07,0.02,0.05,0.021904291355759,0.00139188439596009,0.0256432399976243,0.00139188439596009,0.00567965716351452,0.00185832163060829,0.00310568903136554,NA,NA,NA,NA,0.0306592511455854,0.881811725478812,42.0572036011368,0.0256432399976243,0.014070529413629,0.021904291355759,100
"sd2","R11","lm_logtss","single",0.03,0,0.073,0.000902777777777778,0.0786680999273663,0.0486326014170535,0.0718585692941273,NA,NA,NA,NA,0.04131,22.72,499.47,0.03,0,0.03,0.0171446607997765,0,0.0253403100441039,0.000681379628880405,0.00524799704353492,0.00252200543358896,0.00366440292141545,NA,NA,NA,NA,0.00071530102443346,0.881811725478812,42.0572036011368,0.0171446607997765,0,0.0171446607997765,100
"sd2","R11","locom","single",0.025,0.0038785610524741,0.07,0.00550637768029072,0.115771719627994,0.0502502224577653,0.0570195682128645,NA,NA,NA,NA,320.15695,22.72,499.47,0.12,0.09,0.03,0.0148647097502641,0.00150181468618026,0.023710278970185,0.00176163050079065,0.00813463808237819,0.00170582640108075,0.00327541579882914,NA,NA,NA,NA,30.7055539448234,0.881811725478812,42.0572036011368,0.0383497988352882,0.0320825954263823,0.0171446607997765,100
"sd2","R11","locom2","single",0.171666666666667,0.00516397008788313,0.231666666666667,0.00574477816869121,0.123599191977995,0.0427487124590758,0.0770132590315993,NA,NA,NA,NA,77.75226,22.72,499.47,0.35,0.1,0.25,0.0365804772130068,0.0017969582800091,0.0412959943217961,0.00186859165465808,0.00818446356108765,0.00177070471981567,0.00409629594438178,NA,NA,NA,NA,8.48314091812053,0.881811725478812,42.0572036011368,0.0672324476737388,0.0301511344577764,0.0557320429022713,100
"sd2","R11","logistic_presence","single",0.07,0.00125,0.13,0.00180555555555556,0.0582403937918235,0.0536571611402461,0.109401856809053,NA,NA,NA,NA,0.5917,22.58,497.78,0.08,0.01,0.07,0.0256432399976243,0.00125,0.0337997668989631,0.00136275925776081,0.00429735079920842,0.00164740040067447,0.0020649274532399,NA,NA,NA,NA,0.0483665497147887,0.883425381138896,42.1281008929727,0.0272659924344291,0.01,0.0256432399976243,100
"sd2","R11","maaslin3","abundance",0.01,0.00355761810653115,0.03,0.00565613955287868,0.183483212018711,0.0456506720897705,0.0549954157757192,NA,NA,NA,NA,15.33597,22.71,499.41,0.1,0.09,0.01,0.01,0.00128378163901709,0.0156023826204315,0.00166121802752423,0.0117159303007317,0.00151516063176779,0.00301010124220651,NA,NA,NA,NA,1.273176106147,0.88355286008572,42.0500882065878,0.0333333333333333,0.0320825954263824,0.01,100
"sd2","R11","maaslin3","combined",0.025,0.00429543101825711,0.0433333333333333,0.00853119042792956,0.171005568253384,0.0484122411987253,0.0811392369908286,NA,NA,NA,NA,15.33597,22.72,499.47,0.14,0.11,0.03,0.0148647097502641,0.00136867436221345,0.0185954630432062,0.00203779421355269,0.0102782586720812,0.00156203951517271,0.00294521197271641,NA,NA,NA,NA,1.273176106147,0.881811725478812,42.0572036011368,0.0402517331328978,0.034509550720186,0.0171446607997765,100
"sd2","R11","maaslin3","presence",0,NA,0,NA,NA,0.0362625308051307,0.0622941169469913,0.0434312893181455,NA,NA,NA,15.33597,0,498.58,0,NA,0,0,NA,0,NA,NA,0.00116298348591934,0.00304618991932109,0.00432719377527128,NA,NA,NA,1.273176106147,0,42.1029790447712,0,NA,0,100
"sd2","R11","pursue","abundance",0.0616666666666667,0.00663260773043382,0.121309523809524,0.0148755860184998,0.186228190739223,0.048125384386221,0.0557814438904448,NA,NA,NA,NA,21.91547,22.71,499.41,0.24,0.15,0.09,0.0226790172333626,0.00218756559068136,0.0292124337841351,0.00368404619037143,0.0112128054752765,0.00185525526148187,0.00329814483641388,NA,NA,NA,NA,1.88362329784188,0.88355286008572,42.0500882065878,0.0621500302705177,0.0457816513022367,0.0320825954263823,100
"sd2","R11","pursue","combined",0.055,0.00498089390480695,0.106666666666667,0.00663260773043382,0.164043044828165,0.0437399488626303,0.0659385484854835,NA,NA,NA,NA,21.91547,22.72,499.47,0.17,0.11,0.06,0.0223550324255519,0.00190343884133248,0.0294468266617803,0.00218756559068136,0.00947006582289191,0.00162903303362359,0.002787124705809,NA,NA,NA,NA,1.88362329784188,0.881811725478812,42.0572036011368,0.0450700913168936,0.0373219679669935,0.0238683256575942,100
"sd2","R11","pursue","presence",0.04,NA,0.09,NA,NA,0.0447186458257418,0.0696437192597285,0.0516654931522719,NA,NA,NA,21.91547,0,497.78,0.04,NA,0.04,0.0196946385566932,NA,0.0287623491264661,NA,NA,0.00140018362783414,0.00298137948698429,0.00510190671099193,NA,NA,NA,1.88362329784188,0,42.1281008929727,0.0196946385566932,NA,0.0196946385566932,100
"sd2","R11","wilcoxon_tss","single",0.03,0.00137273354664659,0.065,0.00299310391701696,0.0858553431639594,0.0480216276686691,0.0594886738632816,NA,NA,NA,NA,0.31109,22.72,499.47,0.07,0.04,0.03,0.0171446607997765,0.00068661872568249,0.0242618293546955,0.0014549331951347,0.00530158797041093,0.00161351140140727,0.00304572170529477,NA,NA,NA,NA,0.0245117250648861,0.881811725478812,42.0572036011368,0.0256432399976243,0.0196946385566932,0.0171446607997765,100
"sd2","R11","zicoseq","single",0.035,0.00290844783236088,0.045,0.00477180186962796,0.110849827492905,0.048186076210461,0.0586536800251275,NA,NA,NA,NA,143.09355,22.72,499.47,0.1,0.06,0.04,0.0177738316327429,0.00143728024608902,0.0202197523189179,0.00213435832262115,0.00660659845742041,0.0016356247887567,0.00325483222503031,NA,NA,NA,NA,12.0954858060066,0.881811725478812,42.0572036011368,0.0333333333333333,0.0238683256575942,0.0196946385566932,100
"sd2","R12","adapt","single",0.05,0,0.09,0,0.0549989001892996,0.05082646164455,0.0533617995796529,NA,NA,NA,NA,0.661299999999996,22.53,500.49,0.05,0,0.05,0.021904291355759,0,0.0287623491264661,0,0.0042010539464758,0.0014997085223191,0.0027996761998103,NA,NA,NA,NA,0.0391538986280775,0.808597114099038,42.1893602724907,0.021904291355759,0,0.021904291355759,100
"sd2","R12","aldex2","single",0,0,0.01,0,0.0658803065962408,0.0082549694454399,0.237184449403565,NA,NA,NA,NA,19.52001,22.53,500.49,0,0,0,0,0,0.01,0,0.00476690967086026,0.000692584955248935,0.00322947602124335,NA,NA,NA,NA,1.46857838085206,0.808597114099038,42.1893602724907,0,0,0,100
"sd2","R12","ancombc2","single",0,0,0,0,0.0825675823056629,0.467622848900653,0.455102846024595,NA,NA,NA,NA,93.61835,22.53,500.49,0,0,0,0,0,0,0,0.0048119868990972,0.00501460173421745,0.00448517563266229,NA,NA,NA,NA,8.90110945771692,0.808597114099038,42.1893602724907,0,0,0,100
"sd2","R12","corncob","single",0.449081442853821,0.00788882125973778,0.507470872072655,0.0130596955923768,0.075618834162551,0.0618059433856583,0.0921866476457679,NA,NA,NA,NA,20.49682,22.53,500.45,4.04,0.18,3.86,0.04866848705503,0.00206610692941767,0.0480793339210387,0.00288997410226824,0.0053632207763236,0.00344777050843265,0.00282511177911689,NA,NA,NA,NA,1.74564558978255,0.808597114099038,42.1837571665549,0.761831922925181,0.0479477830456206,0.738551681237397,100
"sd2","R12","fastancom","single",0.01,0,0.04,0,0.0603059655674444,0.041429985940667,0.0712441252843019,NA,NA,NA,NA,0.0551099999999951,22.53,500.49,0.01,0,0.01,0.01,0,0.0196946385566932,0,0.00451884067618311,0.00279573607565119,0.00486511840077625,NA,NA,NA,NA,0.00320248940417209,0.808597114099038,42.1893602724907,0.01,0,0.01,100
"sd2","R12","ldm","single",0.05,0.000526315789473684,0.07,0.00197623161438951,0.073206277918901,0.0492394320755723,0.0576807745790451,NA,NA,NA,NA,12.1427,22.53,500.49,0.06,0.01,0.05,0.021904291355759,0.000526315789473684,0.0256432399976243,0.00099105299464272,0.00464671073944677,0.00153343043827361,0.00374306309484269,NA,NA,NA,NA,1.36262852853141,0.808597114099038,42.1893602724907,0.0238683256575942,0.01,0.021904291355759,100
"sd2","R12","limma_logtss","single",0.04,0,0.085,0.000256410256410256,0.0570272912061356,0.0461892356277396,0.0668659495662633,NA,NA,NA,NA,0.0423599999999999,22.53,500.49,0.04,0,0.04,0.0196946385566932,0,0.0275745087962331,0.000256410256410256,0.00407504447938725,0.00218214151549534,0.00331684772669129,NA,NA,NA,NA,0.00062595704502962,0.808597114099038,42.1893602724907,0.0196946385566932,0,0.0196946385566932,100
"sd2","R12","linda","single",0.02,0,0.07,0,0.0591672573952115,0.0533776685899598,0.0546029301814542,NA,NA,NA,NA,0.3402,22.53,500.49,0.03,0,0.03,0.014070529413629,0,0.0256432399976243,0,0.00416311764217768,0.00152703773747057,0.00307776783325601,NA,NA,NA,NA,0.027697150055775,0.808597114099038,42.1893602724907,0.0222701503353614,0,0.0222701503353614,100
"sd2","R12","lm_logtss","single",0.02,0,0.07,0,0.0583332366001782,0.0469678406650903,0.0665825107221567,NA,NA,NA,NA,0.0390199999999999,22.53,500.49,0.02,0,0.02,0.014070529413629,0,0.0256432399976243,0,0.00418700154421927,0.00208735258466697,0.00333726776648557,NA,NA,NA,NA,0.000485960467278514,0.808597114099038,42.1893602724907,0.014070529413629,0,0.014070529413629,100
"sd2","R12","locom","single",0.03,0.000980861244019139,0.06,0.000980861244019139,0.0759477303737015,0.0503707241912391,0.0551650760008489,NA,NA,NA,NA,324.33218,22.53,500.49,0.09,0.02,0.07,0.0171446607997765,0.000691944261707658,0.0238683256575942,0.000691944261707658,0.00523647680747211,0.00160746379484198,0.00303898717243626,NA,NA,NA,NA,31.3967231080556,0.808597114099038,42.1893602724907,0.0451596494604856,0.014070529413629,0.043239992711574,100
"sd2","R12","locom2","single",0.12,0.00142300194931774,0.195,0.00179337231968811,0.0730485246321161,0.0414775374705019,0.0744093697140959,NA,NA,NA,NA,76.72659,22.53,500.49,0.23,0.03,0.2,0.032659863237109,0.000823236705327982,0.0395013105523543,0.000896797444684628,0.00519374431830019,0.0013910311796266,0.00363524494616011,NA,NA,NA,NA,8.28970235729513,0.808597114099038,42.1893602724907,0.0664466064983872,0.0171446607997765,0.065133894727893,100
"sd2","R12","logistic_presence","single",0.05,0,0.07,5e-04,0.0492642642467744,0.0547460368407502,0.112718735517637,NA,NA,NA,NA,0.56777,22.36,498.84,0.05,0,0.05,0.021904291355759,0,0.0256432399976243,5e-04,0.00378605045987761,0.00140779080062396,0.00218061589077382,NA,NA,NA,NA,0.0461945093921323,0.808355357400682,42.2650337128397,0.021904291355759,0,0.021904291355759,100
"sd2","R12","maaslin3","abundance",0.02,0,0.04,0,0.0854369664788841,0.0452894652171486,0.0543610652131609,NA,NA,NA,NA,14.5547,22.53,500.45,0.02,0,0.02,0.014070529413629,0,0.0196946385566932,0,0.00559873315670338,0.0013469457227886,0.00322357905199219,NA,NA,NA,NA,1.18501660879977,0.808597114099038,42.1837571665549,0.014070529413629,0,0.014070529413629,100
"sd2","R12","maaslin3","combined",0.02,0,0.06,0.000980861244019139,0.0808356769218622,0.0500771004657865,0.0825833977165206,NA,NA,NA,NA,14.5547,22.53,500.49,0.02,0,0.02,0.014070529413629,0,0.0238683256575942,0.000691944261707658,0.00516459513388926,0.00148516938165681,0.0024862050513215,NA,NA,NA,NA,1.18501660879977,0.808597114099038,42.1893602724907,0.014070529413629,0,0.014070529413629,100
"sd2","R12","maaslin3","presence",0,NA,0,NA,NA,0.0392395372004412,0.0668078767743468,0.0416970604412476,NA,NA,NA,14.5547,0,499.68,0,NA,0,0,NA,0,NA,NA,0.00115036310562339,0.00302177153678122,0.00425778340592701,NA,NA,NA,1.18501660879977,0,42.2340732756686,0,NA,0,100
"sd2","R12","pursue","abundance",0.07,0.000980861244019139,0.12,0.00139752791068581,0.0829999460676011,0.048911660750189,0.0540994566628522,NA,NA,NA,NA,20.93196,22.53,500.45,0.1,0.02,0.08,0.0256432399976243,0.000691944261707658,0.032659863237109,0.000802584303760875,0.00563992732403568,0.0015163487589613,0.00318407440287281,NA,NA,NA,NA,1.79031081083084,0.808597114099038,42.1837571665549,0.0333333333333333,0.014070529413629,0.0307482445914323,100
"sd2","R12","pursue","combined",0.07,0.000526315789473684,0.09,0.000980861244019139,0.0718669485916428,0.0466334840405438,0.0611669327126106,NA,NA,NA,NA,20.93196,22.53,500.49,0.1,0.01,0.09,0.0256432399976243,0.000526315789473684,0.0287623491264661,0.000691944261707658,0.00508109468100949,0.00163573009830337,0.00249553743844755,NA,NA,NA,NA,1.79031081083084,0.808597114099038,42.1893602724907,0.0362371537669739,0.01,0.0350900716914789,100
"sd2","R12","pursue","presence",0.03,NA,0.04,NA,NA,0.0460808296262851,0.0716289673801459,0.0441901292632703,NA,NA,NA,20.93196,0,498.84,0.03,NA,0.03,0.0171446607997765,NA,0.0196946385566932,NA,NA,0.0014848051147505,0.00291224665528254,0.00472296540502305,NA,NA,NA,1.79031081083084,0,42.2650337128397,0.0171446607997765,NA,0.0171446607997765,100
"sd2","R12","wilcoxon_tss","single",0.01,0.000625,0.05,0.000625,0.0567281376236634,0.049549486206602,0.0555307940705421,NA,NA,NA,NA,0.29471,22.53,500.49,0.02,0.01,0.01,0.01,0.000625,0.021904291355759,0.000625,0.00402067829771646,0.00131882566233881,0.00262149232100869,NA,NA,NA,NA,0.0230487638310911,0.808597114099038,42.1893602724907,0.014070529413629,0.01,0.01,100
"sd2","R12","zicoseq","single",0.02,0.000625,0.06,0.000625,0.0655841278887611,0.0494997807937646,0.054283214180915,NA,NA,NA,NA,145.07138,22.53,500.49,0.03,0.01,0.02,0.014070529413629,0.000625,0.0238683256575942,0.000625,0.004528873971753,0.0014754577296947,0.00292557632035856,NA,NA,NA,NA,12.0046045349929,0.808597114099038,42.1893602724907,0.0171446607997765,0.01,0.014070529413629,100
"sd2","R13","adapt","single",0.0548809523809524,0.0164465542918709,0.084534632034632,0.0187048492227465,0.139773558101309,0.0524533909046751,0.0562097012749336,NA,NA,NA,NA,0.669159999999992,21.75,498.45,0.45,0.32,0.13,0.019760220464047,0.00404368324152046,0.0246353906814789,0.00428855471566066,0.00779939116629392,0.0021092709810998,0.00306421880831342,NA,NA,NA,NA,0.0397319928592262,0.83174090274131,41.9963258974983,0.111350751676807,0.0776940386153509,0.0505624925865572,100
"sd2","R13","aldex2","single",0,0.0181247661415764,0.0025,0.0237782138946619,0.160032637075237,0.00997116834845109,0.231871161341948,NA,NA,NA,NA,20.04195,21.75,498.45,0.37,0.37,0,0,0.00374054278085644,0.0025,0.00451105422066677,0.00871284701403079,0.000942185192604167,0.00343264041518416,NA,NA,NA,NA,1.54641324474091,0.83174090274131,41.9963258974983,0.0760847480700888,0.0760847480700889,0,100
"sd2","R13","ancombc2","single",0,0.00118589743589744,0,0.00118589743589744,0.527612650192004,0.465019616198912,0.452468978146509,NA,NA,NA,NA,108.18894,21.75,498.45,0.02,0.02,0,0,0.000871121163195721,0,0.000871121163195721,0.0161921252872823,0.00576336271721116,0.00466144739220503,NA,NA,NA,NA,10.2886735507697,0.83174090274131,41.9963258974983,0.014070529413629,0.014070529413629,0,100
"sd2","R13","corncob","single",0.330548504899783,0.102624871266513,0.393005313766978,0.133888225636747,0.299868210209447,0.0673078270065497,0.0949047422548502,NA,NA,NA,NA,21.1854,21.75,498.39,6.95,2.33,4.62,0.0364100525878944,0.00810578548983846,0.0363871912578408,0.00957308626082721,0.012625624869426,0.00419562176838778,0.00361002167094859,NA,NA,NA,NA,1.82254249959453,0.83174090274131,41.9910233192041,0.882646960321994,0.184256628240357,0.810384619994254,100
"sd2","R13","fastancom","single",0.015,0.0107138951022551,0.0183333333333333,0.014314801593454,0.174537073224881,0.0383402462610886,0.0712273537677069,NA,NA,NA,NA,0.0561899999999972,21.75,498.45,0.23,0.21,0.02,0.0111350751676807,0.00261555014650286,0.0115797629116882,0.00321869798884437,0.00830735611393426,0.00180759977202626,0.00431521076670642,NA,NA,NA,NA,0.00363731211115302,0.83174090274131,41.9963258974983,0.0509604719068583,0.0477683805651624,0.014070529413629,100
"sd2","R13","ldm","single",0.053474358974359,0.0546723285162433,0.11655147030147,0.0755044914872861,0.300676700049831,0.0571394337846887,0.0684817310248902,NA,NA,NA,NA,30.6226,21.75,498.45,1.65,1.24,0.41,0.0146037750446882,0.00757283432763407,0.0225282004250417,0.00890195962394479,0.012267971930471,0.00299540156594796,0.0045917514064445,NA,NA,NA,NA,3.76729566480527,0.83174090274131,41.9963258974983,0.31634752658391,0.168846352963548,0.200552267803713,100
"sd2","R13","limma_logtss","single",0.0183333333333333,0.0122610641518435,0.0753015873015873,0.0220077025333789,0.174415653450496,0.0541003721747149,0.0763568044821854,NA,NA,NA,NA,0.0426900000000002,21.75,498.45,0.27,0.23,0.04,0.00914253020699733,0.00299366971092252,0.0215504768247812,0.00462379824001239,0.00847194472814644,0.00318963882223652,0.00459436744520077,NA,NA,NA,NA,0.000734117349494118,0.83174090274131,41.9963258974983,0.0679497734887447,0.0583528106011228,0.0196946385566932,100
"sd2","R13","linda","single",0.055,0.0159147608934133,0.0925,0.023672252405929,0.162002595138191,0.0567431308673374,0.0584756580661913,NA,NA,NA,NA,0.35535,21.75,498.45,0.43,0.33,0.1,0.020108432211779,0.0033556178360514,0.0243214594432583,0.00498762967316925,0.00781813239361366,0.00229426232828677,0.00356122458019014,NA,NA,NA,NA,0.0301446491725708,0.83174090274131,41.9963258974983,0.0843932593411477,0.0711450360996195,0.0362371537669739,100
"sd2","R13","lm_logtss","single",0.0271190476190476,0.0191744019675446,0.0847124183006536,0.0250993679890044,0.171964977250506,0.0553656969447602,0.0762772147521902,NA,NA,NA,NA,0.0397800000000001,21.75,498.45,0.46,0.38,0.08,0.0126080794447487,0.00445939850270671,0.0230051167294618,0.00531279055078895,0.00829836318502878,0.00332472179083264,0.00459840551220896,NA,NA,NA,NA,0.000555701394999187,0.83174090274131,41.9963258974983,0.117567947256989,0.0929646397423464,0.03673547263198,100
"sd2","R13","locom","single",0.0111666666666667,0.0418789205591269,0.0694891774891775,0.0628414721580462,0.288967620075871,0.0514840644748163,0.0557311606536971,NA,NA,NA,NA,326.99803,21.75,498.45,0.99,0.94,0.05,0.0060952733246637,0.0064301522682183,0.0206738946162721,0.00794456100152764,0.0119450552867175,0.00176220617698251,0.00310829827419324,NA,NA,NA,NA,30.7563394950511,0.83174090274131,41.9963258974983,0.158589107603596,0.148949181219161,0.0261116483933547,100
"sd2","R13","locom2","single",0.144,0.0404003911077081,0.191203463203463,0.0528744136658978,0.290333722922673,0.0432605968131762,0.0756425673490718,NA,NA,NA,NA,78.34557,21.75,498.45,1.29,0.96,0.33,0.0308734791879975,0.00584519942658782,0.0340083516266253,0.00731267931809011,0.0125558102680052,0.00144674641772466,0.0036245139339518,NA,NA,NA,NA,8.64006134579156,0.83174090274131,41.9963258974983,0.162862648953781,0.142786129536026,0.0711450360996195,100
"sd2","R13","logistic_presence","single",0.05,0,0.128571428571429,0.00142857142857143,0.0646360592590108,0.0562471951357811,0.111676344619239,NA,NA,NA,NA,0.59305,21.58,496.9,0.06,0,0.06,0.021904291355759,0,0.0334567905460543,0.00142857142857143,0.00564176415431467,0.00167474331801467,0.00184153525832674,NA,NA,NA,NA,0.0502895261400815,0.836077904639432,42.0626576872785,0.0277797979063414,0,0.0277797979063414,100
"sd2","R13","maaslin3","abundance",0.0104166666666667,0.0822407343445123,0.0152424242424242,0.104724462416995,0.444367034944269,0.0449497520938319,0.0577366257875941,NA,NA,NA,NA,15.18658,21.75,498.39,2.1,2.06,0.04,0.00540759405955244,0.00952212802759738,0.00598846798448006,0.011399769371941,0.0201120082726413,0.00138158073459052,0.0031933310459876,NA,NA,NA,NA,1.2039681077507,0.83174090274131,41.9910233192041,0.246797672009059,0.243634102205697,0.0196946385566932,100
"sd2","R13","maaslin3","combined",0.0155555555555555,0.0943544480150031,0.0161154401154401,0.12466969165546,0.412332308795655,0.0484888057343183,0.0806944939499958,NA,NA,NA,NA,15.18658,21.75,498.45,2.49,2.41,0.08,0.00607349919263582,0.0105467740516984,0.00502427114355548,0.0136267208834108,0.0188740102851477,0.00162840424230685,0.00282912924065787,NA,NA,NA,NA,1.2039681077507,0.83174090274131,41.9963258974983,0.292497086232573,0.283589901659478,0.0307482445914323,100
"sd2","R13","maaslin3","presence",0,NA,0.02,NA,NA,0.0411305676793835,0.0636822155630284,0.0552704601523561,NA,NA,NA,15.18658,0,497.66,0,NA,0,0,NA,0.014070529413629,NA,NA,0.00133817983673799,0.00271173396275104,0.00619282027597102,NA,NA,NA,1.2039681077507,0,42.0477823914699,0,NA,0,100
"sd2","R13","pursue","abundance",0.0372896825396825,0.150392987807807,0.0644539206063974,0.190958876710893,0.457292312742317,0.0471984916644414,0.0592335966474183,NA,NA,NA,NA,21.76291,21.75,498.39,3.99,3.8,0.19,0.012363822174149,0.0161189128422599,0.0158828586170602,0.0199452962735959,0.020752561250503,0.00174429830338091,0.00359130718993798,NA,NA,NA,NA,1.91552398660302,0.83174090274131,41.9910233192041,0.440269660250821,0.422355109337911,0.0442559132612339,100
"sd2","R13","pursue","combined",0.0341432178932179,0.11341655734852,0.0590808066202803,0.155071591031081,0.401214830162751,0.046153882313932,0.0677165666390305,NA,NA,NA,NA,21.76291,21.75,498.45,3.14,2.92,0.22,0.00833617289103348,0.0126451113243507,0.0132949736631969,0.0167314436791955,0.0201661755199007,0.00150840162621165,0.00280500731285265,NA,NA,NA,NA,1.91552398660302,0.83174090274131,41.9963258974983,0.369553374994326,0.341618252297839,0.0504124403437697,100
"sd2","R13","pursue","presence",0.02,NA,0.04,NA,NA,0.0480586037898468,0.0705730992080693,0.0449851731344955,NA,NA,NA,21.76291,0,496.9,0.02,NA,0.02,0.014070529413629,NA,0.0196946385566932,NA,NA,0.0014866662845213,0.00262410321535335,0.00520817658970809,NA,NA,NA,1.91552398660302,0,42.0626576872785,0.014070529413629,NA,0.014070529413629,100
"sd2","R13","wilcoxon_tss","single",0.0225952380952381,0.0255579666974997,0.0699285714285714,0.0307415131979125,0.152522781115781,0.0529532747641627,0.059368210369817,NA,NA,NA,NA,0.29664,21.75,498.45,0.61,0.53,0.08,0.00895598613100395,0.00514346711053985,0.0197018087206136,0.00541821311262814,0.00812940119935643,0.00209442536312935,0.0033011717803811,NA,NA,NA,NA,0.0228853025924386,0.83174090274131,41.9963258974983,0.127837491536811,0.105844368310413,0.0307482445914323,100
"sd2","R13","zicoseq","single",0.0699722222222222,0.0436275226672778,0.105329365079365,0.0528434078642696,0.258543710997011,0.0517461809494042,0.0594791880810369,NA,NA,NA,NA,140.79514,21.75,498.45,1.15,1,0.15,0.021628707683813,0.00629893735897986,0.0237019738741437,0.00677642842046312,0.0103802960790296,0.00195230520203435,0.00331829582491685,NA,NA,NA,NA,11.7823914825851,0.83174090274131,41.9963258974983,0.162291046698158,0.14142135623731,0.0411329453348431,100
"sd2","R14","adapt","single",0.075,0.00115131578947368,0.105,0.00156798245614035,0.0716603078001022,0.0519449289237772,0.0533475325068668,NA,NA,NA,NA,0.668909999999984,21.95,497.52,0.11,0.02,0.09,0.0259904799975886,0.000813011628986366,0.0303972021572693,0.000908244355682473,0.00512462688925262,0.0016081733207694,0.00299390138089062,NA,NA,NA,NA,0.0393388955877064,0.896049128342883,41.8687474873756,0.0373219679669936,0.014070529413629,0.0320825954263823,100
"sd2","R14","aldex2","single",0,0.00145434609250399,0,0.00298212387028176,0.103607322696301,0.0075479180258705,0.23407766656029,NA,NA,NA,NA,19.4805,21.95,497.52,0.03,0.03,0,0,0.00086357809168629,0,0.00144903627303748,0.006673944061252,0.000614956036301381,0.00331127604228367,NA,NA,NA,NA,1.45362540250509,0.896049128342883,41.8687474873756,0.0171446607997765,0.0171446607997765,0,100
"sd2","R14","ancombc2","single",0,0,0,0,0.212780219583011,0.462728851127542,0.453105732887527,NA,NA,NA,NA,98.00716,21.95,497.52,0,0,0,0,0,0,0,0.0105301770492037,0.00499219399113458,0.0042026699618522,NA,NA,NA,NA,8.9983179645114,0.896049128342883,41.8687474873756,0,0,0,100
"sd2","R14","corncob","single",0.363793384258018,0.0280304515716408,0.409784929444403,0.0379737654108111,0.15271277990297,0.0627990322019599,0.0904533721523408,NA,NA,NA,NA,20.37643,21.95,497.48,5.13,0.61,4.52,0.0433987503244357,0.00422577796997072,0.0433416231091847,0.0056899529201207,0.00887165884258237,0.00347096570622649,0.00243387221642719,NA,NA,NA,NA,1.72692102310775,0.896049128342883,41.8684555688071,0.948220555684289,0.0930895083543606,0.895158695935582,100
"sd2","R14","fastancom","single",0.02,0.000416666666666667,0.03,0.00122869674185464,0.0813619336805238,0.0392794235683633,0.0691838469604352,NA,NA,NA,NA,0.0560800000000151,21.95,497.52,0.03,0.01,0.02,0.014070529413629,0.000416666666666667,0.0171446607997765,0.000722757847867278,0.00522849345921151,0.00177471737603429,0.00363136562452307,NA,NA,NA,NA,0.00327582759995916,0.896049128342883,41.8687474873756,0.0171446607997765,0.01,0.014070529413629,100
"sd2","R14","ldm","single",0.015,0.00612446637693979,0.0825,0.00876904854998496,0.139855799514429,0.0525564014256089,0.0521531143378679,NA,NA,NA,NA,18.4624,21.95,497.52,0.14,0.12,0.02,0.0111350751676807,0.00254239943767064,0.0258821630401395,0.00284801837004172,0.00850830893501495,0.00178693577485166,0.00267220448080569,NA,NA,NA,NA,2.74423127194837,0.896049128342883,41.8687474873756,0.042687494916219,0.0383497988352882,0.014070529413629,100
"sd2","R14","limma_logtss","single",0.02,0.00115131578947368,0.055,0.00302392115345836,0.0831157042849273,0.0502263784403648,0.0703583506013242,NA,NA,NA,NA,0.0427299999999999,21.95,497.52,0.04,0.02,0.02,0.014070529413629,0.000813011628986366,0.0223550324255519,0.00145757422507291,0.00549832397576001,0.00233918141062292,0.00334719205646316,NA,NA,NA,NA,0.000554841864813272,0.896049128342883,41.8687474873756,0.0196946385566932,0.014070529413629,0.014070529413629,100
"sd2","R14","linda","single",0.05,0.000625,0.09,0.00185369674185464,0.0802327365160074,0.0570043355935216,0.0550169964038317,NA,NA,NA,NA,0.35265,21.95,497.52,0.06,0.01,0.05,0.021904291355759,0.000625,0.0287623491264661,0.000947359519349993,0.00531012581286318,0.00175665173748332,0.00303885425963128,NA,NA,NA,NA,0.0286562044862113,0.896049128342883,41.8687474873756,0.0238683256575942,0.01,0.021904291355759,100
"sd2","R14","lm_logtss","single",0.03,0.00149614337568058,0.05,0.00219852432806153,0.0823646336928884,0.0507810064036152,0.0704141762901044,NA,NA,NA,NA,0.0400699999999999,21.95,497.52,0.06,0.03,0.03,0.0171446607997765,0.000878563407537149,0.021904291355759,0.00100173992391831,0.00539220947776575,0.00240986158944236,0.00345134511918578,NA,NA,NA,NA,0.000420738888292026,0.896049128342883,41.8687474873756,0.0238683256575942,0.0171446607997765,0.0171446607997765,100
"sd2","R14","locom","single",0.04,0.00600084237394484,0.085,0.00780776878087125,0.137323784240491,0.0541221651786204,0.0542099229306655,NA,NA,NA,NA,324.28171,21.95,497.52,0.15,0.11,0.04,0.0196946385566932,0.00260773000790408,0.0275745087962331,0.00279905879626555,0.00802458649866577,0.00164873407021554,0.00274160994226798,NA,NA,NA,NA,30.6074822634785,0.896049128342883,41.8687474873756,0.0411329453348431,0.0373219679669936,0.0196946385566932,100
"sd2","R14","locom2","single",0.125,0.00461753034547152,0.198333333333333,0.00691324793281,0.133390824432764,0.0450112588063336,0.072875191623233,NA,NA,NA,NA,80.9015,21.95,497.52,0.23,0.07,0.16,0.0328564370336385,0.00246608921059042,0.038667842197387,0.00263688341708483,0.00813267489232107,0.00177294746792365,0.00313022368079046,NA,NA,NA,NA,9.07852679593696,0.896049128342883,41.8687474873756,0.0547814758929522,0.0293188669562103,0.046536615322309,100
"sd2","R14","logistic_presence","single",0.09,0,0.165,0.00142857142857143,0.0517785343948753,0.0577398254738236,0.107438777287157,NA,NA,NA,NA,0.57348,21.8,495.94,0.09,0,0.09,0.0287623491264661,0,0.0369650394482968,0.00142857142857143,0.00426488512958497,0.00186486591901808,0.00179787191368571,NA,NA,NA,NA,0.0459971463322136,0.898033766884434,41.9421916259015,0.0287623491264661,0,0.0287623491264661,100
"sd2","R14","maaslin3","abundance",0.005,0.00650618247504795,0.015,0.00799688131868797,0.225390887576289,0.0450589549232867,0.0536979638210684,NA,NA,NA,NA,14.64153,21.95,497.48,0.16,0.15,0.01,0.005,0.0024457944235168,0.0111350751676807,0.00262731336743258,0.013417282455516,0.00132236299069798,0.00297976908394236,NA,NA,NA,NA,1.13400159847526,0.896049128342883,41.8684555688071,0.0545319848688582,0.0519809599951771,0.01,100
"sd2","R14","maaslin3","combined",0.025,0.00770276367162915,0.0375,0.00990072747253412,0.200415401264719,0.0489756199600214,0.0789995652206164,NA,NA,NA,NA,14.64153,21.95,497.52,0.22,0.19,0.03,0.0148647097502641,0.00251749171096811,0.0178994808344101,0.00285879959928101,0.0119623230517922,0.00148162915660142,0.00268891179998289,NA,NA,NA,NA,1.13400159847526,0.896049128342883,41.8687474873756,0.0595945899517326,0.0563090318750649,0.0171446607997765,100
"sd2","R14","maaslin3","presence",0.02,NA,0.02,NA,NA,0.0397477580583824,0.0621816897750628,0.0431520224350013,NA,NA,NA,14.64153,0,496.66,0.02,NA,0.02,0.014070529413629,NA,0.014070529413629,NA,NA,0.00136506020789368,0.0028971888544658,0.00474365621805292,NA,NA,NA,1.13400159847526,0,41.9178904454165,0.014070529413629,NA,0.014070529413629,100
"sd2","R14","pursue","abundance",0.0608333333333333,0.0188295454212204,0.0831666666666667,0.030445600532813,0.227769612418737,0.0487238722299492,0.0549394093106254,NA,NA,NA,NA,21.14602,21.95,497.48,0.54,0.45,0.09,0.0214465312743973,0.00394508476941665,0.0221659578125186,0.00534575842900425,0.0134775941060267,0.00154721576784564,0.00312575256393629,NA,NA,NA,NA,1.80120854097375,0.896049128342883,41.8684555688071,0.100925014668607,0.0925235432774062,0.0287623491264661,100
"sd2","R14","pursue","combined",0.035,0.00983038305946525,0.0925,0.0203573231989981,0.188610502343877,0.045617816928466,0.0639160894258235,NA,NA,NA,NA,21.14602,21.95,497.52,0.29,0.24,0.05,0.0177738316327429,0.00279330742063482,0.0247006488552842,0.00434458718659806,0.0115062527677009,0.00133452474832394,0.00268996107838427,NA,NA,NA,NA,1.80120854097375,0.896049128342883,41.8687474873756,0.0686007332764061,0.063754579950357,0.0261116483933547,100
"sd2","R14","pursue","presence",0.04,NA,0.09,NA,NA,0.0483701960144127,0.0704478735252226,0.0470971804944042,NA,NA,NA,21.14602,0,495.94,0.04,NA,0.04,0.0196946385566932,NA,0.0287623491264661,NA,NA,0.00164273990895231,0.00296488866101534,0.00505451612936476,NA,NA,NA,1.80120854097375,0,41.9421916259015,0.0196946385566932,NA,0.0196946385566932,100
"sd2","R14","wilcoxon_tss","single",0.035,0.00317909356725146,0.06,0.00317909356725146,0.0837149689245886,0.0512891101621295,0.0555158453030622,NA,NA,NA,NA,0.29789,21.95,497.52,0.09,0.05,0.04,0.0177738316327429,0.00149907242818721,0.0227857832692212,0.00149907242818721,0.00574750082617808,0.00167148234293108,0.00290446473920665,NA,NA,NA,NA,0.0223613252665572,0.896049128342883,41.8687474873756,0.0320825954263823,0.021904291355759,0.0196946385566932,100
"sd2","R14","zicoseq","single",0.03,0.00567281800823757,0.065,0.00837890366830805,0.122327033230149,0.0521073585846715,0.0546656210779773,NA,NA,NA,NA,145.04338,21.95,497.52,0.17,0.13,0.04,0.0156023826204315,0.00168478511950323,0.023197657492327,0.00214621111790147,0.00685961003709605,0.00161208259124242,0.00311644081599158,NA,NA,NA,NA,12.3038248866427,0.896049128342883,41.8687474873756,0.0427702341505507,0.0337997668989631,0.0196946385566932,100
"sd2","R15","adapt","single",0.075,0.00286464646464647,0.101666666666667,0.00373501683501684,0.0739877744397602,0.0505100555596498,0.0506875630281787,NA,NA,NA,NA,0.665400000000001,22.07,500.82,0.12,0.04,0.08,0.0259904799975886,0.00149511874553791,0.0295775531413883,0.00160263638855143,0.00539047190047889,0.00155306141754892,0.00269265578952737,NA,NA,NA,NA,0.0389858016112625,0.840304778763111,42.1034113639839,0.0356186309210063,0.0196946385566932,0.0272659924344291,100
"sd2","R15","aldex2","single",0,0.000416666666666667,0,0.0016037037037037,0.0942847851892151,0.00713217017224613,0.237037923828815,NA,NA,NA,NA,20.61663,22.07,500.82,0.01,0.01,0,0,0.000416666666666667,0,0.000987753291898622,0.005990817292347,0.000647398515348637,0.00330997805787859,NA,NA,NA,NA,1.62002379622472,0.840304778763111,42.1034113639839,0.01,0.01,0,100
"sd2","R15","ancombc2","single",0,0,0,0,0.17067373985283,0.468368333327044,0.454821406757888,NA,NA,NA,NA,99.00351,22.07,500.82,0,0,0,0,0,0,0,0.00898715727491765,0.00488756870979952,0.00424979720291242,NA,NA,NA,NA,9.54419044285019,0.840304778763111,42.1034113639839,0,0,0,100
"sd2","R15","corncob","single",0.400685869622867,0.0262699898707068,0.482528047820905,0.036528334768486,0.129228721043727,0.0657358202878669,0.0879854423422227,NA,NA,NA,NA,21.36731,22.07,500.8,4.87,0.57,4.3,0.044958559004556,0.00404799975892124,0.045327160655411,0.00524194220851784,0.00763844763242399,0.00329170416339239,0.00286700695713909,NA,NA,NA,NA,1.86863870662522,0.840304778763111,42.1035112142165,0.852288067202017,0.0912926253009707,0.81346000007202,100
"sd2","R15","fastancom","single",0.02,0.000555555555555556,0.02,0.00232592592592593,0.0797312305162243,0.039908759885009,0.0680004756118611,NA,NA,NA,NA,0.0554599999999934,22.07,500.82,0.03,0.01,0.02,0.014070529413629,0.000555555555555556,0.014070529413629,0.00125195478362051,0.00540799139639401,0.00176552616368431,0.00348137076105822,NA,NA,NA,NA,0.00336819407296033,0.840304778763111,42.1034113639839,0.0171446607997765,0.01,0.014070529413629,100
"sd2","R15","ldm","single",0.015,0.00503191778645499,0.103333333333333,0.00750495797090822,0.12345077828652,0.0525923293106014,0.0578128523157957,NA,NA,NA,NA,14.39519,22.07,500.82,0.11,0.09,0.02,0.0111350751676807,0.00185729037671769,0.0293762312586717,0.00222451040438124,0.00712519029592212,0.00170897047683566,0.00310482675767515,NA,NA,NA,NA,1.3634760496313,0.840304778763111,42.1034113639839,0.0373219679669936,0.0320825954263824,0.014070529413629,100
"sd2","R15","limma_logtss","single",0.04,0.00180515297906602,0.055,0.00236070853462158,0.0762672842857553,0.0466778356848905,0.0648867370764891,NA,NA,NA,NA,0.04479,22.07,500.82,0.07,0.03,0.04,0.0196946385566932,0.00114310597407848,0.0223550324255519,0.0012629621488473,0.00525553383754973,0.00240560825104517,0.00306395998272564,NA,NA,NA,NA,0.0017793027234898,0.840304778763111,42.1034113639839,0.0256432399976243,0.0171446607997765,0.0196946385566932,100
"sd2","R15","linda","single",0.025,0.00328888888888889,0.0916666666666667,0.00566816350954282,0.0780770841952938,0.0565220955957243,0.0532531399785643,NA,NA,NA,NA,0.368709999999999,22.07,500.82,0.1,0.06,0.04,0.0148647097502641,0.0015258442003547,0.0281664724158026,0.00186932586720518,0.00542358536393068,0.0017706227516166,0.00284904447129366,NA,NA,NA,NA,0.0368173056997643,0.840304778763111,42.1034113639839,0.0389249472080761,0.0277797979063414,0.0242878362539562,100
"sd2","R15","lm_logtss","single",0.03,0.0014,0.0766666666666667,0.00317737520128825,0.078787658217554,0.0488985730399033,0.0640815411409041,NA,NA,NA,NA,0.0396400000000001,22.07,500.82,0.05,0.02,0.03,0.0171446607997765,0.00107327498429768,0.0263171539607267,0.0013734517758555,0.00540345858255918,0.00241526429593012,0.00298856809221771,NA,NA,NA,NA,0.000499801980990482,0.840304778763111,42.1034113639839,0.021904291355759,0.014070529413629,0.0171446607997765,100
"sd2","R15","locom","single",0.0575,0.00402389413705203,0.105,0.00657940324147418,0.116732437503465,0.051906567589238,0.056838134786025,NA,NA,NA,NA,319.21057,22.07,500.82,0.16,0.08,0.08,0.0229885237068895,0.00148379174836349,0.0295547770839986,0.00227089157422905,0.0074989572246445,0.00152952919026152,0.00326469280616,NA,NA,NA,NA,30.3151977623228,0.840304778763111,42.1034113639839,0.0506921785850339,0.0272659924344291,0.03673547263198,100
"sd2","R15","locom2","single",0.14,0.00312308898407297,0.21,0.00391012602111,0.124335830496986,0.0420447586038435,0.0740488595045582,NA,NA,NA,NA,76.87041,22.07,500.82,0.31,0.07,0.24,0.0348735088019777,0.00115684156726045,0.0409360180740332,0.00139535778881571,0.00732772876898961,0.00132983269758102,0.00324767581644354,NA,NA,NA,NA,8.4569557401065,0.840304778763111,42.1034113639839,0.0734365664565637,0.0256432399976243,0.0712372618420127,100
"sd2","R15","logistic_presence","single",0.05,0,0.08,0.000909090909090909,0.0539166975502619,0.0540562708519727,0.110586241207505,NA,NA,NA,NA,0.57249,21.94,499.27,0.05,0,0.05,0.021904291355759,0,0.0272659924344291,0.000909090909090909,0.00484790318498391,0.00156126960897346,0.00174957198970532,NA,NA,NA,NA,0.0468371097258867,0.840853342405406,42.1710654191456,0.021904291355759,0,0.021904291355759,100
"sd2","R15","maaslin3","abundance",0.01,0.00213117623117623,0.03,0.00398947116205181,0.179365429754958,0.0445691459571774,0.0580462631566689,NA,NA,NA,NA,15.29916,22.07,500.8,0.06,0.05,0.01,0.01,0.000940900843680523,0.0171446607997765,0.00159256247966206,0.00970932086251581,0.00158120975189361,0.00350792254841976,NA,NA,NA,NA,1.23955767303983,0.840304778763111,42.1035112142165,0.0238683256575942,0.021904291355759,0.01,100
"sd2","R15","maaslin3","combined",0.01,0.00370375687633752,0.055,0.00702217753613749,0.164168863251473,0.0475051369433905,0.0756891558980537,NA,NA,NA,NA,15.29916,22.07,500.82,0.08,0.07,0.01,0.01,0.00157353128492397,0.0211953396821666,0.00210056794406141,0.00850764687558675,0.00174085665619856,0.00224530450248453,NA,NA,NA,NA,1.23955767303983,0.840304778763111,42.1034113639839,0.0272659924344291,0.0256432399976243,0.01,100
"sd2","R15","maaslin3","presence",0,NA,0,NA,NA,0.0377406031615077,0.0624462620347096,0.0421280149810995,NA,NA,NA,15.29916,0,499.95,0,NA,0,0,NA,0,NA,NA,0.00131863577215645,0.00262950892162254,0.00469646173554002,NA,NA,NA,1.23955767303983,0,42.1457269243253,0,NA,0,100
"sd2","R15","pursue","abundance",0.035,0.0077731014057627,0.0558333333333333,0.0132577770812525,0.189314166427107,0.0460835300462821,0.0587907385271475,NA,NA,NA,NA,21.31208,22.07,500.8,0.2,0.16,0.04,0.0177738316327429,0.00248015754819468,0.0197506552761771,0.0034950940882956,0.0101041440491999,0.00169119798135315,0.00356745579651247,NA,NA,NA,NA,1.84707337101566,0.840304778763111,42.1035112142165,0.0531816023478311,0.0486587789373795,0.0196946385566932,100
"sd2","R15","pursue","combined",0.04,0.00529323593073593,0.065,0.0077731014057627,0.153172612706859,0.044209463625772,0.0661413608105515,NA,NA,NA,NA,21.31208,22.07,500.82,0.13,0.09,0.04,0.0196946385566932,0.00212092549926022,0.0242618293546955,0.00248015754819468,0.00881707241155865,0.00167450641576633,0.00309200400281461,NA,NA,NA,NA,1.84707337101566,0.840304778763111,42.1034113639839,0.0393251147037697,0.0350900716914789,0.0196946385566932,100
"sd2","R15","pursue","presence",0.03,NA,0.05,NA,NA,0.0459988293856152,0.0697625942500379,0.0399885984840666,NA,NA,NA,21.31208,0,499.27,0.03,NA,0.03,0.0171446607997765,NA,0.021904291355759,NA,NA,0.00150115408644626,0.00280980614451187,0.00438554975506896,NA,NA,NA,1.84707337101566,0,42.1710654191456,0.0171446607997765,NA,0.0171446607997765,100
"sd2","R15","wilcoxon_tss","single",0.01,0.00134298245614035,0.0616666666666667,0.00410224171539961,0.0834420010238577,0.0492315496744882,0.0532446571104641,NA,NA,NA,NA,0.29908,22.07,500.82,0.04,0.03,0.01,0.01,0.000773672471735047,0.0231686104845438,0.00161514179302059,0.00583510236089273,0.00154829255162297,0.00258248194700764,NA,NA,NA,NA,0.023629581186951,0.840304778763111,42.1034113639839,0.0196946385566932,0.0171446607997765,0.01,100
"sd2","R15","zicoseq","single",0.06,0.00342737520128825,0.1025,0.0047286572525703,0.106066558410004,0.0506101163411786,0.0544836179893134,NA,NA,NA,NA,140.92921,22.07,500.82,0.16,0.06,0.1,0.0238683256575942,0.00146398775320591,0.0297495861952377,0.00161659158179172,0.00634122353610603,0.00185142366211531,0.0032025052432641,NA,NA,NA,NA,11.5879415797028,0.840304778763111,42.1034113639839,0.0506921785850339,0.0238683256575942,0.0460566186471838,100
"sd2","R20","adapt","single",0.05,4e-04,0.0966666666666667,0.00134298245614035,0.0646879931946487,0.0479836352771827,0.0564150531664716,NA,NA,NA,NA,0.703090000000008,22.48,498.9,0.06,0.01,0.05,0.021904291355759,4e-04,0.0293188669562103,0.000773672471735047,0.00555676228450538,0.0015029455773184,0.00328173546345577,NA,NA,NA,NA,0.0411609629099818,0.848942300926883,41.8965307982569,0.0238683256575942,0.01,0.021904291355759,100
"sd2","R20","aldex2","single",0.01,4e-04,0.02,4e-04,0.0776054570115959,0.00516175862319008,0.228106597509332,NA,NA,NA,NA,151.39714,22.48,498.9,0.02,0.01,0.01,0.01,4e-04,0.014070529413629,4e-04,0.00565073784115643,0.000494334892481768,0.00373659112400152,NA,NA,NA,NA,13.3376672722049,0.848942300926883,41.8965307982569,0.014070529413629,0.01,0.01,100
"sd2","R20","ancombc2","single",0,0,0,0,0.140945619335962,0.524271051918523,0.503252312490371,NA,NA,NA,NA,134.66162,22.48,498.9,0,0,0,0,0,0,0,0.00690344336033491,0.00523867617910909,0.00474984151911995,NA,NA,NA,NA,11.9772856888394,0.848942300926883,41.8965307982569,0,0,0,100
"sd2","R20","corncob","single",0.528111037655155,0.0128898849992397,0.61200148013751,0.0193944627250989,0.112290702788132,0.0655057273779109,0.0936096809360821,NA,NA,NA,NA,24.22193,22.43,498.37,3.81,0.29,3.52,0.0476600719962881,0.00243602858636791,0.0448030518517249,0.00317526619990419,0.00590868826843799,0.00357602967729955,0.00285350973874157,NA,NA,NA,NA,2.01733573330261,0.847724821942459,41.8378994369092,0.652066644669783,0.0537389875963326,0.636829266877328,100
"sd2","R20","fastancom","single",0.01,0,0.03,0,0.0724558407319662,0.0402936139369129,0.0734429126099265,NA,NA,NA,NA,0.0562200000000007,22.48,498.9,0.01,0,0.01,0.01,0,0.0171446607997765,0,0.00576952632824368,0.00174413756872207,0.0038963485996688,NA,NA,NA,NA,0.00313844135542127,0.848942300926883,41.8965307982569,0.01,0,0.01,100
"sd2","R20","ldm","single",0.015,0.00142631578947368,0.0575,0.00195263157894737,0.101046237608342,0.0474202970725623,0.0601749793551055,NA,NA,NA,NA,18.00817,22.48,498.9,0.05,0.03,0.02,0.0111350751676807,0.000820608632795483,0.0229885237068895,0.000967078762561543,0.00619277498061447,0.00157103469160087,0.00329073795074284,NA,NA,NA,NA,2.13837300938911,0.848942300926883,41.8965307982569,0.0261116483933547,0.0171446607997765,0.014070529413629,100
"sd2","R20","limma_logtss","single",0.04,0,0.06,0.000416666666666667,0.0787058133675362,0.0464607757406724,0.0731303280611991,NA,NA,NA,NA,0.0438,22.48,498.9,0.04,0,0.04,0.0196946385566932,0,0.0238683256575942,0.000416666666666667,0.00539317452660682,0.00227111191087642,0.00338807291660227,NA,NA,NA,NA,0.00070050486843924,0.848942300926883,41.8965307982569,0.0196946385566932,0,0.0196946385566932,100
"sd2","R20","linda","single",0.0666666666666667,0.000926315789473684,0.116666666666667,0.00136109839816934,0.0747588281167351,0.0516656327379184,0.0571912981958385,NA,NA,NA,NA,0.40855,22.48,498.9,0.1,0.02,0.08,0.0246182981958665,0.0006578413588128,0.0319142369252113,0.000783361275180898,0.00530001019652507,0.00177754329273505,0.00308009789732208,NA,NA,NA,NA,0.0350881008781085,0.848942300926883,41.8965307982569,0.0389249472080761,0.014070529413629,0.0307482445914323,100
"sd2","R20","lm_logtss","single",0.02,4e-04,0.0566666666666667,0.00134298245614035,0.0766071423054386,0.0477213862113229,0.0727959811236672,NA,NA,NA,NA,0.05227,22.48,498.9,0.03,0.01,0.02,0.014070529413629,4e-04,0.0227488113427585,0.000773672471735047,0.00548287149702762,0.00230157165781962,0.00345140794485352,NA,NA,NA,NA,0.00067087384594401,0.848942300926883,41.8965307982569,0.0171446607997765,0.01,0.014070529413629,100
"sd2","R20","locom","single",0.01,0.000942982456140351,0.02,0.000942982456140351,0.104444481337577,0.0384741416790124,0.0809825630964812,NA,NA,NA,NA,291.95898,22.48,498.9,0.03,0.02,0.01,0.01,0.00066797391698498,0.014070529413629,0.00066797391698498,0.0058365875681608,0.00232369877654078,0.00353587022233234,NA,NA,NA,NA,29.6458281163273,0.848942300926883,41.8965307982569,0.0171446607997765,0.014070529413629,0.01,100
"sd2","R20","locom2","single",0.169282051282051,0.0031547093108205,0.229646358543417,0.0050110001604937,0.104654472807642,0.0395371908528288,0.0933161547523772,NA,NA,NA,NA,227.71906,22.48,498.9,0.58,0.07,0.51,0.0367813075176881,0.00118417681813055,0.0414818877917159,0.00147332910257833,0.00665478275266033,0.00290376728168191,0.00440429402055326,NA,NA,NA,NA,40.3646444911626,0.848942300926883,41.8965307982569,0.269372634396325,0.0256432399976243,0.257217040766365,100
"sd2","R20","logistic_presence","single",0.08,0,0.135,0.0015530303030303,0.053670093268491,0.0537584047041985,0.0539933627425236,NA,NA,NA,NA,0.6131,22.33,497.31,0.08,0,0.08,0.0272659924344291,0,0.0339748867443724,0.00128322838348249,0.00492223414248416,0.00151173084193419,0.00286839091456087,NA,NA,NA,NA,0.0506493580882075,0.849724257115985,41.9636511661214,0.0272659924344291,0,0.0272659924344291,100
"sd2","R20","maaslin3","abundance",0.02,0.00208478260869565,0.03,0.00273264049793285,0.154918595473688,0.046548453246197,0.0557004828591589,NA,NA,NA,NA,17.24577,22.46,498.85,0.07,0.05,0.02,0.014070529413629,0.000934731805005479,0.0171446607997765,0.00102716127643308,0.00959274722269718,0.00145848166708123,0.00276015311655094,NA,NA,NA,NA,1.33070553549346,0.847267741780971,41.8895188911175,0.0256432399976243,0.021904291355759,0.014070529413629,100
"sd2","R20","maaslin3","combined",0.02,0.00238781291172596,0.05,0.00371350174195199,0.14054273564072,0.0482488120361767,0.0780426555477807,NA,NA,NA,NA,17.24577,22.48,498.9,0.08,0.06,0.02,0.014070529413629,0.000976108722941104,0.021904291355759,0.00121642872495117,0.00821080396140729,0.00144015928237017,0.00289600756928142,NA,NA,NA,NA,1.33070553549346,0.848942300926883,41.8965307982569,0.0272659924344291,0.0238683256575942,0.014070529413629,100
"sd2","R20","maaslin3","presence",0,NA,0,NA,NA,0.0372684016039421,0.0550206121915219,0.0415694330498968,NA,NA,NA,17.24577,0,498,0,NA,0,0,NA,0,NA,NA,0.00137522792267925,0.00279466968594067,0.00485357647290982,NA,NA,NA,1.33070553549346,0,41.9425484888243,0,NA,0,100
"sd2","R20","pursue","abundance",0.035,0.00454661966860109,0.1,0.00967415616383269,0.154156099522354,0.0473467932986575,0.0545278129395311,NA,NA,NA,NA,42.99963,22.46,498.85,0.18,0.12,0.06,0.016462554864977,0.00167881935075179,0.0285252954473595,0.00244856073570236,0.00902883383824918,0.00142711941960432,0.00284327951616543,NA,NA,NA,NA,3.6201775776428,0.847267741780971,41.8895188911175,0.0592546294487706,0.0432983541805861,0.0277797979063414,100
"sd2","R20","pursue","combined",0.04,0.00321871657754011,0.095,0.00520270432468575,0.124643486065694,0.0474078156456277,0.0560017247593174,NA,NA,NA,NA,42.99963,22.48,498.9,0.12,0.08,0.04,0.0196946385566932,0.001506401968295,0.0273456283425716,0.00172477289204784,0.00768520633858886,0.00152704091755002,0.00265529114083662,NA,NA,NA,NA,3.6201775776428,0.848942300926883,41.8965307982569,0.0408989886516436,0.03673547263198,0.0196946385566932,100
"sd2","R20","pursue","presence",0.04,NA,0.1,NA,NA,0.0486318717167363,0.0565394698062834,0.0539730947363719,NA,NA,NA,42.99963,0,497.14,0.04,NA,0.04,0.0196946385566932,NA,0.0301511344577764,NA,NA,0.00140982963580966,0.00246112542712381,0.00550659395604174,NA,NA,NA,3.6201775776428,0,41.9364334258989,0.0196946385566932,NA,0.0196946385566932,100
"sd2","R20","wilcoxon_tss","single",0,NA,0,NA,NA,NA,NA,NA,NA,NA,NA,0.0234300000000001,0,0,0,NA,0,0,NA,0,NA,NA,NA,NA,NA,NA,NA,NA,0.000322319560358802,0,0,0,NA,0,100
"sd2","R20","zicoseq","single",0.045,0.00196929824561404,0.0633333333333333,0.00362670565302144,0.0993059223276143,0.0534012795406634,0.0636783412890001,NA,NA,NA,NA,138.52173,22.48,498.9,0.09,0.04,0.05,0.0202197523189179,0.00097382219759732,0.0229404146924729,0.00135527616507247,0.00682204764753429,0.00216452130597064,0.00333827207048296,NA,NA,NA,NA,11.3287983053368,0.848942300926883,41.8965307982569,0.0320825954263823,0.0196946385566932,0.021904291355759,100
"sd2","R21","adapt","single",0.04,0,0.07,4e-04,0.0531996182787401,0.0496022395694794,0.0529843386776818,NA,NA,NA,NA,0.719840000000005,22.35,500.24,0.05,0,0.05,0.0196946385566932,0,0.0256432399976243,4e-04,0.00459832754131488,0.00150828916484414,0.00275966491114188,NA,NA,NA,NA,0.0437362612656241,0.892774022104953,42.1723618623679,0.0261116483933547,0,0.0261116483933547,100
"sd2","R21","aldex2","single",0,0,0,0,0.0676836391635468,0.00588229686713107,0.226126418449129,NA,NA,NA,NA,151.99161,22.35,500.24,0,0,0,0,0,0,0,0.00489868099542638,0.000568390465001029,0.00349997974350834,NA,NA,NA,NA,13.58544965783,0.892774022104953,42.1723618623679,0,0,0,100
"sd2","R21","ancombc2","single",0,0,0,0,0.103564164491303,0.552816511520609,0.527288000209863,NA,NA,NA,NA,137.87947,22.35,500.24,0,0,0,0,0,0,0,0.00644284764558487,0.00448793651449399,0.00420441741393215,NA,NA,NA,NA,12.2432344340935,0.892774022104953,42.1723618623679,0,0,0,100
"sd2","R21","corncob","single",0.548258144358222,0.0147983859588055,0.602247271892867,0.0193886828904818,0.093712899086003,0.0689112832906971,0.0993188127397534,NA,NA,NA,NA,23.74343,22.31,499.82,3.96,0.31,3.65,0.0465759319432997,0.00279928325297672,0.0450540601267084,0.00320746916655472,0.00576934955710579,0.00373093782763423,0.00314531342059936,NA,NA,NA,NA,2.04927165259077,0.893375733955317,42.1134503814435,0.662245949002104,0.0563090318750648,0.63712976969715,100
"sd2","R21","fastancom","single",0.01,0,0.01,0,0.0644270924229561,0.0412877555744112,0.0715963624371691,NA,NA,NA,NA,0.0582300000000171,22.35,500.24,0.01,0,0.01,0.01,0,0.01,0,0.0048965948054062,0.00219435815451253,0.00411725306263082,NA,NA,NA,NA,0.00366547790647365,0.892774022104953,42.1723618623679,0.01,0,0.01,100
"sd2","R21","ldm","single",0.03,0,0.085,0.000285714285714286,0.087070687919598,0.0503517180958854,0.0642125316399488,NA,NA,NA,NA,14.94262,22.35,500.24,0.04,0,0.04,0.0171446607997765,0,0.0275745087962331,0.000285714285714286,0.00582274476117029,0.0020563536789564,0.00331096764598547,NA,NA,NA,NA,1.64901082989994,0.892774022104953,42.1723618623679,0.0242878362539562,0,0.0242878362539562,100
"sd2","R21","limma_logtss","single",0.03,0,0.045,0.000588235294117647,0.0673517529726935,0.0488479583275011,0.0641020294270647,NA,NA,NA,NA,0.0427700000000001,22.35,500.24,0.03,0,0.03,0.0171446607997765,0,0.0202197523189179,0.000588235294117647,0.0049499341773002,0.00214097726150232,0.00275164354660211,NA,NA,NA,NA,0.000572934145738868,0.892774022104953,42.1723618623679,0.0171446607997765,0,0.0171446607997765,100
"sd2","R21","linda","single",0.08,0,0.125,4e-04,0.0605740823660767,0.0539330226383091,0.0557860573695557,NA,NA,NA,NA,0.40728,22.35,500.24,0.09,0,0.09,0.0272659924344291,0,0.0328564370336385,4e-04,0.00485198244297308,0.00182593245201445,0.00266571798915171,NA,NA,NA,NA,0.0349297103140902,0.892774022104953,42.1723618623679,0.0320825954263823,0,0.0320825954263823,100
"sd2","R21","lm_logtss","single",0,0,0.075,0.000588235294117647,0.0657736865592028,0.0496000137054562,0.0641789584685343,NA,NA,NA,NA,0.0514800000000001,22.35,500.24,0,0,0,0,0,0.0259904799975886,0.000588235294117647,0.00506794384047947,0.00222227169293057,0.00268447777161563,NA,NA,NA,NA,0.00071668146566822,0.892774022104953,42.1723618623679,0,0,0,100
"sd2","R21","locom","single",0.02,0.000884615384615385,0.0514492753623188,0.00388241758241758,0.0863683160544589,0.0473505466185899,0.100371586606826,NA,NA,NA,NA,354.72036,22.35,500.24,0.05,0.02,0.03,0.014070529413629,0.000627729233187237,0.021050050936468,0.00156698945505997,0.00611919998234211,0.00377093501513275,0.00548548670240344,NA,NA,NA,NA,41.2350733609329,0.892774022104953,42.1723618623679,0.0261116483933547,0.014070529413629,0.0222701503353614,100
"sd2","R21","locom2","single",0.186988505747126,0.00577240537240537,0.20298446381205,0.00794987789987789,0.0875116531310788,0.0439144697463202,0.107973366851965,NA,NA,NA,NA,257.16359,22.35,500.24,3.19,0.13,3.06,0.0384114678351171,0.002859260414786,0.03936766263957,0.00312449283498445,0.0060684247124493,0.0037667983699751,0.00663608984986028,NA,NA,NA,NA,45.0973299952046,0.892774022104953,42.1723618623679,1.58246036540597,0.0630135467237567,1.53292616464806,100
"sd2","R21","logistic_presence","single",0.08,0,0.13,0,0.0394202725348787,0.0551160606243191,0.0548099738829141,NA,NA,NA,NA,0.59165,22.2,498.7,0.09,0,0.09,0.0272659924344291,0,0.0337997668989631,0,0.00383005480907459,0.00155981391160939,0.00293017057033719,NA,NA,NA,NA,0.0483234334166325,0.896908269804914,42.2447594024359,0.0320825954263823,0,0.0320825954263823,100
"sd2","R21","maaslin3","abundance",0,0.000697115384615385,0,0.000697115384615385,0.125382383290714,0.0429672543067235,0.06099564244372,NA,NA,NA,NA,17.53514,22.35,500.2,0.02,0.02,0,0,0.000493109639588107,0,0.000493109639588107,0.00808218273541036,0.00141924319357918,0.00399105937957845,NA,NA,NA,NA,1.37012649530449,0.892774022104953,42.1658006858016,0.014070529413629,0.014070529413629,0,100
"sd2","R21","maaslin3","combined",0,0.000697115384615385,0,0.00109711538461538,0.103676130424607,0.0492405078851004,0.077778725411757,NA,NA,NA,NA,17.53514,22.35,500.24,0.02,0.02,0,0,0.000493109639588107,0,0.00063049493338286,0.00703379268144016,0.0015524246759673,0.00288894787759204,NA,NA,NA,NA,1.37012649530449,0.892774022104953,42.1723618623679,0.014070529413629,0.014070529413629,0,100
"sd2","R21","maaslin3","presence",0,NA,0,NA,NA,0.0391055715535222,0.050990867247001,0.0287747183399931,NA,NA,NA,17.53514,0,499.47,0,NA,0,0,NA,0,NA,NA,0.00118936012463358,0.00275789268819018,0.00349929518842134,NA,NA,NA,1.37012649530449,0,42.2232485507903,0,NA,0,100
"sd2","R21","pursue","abundance",0.05,0.00238173076923077,0.0716666666666667,0.00567479432998943,0.129012538333757,0.0450009250984975,0.058530825894973,NA,NA,NA,NA,42.93704,22.35,500.2,0.11,0.06,0.05,0.021904291355759,0.0011131844500318,0.0249865283568286,0.00217488779746093,0.00761088288439437,0.00154708345193999,0.00386367387007773,NA,NA,NA,NA,3.6210395824348,0.892774022104953,42.1658006858016,0.034509550720186,0.0277797979063414,0.021904291355759,100
"sd2","R21","pursue","combined",0.035,0.000697115384615385,0.085,0.00238173076923077,0.0984607762011988,0.0460271522941575,0.0577121348932038,NA,NA,NA,NA,42.93704,22.35,500.24,0.06,0.02,0.04,0.0177738316327429,0.000493109639588107,0.0275745087962331,0.0011131844500318,0.0066174586216743,0.00163020187146548,0.00286002614178579,NA,NA,NA,NA,3.6210395824348,0.892774022104953,42.1723618623679,0.0277797979063414,0.014070529413629,0.0196946385566932,100
"sd2","R21","pursue","presence",0.04,NA,0.07,NA,NA,0.0479686731725496,0.0569144182615916,0.0317713616954426,NA,NA,NA,42.93704,0,498.61,0.05,NA,0.05,0.0196946385566932,NA,0.0256432399976243,NA,NA,0.00136510767835455,0.00257103542732435,0.00400751657702752,NA,NA,NA,3.6210395824348,0,42.2326191492077,0.0261116483933547,NA,0.0261116483933547,100
"sd2","R21","wilcoxon_tss","single",0,NA,0,NA,NA,NA,NA,NA,NA,NA,NA,0.02279,0,0,0,NA,0,0,NA,0,NA,NA,NA,NA,NA,NA,NA,NA,0.000344156119142794,0,0,0,NA,0,100
"sd2","R21","zicoseq","single",0.02,0,0.105,0.000285714285714286,0.0724746365452648,0.0523583559778934,0.06391523330298,NA,NA,NA,NA,144.81038,22.35,500.24,0.02,0,0.02,0.014070529413629,0,0.0303972021572693,0.000285714285714286,0.00520427476368273,0.00180606766968311,0.00319740166954625,NA,NA,NA,NA,11.9981616450759,0.892774022104953,42.1723618623679,0.014070529413629,0,0.014070529413629,100
"sps","R00","adapt","single",0.01,0.00111497684180055,0.0358333333333333,0.00326191292552309,0.0916700683064985,0.0462305704855028,0.0804678854994206,NA,NA,NA,NA,0.353150000000001,32.63,216.6,0.06,0.05,0.01,0.01,0.000572492601562269,0.0168031031685899,0.00111679864981549,0.00491205234998293,0.00243506909079706,0.00472066336150851,NA,NA,NA,NA,0.0100919647504963,1.15186760953635,11.640828531032,0.0277797979063414,0.0261116483933547,0.01,100
"sps","R00","aldex2","single",0.01,0.000892857142857142,0.0166666666666667,0.00156229149677515,0.124978396239674,0.00408562543735397,0.327571517759905,NA,NA,NA,NA,8.29371,32.64,216.74,0.04,0.03,0.01,0.01,0.000555587764475521,0.0119623427094212,0.000666047047675191,0.00641357396047906,0.000740309124962674,0.00383050348585454,NA,NA,NA,NA,0.461554331874068,1.15036401792536,11.6288531791672,0.0196946385566932,0.0171446607997765,0.01,100
"sps","R00","ancombc2","single",0,0.00113675958188153,0,0.00113675958188153,0.11560540747306,0.481458938691142,0.479468392574422,NA,NA,NA,NA,39.70565,32.64,216.74,0.04,0.04,0,0,0.000603130806006173,0,0.000603130806006173,0.00685777905495376,0.00705125482216218,0.00595004267379006,NA,NA,NA,NA,2.4334422786477,1.15036401792536,11.6288531791672,0.0196946385566932,0.0196946385566932,0,100
"sps","R00","corncob","single",0.47934018922402,0.0943428336853123,0.581629252195846,0.124825211792095,0.129956770168514,0.12386606825885,0.132417057926945,NA,NA,NA,NA,8.86753,32.6,216.56,7.44,2.83,4.61,0.0321815579011864,0.00894464849561901,0.0273369981060907,0.0103703721365003,0.00575756449714442,0.00455520664107832,0.00642838410897374,NA,NA,NA,NA,0.46194917326236,1.14732891376607,11.6163966317904,0.753352104888142,0.252684576002365,0.56334050560254,100
"sps","R00","fastancom","single",0.005,0.00262283424609813,0.0166666666666667,0.00335539238563301,0.116317535038269,0.024046961183957,0.131383119340858,NA,NA,NA,NA,0.0342700000000042,32.64,216.74,0.12,0.11,0.01,0.005,0.000842858133246886,0.0119623427094212,0.000986574031751917,0.00630673492804952,0.00246619510915434,0.00674891325442965,NA,NA,NA,NA,0.000503694431980898,1.15036401792536,11.6288531791672,0.0383497988352882,0.034509550720186,0.01,100
"sps","R00","ldm","single",0.044,0.00823370770993998,0.0999285714285714,0.0158381955895897,0.116678820380086,0.0448761831730504,0.079665101627739,NA,NA,NA,NA,10.63382,32.64,216.74,0.29,0.23,0.06,0.0200161550914871,0.00213135789962617,0.0262849416891219,0.00377759973177204,0.00567674013137511,0.00212173691883568,0.00452040942989703,NA,NA,NA,NA,1.32937163749714,1.15036401792536,11.6288531791672,0.071484970518991,0.0583528106011227,0.0277797979063414,100
"sps","R00","limma_logtss","single",0.0389655172413793,0.00531435789393362,0.0544471420052815,0.0173358978317478,0.114782664052293,0.0590917031129669,0.245002270831417,NA,NA,NA,NA,0.0404299999999998,32.64,216.74,0.46,0.14,0.32,0.0178432395048336,0.002017975045476,0.0206086968033691,0.00785650047928228,0.00637375753212134,0.0103919052183681,0.0136058431457255,NA,NA,NA,NA,0.000476149327226496,1.15036401792536,11.6288531791672,0.293849408281648,0.0471832875737016,0.261263441488827,100
"sps","R00","linda","single",0.0166666666666667,0.00511330497219298,0.0593333333333333,0.00911589352534473,0.111160630236634,0.0481614044090102,0.0856120095295806,NA,NA,NA,NA,0.16105,32.64,216.74,0.19,0.16,0.03,0.0119623427094212,0.00146357884180726,0.0216002868169011,0.00216520269117739,0.00608777538483735,0.00229817355552278,0.00518982586348606,NA,NA,NA,NA,0.0053642169262925,1.15036401792536,11.6288531791672,0.0506423386569624,0.041971611377408,0.0222701503353614,100
"sps","R00","lm_logtss","single",0.0186666666666667,0.00618060965779707,0.048627990430622,0.019138819470842,0.11738928496208,0.0599079338520431,0.245117287107749,NA,NA,NA,NA,0.0415999999999999,32.64,216.74,0.33,0.17,0.16,0.0113343235851796,0.001837177052732,0.0186414977974382,0.00827836567316509,0.00669232136382386,0.0103981693598772,0.0138131154104066,NA,NA,NA,NA,0.000581012700012516,1.15036401792536,11.6288531791672,0.158308610510029,0.0472581562625261,0.131594725263484,100
"sps","R00","locom","single",0.055,0.00576557983983643,0.102,0.00920915197940521,0.109860365867389,0.0511411687553217,0.0848815282308242,NA,NA,NA,NA,176.93978,32.64,216.74,0.23,0.15,0.08,0.0223550324255519,0.00218856853894837,0.0276251158515886,0.00262179333586483,0.0063568791590344,0.00229627831112242,0.00485658763978419,NA,NA,NA,NA,11.0909411562514,1.15036401792536,11.6288531791672,0.0664466064983872,0.0519809599951771,0.0338743966363203,100
"sps","R00","locom2","single",0.14,0.00699043389538364,0.173333333333333,0.00921619574483887,0.106627567010961,0.0366146669282934,0.0918614859923402,NA,NA,NA,NA,25.34212,32.64,216.74,0.38,0.2,0.18,0.0341417129865589,0.00175821160057585,0.0365586102926792,0.00207284245285494,0.00486141737846072,0.00186299899274672,0.00489553338337665,NA,NA,NA,NA,1.77972942094402,1.15036401792536,11.6288531791672,0.0693111852736656,0.0492365963917331,0.045792681696639,100
"sps","R00","logistic_presence","single",0.05,0.00478713494381113,0.12,0.00837260685970244,0.0928726531469723,0.0546712660382396,0.135210561035446,NA,NA,NA,NA,0.261520000000001,32.55,215.69,0.24,0.17,0.07,0.0207193853502687,0.00119744464873469,0.02959509772248,0.0017849192580983,0.00561530843006588,0.00233775604555753,0.00360121171647036,NA,NA,NA,NA,0.0120245496356161,1.15866302262565,11.636182641427,0.0514830559553826,0.0403394686042433,0.0293188669562103,100
"sps","R00","maaslin3","abundance",0.0775,0.0103624256643672,0.188190476190476,0.0194145777966369,0.13129226168821,0.0490400273495655,0.0791369443446745,NA,NA,NA,NA,5.97979,32.64,216.71,0.38,0.29,0.09,0.0260378027436489,0.00232565316045392,0.0358824311795953,0.00297382703150503,0.00586491250776119,0.00189473933433863,0.00436345573545206,NA,NA,NA,NA,0.2668349186238,1.15036401792536,11.627712413007,0.0788554488807325,0.0714849705189909,0.0287623491264661,100
"sps","R00","maaslin3","combined",0.0868571428571429,0.0138974517528221,0.226740925740926,0.0284404709450763,0.146391327306546,0.0489078888352192,0.0959126011433008,NA,NA,NA,NA,5.97979,32.64,216.74,0.54,0.41,0.13,0.0265665094982816,0.00274655218378405,0.0352220293272692,0.00368083195667683,0.00612480251290083,0.00218552494416648,0.00403919535271845,NA,NA,NA,NA,0.2668349186238,1.15036401792536,11.6288531791672,0.114079539857686,0.0943826298006195,0.0393251147037697,100
"sps","R00","maaslin3","presence",0.04,NA,0.18,NA,NA,0.0433835666964948,0.0782428409886322,0.0800368173669006,NA,NA,NA,5.97979,0,216.12,0.04,NA,0.04,0.0196946385566932,NA,0.0386122919665369,NA,NA,0.00169364675686541,0.0034755390863961,0.00512738612831731,NA,NA,NA,0.2668349186238,0,11.6242630264929,0.0196946385566932,NA,0.0196946385566932,100
"sps","R00","pursue","abundance",0.105833333333333,0.0168361804806642,0.149787878787879,0.0243360243572332,0.131893836862041,0.0533828183814462,0.0804688183183496,NA,NA,NA,NA,9.38185,32.64,216.71,0.64,0.48,0.16,0.0286199358754941,0.00333570904445611,0.0317661768366491,0.00394832066964562,0.00562751048857024,0.0024804480125447,0.00440818271641284,NA,NA,NA,NA,0.480957147206999,1.15036401792536,11.627712413007,0.114168049095811,0.0969014911644757,0.041971611377408,100
"sps","R00","pursue","combined",0.0755952380952381,0.014029213725004,0.135,0.0184144901733356,0.127911412155917,0.0415642902454645,0.159123593426641,NA,NA,NA,NA,9.38185,32.64,216.74,0.51,0.4,0.11,0.0246986319066084,0.00321695849835948,0.0313550143486427,0.00356089480419079,0.00664604876734104,0.00236925565747935,0.00691261461691637,NA,NA,NA,NA,0.480957147206999,1.15036401792536,11.6288531791672,0.113257550420591,0.0974420314594758,0.031446603773522,100
"sps","R00","pursue","presence",0.07,NA,0.1,NA,NA,0.0334108289464842,0.248078148372087,0.0444547049645459,NA,NA,NA,9.38185,0,215.68,0.08,NA,0.08,0.0256432399976243,NA,0.0301511344577764,NA,NA,0.00181342516485474,0.0104167068775517,0.0047514090462805,NA,NA,NA,0.480957147206999,0,11.6348647077513,0.0307482445914323,NA,0.0307482445914323,100
"sps","R00","wilcoxon_tss","single",0.02,0.0032499321236255,0.03,0.00640724666234422,0.0989869512532938,0.0482797295026261,0.0833552020800633,NA,NA,NA,NA,0.156409999999999,32.64,216.74,0.12,0.0899999999999999,0.03,0.014070529413629,0.00128531972622169,0.0171446607997765,0.00195252556558924,0.0057676651006857,0.00210122487574719,0.00450145779106861,NA,NA,NA,NA,0.00623258130287676,1.15036401792536,11.6288531791672,0.0383497988352882,0.0320825954263823,0.0222701503353614,100
"sps","R00","zicoseq","single",0.0552083333333333,0.0092332801725619,0.165952380952381,0.0144545257023458,0.0998870492644248,0.0489202609441095,0.0917483970593492,NA,NA,NA,NA,62.46423,32.64,216.74,0.46,0.27,0.19,0.0201734182391378,0.00219342122987163,0.0335088743432157,0.00289116338447183,0.00551146420606321,0.00330815578468406,0.00542760272773864,NA,NA,NA,NA,2.89570361756496,1.15036401792536,11.6288531791672,0.169025728721094,0.0679497734887446,0.1134357825718,100
"sps","R01","adapt","single",0.01,0.000869565217391304,0.03,0.00195852165102859,0.0632964093817989,0.0434742483047786,0.0893340040030541,NA,NA,NA,NA,0.356219999999994,32.3,232.31,0.03,0.02,0.01,0.01,0.000611762148418651,0.0171446607997765,0.00088291327081057,0.00443913167563374,0.00249994762433906,0.00548945805760681,NA,NA,NA,NA,0.00878484208765565,1.04296585647747,10.871775105262,0.0171446607997765,0.014070529413629,0.01,100
"sps","R01","aldex2","single",0,0,0.01,0,0.106420584551749,0.00367695556719082,0.327751387254012,NA,NA,NA,NA,4.32635,32.45,233.68,0,0,0,0,0,0.01,0,0.00579262891847239,0.000559781777096177,0.00399417107389946,NA,NA,NA,NA,0.17846026430089,1.030482381894,10.7987548852035,0,0,0,100
"sps","R01","ancombc2","single",0,0,0,0,0.108186558609552,0.376771441428021,0.41861223638141,NA,NA,NA,NA,46.23562,32.45,233.68,0,0,0,0,0,0,0,0.0060817068806309,0.00557015995139425,0.00496320315024575,NA,NA,NA,NA,2.5171284027469,1.030482381894,10.7987548852035,0,0,0,100
"sps","R01","corncob","single",0.462615079365079,0.0388596437324639,0.540324287179894,0.0608074307624047,0.0919238619523307,0.115285583230738,0.120737988057638,NA,NA,NA,NA,7.21719,31.64,224.09,3.89,1.16,2.73,0.0415232245012445,0.00544942952297434,0.0377026172226119,0.00703412842601375,0.00518430622387117,0.00366568984337567,0.00507888330533884,NA,NA,NA,NA,0.334784263926379,1.02637146484028,10.4385464273122,0.465777291039918,0.156166189643849,0.367589747166896,100
"sps","R01","fastancom","single",0,0,0.01,0,0.0811747021262702,0.0268673742574478,0.131073987813305,NA,NA,NA,NA,0.0344700000000034,32.45,233.68,0,0,0,0,0,0.01,0,0.0049345098581236,0.00326771857322426,0.00714662868937853,NA,NA,NA,NA,0.000478730433838369,1.030482381894,10.7987548852035,0,0,0,100
"sps","R01","ldm","single",0,0.00151111111111111,0.01,0.00151111111111111,0.0845304817741828,0.0325924942274839,0.0743681020937222,NA,NA,NA,NA,5.33236,32.45,233.68,0.03,0.03,0,0,0.0011771105409388,0.01,0.0011771105409388,0.00538553144848184,0.00159861506988332,0.00355404788573916,NA,NA,NA,NA,0.629970394128794,1.030482381894,10.7987548852035,0.0222701503353614,0.0222701503353613,0,100
"sps","R01","limma_logtss","single",0.0313818763851268,0.0121572871572872,0.0679388313102218,0.0211602515841646,0.0831422590157522,0.0596133112335608,0.236249618282629,NA,NA,NA,NA,0.03749,32.45,233.68,2.48,0.35,2.13,0.0158040219122748,0.00711337205421844,0.0235551489457699,0.00987858074334997,0.00502175456389896,0.0116350013351501,0.0152517164072514,NA,NA,NA,NA,0.00040762802413553,1.030482381894,10.7987548852035,1.52079723909016,0.207132905169701,1.31668814712052,100
"sps","R01","linda","single",0.02,0,0.05,0.00176633986928105,0.0747054324601852,0.0492503426386895,0.0746220533988292,NA,NA,NA,NA,0.17133,32.45,233.68,0.02,0,0.02,0.014070529413629,0,0.021904291355759,0.00089191583117017,0.00478664144301328,0.00211359642684553,0.00371297508499697,NA,NA,NA,NA,0.00558727007300411,1.030482381894,10.7987548852035,0.014070529413629,0,0.014070529413629,100
"sps","R01","lm_logtss","single",0.0362744997784368,0.00946060606060606,0.0551304766101197,0.0203179292929293,0.0846660241553378,0.0566493392172243,0.234692407420923,NA,NA,NA,NA,0.0395099999999999,32.45,233.68,1.76,0.26,1.5,0.017904790141157,0.00679257863989255,0.0219825045052805,0.00986811912609114,0.00507002634140136,0.0113869245601622,0.0151291628356695,NA,NA,NA,NA,0.000567378340984322,1.030482381894,10.7987548852035,1.31449725382103,0.196237333117557,1.11884680891451,100
"sps","R01","locom","single",0.165,0.000957792207792208,0.195,0.000957792207792208,0.0688754792606859,0.0446127578458607,0.0936658288395745,NA,NA,NA,NA,178.39737,32.45,233.68,0.33,0.03,0.3,0.0368129161688865,0.000562241329018839,0.0393589912319518,0.000562241329018839,0.00399378130390275,0.00207055914340177,0.00427350998446312,NA,NA,NA,NA,11.5087256529505,1.030482381894,10.7987548852035,0.0921735298009119,0.0171446607997765,0.0834847109936722,100
"sps","R01","locom2","single",0.0681818181818182,0.00219264214046823,0.0815686274509804,0.00491025303199216,0.0771198664867532,0.0405239033832579,0.122157659092518,NA,NA,NA,NA,20.14433,32.45,233.68,0.23,0.06,0.17,0.0250344115785732,0.00108707939849164,0.0258667285705463,0.00192165395715355,0.00473618012639454,0.00330793861945093,0.00583297360559391,NA,NA,NA,NA,1.71188489530067,1.030482381894,10.7987548852035,0.115343141989632,0.0277797979063414,0.0954045082898088,100
"sps","R01","logistic_presence","single",0.02,0,0.06,0.000666666666666667,0.0641156726880683,0.0653394211106599,0.2064278918318,NA,NA,NA,NA,0.23989,32.18,231.29,0.02,0,0.02,0.014070529413629,0,0.0238683256575942,0.000483742425270654,0.00491126486388578,0.00238540077662663,0.00417990722955207,NA,NA,NA,NA,0.00943892536898201,1.05288252723731,10.8267280096038,0.014070529413629,0,0.014070529413629,100
"sps","R01","maaslin3","abundance",0,0.000416666666666667,0.02,0.000629432624113476,0.0848760130886609,0.0372210961970811,0.0780871316265026,NA,NA,NA,NA,5.80056,31.67,224.47,0.01,0.01,0,0,0.000416666666666667,0.014070529413629,0.000465928647457528,0.00501806834535853,0.00186746836361768,0.00445569601588535,NA,NA,NA,NA,0.220604412311525,1.03054903480199,10.4801154188262,0.01,0.01,0,100
"sps","R01","maaslin3","combined",0,0.000629432624113476,0.03,0.00118498817966903,0.0913964299636544,0.0295171707755267,0.0904711859706578,NA,NA,NA,NA,5.80056,32.45,233.65,0.02,0.02,0,0,0.000465928647457528,0.0171446607997765,0.000720185490422158,0.00466570996730274,0.00151995597634697,0.00372374397493392,NA,NA,NA,NA,0.220604412311525,1.030482381894,10.800639477888,0.014070529413629,0.014070529413629,0,100
"sps","R01","maaslin3","presence",0,NA,0,NA,NA,0.0159286454759258,0.0921458153300029,0.0320354585215549,NA,NA,NA,5.80056,0,232.52,0,NA,0,0,NA,0,NA,NA,0.000924244301917352,0.00415476731723848,0.00285523602258482,NA,NA,NA,0.220604412311525,0,10.815929890395,0,NA,0,100
"sps","R01","pursue","abundance",0.0333333333333333,0.0129586247086247,0.06,0.0223475501201308,0.0937058482752514,0.0485235684272569,0.12691760309609,NA,NA,NA,NA,7.69855,18.44,86.73,0.19,0.15,0.04,0.0174077655955698,0.00390299251145152,0.0205862451763345,0.00576862009828716,0.00843486490269842,0.00377028842996923,0.00740250970992422,NA,NA,NA,NA,0.351374266885458,0.795228192903068,5.02156671998215,0.0506423386569624,0.0435194139889245,0.0196946385566932,100
"sps","R01","pursue","combined",0.02,0.00272460317460318,0.02,0.00320079365079365,0.0885593652151298,0.0245269632317319,0.140478006453855,NA,NA,NA,NA,7.69855,32.45,233.67,0.08,0.06,0.02,0.014070529413629,0.00123154382913849,0.014070529413629,0.00131043766122361,0.00578667837788441,0.00142330197513977,0.00399854578503652,NA,NA,NA,NA,0.351374266885458,1.030482381894,10.8002436841195,0.0307482445914323,0.0277797979063414,0.014070529413629,100
"sps","R01","pursue","presence",0,NA,0,NA,NA,0.0228604829725488,0.157655142539699,0.0293894628574761,NA,NA,NA,7.69855,0,231.28,0,NA,0,0,NA,0,NA,NA,0.00119736373933825,0.00403864401362438,0.00313777944215345,NA,NA,NA,0.351374266885458,0,10.8282093243397,0,NA,0,100
"sps","R01","wilcoxon_tss","single",0,4e-04,0,4e-04,0.0718695207511315,0.061871938901913,0.119986106181108,NA,NA,NA,NA,0.1395,32.45,233.68,0.01,0.01,0,0,4e-04,0,4e-04,0.00546160312573645,0.00226424591057758,0.00442737314038678,NA,NA,NA,NA,0.00441518271239577,1.030482381894,10.7987548852035,0.01,0.01,0,100
"sps","R01","zicoseq","single",0.03,0.0011034632034632,0.0466666666666667,0.0025067053513862,0.0884335435739873,0.0326019734889365,0.0806895070754575,NA,NA,NA,NA,34.64043,32.45,233.68,0.06,0.03,0.03,0.0171446607997765,0.000656154970425943,0.0194018292032214,0.000896275685973184,0.00514904856371764,0.0015214506881907,0.00352571347227336,NA,NA,NA,NA,1.82793861633864,1.030482381894,10.7987548852035,0.0238683256575942,0.0171446607997765,0.0171446607997765,100
"sps","R02","adapt","single",0.04,0.00828958649791237,0.0575,0.0147389090044652,0.10572962197791,0.0500859897454618,0.0780096186890412,NA,NA,NA,NA,0.35653999999999,32.52,208.84,0.31,0.24,0.07,0.0169371983181601,0.00201672528847256,0.0200551638228062,0.00302348839193121,0.00667440883347574,0.00239538102124047,0.00382946535331729,NA,NA,NA,NA,0.00853981075181133,1.19633109163312,11.6928858626936,0.0691872003109584,0.0534090371802868,0.0293188669562103,100
"sps","R02","aldex2","single",0.00666666666666667,0.00871273661474417,0.00666666666666667,0.0115729458499534,0.145863344872863,0.00561029162743748,0.315005026028136,NA,NA,NA,NA,15.80345,32.52,208.84,0.25,0.23,0.02,0.00666666666666667,0.0018039915592744,0.00666666666666667,0.00251015262765462,0.00757935813985341,0.000970330227690736,0.00400743725667187,NA,NA,NA,NA,0.91038150326657,1.19633109163312,11.6928858626936,0.0519809599951771,0.0446196043338474,0.02,100
"sps","R02","ancombc2","single",0,0.0047844629913486,0,0.0047844629913486,0.131417217060639,0.474245532268976,0.462928779664444,NA,NA,NA,NA,39.81475,32.52,208.84,0.13,0.13,0,0,0.00131053986346677,0,0.00131053986346677,0.00605751095304758,0.00567114629583741,0.00453041271291161,NA,NA,NA,NA,2.25910143464054,1.19633109163312,11.6928858626936,0.0337997668989631,0.0337997668989631,0,100
"sps","R02","corncob","single",0.458675180708465,0.148632530060779,0.544354389216383,0.1917666153716,0.167072644840574,0.133904381883066,0.146722895780292,NA,NA,NA,NA,17.42059,32.51,208.8,9.26,4.4,4.86,0.0235476406549986,0.00905747616159413,0.0209454864920543,0.011351830454165,0.0063756404330808,0.00618982574565145,0.00852461786036517,NA,NA,NA,NA,1.0832451127804,1.19633235813093,11.6890002683175,0.605299825531016,0.264384171044694,0.434618141927979,100
"sps","R02","fastancom","single",0.00666666666666667,0.0117229429926658,0.0116666666666667,0.0129674549818587,0.142709160035853,0.0284222900976694,0.151911328291799,NA,NA,NA,NA,0.0375600000000054,32.52,208.84,0.35,0.33,0.02,0.00666666666666667,0.00212237098848926,0.00829283086593739,0.00228882275339214,0.00655280564304108,0.00287059610515493,0.00829264695551043,NA,NA,NA,NA,0.000613702128911498,1.19633109163312,11.6928858626936,0.0625630994607957,0.0569511575249735,0.02,100
"sps","R02","ldm","single",0.0425,0.0257473308590936,0.103154761904762,0.0420931791686582,0.163566346531121,0.0511422796936169,0.0838909775033578,NA,NA,NA,NA,14.80918,32.52,208.84,0.71,0.6,0.11,0.0131625744823483,0.00481657381797299,0.0248849328305924,0.00661733874497285,0.00811087326165517,0.00315081190547469,0.00524989221004398,NA,NA,NA,NA,0.860321978883194,1.19633109163312,11.6928858626936,0.110366698241852,0.0932033727226043,0.034509550720186,100
"sps","R02","limma_logtss","single",0.0619413058678931,0.0304113205107397,0.0820074289405685,0.0411759455827365,0.142827678747785,0.0707730609202564,0.238143910416536,NA,NA,NA,NA,0.0384700000000009,32.52,208.84,2.54,0.65,1.89,0.0209884490988072,0.011099004833051,0.0226229090377244,0.0133245045103085,0.0073674378110076,0.0147872100546422,0.0158358571843569,NA,NA,NA,NA,0.000475554965542897,1.19633109163312,11.6928858626936,1.23765989682223,0.203690694411647,1.04542244131647,100
"sps","R02","linda","single",0.035,0.0252060998409342,0.0571666666666667,0.0334809548842209,0.139322190549192,0.0503094869245551,0.0845373483720069,NA,NA,NA,NA,0.16456,31.9,207.37,0.65,0.608247422680412,0.06,0.0162912258717397,0.00400054584229228,0.0179728174225829,0.00505292015414953,0.00709305203709143,0.00221823345344811,0.00504531917242585,NA,NA,NA,NA,0.00674224313001556,1.30573714619348,11.9233973787048,0.0903137069140983,0.0848952015051578,0.0277797979063414,100
"sps","R02","lm_logtss","single",0.0636345682792407,0.0317169699326296,0.0800367346341382,0.0443334876021206,0.14362572375821,0.0709476676973573,0.238062482432595,NA,NA,NA,NA,0.0394800000000006,32.52,208.84,2.58,0.68,1.9,0.0212806433512816,0.0112375362491935,0.0228923392250422,0.013386117144715,0.00731355683966317,0.0148778325587224,0.0158550571400276,NA,NA,NA,NA,0.000486687421724288,1.19633109163312,11.6928858626936,1.24147029156903,0.206402568302868,1.04924215074934,100
"sps","R02","locom","single",0.0386666666666667,0.0245978418442199,0.107857142857143,0.0383587489921799,0.158528994812475,0.0505904169388477,0.082392336962345,NA,NA,NA,NA,256.52723,32.52,208.84,0.65,0.58,0.07,0.0162453135778767,0.00443502798519207,0.0271080572337751,0.0061853586790804,0.00747794634125146,0.0024602926218535,0.00442280600306464,NA,NA,NA,NA,16.7593985395251,1.19633109163312,11.6928858626936,0.100879966677075,0.0912096043144137,0.0256432399976243,100
"sps","R02","locom2","single",0.0483333333333333,0.0145611774945201,0.0883333333333333,0.0210608879050001,0.144246387156841,0.0453469020984815,0.0879837571230118,NA,NA,NA,NA,33.83704,32.52,208.84,0.49,0.4,0.09,0.0191419471688264,0.00272334541754261,0.0246416517075797,0.00378088186325374,0.00672192128521146,0.00209218992919358,0.00471480333215121,NA,NA,NA,NA,2.28484805855683,1.19633109163312,11.6928858626936,0.0846800275785682,0.0710669054518701,0.0350900716914789,100
"sps","R02","logistic_presence","single",0.022,0.0219449481753669,0.0613333333333333,0.0325878554921839,0.111359919998032,0.04783875795768,0.108733196798678,NA,NA,NA,NA,0.32269,32.44,208.1,0.63,0.59,0.04,0.0122746350930146,0.00331561436191636,0.0200208645376521,0.0044071027591969,0.00704082754114154,0.00249042673456359,0.00432242445507744,NA,NA,NA,NA,0.0171891714504079,1.20447985336896,11.6830577497434,0.0883690608136745,0.0817670996541921,0.0196946385566932,100
"sps","R02","maaslin3","abundance",0.136084776334776,0.0690500902048851,0.275907941731471,0.101546971414626,0.198961549659489,0.047782094818345,0.0877433484370457,NA,NA,NA,NA,6.1452,32.52,208.84,3.02,2.38,0.64,0.0218097730817161,0.00521649147982419,0.024930938982892,0.00652624113961661,0.00798584244464205,0.0028812656005891,0.00547570182926119,NA,NA,NA,NA,0.300695314095833,1.19633109163312,11.6928858626936,0.283548937575156,0.212621919867357,0.105906381376013,100
"sps","R02","maaslin3","combined",0.188518357459534,0.0971894091697179,0.323755691182057,0.148445755135736,0.215639078533482,0.0540965457272781,0.102854399920962,NA,NA,NA,NA,6.1452,32.52,208.84,4.51,3.28,1.23,0.0214122324875583,0.00636492286833524,0.0243097136519691,0.00819813195486761,0.00790531451704624,0.00241787591023103,0.00478488465586488,NA,NA,NA,NA,0.300695314095833,1.19633109163312,11.6928858626936,0.379392124112222,0.259401019444583,0.167485865527558,100
"sps","R02","maaslin3","presence",0.65,NA,0.81,NA,NA,0.0581915445528857,0.07370039536063,0.112012525020249,NA,NA,NA,6.1452,0,208.24,1.33,NA,1.33,0.0479372485441102,NA,0.0394277244403663,NA,NA,0.00249134715975169,0.00395800781008981,0.00732309047851732,NA,NA,NA,0.300695314095833,0,11.6844204309876,0.14146063449282,NA,0.14146063449282,100
"sps","R02","pursue","abundance",0.0638253968253968,0.0520024549989666,0.107099567099567,0.0701103735200427,0.196073973362224,0.0517703344747614,0.0907706143489957,NA,NA,NA,NA,12.42254,32.52,208.84,1.88,1.58,0.3,0.0156374177314098,0.005106357025534,0.0196548741725385,0.00660922027964642,0.00780096802157514,0.00328685159955217,0.00576875511821021,NA,NA,NA,NA,0.68475362677227,1.19633109163312,11.6928858626936,0.196576764248535,0.154514554248936,0.0893297149877799,100
"sps","R02","pursue","combined",0.0494166666666667,0.0480329292706728,0.0697142857142857,0.0624129114555747,0.194158886183152,0.0403190586489407,0.17724436613124,NA,NA,NA,NA,12.42254,32.52,208.84,1.55,1.38,0.17,0.0159264297449867,0.00553331369301961,0.015815048554539,0.00673457750529376,0.00852482778434868,0.00275487682408012,0.00724683622076567,NA,NA,NA,NA,0.68475362677227,1.19633109163312,11.6928858626936,0.166590891865448,0.141264134002781,0.0620442982835244,100
"sps","R02","pursue","presence",0.15,NA,0.2,NA,NA,0.0314517689544612,0.298288287010407,0.0602239698305163,NA,NA,NA,12.42254,0,208.1,0.18,NA,0.18,0.0358870281282637,NA,0.0402015126103685,NA,NA,0.0022279725586659,0.0112087500106751,0.0057766178478369,NA,NA,NA,0.68475362677227,0,11.6830577497434,0.045792681696639,NA,0.045792681696639,100
"sps","R02","wilcoxon_tss","single",0.0166666666666667,0.0208986973009171,0.0465238095238095,0.027979041847158,0.124871661869227,0.0483748566849877,0.0805890363956971,NA,NA,NA,NA,0.182900000000001,32.52,208.84,0.53,0.49,0.04,0.00870388279778489,0.00447986074798279,0.0154965241786167,0.00506698259333348,0.0070861564656986,0.00263795898750119,0.00491436684699055,NA,NA,NA,NA,0.00783760038519318,1.19633109163312,11.6928858626936,0.0989388138643722,0.0904478196575687,0.0196946385566932,100
"sps","R02","zicoseq","single",0.0483333333333333,0.0133300169893501,0.075,0.0235803321896575,0.124523178337911,0.0559914403226158,0.103845528306667,NA,NA,NA,NA,77.34387,31.9,207.37,0.42,0.360824742268041,0.07,0.0204185991664265,0.00273030225243651,0.0234047727921049,0.00471019507757941,0.00668685047905524,0.00407217628902313,0.00651992457314597,NA,NA,NA,NA,3.95111572951377,1.30573714619348,11.9233973787048,0.0780830948219248,0.0690285547305865,0.0293188669562103,100
"sps","R03","adapt","single",0.0342857142857143,0.0335516280953934,0.089297619047619,0.0475786322555758,0.148166525961962,0.0487552860075907,0.0889685621598291,NA,NA,NA,NA,0.42567999999999,32.58,202.01,0.96,0.88,0.08,0.016099822600753,0.00460063081299329,0.0207694960590661,0.00567475104139742,0.00690554221983961,0.00277955952003155,0.0048679718870468,NA,NA,NA,NA,0.0143734244107976,1.21115855712828,11.7572371436714,0.116272059924953,0.102769723954169,0.0393892771133865,100
"sps","R03","aldex2","single",0,0.0331416519039245,0,0.0366776540411598,0.182343719652193,0.00450103804906759,0.316965099179818,NA,NA,NA,NA,32.38385,32.58,202.01,0.86,0.86,0,0,0.004851323816021,0,0.00518109725986253,0.00706987935168728,0.000862483332326348,0.00379186417478499,NA,NA,NA,NA,1.9058265269386,1.21115855712828,11.7572371436714,0.104465933744601,0.104465933744601,0,100
"sps","R03","ancombc2","single",0.005,0.021571591706859,0.005,0.021571591706859,0.191356987173924,0.482323409677179,0.465804203830104,NA,NA,NA,NA,44.23434,32.58,202.01,0.57,0.56,0.01,0.005,0.00310374300839246,0.005,0.00310374300839246,0.00825115984218272,0.00573358069803706,0.00525565522785007,NA,NA,NA,NA,2.58652040605782,1.21115855712828,11.7572371436714,0.0714284271282814,0.0700937323384289,0.01,100
"sps","R03","corncob","single",0.379264836952605,0.232656771558827,0.434851234826738,0.273807233770665,0.230963491442964,0.141292335714731,0.151830877626839,NA,NA,NA,NA,53.06166,32.58,202.01,12.75,7.18,5.57,0.0215212125165668,0.0103415396032309,0.0192085980322315,0.0111493101786942,0.00783602212661357,0.00698686725200221,0.00824624686618357,NA,NA,NA,NA,3.54149898715276,1.21115855712828,11.7572371436714,0.672455923980873,0.338559038015857,0.478266017858664,100
"sps","R03","fastancom","single",0.0075,0.0398505663077744,0.029,0.0473370482880382,0.195798133300905,0.0298988409388936,0.164672854350547,NA,NA,NA,NA,0.0429500000000013,32.58,202.01,1.11,1.09,0.02,0.00556753758384034,0.00465105436430671,0.0150618254490811,0.00547906080462733,0.00792875786755731,0.00374921871808026,0.00879632685889676,NA,NA,NA,NA,0.00102999215452576,1.21115855712828,11.7572371436714,0.114499349387239,0.11200198410941,0.014070529413629,100
"sps","R03","ldm","single",0.0673333333333333,0.0841107735153246,0.091474580974581,0.116051250658239,0.244525581755014,0.0486529618261818,0.0950031445808761,NA,NA,NA,NA,43.47711,32.58,202.01,2.69,2.45,0.24,0.0171461663739844,0.00659465524972656,0.0162040785576496,0.00784875385055678,0.00735347634247148,0.00281551369526543,0.00626518739366394,NA,NA,NA,NA,1.49098644222135,1.21115855712828,11.7572371436714,0.210192312135359,0.194559850312276,0.0605029425780768,100
"sps","R03","limma_logtss","single",0.0724182292942127,0.0798316017609638,0.0840479036854669,0.102536215663496,0.182112539530654,0.0927532899782031,0.253912212171214,NA,NA,NA,NA,0.0411600000000007,32.41,201.63,4.75,1.83838383838384,2.93,0.0214367181443099,0.0144717340352576,0.0227021264320986,0.0185822147558242,0.00684293591074186,0.0187290226424478,0.0179369129493681,NA,NA,NA,NA,0.000481311340049991,1.24471367037248,11.8167716369232,1.38128727839452,0.256720460637098,1.16352433962031,100
"sps","R03","linda","single",0.029,0.0705569842689037,0.0653333333333333,0.0840579922443047,0.192938801890412,0.0498436256456552,0.0795383843542505,NA,NA,NA,NA,0.176119999999999,32.07,200.76,1.87,1.84536082474227,0.08,0.0126300640742048,0.00676892594925707,0.0158090456994066,0.0069303726010836,0.00659829605784231,0.00242819926586912,0.00421758748706131,NA,NA,NA,NA,0.00781430028146391,1.30850018237398,11.9494568576115,0.151527575248224,0.144590461898971,0.0307482445914323,100
"sps","R03","lm_logtss","single",0.0627120864237724,0.0803901336903854,0.0837974394007414,0.10419986386394,0.183461860454689,0.0931565740276405,0.253449947970232,NA,NA,NA,NA,0.04127,32.41,201.63,4.82,1.84848484848485,2.99,0.0206055578589841,0.0145145360842104,0.0227007520117206,0.0186233408593613,0.00673211989827873,0.0187969523259847,0.0180315499308982,NA,NA,NA,NA,0.000400468160375737,1.24471367037248,11.8167716369232,1.41130929969087,0.25778484728934,1.1924421083718,100
"sps","R03","locom","single",0.0500952380952381,0.0821146185554813,0.0831014541014541,0.110708170533783,0.245162785367761,0.0493876393697263,0.0849349166150112,NA,NA,NA,NA,464.07244,32.41,201.63,2.67,2.53535353535354,0.16,0.0161626307687888,0.00719252816881938,0.0166849187262349,0.00814658328804602,0.0078456041074592,0.00244148563775876,0.00514359943292896,NA,NA,NA,NA,31.7362914566793,1.24471367037248,11.8167716369232,0.234867252427039,0.221179691307459,0.0394917201397452,100
"sps","R03","locom2","single",0.0465952380952381,0.0596554936270859,0.0896839826839827,0.081130735470787,0.217250322595086,0.0458205243309017,0.0873810367815501,NA,NA,NA,NA,56.31914,32.41,201.63,2.14,1.96969696969697,0.19,0.0152484728596551,0.00511298431377093,0.0192499500470628,0.00638339072564094,0.00773339243746701,0.0022180077399828,0.00529418886556091,NA,NA,NA,NA,4.26790053759362,1.24471367037248,11.8167716369232,0.215096877398689,0.192336449277256,0.0580751863770343,100
"sps","R03","logistic_presence","single",0.0668333333333333,0.0433552535942344,0.11175,0.0509638092153998,0.137211653912405,0.0524183115612171,0.0961309195679328,NA,NA,NA,NA,0.41526,32.48,201.25,1.34,1.18,0.16,0.0184918081781358,0.00506866664725614,0.0216547153648083,0.00543118455452665,0.00727108820044447,0.00239007394908948,0.00537829336331429,NA,NA,NA,NA,0.0231783363675583,1.22296873437244,11.7439120269597,0.135004676312573,0.119240017687779,0.0394917201397452,100
"sps","R03","maaslin3","abundance",0.139623334182158,0.170537667482802,0.240924466848137,0.220078583079309,0.285438289854592,0.0497911958140384,0.0819613570610863,NA,NA,NA,NA,7.34287,32.58,202.01,7.26,5.92,1.34,0.0167496643600688,0.0080491539878226,0.018752625183832,0.00845899194166148,0.00838121679702956,0.0026667216566242,0.00483678941884227,NA,NA,NA,NA,0.371506918693816,1.21115855712828,11.7572371436714,0.530793193382709,0.407178019291242,0.167705851195635,100
"sps","R03","maaslin3","combined",0.20201682394459,0.229440004473816,0.322602488302654,0.295640343091675,0.30515295798657,0.0603386464150146,0.106760101741238,NA,NA,NA,NA,7.34287,32.58,202.01,10.59,7.73,2.86,0.0165182075727489,0.00859901952478596,0.0189666883761487,0.00920402705318741,0.0084077332200057,0.00269269222541588,0.00512068881614445,NA,NA,NA,NA,0.371506918693816,1.21115855712828,11.7572371436714,0.690351250078428,0.447632379832768,0.297470820230975,100
"sps","R03","maaslin3","presence",0.9,NA,0.99,NA,NA,0.0707829362950464,0.0830403882762989,0.149582312127199,NA,NA,NA,7.34287,0,201.45,3.33,NA,3.33,0.0301511344577764,NA,0.01,NA,NA,0.00281225520427857,0.00526718486470248,0.00726334164222831,NA,NA,NA,0.371506918693816,0,11.7468790181336,0.239551348326092,NA,0.239551348326092,100
"sps","R03","pursue","abundance",0.0421103587770254,0.13605273624379,0.0873504268557745,0.167444607500567,0.285740620852642,0.0521895391088549,0.0814002441012964,NA,NA,NA,NA,18.7561111111111,32.7373737373737,203.666666666667,4.47474747474747,4.27272727272727,0.202020202020202,0.0108819440827073,0.00843493946330974,0.0138021953223942,0.010043570280476,0.0085923959518754,0.00279294205047335,0.00460475400979064,NA,NA,NA,NA,1.09132536294282,1.21308283163947,11.7581096984896,0.309388393402629,0.300421672257965,0.0475753002073147,99
"sps","R03","pursue","combined",0.0474758406576588,0.115973039185412,0.0741093543678214,0.145382028681409,0.284593634657261,0.0394081125904027,0.170751428148922,NA,NA,NA,NA,18.7561111111111,32.7373737373737,203.666666666667,3.82828282828283,3.60606060606061,0.222222222222222,0.0114207015866562,0.00824990912375621,0.0132571967375456,0.00887676212928635,0.00891428549446971,0.00253144629580084,0.00688935643200716,NA,NA,NA,NA,1.09132536294282,1.21308283163947,11.7581096984896,0.290025341708813,0.270831035837525,0.0508747548738938,99
"sps","R03","pursue","presence",0.252525252525253,NA,0.333333333333333,NA,NA,0.0350487560120119,0.335668214383535,0.0743443861038593,NA,NA,NA,18.7561111111111,0,202.89898989899,0.414141414141414,NA,0.414141414141414,0.0438871755432772,NA,0.0476190476190476,NA,NA,0.00272330420734085,0.0121782859303528,0.0063008436932756,NA,NA,NA,1.09132536294282,0,11.745615856435,0.0984418926453711,NA,0.0984418926453711,99
"sps","R03","pursue","single",0,NA,0,NA,NA,NA,NA,NA,NA,NA,NA,0.0240000000000009,0,0,0,NA,0,NA,NA,NA,NA,NA,NA,NA,NA,NA,NA,NA,NA,NA,NA,NA,NA,NA,1
"sps","R03","wilcoxon_tss","single",0.0646666666666666,0.04775153705229,0.0766071428571428,0.0595013032262906,0.155272099906254,0.0530776345358948,0.0882753017937424,NA,NA,NA,NA,0.240400000000001,32.58,202.01,1.41,1.21,0.2,0.0176943750692391,0.00600926368975728,0.017482885642774,0.00711674047680282,0.00656808629337973,0.00246863285350804,0.00541278132073725,NA,NA,NA,NA,0.0113247293543598,1.21115855712828,11.7572371436714,0.16023656753612,0.132035348802256,0.0492365963917331,100
"sps","R03","zicoseq","single",0.0981327254305978,0.0436600427110991,0.154792568542569,0.0633065977668294,0.158046690384274,0.0746646813407542,0.134602253611355,NA,NA,NA,NA,120.09119,32.07,200.76,1.98,1.27835051546392,0.74,0.021561829233856,0.00602031291324413,0.0251561778394373,0.00854322122357913,0.00629280229371411,0.00833162535821876,0.0108718705637636,NA,NA,NA,NA,7.13711039934676,1.30850018237398,11.9494568576115,0.495225690820342,0.167572026393057,0.387590328344584,100
"sps","R04","adapt","single",0.0266666666666667,0.00354359383306752,0.055,0.00500824029771398,0.0769693207909613,0.0447138864346024,0.107575557339815,NA,NA,NA,NA,0.258449999999999,15.6,102.76,0.1,0.06,0.04,0.0154832373788765,0.00145315491485819,0.0213273087031806,0.00219118281248115,0.00693200325598173,0.0028859854539923,0.00715542889539542,NA,NA,NA,NA,0.00353777236878435,0.360415024518942,4.38095326557491,0.0389249472080761,0.0238683256575942,0.0242878362539562,100
"sps","R04","aldex2","single",0,0.00235515258735073,0,0.00235515258735073,0.106559397859171,0.00487839390244121,0.324443616932343,NA,NA,NA,NA,3.57999,15.61,103.01,0.04,0.04,0,0,0.00116981135761452,0,0.00116981135761452,0.00761867293808256,0.000906086920707057,0.00477110096031638,NA,NA,NA,NA,0.136973453518143,0.360665770457633,4.3756556795825,0.0196946385566932,0.0196946385566932,0,100
"sps","R04","ancombc2","single",0.01,0.0012406015037594,0.01,0.0012406015037594,0.0997246645100503,0.470551842110739,0.473649563413534,NA,NA,NA,NA,18.7857,15.61,103.01,0.03,0.02,0.01,0.01,0.00088295959559037,0.01,0.00088295959559037,0.00788250735706641,0.00740351839083952,0.00586603360491067,NA,NA,NA,NA,0.846443246052491,0.360665770457633,4.3756556795825,0.0171446607997765,0.014070529413629,0.01,100
"sps","R04","corncob","single",0.562746531246531,0.0766080520356836,0.634545593295593,0.110620452131288,0.0999914149992896,0.136942692461273,0.167677232032805,NA,NA,NA,NA,4.45897,15.6,102.86,3.56,1.12,2.44,0.0382827704251957,0.009067280582114,0.0308463462075451,0.0114544928970471,0.00785136076634637,0.00731946603973438,0.00945525273304496,NA,NA,NA,NA,0.203914151799331,0.361534328531981,4.36748824100919,0.29347104205569,0.115714731084244,0.237971223113853,100
"sps","R04","fastancom","single",0.01,0.00285515258735073,0.0226923076923077,0.00730303700427539,0.103703392768215,0.0369690688895143,0.175823475063487,NA,NA,NA,NA,0.0300699999999974,15.61,103.01,0.06,0.05,0.01,0.01,0.00126280211922917,0.0134473229414643,0.00360429571863892,0.00846157573984617,0.00580943954356844,0.0109126095297186,NA,NA,NA,NA,0.000278616712935811,0.360665770457633,4.3756556795825,0.0238683256575942,0.021904291355759,0.01,100
"sps","R04","ldm","single",0.04,0.00766846792698186,0.14,0.00819478371645554,0.0979811171118871,0.0479185275892994,0.112180767799928,NA,NA,NA,NA,6.05562,15.61,103.01,0.19,0.12,0.07,0.0196946385566932,0.00216992479619224,0.0348735088019777,0.00221450803918175,0.00796227855313818,0.00291646451302671,0.0059646827572755,NA,NA,NA,NA,0.364290993347823,0.360665770457633,4.3756556795825,0.0486068540704525,0.032659863237109,0.0382838943376528,100
"sps","R04","limma_logtss","single",0.0575378743961353,0.0216295677532804,0.0793187034086152,0.0398229991472552,0.102739814243353,0.0755979537334265,0.281751716702747,NA,NA,NA,NA,0.03684,15.42,102.43,2.49,0.346938775510204,2.15,0.0214473630258008,0.00825207961740792,0.024300822567051,0.0133216721856808,0.00783892233382515,0.0151565345180827,0.0154537470711879,NA,NA,NA,NA,0.000481311340049884,0.413943830669688,4.49213127973164,1.45369574297076,0.145846514274893,1.31582251420505,100
"sps","R04","linda","single",0.055,0.0078534410133119,0.0683333333333333,0.0148224269856573,0.102837778394927,0.0519881234096515,0.103939396076006,NA,NA,NA,NA,0.10447,15,101.29,0.19,0.127659574468085,0.07,0.0223550324255519,0.00235494640803441,0.0244002125066642,0.00416419770604429,0.00825253408876709,0.00297534302511431,0.00555410039427598,NA,NA,NA,NA,0.00329754898264294,0.505325177834566,4.70993566191662,0.0464823198711732,0.0377654338256094,0.0293188669562103,100
"sps","R04","lm_logtss","single",0.0446307511737089,0.0214274356183751,0.062707460353478,0.0359379607215584,0.106449014927128,0.0755178712436283,0.281292728174871,NA,NA,NA,NA,0.0389399999999998,15.42,102.43,2.44,0.336734693877551,2.11,0.0183121537286874,0.0077997842364458,0.0216606905516503,0.0122849125389926,0.00855907258055574,0.0151397701818196,0.0153079538972104,NA,NA,NA,NA,0.000511251188534316,0.413943830669688,4.49213127973164,1.44902056785285,0.134469430271237,1.32473706177048,100
"sps","R04","locom","single",0.08,0.0100453155568623,0.115,0.014735070246617,0.10915748086466,0.0466498739567092,0.106695026735906,NA,NA,NA,NA,66.19524,15.42,102.43,0.22,0.122448979591837,0.1,0.0272659924344291,0.00379631206822576,0.0308589164954431,0.00457300087195129,0.00821852415291194,0.00291782632198424,0.00616631123458444,NA,NA,NA,NA,4.53678869383945,0.413943830669688,4.49213127973164,0.0523778039195454,0.0390969655688841,0.0389249472080761,100
"sps","R04","locom2","single",0.12,0.00508760736536057,0.153333333333333,0.00872114097930739,0.0937533919003274,0.0427368217604786,0.111581111690233,NA,NA,NA,NA,10.89299,15.42,102.43,0.21,0.0714285714285714,0.14,0.032659863237109,0.00194813585345165,0.0351906782882035,0.00264173997637639,0.00784559716145768,0.0027935833069747,0.00626871216273123,NA,NA,NA,NA,0.592442064591956,0.413943830669688,4.49213127973164,0.0477683805651624,0.0261491618623928,0.042687494916219,100
"sps","R04","logistic_presence","single",0.085,0.00464964872588712,0.133333333333333,0.00960518235634334,0.0903971610036425,0.0552982900212523,0.146547231586784,NA,NA,NA,NA,0.14156,15.54,102.32,0.2,0.08,0.12,0.0275745087962331,0.0016015191956923,0.0327388057992765,0.0027286307460441,0.00692465931574543,0.00293406530944756,0.00442364375254424,NA,NA,NA,NA,0.00480665195643526,0.363601513481532,4.35198503413945,0.0512470743190538,0.0272659924344291,0.0432983541805861,100
"sps","R04","maaslin3","abundance",0.05,0.0104452014273996,0.1225,0.0233679608145552,0.131841783032432,0.0459971649489269,0.108043820678102,NA,NA,NA,NA,3.36786,15.61,102.97,0.19,0.14,0.05,0.021904291355759,0.0028297235713896,0.0310780623526622,0.00437884934311667,0.00879442232145148,0.00302708122659106,0.00620154322898749,NA,NA,NA,NA,0.111847050163619,0.360665770457633,4.37493907605488,0.0394277244403663,0.0348735088019777,0.021904291355759,100
"sps","R04","maaslin3","combined",0.055,0.012108305265426,0.158666666666667,0.0320262897577139,0.132224043361192,0.0462342811056522,0.119845652689751,NA,NA,NA,NA,3.36786,15.61,103.01,0.24,0.18,0.06,0.0223550324255519,0.00307266145283908,0.0333665491072511,0.00561463915108789,0.008578846129132,0.0027776179637743,0.00523170654266712,NA,NA,NA,NA,0.111847050163619,0.360665770457633,4.3756556795825,0.0514830559553826,0.045792681696639,0.0238683256575942,100
"sps","R04","maaslin3","presence",0.01,NA,0.12,NA,NA,0.0446547978160824,0.10361905641521,0.0808643983295686,NA,NA,NA,3.36786,0,102.57,0.01,NA,0.01,0.01,NA,0.032659863237109,NA,NA,0.00218902154268135,0.00435300356452136,0.00657213181638942,NA,NA,NA,0.111847050163619,0,4.3546852743205,0.01,NA,0.01,100
"sps","R04","pursue","abundance",0.0909863945578231,0.0286236213994159,0.156972789115646,0.0368741268524866,0.128597604474088,0.0550173233325896,0.109813776038344,NA,NA,NA,NA,4.74547959183673,15.734693877551,104.479591836735,0.540816326530612,0.377551020408163,0.163265306122449,0.0255867950446984,0.00504138132061328,0.0314198708124022,0.00590285015439216,0.00834518590273567,0.00366276029849688,0.00643141735711595,NA,NA,NA,NA,0.199766062546515,0.356936912759573,4.33103745771104,0.0896123537361279,0.0624139316867521,0.0474333388997607,98
"sps","R04","pursue","combined",0.0748299319727891,0.0228527582756116,0.136904761904762,0.0327417721562221,0.117913057227953,0.044647602705348,0.184631560145434,NA,NA,NA,NA,4.74547959183673,15.734693877551,104.520408163265,0.397959183673469,0.295918367346939,0.102040816326531,0.0252535184322684,0.00484386428892321,0.0307755702976093,0.00582392146794723,0.00786028599271058,0.00342379396456474,0.00861382373953213,NA,NA,NA,NA,0.199766062546515,0.356936912759573,4.33164464100983,0.0691686619138047,0.0583978239607919,0.0339855414065058,98
"sps","R04","pursue","presence",0.0612244897959184,NA,0.122448979591837,NA,NA,0.0323248692931427,0.266212537548682,0.0473050755258375,NA,NA,NA,4.74547959183673,0,103.816326530612,0.0816326530612245,NA,0.0816326530612245,0.024342074991636,NA,0.0332834169706912,NA,NA,0.00217662049336489,0.010459604973529,0.0057941436739812,NA,NA,NA,0.199766062546515,0,4.3092712165265,0.0374707105976669,NA,0.0374707105976669,98
"sps","R04","pursue","single",0,NA,0,NA,NA,NA,NA,NA,NA,NA,NA,0.0295000000000023,0,0,0,NA,0,0,NA,0,NA,NA,NA,NA,NA,NA,NA,NA,0.0014999999999965,0,0,0,NA,0,2
"sps","R04","wilcoxon_tss","single",0.02,0.00421261865069914,0.07,0.00560150753958803,0.0915145939152267,0.046504139327281,0.110450294968258,NA,NA,NA,NA,0.0979100000000005,15.61,103.01,0.09,0.0699999999999999,0.02,0.014070529413629,0.00177313229792437,0.0246388049034588,0.00200487720373552,0.00700779595907952,0.00273560023703177,0.00589881895820748,NA,NA,NA,NA,0.00253532995481811,0.360665770457633,4.3756556795825,0.0320825954263823,0.0293188669562102,0.014070529413629,100
"sps","R04","zicoseq","single",0.0755,0.00880854058551509,0.111461538461538,0.0149495922052901,0.0785177074301204,0.0689159828715217,0.140718902964924,NA,NA,NA,NA,32.73841,15,101.29,0.34,0.127659574468085,0.22,0.0246336285708309,0.00269529225007608,0.0288563297254905,0.00397610348723597,0.00592299538960257,0.00563762461822811,0.00920882411911231,NA,NA,NA,NA,1.42001817637357,0.505325177834566,4.70993566191662,0.113012022244172,0.0377654338256095,0.0859645216929577,100
"sps","R05","adapt","single",0.065,0.00139402840740807,0.09,0.00270460660685927,0.078419204073336,0.0537474676508522,0.0765542574381826,NA,NA,NA,NA,0.468749999999995,50.24,350.31,0.13,0.06,0.07,0.0242618293546955,0.000646916742409632,0.0278705521432152,0.00086821365697827,0.00493476983933046,0.00255133591400789,0.00473065413685539,NA,NA,NA,NA,0.0214186616215056,3.23722415072237,27.1281347674254,0.0366666666666667,0.0238683256575942,0.0256432399976243,100
"sps","R05","aldex2","single",0,0.000704524674426075,0,0.00138203144949383,0.105762879898067,0.0054444533500887,0.312437588951047,NA,NA,NA,NA,13.64089,50.27,350.58,0.03,0.03,0,0,0.000500487900890435,0,0.000770087869558911,0.00639526218821812,0.00124020891965168,0.00353958168739491,NA,NA,NA,NA,1.08700074460263,3.23396916584815,27.1048289707822,0.0171446607997765,0.0171446607997765,0,100
"sps","R05","ancombc2","single",0,0.000121951219512195,0,0.000121951219512195,0.107240707687388,0.489371128631267,0.479293541641517,NA,NA,NA,NA,66.21863,50.27,350.58,0.01,0.00999999999999999,0,0,0.000121951219512195,0,0.000121951219512195,0.00550152396638142,0.00611323051476733,0.0049780112222686,NA,NA,NA,NA,5.4519203566712,3.23396916584815,27.1048289707822,0.01,0.00999999999999999,0,100
"sps","R05","corncob","single",0.491902840365812,0.0714670031738002,0.582215835226126,0.102525152166997,0.10548055709351,0.128735494838092,0.136028760922895,NA,NA,NA,NA,14.47635,50.22,350.37,9.68,3.31,6.37,0.0316175476610309,0.00660412144492042,0.026952897324988,0.00857158600153141,0.00522914289869634,0.00542911577638687,0.00712498377092774,NA,NA,NA,NA,1.15616761195963,3.22970993475053,27.0861873740962,1.19018545367578,0.346612758046215,0.880960793220628,100
"sps","R05","fastancom","single",0.02,0.00108006457046191,0.02,0.00288958837998572,0.0970198466587983,0.0296264273238682,0.142701427253872,NA,NA,NA,NA,0.0420400000000012,50.27,350.58,0.1,0.08,0.02,0.014070529413629,0.000445522219547078,0.014070529413629,0.00146653183943902,0.00525604423562218,0.00256211850786984,0.00842862595306006,NA,NA,NA,NA,0.00124226251719005,3.23396916584815,27.1048289707822,0.0333333333333333,0.0307482445914323,0.014070529413629,100
"sps","R05","ldm","single",0.035,0.00356311920185665,0.0616666666666667,0.00862472936886653,0.102203268255268,0.0502371836860379,0.0764220541647356,NA,NA,NA,NA,12.88702,50.27,350.58,0.16,0.1,0.06,0.0177738316327429,0.00122656850727224,0.0215367772000851,0.00227780067410667,0.00537484001554653,0.00231479076424672,0.00532246239351189,NA,NA,NA,NA,1.92398477460848,3.23396916584815,27.1048289707822,0.0443129367525598,0.0301511344577763,0.031204765240863,100
"sps","R05","limma_logtss","single",0.0373675889328063,0.00954479068860513,0.0698276073619632,0.0155808805839628,0.0931692142819516,0.0629137893467823,0.237307634643608,NA,NA,NA,NA,0.0385199999999993,50.27,350.58,1.63,0.27,1.36,0.0184489006505529,0.0058613498238757,0.0242597713276432,0.00883865457480697,0.00545301095765324,0.0111154365954112,0.0136362635209679,NA,NA,NA,NA,0.000475135281107875,3.23396916584815,27.1048289707822,1.18736232588427,0.177442550099627,1.01239988905251,100
"sps","R05","linda","single",0.03,0.00287966422669888,0.114166666666667,0.00903932377602061,0.0950480850037857,0.053673181120376,0.0785068075892342,NA,NA,NA,NA,0.23724,49.86,349.52,0.12,0.0918367346938775,0.03,0.0171446607997765,0.00110620819370104,0.0296503899282222,0.00211142709170538,0.004905770261224,0.00259173247375252,0.00481979422854046,NA,NA,NA,NA,0.0155255027732965,3.28455276539849,27.2323058298059,0.0356186309210063,0.032714149673581,0.0171446607997765,100
"sps","R05","lm_logtss","single",0.0556225930680359,0.00946316369622299,0.0622384608672891,0.0180173155156652,0.0953887498152484,0.0627651496816387,0.236755450796113,NA,NA,NA,NA,0.0389199999999993,50.27,350.58,1.68,0.27,1.41,0.0222020538155821,0.00585863995922522,0.023001507194944,0.00908301220955262,0.00541492311060456,0.0107193894764824,0.0137161723374174,NA,NA,NA,NA,0.000392011131567321,3.23396916584815,27.1048289707822,1.20762560256049,0.177442550099627,1.03153264415606,100
"sps","R05","locom","single",0.115,0.0071650624988756,0.137666666666667,0.0114241275781072,0.098670759596226,0.0530025279396632,0.0758580137606153,NA,NA,NA,NA,294.63307,50.27,350.58,0.35,0.2,0.15,0.0309497075842578,0.00204465897236927,0.0317702717701654,0.00267632854696919,0.00535200141102751,0.00272451444161507,0.00564517755255987,NA,NA,NA,NA,24.8986200921777,3.23396916584815,27.1048289707822,0.0672324476737388,0.0492365963917331,0.0411329453348431,100
"sps","R05","locom2","single",0.165,0.00601737473069059,0.2105,0.00712660664224904,0.0949653215818206,0.0408405423631332,0.092019710130926,NA,NA,NA,NA,48.43423,50.27,350.58,0.57,0.29,0.28,0.0343894151491202,0.00129559364654711,0.0369757822584613,0.00144135030901387,0.00484083956877422,0.00196478628554331,0.00581174891944852,NA,NA,NA,NA,4.83426827972701,3.23396916584815,27.1048289707822,0.0912926253009707,0.0555868598672293,0.0620849857416868,100
"sps","R05","logistic_presence","single",0.0453333333333333,0.00805381265152476,0.0896666666666667,0.00998870552390814,0.0837740321266201,0.0583985456732787,0.135124165812244,NA,NA,NA,NA,0.393270000000001,50.21,349.56,0.42,0.35,0.07,0.0186558410167005,0.00204613281948517,0.0261897376256876,0.00234429517857186,0.00491592100497443,0.00280594291048758,0.00287883362459284,NA,NA,NA,NA,0.0286762980825136,3.23966250268653,27.1358100276846,0.0854932214218818,0.0743660072230789,0.0256432399976243,100
"sps","R05","maaslin3","abundance",0.09,0.00808759149103692,0.222079365079365,0.0178542797070565,0.120477949839821,0.0451792144082859,0.0727838033280833,NA,NA,NA,NA,9.81891,50.24,350.5,0.52,0.38,0.14,0.0266350823056286,0.00165677546074971,0.036149813341626,0.00249050678588844,0.00577338278141083,0.00200431615610473,0.00485338683758532,NA,NA,NA,NA,0.726750399831714,3.23041480277376,27.0968539677486,0.0870156145281821,0.0693111852736656,0.0402517331328978,100
"sps","R05","maaslin3","combined",0.111666666666667,0.0146997593249013,0.254310217560218,0.02788975755719,0.132501620221959,0.0474973293343767,0.0972321476011386,NA,NA,NA,NA,9.81891,50.27,350.58,0.74,0.58,0.16,0.0294024858275539,0.00228657203688862,0.036119753006384,0.0031156385684368,0.00600564955962204,0.00211380130040375,0.00461313535899706,NA,NA,NA,NA,0.726750399831714,3.23396916584815,27.1048289707822,0.0916955877241692,0.0806288416201678,0.0394917201397452,100
"sps","R05","maaslin3","presence",0.1,NA,0.25,NA,NA,0.0426720137864462,0.0734526993490554,0.0723672384766246,NA,NA,NA,9.81891,0,349.95,0.11,NA,0.11,0.0301511344577764,NA,0.0435194139889245,NA,NA,0.0018776878532675,0.00365070684251227,0.00511653308733328,NA,NA,NA,0.726750399831714,0,27.1229128043044,0.034509550720186,NA,0.034509550720186,100
"sps","R05","pursue","abundance",0.0953333333333333,0.0164537450955737,0.146333333333333,0.0219603601660944,0.125238768289403,0.0521822933622011,0.0768390146554295,NA,NA,NA,NA,14.98595,50.24,350.5,0.72,0.58,0.14,0.0270470347273428,0.00341030550627458,0.0308207773142348,0.00386174631007733,0.00628828271545228,0.00239012028710529,0.00523055258084698,NA,NA,NA,NA,1.15134909951962,3.23041480277376,27.0968539677486,0.108320512061813,0.0996762435856887,0.0376587548676509,100
"sps","R05","pursue","combined",0.06,0.0122735932900349,0.144666666666667,0.017773871329493,0.121505327985143,0.0444489209880829,0.147661815656263,NA,NA,NA,NA,14.98595,50.27,350.58,0.52,0.42,0.1,0.0213555755263258,0.00273811107471278,0.0323750121875099,0.00348115846881508,0.0064871074539805,0.00222592713900506,0.0071631275615851,NA,NA,NA,NA,1.15134909951962,3.23396916584815,27.1048289707822,0.0915412364991755,0.079366176038599,0.0333333333333333,100
"sps","R05","pursue","presence",0.07,NA,0.14,NA,NA,0.0348189835081331,0.230516792922012,0.0503187747547057,NA,NA,NA,14.98595,0,349.56,0.08,NA,0.08,0.0256432399976243,NA,0.0348735088019777,NA,NA,0.00169274535642397,0.0101349996241831,0.00421316586188388,NA,NA,NA,1.15134909951962,0,27.1358100276846,0.0307482445914323,NA,0.0307482445914323,100
"sps","R05","wilcoxon_tss","single",0.02,0.00189547140885107,0.0433333333333333,0.00437412940002757,0.0850075399814629,0.0540157736400176,0.078752942867894,NA,NA,NA,NA,0.22207,50.27,350.58,0.09,0.07,0.02,0.014070529413629,0.000803556194803286,0.0193351909011248,0.0013661433663138,0.00546306126654173,0.00238083948402811,0.00423582172646959,NA,NA,NA,NA,0.0143938416615502,3.23396916584815,27.1048289707822,0.0287623491264661,0.0256432399976243,0.014070529413629,100
"sps","R05","zicoseq","single",0.0433333333333333,0.00375854273819419,0.0966666666666667,0.00868603434888222,0.0823164815601025,0.0544691923456986,0.0749703597480756,NA,NA,NA,NA,99.81985,49.86,349.52,0.21,0.153061224489796,0.06,0.0199071920746321,0.00129590753160154,0.0260503268428542,0.00207209487949307,0.0041633144982191,0.00263802015236394,0.00461872055635275,NA,NA,NA,NA,7.09282542897641,3.28455276539849,27.2323058298059,0.0537389875963326,0.0443577276061968,0.0277797979063414,100
"sps","R06","adapt","single",0.024,NA,0.052,NA,NA,0.0457807384504497,0.0763794787874981,NA,49.6773329134702,2157.83074812484,NA,0.340683999999998,0,203.54,0.028,NA,0.028,0.00969908702696427,NA,0.0140703910256417,NA,NA,0.00120822831685983,0.00285238527814672,NA,64.6261544754497,385.199099087242,NA,0.0057409709602352,0,7.2968234272534,0.0118924227504534,NA,0.0118924227504534,250
"sps","R06","aldex2","single",0,NA,0,NA,NA,0.00452917577897871,0.320533298488454,NA,-0.00136939954971702,0.409362740673332,NA,7.422644,0,203.78,0,NA,0,0,NA,0,NA,NA,0.000579242879920396,0.00219989927962834,NA,0.000785559081311917,0.00378229430277027,NA,0.268929986180276,0,7.28256640848375,0,NA,0,250
"sps","R06","ancombc2","single",0,NA,0,NA,NA,0.494290978479022,0.485603955702841,NA,0.0199629539730576,0.896223691510628,0.47121294784295,36.369532,0,203.78,0,NA,0,0,NA,0,NA,NA,0.00392584118682837,0.00326032687435667,NA,0.0114239358861577,0.00861607552592992,0.0038388864501977,1.42233014784959,0,7.28256640848375,0,NA,0,250
"sps","R06","corncob","single",0.72,NA,0.828,NA,NA,0.117648444912795,0.128331161765325,NA,NA,NA,NA,8.175968,0,203.596,3.82,NA,3.82,0.0284541482778323,NA,0.0239155139444862,NA,NA,0.00236206987547568,0.00326968438253498,NA,NA,NA,NA,0.291912220996264,0,7.27592299007004,0.300438768828627,NA,0.300438768828627,250
"sps","R06","fastancom","single",0,NA,0.016,NA,NA,0.0279829305300501,0.131781703128597,NA,2.87014980053922e-05,0.356430298409138,NA,0.0340600000000026,0,203.78,0,NA,0,0,NA,0.00795166118887435,NA,NA,0.00182975740772323,0.00418056959162901,NA,0.00981706047366057,0.00506450801484266,NA,0.00028004876224848,0,7.28256640848375,0,NA,0,250
"sps","R06","ldm","single",0.036,NA,0.08,NA,NA,0.0479972556845886,0.0759996179175507,NA,NA,NA,NA,6.01474,0,203.78,0.044,NA,0.044,0.0118056551692781,NA,0.017192507941463,NA,NA,0.00132560386548686,0.00241810402974894,NA,NA,NA,NA,0.227368928025193,0,7.28256640848375,0.0162885625233261,NA,0.0162885625233261,250
"sps","R06","limma_logtss","single",0.028,NA,0.04,NA,NA,0.0428589355325303,0.229459115541787,NA,-0.0145828482790659,0.428663484328907,0.95714106446747,0.0376679999999995,0,203.328,0.032,NA,0.032,0.0104547216519273,NA,0.0124184084113013,NA,NA,0.0044864895749392,0.00750037614226583,NA,0.0196787188656543,0.0092732973084591,0.0044864895749392,0.00026729175732548,0,7.32844280593356,0.0125111998018546,NA,0.0125111998018546,250
"sps","R06","linda","single",0.02,NA,0.072,NA,NA,0.0508544095076234,0.0756445259196243,NA,0.000160370027982062,0.315197972957892,0.946374655365464,0.155276,0,202.6,0.02,NA,0.02,0.00887213950734269,NA,0.0163810057504901,NA,NA,0.00161122552982195,0.00291443309912775,NA,0.00397504340553719,0.00378118368192566,0.00163359698456066,0.00411285370007648,0,7.40161927361074,0.00887213950734269,NA,0.00887213950734269,250
"sps","R06","lm_logtss","single",0.016,NA,0.02,NA,NA,0.0416673128180502,0.229503425229541,NA,-0.0145828482790659,0.428663484328907,0.95833268718195,0.0389480000000003,0,203.328,0.036,NA,0.036,0.00795166118887435,NA,0.00887213950734269,NA,NA,0.00439471510843641,0.00758495857171556,NA,0.0196787188656543,0.0092732973084591,0.00439471510843641,0.000332311461780248,0,7.32844280593356,0.0207009690710828,NA,0.0207009690710828,250
"sps","R06","locom","single",0.06,NA,0.124,NA,NA,0.0513051198668884,0.0755064938005532,NA,-0.00675320289681554,1.09130867346024,NA,160.310568,0,203.328,0.064,NA,0.064,0.0150501170791587,NA,0.0208863822586733,NA,NA,0.00151951556723521,0.00275744172682509,NA,0.00505793461617262,0.0101886910343161,NA,7.25829935300639,0,7.32844280593356,0.0165138374495221,NA,0.0165138374495221,250
"sps","R06","locom2","single",0.164,NA,0.22,NA,NA,0.0427274939814032,0.0848769594994625,NA,NA,NA,NA,23.64692,0,203.328,0.196,NA,0.196,0.0234652610020767,NA,0.0262517928246058,NA,NA,0.0012725802961481,0.00244201680025944,NA,NA,NA,NA,1.17078352635349,0,7.32844280593356,0.030364849684883,NA,0.030364849684883,250
"sps","R06","logistic_presence","single",0.052,NA,0.116,NA,NA,0.0575468463648513,0.133663205880195,NA,-0.00692014776430275,0.750163886359349,NA,0.239068,0,202.652,0.06,NA,0.06,0.0140703910256417,NA,0.0202934298030838,NA,NA,0.0014115100214615,0.00224484429947992,NA,0.00883579715162075,0.0292123862747321,NA,0.00750900272952195,0,7.27656824096784,0.0179691837951828,NA,0.0179691837951828,250
"sps","R06","maaslin3","abundance",0.072,NA,0.212,NA,NA,0.0463986498443483,0.0776845437918455,NA,-0.00224525796653016,0.898959215201667,NA,5.670292,0,203.744,0.084,NA,0.084,0.0163810057504901,NA,0.0259018846905411,NA,NA,0.00125243411176778,0.00277629036875836,NA,0.00744349298739255,0.00763814844540672,NA,0.170394018772602,0,7.2831009945205,0.0209171246689805,NA,0.0209171246689805,250
"sps","R06","maaslin3","combined",0.112,NA,0.292,NA,NA,0.047166486353141,0.0953782322639076,NA,NA,NA,NA,5.670292,0,203.78,0.128,NA,0.128,0.0199855369391715,NA,0.0288143204022056,NA,NA,0.00119780777642076,0.00257146937137417,NA,NA,NA,NA,0.170394018772602,0,7.28256640848375,0.0246758910354535,NA,0.0246758910354535,250
"sps","R06","maaslin3","presence",0.004,NA,0.028,NA,NA,0.0362536970894886,0.0861486140064706,NA,NA,NA,NA,5.670292,0,203.068,0.004,NA,0.004,0.004,NA,0.0104547216519273,NA,NA,0.00112568514159209,0.00283350617535678,NA,NA,NA,NA,0.170394018772602,0,7.27011580646123,0.004,NA,0.004,250
"sps","R06","pursue","abundance",0.0566801619433198,NA,0.117408906882591,NA,NA,0.0532738815018326,0.0774868694767851,NA,0.013088253939878,0.893203493182747,0.946726118498167,8.85908906882591,0,205.761133603239,0.0688259109311741,NA,0.0688259109311741,0.0147427150516829,NA,0.0205240346383028,NA,NA,0.00155872267254497,0.00289372862761892,NA,0.00804666809443231,0.00799238397475405,0.00155872267254497,0.311405734507506,0,7.2776283166961,0.0189544171752326,NA,0.0189544171752326,247
"sps","R06","pursue","combined",0.0404858299595142,NA,0.0931174089068826,NA,NA,0.0412889817288004,0.156744993038888,NA,NA,NA,NA,8.85908906882591,0,205.797570850202,0.0445344129554656,NA,0.0445344129554656,0.0125663648901685,NA,0.0185277814985369,NA,NA,0.00141919470691306,0.00463429412959476,NA,NA,NA,NA,0.311405734507506,0,7.27703916518213,0.0143487719383416,NA,0.0143487719383416,247
"sps","R06","pursue","presence",0.0323886639676113,NA,0.048582995951417,NA,NA,0.0282380998113056,0.255004204532751,NA,NA,NA,NA,8.85908906882591,0,204.655870445344,0.0364372469635627,NA,0.0364372469635627,0.0112870237052099,NA,0.0137075565854717,NA,NA,0.0011278757172172,0.00692357459370925,NA,NA,NA,NA,0.311405734507506,0,7.27217271865589,0.0132528168487899,NA,0.0132528168487899,247
"sps","R06","pursue","single",0,NA,0,NA,NA,NA,NA,NA,NA,NA,NA,0.0293333333333337,0,0,0,NA,0,0,NA,0,NA,NA,NA,NA,NA,NA,NA,NA,0.00218581284143504,0,0,0,NA,0,3
"sps","R06","wilcoxon_tss","single",0.012,NA,0.032,NA,NA,0.0505829901135396,0.0816218324409978,NA,-0.0200257939393203,1.72143498059577,NA,0.147452,0,203.78,0.012,NA,0.012,0.00690032302369427,NA,0.0111535468092308,NA,NA,0.0014249697867306,0.00271595881270991,NA,0.0177213114227242,0.0307880469043127,NA,0.00387024468991811,0,7.28256640848375,0.00690032302369427,NA,0.00690032302369427,250
"sps","R06","zicoseq","single",0.06,NA,0.12,NA,NA,0.0554768033005006,0.0897706753884233,NA,NA,NA,NA,58.277992,0,202.6,0.124,NA,0.124,0.0150501170791587,NA,0.02059360059684,NA,NA,0.00307221105393875,0.00431528204130095,NA,NA,NA,NA,1.93378029669539,0,7.40161927361074,0.0378447473184641,NA,0.0378447473184641,250
"sps","R07","adapt","single",0.035,0.00290909090909091,0.0716666666666667,0.00334387351778656,0.0797305486661332,0.0460350601853427,0.0807876085073481,NA,NA,NA,NA,0.343510000000002,16.16,210.47,0.07,0.03,0.04,0.0177738316327429,0.00166418548093891,0.0249865283568286,0.00171259956483739,0.00659208115325451,0.0019578540855639,0.00446250975413249,NA,NA,NA,NA,0.00924126117371532,0.599616038760967,11.679970380134,0.0293188669562103,0.0171446607997765,0.0196946385566932,100
"sps","R07","aldex2","single",0,0.00303030303030303,0,0.00369696969696969,0.116071163242694,0.00437066694134267,0.315106923044784,NA,NA,NA,NA,7.70234,16.16,210.69,0.04,0.04,0,0,0.00155234424587671,0,0.00192646632585699,0.00914917081740081,0.000761411733138077,0.00322828025297664,NA,NA,NA,NA,0.437052585010827,0.599616038760967,11.6601080699117,0.0196946385566932,0.0196946385566932,0,100
"sps","R07","ancombc2","single",0,0.00157575757575758,0,0.00157575757575758,0.115250846404985,0.489318202714997,0.482438220030655,NA,NA,NA,NA,37.50936,16.16,210.69,0.02,0.02,0,0,0.00112189441429615,0,0.00112189441429615,0.0079146336567226,0.00675391407434841,0.00526593266465982,NA,NA,NA,NA,2.20798905105981,0.599616038760967,11.6601080699117,0.014070529413629,0.014070529413629,0,100
"sps","R07","corncob","single",0.639001581751582,0.0841355250211119,0.691760351782298,0.108641460148786,0.117469261461892,0.132948811785814,0.144139880628703,NA,NA,NA,NA,8.28555,16.15,210.53,5.45,1.26,4.19,0.0351163952646309,0.00914568085751418,0.0310917620692127,0.0113905376002189,0.00685753850256221,0.0067634513357544,0.00820870994935818,NA,NA,NA,NA,0.448540073854651,0.600736080474478,11.6525148367295,0.513922330334226,0.130747655791412,0.440086079734133,100
"sps","R07","fastancom","single",0,0.00216399286987522,0,0.00553520499108734,0.108762608947324,0.0337383428651901,0.136927580205216,NA,NA,NA,NA,0.0338200000000025,16.16,210.69,0.03,0.03,0,0,0.00125934199399991,0,0.00233830022165578,0.00696967919604618,0.00384234274475565,0.00777502335936725,NA,NA,NA,NA,0.000427201369497973,0.599616038760967,11.6601080699117,0.0171446607997765,0.0171446607997765,0,100
"sps","R07","ldm","single",0.035,0.0105289302802461,0.0716666666666667,0.0169998989251278,0.116387360468913,0.0567005937982213,0.0828898809295894,NA,NA,NA,NA,7.7653,16.16,210.69,0.18,0.13,0.05,0.0177738316327429,0.00356306112389021,0.0249865283568286,0.00456472295601649,0.00646936432162544,0.00335211730459942,0.0052222317759765,NA,NA,NA,NA,0.541360484559433,0.599616038760967,11.6601080699117,0.0479477830456206,0.0393251147037698,0.0261116483933547,100
"sps","R07","limma_logtss","single",0.0595596880131363,0.0191116683827681,0.0623505992490257,0.032629454944033,0.111234662105715,0.0708405812364952,0.255664135053636,NA,NA,NA,NA,0.0372300000000001,16.16,210.69,2.94,0.24,2.7,0.021095926071989,0.00711528635886183,0.0216448208919075,0.0113685257616981,0.00796191455140079,0.0139816696762327,0.0154932443430849,NA,NA,NA,NA,0.000351577972442929,0.599616038760967,11.6601080699117,2.33678618982775,0.102612342967564,2.24317145617944,100
"sps","R07","linda","single",0.01,0.00848966687725116,0.03,0.0139324487330765,0.106001929806285,0.0517388580340518,0.0804318930289706,NA,NA,NA,NA,0.15532,16.05,210.25,0.13,0.111111111111111,0.02,0.00703526470681448,0.00275874786580214,0.0156023826204315,0.00358356629187473,0.00771241943277107,0.00268842883856156,0.00416895040124092,NA,NA,NA,NA,0.00590789370933562,0.618955620869591,11.7317266031437,0.0418148878808116,0.0348418368474737,0.014070529413629,100
"sps","R07","lm_logtss","single",0.0415678411274824,0.0191529339799161,0.0584453308906118,0.0315343569048173,0.111524264135362,0.069240945636896,0.253814753325287,NA,NA,NA,NA,0.0381399999999999,16.16,210.69,2.75,0.24,2.51,0.0186363841905578,0.00718713053264259,0.0215494801100248,0.0111657870315015,0.00771084846871669,0.0137643844003357,0.0155978299677908,NA,NA,NA,NA,0.000317509245868781,0.599616038760967,11.6601080699117,2.24321085711864,0.103592051487135,2.14995865593323,100
"sps","R07","locom","single",0.0483333333333333,0.00917855300238865,0.108333333333333,0.0146753062491419,0.117762544067177,0.0544109577363655,0.0783306588586804,NA,NA,NA,NA,168.89764,16.16,210.69,0.19,0.12,0.07,0.0204185991664265,0.00304041418999135,0.0296230527212381,0.00377347177814649,0.00780229487005404,0.00242401887929353,0.00373190048888755,NA,NA,NA,NA,11.5139196409163,0.599616038760967,11.6601080699117,0.0506423386569624,0.0356186309210063,0.0293188669562103,100
"sps","R07","locom2","single",0.181,0.00959611644394253,0.216666666666667,0.0146458088567928,0.104088340677757,0.0461573645971659,0.0953641477874193,NA,NA,NA,NA,24.18364,16.16,210.69,0.37,0.11,0.26,0.0373813273756248,0.00364564201996295,0.0385992097056273,0.00479215399032877,0.00682618543794202,0.00265388905649451,0.00501221495491172,NA,NA,NA,NA,1.82031670440818,0.599616038760967,11.6601080699117,0.0824559876478955,0.0399368187885502,0.0579445921340012,100
"sps","R07","logistic_presence","single",0.05,0.00564311594202899,0.0716666666666667,0.009091534914361,0.0792608759726517,0.0607895357101573,0.134794451479062,NA,NA,NA,NA,0.24144,16.13,209.42,0.12,0.07,0.05,0.021904291355759,0.00218178923663405,0.0249865283568286,0.00268724700529391,0.00698374153007093,0.00260527364751775,0.00360167968397168,NA,NA,NA,NA,0.011554021731926,0.602964896711796,11.6652222482476,0.032659863237109,0.0256432399976243,0.021904291355759,100
"sps","R07","maaslin3","abundance",0.116666666666667,0.00860168908767307,0.254166666666667,0.0232003799676939,0.141237111631302,0.0490689825273846,0.0743203062778718,NA,NA,NA,NA,5.73233,16.15,210.65,0.26,0.12,0.14,0.0319142369252113,0.00248782670996718,0.0406763628943948,0.0045764953835009,0.00880494827902746,0.00242195341122014,0.00383891144258332,NA,NA,NA,NA,0.266335941146637,0.600736080474478,11.6593516028114,0.0524548868220603,0.032659863237109,0.0402517331328978,100
"sps","R07","maaslin3","combined",0.128333333333333,0.0160835821945662,0.284809523809524,0.0340795284317394,0.148059938520687,0.0481715501939158,0.101236759095043,NA,NA,NA,NA,5.73233,16.16,210.69,0.37,0.2,0.17,0.0325544523548731,0.00365429658178729,0.0409726056639955,0.00531036497613489,0.00818593096014245,0.00254832713132945,0.00411504364082517,NA,NA,NA,NA,0.266335941146637,0.599616038760967,11.6601080699117,0.0645966506308746,0.0426401432711221,0.0450700913168936,100
"sps","R07","maaslin3","presence",0.03,NA,0.09,NA,NA,0.040927618989813,0.0773254953492207,0.0784608205198729,NA,NA,NA,5.73233,0,209.91,0.03,NA,0.03,0.0171446607997765,NA,0.0287623491264661,NA,NA,0.00246939191986716,0.00318618389355446,0.00794276586396847,NA,NA,NA,0.266335941146637,0,11.6451931818422,0.0171446607997765,NA,0.0171446607997765,100
"sps","R07","pursue","abundance",0.125,0.0174447482024713,0.187166666666667,0.0302377649683142,0.149266145596118,0.0542492274217038,0.0739291253137418,NA,NA,NA,NA,9.00197,16.15,210.65,0.42,0.23,0.19,0.0314827193260305,0.00460331732294247,0.0352829313025705,0.00628051509406854,0.00930123783296698,0.00254318760335187,0.0037355661427764,NA,NA,NA,NA,0.491914265227533,0.600736080474478,11.6593516028114,0.0854932214218818,0.0617178329908861,0.0506423386569624,100
"sps","R07","pursue","combined",0.09,0.0126744912854753,0.2,0.0189788391115622,0.131700886303595,0.0439660952890925,0.148014785270828,NA,NA,NA,NA,9.00197,16.16,210.69,0.27,0.16,0.11,0.0287623491264661,0.00333421674901261,0.0384353057392904,0.00475863653029544,0.0092853643931657,0.00218119896159851,0.00570661131908207,NA,NA,NA,NA,0.491914265227533,0.599616038760967,11.6601080699117,0.0529054808029367,0.041971611377408,0.0373219679669936,100
"sps","R07","pursue","presence",0.08,NA,0.11,NA,NA,0.0299354725975074,0.247480772237674,0.0443047186791163,NA,NA,NA,9.00197,0,209.42,0.09,NA,0.09,0.0272659924344291,NA,0.031446603773522,NA,NA,0.0017668545909907,0.0104106641585831,0.00592551840530122,NA,NA,NA,0.491914265227533,0,11.6652222482476,0.0320825954263823,NA,0.0320825954263823,100
"sps","R07","wilcoxon_tss","single",0.01,0.00518939393939394,0.021,0.00901515151515151,0.0811200218579505,0.0531425612616662,0.0860457750592956,NA,NA,NA,NA,0.14964,16.16,210.69,0.08,0.06,0.02,0.00703526470681448,0.00215489822162188,0.0125766337774349,0.00324564839743474,0.0068622198155451,0.00242859661813229,0.00418058871821248,NA,NA,NA,NA,0.00596233158921897,0.599616038760967,11.6601080699117,0.0338743966363203,0.0238683256575942,0.014070529413629,100
"sps","R07","zicoseq","single",0.06,0.00641996314901841,0.0856818181818182,0.0125377062364585,0.0948574881988438,0.0538708167266141,0.0983297735537315,NA,NA,NA,NA,60.90689,16.05,210.25,0.24,0.0707070707070707,0.17,0.0238683256575942,0.00243106660505721,0.0275200277684209,0.00472745415372251,0.00678508647713949,0.00558587974109869,0.00807992680025602,NA,NA,NA,NA,3.05780122200776,0.618955620869591,11.7317266031437,0.0911431330768847,0.0258937351297639,0.0888251033767988,100
"sps","R08","adapt","single",0,0.00170386266030822,0.0536904761904762,0.00559486622918559,0.0799311296414813,0.0495776467015023,0.0850290177515628,NA,NA,NA,NA,0.363979999999999,82.24,239.13,0.1,0.1,0,0,0.000617530146121354,0.0202267708746383,0.00148516908040457,0.00353655176553568,0.00278587481761938,0.00440933655365024,NA,NA,NA,NA,0.00942580789881947,2.76829524904021,11.5170199480963,0.0362371537669739,0.0362371537669739,0,100
"sps","R08","aldex2","single",0,0.00196843587421524,0.0025,0.0040822041828256,0.110911752556664,0.00527488739525918,0.318864029532312,NA,NA,NA,NA,8.72948,82.24,239.14,0.12,0.12,0,0,0.000689343431327209,0.0025,0.00134732492707364,0.00523832239709328,0.00103974934179806,0.00396476935894791,NA,NA,NA,NA,0.449435123458303,2.76829524904021,11.5155759251932,0.0408989886516436,0.0408989886516436,0,100
"sps","R08","ancombc2","single",0,0.00089801053419211,0,0.00089801053419211,0.105301866498042,0.474048059927968,0.473147073436618,NA,NA,NA,NA,46.30355,82.24,239.14,0.05,0.05,0,0,0.000645494268128823,0,0.000645494268128823,0.00549654307598121,0.00724818480599141,0.00575352698961717,NA,NA,NA,NA,2.38977483759855,2.76829524904021,11.5155759251932,0.0329523684408054,0.0329523684408054,0,100
"sps","R08","corncob","single",0.350575515384019,0.0905628520461539,0.389487256519073,0.119182737615528,0.111694393150434,0.134366045148425,0.149082994426783,NA,NA,NA,NA,9.46356,82.19,238.9,10.99,6.74,4.25,0.020784271622227,0.00643385323112411,0.0199998887928066,0.0071596792226012,0.00482510841315075,0.00509126013272616,0.00722045036740791,NA,NA,NA,NA,0.441788921974961,2.76740388133432,11.50397823153,0.723417115661721,0.440298337792259,0.390900281789397,100
"sps","R08","fastancom","single",0,0.00348243682270219,0,0.00432678281957217,0.102397509535085,0.0301125265241783,0.142310011897401,NA,NA,NA,NA,0.0343499999999961,82.24,239.14,0.25,0.25,0,0,0.00118235274867067,0,0.00125803082434937,0.00443951963565834,0.00311637703876895,0.00733973265932694,NA,NA,NA,NA,0.000569844033242751,2.76829524904021,11.5155759251932,0.0672324476737388,0.0672324476737389,0,100
"sps","R08","ldm","single",0.0133333333333333,0.00634702789065382,0.052,0.014215114519261,0.107484802459262,0.0519750606464908,0.0862535708547619,NA,NA,NA,NA,12.98511,82.24,239.14,0.44,0.4,0.04,0.00774161868943827,0.0014988226871902,0.0175046570683257,0.00252384449261016,0.00468142676806615,0.0026937562917662,0.004429339439879,NA,NA,NA,NA,1.48182490022549,2.76829524904021,11.5155759251932,0.0946231227213272,0.0816496580927726,0.0242878362539562,100
"sps","R08","limma_logtss","single",0.0357439859408627,0.0212978789430117,0.0638966753769137,0.0363965277959554,0.101885596039165,0.0775347989243916,0.258201105345862,NA,NA,NA,NA,0.0378200000000001,82.24,239.14,2.55,1.06,1.49,0.0135534516155251,0.00804022566460924,0.020013278233062,0.0124695882737994,0.00489784821751656,0.0145228985650093,0.0164194447953855,NA,NA,NA,NA,0.000354018774826036,2.76829524904021,11.5155759251932,1.10411306330722,0.389721475265129,0.722159360123609,100
"sps","R08","linda","single",0.00142857142857143,0.00730008739001054,0.0103571428571429,0.0130382804250539,0.0923142719767682,0.0524860997442854,0.0854037405255658,NA,NA,NA,NA,0.172019999999999,82.24,239.14,0.44,0.43,0.01,0.00142857142857143,0.00206889524384825,0.00588259962558887,0.00248672638903194,0.00371631630664789,0.00264398311580359,0.00515431356817282,NA,NA,NA,NA,0.00609470676120274,2.76829524904021,11.5155759251932,0.11038957643663,0.104692913134586,0.01,100
"sps","R08","lm_logtss","single",0.0369157794157794,0.0206886352932193,0.0513728544727688,0.0386829326234812,0.104063442413887,0.0748678715367366,0.257018722240163,NA,NA,NA,NA,0.0380000000000007,82.24,239.14,2.45,1.07,1.38,0.0138609351064298,0.00741586746909792,0.0176923966053223,0.0127271303583843,0.00473387558155652,0.0140449204876694,0.0165734325316921,NA,NA,NA,NA,0.000288149792695251,2.76829524904021,11.5155759251932,1.02556956336122,0.360206169920068,0.674915632587593,100
"sps","R08","locom","single",0.0383333333333333,0.00598635079407856,0.0888571428571429,0.0112526711836183,0.101696710243577,0.0528584602888092,0.0864262549758188,NA,NA,NA,NA,197.12573,82.24,239.14,0.41,0.36,0.05,0.0180184155702797,0.00136703295718718,0.0254848959965725,0.00232907637457585,0.00415754992343486,0.00268766860357663,0.00496189567201217,NA,NA,NA,NA,10.1293997317724,2.76829524904021,11.5155759251932,0.0766666666666667,0.07180219742846,0.021904291355759,100
"sps","R08","locom2","single",0.102833333333333,0.00446714740454933,0.148,0.00893017139074584,0.0997022127468265,0.0443275463408891,0.104435844665586,NA,NA,NA,NA,28.7936,82.24,239.14,0.51,0.35,0.16,0.0287028342433756,0.000923585035376941,0.0327296170752806,0.00164100294365442,0.00462196171987215,0.00243261185015918,0.00522647692044887,NA,NA,NA,NA,1.86897279030731,2.76829524904021,11.5155759251932,0.0915577865767204,0.0715979233376403,0.046536615322309,100
"sps","R08","logistic_presence","single",0.0383333333333333,0.00507028423897142,0.0625,0.0106222353137545,0.0853608292693712,0.0575283001122993,0.134120803870349,NA,NA,NA,NA,0.271639999999999,81.93,237.9,0.46,0.39,0.07,0.0149550392394403,0.0010067916090179,0.0185158878602883,0.00199139169542056,0.00434616517724674,0.00256309432917778,0.00328582101508666,NA,NA,NA,NA,0.0115775254242646,2.80347025212422,11.5426788200761,0.079671040833384,0.0694785774701291,0.0256432399976243,100
"sps","R08","maaslin3","abundance",0.0614285714285714,0.010023665473655,0.144742063492064,0.0222159126796981,0.126155183636944,0.0497713503622602,0.0874091357033941,NA,NA,NA,NA,6.37918,82.2,239.05,0.87,0.75,0.12,0.0204570533747348,0.00161939279435445,0.0248338215251918,0.00253439583989911,0.0046713070715724,0.00230316560298198,0.00457514227324365,NA,NA,NA,NA,0.270107271387806,2.76624677354014,11.514991326637,0.128436597572341,0.114922020113948,0.0383497988352882,100
"sps","R08","maaslin3","combined",0.06625,0.013364560962273,0.175892607392607,0.0313451540402837,0.139123234375079,0.0490600951307537,0.108402148231083,NA,NA,NA,NA,6.37918,82.24,239.14,1.19,1.02,0.17,0.0187847601476493,0.0018038885804617,0.02616680917673,0.00300491943695726,0.00498569299115806,0.00221220126689056,0.00488206192947321,NA,NA,NA,NA,0.270107271387806,2.76829524904021,11.5155759251932,0.159351590180109,0.13778918167207,0.0450700913168936,100
"sps","R08","maaslin3","presence",0.04,NA,0.25,NA,NA,0.0501552708878978,0.0675175293938908,0.0752057645578402,NA,NA,NA,6.37918,0,238.33,0.05,NA,0.05,0.0196946385566932,NA,0.0435194139889245,NA,NA,0.00177518882357499,0.00325669158145968,0.00354421881253262,NA,NA,NA,0.270107271387806,0,11.5276396438116,0.0261116483933547,NA,0.0261116483933547,100
"sps","R08","pursue","abundance",0.072952380952381,0.0219134991089688,0.105936868686869,0.0332133134160558,0.128383221546533,0.054912773257225,0.0878136460499461,NA,NA,NA,NA,10.32504,82.2,239.05,1.69,1.45,0.24,0.0201281573849706,0.00345530919123916,0.0208978196579056,0.00433844581099695,0.00489480529199505,0.00255712238209788,0.00454867369288468,NA,NA,NA,NA,0.47732976782992,2.76624677354014,11.514991326637,0.21728117983643,0.192996048528136,0.0668482375884875,100
"sps","R08","pursue","combined",0.0511111111111111,0.0168743054543257,0.0792186147186147,0.0235978069552586,0.123230940496958,0.0433643451077913,0.153380578255987,NA,NA,NA,NA,10.32504,82.24,239.14,1.21,1.09,0.12,0.0174512307458659,0.00320587406474381,0.0189472080217716,0.00384695515287107,0.00490251132301201,0.0019506800351917,0.00709030659342046,NA,NA,NA,NA,0.47732976782992,2.76829524904021,11.5155759251932,0.189254251516767,0.175864387606709,0.0356186309210063,100
"sps","R08","pursue","presence",0.06,NA,0.1,NA,NA,0.036702834447304,0.233745703144782,0.0475114989417534,NA,NA,NA,10.32504,0,237.9,0.06,NA,0.06,0.0238683256575942,NA,0.0301511344577764,NA,NA,0.00197006972063161,0.00930907494702836,0.00290212605766424,NA,NA,NA,0.47732976782992,0,11.5426788200761,0.0238683256575942,NA,0.0238683256575942,100
"sps","R08","wilcoxon_tss","single",0.002,0.00378491848394158,0.0366666666666667,0.00758759765539922,0.0863844167847337,0.0528932298943054,0.0881119964707325,NA,NA,NA,NA,0.16199,82.24,239.14,0.23,0.22,0.01,0.002,0.00133228780020788,0.014713881761735,0.00189551609309481,0.00437886699181669,0.00252455729471243,0.00402237969089928,NA,NA,NA,NA,0.00572530260326822,2.76829524904021,11.5155759251932,0.0763498063474488,0.0704674149210581,0.01,100
"sps","R08","zicoseq","single",0.0225,0.00748752291600993,0.07275,0.0133287794477246,0.0907835831312905,0.0555450857216768,0.095056694992466,NA,NA,NA,NA,67.25703,82.24,239.14,0.59,0.54,0.05,0.0125827786574741,0.00154671281875325,0.0193344127035281,0.0021281248204535,0.00440371841001592,0.00350086833405724,0.00504171266504616,NA,NA,NA,NA,2.7436406597787,2.76829524904021,11.5155759251932,0.109262911540851,0.101920943813717,0.0261116483933547,100
"sps","R09","adapt","single",0.0245833333333333,0.00547784370026437,0.0363333333333333,0.00820987475968256,0.0788164176474838,0.0501747844103074,0.103781908527293,NA,NA,NA,NA,0.396019999999998,130.27,253.77,0.62,0.57,0.05,0.0125782483537984,0.0013873402452312,0.014316410023452,0.00176063128907123,0.00334145088592869,0.00276214950524166,0.00614066278083377,NA,NA,NA,NA,0.0105101872658693,4.43131316469919,11.3845265801677,0.130097088842343,0.121651099045549,0.021904291355759,100
"sps","R09","aldex2","single",0,0.00140923905651616,0,0.00292545318701111,0.104448854716855,0.00449057102294709,0.323960376939316,NA,NA,NA,NA,9.4529,130.28,253.79,0.17,0.17,0,0,0.00048102227000172,0,0.000773421623898015,0.00490719748696325,0.000863996032237908,0.00491496992690717,NA,NA,NA,NA,0.466989301350424,4.43011001527894,11.3826049724831,0.0513553671720273,0.0513553671720273,0,100
"sps","R09","ancombc2","single",0,0.000635765544209606,0,0.000635765544209606,0.10408060088137,0.496845562156567,0.498689222209671,NA,NA,NA,NA,52.21751,130.28,253.79,0.09,0.09,0,0,0.000337296763708304,0,0.000337296763708304,0.00432749579197055,0.00795722544008866,0.00724393798575016,NA,NA,NA,NA,2.67297962095475,4.43011001527894,11.3826049724831,0.0451596494604856,0.0451596494604856,0,100
"sps","R09","corncob","single",0.220090932453624,0.0922684135825202,0.252879083644711,0.130893275961637,0.105050359332531,0.139945998828827,0.162690968050282,NA,NA,NA,NA,10.09634,130.23,253.64,14.23,10.78,3.45,0.0167758586391643,0.0058880369103578,0.0136689217674525,0.00683811107897184,0.00435740431336261,0.00616233995365901,0.00828811506797215,NA,NA,NA,NA,0.445262806341503,4.43429825452698,11.3781158014813,0.819812124326006,0.60194633808953,0.312815497303978,100
"sps","R09","fastancom","single",0.00333333333333333,0.00280334790905393,0.00166666666666667,0.00470992647259654,0.102598568310227,0.0266262418907934,0.167948142748785,NA,NA,NA,NA,0.0353500000000051,130.28,253.79,0.34,0.33,0.00999999999999999,0.00333333333333333,0.00076949336434897,0.00166666666666667,0.00102563811991134,0.00464880230193062,0.00385995161097222,0.00900742488600301,NA,NA,NA,NA,0.000509381681031169,4.43011001527894,11.3826049724831,0.0794170681092592,0.0766139476185438,0.00999999999999999,100
"sps","R09","ldm","single",0.0183333333333333,0.00644382333074074,0.0335119047619048,0.0127778462256463,0.10385441688004,0.049793874272957,0.0968788573168419,NA,NA,NA,NA,16.00005,130.28,253.79,0.72,0.69,0.03,0.0115797629116882,0.00122392434954328,0.0132429832275997,0.00202501032187543,0.00454488906498929,0.00329559506220439,0.00544319782622026,NA,NA,NA,NA,1.65642841762088,4.43011001527894,11.3826049724831,0.122334200310692,0.120348819619631,0.0171446607997765,100
"sps","R09","limma_logtss","single",0.0225,0.00985169140171226,0.0266768707482993,0.0204435041333496,0.100570766830613,0.0617872605867016,0.251256093736955,NA,NA,NA,NA,0.0373999999999997,130.28,253.79,1.03,0.89,0.14,0.0113814517439677,0.0032014496430619,0.00891189818073607,0.00710100863515811,0.00442017932551329,0.0102548383364601,0.0151879405452155,NA,NA,NA,NA,0.000327833414213286,4.43011001527894,11.3826049724831,0.329203200887761,0.269640613791878,0.0681946115943558,100
"sps","R09","linda","single",0.01,0.00779214943114773,0.0194166666666667,0.0126212826905812,0.0963361490762411,0.0464496365572211,0.0965085180647905,NA,NA,NA,NA,0.175439999999999,129.54,252.83,0.85,0.828282828282828,0.03,0.00607195906348905,0.00151849673029195,0.00778233542510931,0.00207201605911899,0.00369555562926262,0.00252170096421534,0.00568668659381881,NA,NA,NA,NA,0.00602750128305009,4.58419374843956,11.5561873321855,0.15200677815828,0.149237327259427,0.0171446607997765,100
"sps","R09","lm_logtss","single",0.00642857142857143,0.00903489245575068,0.0223778467908903,0.021260764735925,0.103528664716692,0.0626842319275351,0.24971352455134,NA,NA,NA,NA,0.0379000000000001,130.28,253.79,0.97,0.89,0.08,0.00377759891412096,0.00263890564046371,0.00851408486663292,0.00729592694214047,0.00439005617972815,0.0106181050396005,0.0152277028577287,NA,NA,NA,NA,0.00037537859676476,4.43011001527894,11.3826049724831,0.279413165709344,0.228254244210266,0.061430752671096,100
"sps","R09","locom","single",0.0216666666666667,0.00777380369057917,0.0356904761904762,0.0156190082033782,0.100242304405401,0.0520579507975964,0.0972392915677619,NA,NA,NA,NA,197.9704,130.28,253.79,0.78,0.75,0.03,0.0141451113493028,0.00213077577398097,0.013355796673878,0.00304218889737921,0.00377677045924532,0.00273548248090308,0.00630031684671208,NA,NA,NA,NA,9.89869031144111,4.43011001527894,11.3826049724831,0.193625693261274,0.191419471688264,0.0171446607997765,100
"sps","R09","locom2","single",0.0361666666666667,0.0055885599519288,0.0432777777777778,0.00802562901778512,0.0946534046303979,0.0435346789358587,0.117984048199006,NA,NA,NA,NA,29.21099,130.28,253.79,0.83,0.71,0.12,0.0140126906566452,0.00106876595705324,0.0145635885253944,0.00139891679360384,0.00394105195556616,0.00294283243550917,0.00712821417269675,NA,NA,NA,NA,1.82762158663614,4.43011001527894,11.3826049724831,0.137844151493671,0.121684307562934,0.0498077110577075,100
"sps","R09","logistic_presence","single",0.0416666666666667,0.00872094267800177,0.0617619047619048,0.0134872278588581,0.0855213893297705,0.051860305588896,0.148494952706098,NA,NA,NA,NA,0.285750000000001,129.97,252.72,1.12,1.04,0.08,0.0164335549530545,0.00153265532391971,0.016787639712317,0.00184204227710878,0.0041177590153296,0.00285585410669446,0.00502363381336935,NA,NA,NA,NA,0.0117315630121085,4.46203864717563,11.4152837472532,0.14858252816791,0.143491808093351,0.0272659924344291,100
"sps","R09","maaslin3","abundance",0.0325,0.01226076212162,0.0786967831789813,0.0283190847217623,0.127399557116028,0.0482126891516971,0.0938759209194553,NA,NA,NA,NA,6.59435,130.25,253.74,1.66,1.56,0.1,0.0136543325306462,0.001707755755567,0.0185977965848779,0.00320955808350472,0.00564570297243227,0.00273387939512397,0.00554084150320654,NA,NA,NA,NA,0.264544022944684,4.43333048530325,11.3833177603159,0.2297209550122,0.216641024123626,0.0389249472080762,100
"sps","R09","maaslin3","combined",0.0443717948717949,0.018858073259816,0.0806888863126076,0.0424850540501072,0.136611199965288,0.0494292420984316,0.114871075405216,NA,NA,NA,NA,6.59435,130.28,253.79,2.46,2.33,0.13,0.0164082823756843,0.00211970851880829,0.015395619764918,0.00384907142149811,0.00556776860962264,0.00244087880679205,0.00534062098231006,NA,NA,NA,NA,0.264544022944684,4.43011001527894,11.3826049724831,0.282635504285694,0.266687499186262,0.0393251147037697,100
"sps","R09","maaslin3","presence",0.2,NA,0.49,NA,NA,0.0575227074151178,0.0739840308304404,0.0755973501821407,NA,NA,NA,6.59435,0,253.14,0.27,NA,0.27,0.0402015126103685,NA,0.0502418393795691,NA,NA,0.00192247178082176,0.00311930344512243,0.00335597910184435,NA,NA,NA,0.264544022944684,0,11.3987153272249,0.0694203998777875,NA,0.0694203998777875,100
"sps","R09","pursue","abundance",0.0629689754689755,0.0235269345186127,0.0823441984572016,0.0387729488245381,0.126306989289253,0.0561920400305691,0.101680879734096,NA,NA,NA,NA,11.03696,130.25,253.74,3.02,2.79,0.23,0.0193641008079205,0.00301043017536372,0.0176235854906865,0.00428383119273208,0.00549061972999037,0.0032462567075316,0.00583934020506949,NA,NA,NA,NA,0.486111822551399,4.43333048530325,11.3833177603159,0.368447466205883,0.339427622787408,0.0600588936550675,100
"sps","R09","pursue","combined",0.0675919913419913,0.0175870130515045,0.0866283248914828,0.0284804871293728,0.119900297643198,0.0471672218542698,0.15679164347957,NA,NA,NA,NA,11.03696,130.28,253.79,2.22,2.03,0.19,0.0211147479684244,0.00255663935930375,0.0204252292877505,0.00344692427437842,0.00525978049693108,0.002749754902669,0.00762369540131637,NA,NA,NA,NA,0.486111822551399,4.43011001527894,11.3826049724831,0.2732446271432,0.256808304091797,0.0486068540704525,100
"sps","R09","pursue","presence",0.19,NA,0.23,NA,NA,0.0427940296263225,0.227817834004636,0.0517142269747374,NA,NA,NA,11.03696,0,252.72,0.22,NA,0.22,0.0394277244403663,NA,0.0422952584681651,NA,NA,0.00211754828174733,0.00966352492432083,0.00294728648227214,NA,NA,NA,0.486111822551399,0,11.4152837472532,0.0483672817035849,NA,0.0483672817035849,100
"sps","R09","wilcoxon_tss","single",0.015,0.00648966285894854,0.0333333333333333,0.0101968678913088,0.085424916121293,0.049480045299123,0.105674342244647,NA,NA,NA,NA,0.168730000000001,130.28,253.79,0.69,0.67,0.02,0.0111350751676807,0.00146140444565964,0.0158910431540932,0.00189557579962987,0.00389835771018431,0.00280588022294026,0.00604945130633845,NA,NA,NA,NA,0.00586988298542878,4.43011001527894,11.3826049724831,0.141916891314614,0.14146063449282,0.014070529413629,100
"sps","R09","zicoseq","single",0.0025,0.0066338877063095,0.0109285714285714,0.0117214353539178,0.0929411748827686,0.0484013618430982,0.106360688669896,NA,NA,NA,NA,71.74755,129.54,252.83,0.77,0.767676767676768,0.01,0.0025,0.00120852925019393,0.00603830195475556,0.00172656213493816,0.00382802476399719,0.00359860043980118,0.00715205311690923,NA,NA,NA,NA,2.82068993649666,4.58419374843956,11.5561873321855,0.134731307618256,0.133787324519472,0.01,100
"sps","R12","adapt","single",0.01,0.00155555555555556,0.0316666666666667,0.00383612900882407,0.0820252956884478,0.0464675773519037,0.0819425009585432,NA,NA,NA,NA,0.341840000000004,32.32,214.85,0.05,0.03,0.02,0.01,0.000890150619671446,0.0161875580937039,0.00128048893427448,0.0049303800934007,0.00228361574907102,0.00484878358671625,NA,NA,NA,NA,0.00908583890936195,1.11553583627789,11.4493206979473,0.0261116483933547,0.0171446607997765,0.02,100
"sps","R12","aldex2","single",0,0.00226639515455305,0,0.00306942545758335,0.116131326016828,0.0044331654216085,0.320741007466244,NA,NA,NA,NA,8.09018,32.33,214.98,0.05,0.05,0,0,0.001032034845442,0,0.00116922838715175,0.0062985523039048,0.000920113976030386,0.00391697927586847,NA,NA,NA,NA,0.441411593212301,1.11401131597539,11.437886539254,0.021904291355759,0.021904291355759,0,100
"sps","R12","ancombc2","single",0,0.00121083959899749,0,0.00121083959899749,0.107337047873047,0.48984871882083,0.482291962465594,NA,NA,NA,NA,39.38383,32.33,214.98,0.03,0.03,0,0,0.00073340711219539,0,0.00073340711219539,0.00618813356276575,0.00572270777844045,0.00550768409462563,NA,NA,NA,NA,2.30195047586703,1.11401131597539,11.437886539254,0.0171446607997765,0.0171446607997765,0,100
"sps","R12","corncob","single",0.507132287646993,0.0903766239024791,0.570089247678344,0.118015091040932,0.12071093581957,0.129711649420573,0.143574279837895,NA,NA,NA,NA,8.61382,32.33,214.79,6.83,2.65,4.18,0.0301909043392819,0.00776048993176116,0.0266105031176982,0.0093715016408122,0.00572947079291243,0.00499983319751413,0.00711826411289384,NA,NA,NA,NA,0.446172760484075,1.11401131597539,11.4234854222308,0.587247474204526,0.202197523189178,0.459331969914852,100
"sps","R12","fastancom","single",0,0.0022060086811231,0,0.00292339998547092,0.106377203791448,0.0289816320053271,0.146543511290558,NA,NA,NA,NA,0.0327699999999965,32.33,214.98,0.06,0.06,0,0,0.000955466666451936,0,0.00108443926424655,0.00468479449540679,0.00279311774467274,0.00809488858960738,NA,NA,NA,NA,0.00038503705711687,1.11401131597539,11.437886539254,0.0238683256575942,0.0238683256575942,0,100
"sps","R12","ldm","single",0.008,0.00545838416912271,0.0716666666666667,0.011309689566993,0.112008134395587,0.0479133164239658,0.0818266728340302,NA,NA,NA,NA,9.12977,32.33,214.98,0.16,0.12,0.04,0.008,0.00203625787679071,0.0242166845676243,0.0030561133319153,0.00518977636877735,0.00243950115700857,0.00447853555929065,NA,NA,NA,NA,1.02782989580873,1.11401131597539,11.437886539254,0.0646982116125213,0.0432983541805861,0.04,100
"sps","R12","limma_logtss","single",0.0301067887109077,0.00875647451963242,0.0712582452266522,0.0390614505719489,0.0998860617012295,0.0802452733297829,0.266670705057685,NA,NA,NA,NA,0.0367099999999998,32.33,214.98,0.99,0.2,0.79,0.0149452786483192,0.00388819126617055,0.0229996553503474,0.0128629954659823,0.00526995519344111,0.0145635632600475,0.0156296350996805,NA,NA,NA,NA,0.000278268455512547,1.11401131597539,11.437886539254,0.619627617072047,0.0864566219253765,0.542589191104127,100
"sps","R12","linda","single",0,0.00964659514451904,0.016,0.0109030054009293,0.103855258022896,0.051508029376607,0.0749245445926272,NA,NA,NA,NA,0.15771,32.33,214.98,0.23,0.23,0,0,0.0025595039805492,0.00918056797169044,0.00271418067159341,0.00519511510229563,0.00243796594552951,0.00415648733781405,NA,NA,NA,NA,0.00571210472628439,1.11401131597539,11.437886539254,0.0547814758929522,0.0547814758929522,0,100
"sps","R12","lm_logtss","single",0.0415952380952381,0.00977263694533201,0.0850402354696624,0.0416763679756073,0.103576594311335,0.0795863821046913,0.26687323336954,NA,NA,NA,NA,0.0374000000000002,32.33,214.98,1.33,0.24,1.09,0.0184462690618064,0.0038159552097634,0.0258387672956955,0.0132356101319796,0.00530242525896721,0.0145742153507479,0.0157901883904273,NA,NA,NA,NA,0.000267045185901497,1.11401131597539,11.437886539254,0.755325202555933,0.0900280539890233,0.673614552735142,100
"sps","R12","locom","single",0.015,0.00711674319197203,0.0506666666666667,0.0111868159491157,0.114837120811491,0.047709657168287,0.0815524186297336,NA,NA,NA,NA,174.11606,32.33,214.98,0.16,0.14,0.02,0.0111350751676807,0.00203507950734722,0.0204136790915216,0.00285673788034672,0.00617061836843408,0.00197081246160689,0.004343249262721,NA,NA,NA,NA,11.2065967924995,1.11401131597539,11.437886539254,0.0443129367525598,0.0402517331328978,0.014070529413629,100
"sps","R12","locom2","single",0.1425,0.00706441729540489,0.149166666666667,0.00900294490406714,0.106179735035573,0.0374097229892874,0.100694734346287,NA,NA,NA,NA,24.9909,32.33,214.98,0.36,0.17,0.19,0.0333815938517143,0.00216725518344128,0.0337577151675485,0.00249895845327101,0.00585906958236577,0.0020604142082422,0.00538029398161672,NA,NA,NA,NA,1.66944232753021,1.11401131597539,11.437886539254,0.070381356576407,0.0472581562625261,0.0442559132612339,100
"sps","R12","logistic_presence","single",0.0533333333333333,0.00573353844418973,0.0766666666666667,0.009571153076939,0.0822410308810294,0.0593983694623832,0.131377587757542,NA,NA,NA,NA,0.24559,32.22,213.89,0.25,0.18,0.07,0.0209054308024742,0.00151808007454798,0.0238565672817599,0.00201594957317589,0.00511314094213688,0.0027924999213897,0.0031765236919674,NA,NA,NA,NA,0.0113697551566968,1.12560466354127,11.4406761031405,0.0557320429022713,0.0435310176190437,0.0256432399976243,100
"sps","R12","maaslin3","abundance",0.0633333333333333,0.00895867139678654,0.155238095238095,0.0183885520689252,0.133207529289471,0.0431573532898412,0.0825238746003121,NA,NA,NA,NA,5.88321,32.33,214.94,0.33,0.25,0.08,0.0229404146924729,0.0017771021115758,0.0325642746616827,0.00302449701115877,0.00719280724368925,0.00195029895284856,0.00491971422467251,NA,NA,NA,NA,0.259998425517766,1.11401131597539,11.436533874855,0.0586979943903925,0.0479372485441102,0.0272659924344291,100
"sps","R12","maaslin3","combined",0.0758333333333333,0.0118412626979717,0.194507936507937,0.0282851756998884,0.1357621468231,0.0442788894950297,0.096720969792397,NA,NA,NA,NA,5.88321,32.33,214.98,0.45,0.34,0.11,0.0237804385842494,0.00220863531344332,0.0358863768977577,0.00399982055910139,0.00622274068395031,0.00210242017438791,0.00376684132236331,NA,NA,NA,NA,0.259998425517766,1.11401131597539,11.437886539254,0.0833333333333333,0.0699494767166224,0.031446603773522,100
"sps","R12","maaslin3","presence",0.03,NA,0.14,NA,NA,0.0397501936417121,0.0761157677532537,0.06789274500643,NA,NA,NA,5.88321,0,214.31,0.04,NA,0.04,0.0171446607997765,NA,0.0348735088019777,NA,NA,0.0015519432244892,0.00354422370126047,0.00505463824477174,NA,NA,NA,0.259998425517766,0,11.429694579551,0.0242878362539562,NA,0.0242878362539562,100
"sps","R12","pursue","abundance",0.0605555555555555,0.013828767218856,0.0705555555555556,0.0219792838665371,0.134154365929178,0.0500874836835872,0.0820805617437402,NA,NA,NA,NA,9.20979,32.33,214.94,0.48,0.36,0.12,0.0214235693304877,0.00316698359556537,0.0221182331219846,0.00392253708511116,0.00724809867133478,0.00311810466679575,0.00483251573432155,NA,NA,NA,NA,0.48288623716088,1.11401131597539,11.436533874855,0.112348663642351,0.0893523272435495,0.0408989886516436,100
"sps","R12","pursue","combined",0.0633333333333333,0.0106527625266626,0.122727272727273,0.0163119516261847,0.12702705287641,0.0410184103826575,0.15969191760382,NA,NA,NA,NA,9.20979,32.33,214.98,0.37,0.27,0.1,0.0229404146924729,0.00223326133789205,0.0291313901846863,0.00348185064864188,0.00715946286509134,0.00243274136775691,0.00665736980961069,NA,NA,NA,NA,0.48288623716088,1.11401131597539,11.437886539254,0.067651812073053,0.0529054808029367,0.0389249472080761,100
"sps","R12","pursue","presence",0.09,NA,0.12,NA,NA,0.0334214443630008,0.247573169241094,0.0482170273377122,NA,NA,NA,9.20979,0,213.89,0.1,NA,0.1,0.0287623491264661,NA,0.032659863237109,NA,NA,0.00164956491577018,0.00974094375813609,0.00478040395076797,NA,NA,NA,0.48288623716088,0,11.4406761031405,0.0333333333333333,NA,0.0333333333333333,100
"sps","R12","wilcoxon_tss","single",0.00714285714285714,0.00506850459482038,0.0171428571428571,0.00700050163393523,0.0862227634148271,0.0508292331640997,0.0811277172705539,NA,NA,NA,NA,0.14891,32.33,214.98,0.15,0.1,0.05,0.00714285714285714,0.00208391163600279,0.0105687567311144,0.00220441566576173,0.00521873639289855,0.00259657015767754,0.00358743320665966,NA,NA,NA,NA,0.00578907181897519,1.11401131597539,11.437886539254,0.078334945180064,0.0414387707005374,0.05,100
"sps","R12","zicoseq","single",0.03,0.0074034304145122,0.0853333333333333,0.0116440286162088,0.102334779311739,0.0487109803309466,0.0938232805297596,NA,NA,NA,NA,61.34925,32.33,214.98,0.22,0.16,0.06,0.0156023826204315,0.00211381445450652,0.0243723454625228,0.00278644094483803,0.00534145231422619,0.00325355142275704,0.00633245245244821,NA,NA,NA,NA,2.77471412732169,1.11401131597539,11.437886539254,0.0612661028100805,0.0443129367525598,0.031204765240863,100
"sps","R13","adapt","single",0.02,0.00209233193277311,0.0275,0.00479123303167421,0.0977112135037045,0.0481196020643485,0.0744980755014373,NA,NA,NA,NA,0.359489999999999,37.98,237.92,0.09,0.07,0.02,0.014070529413629,0.000975464439604516,0.0150315325132526,0.00166947218073747,0.00494222109619876,0.00191544343099469,0.0034850504480014,NA,NA,NA,NA,0.00968230182791596,0.989232944347194,11.950551992661,0.0320825954263823,0.0293188669562103,0.014070529413629,100
"sps","R13","aldex2","single",0,0.000642857142857143,0,0.001,0.151132255970166,0.00503232920218764,0.308515403826066,NA,NA,NA,NA,9.05161,37.98,237.93,0.02,0.02,0,0,0.00045510684771439,0,0.000766624988784059,0.00707687244377419,0.000827198283041144,0.00301749947744894,NA,NA,NA,NA,0.517964170184531,0.989232944347194,11.9496608717359,0.014070529413629,0.014070529413629,0,100
"sps","R13","ancombc2","single",0,0.000561224489795918,0,0.000561224489795918,0.0923931492077858,0.487165372508575,0.483345395467963,NA,NA,NA,NA,42.36793,37.98,237.93,0.02,0.02,0,0,0.000409545947046799,0,0.000409545947046799,0.00557526731238877,0.00568022338244116,0.00506602215391248,NA,NA,NA,NA,2.17392122329721,0.989232944347194,11.9496608717359,0.014070529413629,0.014070529413629,0,100
"sps","R13","corncob","single",0.539929831120144,0.098357200241999,0.586527328058548,0.136633600240809,0.122644346640003,0.133310290194346,0.145272426818778,NA,NA,NA,NA,9.37627,37.95,237.65,8.63,3.54,5.09,0.0275243403825752,0.00830771417525616,0.0237068260878103,0.00993747229114178,0.00630542548469634,0.00537493790859591,0.0073935373041073,NA,NA,NA,NA,0.473963341687558,0.989579545447296,11.9360533128362,0.655305465050653,0.278313826208088,0.486607509895674,100
"sps","R13","fastancom","single",0,0.00120408163265306,0,0.00158869701726845,0.124262417697934,0.0315544201904545,0.14143425709136,NA,NA,NA,NA,0.0338799999999986,37.98,237.93,0.04,0.04,0,0,0.000790721395276983,0,0.000873964298693134,0.00670599813703466,0.00273715927943034,0.00785241715937987,NA,NA,NA,NA,0.000450875691170864,0.989232944347194,11.9496608717359,0.0242878362539562,0.0242878362539562,0,100
"sps","R13","ldm","single",0.0175,0.00750288883543491,0.017,0.0136749019776093,0.117984783581526,0.0531598944455936,0.0748777613116829,NA,NA,NA,NA,9.9747,37.98,237.93,0.28,0.25,0.03,0.0113790299776529,0.00216417233827424,0.0107124962430601,0.00320606057927156,0.00563992014625285,0.00194403821684948,0.00400853657276681,NA,NA,NA,NA,1.13520134782382,0.989232944347194,11.9496608717359,0.0739642283182017,0.0672324476737387,0.0171446607997765,100
"sps","R13","limma_logtss","single",0.0219166666666667,0.00384745720868993,0.0440625027066823,0.0156236473083857,0.122351773829146,0.0633342635444342,0.234717189328909,NA,NA,NA,NA,0.0371400000000001,37.98,237.93,0.86,0.12,0.74,0.0134520467486697,0.00166033404106841,0.0179064954674805,0.00690582274750146,0.00738723526572497,0.0105869499669194,0.01303582369981,NA,NA,NA,NA,0.000302521390845701,0.989232944347194,11.9496608717359,0.563721401209692,0.0477366513151884,0.530983459576129,100
"sps","R13","linda","single",0.0133333333333333,0.00508904088129864,0.0183333333333333,0.0113501803386357,0.11887770081196,0.0538398159104659,0.0740395986661649,NA,NA,NA,NA,0.17102,37.64,237.18,0.18,0.161616161616162,0.02,0.0105089347908202,0.00158751957824416,0.0115797629116882,0.00286445022972416,0.00641994583354822,0.00237776797915389,0.00392611843546199,NA,NA,NA,NA,0.00639151868581409,1.05901803191409,12.0758242498445,0.0538985204347068,0.0491256696408346,0.014070529413629,100
"sps","R13","lm_logtss","single",0.01875,0.00161237656352864,0.0381379731379731,0.0154060124228903,0.123209990381166,0.0617746879438136,0.233511743329646,NA,NA,NA,NA,0.0374599999999991,37.98,237.93,0.15,0.05,0.1,0.0132209993280509,0.000725678127061181,0.0170421162663217,0.00663355873729232,0.00700287874608595,0.0102318521010309,0.0132012794068656,NA,NA,NA,NA,0.000318271848734607,0.989232944347194,11.9496608717359,0.0868936421753919,0.021904291355759,0.0758786910639328,100
"sps","R13","locom","single",0.0116666666666667,0.00816562470866482,0.0647619047619048,0.0147359077239939,0.116026972814663,0.0533358420970316,0.0737082315206068,NA,NA,NA,NA,185.3791,37.98,237.93,0.28,0.26,0.02,0.0101213179695669,0.00280531939830028,0.0232185680735832,0.00374912525990058,0.00639470915060914,0.00225152230767503,0.00374932481533288,NA,NA,NA,NA,10.6456705086854,0.989232944347194,11.9496608717359,0.0910987919732743,0.0848290020922066,0.014070529413629,100
"sps","R13","locom2","single",0.121666666666667,0.00503346256873589,0.188833333333333,0.00818923810475675,0.109141142199349,0.0439577544433273,0.0974229640043375,NA,NA,NA,NA,27.94559,37.98,237.93,0.42,0.19,0.23,0.0303925865200049,0.00146124636672155,0.0346653514060258,0.00201972986667934,0.00564268021621199,0.00211790511748216,0.00517864590898638,NA,NA,NA,NA,1.78707349331924,0.989232944347194,11.9496608717359,0.0955367611303247,0.0525991127935317,0.0617178329908861,100
"sps","R13","logistic_presence","single",0.065,0.00740013695556261,0.09,0.013270344456385,0.0996583094391756,0.059374169692117,0.126556940619227,NA,NA,NA,NA,0.2728,37.97,236.96,0.35,0.28,0.07,0.0242618293546955,0.00192244306224434,0.0266350823056286,0.00280422151208391,0.0052836715402255,0.00238897528365446,0.00266377956631442,NA,NA,NA,NA,0.0126921275210306,0.989995918775385,11.975378107103,0.079613967608604,0.0766469012729639,0.0256432399976243,100
"sps","R13","maaslin3","abundance",0.113666666666667,0.0112540490210421,0.242809523809524,0.0238958346736297,0.1375227665097,0.0518144725175165,0.0775132270743855,NA,NA,NA,NA,6.63107,37.96,237.86,0.58,0.41,0.17,0.0300545519726396,0.00224165135972475,0.0372778773929774,0.00328357935785472,0.00682573432195437,0.00235055068316102,0.0041053250117176,NA,NA,NA,NA,0.31566748528101,0.990757286120067,11.9512901970347,0.0944735546343659,0.0792579218868258,0.0472581562625261,100
"sps","R13","maaslin3","combined",0.122857142857143,0.0133855403244838,0.293519841269841,0.0353134788806617,0.155758753314547,0.0532310627622931,0.0994488963959538,NA,NA,NA,NA,6.63107,37.98,237.93,0.69,0.49,0.2,0.0303644536557069,0.00241937897182638,0.0366507882411002,0.00428741176884914,0.00712474881577495,0.00237333165017439,0.00437056278517467,NA,NA,NA,NA,0.31566748528101,0.989232944347194,11.9496608717359,0.10889249633274,0.0870330251958846,0.0512470743190538,100
"sps","R13","maaslin3","presence",0.04,NA,0.17,NA,NA,0.0492206286485574,0.069297260264116,0.0964261299688441,NA,NA,NA,6.63107,0,237.46,0.04,NA,0.04,0.0196946385566932,NA,0.0377525168068637,NA,NA,0.00210755248484017,0.00317586794939497,0.00563547018700561,NA,NA,NA,0.31566748528101,0,11.9545132848974,0.0196946385566932,NA,0.0196946385566932,100
"sps","R13","pursue","abundance",0.0988333333333333,0.0203846319955817,0.167040043290043,0.0296055739924521,0.138744345454654,0.0592499211450313,0.0796654113226622,NA,NA,NA,NA,10.53772,37.96,237.86,0.88,0.69,0.19,0.0270555140729361,0.00507138887782459,0.0315663129698809,0.00596635191802516,0.00772721203377321,0.00285968701491648,0.00504594792552207,NA,NA,NA,NA,0.548280736922982,0.990757286120067,11.9512901970347,0.165315737089041,0.147501070018375,0.0506423386569624,100
"sps","R13","pursue","combined",0.0778333333333333,0.0155999321739134,0.122,0.0234178230040806,0.126592715621221,0.0473661920903507,0.144118411691888,NA,NA,NA,NA,10.53772,37.98,237.93,0.67,0.51,0.16,0.0239177122332723,0.00407707884960777,0.0297990652087884,0.00528697511640484,0.00748418245642233,0.00239748838928315,0.00497340482226998,NA,NA,NA,NA,0.548280736922982,0.989232944347194,11.9496608717359,0.13261549188111,0.117632366878227,0.0486587789373795,100
"sps","R13","pursue","presence",0.04,NA,0.1,NA,NA,0.0360805181542554,0.246624669018263,0.0462997107728041,NA,NA,NA,10.53772,0,236.96,0.04,NA,0.04,0.0196946385566932,NA,0.0301511344577764,NA,NA,0.00187186342411617,0.00965485841157382,0.00451864063076065,NA,NA,NA,0.548280736922982,0,11.975378107103,0.0196946385566932,NA,0.0196946385566932,100
"sps","R13","wilcoxon_tss","single",0.005,0.00376451840317048,0.0133333333333333,0.00733492438607645,0.103771555188136,0.0521191315457029,0.0770876066249613,NA,NA,NA,NA,0.16123,37.98,237.93,0.14,0.13,0.01,0.005,0.0013142999139269,0.0105089347908202,0.00257140317483581,0.00556444165100633,0.00226930813853355,0.00378358364512796,NA,NA,NA,NA,0.00620971631942049,0.989232944347194,11.9496608717359,0.0471832875737016,0.0441645225322889,0.01,100
"sps","R13","zicoseq","single",0.0473333333333333,0.00552479363719989,0.0743214285714286,0.0142716914592606,0.0997249360806658,0.0602900991920564,0.0890210230504737,NA,NA,NA,NA,67.51293,37.64,237.18,0.27,0.191919191919192,0.08,0.0189285383030376,0.00178751501371055,0.0222894343739083,0.00369942421122731,0.00516570205118972,0.00293226379471692,0.00574179530553464,NA,NA,NA,NA,2.98988469884287,1.05901803191409,12.0758242498445,0.0789514618821801,0.0603650812795148,0.0307482445914323,100
"sps","R14","adapt","single",0.025,0.00524760007018072,0.09,0.0064317945990561,0.0825020772250938,0.0516496962089922,0.0792904846669406,NA,NA,NA,NA,0.346770000000004,33.59,218.58,0.17,0.14,0.03,0.0148647097502641,0.00164796756050201,0.0278705521432152,0.00176444466379438,0.00507668421185296,0.0027253668479123,0.00440480522247017,NA,NA,NA,NA,0.00892820810689398,1.12160554113244,11.4487719777267,0.0472581562625261,0.042687494916219,0.0171446607997765,100
"sps","R14","aldex2","single",0,0.000757575757575758,0,0.00166854884246189,0.126200682221187,0.00338346606902578,0.320572177385703,NA,NA,NA,NA,8.08147,33.61,218.72,0.02,0.02,0,0,0.000543742850428238,0,0.000832661346541749,0.00691830847017022,0.000754216432421104,0.00323054096137922,NA,NA,NA,NA,0.45792271930927,1.11915326939791,11.4372957176657,0.014070529413629,0.014070529413629,0,100
"sps","R14","ancombc2","single",0,0.00173160173160173,0,0.00173160173160173,0.107483406042694,0.479820530669831,0.470604698037749,NA,NA,NA,NA,41.04191,33.61,218.72,0.04,0.04,0,0,0.00109895715813332,0,0.00109895715813332,0.00635908440702624,0.00512671690965558,0.00468242409055275,NA,NA,NA,NA,2.38965507527908,1.11915326939791,11.4372957176657,0.0242878362539562,0.0242878362539562,0,100
"sps","R14","corncob","single",0.503050269991446,0.0914945428535261,0.579740819378739,0.125589289262638,0.123516153323526,0.129244268045334,0.139675955038181,NA,NA,NA,NA,8.63136,33.6,218.52,7.12,2.77,4.35,0.0307268796085975,0.00815288058230489,0.0254806617466731,0.0094261309777785,0.00590532805310139,0.00419245437309905,0.0065880368945485,NA,NA,NA,NA,0.445826162507044,1.12006493318265,11.4233455801015,0.548879483009419,0.227349683940574,0.429558147426169,100
"sps","R14","fastancom","single",0,0.00198770123885331,0,0.00272633760248968,0.114277962250801,0.02960007936087,0.148455333220909,NA,NA,NA,NA,0.0332300000000052,33.61,218.72,0.06,0.06,0,0,0.00083063029508915,0,0.000973599193241116,0.00648441004631633,0.00282055519949012,0.00812489502951541,NA,NA,NA,NA,0.000424229545259468,1.11915326939791,11.4372957176657,0.0238683256575942,0.0238683256575942,0,100
"sps","R14","ldm","single",0.04,0.0103716068741295,0.0933333333333333,0.0150563566209502,0.107983676605498,0.0530014098401148,0.0814006227546399,NA,NA,NA,NA,9.56107,33.61,218.72,0.31,0.26,0.05,0.01836773631599,0.00276098674444742,0.0268344887552652,0.00354943404969566,0.00592666510179981,0.00219234856822401,0.00451226221074563,NA,NA,NA,NA,1.09492324091046,1.11915326939791,11.4372957176657,0.0677115092495248,0.0629574170661119,0.021904291355759,100
"sps","R14","limma_logtss","single",0.0561861736632379,0.0263276431218783,0.0794336066097388,0.0421904675191382,0.102298373348327,0.0843716587116948,0.251782474062225,NA,NA,NA,NA,0.0366200000000005,33.61,218.72,2.42,0.6,1.82,0.0196882440914059,0.0113521242185006,0.0238615891305073,0.0143305787323453,0.00595538404482503,0.0151437247854029,0.0161113786612473,NA,NA,NA,NA,0.000308066633222459,1.11915326939791,11.4372957176657,1.32101736123598,0.244948974278318,1.08258762213317,100
"sps","R14","linda","single",0.03,0.00527096869603381,0.08,0.00750585679547877,0.104531145002139,0.0527473386249304,0.0805728601941716,NA,NA,NA,NA,0.15819,33.61,218.72,0.18,0.14,0.04,0.0156023826204315,0.00163995731568658,0.025346089292517,0.00178930248991741,0.00612292604023682,0.00260362580604461,0.00407594611046431,NA,NA,NA,NA,0.00576912182803124,1.11915326939791,11.4372957176657,0.050010099990003,0.042687494916219,0.0196946385566932,100
"sps","R14","lm_logtss","single",0.0380683886704529,0.0244067638485963,0.0928954382068876,0.0443129621226311,0.103549239808654,0.0845032404481643,0.250914329499677,NA,NA,NA,NA,0.0376699999999994,33.61,218.72,2.25,0.56,1.69,0.0157684086248271,0.010667523236567,0.0259107252171724,0.0148942455991873,0.0061116602084051,0.0150585765627877,0.0161965364488445,NA,NA,NA,NA,0.000374720097559736,1.11915326939791,11.4372957176657,1.27401179767146,0.233255398239957,1.05003078357953,100
"sps","R14","locom","single",0.0516666666666667,0.00803623778733025,0.106666666666667,0.0130837038299309,0.113476453812922,0.0506584947028569,0.0857937724024104,NA,NA,NA,NA,177.93753,33.61,218.72,0.28,0.21,0.07,0.020610083287286,0.00248770906194805,0.0285763984774828,0.00333506423083139,0.00540984958838633,0.0021380617725696,0.00485785045413793,NA,NA,NA,NA,10.6291210143866,1.11915326939791,11.4372957176657,0.0652578413570803,0.0537389875963326,0.0256432399976243,100
"sps","R14","locom2","single",0.11,0.00709572323877079,0.16,0.0100535903387487,0.105205847537511,0.0418567445065382,0.0934562950483942,NA,NA,NA,NA,25.66344,33.61,218.72,0.36,0.2,0.16,0.0306330514050402,0.00188254522213895,0.0348090832734639,0.00229653443047533,0.0061242769856726,0.00232006862452515,0.00515877525152681,NA,NA,NA,NA,1.69896304484277,1.11915326939791,11.4372957176657,0.0718021974284601,0.0512470743190538,0.0526471003163248,100
"sps","R14","logistic_presence","single",0.055,0.00526674065685402,0.115,0.011625412136443,0.0922752872619508,0.0634285977894453,0.138486327710353,NA,NA,NA,NA,0.24876,33.48,217.59,0.22,0.15,0.07,0.0223550324255519,0.00166294095119006,0.0298419894144308,0.00239508740190526,0.00562916695082323,0.00324589014690782,0.00390801057679051,NA,NA,NA,NA,0.0114394419585586,1.13408887471731,11.4587630883596,0.0523778039195454,0.0435194139889245,0.0293188669562103,100
"sps","R14","maaslin3","abundance",0.0666666666666667,0.0112710043643825,0.192214285714286,0.0273434088394975,0.135900458750516,0.0467617034281633,0.082203246374387,NA,NA,NA,NA,5.93803,33.6,218.67,0.48,0.39,0.09,0.0230891504053787,0.00191856644830659,0.0319678551521227,0.00358795951010842,0.0070946153343605,0.0023240520498606,0.00463069602520968,NA,NA,NA,NA,0.262738613225765,1.12006493318265,11.4349548722019,0.074508490465954,0.0649708559371979,0.0287623491264661,100
"sps","R14","maaslin3","combined",0.1,0.0176962023075411,0.205388888888889,0.0342374990535306,0.149336472285076,0.046809439447105,0.101394423152425,NA,NA,NA,NA,5.93803,33.61,218.72,0.74,0.58,0.16,0.0272165526975909,0.00275139309622086,0.0314440711569615,0.00410266892960307,0.00704634329665306,0.00243191025394857,0.00512678715774822,NA,NA,NA,NA,0.262738613225765,1.11915326939791,11.4372957176657,0.104078447491895,0.0912096043144137,0.041971611377408,100
"sps","R14","maaslin3","presence",0.07,NA,0.17,NA,NA,0.0448832732182557,0.0749175095932284,0.0821431853237221,NA,NA,NA,5.93803,0,218.06,0.07,NA,0.07,0.0256432399976243,NA,0.0377525168068637,NA,NA,0.00202894171077394,0.00327768272698652,0.00515829091085728,NA,NA,NA,0.262738613225765,0,11.4354651250512,0.0256432399976243,NA,0.0256432399976243,100
"sps","R14","pursue","abundance",0.115833333333333,0.0177814022305528,0.156607142857143,0.0320531129729687,0.137313574762479,0.0566110580077772,0.0854571078569821,NA,NA,NA,NA,9.29349,33.6,218.67,0.75,0.58,0.17,0.0300554808714694,0.00325860090760699,0.0304192739352194,0.00450665168058878,0.00692004701625912,0.00291094153350732,0.00487673522041185,NA,NA,NA,NA,0.482921670143243,1.12006493318265,11.4349548722019,0.105767994624407,0.0933982458252419,0.0427702341505507,100
"sps","R14","pursue","combined",0.0666666666666667,0.0140627087560948,0.132857142857143,0.0206254723318158,0.131080601237786,0.0435094202431505,0.150257847678675,NA,NA,NA,NA,9.29349,33.61,218.72,0.53,0.44,0.09,0.0242739693751473,0.0032139680397962,0.0309499388535999,0.00347359444521469,0.00672200346775902,0.00235745374910163,0.00599002559240677,NA,NA,NA,NA,0.482921670143243,1.11915326939791,11.4372957176657,0.0979125563289443,0.0902521719708426,0.0320825954263824,100
"sps","R14","pursue","presence",0.03,NA,0.14,NA,NA,0.0327278394934908,0.238368881718429,0.0436313867473227,NA,NA,NA,9.29349,0,217.59,0.03,NA,0.03,0.0171446607997765,NA,0.0348735088019777,NA,NA,0.00173706606573595,0.009471752848236,0.00410708798535028,NA,NA,NA,0.482921670143243,0,11.4587630883596,0.0171446607997765,NA,0.0171446607997765,100
"sps","R14","wilcoxon_tss","single",0.01,0.00446982622947781,0.0183333333333333,0.0066636248983909,0.0926526141517356,0.053498320625446,0.091714176247258,NA,NA,NA,NA,0.150309999999999,33.61,218.72,0.12,0.11,0.01,0.01,0.0016825109954656,0.0115797629116882,0.00201144603920308,0.0053970609923609,0.00259313155339972,0.00524154642446712,NA,NA,NA,NA,0.00577375978199662,1.11915326939791,11.4372957176657,0.0408989886516436,0.0399368187885502,0.01,100
"sps","R14","zicoseq","single",0.0834871794871795,0.00954604372589798,0.104047619047619,0.0146870064689594,0.0993683147949887,0.056076650351208,0.094074655637341,NA,NA,NA,NA,61.61868,33.61,218.72,0.47,0.25,0.22,0.02650099754572,0.0030498425814191,0.028710689551834,0.00536112922032808,0.0052767181008389,0.00442351299500699,0.00613968688661988,NA,NA,NA,NA,2.70533955817496,1.11915326939791,11.4372957176657,0.15272276328119,0.0715979233376404,0.0980414260000394,100
"sps","R15","adapt","single",0.0366666666666667,0.00336411861608725,0.0566666666666667,0.00401166718222971,0.0806297492866889,0.0516490653460456,0.0841067296167967,NA,NA,NA,NA,0.346340000000002,32.11,216.12,0.15,0.09,0.06,0.0168475037865668,0.00115036756223529,0.0216102606880011,0.00137610465485514,0.00496520827286841,0.0023572357055881,0.00475548257653656,NA,NA,NA,NA,0.00837535128164266,1.13457107100063,11.4211948993655,0.0479372485441102,0.0287623491264661,0.0277797979063414,100
"sps","R15","aldex2","single",0.01,0.00228003119787751,0.02,0.00330830517671469,0.110505661532795,0.00470643442316328,0.320810028166554,NA,NA,NA,NA,7.7976,32.12,216.25,0.08,0.07,0.01,0.01,0.000885992457508363,0.014070529413629,0.00108367705786252,0.00525299647522247,0.00075973898760911,0.00387777554516896,NA,NA,NA,NA,0.422798584948369,1.1332691603935,11.4105778941642,0.0272659924344291,0.0256432399976243,0.01,100
"sps","R15","ancombc2","single",0,0.0013300817539948,0,0.0013300817539948,0.107587986580475,0.492170845306851,0.48357621997283,NA,NA,NA,NA,38.87464,32.12,216.25,0.04,0.04,0,0,0.000681712630038127,0,0.000681712630038127,0.00574800784868851,0.00601338666223407,0.00487093213089167,NA,NA,NA,NA,2.25170525102172,1.1332691603935,11.4105778941642,0.0196946385566932,0.0196946385566932,0,100
"sps","R15","corncob","single",0.545059601288167,0.0792157455914446,0.582296497235736,0.124350828900026,0.121424504504933,0.125741010708867,0.138242057107383,NA,NA,NA,NA,8.45036,32.08,216.09,6.67,2.43,4.24,0.0325874426215233,0.00730805570194485,0.0276723480938937,0.00992013111804859,0.00575645308107964,0.00435677440059577,0.00624387568401741,NA,NA,NA,NA,0.44018995268916,1.1358866069456,11.3987868838856,0.686530583750092,0.228413500635858,0.499923226429051,100
"sps","R15","fastancom","single",0.01,0.00298875047736459,0.01,0.00378975172892905,0.105353095869722,0.0294429262825531,0.134077174198985,NA,NA,NA,NA,0.0332799999999986,32.12,216.25,0.1,0.09,0.01,0.01,0.0010197020324209,0.01,0.00117481506774138,0.00585327706940938,0.00242195400615815,0.0075432362109271,NA,NA,NA,NA,0.000405537428680196,1.1332691603935,11.4105778941642,0.0301511344577764,0.0287623491264661,0.01,100
"sps","R15","ldm","single",0.0525,0.00575610379219932,0.0775,0.00846656365397497,0.11101968206404,0.0504287860254087,0.0800320935700089,NA,NA,NA,NA,7.64591,32.12,216.25,0.22,0.14,0.08,0.0214072464838475,0.00200253914400826,0.024654031480428,0.00232896176267742,0.00613210075317935,0.00229989638896876,0.00435907323827122,NA,NA,NA,NA,0.679213270250102,1.1332691603935,11.4105778941642,0.0612661028100805,0.042687494916219,0.03673547263198,100
"sps","R15","limma_logtss","single",0.017468671679198,0.0102121627295923,0.0492437017411956,0.01886628521598,0.112170867056546,0.0594354449056466,0.240935639693253,NA,NA,NA,NA,0.0366700000000001,32.12,216.25,1.83,0.36,1.47,0.0122977370404258,0.00543046813672207,0.0199899675742846,0.00785463377627858,0.00652697552132743,0.0106982508191932,0.0123007049871218,NA,NA,NA,NA,0.000265168138007181,1.1332691603935,11.4105778941642,1.53149131782249,0.241426735650526,1.2921249431409,100
"sps","R15","linda","single",0.025,0.00583356078603218,0.0633333333333333,0.0102800557983024,0.100663611464155,0.0542780542381308,0.0835932313381303,NA,NA,NA,NA,0.156640000000001,31.94,215.71,0.2,0.171717171717172,0.03,0.0148647097502641,0.00139238868691706,0.020757268546966,0.00212882533214553,0.00496108843865576,0.00241789938990782,0.00461383225891882,NA,NA,NA,NA,0.00594840645836681,1.16963432082187,11.5005603289052,0.0426401432711221,0.0380963312624649,0.0171446607997765,100
"sps","R15","lm_logtss","single",0.0183673469387755,0.00847299833398232,0.048004329004329,0.0178230241776086,0.112134795476902,0.0595564912586028,0.242066504618101,NA,NA,NA,NA,0.0374599999999999,32.12,216.25,1.57,0.33,1.24,0.0129739015594728,0.0053004252479343,0.0195321686638582,0.00771788012595366,0.00653187093902613,0.010891781297591,0.0123181434786591,NA,NA,NA,NA,0.000334065861769784,1.1332691603935,11.4105778941642,1.46929894641608,0.240813016863518,1.22993963882441,100
"sps","R15","locom","single",0.015,0.0045321864443718,0.0316666666666667,0.00526108670012627,0.1121175655039,0.0521776524934541,0.0810929141906127,NA,NA,NA,NA,172.12693,32.12,216.25,0.13,0.11,0.02,0.0111350751676807,0.0013705413188646,0.0161875580937039,0.00157050767685664,0.00578814774581243,0.00208607993038763,0.00462445909865002,NA,NA,NA,NA,10.4087934177883,1.1332691603935,11.4105778941642,0.0366666666666667,0.031446603773522,0.014070529413629,100
"sps","R15","locom2","single",0.166666666666667,0.00497246382105935,0.192333333333333,0.00690281602248992,0.105907684411379,0.0426412240618535,0.0929902000845136,NA,NA,NA,NA,24.50097,32.12,216.25,0.4,0.14,0.26,0.0364687034313852,0.00160451590346271,0.0371391504791978,0.00181649459434562,0.00639039167922807,0.0021946382882059,0.00449739596069813,NA,NA,NA,NA,1.67216427346887,1.1332691603935,11.4105778941642,0.0752101433090355,0.0402517331328978,0.062957417066112,100
"sps","R15","logistic_presence","single",0,0.00692056517913704,0.0766666666666667,0.00949957117673693,0.0796560302149277,0.0626877219086036,0.13390174829625,NA,NA,NA,NA,0.24407,32.05,214.99,0.19,0.19,0,0,0.00165736500663553,0.0253394463650559,0.00181912702367177,0.00436445618433358,0.00259538930168779,0.00353832742970134,NA,NA,NA,NA,0.0112505196737436,1.14056294801464,11.4150219562919,0.0442559132612339,0.0442559132612339,0,100
"sps","R15","maaslin3","abundance",0.0573333333333333,0.0110237505785497,0.148666666666667,0.0208927644453499,0.131092554873307,0.043880276879925,0.0777929825600552,NA,NA,NA,NA,5.82492,32.1,216.23,0.43,0.33,0.1,0.021183183725004,0.00223313939478785,0.0311909869280267,0.00294243338548822,0.00648145110487382,0.002200208303837,0.00410713180743599,NA,NA,NA,NA,0.258056713945058,1.13578166916005,11.4128215599647,0.0843932593411477,0.0667499479816693,0.0362371537669739,100
"sps","R15","maaslin3","combined",0.0826666666666667,0.0151729404710468,0.17125,0.0310836660422073,0.13914492566693,0.0465417685867361,0.0981440017815682,NA,NA,NA,NA,5.82492,32.12,216.25,0.58,0.43,0.15,0.0240765707071126,0.00272887267774814,0.0313127876528877,0.00384337038669733,0.00630801412768612,0.00230935094291034,0.00379201300703987,NA,NA,NA,NA,0.258056713945058,1.1332691603935,11.4105778941642,0.0986576572463249,0.0755518418576332,0.0411329453348431,100
"sps","R15","maaslin3","presence",0.07,NA,0.21,NA,NA,0.0448656691297022,0.0753453692548138,0.0767656138694561,NA,NA,NA,5.82492,0,215.55,0.07,NA,0.07,0.0256432399976243,NA,0.0409360180740332,NA,NA,0.0018516954649709,0.00363206047209624,0.004545833813399,NA,NA,NA,0.258056713945058,0,11.3957406095613,0.0256432399976243,NA,0.0256432399976243,100
"sps","R15","pursue","abundance",0.0633333333333333,0.0211224990254252,0.0983333333333333,0.0266065944486776,0.136270843527484,0.0508032007739254,0.0752926175821245,NA,NA,NA,NA,9.15449,32.1,216.23,0.64,0.53,0.11,0.021422477889417,0.00409238248336799,0.0267060945893533,0.00445594932557307,0.00738235275789947,0.00235990565682769,0.00402376850867114,NA,NA,NA,NA,0.476118013444422,1.13578166916005,11.4128215599647,0.104948279710253,0.088140154689488,0.034509550720186,100
"sps","R15","pursue","combined",0.0483333333333333,0.0142270368727704,0.11,0.0217992603371113,0.121133063980676,0.0433284608317165,0.148346853106644,NA,NA,NA,NA,9.15449,32.12,216.25,0.43,0.36,0.07,0.0191419471688264,0.0028279381780229,0.0278504100923489,0.00411790553128894,0.00617963368118168,0.00249378372806324,0.00587546043908233,NA,NA,NA,NA,0.476118013444422,1.1332691603935,11.4105778941642,0.0728288432150368,0.0643852043986392,0.0256432399976243,100
"sps","R15","pursue","presence",0.06,NA,0.07,NA,NA,0.0359775679028163,0.234433593838522,0.0477241425159921,NA,NA,NA,9.15449,0,214.99,0.07,NA,0.07,0.0238683256575942,NA,0.0256432399976243,NA,NA,0.00190462480781075,0.00970859898180538,0.00422048674453164,NA,NA,NA,0.476118013444422,0,11.4150219562919,0.0293188669562103,NA,0.0293188669562103,100
"sps","R15","wilcoxon_tss","single",0,0.00424429718347451,0.0407142857142857,0.0066358768650663,0.0843352680530118,0.0535210576338536,0.0876762987529658,NA,NA,NA,NA,0.14957,32.12,216.25,0.12,0.12,0,0,0.00124579361143078,0.0185612970477059,0.00188919536747459,0.00543792851323888,0.00250393845840416,0.00474079193591001,NA,NA,NA,NA,0.00592899492393781,1.1332691603935,11.4105778941642,0.032659863237109,0.0326598632371091,0,100
"sps","R15","zicoseq","single",0.0266666666666667,0.00760974645984417,0.0870555555555556,0.0136093371595003,0.0974846780424441,0.0594508394195178,0.0973563956956573,NA,NA,NA,NA,60.68383,31.94,215.71,0.24,0.181818181818182,0.06,0.0147405546238018,0.00240240615292367,0.025283904241483,0.00342153158989748,0.00429103046626254,0.00471043344404292,0.00683493917639017,NA,NA,NA,NA,2.59164776553782,1.16963432082187,11.5005603289052,0.0668482375884875,0.0524863881081478,0.034289321599553,100
